subject_id,recording_number,epoch_index_original,drug,bp_delta_AF3,bp_delta_F7,bp_delta_F8,bp_delta_Fp1,bp_delta_Fp2,bp_delta_Fpz,bp_delta_O1,bp_delta_O2,bp_delta_P7,bp_delta_P8,bp_delta_T7,bp_delta_T8,bp_theta_AF3,bp_theta_F7,bp_theta_F8,bp_theta_Fp1,bp_theta_Fp2,bp_theta_Fpz,bp_theta_O1,bp_theta_O2,bp_theta_P7,bp_theta_P8,bp_theta_T7,bp_theta_T8,bp_alpha_AF3,bp_alpha_F7,bp_alpha_F8,bp_alpha_Fp1,bp_alpha_Fp2,bp_alpha_Fpz,bp_alpha_O1,bp_alpha_O2,bp_alpha_P7,bp_alpha_P8,bp_alpha_T7,bp_alpha_T8,bp_beta_AF3,bp_beta_F7,bp_beta_F8,bp_beta_Fp1,bp_beta_Fp2,bp_beta_Fpz,bp_beta_O1,bp_beta_O2,bp_beta_P7,bp_beta_P8,bp_beta_T7,bp_beta_T8
210,3,0,awake,-26.150774916737756,-26.41109205776684,-26.37846265618148,-25.983647303943673,-26.33116845574537,-26.276831510793844,-25.5820739356536,-25.087534022262016,-26.076022837501483,-25.34878220638137,-26.645023902487058,-26.718708206483328,-26.392163459945955,-26.127800487315387,-26.60232805275875,-26.220139216740385,-26.426152513835824,-26.346532356542763,-25.656750720407718,-25.40849495741529,-26.01790436083268,-25.442424606242707,-26.284727972877654,-26.777134451382693,-25.150579601536784,-25.261405035306307,-25.71509489977886,-25.097213154262384,-25.212821755553293,-25.15680883714527,-24.698335593162863,-23.897595854897933,-25.20265561830058,-24.0053389904137,-25.789847879711484,-26.563586191249104,-28.78238745133547,-28.66495763187735,-28.89046178381351,-28.707395392850092,-28.85954109127619,-28.844899575197733,-27.6031862334528,-27.506469169327183,-28.327579735028323,-28.061760897830947,-28.337231588969967,-27.244931968489144
210,3,1,awake,-26.155429367594085,-26.280339835106314,-26.212991295806,-26.166873621457338,-26.177184356455143,-26.18239698192776,-25.382987443892606,-25.180589956745532,-25.769082671693155,-25.239141914548807,-26.670080723811754,-26.966993797309325,-25.285464194082294,-25.449258814746493,-25.82850997905312,-25.200774338598077,-25.274540564847253,-25.16277846256835,-24.599908561558497,-24.364708130972453,-24.45218676697965,-24.168311599943276,-25.459054686526024,-26.35395943527002,-25.219391237223864,-25.493709876144596,-25.7112061393505,-25.219860012842183,-25.231799768249967,-25.213967777716125,-24.070886423859353,-23.730377890488178,-24.81750101981591,-24.010751285303936,-26.263301303301585,-26.523207148002367,-28.551789934356357,-28.82952428372529,-28.668793896203983,-28.566190425109177,-28.48889457456674,-28.497933643920447,-27.170597703962173,-27.17868102212901,-28.071047530476935,-27.731736560325466,-28.82843482226407,-27.558417904914858
210,3,2,awake,-26.381096475251454,-26.43009959286141,-26.399765146288207,-26.028501528889244,-26.177426812432767,-26.4249194341092,-26.010287166984522,-25.84085988143733,-26.466499632095164,-25.976647574790636,-26.702079487400557,-26.650625563284933,-26.10655549890182,-26.209660129263124,-26.428037650525745,-26.091832733085905,-26.115410545755935,-26.070226318387306,-25.1143075753821,-25.18084209201306,-25.18777911001453,-25.276401676017006,-26.353396434087216,-26.76314658459689,-25.167806452299136,-25.188390588313954,-25.460086531570884,-25.033955920937327,-25.07945398782115,-25.047377261661502,-24.501014195808025,-23.961398274791193,-25.29315829743513,-24.126403214440344,-25.753874043324885,-26.366604139633708,-29.10268265750555,-29.103723523335987,-28.73474251769673,-29.004064460861983,-28.81572722928652,-28.976075914377272,-27.400820923563714,-27.65346159545604,-27.945465695181973,-28.026394034652654,-28.991228312849582,-27.886852616017126
210,3,3,awake,-26.36241667554682,-26.749048874255216,-26.38783738123464,-26.39608409065653,-26.111095795579047,-26.475530804520837,-25.49681117768976,-25.178531852145408,-26.464644274504238,-25.43883504181103,-26.94468428037501,-26.730003232901492,-25.674637642074583,-26.08015135770278,-25.806391563994353,-25.66911519340627,-25.57628899625525,-25.604265598606663,-24.581613834327893,-24.924452463089857,-24.716049171380757,-25.066698513619382,-26.941750542942074,-26.278848324598986,-25.409646901409833,-25.60093569938889,-25.823491200023813,-25.370251646338613,-25.45377436412091,-25.3898069752794,-24.78836069751705,-24.468102975309254,-25.300678317613386,-24.71604159033637,-26.24993268173336,-27.100286211527205,-29.069096911932938,-29.282951822828508,-28.88418810361005,-28.999710306012638,-28.767997328902165,-28.86881970615954,-27.632154694369042,-27.741100151595074,-27.88387119154989,-28.22684765817388,-29.122803408488164,-27.793761581488226
210,3,4,awake,-26.482680664629434,-26.017540622576092,-26.004740065811948,-26.420888079586717,-26.13542922549497,-26.281335357447855,-25.971703771435877,-25.914066575821103,-26.72337493827408,-25.798445170914,-26.314398776716324,-26.279734177467336,-25.56131161836642,-25.876892756363834,-26.01254581070997,-25.475762236847846,-25.484756464254485,-25.40577417600395,-25.269666603207195,-25.73898778590815,-25.08835647533319,-25.456031354082903,-26.202659812624056,-26.580156847417854,-25.737456662662204,-25.622832862151583,-25.72567205821946,-25.60372301600203,-25.64689995509248,-25.63370289944863,-25.043573467136078,-24.702373745564763,-25.559380877976984,-24.95833858961855,-26.268772987540757,-26.107607001936007,-28.77528637104324,-28.829924065381164,-28.71930990717317,-28.769816640731776,-28.694172070246186,-28.755221425055538,-27.770725697995903,-27.876386193764535,-27.812323180981316,-27.832792408193736,-28.494801835737682,-27.686019255905652
210,3,5,awake,-26.738227452019434,-27.441618770843824,-26.744889668634325,-26.787405425404206,-26.349695345118217,-26.23813685072348,-26.153114819092117,-26.69540337819744,-26.80547471240706,-27.150728816205913,-27.48899167619507,-27.345195343357837,-26.006389565303014,-26.361457149405787,-26.347453763622735,-25.95225568443146,-25.926166069420102,-25.91205855675016,-25.155598724780386,-25.54414851879847,-25.497126694980235,-25.740771303610465,-27.02847945417622,-26.871054158960774,-26.456359207404084,-26.551201274307587,-26.344699303987447,-26.281088236121427,-26.192290739325944,-26.203657333837302,-25.253674420067426,-25.752698812495474,-25.4518865992142,-25.98836970597798,-26.991205961184285,-26.372522480582177,-29.072418013069072,-29.183520025579906,-29.31829969450497,-29.037680323237947,-29.058732855148456,-29.092419384413322,-28.027520636537627,-28.547825797301726,-28.281098499099148,-28.629403958156495,-29.467781503154146,-27.955209654094578
210,3,6,awake,-26.046372600591877,-25.88205334657356,-25.798044704353266,-26.047336465159514,-26.043120063713598,-25.935151804854232,-26.054258203270702,-25.691126362548417,-26.782641418642747,-26.28910844430322,-26.802242652802537,-26.79824252145005,-26.400548874785102,-26.598940257222036,-26.739425082561773,-26.11121943415408,-26.233579648098036,-26.111317918025104,-25.81474314232838,-25.497625713748615,-26.2070388229156,-25.84907794863822,-27.056444249948527,-26.85507980832258,-25.367103519814478,-25.498393193992655,-25.90260921507314,-25.339971337021215,-25.4441614611819,-25.38272884390335,-24.494823045897522,-23.84143169910185,-25.227435508938907,-24.128522870198516,-26.23668974481251,-27.188703499033394,-28.60853668346645,-28.58750133524304,-28.474293939635142,-28.512177818778714,-28.56614903812596,-28.561878446370912,-27.47939055134785,-27.816163950508486,-28.11598664391684,-28.009977459171175,-28.568765613022858,-27.58919002378103
210,3,7,awake,-26.736710948649947,-26.778023090700145,-27.162155641552513,-26.255285916957792,-26.772567406944262,-26.66292038939488,-26.504759223616333,-25.80161971836655,-26.974440649989642,-26.426986991590237,-27.10259387738861,-26.99472854259496,-27.054899922514927,-26.780160455916988,-26.73482888019837,-26.818737411893245,-26.75814927998284,-26.801658987122547,-25.75926774815304,-26.101693359066775,-25.91865583524217,-26.658451939696413,-26.703349895815354,-27.182021393162636,-25.412089374949463,-25.57252237212346,-25.28193115619051,-25.372267523469507,-25.293953025423725,-25.31738187325147,-24.30238524609032,-24.098955099523124,-25.418912293842602,-24.625988535746128,-26.4587825045064,-25.906483925556376,-29.090777046520135,-29.04346471836787,-29.13206425197733,-28.925950130929262,-28.90474154272827,-28.973924272058742,-28.00060090346224,-27.907568505315286,-28.692629596863604,-28.148600325462326,-29.313891841565958,-28.016967510789783
210,3,8,awake,-26.788369706074242,-26.627446841754217,-26.152902281431178,-26.243576326718884,-26.43829562405194,-26.56630260516458,-26.0004366306082,-26.097301885464322,-26.50858541291242,-26.62700828174809,-27.06953217223013,-26.842929001983745,-26.834152300935532,-27.00042559088042,-26.829063961942868,-26.78827959495108,-26.60052806212499,-26.649950345517563,-25.326631605059383,-25.55863020269682,-25.868376768523238,-25.963889318019476,-27.077376618565232,-27.11367836392155,-24.838409943866754,-24.903281146720158,-25.50356878632163,-24.81999254589574,-25.026783321654698,-24.912454088060333,-24.58213601095317,-23.544347494066454,-24.968851002655942,-23.56768025798146,-25.368785254456878,-26.42084823889061,-29.097346185085875,-28.87391370304706,-28.992591984346998,-28.82500090560678,-28.78073097279114,-28.884924746075196,-27.648560947376264,-27.70416496610159,-28.258437174230572,-28.128484501466385,-29.159812387821184,-28.063028413530258
210,3,9,awake,-26.558390041790982,-26.633780829129417,-26.94231569438298,-26.203185577752333,-26.362126463475278,-26.16210510978423,-26.094638581114364,-26.4535491406909,-26.618763750428908,-26.989355207623284,-27.03313496629462,-27.05947354290885,-26.401127822630173,-26.591779723514282,-26.606447239409093,-26.367847102056363,-26.28109184776463,-26.204141759731424,-25.60230197687951,-25.76480633451314,-25.823216873128704,-26.00338170208364,-26.92283385872915,-26.965449019550736,-25.403539466772852,-25.495248751002265,-25.48856349758153,-25.32878829939071,-25.325752785249893,-25.288110948933962,-25.069718277840742,-24.19137211941159,-25.70200007287284,-24.28993755655845,-26.07508074070818,-25.865317633774875,-28.52951044118579,-28.77522025850958,-28.789611213724683,-28.472913911678265,-28.619570903354205,-28.600909982712775,-27.62063513027576,-27.799572243518305,-28.329849289601732,-28.130337033337806,-29.21736210882476,-28.216664560064597
210,3,10,awake,-26.372926886569932,-26.819155414219388,-26.432581780750176,-26.486756271065406,-26.313549416738606,-26.160973828239015,-26.146886291229972,-25.57922629288793,-26.721448102908127,-26.336075815348433,-27.305328841772347,-27.17043462044435,-26.143896171065954,-26.394305611093788,-26.509127020027986,-26.098627355978238,-26.108956828099124,-26.07158666357065,-25.307110153687443,-25.16152097740684,-25.543738775475205,-25.27393118012532,-26.700810054936973,-27.29618261559799,-24.864912767909235,-25.42566789532592,-25.565990867935426,-24.957331672298118,-24.938291807482567,-24.88607927221492,-24.176759073500275,-23.89148519506184,-24.732863166120826,-23.904322091484598,-26.881875322835736,-26.417823734619287,-28.695474525210013,-28.772205586511557,-29.08793674589458,-28.70604844623589,-28.722050947257987,-28.73472273230541,-27.382544116414035,-27.76605459189951,-27.8160269173333,-27.823622452686145,-28.82485106896455,-27.717357550442337
210,3,11,awake,-25.655461017582326,-26.3838506821992,-26.352912880916417,-25.619558625245975,-25.700856233805517,-25.568181807990886,-25.970129597558095,-25.581094126522977,-26.252314023222297,-25.780838673442467,-26.48215154133318,-26.281144641542433,-24.39373289085333,-25.24131125542303,-25.69501261503921,-24.60996996759099,-25.02891127771366,-24.57788151029756,-24.80459163780105,-24.92484381880645,-25.68370259553551,-25.264179409179675,-26.263036896813084,-25.91823468823614,-24.935619968343655,-25.481187644325768,-25.24738031399022,-24.96730152271091,-24.920182163564885,-24.899034425733312,-24.34523168324565,-24.245389085102982,-24.714699550731428,-24.562875727904093,-26.14031418274193,-25.97498311667697,-27.863693713975657,-28.013112014537057,-28.31032793549588,-28.034517449895013,-28.26310549956958,-28.138137107020356,-27.374249717871574,-27.494219203775238,-27.76298072446994,-27.86450618970006,-28.350530390054367,-27.23336655292563
210,3,12,awake,-26.62515255228274,-26.86805628444996,-26.8848038056142,-26.56615636474626,-26.784063171155037,-26.503531963844626,-26.41191823264491,-26.57501719170639,-26.093141643441715,-26.472959879949325,-26.13055961605092,-27.115196850797048,-26.417062393903343,-26.23397503580946,-26.285302413437464,-26.192671506834856,-26.232140201234504,-26.248831861764785,-26.000670624821588,-26.343119830006867,-26.75493287604142,-26.309284952903862,-26.540704737249317,-26.623254964318956,-24.94648899186857,-25.12937302993901,-25.39256898436438,-24.92087600125555,-24.9852360557059,-24.94027981670935,-24.370690197135428,-23.668804222823443,-25.51703043061347,-23.975659995645504,-25.803212696453752,-26.800587866621978,-28.5711414004118,-28.573126883278913,-28.833330592743284,-28.54936373937685,-28.712552942640773,-28.69526883917567,-27.705490287772697,-27.44072180203992,-28.438182416337206,-27.76523721288839,-29.08181616759877,-27.97936589530159
210,3,13,awake,-26.98932178447976,-26.886800867008414,-26.85761783372195,-26.5812358641554,-26.708730137494936,-26.67011364875782,-26.27277640013076,-25.891475444615292,-26.504512915318973,-26.57379837130774,-26.76794955226751,-27.40503402509385,-25.60004519746234,-26.126613386862584,-26.111308398336735,-25.600463777022835,-25.61064625741403,-25.566153550178488,-24.739821386875917,-24.99906202105212,-24.95941400654268,-25.184845552876276,-27.04180998162913,-27.109999976991947,-25.1445057149215,-25.23907210933077,-25.43117764811356,-25.092706871448957,-25.11966014385027,-25.08396218774404,-24.350731909441876,-23.99305275691182,-25.275048060629253,-24.24653562477689,-25.784488049619668,-26.361001734794577,-28.769954830687862,-29.002404083261215,-28.964332947536473,-28.75668325955658,-28.901306772184412,-28.9025335555796,-27.373596319021757,-27.480887525658527,-27.946311151883208,-27.95388760175506,-29.078310149184034,-27.52215107855561
210,7,0,ketamine,-26.355345957431776,-26.269399909020994,-26.4717569350925,-25.595392563664557,-26.03561813954911,-25.93163083246994,-26.59134749127287,-26.594200167432454,-27.614650917136004,-27.33020513967715,-27.030105252243096,-27.427749642511454,-27.616716280382388,-28.223948365032562,-27.31672494785201,-27.574133232231897,-27.45754706953275,-27.413336305980337,-26.83859685767096,-27.082332495137052,-27.526429239335776,-27.5006481246342,-28.1028656989251,-27.537456868480277,-26.412377002421753,-26.535558982175974,-26.64189624990161,-26.120866733274124,-26.189001231169687,-26.148926354518192,-25.44207516833962,-24.375902787085234,-25.987490776328727,-24.926674974506387,-26.67592972599165,-26.732224210440094,-29.283810848398424,-29.320185274534275,-29.315952065418674,-28.88782288444092,-29.02047479709185,-29.073098703232645,-28.499381674968642,-28.62896744187464,-28.712460276285633,-28.928689026747023,-28.212488930554326,-27.605559419044887
210,7,1,ketamine,-26.232233685683976,-26.838810827482664,-26.225909174379783,-25.721527691551533,-25.76037963636494,-25.9914491370629,-26.66540985696827,-26.406660670319276,-27.06467700485949,-26.834896224969867,-27.766165585507085,-26.887237088325545,-27.336152998950062,-28.14960456342849,-27.981016845041484,-27.342288810134267,-27.251094196409483,-27.14533439693993,-26.895977851006226,-27.353140547502196,-27.628963646785028,-27.960813247707318,-28.545242273191043,-27.9143443192369,-26.45094979772149,-26.445921339165096,-26.84218345076635,-26.1390547813669,-26.193191024959027,-26.13755626055869,-25.72252286210948,-24.89045213729914,-26.040097687733606,-25.188039423207954,-26.661787378181742,-27.38810062205552,-29.475892015517356,-29.39781389437135,-29.50499997589571,-28.93419607908594,-29.00259001010554,-29.07653254214623,-28.54038025550971,-28.604945330295855,-28.917676984927287,-28.880027862245125,-28.5634986521795,-27.64065519214119
210,7,2,ketamine,-26.896277607839128,-26.736367153668606,-26.6285791646109,-25.917085528629975,-25.804976360255516,-26.178723172131107,-27.042107773111894,-27.20558311899327,-27.748757594251746,-27.52324187091907,-27.921484161952996,-27.316195444688724,-27.654280344950983,-28.041170911621702,-27.830516829584916,-27.589068020905863,-27.57263614870442,-27.496958128749714,-27.37706781040423,-27.678898067243086,-27.58792792591638,-27.817741172729864,-27.86515007958439,-27.578654747751447,-27.68218696389409,-27.731856138040012,-27.719681774715866,-27.576276009419896,-27.762413838298063,-27.690325933585964,-27.17841678521729,-25.92928998744198,-28.036333802062703,-26.193378658753446,-27.973184552928938,-27.36768161477855,-29.56060874825396,-29.47715238658783,-29.66023113718784,-29.00411011968622,-29.08139564712992,-29.18017166420662,-29.36140618090622,-29.203713215477503,-29.55902858866022,-29.30374673769366,-28.356558738377615,-27.590957120099826
210,7,3,ketamine,-26.465847274247054,-26.291253607254838,-26.881493411879735,-25.996192567358765,-26.17026007818378,-26.101889232250407,-26.976881702771657,-26.916252603033573,-27.624768054627175,-27.115382294038024,-27.127653896391678,-26.82330043324137,-27.51806564019752,-27.469784117340446,-27.75508563862756,-27.30020495454216,-27.253104492189962,-27.270558061424712,-27.191480296893545,-27.822396480696764,-27.708394888892265,-27.94837528274269,-27.522081382067007,-27.806447932893764,-27.275562819812695,-27.23692646914017,-26.642096170369317,-26.97390850821255,-26.851923624704238,-26.922841555455683,-26.36367440959299,-26.370920184702506,-27.445051958806317,-26.368386644344138,-27.43026522508689,-26.57073914140657,-29.63554409343202,-29.597444241993372,-29.557551741812084,-29.2365926955676,-29.149851409418176,-29.277005703816442,-29.198645907443986,-29.299061655649986,-29.60290661762135,-29.525065973112305,-28.595483981110355,-28.38686817536704
210,7,4,ketamine,-26.53284079304677,-26.78500505367019,-27.034247698418937,-25.750499580346514,-26.036673862014315,-26.054068562080648,-26.68595560207121,-26.70579168047773,-27.32193410643964,-26.953384610838064,-27.400551689870518,-27.23147433097946,-27.848497238557005,-27.846286573966175,-27.323069427622652,-27.250743343183835,-27.21998047823912,-27.176553983236122,-27.666264210869592,-28.038478630490648,-27.860003644856253,-27.929139509789326,-28.00912442341004,-27.562442418268887,-26.626264698092612,-26.51988444475023,-26.265340250476463,-26.551304940174262,-26.555711465101613,-26.572498041520763,-25.571224194794304,-25.132529797922935,-26.69809147867323,-25.868079932395865,-26.923020722722267,-26.3939972301481,-29.479919061375515,-29.478090813831944,-29.475810985898335,-29.086885276753677,-29.036801057945958,-29.243864908217553,-28.667030114387746,-28.876631160425994,-29.29138526742418,-29.383448020367855,-29.585811053183132,-28.43430440899088
210,7,5,ketamine,-26.864070927976577,-26.78974342947308,-25.996875171863525,-26.259470200070286,-25.990176002071266,-26.442664339862027,-26.49678430743446,-27.0357249208084,-27.22867311409031,-27.965538775316908,-27.63831715266446,-27.15700629045326,-27.391753763818492,-27.367637436790343,-27.850001781520316,-27.06865845325767,-27.100872155836804,-27.128513415622557,-27.59305787237403,-27.519433242757763,-27.96121415355149,-27.44054633007227,-27.933976853521376,-27.39610884128481,-27.549362174255425,-27.310297489355875,-26.79917854774258,-27.373355229963913,-27.152423116584142,-27.30637630525288,-25.962705627955252,-26.140633629777312,-26.561224415739645,-26.832777072581433,-27.12363470772261,-26.805083637758592,-29.488317129529612,-29.64408056842079,-29.677242199543755,-29.324025594149006,-29.183634998199334,-29.41384055943189,-29.240673644942383,-29.120130748307467,-29.69279242714107,-29.44541451542126,-29.694056084722902,-28.476976625725516
210,7,6,ketamine,-26.058779961801495,-26.008846653709647,-25.84034221349918,-25.092401343839857,-24.9706086887003,-25.1633392967558,-26.154708754889768,-26.583399777611266,-26.8369132741947,-27.24498783810059,-27.27783471320702,-27.073590195270295,-27.31059757816846,-27.448497119825984,-27.63390349306465,-26.937921982307504,-27.079477850517858,-26.986460387523348,-27.33356700827955,-27.733740190067373,-27.86251207754058,-28.01546071413064,-27.72655131417366,-27.814267666253443,-27.68061477443008,-27.85545517778127,-27.56308945468766,-27.57697237343119,-27.488520283254026,-27.382821274200197,-27.172611842440215,-26.887895692471268,-27.834145997024535,-27.23600761725907,-27.970533428827906,-27.567801450496606,-29.474136086194147,-29.472497031828013,-29.525552743991515,-29.114507332306783,-29.004586126749977,-29.20561478908784,-29.373941091492625,-29.400396449165946,-29.7963710205594,-29.658829022822296,-29.46282957818386,-28.509034405056262
210,7,7,ketamine,-25.407208460862453,-26.836571002367112,-27.143590955324694,-26.2420570231771,-26.452674678821325,-26.369125940030592,-26.766875772754116,-27.128787659794348,-27.51059346429684,-27.260424035800167,-27.605390991834888,-27.39863818790872,-27.37799145780846,-27.68860083966368,-27.77591944855286,-27.422845105579796,-27.7426582805803,-27.598389023141245,-27.985965317598197,-27.412544572270665,-27.950612005721478,-27.48429736375271,-27.7111543232746,-27.695900678138766,-27.247214282438904,-26.90834172918433,-26.976439016262468,-26.930123930902425,-27.130437115069263,-27.078367737028383,-26.098583831813805,-26.526354640820372,-26.282135698902184,-26.305536619232413,-26.65874500006867,-26.57769789635857,-29.297558032457324,-29.823155671241814,-29.751000622733756,-29.270136501153846,-29.238903322569577,-29.317714185269523,-29.228542320758276,-29.290221653121815,-29.521623919191118,-29.566054044399884,-29.55193597210843,-28.947164950671432
210,7,8,ketamine,-26.87796067394356,-26.66988005816619,-26.70581491919363,-25.879201978916043,-26.17411194803,-26.25977942206431,-27.51846390051584,-27.459577608021544,-27.572783083350426,-27.42702842869698,-27.261294117287644,-27.121636625443525,-27.10470326697772,-27.487469697875184,-27.449961336639223,-26.716678166332898,-26.79340015757946,-26.762274661476898,-27.65282102310279,-27.34295819172279,-27.649970636884976,-27.62489491476713,-27.583463913816836,-27.849481583902275,-26.86365344647123,-26.90440954435326,-26.633307073481852,-26.680449875172755,-26.536620800362698,-26.55303657007173,-25.57564235516875,-25.660118003721283,-26.348724940103082,-25.550380987695647,-26.61976312005398,-26.490422582818116,-29.549942490181508,-29.65005203373375,-29.623844383037547,-29.26726669449784,-29.106512557731474,-29.239547470259584,-28.62811939249328,-28.92768171874556,-28.910272052392234,-29.01582837459356,-29.24732053119373,-28.92242776685783
210,7,9,ketamine,-26.523442083671686,-26.479923867534453,-26.442554552476032,-26.09399701218227,-26.09494737311029,-26.08682259319262,-26.930603412306333,-26.957412472448617,-27.194118030972273,-27.21818734921815,-27.005105256451408,-26.722384181712943,-27.245057724098114,-27.144562282384587,-27.6420282323569,-26.871856546512472,-27.108875517523508,-27.024608803247578,-27.318692253933538,-27.463993643172515,-27.445004193212437,-27.47087178371193,-27.62461524735282,-27.94930353918561,-26.510000707692424,-26.59137581953158,-27.325465863664455,-26.42460819870476,-26.68208239434533,-26.55796690327984,-25.990222460088287,-24.479971919639752,-26.89338976257711,-24.35784203459317,-26.88743603832025,-27.04470764942176,-29.536177441422772,-29.32404682312464,-29.643842447205145,-29.22199196215335,-29.322298632384975,-29.33256410052171,-28.829196782719745,-28.687210363764887,-29.28491661969904,-28.684791017478677,-29.246920188715333,-28.4650941098929
210,7,10,ketamine,-26.99447380808736,-27.140311576586512,-27.11365366404833,-26.357671633346612,-26.335336389820895,-26.52031302462047,-27.968676576100385,-27.557573663028172,-28.057466924290022,-27.418851969101233,-27.519379906012546,-27.07230491424466,-27.53034713635041,-28.008049207882863,-28.009656948220236,-27.185888124937488,-27.222062994328986,-27.195840936463192,-27.70951140946825,-27.64347651182009,-27.83678759443208,-27.804164159067454,-28.52865148413226,-28.27923221675231,-28.044580585594854,-28.23873148431016,-28.105435399153986,-27.81523089746844,-27.77543172920364,-27.79104075847685,-27.47361112197166,-27.29528710699428,-27.860477824798863,-27.83147312976477,-28.221503421580778,-28.32641018797955,-29.528988651795576,-29.58254366229306,-29.92660356403349,-29.3277744550229,-29.452556967984805,-29.555782567242208,-29.44489234583949,-29.337866642774177,-29.687663240774118,-29.647778394297575,-29.572269236811564,-28.57059872096858
219,3,0,awake,-27.178137237751894,-26.428185562721453,-27.03848206099677,-26.982304926537832,-27.468524205803604,-27.053613684605747,-27.682942995211796,-27.61015561443137,-27.593402179031205,-27.706031659005248,-27.192728511329438,-27.671379515479703,-28.010276918092917,-28.145645848577534,-28.22431272144258,-28.270663792846342,-28.319317645121195,-28.137730236615514,-28.51915156574814,-28.472729303591297,-28.598800936773742,-28.715873871640753,-28.36419983918453,-28.749639301076957,-27.003552902029863,-26.977052545327414,-27.39439092644572,-27.011145972465524,-27.142001259049774,-27.023233995417886,-26.646409816049864,-25.898187306139636,-27.204840331181753,-26.75478871811446,-27.10909944111455,-27.91621326927147,-28.505316105636567,-28.443679704160758,-28.24253179272507,-28.553674047271127,-28.301710135174392,-28.315585801356736,-28.311394444663904,-28.397650981827027,-28.370737786992912,-28.665389719396472,-26.733763008026663,-28.883597984861666
219,3,1,awake,-27.821417885679345,-27.17556016957414,-27.036268327387525,-27.71025100004849,-27.665894031116366,-27.7506688039436,-28.362303569249406,-28.007117209967777,-28.404128174567045,-27.77295930299475,-27.812080556039554,-27.465777894812057,-27.877122413141585,-27.95089162841229,-28.10963198032669,-27.920336630976124,-27.841880445793073,-27.82640371327032,-27.826403305237502,-28.150582353309474,-28.092445980156405,-28.31761494132693,-28.63218423212593,-28.570011625183056,-26.855984581489096,-27.018235169186976,-26.96441208400861,-26.679926185571937,-26.588247305425387,-26.55902713040576,-26.463780429274482,-26.162732513292163,-27.38664797187816,-26.943276204748464,-27.635374057703732,-27.520827601718505,-28.813437360295556,-28.51869808175336,-28.399864650769974,-28.701257210209725,-28.48506867156943,-28.601013111914607,-28.89043696773341,-28.678144007724825,-29.022791784918095,-28.676355475070427,-27.126646501950216,-29.140092360649273
219,3,2,awake,-27.07156294731529,-27.0601906621841,-26.18139415995373,-26.837025900150984,-26.464250280750424,-26.689841831428495,-28.025448038544972,-27.65179679828113,-28.102996241428425,-28.001140358808865,-28.06683570282228,-27.26939592474468,-28.06628886627699,-28.203747333592904,-27.876768619456254,-28.265120141816134,-27.807505418965516,-27.8331731658683,-28.64139323642866,-27.941503066679186,-29.076627817117558,-28.23352647422396,-28.805623950653082,-28.431219305884056,-26.91430735088289,-27.03073819427282,-27.425004609286116,-26.807293217071862,-26.98922538900835,-26.826958283157307,-26.66048573685808,-25.88834632219529,-27.770817952431894,-26.650582528617807,-27.548595801020554,-28.057175395464625,-28.80556253101279,-28.818744432808927,-28.458787282493223,-28.805722458877916,-28.607826142393716,-28.659343682494292,-28.647474045169528,-28.737110205790163,-28.554974792738886,-28.50428728333766,-27.592407768986536,-29.024242081173256
219,3,3,awake,-27.71240779296239,-27.70576496868927,-26.65721084897095,-27.753038067751504,-26.95849804551261,-27.293680541185285,-27.64215248981936,-27.51876566314498,-27.648992632103493,-27.4028164127092,-27.571040846929705,-27.360342628918563,-28.674457460328664,-28.896023048920632,-28.634332418137372,-28.477837365012974,-28.382997006158337,-28.261050913849935,-28.63380581028071,-28.67635452252633,-28.674170633530483,-28.791343976350483,-29.12076287092225,-29.02767204894011,-27.346425442830594,-27.422022130597593,-27.721784268954995,-27.30796601511608,-27.399026988481644,-27.28130342987357,-27.131793859387855,-26.327418587350085,-28.06857410459077,-27.150371618099914,-28.038965310946082,-27.91009373251734,-28.895934406199945,-28.461912062511963,-28.68759229634118,-28.940463331203222,-28.785238926213488,-28.82039992179084,-29.01192172413215,-28.68985297813433,-29.04405142810566,-28.92235469123705,-27.62897136350384,-29.180033529995242
219,3,4,awake,-27.407957727020847,-26.81526319964277,-25.905234808809297,-27.238487693422186,-26.488259703052268,-27.048955754335744,-27.69272348018765,-27.54061484159351,-27.56092188743008,-27.7272716944952,-27.297310831457807,-26.967053561009877,-28.51840891957173,-28.52012708966105,-27.6648809956024,-28.647004658678213,-27.89522801369788,-28.3336067092745,-28.312777807897355,-28.521882678348685,-28.72300060705596,-28.556379838571903,-28.629520957748266,-28.223304563181703,-27.381358833867786,-27.302952993300273,-27.800786470195302,-27.32539206736506,-27.42692045020849,-27.298780250537085,-27.333336984330636,-26.35723131117756,-28.380521574784044,-27.13931185698112,-28.037704847426166,-28.178807626951706,-28.982375675242757,-28.711447914647813,-28.400454868192988,-28.898097059338443,-28.61312443233351,-28.77577166669638,-28.739321455344772,-28.510797687198615,-28.952341331393743,-28.788231574339633,-27.747635141591125,-29.04221486363812
219,3,5,awake,-27.481791305671596,-27.33974108068215,-26.610645064830415,-27.25650203930242,-27.00015519420257,-27.356143840999554,-27.408932858613863,-27.411656679742737,-27.461927131652846,-27.501191213098416,-27.36541631759568,-27.142240793516905,-28.064647692783282,-27.699621180749,-27.932309667731392,-28.00301187457475,-28.29834214729073,-28.083391200141666,-28.07140706795022,-27.386382187504836,-28.150413919458465,-27.77010935383033,-28.115613125286313,-28.217860976706874,-28.107100708035112,-27.950031285888972,-28.556266421830095,-27.98859582469734,-28.18861220734156,-27.927771083113505,-27.791980917947992,-27.14589743460127,-28.546386237802846,-27.838878297534293,-28.530321081851127,-28.80855654728697,-28.92891602738087,-28.8204694346364,-28.65997588610369,-28.905383060899517,-28.79374031745733,-28.77339795479841,-29.38270781270295,-29.068986029583794,-29.421318096976833,-29.048467310920856,-27.9937258213313,-29.01295745916677
219,3,6,awake,-26.74463250389448,-27.222494309796755,-26.9069520194616,-26.836369459846306,-27.053107857473943,-26.68866913754362,-27.302237732017872,-27.224580661126122,-27.04119657724214,-27.41937790888306,-27.017549184120107,-27.170268225180727,-27.334501232153794,-27.050806029254698,-28.09776648855196,-27.263896210136604,-27.766438903456407,-27.40315334059264,-27.689021589316305,-27.413710234736616,-28.2245020663245,-27.91946318496043,-27.677077791153106,-28.11873775473306,-28.380956227678535,-27.884900151553662,-28.37546315591752,-28.21829846372844,-28.233554115081837,-28.22134055710918,-27.824955683248312,-27.0658346782543,-28.768978957243664,-27.77015446458763,-28.263395204367537,-28.86053609763588,-29.048604854144774,-28.800176307192192,-28.3168640244995,-28.905134625085804,-28.382224346559653,-28.60234848200777,-29.326326829720497,-29.023863589718076,-29.465183273733043,-29.402883461177396,-27.681342024638514,-29.27160863345717
219,3,7,awake,-27.214544774493987,-26.617947475450915,-26.223739319976055,-27.003332222177836,-26.50418732396321,-26.77138879804696,-27.13446633885229,-27.973052903899617,-25.707403480448068,-27.10732458432287,-25.668827579233387,-26.359958574177394,-27.162288933644067,-28.111961532876318,-27.437326354231296,-27.246346044148567,-27.2107932799932,-26.975899417237002,-27.431001841673076,-27.87467697386398,-27.32860003667875,-27.86332470196233,-27.84348725368613,-27.50432065093298,-26.72676355034106,-27.211806755205203,-26.95359302917499,-26.869788185149734,-26.988056679904737,-26.78458429850631,-26.93613764947153,-26.69910843371805,-27.296019823626956,-26.68639893278472,-27.911331206300233,-26.450877445066237,-27.897657974556516,-28.17127931326072,-27.690431922643008,-27.99425624055101,-27.50928556531376,-27.63523698835038,-27.833228181031387,-28.075752300453917,-27.715546603414396,-28.121008252592706,-27.503077518992793,-28.13582165302629
219,3,8,awake,-27.291237030428277,-27.408297428815988,-26.8685091246585,-27.132551232915205,-27.154903514001195,-26.990398187642988,-27.738034221605783,-27.722889714585783,-27.575890539695333,-27.78945794680235,-27.762970278365017,-27.64713222460298,-27.89547330887377,-28.284294302659557,-28.270584468139845,-27.914110518540618,-27.812238483698493,-27.575832066815273,-28.083014221596272,-28.1358179531642,-28.277647395544523,-28.672434466695112,-28.477917148163314,-28.8800158083935,-28.258919807631447,-28.245779205845604,-28.384884546559135,-28.094180091507962,-28.07533384622739,-28.039270370064518,-27.84494822552076,-27.46348826812345,-28.60565600454118,-28.157529788824057,-28.77253205612908,-28.721326138304278,-29.101893084387516,-28.750013278280054,-28.58497006418999,-28.94487047246721,-28.671000058643997,-28.829613645680432,-29.64738708110516,-29.397601694276077,-29.58295259040999,-29.39963977857697,-28.0509625140578,-29.291820435787663
219,3,9,awake,-27.046664294357917,-27.170569990245216,-26.548381267889845,-27.101611700327773,-26.895201729440547,-26.812646463879855,-27.45309427804238,-27.460248301476774,-27.4855070998796,-27.18715877594906,-26.85457238198061,-27.25132560080036,-27.66556436328685,-27.370624679315785,-27.678445952995396,-27.852802956606816,-27.45845931421641,-27.382470579876834,-28.146002977402343,-28.192536669009517,-27.45790478121992,-28.28572902911309,-27.02355367481907,-28.20073038811189,-26.95364438989233,-27.143422424799112,-27.12595243886944,-27.1240424957441,-27.23557765592641,-27.010180273352667,-27.424672504193715,-27.236404848085037,-26.935031702509413,-27.07053419656284,-26.3046128196941,-26.92470682700818,-28.116722039396347,-28.106972605683797,-27.83444842332684,-28.25825816517789,-27.99538361762392,-28.06365479819579,-28.58747006589793,-28.54486345133397,-28.38443165148766,-28.3501824493631,-27.82115417270005,-28.231476490638297
219,3,10,awake,-26.103359555554892,-25.682932395535563,-26.254393017442514,-25.927209565082233,-26.71629718132964,-26.19670550499798,-27.214903240407818,-26.854663890965032,-27.415616727307903,-27.031890401638726,-26.219491295886506,-27.056850007603614,-27.47779954279661,-27.837492014803,-27.75319116211157,-27.417598402219355,-27.277272412176103,-27.112904238653897,-27.39561946110809,-26.86294750068262,-27.839524361154037,-27.403489274825997,-28.120914484043833,-28.035577816199336,-27.070269217604157,-27.098551183968084,-27.162584908340488,-27.24925192974393,-27.198635751393443,-27.176956023233707,-27.034604961231935,-27.17614871961635,-27.108739847646692,-27.267985930967363,-26.88722656800386,-27.37712366013653,-28.29259892610887,-28.33198893985487,-27.82541613416882,-28.221895586937844,-28.04568030644719,-28.125061268944485,-28.540857860424904,-28.67562886226974,-28.412889489010816,-28.48857547173078,-27.87716993512009,-28.37855925413586
219,3,11,awake,-26.456210043661606,-26.56861672927351,-26.423968483426272,-26.44154675514483,-26.751566974530288,-26.40393231485161,-26.967810157762575,-26.68633600908802,-26.96400787334704,-26.761603838639424,-27.134475939512047,-26.654145143540685,-26.91461285794524,-27.507422303493485,-27.49180009097538,-27.01619156471234,-27.04063828436451,-26.771596975552903,-26.700319742005153,-26.15907885727022,-27.38947060315211,-26.974000235646002,-28.004728068221596,-27.348644267372894,-28.813435276612996,-28.231509867338737,-28.677656608215536,-28.81207658926671,-29.06987770212275,-28.87570415545379,-28.767496503084672,-28.182494321649898,-28.939769227965492,-28.82616237450138,-28.603696607444228,-29.25088744734929,-29.244986616412668,-28.878184556737285,-28.581229987068625,-29.236133915610342,-29.0034757248216,-29.134297295839573,-29.755875988892324,-29.360248050513214,-29.73438367754245,-29.469311054931364,-28.146280972713104,-29.258661842037014
219,3,12,awake,-26.69079952417517,-26.489804374640325,-26.031370240224156,-26.740773153998393,-26.637763778234447,-26.843197415534014,-27.04580156225551,-27.27423284045245,-26.472017531840496,-27.286236470858054,-26.54432214958492,-26.834162339083463,-27.13385004818249,-27.4223757816723,-27.55330724288237,-27.10469486426666,-27.044983432416224,-26.885066888384376,-27.413341325857612,-27.557751335338363,-27.06786320620647,-27.91883995694897,-27.121540638865362,-27.942998943117757,-27.02490973934248,-27.243432678658113,-27.60806170812917,-27.153480659538044,-27.317679127176387,-27.10463651002232,-27.008203598619062,-26.50362754087566,-27.1243884235999,-26.606466027689283,-26.587198482348548,-27.29823672513719,-28.06716404182364,-28.3600825850104,-27.74301435811034,-28.13922781252693,-27.811967363577445,-27.85944343116589,-28.394082563903748,-28.387486578438725,-28.17603907661236,-28.427723296301142,-27.949172596819974,-28.400685041937933
219,3,13,awake,-27.165903868235887,-27.15412811178505,-26.56406458716028,-27.112881247609824,-26.515159271486684,-26.668136430883035,-27.023858715945863,-27.01537101264505,-26.90671080447479,-27.126065586504918,-27.16687646681619,-27.088771464336414,-26.76430539006663,-27.98369232841866,-27.5353148892185,-26.902900734324984,-26.803590183755222,-26.54812666345296,-27.536778878781057,-26.870944824580402,-28.00950630938483,-27.21531456616838,-28.232100958345825,-27.62049796064346,-28.49609944610406,-28.098507733268118,-28.03902604821607,-28.283506385687943,-28.09587611912603,-28.264791172759818,-28.637882361883015,-28.182442419571064,-28.69939195609333,-28.345836108015103,-28.223289244579803,-27.93806279221816,-28.1239992647476,-28.429208273066937,-28.33193827526196,-28.304806789963465,-28.136161881325908,-28.1260905504058,-28.59125504275796,-28.460672201362232,-28.545156828604892,-28.536894290217823,-28.484803949984496,-28.756243490483076
219,7,0,ketamine,-27.128060896788558,-26.474905883030715,-26.955376390824792,-26.48431680866504,-26.3914444370575,-26.403974382878836,-27.534105046869133,-27.535503558757885,-27.285623350162794,-27.99804018608692,-27.188255151732484,-27.33606738385894,-27.856961928037673,-27.99104546259196,-28.204094319727755,-27.43213702014161,-27.38960185669806,-27.434305283378066,-28.66772573691058,-28.285208789132632,-28.923466147006565,-28.18869004810174,-28.36344876038698,-28.332488291872412,-27.7608860546706,-27.611160172306707,-28.539991329410128,-27.159065571095333,-27.365487783205612,-27.27216024616176,-27.613777252479213,-27.765050042014476,-27.68264462630584,-28.185346051103974,-27.716444508843157,-28.75558785952066,-28.46547937980651,-28.63276870621671,-29.34837988675085,-27.923305796180657,-28.210473386304376,-28.123476675800863,-28.952554602853446,-28.979816299447393,-28.834306063624652,-29.11530907163995,-28.213713281974304,-29.161347522003155
219,7,1,ketamine,-27.166022190355193,-26.794737860273045,-27.316470208094714,-26.353441477742376,-26.335503042946154,-26.480319089181616,-27.567208374310592,-27.394047710539226,-27.71212281750836,-27.572759345409267,-28.128434192064493,-28.11375268147465,-27.978319517530995,-27.62910324073771,-28.5479567186063,-27.28742876745638,-27.394325969123493,-27.46736655286839,-28.61435143177712,-28.433009006796645,-28.841405011083925,-28.538954188235873,-28.599150782920592,-29.03588376143759,-27.92854018253387,-27.99593042505047,-28.507966707684155,-27.567993346171143,-27.640351641300125,-27.585298930017167,-28.65801873729305,-27.885082014773467,-28.75664528156699,-27.966085028926003,-28.426091188093036,-28.137101125588632,-28.434464013576946,-29.005935530868342,-29.15500754754174,-27.906711994229084,-27.972961678614148,-28.002567825863675,-28.746468332647797,-28.877496605533086,-28.631229412783984,-29.142887530622527,-28.836479994340625,-29.240065594931238
219,7,2,ketamine,-27.0257547799485,-26.70094833719263,-26.94891883065745,-26.110547944537245,-26.07806330978434,-26.229896457189792,-28.027618851612985,-27.583309217274614,-27.964361321746292,-27.523773133965914,-27.925022361210022,-27.223257261222294,-27.95883337702282,-28.00071238383511,-28.771760039776876,-27.51796609945676,-27.765191989446908,-27.666792242310017,-28.748537734301248,-28.357404355497643,-28.981440306095042,-28.212482606528198,-28.888958071878758,-28.801167424438443,-28.409297907973954,-28.29099366770755,-28.455592029433394,-27.8413333848739,-27.775650778017468,-27.829558395025902,-28.300867114247836,-28.09449045100407,-28.72301368381295,-28.325749478932252,-28.845894967642586,-28.722323844926784,-28.636485664576835,-28.54201173600219,-29.245925556390542,-27.897051661957814,-28.14521673098711,-28.13781102056038,-29.008508626608425,-29.139067056494373,-28.749336384349366,-29.115513155459112,-29.015596930703055,-29.18009553921364
219,7,3,ketamine,-27.10898425096502,-27.120850916192563,-27.418028783223274,-26.72152651078564,-26.6036520370645,-26.696883359853935,-27.80774075952334,-27.78835222886418,-27.56630571872475,-28.05111295104675,-27.668165695285715,-28.0554565697479,-27.859668110967416,-28.109799957199588,-28.383311954867334,-27.09544140066306,-27.15138196600787,-27.166329996262302,-29.084787650621543,-28.88635119666638,-28.776613291415572,-28.787877289842235,-28.900809002723985,-28.77622453298977,-27.84478373735027,-28.302408730138783,-28.72847229979366,-27.250026167413825,-27.362731663478982,-27.31369858681305,-28.49197966104489,-28.501071500704885,-28.227472569152898,-28.45904470580826,-28.357261396494213,-28.54031365991857,-28.736712302441465,-29.058062879556843,-29.69999388198252,-28.03484718870639,-28.099896427000644,-28.150829258732276,-28.991692331037598,-28.992876847908473,-29.131944153473086,-29.224249280867177,-29.090051866664822,-29.65321218296029
219,7,4,ketamine,-26.704248558706364,-26.66076188105354,-27.0183252077208,-26.073849941104818,-26.051543051360692,-25.920579446864814,-27.38980513379867,-27.1807806606214,-27.479357274550882,-27.50877215293323,-27.992238026491552,-27.078063964328273,-28.18624265670387,-27.834681723520227,-28.710547875255163,-27.375348809051548,-27.445163009680087,-27.51403358371472,-28.958942014482012,-28.723361512710174,-29.00933714739352,-28.48927547471915,-27.870474861433348,-28.89151020608305,-27.79239217669821,-28.271793511906193,-28.522676553009383,-27.14032747161998,-27.10837709154339,-27.17850657556555,-28.823197680927365,-28.206970703281204,-28.791275778424918,-28.11246392999329,-28.0266733068686,-28.240199385240405,-28.791650560006822,-28.822216928176115,-29.471835290687675,-28.022564974289914,-28.150064482655317,-28.216686087347302,-28.975556091115816,-29.021858388564127,-28.818349576063635,-29.283347960130833,-27.314054897149745,-28.515627315432848
219,7,5,ketamine,-26.653602479342343,-26.666402770771,-27.526617409013504,-26.08808078523664,-26.211285479375178,-26.194944104121593,-27.40244672430042,-27.100113873824686,-27.392720513618226,-27.255066314894272,-27.40701309574707,-27.651562279691273,-27.733243376135793,-27.5667319968481,-28.64515107746481,-27.05835963278407,-27.30017723703429,-27.267813808922767,-28.376703625617978,-28.203542067626717,-28.642984448945434,-28.37267589939516,-28.509878607661935,-28.61030458806315,-27.702848581435067,-27.890422217796164,-28.660572345060157,-27.05284504910981,-27.223611138808884,-27.212925149988468,-28.100837531905174,-27.506100155565175,-28.395296834331308,-28.0086991842862,-28.176785373601763,-28.400198365785556,-28.83344730202208,-28.833536887977605,-29.27954659666591,-28.084088057207943,-28.11907238522888,-28.195354277102,-29.20403301376787,-29.409971937687374,-28.59483382497904,-29.360899274774546,-27.066259154654976,-28.36645819558465
219,7,6,ketamine,-26.18126557553454,-25.998951192133447,-26.59487491268294,-25.487890943969056,-25.38920699725649,-25.453728879553136,-26.983802590065608,-26.798012142279926,-27.271748374215495,-26.986342573551052,-27.67314283174497,-27.05364402427562,-27.904011388808527,-28.1699366150889,-28.855268740225018,-27.29466688216914,-27.450086850569065,-27.452520563107473,-28.63197729272345,-28.51624555147436,-28.972783084834436,-28.624579354305354,-29.39657639591698,-28.948799099417673,-27.634148711119536,-27.56086423373559,-28.86399417708649,-27.191870011859677,-27.454661747537195,-27.328484305939067,-28.14122909947445,-27.847318171143783,-28.054460986391064,-28.397067870186284,-28.011640844486767,-28.473654125736935,-28.83289171008178,-28.81791603967164,-29.29242789715492,-28.101520287881527,-28.217533316210172,-28.27134155771012,-29.16596372980412,-29.083493338007035,-29.032194420317847,-29.03394133441283,-27.996210609651225,-29.258296934996363
219,7,7,ketamine,-27.13623898006117,-27.012316595354413,-27.630275562199202,-26.55922349142827,-26.645705406675212,-26.65133031354292,-27.88151137233822,-27.698553375779497,-27.49972229103048,-27.641425569389597,-27.461598248138607,-27.390055127506937,-28.37530304725143,-28.138733135273196,-28.581085879534438,-27.650686297157574,-27.8325551250887,-27.840916477476508,-28.966914399062638,-28.705344060383126,-29.103589010105082,-28.80091932524934,-28.992218622145916,-28.781630737296705,-28.492347005370753,-28.799622830009632,-28.912536174171482,-27.86842060756769,-27.79738525957826,-27.82192085379348,-28.36422890699673,-28.182202276328123,-28.525719285682417,-28.41930020769262,-29.099185138610732,-28.719671172995387,-28.769561847904754,-28.82601190265833,-29.593345443975625,-28.025230199425796,-28.191821750149796,-28.202895776244578,-29.02188378886001,-28.884643065001104,-29.0409756667454,-29.163604690330995,-28.570512640144816,-29.650263751290478
219,7,8,ketamine,-26.77158680501093,-26.89845334315127,-27.20689106249168,-25.863809973379137,-26.099989846511583,-26.01892602801351,-27.804190463111084,-27.08082482308174,-27.06248401968343,-27.42685157612279,-27.33336170931155,-27.264652637375274,-28.258628067580965,-28.1243742910894,-28.625862247914483,-27.595373930454183,-27.948521673253456,-27.973492172270728,-28.99463233292064,-28.90398859755867,-28.962352119168806,-28.78265862883072,-28.865695044096412,-28.689274972465878,-28.204473856573046,-28.078038166178917,-28.686758861340007,-27.501662943731233,-27.72696465629109,-27.710252367162397,-28.243127557850137,-28.037319109601775,-28.803641645093773,-28.449347113344377,-28.586658428909097,-27.946709404661462,-28.64177373261814,-28.890421575031542,-29.322235927740568,-27.970619080099876,-28.07150147410634,-28.083628341569064,-28.745119364680992,-29.030161641510613,-28.84085566997827,-29.28123350979833,-28.253523043665492,-29.46778643847051
219,7,9,ketamine,-27.046064095572927,-26.89617590977476,-26.667325837412537,-26.42241247689066,-25.9718262862298,-26.345264249960366,-27.463357977951915,-27.465008950090244,-26.90822598198923,-27.476837351514167,-27.108951843352543,-27.300849893998382,-27.990318261925708,-27.989352914768418,-28.86132755587187,-27.437359583290338,-27.573259976545067,-27.534075605045494,-28.793319085340755,-28.30606228709598,-29.12936976832708,-28.122426439627272,-29.0512498608317,-28.55777743810207,-27.96297543987804,-28.197967845957784,-28.794150498487365,-27.546635368059352,-27.718710058209783,-27.619658182243658,-28.210642197282226,-27.753225043471996,-28.644273989167026,-28.48210295496521,-28.933605262789428,-29.072382752615674,-28.83160965874586,-28.893467956062338,-29.609912782352822,-28.12061276321506,-28.302884808571555,-28.2999448758171,-29.14403075489342,-29.2117088667532,-28.937640403275307,-29.311369820425206,-28.237851122304516,-29.704668076529156
219,7,10,ketamine,-26.24705214595301,-26.380215113297208,-27.634095472496767,-25.646330491589552,-25.952535292977295,-25.84124500489117,-27.236595049156215,-26.986309562928287,-27.292166279002785,-27.204188500745726,-27.554546775339528,-27.52163077883812,-28.128396136387224,-27.74696723794839,-28.453713354302433,-27.43455559305793,-27.51759458045372,-27.46421154328656,-28.31997365077525,-28.41027787289816,-28.523641986041802,-28.470157481843117,-28.890257490033036,-28.65605064747689,-27.70113728603873,-27.89778849975679,-28.21849586223095,-27.245005384596404,-27.247534933268913,-27.223918163782848,-28.298399635206312,-27.561299187298967,-28.524964147709042,-28.050170601492432,-28.357668262820624,-28.442249668023134,-28.41940046315214,-28.686874140254435,-29.134421714065066,-27.848971132116525,-28.034119678850775,-27.98576134137107,-28.80476761882182,-28.83117728844282,-28.774525894664933,-29.087547759105455,-28.092854417793827,-29.103078937851414
219,7,11,ketamine,-26.85481075309639,-26.592584817592183,-27.674522842593877,-26.027322716920818,-26.185290015374154,-26.162077067355238,-27.901342744219576,-27.51977856897917,-27.848224721232043,-27.47222606734527,-27.83612174302167,-28.009400415849612,-27.49118848758925,-27.981054278149227,-28.87321079912324,-27.069423982161464,-27.174971902539863,-27.136268179954772,-28.07118377549805,-27.962707553042467,-28.351197063307083,-28.16830230158918,-29.02810685843068,-28.8481926680441,-28.061528718092188,-28.113797626962988,-28.537432251819585,-27.38000330696989,-27.514082353462005,-27.5204872796251,-28.235936166470765,-27.261585086149992,-28.623593911927934,-27.554582852238088,-28.634771616386328,-28.597784973206725,-28.56447698603825,-28.67302549635259,-29.27921675471714,-27.912979528235063,-28.047007065312386,-28.044869661160448,-28.862278869381747,-28.80197620254202,-28.628939837486428,-28.821685198295558,-28.184141201688124,-29.384754537639612
219,7,12,ketamine,-27.175017259609305,-26.70033031327702,-27.40831649909623,-26.49470338995237,-26.674361212538393,-26.682415210929943,-27.64744916239037,-28.015892560702714,-27.234183559297545,-27.91345975975413,-27.431109083904364,-27.662727271319735,-27.664633074909187,-28.008564510790965,-28.264996494862892,-27.285235498976043,-27.66576504102017,-27.555508485253547,-28.454809502407045,-28.109475617962858,-28.69598159231016,-28.043142964841607,-28.79174404601874,-28.206666695133464,-28.110461442897837,-28.098803520807905,-28.653945131440036,-27.526739966406907,-27.638316969926766,-27.623333882798217,-28.1951493551003,-27.84099600303631,-28.45234796318371,-28.626429282491102,-28.614042320226748,-29.03635317039693,-28.963537925617945,-29.062619334945474,-29.234398485062716,-28.364236985478723,-28.38129569128661,-28.45274599545352,-29.13184532340257,-29.079694177798135,-29.13202259971397,-29.22655275653866,-28.377031517946246,-29.240121636150345
219,7,13,ketamine,-26.595427099399046,-26.64742710038555,-27.115127802609575,-25.88268885985291,-25.998044050275514,-26.03473022838015,-27.208654802778177,-27.1504218608267,-27.101480198636363,-27.160218935406068,-27.500545731382427,-27.09288025369966,-28.08598911704162,-28.11033502660745,-28.52489360885604,-27.454523254404155,-27.57083979127527,-27.552527582176257,-28.571823050032982,-28.661157090301053,-28.361439498679417,-28.410537334437077,-28.859866659300124,-28.053112774962344,-27.74717912027489,-27.786120149602798,-28.444621911184104,-27.248697591139784,-27.506780554303205,-27.386850677182984,-28.047505544535067,-27.649320466776153,-28.178331596790755,-27.92744361697709,-28.17937008815754,-27.794210935772615,-28.61202051225491,-28.73464104138391,-29.139402146444265,-27.9408519771345,-28.061122266587258,-28.069570015862077,-28.79784958452433,-29.050817027312505,-28.575341245458393,-29.027324099067307,-28.3374784984593,-28.787900798559313
219,7,14,ketamine,-26.651373243132973,-26.751766528314004,-27.239772853057524,-26.148582648754548,-26.271665421100625,-26.33486885102272,-27.55534944599477,-26.896949291227887,-27.55859453116437,-26.93458314701428,-27.451330705942198,-27.057656483547937,-27.801582662637117,-28.217251606496877,-28.30090352208033,-27.412256452831,-27.4824877505131,-27.392640288113046,-28.288723164285038,-28.32097219025023,-28.158776411093825,-28.179235110383235,-28.77470404723822,-28.009510391011613,-27.344534443262106,-27.675282557121637,-28.341404951315585,-26.77273758857206,-26.888285012237223,-26.829422293131813,-27.533328133393454,-26.81717509200198,-28.080027866166148,-27.528741710294064,-28.4068613628944,-28.342986225673066,-28.39652183740853,-28.59543669342484,-28.98823870868891,-27.753968447329456,-27.831348032798008,-27.85616343019721,-28.42679117696452,-28.24808063143809,-28.633912613672265,-28.557234949831297,-28.917918567741708,-29.008340477501356
219,7,15,ketamine,-27.05915101387454,-26.873690451860202,-27.9322860009054,-26.61813996938639,-26.87188934046882,-26.784130481605235,-28.332773445690187,-27.719620656426113,-28.00539974759569,-27.41068804623135,-27.816259432905134,-27.70319973210443,-27.892366129487243,-28.146137822624922,-28.682306977453052,-27.29081387470925,-27.57253509615105,-27.553440143858417,-28.59276766466251,-28.466547236967404,-28.54070598669464,-28.384459770389036,-28.874065128307706,-28.64549903476522,-28.38711882685539,-28.519442024363524,-29.008614212965114,-27.922209966234067,-27.972738844733996,-27.95274879276235,-28.973767210373786,-28.794776550644656,-28.87280232316907,-28.67902890534935,-29.538503054137248,-28.89065587411,-28.735809949660826,-28.633364696090116,-29.33329556144977,-28.014824278908968,-28.2156013634435,-28.207737230766984,-29.069375023189455,-29.040374493164155,-28.983498140176515,-29.01281163976423,-28.87523197718495,-29.161236371218084
249,3,0,awake,-26.857488471011255,-26.67117874660203,-26.4825248983605,-26.448397146624917,-26.396683525778695,-26.440964476403508,-27.005265889795766,-27.077465442577648,-26.748056173334355,-27.16012021722031,-27.35411327225622,-27.199531606825627,-27.429996034157632,-27.46569895371938,-27.398099988022054,-27.676696622916005,-27.24682764156092,-27.489778923551185,-27.013345823080307,-26.637207122269192,-27.26337151259254,-26.687705784960652,-28.01102133116797,-27.677941145476524,-25.663085160741566,-25.983835324069606,-25.789218584734446,-25.69414137811569,-25.615571112567302,-25.58337098863892,-24.79377533206661,-24.45449799020704,-24.7399438320786,-24.72436678524029,-26.347388194054034,-26.108532328448824,-28.595238685638314,-28.41250915172569,-28.291973717708615,-28.266694258260706,-28.24904151839053,-28.415854727453848,-28.173859955320882,-28.051192514624706,-27.921636534676054,-27.897701870190602,-28.597087377761376,-27.431211710476063
249,3,1,awake,-26.02683061946094,-26.321644928055882,-26.66406198863556,-26.250931235802735,-26.502408035506463,-26.45993023220767,-26.288891607832092,-26.133268439401558,-26.479391174613493,-26.596482461027172,-26.78886778673388,-27.146819219712576,-27.554226010157127,-27.746566875450586,-27.330044035104184,-27.575369853114726,-27.1509895795409,-27.36221333786527,-27.465560533608212,-27.322219408642706,-27.2309507484341,-27.256768336714014,-27.53730955725365,-27.588178699363954,-28.460985637788966,-28.139622081826296,-27.590397355058442,-28.16528624304703,-27.54728845542354,-27.95359369145421,-27.290833744468365,-27.43104791330724,-27.119576957770306,-27.845996385412533,-28.10603295038272,-27.94389418636583,-28.8931122428118,-28.816893907182894,-28.68771235354673,-28.692012764535807,-28.48211317137541,-28.776219429885632,-28.79411013065045,-28.56038133335181,-29.01243646825894,-28.88032445236398,-29.392292575718272,-27.939747925418956
249,3,2,awake,-26.970724581805165,-26.401374886827778,-26.263620718384413,-26.019732138776224,-25.975059548459697,-26.078479364341717,-27.247083114622484,-27.11798439384374,-26.995196828149343,-26.569881514420974,-26.777919790823802,-26.420914789440708,-27.7149885652744,-27.671603774090208,-26.95621841739944,-27.550006493276303,-26.953048426549504,-27.29926753400219,-27.3764942871246,-27.139517953136764,-27.191328415669187,-26.960409716094166,-27.506973530881258,-27.040184855187135,-27.689239141672847,-28.14997632902644,-27.599355177457674,-27.657763690504627,-27.404837768005237,-27.5070122357827,-27.27235587247885,-27.286488805651977,-26.80086180205141,-27.080296955954584,-28.27817833180237,-27.530359124082473,-29.377882868321958,-29.13295529539279,-28.82546634519633,-29.148042332278003,-28.75042577307811,-29.07296492748442,-29.40663829368624,-29.18139271348863,-29.20796093650667,-29.442143137885573,-29.539123625772444,-27.681476852424627
249,3,3,awake,-26.374555879130558,-26.65310291817846,-25.7352520103987,-26.40832794030568,-25.5760682647801,-26.395744494055496,-26.306394135468345,-26.335331455554368,-26.252668985555335,-26.542115747434977,-26.779154545559745,-26.368105485642563,-27.567620145991373,-27.575534429668473,-27.399840345800953,-27.510911288993643,-27.228906047195746,-27.460628060170663,-27.46693426521017,-26.998499056828962,-27.73269313914848,-27.08042463365824,-27.92334146904462,-27.288380814455902,-26.936685519547286,-27.31734736539202,-27.134634630093466,-27.154880789049674,-26.997129652294603,-27.07128455195617,-26.124673029344926,-25.818910738774033,-26.193214066708464,-26.30070782969073,-27.392453974011485,-27.371512883783836,-28.18359469431325,-28.233123502837447,-28.097506223039733,-28.17752693673463,-27.9685824697701,-28.211312816769922,-28.56298797231803,-28.04036682057643,-28.505167215498787,-28.15372461503423,-28.79387659952374,-27.730952735443534
249,3,4,awake,-26.247203846633077,-25.808039004202236,-26.242368362227197,-26.065558364947087,-26.310999651214537,-26.083837768661432,-26.405433349795597,-25.987797026202873,-26.41501563232347,-25.500983716983466,-26.70715602114715,-27.17105786251506,-27.551408492901615,-27.314855836334683,-27.32783356475611,-27.795523835535214,-27.624568771649432,-27.75044185842759,-27.159566226002582,-26.837075396913686,-27.25917536619337,-26.78504017884829,-27.69024048993133,-27.514256802998787,-24.98492545690526,-25.147344556612822,-25.641343002570952,-24.932456407766562,-25.102962813326346,-24.935682782592455,-24.58152396184073,-23.76322449353616,-25.111796117490034,-24.295788391094817,-25.71452546787796,-26.68897794986408,-27.829677695709563,-27.92938158907937,-27.682967693194097,-27.717429474147117,-27.510654807804677,-27.623779005935845,-28.101810210351378,-27.65587426279298,-27.775811781663602,-27.41830379865693,-28.437072483174013,-28.078482155518532
249,3,5,awake,-24.644185613062316,-25.601637839005743,-25.875336405148,-23.7859045330551,-23.987168085405173,-23.883621901900085,-25.367223725858672,-25.226635000169868,-25.86486241044631,-25.791555745118668,-26.717191876175395,-26.004067236337164,-27.55633841408071,-27.705879396129333,-27.27985366490283,-27.40085249800099,-27.150356601706353,-27.218204916697037,-27.402262013446,-27.470869453357167,-27.52687098776103,-27.24212383359503,-28.302302270071213,-27.400800606120107,-27.27250478277985,-27.756029578425885,-27.40136486166443,-27.09859228209029,-26.941628483473128,-26.94562079413266,-26.267546571654687,-26.148794461833248,-26.20703176328039,-26.56411993966156,-27.81608091007036,-27.80108925359653,-28.721734099716652,-28.890502025765663,-28.574355305020635,-28.56517390124904,-28.292961509705684,-28.524503590206955,-28.535879751595182,-28.49824610216034,-28.451668999976313,-28.65351839838877,-29.12063464051579,-28.670794854021693
249,3,6,awake,-27.78765345262515,-26.542148829163914,-26.199946710097187,-27.12220857558985,-26.540675926835032,-27.16299073024368,-28.232895656135394,-27.848859359962685,-27.48692219316424,-27.4028849250443,-27.516479213357304,-26.985625333540746,-28.371094274120832,-27.3914352625672,-27.16574553855166,-27.632677228548648,-27.16320348833951,-27.78240388280442,-28.53291210221802,-28.708110147099173,-28.188134179396016,-28.57868820861492,-27.864771859015953,-27.6396778278662,-26.827873834301638,-27.003516390494827,-27.03666356515071,-26.799486803334688,-26.693562656430995,-26.67113719611683,-25.885573637056847,-25.854855581448376,-26.200928595053533,-26.38815751287598,-27.908253571468954,-27.30039462569917,-28.531636848538138,-28.255205291472123,-28.057754096404093,-28.4703800624058,-28.24333419483591,-28.609859330850664,-28.482431689381166,-28.32213486220658,-27.801541456252476,-27.99194136827539,-28.418994821645082,-27.410558761898592
249,3,7,awake,-27.912113134704768,-26.77595586460826,-26.645692483695175,-27.416277415144545,-26.88936661690943,-27.267871893813563,-27.64055844179775,-27.872597964020784,-27.686216139066968,-28.14036587496441,-27.528130628216868,-27.345484955168992,-28.17625463148003,-26.998361415008954,-27.109231353353444,-27.69218652364439,-27.342663001412046,-27.916091474300057,-27.51739518581769,-27.654686175224896,-27.379263173550108,-27.85309100683541,-27.182501211483665,-27.313074811260794,-26.44660828678504,-26.5751241564796,-26.73138550323917,-26.387837392102796,-26.463198882740105,-26.415993999231045,-25.500081343645903,-24.937725995058205,-26.482795895531115,-25.62326221518512,-27.60042003918851,-27.09461873942503,-28.48983492703886,-28.38967174414619,-28.01925877526058,-28.4450284191633,-28.07435651989004,-28.32247542245819,-28.515309762023712,-28.174213947011797,-28.014334843530282,-27.64716723649432,-28.771172551286377,-27.762989518866007
249,3,8,awake,-27.276081138007907,-26.32607802942375,-26.88255411845513,-27.070664980112145,-27.073735391598984,-27.252098906315354,-27.374036726090072,-27.414658344154827,-27.298046102518295,-27.60303394488091,-27.466504588026876,-27.70699929552829,-27.65112800655174,-27.395871990227253,-27.558772655985162,-27.92118118644875,-27.694520880011062,-28.004097652660036,-27.76873368973673,-27.510830672920218,-27.65022389357119,-27.50365834421456,-27.549313253091086,-27.682877501576275,-26.52051161154725,-26.51341079524638,-26.957359357473393,-26.48810479497778,-26.670139050571088,-26.560558826383545,-25.57700312190355,-25.185418183471985,-26.038351054702577,-25.772016897892446,-27.385031217645505,-27.157127781658406,-28.479227507540994,-28.425937028967674,-28.11972922248813,-28.4355323136733,-28.211741189572198,-28.443782777021493,-28.56013460467382,-28.282379900728756,-28.32598719407777,-28.074261124595495,-28.81402007055319,-27.61078735434043
249,3,9,awake,-27.307041641226615,-26.37884960172215,-26.191460604418346,-27.04591601658536,-26.697381098777885,-27.232625484872354,-27.095383742468613,-27.297284859093356,-27.13520758635126,-27.280220166890025,-26.60773669485969,-27.18894717622402,-27.92250733703145,-27.638549601911507,-26.954792908417108,-27.53241064058379,-27.151031444715606,-27.48448721613809,-27.456708257771112,-27.621677912923644,-27.405362562236363,-27.723989126066964,-27.85955261725783,-27.31809439967155,-25.527887716417602,-25.65774289950919,-25.90577278723066,-25.490257436749868,-25.51690407942672,-25.467266901066218,-24.62942954561192,-24.155033316181704,-25.416055005772034,-24.934227625517536,-26.258769336842366,-26.68906055737207,-28.605714755882914,-28.232372072388188,-28.273005103385607,-28.36479782280539,-28.229257581020004,-28.44680695439423,-27.85061492608797,-27.883104891889623,-27.772236762111298,-27.82587531229657,-28.448055105909663,-27.398921775489878
249,3,10,awake,-27.014395098435475,-26.334552354976655,-26.61674637454276,-26.397162899288944,-26.761795614504248,-26.798305010613426,-27.819179800470184,-27.414299740046093,-27.642247935592867,-26.732986198161495,-27.68331127330886,-27.360598287870612,-26.822871069869695,-26.98338361291407,-27.23125826384754,-27.187877462486654,-27.05829351499829,-27.047771845358785,-27.171466475693506,-27.07275742780857,-26.950442530054254,-26.927727106980498,-27.17576993027056,-27.108274823322592,-25.476807039669524,-25.68404776060828,-25.624792755219904,-25.553714626153212,-25.460195604641786,-25.44371349124199,-24.397611849231904,-24.230289611279517,-25.004612931478565,-24.971460102789973,-26.380719890448983,-26.030460655772504,-28.127405826946315,-28.172849763602528,-27.743481257470545,-27.80797344740302,-27.653124278408185,-27.866487893643235,-27.61121823361271,-27.550099388469118,-27.593736850371656,-27.492230005901718,-28.437756417220687,-27.59912156119871
249,3,11,awake,-26.73570443873574,-26.49641423932972,-26.74677753670919,-26.364789281353488,-25.951570061278645,-26.55537250655158,-27.32478598046453,-27.080221747498033,-27.24779372130791,-26.99757357679315,-27.119901489803937,-26.858699853408257,-27.4079990299806,-27.306851743785703,-27.0186720146836,-27.567824935048,-27.014087500214718,-27.386634219812464,-26.950090845364766,-26.65284809384777,-27.332648818229956,-27.23352855637164,-27.657727189217873,-27.632080626442928,-25.762646037081844,-26.121027569829955,-26.26901901093446,-25.745887964170368,-25.846705904850342,-25.70534252471115,-25.06965747507147,-24.875818788117407,-25.214820494286485,-25.399108600505006,-27.06034482776046,-26.668662952799906,-28.442630042069833,-28.795351049403862,-28.443794392455228,-28.261022355206627,-28.21459748263034,-28.264839838727962,-28.265335389788156,-27.989609757708614,-28.386384277323092,-28.218216196218922,-29.060254918279117,-27.46218044295461
249,3,12,awake,-27.006569149754306,-26.97054442575946,-25.620114732814525,-26.299946260391764,-25.49103731124428,-26.035768000277162,-26.676206722103686,-26.68850347003881,-26.263380948893268,-26.61944221122447,-27.043908469096873,-26.303428135375988,-27.562391445916823,-28.072859248951666,-27.360569474323714,-27.583003069980386,-27.04545907464247,-27.308059941882306,-27.238841824913205,-27.271197200200344,-27.17505484207382,-27.40276370940667,-28.330488156607302,-27.979250228821662,-27.724983916742925,-28.06902067703633,-27.94472902655291,-27.647808632268514,-27.51440166507535,-27.545530410502977,-27.563310002192598,-27.412183445650882,-27.421299247612122,-27.51836952397879,-28.115236995634742,-27.40784981156884,-29.03600584284089,-28.96673489305638,-28.835156143749657,-28.97013660861187,-28.703768379694473,-29.011310023547235,-29.188500261294752,-29.028239038747397,-28.991030027251927,-28.97478025352218,-29.449240575129416,-28.124815290985953
249,3,13,awake,-26.461496183243725,-26.942938805626202,-26.667094124372053,-26.508394798652205,-26.464034443679605,-26.430638282617068,-27.426445796856484,-27.468792433885806,-27.385514699036207,-27.34917299778482,-27.61934104169789,-27.31595615113272,-27.48976203708876,-27.392511546451516,-27.129512006027888,-27.483808072625727,-27.084904200070188,-27.407836125032368,-27.881261810147656,-27.74071317942824,-27.851382273391405,-28.061390560870656,-27.839820267802196,-27.444316591802565,-27.32872933757484,-27.11592138129227,-27.228227437437155,-27.119982189822483,-27.19204268972096,-27.200395476389197,-26.264100557664282,-26.023117705511986,-26.68639688926787,-26.495644672557223,-27.9118711914032,-27.22203748216606,-28.801512579440868,-28.972769742424408,-28.637654596466376,-28.599306103459377,-28.35785629496084,-28.505301837565874,-28.924659141395647,-28.787222373115373,-28.97073998325216,-28.680659111940003,-29.255111278563252,-28.235777802947293
249,3,14,awake,-26.498115555977815,-26.09087217615481,-26.259770621373562,-26.26794963189008,-26.093311383751107,-26.284815778273355,-26.64849396495244,-26.56477754689344,-26.196906603887005,-26.33369421547904,-26.794581254980155,-26.043806519272742,-27.38408987615525,-27.46109035225622,-26.90283725667025,-27.21909237386609,-26.873502726405558,-27.118258325714805,-27.50238483109122,-27.179814598778584,-27.194523356067215,-27.05867199884443,-27.47218357492773,-27.208355444106026,-25.54110676553184,-25.532812775347598,-25.848725123201078,-25.386909144117375,-25.573421267428806,-25.42199977237287,-24.940627619877436,-24.426234422206964,-25.40778997593354,-25.265586396967812,-26.0142653841954,-26.200074456173088,-28.066004704170425,-27.96798521702291,-27.54360698411179,-27.840268506826717,-27.433692646345417,-27.690687256087337,-28.075241434484425,-27.824375687840142,-28.14413848150832,-27.96609325203666,-28.213769337639743,-28.05249865038504
249,7,0,ketamine,-27.40342387658289,-27.311122892574986,-26.893037433366086,-26.86476906656062,-27.102209250794903,-27.042409618659622,-27.961339318183015,-27.58966466910986,-26.78019848271359,-28.181364332125536,-27.712172282596892,-27.436715613893558,-28.11537455140602,-28.20720213433108,-28.23356396066627,-28.187503417670637,-27.940012929430495,-27.880285933865256,-28.230201894428596,-28.208070557851936,-27.68649423524716,-28.236646086707268,-27.919951713556973,-27.99821567043108,-28.781444977678525,-28.50119209134193,-28.6522546956774,-28.704240074159223,-28.51686715339181,-28.617023522428124,-28.42463679140695,-27.9956814091368,-28.626326991528373,-28.335161348194,-28.43549370030471,-27.43653060139492,-28.70328641651905,-29.329759252825262,-29.524787902069434,-28.83404799047602,-29.19762241130323,-29.14399967352422,-29.057672439396686,-28.658058280241654,-28.664958099621668,-28.50610037285059,-28.332092467657958,-27.05548663491338
249,7,1,ketamine,-27.418258470780398,-27.15686678684907,-26.727950891099805,-27.049787440231206,-26.9005313184746,-26.681012186113282,-27.815223094632994,-26.61183085987781,-27.263206052381832,-27.789774526443725,-27.81448772795882,-27.36608792411849,-28.43244948227952,-28.303990703075442,-27.894515318322203,-28.333793756520453,-28.06056274704703,-28.27212027751883,-28.18094781154768,-27.903117483612945,-28.012792965473857,-27.95637037741011,-28.296676924203222,-27.756973929417835,-26.507805780880286,-26.565400940938126,-27.339663513300454,-26.307293046005594,-26.630780366216374,-26.451303174120074,-25.183833448295402,-24.57883839983593,-26.632232751101633,-25.51329593891232,-27.420951899934547,-27.13492345900144,-28.57361877425419,-28.984665202974494,-29.35609561929252,-28.510603574818916,-29.027694700392033,-28.879858154406623,-28.400845956177054,-27.837380418545305,-28.531077619265545,-27.975232434330604,-28.644691381388864,-27.233386413259186
249,7,2,ketamine,-27.577216177490357,-26.856418218094436,-27.176989172897866,-26.71059952175844,-26.822121147924616,-27.25566165383412,-28.058360318151454,-27.741705285812916,-27.86550411374973,-28.28824992304441,-27.84851489360335,-27.755206865160993,-28.50013181488785,-28.474712527314658,-28.002528922968025,-28.19505301730129,-27.888313877272623,-27.962943891755753,-28.316580991256654,-28.630197955829857,-28.04072093916317,-28.700155812045136,-28.548181738193367,-27.890718736849813,-28.36695271290551,-28.340049590400174,-28.457611364532397,-28.298530142289952,-28.13034184254146,-28.19613412457391,-27.44703623289178,-26.212718594065006,-28.340991132810338,-27.28950951803466,-28.51133454822853,-27.95920531199106,-28.830480500746997,-29.284007761756335,-29.586240287785998,-28.829945979642503,-29.18779483165317,-29.319198303645415,-29.28123515659851,-28.96544490711878,-29.045927088819912,-28.93122786957074,-29.5029880035916,-27.85037385738247
249,7,3,ketamine,-26.79611194658481,-26.76482187362095,-26.80845165312871,-26.479664396718412,-26.52236413479975,-26.617232173800723,-27.774637970367554,-27.09877089314521,-26.87309348121023,-26.965895325223176,-27.539938016527337,-27.264317231830375,-28.756436913344448,-28.359362597034863,-28.3274310331349,-28.54628242547491,-28.296163251895955,-28.468234755275716,-28.665969824858717,-27.945133145685595,-28.68443816587457,-28.176054140880105,-28.847741333247452,-28.43379881225434,-27.593951857682754,-27.94386664444994,-27.812532717825874,-27.523887534577124,-27.34328934075058,-27.376051550580055,-26.0669385177786,-25.093270689027616,-27.01034250235744,-26.227667796366365,-28.32890170722874,-28.00385494920082,-28.94875577774505,-29.096238256776346,-29.28848673874261,-28.837361501159325,-29.059816181548516,-29.046448688801018,-28.81164838528168,-28.468677985420072,-28.75540326676186,-28.589970310947372,-29.41024097648688,-27.884646299467114
249,7,4,ketamine,-27.269726081162997,-26.822719969793944,-26.836238633632632,-26.85812828212657,-26.707690517707242,-26.726639224595644,-27.396896797177728,-27.001187786048423,-27.21367588357631,-27.815775039975374,-27.515890448350202,-27.253837151843,-27.96543611002286,-28.216510957914807,-28.158968079773068,-28.079180496663245,-28.199374012611724,-28.07198981085814,-28.161519972561187,-27.69719180008935,-27.815720186745853,-27.95550929231897,-28.20248851537367,-28.356183732861364,-27.695958023469323,-27.822628020888303,-27.92185222059207,-27.65775058056298,-27.57679907757943,-27.621669233586413,-26.09867705566834,-25.622762650203907,-26.683358701575234,-26.306336481301376,-28.215367460522152,-27.247005462139526,-28.91664340406153,-29.284424834240923,-29.456120612626947,-28.60687907955251,-29.12792665476629,-29.127430098625872,-28.642243967941333,-28.165146111178196,-28.505450041340993,-28.283994466886853,-29.516713995783427,-27.79102249480012
249,7,5,ketamine,-27.726199867902356,-27.573118673141117,-27.193429338246823,-27.47657684614098,-27.305997568931424,-27.44666886552973,-27.08564978389954,-27.10121487228448,-26.45946249744759,-27.767067525893182,-27.511543458502352,-27.5098472611494,-28.832852920207237,-28.509478265614682,-28.22009094634849,-28.50158685774574,-28.310836901902217,-28.591257198410048,-28.2194684885613,-28.153130554273137,-27.9128635688247,-28.229291765896743,-28.646174474157537,-27.720225716761874,-27.510188918069364,-27.58549420052961,-27.947308236260298,-27.30363472800738,-27.502314799217835,-27.343711656566807,-26.246760727356104,-26.145981127857127,-27.26839091279369,-27.286690177444914,-28.34088021392881,-27.812645068794012,-28.442010689918124,-28.999604404292935,-28.81002356986076,-28.431057663428476,-28.63831091230229,-28.63656005151385,-28.578589014362603,-28.594859966586398,-28.495489286830367,-28.53804651582836,-28.97690288302329,-27.707506288064053
249,7,6,ketamine,-27.473529526082658,-27.58668655838268,-27.331263551042614,-27.001929481526563,-26.800907254762212,-27.039274674888418,-27.320528658704198,-27.26575389358165,-25.57105872509063,-27.32235580644433,-27.9163371643511,-28.270713450173655,-28.013162950127956,-27.785899859203685,-27.660110278829578,-27.77565286609035,-27.613647300985992,-27.726441261575406,-28.03970197771186,-27.911686133768196,-26.878988784904966,-28.148987913301465,-28.131188864673923,-27.991864253079825,-27.562384804319468,-27.70590756799051,-27.71032375769447,-27.202220871760712,-27.29058875920777,-27.342050797971705,-26.096430842420666,-25.89239167407788,-26.31299388434824,-26.858623767744167,-28.305939635911386,-28.001728402107688,-28.6504923289423,-29.051984172838598,-29.327952058896006,-28.77303386224196,-28.893579464710268,-29.004569674945685,-28.466987048768612,-28.299083548795792,-28.733860654387318,-28.435224746619593,-29.14539185003017,-27.901387988842913
249,7,7,ketamine,-27.74356828646258,-26.921922307966085,-26.688349477684703,-27.301796248155675,-27.01478875733662,-27.326095146632174,-27.799268623674827,-27.385657242163298,-26.690146761639486,-27.564279610983416,-27.37717812812606,-27.50689241218437,-28.18958840045768,-28.202215595375712,-27.9448935028402,-28.127943055304506,-27.977858040424255,-28.120757783387443,-28.194428186870496,-27.927499025553644,-28.203910482205558,-27.81049901675134,-28.296735775357675,-27.411761079457335,-27.347301115832753,-27.41724573061063,-27.672814945016626,-27.308114212477726,-27.55562243209834,-27.486920301963526,-26.562695900857936,-25.29882269184963,-27.863403242073357,-26.119808943245978,-27.961785049386286,-27.307045709311673,-28.813935726471286,-29.13939163917881,-29.199589117262878,-28.939582641034402,-29.1953866755698,-29.20525624656909,-28.691548129535924,-28.4787008757178,-28.77732519510519,-28.47250346737732,-29.00074930256586,-27.676859036576882
249,7,8,ketamine,-27.356199758072897,-26.872058788059746,-26.553070662190446,-26.521613467815552,-26.51902850702411,-26.27181902955418,-27.69475913820927,-27.257418746060363,-26.767402375706908,-28.136472966900453,-27.808734167813675,-26.881958819376564,-28.109269099422665,-28.68925196487563,-28.42182546040277,-28.51691130136288,-28.225250705885287,-28.405257779522714,-27.90727540538795,-28.102225405937798,-27.802716682707175,-28.510862539632235,-28.32942789395561,-28.15225657233665,-27.186736620696347,-27.414401390066974,-27.701078651924558,-27.090328297407073,-27.29490535887902,-27.14907896086147,-26.375071719988533,-25.30627394655911,-27.322173990754475,-26.07851632772989,-28.00159263806924,-27.442689443327712,-28.960411724481403,-29.34930305226114,-29.51508727069386,-28.946478433390713,-29.197071030460062,-29.36167567558092,-28.77179619322001,-29.03513422314876,-28.712652034186444,-28.906762324655794,-29.26352626126273,-27.745398259544867
249,7,9,ketamine,-27.65018105393679,-27.25904513015017,-27.405092658911986,-27.537573101709782,-27.458876100491647,-27.539426283573157,-28.10425733255441,-27.56648604097621,-27.539284729663684,-27.566159177577358,-27.67258122158013,-27.727500765161782,-28.097998033295852,-28.994117297291076,-28.517171126345442,-28.06806173841795,-28.27675084042533,-28.187268069567555,-28.104530229736046,-27.902729817761017,-28.515724726956446,-28.375167677094304,-28.52849714851791,-28.28251869783329,-28.25221922015031,-28.556735060657154,-28.422757575606276,-28.247892496054796,-28.133035003223405,-28.050668949865273,-27.9408288474916,-26.792796820908166,-28.268453939624727,-27.72674627693076,-28.46278143958845,-28.757558828718576,-29.074941986830453,-29.514657409944622,-29.591632341276163,-28.94342010327965,-29.181433651807602,-29.287922716901598,-29.065279209348475,-28.980190584762674,-29.086910481865743,-29.14263617891684,-29.373486802483235,-29.389438172698792
249,7,10,ketamine,-27.834747401731445,-27.102047578020795,-27.470884071835215,-27.489596728791415,-27.320933195587017,-27.783649487806535,-27.56639362046182,-27.35887393772464,-26.75008290431431,-27.6055584308927,-26.73908564829555,-27.720552201947882,-28.301894743565065,-28.318473850942464,-28.260478906547725,-28.416060453546663,-28.506226107258712,-28.82804566913312,-28.27060579892835,-28.134385280794785,-27.63111088690989,-28.050996362087712,-28.00858935228015,-27.995103344838245,-28.719377691804315,-28.42027258299187,-28.64071346901769,-28.53021955634256,-28.64133478408793,-28.77281804657197,-28.027701784505833,-26.712045334533908,-28.368463084982512,-27.222086945759,-27.894769687893554,-28.089277196416223,-28.295843484649932,-28.669688023731663,-28.966102731399513,-28.335203075907746,-28.681975893327838,-28.677712694157464,-28.617171901320603,-28.29529260286128,-28.76376783793435,-28.648331549105315,-28.7610813079189,-28.747577201081494
249,7,11,ketamine,-28.330816876008775,-27.995039901280407,-27.71751240767683,-28.22793972120406,-27.710062624530764,-27.22774625358445,-28.04462005053607,-27.714081118041424,-27.391218185930388,-27.715343012628434,-28.16127820451626,-27.69690812908706,-27.868364172209887,-28.0061285242942,-28.02542484826239,-27.999638725970023,-27.88500356396248,-27.64924651811358,-28.05235372757515,-27.955594306057215,-27.828028507464893,-28.13330013873612,-28.457804909497128,-27.998050233168975,-28.359507566019232,-28.325664047743,-28.485729113370905,-28.209516725211138,-28.14490254218246,-27.98796189220538,-27.056351638908044,-26.944385634208597,-27.883843533800054,-27.579319024779224,-28.50674862534631,-28.21788759706928,-28.57050910497344,-29.21191608884953,-29.492322883878963,-28.61856303280376,-29.056682832510102,-28.952484953856402,-28.650282580531947,-28.50072019059947,-28.815927934588768,-28.532261129075263,-29.075862477778337,-29.325823558734104
249,7,12,ketamine,-27.10551430836295,-26.710625381779305,-26.720748743172148,-26.636346918429954,-26.09923836709157,-26.471042681530058,-27.874643524038294,-27.490360040147905,-27.73370431887485,-27.695784591201935,-27.7392699512552,-27.327230717192734,-28.639320580362163,-28.571990572242882,-28.014533257714163,-28.713288243244413,-27.915826726655933,-28.141624327254267,-28.68411579003939,-28.5680014545267,-28.37051344504019,-28.480804141094332,-28.758141626424724,-28.12209480703113,-27.975488615769233,-28.36094700095452,-28.171358812220717,-28.26055276856744,-28.153925615069245,-28.096952323851795,-27.400589909045397,-26.995432671888477,-27.935610770836483,-27.741945837000422,-28.54909858995206,-28.12850072776748,-28.466668621647845,-28.767003876253586,-28.86171792860465,-28.463955435141244,-28.56709157945233,-28.46970106474407,-28.515513102807315,-28.524609803653185,-28.809866370591966,-28.4403530179275,-28.890786787574925,-28.629277781553323
249,7,13,ketamine,-27.608633106729815,-26.974056720869548,-26.70810414366905,-26.643131600467694,-26.8660857626284,-26.614296608769546,-27.826667819777185,-27.20489379666874,-27.313917049904624,-27.147662383864898,-27.697068773762343,-27.20423782795187,-28.081277172683926,-27.9786526029844,-27.891894005322303,-27.971307511917068,-28.04860388663424,-28.091579517922877,-27.812240035514073,-27.60936976055893,-27.97417090735195,-27.818040051625797,-28.098344111425476,-28.105298837203204,-25.936709082286303,-26.067976023181295,-26.47205849866341,-25.775398720394378,-26.013467839485827,-25.80656512357597,-25.35221309448096,-24.410890013249684,-26.761742208905417,-25.436273892987057,-27.127337666106808,-27.533558427754258,-28.722013415866165,-28.939790218305056,-29.317526783009107,-28.5605807198483,-28.89504977562273,-28.729912807797984,-28.21911598438203,-28.046900975546492,-28.65274195337365,-27.974158772907114,-29.19506013074815,-29.01529699627463
249,7,14,ketamine,-28.196422239431655,-27.61771507747633,-27.31133135448184,-27.112571198595976,-27.035615561546162,-27.07471669812065,-28.43935223394748,-27.6582693698806,-27.344849900705633,-28.195072917216464,-28.41721718729416,-27.690396428352788,-28.304675100296418,-28.24080375498198,-28.18051749860196,-28.107851292942147,-28.1687980135763,-28.06690174107122,-28.037583203692485,-28.127048112002143,-28.048644856712745,-28.358037935478738,-28.263793102116644,-27.992561724192623,-27.441282370970452,-27.595185514201653,-28.024428932853695,-27.486496256681598,-27.55035677243234,-27.390564851810087,-26.4449467497731,-26.26523939249575,-27.195311492490493,-27.227958035813206,-28.236444941624196,-28.412323904194285,-28.61114739114048,-29.257466118228827,-29.53708213708159,-28.75335354067153,-28.992078188872917,-29.022889633084905,-28.38767057766863,-28.405824864801144,-28.86081751727789,-28.73970985219466,-29.628253879154805,-29.20291827162676
249,7,15,ketamine,-26.421199895290012,-26.705340438153897,-27.255855551602085,-26.297324613394018,-26.33049752009867,-26.266658945872425,-27.071211587207667,-27.297310168201726,-27.354205991085355,-27.599122204236956,-27.82465571317573,-27.736529964234904,-28.02568312084236,-28.09940543073753,-28.243189291013465,-28.13357476700586,-27.9263197168147,-27.613248858785965,-27.873297433905023,-27.592034095063493,-27.695991015785,-27.870050765109493,-27.946405578173863,-28.533147501955803,-26.614423116253967,-26.813939357346623,-26.91378464165079,-26.490099724557627,-26.481959847937997,-26.410792209807152,-25.470852310285128,-25.035099923618784,-26.50624503351026,-26.034821983188248,-27.97306191154789,-27.691329477719222,-28.110161962378122,-28.57775456196479,-28.93077610352221,-28.381429755113395,-28.557710513777916,-28.601305289786023,-28.71507498692415,-28.43565502822235,-28.593219274896544,-28.320284294054556,-28.68056928541334,-28.468767122916667
249,7,16,ketamine,-27.314594874297907,-26.801757405836,-27.476426353600647,-26.895630208496485,-26.990393736802698,-26.833746190400383,-28.041558647080414,-27.829271169359142,-27.50466339398279,-27.69082408176668,-27.28367726150474,-27.37617028971563,-28.330902736656558,-28.21804140343742,-28.426056954416826,-28.47274213579157,-28.39573410757315,-28.054130615764564,-28.62956410570027,-28.259121805885172,-28.088679360799087,-28.18656653851014,-28.38529323634663,-28.45976365291622,-28.063484531892065,-28.536806694196766,-28.36439251801459,-28.085636966121317,-28.102034399639273,-28.007212588062256,-27.82512065855338,-27.782898087456974,-27.60876849480608,-27.97577085557715,-28.131482754029662,-27.837010441676732,-28.66737964564139,-29.2275256860924,-29.068267904619915,-28.548194763181076,-28.791869125661055,-28.79105700941016,-28.77608520813717,-28.796205886838006,-28.78670569518094,-28.94008195939605,-29.40649606809168,-28.79884058493274
251,3,0,awake,-27.105062825123504,-26.259954284697752,-26.97904569799089,-26.841391997003456,-26.92860437848273,-26.969855341484784,-26.168507266584673,-26.583392482960523,-26.149835422037278,-26.36417678462212,-26.181815699692702,-27.15091181946574,-26.191732339860213,-26.22360794310388,-26.12348479996935,-26.05015308023681,-25.98679785335642,-26.023863907339948,-25.36814101233025,-25.37233522122623,-25.310782868912117,-25.262814175745767,-26.487076734878134,-26.672008223920702,-24.94836429838607,-25.2405360956398,-25.36526543873906,-24.86690892272457,-24.825061623239453,-24.795696867380084,-24.56812490218914,-24.120080481395398,-24.85167398295531,-24.690860636697035,-26.25470353247317,-26.44157167348909,-28.883932856737786,-28.799640789400435,-28.824036285994442,-28.9012478437105,-28.960371871547263,-28.90837283288281,-27.64978999035752,-27.150286888120604,-28.126590593202593,-27.959843216400795,-28.763025272653103,-28.770358502510813
251,3,1,awake,-25.293372158472295,-25.60605042710203,-25.50407496138882,-25.33565401092611,-25.279117065349723,-25.257223618359014,-25.553355042914895,-24.716358108090915,-25.119251084086873,-24.00724134018635,-26.55432996918981,-25.446832697047725,-24.66515923263726,-24.965341365653035,-24.787605209067603,-24.68438247547708,-24.66490411098087,-24.639690863262135,-24.40123130263485,-24.468791179205834,-24.53935905864838,-24.180796328993893,-26.00726425575352,-25.027319454225676,-24.653557586690006,-24.75950131929613,-24.964668296191295,-24.577999487775397,-24.60713441597331,-24.57880089988352,-24.554507238206487,-23.909506882819798,-25.238009506719553,-24.175000087127597,-25.823635880666025,-25.575341520395014,-28.763560909003367,-28.508542428511866,-28.27710269399978,-28.692661353792907,-28.632017339565888,-28.714825436170933,-27.486546335064983,-27.01145004158868,-27.94365832702793,-27.429415620670728,-28.66127787732809,-28.36640216865895
251,3,2,awake,-26.07724120590574,-25.478370026173618,-25.713690240998474,-25.93783114165816,-25.896438689815017,-26.015244718011587,-25.727155387641037,-25.496788426964745,-25.988486654234826,-25.271621411878957,-26.044019130895478,-25.801930988666772,-24.92760870279036,-25.40774282947895,-25.28958616139459,-24.93766170473881,-24.726259840921706,-24.743213947025303,-24.444185922708822,-24.946797434569717,-24.144262351570227,-24.394153432603854,-26.24180083692467,-25.131570636361257,-25.000626375710986,-24.868438850915325,-25.665242065476345,-24.851214957980282,-25.19473700566241,-24.993504757386862,-25.284579390176912,-24.321194701918223,-25.17913120956331,-24.14178411001111,-25.95727863317614,-25.28595530234896,-28.867322418181562,-28.64527941128994,-28.185418371661665,-28.73177462460093,-28.422173964175496,-28.633722387438898,-27.43026574808578,-27.20531267025699,-27.903974609316702,-27.82973768187952,-28.756959692803424,-28.622220552785866
251,3,3,awake,-27.11081005877306,-26.11296293442387,-26.65581276439784,-26.630891079185695,-26.77155641102823,-27.0017646999463,-26.758322013931988,-26.18113235622204,-26.628604208681644,-26.31203082115956,-26.996463636948636,-27.043836327707975,-26.114216359579647,-26.277562939003342,-26.397983347540976,-26.007869315854308,-26.02856908031594,-25.91283278089754,-25.135159843420887,-25.673915124849792,-25.19054393791673,-25.30641950548949,-26.299602006646584,-26.230968849696854,-24.943040762831835,-25.20417900301145,-25.3999793749342,-24.928352806812576,-24.980229065614665,-24.881606823484354,-24.41055203112053,-24.12770745002685,-24.581258009569567,-24.82950877436341,-25.920571390974224,-26.290092915354563,-28.88313126828041,-28.670093824173804,-28.617903132884855,-28.871140588492544,-28.780513421031287,-28.89061195376876,-27.501008892186167,-27.1391050190705,-27.985138240831464,-27.880397630230636,-28.84499171848839,-28.636560855707383
251,3,4,awake,-25.577961578593328,-25.627850521362134,-25.900059759529952,-25.536099947912067,-25.58247837961588,-25.516378848660256,-24.70695602278305,-25.997268562953327,-24.742024760457042,-25.294010350464436,-26.57620890518585,-26.681921201390438,-25.340876377104994,-25.49722438007338,-25.898274481148054,-25.331944200775588,-25.444634085678253,-25.34378790729009,-24.309199484466767,-24.493027204567625,-24.593921877833917,-24.435681920863797,-26.421445216312684,-25.890676292163718,-24.819912334375122,-25.088717685152247,-25.384432680791686,-24.804930701432934,-24.876926770216667,-24.777425774937797,-24.23381698839182,-24.08253848295349,-24.721329845993555,-24.85127049925843,-26.245941749667033,-26.74021710286559,-28.78076287887008,-28.814768853973707,-28.672136215578057,-28.701240207674445,-28.742040209532586,-28.760637811397018,-27.404336067934768,-27.208628963860132,-27.8287396923375,-27.895860327345595,-29.03056548105236,-28.69027666108651
251,3,5,awake,-26.68193221123357,-26.047025343075706,-25.984599098758267,-26.25560757838449,-26.107493322042096,-26.333766598050154,-26.511220081851217,-26.202991813363823,-26.861591313465944,-26.581134538155883,-26.707879464975438,-26.912901347438606,-26.15211248342887,-26.69998758780602,-26.445345456360606,-26.336547139397084,-26.160953019732528,-26.20678732805333,-25.163047804090805,-25.62916512031174,-25.061153908858973,-25.377736089560866,-26.929103156546123,-26.234954133378963,-25.185162232972903,-25.425287848012612,-25.31855885294078,-25.15409810971128,-25.1033631550099,-25.08952173554559,-24.41901410970693,-23.981738850242756,-25.348859290147953,-25.00498743683256,-26.05189216441592,-26.433742399277968,-28.835404784835433,-28.700490262132497,-28.66125962233198,-28.830846383063257,-28.827078002603425,-28.831519534132106,-27.310820185209604,-27.050282283593386,-28.05254906423514,-27.907150072899338,-28.789197794729944,-28.739458386793864
251,3,6,awake,-27.010773445841682,-27.03416490937987,-25.891974157557307,-26.840466475560973,-26.10144867280384,-26.442162233286563,-27.032681533852546,-27.070820803516003,-26.96042612509893,-27.329725161394688,-26.368809298580405,-27.006400991612093,-26.296598444006808,-27.039545356567043,-26.40855555870813,-26.551213450003427,-26.27746697926551,-26.33436427850823,-25.490439158510835,-26.363329852269114,-24.60426110491953,-25.954066260997894,-26.263439600294628,-26.384433957664374,-25.39843827348955,-25.479859737935932,-25.757975223579592,-25.398442444436476,-25.383680293126027,-25.37947921503986,-24.978367628978727,-23.8057850743723,-24.928379458301382,-25.26805838407291,-25.73069215358862,-26.743026205785355,-29.185013508518132,-28.883844923433962,-28.807750836786813,-29.068906106281062,-28.975596328149255,-29.128074591789893,-27.64904995481205,-27.361668907364905,-27.95642231865239,-28.323091217689733,-28.931143073745876,-29.05643808281163
251,3,7,awake,-26.472446806360153,-26.46005805243036,-26.788136489735578,-26.44937242046496,-26.853568031595643,-26.533395097614413,-26.118387747552703,-26.00746171641367,-25.533919175860554,-25.823961477159774,-26.778018370724237,-26.637200824975995,-25.172798460079903,-25.49943912522863,-25.20348986799809,-25.05392237949807,-24.933785447117902,-24.944585948900897,-24.433492193140932,-25.237654942714894,-23.636352658429704,-24.54483512308237,-25.699124508160022,-25.471517276044295,-25.04270762599217,-25.221387016859595,-25.394345696356236,-24.963001252413456,-24.953451953235493,-24.9216082659292,-24.700941581928536,-23.915763967701835,-25.142286896296003,-24.304883212260638,-25.963428152235796,-25.932481460591653,-28.888645480745733,-28.820086146721223,-28.540549626447817,-28.85373431452621,-28.799024867930868,-28.81822794485498,-27.341285216365556,-27.166613021761584,-27.532892175932922,-27.771194085461065,-28.831425512233054,-28.675151293788353
251,3,8,awake,-25.349009322409277,-25.018122992831206,-24.92663296062306,-25.882018558158094,-25.42306239994406,-25.818581764185797,-24.711816379675113,-24.99597167424993,-24.43103747119597,-24.988115811593985,-24.53077959881838,-25.081820139641753,-25.201844420735284,-25.076637586515385,-25.407088145385732,-25.522165988497694,-25.47322940448376,-25.409745540485314,-25.056950202844593,-25.07305915370334,-24.638497907222952,-24.720391068136227,-25.000769143253496,-25.208486247384542,-25.355521185313837,-25.598260507467725,-25.703956965900854,-25.441159055829957,-25.515267706040323,-25.405922239662264,-25.07076195913158,-24.630383657916916,-25.208410004915937,-24.560622505195614,-25.99086437220904,-25.370574010042763,-28.682168736215353,-28.693435753063078,-28.259682085330788,-28.698487891418168,-28.570426317260534,-28.65008596334,-27.448748479556503,-27.345669081827094,-28.16575348053165,-27.955688260958883,-28.693353508438697,-28.446748868140528
251,3,9,awake,-25.905120649907857,-26.008401406895317,-25.54199254337066,-25.762087012180373,-25.23372380427451,-25.487189370327922,-25.02464960097753,-25.463295033309144,-25.232898985555455,-24.939819561020755,-26.316464155535794,-26.037398661156367,-24.26221534536274,-24.650991937778866,-25.033307859672554,-24.33774529016085,-24.40406171685235,-24.251310898244792,-24.133088262641365,-24.368962910176926,-24.086702922959958,-24.88430066870713,-25.288096215773155,-25.926823964358878,-24.759970242765096,-25.078888280619083,-24.975221388095544,-24.780309169933147,-24.696337067608667,-24.68616293163111,-24.28284598117323,-24.232086583108188,-24.139770117878,-24.89954432677501,-25.451108194075754,-25.819632658152138,-28.14831131924055,-28.044362053165603,-28.33412398369218,-28.13998443075333,-28.292335074034224,-28.215779558574244,-27.193179793095968,-26.97785889790681,-27.639747935390734,-27.609439927022873,-28.252466492184784,-28.5869024126323
251,3,10,awake,-26.1423513206976,-25.62579212663544,-26.57465327850983,-25.905244942134967,-26.1618520854922,-26.138298212662978,-26.298563115056556,-25.86583515287559,-25.90948107258216,-25.384144066151237,-26.155585038451132,-26.65575221481735,-24.569972327236428,-24.689543094584952,-25.35399841284078,-24.4538505755608,-24.645981469802294,-24.453765012410017,-24.819390040697442,-25.00380832837104,-24.322735495438994,-24.384794348104403,-25.336117615387725,-25.288410639912208,-25.155220896307124,-25.276456657274665,-25.195953247383443,-24.993053341271402,-25.054340765504392,-24.998278990909185,-24.43663065048348,-24.495873047938687,-24.3255353311217,-24.37393427522897,-25.670162438317515,-25.12353233961993,-28.707973465888745,-28.58566943522341,-28.146752268373962,-28.63261808220138,-28.61943913302124,-28.631909151766443,-27.489212204963856,-27.26539005881456,-27.959168544294076,-27.73554926182308,-28.977950842956993,-28.362368550144726
251,3,11,awake,-24.513464437342382,-24.900058777384448,-25.94068325627236,-24.422795988738887,-24.564747935058023,-24.473448978964317,-25.134706961802475,-25.088722323866367,-25.347248988038608,-24.697495392110024,-26.360902884069628,-25.763219626202904,-24.165868506562315,-24.446420257619245,-24.84143259511803,-24.114661919605336,-24.264869274101084,-24.10459259216111,-24.607242488645035,-24.804606539330287,-24.184962899922926,-24.283149013151657,-25.407555826201342,-24.931129718704714,-24.317646198756407,-24.63921271779876,-24.7115530542169,-24.20874298794799,-24.185980975482153,-24.159129859825867,-24.38880872321192,-23.80277147804385,-24.67311656539122,-24.140089021532155,-26.106295400162246,-26.00429881172991,-28.2053829786978,-28.25352506130126,-28.29123787870315,-28.203920692633222,-28.310046000340108,-28.266147606052318,-27.461624034707565,-26.940209306815976,-27.91979925747455,-27.348443262733202,-28.682182739006972,-28.382412309449734
251,3,12,awake,-26.58394375940413,-26.716647309694988,-25.880596315689502,-26.511902028479167,-26.493376270467905,-26.42477612193422,-26.320866951916706,-26.40311894587213,-26.347004378097886,-26.06639589078207,-26.461190502382134,-26.19491596795776,-24.981091014013646,-25.41817903462006,-25.423112100937526,-24.89772265819033,-24.91747961622579,-24.846314226378226,-24.820999531416224,-24.772572784365956,-24.582420846250248,-24.846070829552726,-26.48497077874665,-25.983613068472824,-25.213722129796782,-25.35000491835478,-25.607014039905508,-25.173952246794517,-25.18397627084788,-25.133000053806832,-24.837051712716132,-24.113949761934652,-25.17134366777091,-24.83447881365855,-25.596776581293863,-26.616852392842432,-29.051288421168955,-28.768609606688113,-28.414702412640697,-28.909983366010753,-28.715839868249727,-28.870468460177268,-27.61393219696647,-27.529728649196194,-28.35771958899773,-28.232679007648354,-28.902825020754896,-28.76373851045472
251,3,13,awake,-25.280149750165105,-25.02275610813603,-25.45516485575602,-25.038689503297626,-25.26803850727523,-25.071516274035595,-25.853002937367272,-26.056343868120614,-25.72891945926823,-26.165800764379945,-26.207887824809173,-26.458962154897506,-24.848822631179203,-25.27097532969875,-24.883631635160512,-24.836209555746727,-24.709381459922405,-24.707283542344808,-24.67174833877334,-24.51050465223709,-24.263803822257426,-24.14036023351826,-25.33457439483656,-25.307722705930622,-24.53517770867273,-24.758317423437358,-25.039850496492946,-24.420485786810097,-24.546965077714756,-24.423136691249393,-24.752898398237598,-23.867130923245103,-24.538180194617038,-24.31565707153315,-25.49841065998942,-25.688929508883977,-28.509195851246712,-28.52415372402335,-28.188300699398297,-28.517487054551026,-28.478054143433923,-28.525151913146743,-27.616039003593112,-27.183372278641393,-28.203989530133335,-27.569332376223294,-28.833063302625497,-28.548013369178307
251,7,0,ketamine,-26.61210988740332,-26.392250187905145,-26.096497900575134,-26.128826296992067,-26.611211443604024,-26.464759909258074,-26.834798119580007,-26.19394476850612,-26.903421453800895,-26.40249239503968,-26.5529342209235,-27.047943326006955,-26.512770915650837,-27.429014121310622,-26.75816784191284,-26.601860993471814,-26.462539436004416,-26.408328827203167,-26.22167917982099,-26.048994453819464,-25.964574204727402,-25.68594535711297,-26.84501106778314,-26.389268410781025,-25.956477932773165,-25.79686078858877,-26.492568837857533,-25.7499173501697,-25.76600843127731,-25.789039878200867,-24.910400979674147,-24.798809550773758,-24.678707923075162,-24.37308052905656,-25.8721199462441,-25.95224208781614,-29.125493456119592,-28.955950099267305,-28.918441880158028,-29.148346344975582,-29.178573760191682,-29.17097534638202,-28.09233747401449,-27.55228198854586,-28.638634781667555,-27.9719738058681,-29.1562671361738,-29.259659635987674
251,7,1,ketamine,-26.462723517014673,-26.37022846606648,-25.98387160352486,-26.16601469625225,-26.241046901682157,-26.23132519747175,-26.29952430058751,-26.199481316710806,-26.724013515935678,-25.923445196874507,-27.259916285661856,-26.887254725629894,-25.76410550959768,-25.84752594173723,-26.582113097935025,-25.735178026891294,-26.032537756735145,-25.788185469951646,-25.60644538268772,-25.715944275453175,-25.909630288692902,-24.63546651877556,-26.697693027605215,-25.77534414870265,-25.425949755105883,-25.14324821735408,-25.971700385453367,-25.335941706017618,-25.56459090522731,-25.415395364416604,-25.241657238633763,-24.52199519573772,-25.051481419762222,-23.999951657229836,-25.57374290804449,-25.433222004251164,-29.289387330753907,-28.919225803800526,-28.76997402012086,-29.209712142993222,-29.273585126196913,-29.30273706617509,-27.940138291500116,-27.7748275676339,-28.739256800313047,-28.3073307347181,-29.359913067308923,-29.087393203504433
251,7,2,ketamine,-26.939652531216336,-26.56807237290303,-25.457625863372883,-26.32904655905421,-26.271672638524688,-26.553996158546457,-26.55274208637145,-26.417089692045295,-26.659942461179533,-25.941845217532393,-26.59422317548975,-26.743294507078996,-25.998123630777773,-26.31643757309535,-26.727948931789907,-25.970044610698995,-26.04965593526389,-25.959374422178932,-25.594548887888852,-25.695157799127575,-26.005057919839878,-25.398602522233507,-27.16519805875407,-27.039023136597994,-26.208317456847436,-25.965922919312508,-25.750129634287777,-26.02851346174289,-25.82773051935476,-25.948899946703833,-25.268623450729187,-24.585513527593804,-25.411896153725845,-24.21898033217356,-26.35146807877972,-25.933205588634703,-29.38904354112612,-29.077862570863747,-28.896619970963876,-29.25573838512747,-29.167142952913675,-29.240490130502348,-28.00751069279529,-27.654991128490643,-28.442889344145897,-27.889194408425265,-29.026858624433903,-28.820056780779275
251,7,3,ketamine,-26.83196767710275,-26.81700793766266,-26.386086181758102,-26.705569557419164,-26.732443541845466,-26.85616528626901,-26.30179202379125,-26.692962491522426,-26.651084569888457,-26.532801875140798,-26.825360788197738,-27.333063473763676,-26.579838997906567,-26.554199769667978,-26.126166946846478,-26.352651681256642,-26.279237623874494,-26.263533099278668,-25.3135660928601,-25.900019045288527,-25.155685840252044,-25.576906583249354,-26.767485531913074,-26.237240088493607,-25.20949963099459,-25.30930429346952,-25.35483342062924,-25.094977076331507,-25.028853437421823,-25.016395925053068,-24.69565151828377,-24.41908243579992,-24.56528963973417,-24.36002858320216,-25.904904682707073,-25.952136362158544,-29.570570787165245,-29.30834849084737,-28.84773599645282,-29.480771219290787,-29.089507899979417,-29.357344833471156,-27.689238489450005,-27.7409063363498,-28.403898751876945,-28.223778157902778,-29.34358337634306,-29.076306416933022
251,7,4,ketamine,-26.355133470638012,-25.998952045689027,-25.354365226198443,-26.08020151338633,-26.03693460934726,-26.101987098055638,-25.90317280909359,-25.844006911977406,-26.07546661053737,-25.82967349412847,-27.3731192103052,-26.28976630064778,-25.360280861476962,-25.760936969927894,-25.44433769554473,-25.303180512999074,-25.376905193280855,-25.281227216616987,-24.888941353024446,-25.956834413445026,-24.57728602129058,-25.072876365230965,-26.387542348998952,-25.16709498683478,-25.2506638056512,-25.096089066241415,-26.040119296127358,-25.25824786440168,-25.375961470167145,-25.271442406361658,-25.115889574999468,-24.50326823121195,-24.748279637915804,-23.756102590137736,-25.65251069401501,-25.003177928944968,-28.99922078260703,-28.747380482464305,-29.052004514947875,-28.93262574052328,-29.069584620694016,-29.06275856130844,-28.188441052777,-27.9752847702407,-28.413690053929972,-28.0288233883777,-29.044667616474936,-28.81167342428734
251,7,5,ketamine,-26.834451206434334,-26.747009839169095,-26.185683997872754,-26.762678804239087,-26.484353981821624,-26.780541497993827,-26.626646706227497,-26.703004369970653,-26.98012726783677,-26.46540108321809,-27.45246660978101,-27.044259627017283,-26.512728333913877,-26.845697621363698,-26.81572581568832,-26.79647237532576,-26.810496732990867,-26.594858933935544,-25.74341598405621,-25.91046657272881,-25.489094741409172,-25.40691643619278,-26.39865702220909,-26.221233974601816,-26.0334315765188,-26.359066469591564,-26.256950659678626,-26.022015665140664,-25.97061596321646,-25.948669278151364,-25.03072990024265,-24.4902821297606,-25.32663355181134,-24.84840875493585,-26.78464569366113,-26.563934997659377,-29.288530792903916,-29.016390947754306,-28.99810676064289,-29.262532710116652,-29.36556044460133,-29.320672589582518,-28.0019621920647,-27.41015438703628,-28.676515906015712,-28.19586154817467,-29.289634588494902,-29.30165262259955
251,7,6,ketamine,-26.500675706741806,-26.677279090740697,-25.674186845281742,-26.40595370872033,-26.135697300731646,-26.210367686525384,-25.996895866386666,-26.299267282773272,-26.27279048564253,-26.379172062343887,-26.990840091846287,-25.653475768504716,-25.139112786941062,-25.69229952995311,-26.400220882134985,-25.229453909975653,-25.594708469957077,-25.2110667419145,-25.85181283095495,-25.84761167366339,-25.49214138803146,-24.96412388887155,-26.00959922933936,-25.17211670906523,-25.402578061480707,-25.74984129820478,-26.083860170501247,-25.389250922027497,-25.396276800324134,-25.32293124872686,-24.746097613689436,-24.912641055900494,-24.999091295983973,-24.711537546155995,-26.848595604054964,-26.276157995299855,-29.115991435105567,-28.894534769261135,-28.533887456504036,-29.0720864730644,-28.873317736705715,-29.000274982874455,-28.013948102881724,-27.660247627673428,-28.649008407754508,-28.16446559625921,-29.157650327765204,-28.744430833171005
251,7,7,ketamine,-27.160549814186012,-26.628783153189435,-25.753930880265905,-27.014516344713957,-26.679554370583848,-26.863025499248252,-27.20504325063196,-27.337611885386867,-26.636988080950893,-27.01507847247818,-26.818990871758334,-26.469957573967516,-27.00609319378469,-26.62136562954849,-26.442915208846046,-26.992808841203754,-26.71030195223209,-26.873364268721556,-26.362645917975566,-26.710395143388467,-25.643346836346215,-25.828225430174204,-25.894829898891107,-26.164498082176582,-25.893245345627477,-25.620273040228764,-26.210408082836935,-25.818323471031462,-26.207334725557555,-25.993979975987145,-25.79956943064121,-25.029240981435997,-25.408551867089837,-24.39004543130826,-25.810422238805963,-25.446019630214654,-29.770873986346814,-29.415014220180208,-28.845364825038832,-29.555714691656345,-29.38851764717591,-29.54575535531658,-28.66372614235081,-28.491378671368345,-29.017694988208813,-28.37623169563792,-29.570586069221463,-29.27956407971291
251,7,8,ketamine,-26.590561572477156,-26.522984651019748,-26.318644723912357,-25.931164174836578,-26.41912024397125,-26.16470785970223,-26.344195096111793,-26.74619980151582,-26.941414105545046,-27.327344451778295,-27.127352952719704,-26.95497431803802,-26.105599485615144,-26.401508982763026,-26.504065369370387,-25.990085879304527,-25.980012245652333,-25.931638880796587,-25.127318776896495,-26.466850048936795,-24.957480210181775,-26.357651466744592,-26.815404498998998,-26.955585248979638,-26.054986734478053,-26.165365469582966,-26.601053337260048,-25.980304020756446,-26.107697361576026,-26.006448525786105,-25.46258529024274,-24.761281402721913,-25.39281601767371,-24.783888238334406,-26.480991439136915,-26.458137359654426,-29.43844939132209,-29.33822052299311,-29.146423387280652,-29.377652912044013,-29.1165358473111,-29.282833998409608,-27.852335212430066,-27.520755594623488,-28.48359442607771,-28.24567775315974,-29.532304442791204,-29.210456517007028
251,7,9,ketamine,-26.095603933665167,-25.94184854168037,-25.90753129250258,-25.77076440083066,-25.838834341677185,-25.793743455818653,-25.922566965863336,-26.17284153478845,-26.373590070251826,-26.366461002945524,-26.469431810526338,-26.728294127184117,-25.560095452703457,-25.506116369620266,-25.98600409760171,-25.389330658515075,-25.54995609615466,-25.394934232450577,-24.931316351489645,-25.22681377804154,-25.228284968048566,-25.553602744984698,-26.353928100060834,-26.288560694922264,-25.137402564563324,-25.1377026897799,-25.69865111315968,-25.113003785343572,-25.165890002254724,-25.092356173815467,-24.9190159532809,-24.488675255172893,-25.299093832659928,-23.99992591565006,-26.230743687771533,-25.422235371464108,-29.153967921219788,-28.851603364268342,-28.843310866292267,-29.089726816333282,-28.98573189336268,-29.059494971591633,-27.64675604352044,-27.45665998069587,-28.38862532503999,-27.93207685654233,-28.93053543007411,-29.03777446756789
251,7,10,ketamine,-27.079819177686765,-26.697833043693826,-26.74495296797775,-27.014427919866876,-27.467017046318105,-27.117531100884914,-26.70496915775185,-26.754399975505084,-26.74560510985239,-26.92623020852131,-26.613450157550417,-26.70064465017801,-25.941278992675862,-25.98676812714838,-26.23247136423316,-25.907383296915043,-26.24239166061178,-26.0026487661079,-25.06690876839531,-25.304731305654673,-25.52709139787801,-25.18938330952596,-26.538761822913212,-25.49206517102608,-25.17673229023538,-25.143148273784146,-25.22307949762075,-25.049913355686797,-25.03882191703089,-25.037490485736562,-24.784192319982857,-24.42907780902176,-24.65462030314134,-24.20285345103239,-25.91327371730904,-25.880860506122435,-29.148203131615695,-29.117971429493387,-28.702545620575545,-29.089326729250285,-28.94040627354638,-29.068509601881747,-27.914807585215197,-27.498501600435976,-28.46271015432049,-28.090564008487004,-29.356237181505776,-28.874180956741885
251,7,11,ketamine,-26.64334038197034,-26.256323693330597,-26.55336016147535,-26.346921634620347,-26.11533275136056,-26.39135388636113,-26.8072274225876,-26.72881602735487,-26.989960972506157,-26.86086930976617,-26.615310885031867,-27.503115661406188,-26.568435009968105,-26.56356970967818,-25.98103257451012,-26.50476282358318,-26.205889688522923,-26.343855825843907,-25.745632276449584,-26.041586428449897,-25.625038004233726,-25.652590026523136,-26.39369620736844,-26.50803779780334,-25.28874864385506,-25.58128361364069,-26.231077526887084,-25.334462805646506,-25.404415924548356,-25.297092868522455,-25.206200580026806,-24.791738103057714,-24.961995375316974,-24.35688027502106,-26.345886158700345,-26.49592731721976,-29.367478851820422,-29.173036039164973,-28.834285564460746,-29.214154360524443,-29.2066435063068,-29.229301741789982,-28.029030782304112,-27.757716581245383,-28.578273713497886,-28.200772400494916,-29.347755603618165,-29.261036721910227
251,7,12,ketamine,-27.176938202922937,-27.338814276181168,-26.806131736684502,-27.083708163424234,-26.91566776093907,-27.096279629728674,-27.418676039127366,-27.02700998622296,-27.52723697772082,-27.468615771749302,-27.125699894737487,-27.2490350603643,-26.409930282594622,-26.30887688177937,-26.669637130019073,-26.07620466807993,-26.235716791899726,-26.091994687502154,-25.959548799861633,-26.352922727837463,-26.21383208379871,-26.001997775957904,-27.343679389727892,-27.1884330658222,-26.905401874526476,-27.432829568753945,-27.139329749665617,-26.985753086529616,-26.82530761742319,-26.88675305023537,-25.485883224208173,-25.122636735557986,-25.71910962973597,-24.862679302865356,-27.193933467141527,-27.258570388982513,-29.035275197616233,-29.10158243729778,-28.659886546249563,-28.944823162471444,-28.90595799092536,-28.916092405090243,-27.74231568386391,-27.43826068283351,-28.62536617760886,-28.246246648672233,-29.387168218769997,-29.305526135750796
265,4,0,awake,-26.708905399747152,-26.325392011600037,-26.062738476109672,-26.381729057367558,-25.89078162817963,-26.432995887779747,-26.079038414183973,-26.61711049883298,-26.342663719864117,-25.417112734128725,-26.783080096247907,-26.866821320071665,-27.294193224815544,-27.04954468450362,-27.470456267406178,-27.24489789368698,-27.23667648606284,-27.281805108612712,-26.51746726803068,-26.410978583914645,-26.392615473797534,-25.5361615556102,-27.14228575823346,-27.681009506388538,-25.290691491936443,-25.788540907462696,-25.33550641963244,-25.258604683336866,-25.091966171843126,-25.102013593304655,-23.79986612535456,-24.640290471567084,-23.733085008601993,-23.811355563638877,-26.556355555459724,-25.840158505304604,-29.192943853821856,-28.918074917278236,-29.18560264708754,-28.994721677796168,-28.632270081286762,-28.944927048913463,-28.269720162655258,-28.33898941959423,-27.89777165548852,-27.376761497734982,-28.551880303955112,-28.457291653384228
265,4,1,awake,-26.69610641132396,-26.15111525635907,-26.372285520289687,-26.406189100056064,-26.44393102440376,-26.563850355485105,-26.452023680124636,-26.727985354364673,-26.525883132753084,-26.393694552869512,-26.83432527946596,-27.22825878052623,-27.32154307576848,-26.95197676676332,-27.767687720020987,-27.15877203026846,-27.315776170749057,-27.487007639787883,-27.373288190550582,-27.018142640796476,-26.99026365469601,-25.754100129597134,-27.546987903462394,-27.708787566971154,-25.24883968533259,-25.594529763613004,-25.308849098736747,-25.13264624986683,-25.079876672165927,-25.094451817195846,-23.893285529848416,-24.57754514134999,-24.011703200895894,-24.29200841371475,-26.730164903458597,-26.116385377054286,-29.421456698759403,-29.304993964537115,-28.883147493336608,-29.087869942347798,-28.604141935927814,-28.91564251362773,-28.46853589717912,-28.879843421179682,-28.084964254948407,-27.98259498806445,-29.128978350871165,-28.49687243660174
265,4,2,awake,-26.44810372148074,-26.253559642994638,-25.751092477473996,-25.767525682696775,-25.3735423942674,-25.565909936620994,-26.748442949862078,-27.020353572275784,-26.719126759472516,-27.02253585032526,-27.006289224399524,-26.56173377686475,-27.820745527943423,-27.28905105121641,-27.380981635578912,-27.594239736110723,-27.00655309039245,-27.30327714381278,-27.06651590550343,-27.31130817977143,-26.966575249904785,-26.831470014033,-27.617880182293607,-27.997500543831716,-25.89640429475102,-26.233660794992854,-26.129023566900567,-25.84846678822257,-25.77149999372869,-25.766953563013676,-24.150056619559415,-24.972993160487302,-24.019148150038642,-24.491413245925994,-26.145145525513517,-26.681024690275073,-29.42063972842982,-29.48560370211589,-29.22406843094,-29.160558111070554,-28.560254046001496,-29.148863947632268,-28.523857776455703,-28.84698476111193,-28.345779877990253,-27.998646515279074,-29.486763862967074,-28.550987442426965
265,4,3,awake,-27.37361589115538,-26.64548888668158,-26.222382539381957,-26.683008509107374,-26.556438207814708,-26.690842884571286,-26.533377566038563,-27.385564623101658,-27.03815560581729,-26.867729500944712,-27.074720083327165,-26.8956141700031,-27.70654803129126,-26.49189949137662,-27.141090630415796,-27.152246140258022,-26.724187327765875,-27.10574236175451,-27.19019781530739,-27.386314940310363,-26.814450977848043,-26.89299377508429,-26.864098035929977,-27.563551743798794,-26.209694804571757,-26.27279905882607,-26.090380253896342,-26.104420665800284,-26.005245444022687,-26.036992884312948,-25.17158230376804,-25.360400244690783,-25.090335902517083,-24.903161971683744,-26.842844829555165,-26.677752571300047,-29.348475570583776,-29.213030330487662,-29.376109209400024,-29.05891472664873,-28.851063727738257,-29.157013948846036,-28.952501094500636,-28.991425280507716,-28.940820576577146,-28.357944360810865,-29.645332765639065,-29.162883762238323
265,4,4,awake,-27.42497306170505,-27.021044278140586,-26.753544958347977,-26.82889010868482,-26.343880605150623,-26.70314853287784,-27.087514660563045,-27.042139904203005,-27.03507771931872,-27.0952720315949,-26.857438772953802,-26.9449397657579,-27.445992338654584,-27.529022066437392,-27.67013026194804,-27.125129210617082,-27.15578940307888,-27.14158201720892,-27.16512156974484,-26.93489604815889,-27.269828469546866,-26.26939147030376,-27.489269568692674,-28.15091394111539,-26.407089529343626,-26.554400126861992,-26.442783841538404,-26.23683701688334,-26.173666094202083,-26.21643307293443,-25.839379412200078,-25.633966187945518,-25.765172390701505,-24.98007834844229,-27.18018927425025,-26.978888988461993,-29.49648763960533,-29.433887544221292,-29.194624767512398,-29.202997172481655,-28.553908030610728,-29.11894377303414,-28.86183592376602,-28.90547860900814,-28.703360346854783,-28.45252824667889,-29.787109237990826,-29.589290697988396
265,4,5,awake,-27.070721061812055,-26.555536050565117,-25.829095308532004,-26.526714428617055,-26.026333069013695,-26.669989364303092,-26.59730952340539,-26.855567195186794,-26.517903955969114,-27.36833662632224,-26.93120056421225,-26.920127609809846,-28.18808280818266,-27.740161785323796,-28.000726388264876,-27.981973574613757,-28.052175036072057,-28.11560176882142,-27.333603220692343,-27.287577943522145,-27.00309605187933,-27.364424183489557,-27.67428178509508,-28.21189921272386,-26.413366956646165,-26.465778762938573,-26.41869102332821,-26.23097798667676,-26.186215998909706,-26.180496982556495,-25.295710881751038,-26.014375250544116,-25.246956211854048,-25.027924687006475,-27.1602671178159,-26.908115044809122,-29.512549526833592,-29.313128187398043,-29.515036325654076,-29.215447864917444,-28.833654268342812,-29.272365397251008,-29.06709058831018,-29.05631383291537,-28.84367296163212,-28.475602116547275,-29.529201158856083,-29.560544467339838
265,4,6,awake,-26.336748694188557,-26.289738126000234,-25.94033987324392,-26.081883692773978,-25.82605072457158,-25.68789181794493,-26.396270360269202,-26.268846663651665,-26.600607468107764,-26.05337070650399,-26.5016466039354,-26.539950232889225,-27.631844300775146,-27.311318085039037,-27.239465443353513,-27.3907849024147,-26.80176172360959,-27.21583171408754,-26.948570737314974,-26.95739116471415,-26.9375093809006,-26.337629244509802,-27.507919930207155,-27.66640207627292,-26.165410942362893,-26.357268907886372,-25.891374671773992,-25.996850465599465,-25.7412317553402,-25.87675633124758,-25.169708709137158,-25.60495259870343,-25.45730976396186,-25.046366702718956,-27.307064229823023,-26.577077896216885,-29.137468638629052,-29.113244929179455,-29.29449217840327,-28.893947246471846,-28.545531483100607,-28.903409468135333,-28.778570795125773,-28.724482379389457,-28.788950652552536,-28.058556560602064,-29.599250880176562,-29.600421775445387
265,4,7,awake,-27.002921765154365,-26.663669999693873,-26.44496958987207,-26.604700874051815,-26.049006044551927,-25.85659969912676,-26.493071178081856,-26.32920042582363,-26.97528685101051,-26.42140728772222,-26.556292550054284,-26.787214754892315,-27.825506724689898,-27.764671700511837,-27.264145140150948,-27.51743176295746,-27.227749413745535,-27.462111606825776,-26.844491224916748,-27.14332273221107,-26.951893164098934,-26.980601158383525,-27.946015810195718,-27.399188806572184,-26.53619976908532,-26.75258983344283,-26.434613673600268,-26.298344113953913,-26.12742810554147,-26.22526530346686,-25.305878578463684,-26.46922216692358,-25.33361324610249,-25.581002484849012,-27.338456851708216,-26.770106600558297,-29.50215081584614,-29.505778134779266,-29.186854414529265,-29.203772010527352,-28.61568426708823,-29.17115302240755,-28.724062945088114,-29.185833453238814,-28.700392289458165,-28.82149127376581,-29.717875016959084,-29.35851522509788
265,4,8,awake,-26.680355908583508,-26.13951981456674,-26.29364858519435,-26.118842141538977,-26.48039346763459,-26.467395563872863,-26.21235685344189,-26.57307876646171,-26.26928240476554,-26.126489391975177,-26.759054213071106,-27.31162670842787,-27.580706979280443,-27.56735355607802,-27.51475882866354,-27.41548574682751,-27.350739623423372,-27.36477057373359,-26.65261469823613,-27.0820946790187,-26.453409756566828,-26.42907884250834,-27.7054390874126,-27.491678486502575,-25.35428627826782,-25.4887134160759,-25.87119403896262,-25.323732672393653,-25.369563677597828,-25.34225373720291,-24.638824247360223,-24.398987437684042,-24.701377002214585,-23.799067229266186,-26.137603747151815,-26.93547108799929,-29.103745716283694,-29.133447167758135,-29.179067067540785,-28.86646474408726,-28.53062025973449,-28.86544547417544,-28.189625476520572,-28.469702348585553,-28.154950339409904,-27.399728301013514,-29.495540161922325,-29.038247215230065
265,4,9,awake,-27.014339513028336,-26.627508627744,-26.23703223214713,-26.608201384514526,-26.62071872232583,-26.720522086806312,-26.65652394875609,-26.786513555566707,-26.75274539721607,-26.400498703443713,-27.022598407851156,-27.0196518369064,-27.28061924658612,-27.02818370257174,-26.583318830801257,-27.049625604238653,-26.93509431908987,-26.91033461301658,-26.478710759346093,-26.887613872238028,-26.610787415554725,-26.54361835849809,-27.901178047748818,-27.11659866367889,-25.68211749108789,-25.95059067706342,-25.930984776179013,-25.624046039322142,-25.60037731476282,-25.540006164264515,-24.409605641145887,-24.89423307600979,-24.541322662528778,-24.372861102454117,-26.939851909288272,-26.331774460484464,-29.319164360625642,-29.24553100713585,-29.067711613941537,-29.07516109815127,-28.574842365300913,-28.991109656235658,-28.280312813417858,-28.747593160579324,-28.156977659259777,-28.320432358710967,-29.605417646500104,-29.330474762978984
265,4,10,awake,-27.11550415402748,-26.604301431060417,-26.435174152105294,-26.635508903878527,-26.419123867746407,-26.448802470710714,-26.27691275507487,-27.087888710086453,-26.889694823936384,-27.154368426310057,-26.95135433772358,-26.92431603777712,-27.69149192352067,-27.271100269910253,-27.165338195879578,-27.296054605192122,-27.1469949794354,-27.305270781435777,-26.81415302695798,-27.27840663239836,-26.657113807814014,-27.001677356305255,-27.17300084640972,-27.383482959328333,-26.135091124912286,-26.201848470466338,-25.95947790203199,-25.915702888812195,-25.75864753316172,-25.801638201526323,-24.71934086229876,-25.55281846648105,-24.901893479006393,-24.99257785887066,-27.03791435228504,-26.568726779027514,-29.205866422857902,-29.209374671086803,-29.353865979958638,-29.050701238853126,-28.702575644644313,-29.038490663804954,-28.63051048332297,-28.86838541587939,-28.252542159634583,-28.32859576157152,-29.030169799839488,-29.37443735360409
265,4,11,awake,-26.353264576316832,-26.25595580925711,-25.788412183123253,-25.78545956716398,-25.514579380401667,-25.65401258523599,-26.724413543740713,-27.2123236915342,-26.24085999499147,-26.53407122123367,-27.02182353819777,-26.663558090262264,-27.74947807862461,-27.325487894357895,-27.56285185028134,-27.23644027638284,-27.147815852132656,-27.432354119645165,-27.106037554581185,-27.148368636293096,-27.06069811297584,-26.280842065498668,-27.65090534462381,-27.67947628364843,-25.128557560508224,-25.264714879252917,-25.329161032480467,-25.03247695255295,-25.00521077206072,-25.020620783713106,-24.072093629171658,-24.157071315575994,-24.67034496610666,-23.85460399780504,-26.298041123166218,-26.415555504850307,-28.93155855117456,-29.13188247121829,-29.043879244421408,-28.830128117631993,-28.44958320339688,-28.82526187785452,-28.10485007675739,-28.303383412611492,-28.245163506734336,-27.473313345110757,-29.68198665776252,-28.610464406549557
265,4,12,awake,-27.47663906856056,-26.351423422675445,-25.865088289001285,-26.73887076913938,-26.600987331726998,-26.645443666947735,-27.369077298565827,-27.654915941335652,-27.116069011978873,-26.636359645398773,-26.517104412966084,-26.241318473163965,-27.52563233518061,-27.457678274380658,-27.50900026290999,-27.222558506185585,-27.082299548516513,-27.309612103425803,-27.374064543046167,-27.52380676537,-26.796820498190637,-26.60439460864438,-27.104436073597387,-27.463862238161965,-25.293303731991056,-25.767372593755507,-25.442669035670853,-25.23222330371422,-25.155135168455917,-25.12087546772088,-23.80528725536756,-24.525591612148336,-23.904713500140616,-24.137504751391578,-26.809469956780717,-26.295380775573822,-29.411143476402827,-29.27848469399678,-29.169523474267862,-29.034192262604247,-28.730952593431915,-29.10702249268792,-28.399639324751696,-28.486288651543976,-28.272602565550983,-27.68465304766714,-29.488863109908984,-28.718691919016344
265,7,0,ketamine,-26.409644091303054,-25.923231773374226,-26.111424712042872,-26.07167992257493,-26.273360583691048,-26.36389817955883,-26.56098348046761,-26.32233802833706,-26.530124107303603,-26.137536523025894,-26.752461984060815,-26.61540177354392,-27.411730373961845,-27.397111070306703,-27.193685580209742,-27.342270312375014,-27.113568197448565,-27.21197434459452,-26.65086863777145,-26.86308550288131,-26.46492485827893,-26.139229724798188,-27.52635452861326,-27.407507969970005,-25.59785146588653,-26.065239225152474,-25.729277687685023,-25.58781830962907,-25.479894499090687,-25.501648364224252,-24.072311208785454,-24.980348445427122,-24.036256714393065,-24.342656944482428,-27.052600198095558,-26.205138424458845,-29.408702047397306,-28.909745582004113,-29.107011617476275,-28.948190154743447,-28.754655525248864,-28.969961071317016,-28.55689456360186,-28.814401060812916,-28.337689670421675,-28.298273824925964,-28.914210809522263,-27.022116987539437
265,7,1,ketamine,-26.942366533030224,-26.038600096358305,-26.238620771232682,-26.302279548561284,-26.231742915836573,-26.23410135090013,-26.681895867049338,-26.807489194900256,-26.84716807116738,-26.511396364916827,-26.93507049742996,-26.933013418305677,-27.921797026613973,-27.75846295142034,-27.48926954728823,-27.397354630510698,-27.21428114043705,-27.1143733809101,-27.674828420142017,-27.91778997147489,-27.368696634089943,-27.438500890433577,-27.949708863315628,-27.915526987758636,-26.822400647990303,-26.63741893388775,-26.821148068519197,-26.513968490289937,-26.50815799162888,-26.532890258279988,-25.954698498759488,-25.99350018852841,-26.34205467171391,-26.119425725587757,-26.998839148443032,-27.284129546867543,-29.335780394761883,-28.801000749074113,-28.60450249544949,-28.798139044465447,-28.58269790009877,-28.882552122842736,-29.243032436555403,-29.4954453206909,-29.095500876087343,-29.057454999106724,-28.836562805638312,-26.95688964684505
265,7,2,ketamine,-27.141238236402717,-26.46290635148857,-26.668236586838344,-26.406653235580762,-26.67641081280193,-26.495019184747406,-26.900906639224214,-27.122651509160995,-26.667839079772623,-26.89078795563543,-27.064822673220675,-27.822064315037814,-27.654220695072986,-28.181541665501218,-27.620236497450403,-27.874763863941258,-27.543418530262862,-27.30682174077012,-27.093773758937797,-27.505991793041424,-26.861503452286765,-27.447672103634613,-28.32691176742311,-27.57266814102007,-26.511984036886602,-27.002988985223208,-26.792174072534895,-26.438992863798944,-26.290449794326946,-26.258193259240667,-24.72241597704962,-25.738619469788677,-24.401417208753276,-25.177844783632324,-26.859096132268164,-26.997344324582553,-29.554179089676037,-29.573767413700494,-29.217247994560598,-29.004110323920635,-28.983310731894708,-29.13247567190858,-28.848019333646242,-29.294544398904446,-28.618150542938523,-28.979388316466377,-28.89339669751122,-27.190067246292653
265,7,3,ketamine,-26.66689949157307,-26.469979941738632,-26.271811526730982,-25.880206570999466,-25.739358803427216,-25.941540358087696,-27.125537786885666,-27.209013784888604,-26.858605143972508,-26.850394248186966,-27.302307816829153,-26.722125902466228,-27.677000656485273,-27.700526025100093,-27.440579161327907,-27.4745121184624,-27.287434914625823,-27.199488582936347,-27.769892369672853,-27.570280202308375,-27.513630462670175,-27.300471340530237,-27.8358744019537,-27.675686427222683,-27.1125208039716,-27.337887389586406,-27.28400285841058,-27.01575714098911,-26.8923962584086,-26.8563240604631,-25.847812576518656,-26.675925738077655,-25.443816741406845,-25.676478221136527,-27.82208938708123,-27.64980933100238,-29.920714622490998,-29.784856859978948,-29.225480789355206,-29.39381928402764,-29.234717806881143,-29.415011940242486,-29.21865481142349,-29.48550905861154,-29.241779462061025,-29.272103647493385,-29.34970586980759,-27.15350720919349
265,7,4,ketamine,-26.79808760773934,-26.12818481803594,-25.967352352561907,-26.148745201307623,-26.076491370504574,-26.143475573397602,-26.854869645555578,-26.564016215826513,-26.925954386663943,-26.466576702549272,-26.434847999219492,-26.562195999771355,-27.910654625100747,-27.672366688633854,-26.955228319914696,-27.533192762593025,-27.22441535408975,-27.242831185478803,-27.163995974617954,-27.565705476057833,-26.56429658053812,-26.80942730573242,-27.56772214116218,-27.27740474389807,-25.61861606612472,-26.118980900432557,-25.963513061651426,-25.630026580211663,-25.628611901252032,-25.561105006591784,-23.914286247883098,-24.980198747144293,-23.677688737714313,-24.174302543570086,-26.420477900210763,-26.715731323350642,-29.565261530081276,-29.318940551698006,-29.089982089913587,-29.05863699027474,-28.77449577867289,-29.063848233690585,-28.476534378836373,-28.815193080498474,-28.068044629270283,-28.121646424782988,-28.937346194898236,-27.213673246387923
265,7,5,ketamine,-26.190994272103158,-25.800949451781193,-25.600749108930913,-25.70358922970974,-25.544527751220855,-25.80563729621827,-26.260087398962035,-25.534784886273332,-26.59233973092639,-26.27430995188446,-26.71832491318684,-26.413365615337636,-27.019450840453395,-27.23324844615519,-27.325619708678765,-26.980385561774444,-26.85828882673252,-26.758468423181814,-26.682434250219213,-26.586003598904437,-26.636092377507406,-26.195893762785232,-27.979081077984038,-27.402179701330727,-25.570476458213413,-26.014237614839402,-25.792115496358726,-25.53102161004753,-25.467966833565914,-25.490395040003463,-24.2562661588838,-24.820486998583178,-24.183595677662453,-24.118614840364096,-27.077120415407233,-26.48623944784085,-29.137352913662173,-29.19479732869879,-28.92587211572072,-28.78299576820595,-28.49423258289479,-28.860234085282354,-28.37152729851845,-28.461858418164752,-27.895692923390055,-27.911173237556245,-28.812764685982977,-27.162347012246855
265,7,6,ketamine,-26.94461651438465,-27.104457940799087,-26.254094270722145,-26.142264259879752,-25.556050678135335,-25.796719017778717,-26.052310651311615,-26.336687008590147,-26.021508826138227,-26.401767793465147,-26.788017110825795,-26.888604984283653,-27.76494791273516,-28.053261590555415,-27.374718970227363,-27.993853755022453,-27.802904917722863,-27.637132170357884,-26.931496278684218,-27.05745087323613,-26.731080573849106,-26.504081284269482,-27.80918591664699,-27.473405542520222,-25.7119083215043,-25.858200992066568,-25.833693883803623,-25.66740460934744,-25.667170381165576,-25.60977255234243,-24.29797672814585,-25.407719570157685,-24.172120232622905,-24.765128865931587,-26.254022758065677,-26.438106049402094,-29.331628701563666,-29.05943226314741,-29.11582191918067,-28.83462838406227,-28.313767758960488,-28.874396125860585,-28.55159336800355,-28.942002542340244,-28.295700971986488,-28.226107151598452,-28.881035415153217,-27.024836523164613
265,7,7,ketamine,-27.474219205045962,-26.387868525865162,-26.40011113968044,-26.588528462499127,-25.935069152109243,-26.000900947128905,-26.985204791610183,-26.80902943284514,-26.87457606156311,-27.099366932258985,-26.824322282453853,-26.796992505279864,-27.64773045217348,-27.23421565194974,-27.44649291918497,-26.900523732636184,-26.95361104339687,-26.93164289630044,-27.597683722797274,-27.256846744694965,-26.88162983144142,-26.8481604889479,-27.5181072407624,-27.679500030931152,-26.06012373120676,-26.2026269885339,-25.990990487487252,-25.896879179587735,-25.82690005001361,-25.844900212382658,-25.00558651566793,-25.65153282316611,-24.92823962296376,-25.071788117322157,-26.617614966536788,-26.141659924299685,-29.382389373079512,-29.312534485315176,-29.299507676182426,-28.941258618687037,-29.05987088572817,-29.115387841504287,-28.964158840444313,-28.9388741806981,-28.742905019615588,-28.658746365621866,-29.01509545564824,-26.996641183849132
265,7,8,ketamine,-27.097129971737377,-26.323560030040234,-25.857233627744737,-26.22265085990706,-25.935000793445976,-26.139471264543257,-27.784505485382546,-25.340402553635755,-27.606160789645873,-27.204825606562004,-26.97610861082351,-26.480377204342265,-27.303926672767997,-27.352406115215032,-27.538364332940173,-26.886877110181725,-27.078562980442204,-26.80533276386913,-27.95930758511907,-27.025439869343188,-27.872841369532175,-27.38758772459851,-27.715405231817147,-27.94016557560315,-28.159752100468538,-28.207859778771315,-28.254397150819436,-27.768943807881673,-27.81730867668401,-27.763056342598464,-27.21622472132463,-27.33585073048839,-27.44165868061456,-27.370979013557342,-28.82550242026247,-27.746390234292743,-29.511423766223082,-29.17061592229558,-29.522594752247496,-28.948945747358724,-28.962114983385444,-29.139023241955478,-29.275908435041803,-29.460157632051807,-29.21679703048449,-29.483789008683303,-29.212037509433333,-27.126124517274743
265,7,9,ketamine,-26.89108670664727,-26.54481661217519,-26.38109779009857,-26.20515629101364,-26.17157355828995,-26.33378988358712,-26.88979384681395,-26.61188657924882,-26.636919523936402,-26.567887598171556,-27.50345332542532,-26.671833439615483,-27.694472318239526,-27.71280866565184,-27.6355008291417,-27.3214391313954,-27.152821584930162,-27.067081629291266,-27.324830021038302,-27.484875816344402,-27.413814191110518,-27.30479143560041,-28.074047869507233,-27.939587919298067,-26.682666702736736,-26.96042322458415,-26.994679735336206,-26.615589626276734,-26.68020225747418,-26.613636193480783,-25.6118701650107,-25.664545815412982,-25.185580345434545,-25.20672600590834,-27.088700158176376,-26.804594146937358,-29.305096678044496,-29.319863494210797,-29.022451226123927,-28.91014786443276,-28.695809051878708,-29.007116641439737,-28.957347095707878,-28.89689462921196,-28.80520066356457,-28.722720416494425,-29.415487542191432,-27.451385169987525
265,7,10,ketamine,-26.666632583125644,-26.76812038381311,-26.556776940280653,-25.8885701944371,-26.21824175619491,-26.006609341303673,-27.341034677801538,-26.49630281318551,-26.954667252019735,-26.158630884556736,-26.906206201040035,-26.866186638843995,-27.183211270120143,-27.033014283135575,-27.337735242506625,-26.60762994832895,-26.92211257834394,-26.605597835650666,-26.668463159978085,-26.782555626627584,-26.258994734782465,-26.087326696264,-27.290012470425623,-27.65787813476602,-25.58882326270545,-25.909359604121875,-26.044565183157566,-25.534938614650468,-25.580367976774646,-25.487559451536374,-24.228941320797727,-24.971845023826873,-23.877724315125295,-24.14600631974642,-26.628654548798885,-26.58723471140845,-29.201567902468792,-29.048993817929194,-29.08884510846104,-28.86666854009291,-28.80092622946977,-29.02298025984315,-28.256625889157416,-28.441720058798,-27.98359374961911,-27.909844884375815,-29.03436921880266,-27.542256742968384
271,3,0,awake,-26.935269143197548,-26.243124446642323,-26.360117546278794,-26.45836642780398,-26.39894239284869,-25.99066711537554,-25.730687743465847,-26.3626079793068,-25.771784153886312,-26.371153777769454,-26.040131141774257,-26.687852542521888,-27.490031985449203,-27.185119132893007,-26.52112610727846,-27.25469118465209,-27.05119982348109,-27.06044832525673,-26.24522600249519,-26.696457536243,-26.49639417511799,-27.037344091321028,-27.219046672081024,-26.924034448192728,-28.711634824802534,-28.182606600760565,-27.772859470687056,-28.218378949558343,-28.141578282220856,-28.240623302447815,-27.759599203393417,-27.993131906540807,-28.39788773703934,-28.196103995086254,-28.555450725493074,-28.18580937283722,-29.294007909184423,-28.901157249612837,-28.704123580774997,-28.923965343886056,-28.95712226468599,-28.929981625599662,-28.83950610210874,-29.13143068145123,-29.06552779561267,-29.17596256640053,-29.10682001127134,-29.27309632216398
271,3,1,awake,-27.102166285646597,-26.520477700910206,-25.926124767799845,-26.706160498479452,-26.318973063832626,-26.77829860550406,-26.308744946788998,-26.73955023324074,-27.04196695389795,-26.956079359038498,-26.89406701481689,-26.752653382884585,-27.20048399703771,-26.823317264957257,-26.91494665667702,-26.992915376210647,-27.248528946965255,-27.305014877329967,-26.546031471325147,-26.423462250418503,-26.985932032268646,-26.05769941173124,-27.274283633166455,-26.942737479777975,-27.46692931212704,-26.589698854489278,-27.1527411578332,-27.071775603589824,-27.28159654600255,-27.276689570046535,-25.638237918382323,-26.626177002841672,-26.788810316292842,-27.21011205284082,-27.16335389905127,-27.62546361848344,-28.791691722077427,-28.381761429047728,-28.62093189173566,-28.643184398241832,-28.726403272092373,-28.69369621214813,-28.084095935753467,-28.67591796174238,-28.741084922757263,-28.76252053317087,-28.984240409092006,-29.1474228745745
271,3,2,awake,-26.98219461763364,-26.598435153774805,-25.621334327775887,-26.403945388446854,-25.95632219003855,-26.20264654175844,-26.158178448948792,-26.13688437855773,-26.09622430506488,-26.48487960120035,-26.463440444079403,-26.77040483200154,-27.20049480945785,-27.087261990409885,-27.169636919755053,-27.07207722246532,-27.306608494331137,-27.196714020857087,-26.523226189339375,-26.30223465478403,-26.660162232633898,-26.433287879128624,-26.93946122740281,-26.947322294555775,-28.09830369059222,-27.55093124476203,-27.851320492334697,-27.629516554305425,-27.920550290441476,-27.79284328378893,-26.589609837446424,-27.284384082494856,-27.572152385859734,-27.06458580628277,-27.512831938054795,-27.75670315965779,-28.347509546933814,-28.369589384267925,-28.162075690293133,-28.306987648147278,-28.494054992674297,-28.436930101871077,-28.24074911330619,-28.37428581431163,-28.889998002625855,-28.651229566760637,-28.89052286164059,-29.00962253093905
271,3,3,awake,-26.68348797998927,-26.24605135521232,-25.948113793945954,-26.177473938765676,-26.23837392206513,-25.501938044573937,-26.3233996019792,-26.450552875843247,-27.070792751663497,-26.395071404144623,-27.202004138916813,-26.445607188869854,-27.65994107767406,-27.09061136932887,-27.157142790098778,-27.41647904764897,-27.16920069461435,-27.157137392063436,-26.076403853800773,-26.55529903530803,-27.499667372613594,-26.760718368005993,-27.32348895999054,-27.416018425322395,-28.086146469285364,-27.689839164940068,-27.717762969032087,-27.80862966516632,-27.958972870628443,-27.819789672004955,-27.26927110304583,-27.320201229329147,-27.615212770721943,-27.466425287692253,-27.947021802883377,-27.80301730696563,-29.06104514604015,-28.683488300513417,-28.406962594527858,-28.752907131495235,-28.68279129456352,-28.844673709624498,-28.480664287510407,-28.48642077257221,-28.61403454415419,-28.806538384543707,-28.845534526607363,-28.989327300922863
271,3,4,awake,-27.04283344229667,-26.265737027224663,-26.10391330041683,-26.79571997631477,-26.231588352447805,-26.469034244585362,-26.24799622680146,-26.344719299484385,-26.299614480538335,-26.39865077710967,-26.31067381166503,-26.43098043648541,-27.888079043403106,-27.78094300903129,-26.903201320576084,-27.386828213020113,-27.299817247936012,-27.538952708837105,-26.797561023653802,-27.065834249437742,-27.210496609705874,-26.796983780826114,-27.776263700136454,-26.9202859105865,-28.88164319673252,-28.242303527536837,-28.02659950941691,-28.41766067802621,-28.38589385241872,-28.422737919670336,-27.59078570020085,-27.70474336746661,-28.35296569787468,-28.107769956658387,-28.53968914728694,-28.37067630903683,-29.674839504510572,-29.250637444894178,-29.133396600723888,-29.31827237559677,-29.34686846279337,-29.436667506472816,-29.18358173561473,-29.244090151614646,-29.3955101550704,-29.159200755893714,-29.524484047777637,-29.581204246599196
271,3,5,awake,-26.849121952437326,-26.510094592299748,-26.11488411054687,-26.354201682432258,-26.304214569715544,-26.45529668346606,-26.036289908815295,-26.449121337843714,-26.242727461229375,-26.132550031600054,-26.604996542182842,-26.431327178941377,-27.749679211414477,-27.21332090676661,-27.148735402216825,-27.335786040629817,-27.5914728757197,-27.17250173259142,-26.35985553821258,-26.605382669469073,-27.07372936390301,-27.39269357746084,-27.312215738767584,-27.235696102629777,-28.60003069489368,-27.88489462474827,-27.179847945898953,-28.136982268196153,-27.836544393421445,-28.18630162323676,-27.57234415353406,-27.87263391125537,-28.00897745800405,-27.942317131177457,-28.141128564533357,-27.932226842374856,-29.280172856966967,-28.988179806606045,-28.83854234058614,-28.86874036610006,-29.035845449430532,-29.004968263751245,-29.134513719045927,-29.22813071959707,-29.46636144038902,-29.314099700921226,-29.319070945217266,-29.318903716512327
271,3,6,awake,-26.69353966905342,-25.761163455589738,-25.3906465350568,-25.995538342527027,-25.59775802702355,-26.027838900686138,-25.500053923265202,-25.569710531905464,-26.388839057994755,-25.793996138863815,-26.229264206008367,-25.710594954194168,-27.33012677088514,-26.512949579790252,-25.73060014658598,-26.625370050522985,-26.219207181156293,-26.49607536165469,-25.754358259605656,-26.18795649748766,-26.531301741877048,-26.091838873354103,-26.462356696189904,-25.871041064104904,-28.08334304162352,-27.399478114058212,-27.3289263926139,-27.753265508396325,-27.685868605870024,-27.881572556697343,-26.85117205917132,-27.39515550208352,-27.736042408364142,-27.896161789304383,-27.880320338450268,-27.828791564039673,-29.310047703113113,-28.797118936227132,-28.692733143347144,-29.063311710632615,-29.16002802508991,-29.299991328487856,-29.061281517723156,-29.306121720303523,-29.05082655329737,-29.2446594971875,-28.858868558299417,-29.433550841164664
271,3,7,awake,-25.5979231474093,-25.112890500372973,-25.118890506953,-25.009306739853844,-25.142940549061404,-25.204709785367115,-25.399241472439577,-25.263308393638717,-25.966021687179133,-25.31548963667396,-25.853838559589857,-25.480586208813218,-25.99868098253671,-25.60505397389637,-24.915710560411554,-25.58466671386274,-25.24502200875834,-25.48040932074868,-25.460127233720133,-25.743209199165097,-25.78472727835578,-25.34695183482637,-25.819457053524307,-25.272448244048828,-27.279125660261336,-26.28387960075049,-26.220211557846607,-27.0062453288286,-26.42964795146466,-26.853391149813906,-26.326299691684586,-26.740290058248284,-26.355480440393613,-27.151467024221844,-26.437054092872128,-26.906306359468342,-28.009160258758826,-27.492256948118797,-27.81649231570543,-27.78784940748905,-28.07985655784584,-28.075823523900503,-27.954972276828872,-28.083984624793597,-28.132460776180658,-28.01622570282105,-27.90940465780542,-28.172791776946582
271,3,8,awake,-26.54710947711576,-25.788889260607977,-25.55780566178893,-26.25035657026638,-26.176468459033558,-25.501208937061854,-24.65469043961246,-24.593008570172167,-25.62574709708135,-26.087624136619272,-26.00774472788141,-26.36399227338619,-26.937293839312517,-26.57032317304378,-26.229759862664675,-26.695461378349584,-26.603013324898647,-26.59651965156159,-25.64863277982071,-26.419170988405416,-25.966615739123924,-25.60876912446618,-26.67219922634769,-26.11940454957814,-26.826222591945733,-26.51337793652086,-26.556253825870662,-26.680259319789965,-26.71584428426367,-26.6988331040534,-25.691699687649034,-26.283819102446383,-26.110963119234597,-26.75191638354307,-27.02497355805835,-26.697001629095993,-28.39362597829149,-27.97689466479312,-27.920594484970167,-28.19819683992214,-28.104002181134195,-28.276837020216107,-27.589125843187134,-28.15898933455263,-27.92197934272418,-28.211343659969426,-28.23060895766063,-28.406669280554564
271,3,9,awake,-26.268109067077315,-26.223078238973198,-25.830166596180256,-26.120998090900432,-26.23056858401813,-26.19543243595658,-25.841872799261104,-25.906116994821073,-26.268259169500947,-25.93369555728928,-26.358087784681945,-26.187810993435498,-26.782271071056027,-26.77912707700899,-26.668822274113815,-26.61649949204921,-26.582878491475256,-26.676639572120234,-26.065956773882967,-26.06749086182254,-26.743023003549276,-26.479430648957813,-27.022421835186183,-27.229048023202107,-28.27869915534855,-28.446591679378503,-27.4534151708816,-28.12596990818678,-27.885597293726384,-27.976611392614817,-27.170030330829558,-27.409065911777102,-27.98853668623035,-27.287639518597498,-28.228241311226622,-27.69153559080483,-29.340123857784086,-29.122996411297056,-28.847160529077232,-28.98197178330384,-29.185750291862664,-29.18184558667473,-28.958954389693336,-28.921552952036407,-29.45956425201864,-29.235116698673703,-29.468455845822103,-29.505562097083263
271,3,10,awake,-26.6517401699669,-25.80714797808046,-26.04254688330718,-26.396655221480305,-26.441624167692993,-26.607594945001825,-25.85862185198707,-26.08122040693698,-27.321103412452402,-26.674792583167072,-26.334888642270695,-26.454392439660943,-27.28692022328111,-26.97879974427576,-26.8742777793895,-27.055258470127075,-27.20858146584696,-27.24928242630094,-26.433821609708566,-26.838129821947327,-26.68795445722904,-27.078926721041558,-26.919478883069484,-27.123975194491106,-27.66904317635563,-27.451954191041153,-27.584082591049853,-27.442341365883408,-27.62780827273406,-27.558995454220696,-27.27428754499672,-27.367183165003762,-27.36824679765566,-27.638551822749232,-27.548413429403176,-27.770310257219048,-28.695809493343344,-28.53972843350532,-28.27233942638785,-28.414877164454296,-28.51001063158696,-28.559825080380655,-28.894358390296357,-29.002815693726607,-28.71193449123754,-29.103589416200702,-28.601873554621815,-29.057795249794335
271,3,11,awake,-26.861350019166466,-26.506523704980072,-26.692843845365896,-26.219194319769095,-26.206173255761737,-25.973811692237696,-26.27489930869696,-26.17343846962721,-27.273933974340746,-26.677528817054984,-26.47875330277553,-26.917824910834963,-27.193976198711344,-27.003766932897857,-26.776396425757863,-26.994684033109507,-27.031553599883928,-27.089197245259683,-26.52080879088215,-27.291123899189664,-27.046853232518913,-26.685054362982136,-27.475112263448775,-27.04377246356954,-27.621882103765326,-27.077030140395248,-27.33272364897232,-27.47161395256662,-27.605854695100653,-27.64535150281765,-26.716580869560833,-27.308403103994994,-27.367478958085066,-26.84306873057888,-27.12932380515874,-27.319478541516855,-28.172793897922187,-27.86819037137036,-27.873126137849283,-27.88879221445481,-27.926491924076522,-28.028303337692464,-28.177439590374345,-28.274721449239024,-28.138265160709413,-28.396502154344702,-27.973398210730565,-28.676006052412827
271,3,12,awake,-26.691139552600404,-26.511979599279456,-26.298126807391206,-26.246575824301935,-26.333872035183024,-26.38440759918642,-25.566924331371492,-25.545875526812562,-25.988158360777664,-25.43275455492244,-26.4325625816382,-26.193065459878085,-27.15578691285989,-26.849647795954464,-26.523672347074967,-26.956457404079032,-26.895936112834036,-27.058502078727432,-26.155432751939077,-26.004164628589248,-26.25426946355782,-26.16432908319418,-26.714569335253557,-26.60645401558151,-27.360654359455975,-26.990135542508376,-27.315289168631995,-27.37203232000736,-27.506181518314857,-27.488022056053957,-26.16815416833983,-26.306647410217884,-26.504926202861864,-26.476238646073963,-26.916771237197523,-27.279736945815802,-28.931246585895124,-28.427503288392955,-28.430020189490087,-28.6504038779107,-28.88695511089546,-28.87707164458222,-28.097706303643665,-28.362163330431567,-28.63461520775856,-28.808771928120382,-28.82150322257774,-29.09223966016093
271,3,13,awake,-26.828251801872238,-26.499340422293656,-25.75890849033974,-26.34741039994432,-26.13880307459336,-25.601916559588176,-26.098567229530467,-26.224342060722662,-26.438581738466063,-26.361029223658935,-26.575934391220834,-26.352852646248948,-27.50633081113175,-27.033703191609096,-27.023635683967285,-27.15584407889948,-27.21648677923036,-27.40970677325802,-26.31621242647303,-26.63466497416236,-26.943482217414463,-27.222926228975876,-27.544470957383723,-27.273610009418956,-27.591858269734722,-27.362845585995327,-27.59043933025013,-27.417903194160615,-27.525993368301524,-27.456307626332638,-27.41533527638603,-27.335260811413203,-27.712809077135372,-27.253561049976966,-27.631556175516664,-27.6474917947129,-28.639131895723555,-28.306711545447897,-28.344990543521885,-28.339492145040527,-28.31321977251729,-28.425410886310072,-28.71840195788255,-28.99593821079587,-28.95733108682511,-28.94966550695501,-28.987874123989055,-29.021118301621048
271,7,0,ketamine,-26.7918033078997,-26.39634081156149,-26.680650117356226,-25.91807962627914,-26.392643305738883,-26.402948730750477,-25.373706550450677,-25.210674876305717,-26.860677291294852,-26.624668967167338,-27.11286011852337,-27.403817871777612,-27.340315885375862,-27.181858935719067,-27.361580650003877,-27.243280302138576,-27.37452757815224,-27.224801663864437,-25.401637705170927,-25.196447272553772,-26.802530861664053,-26.152004894654837,-27.384463968141546,-27.23038250237505,-26.381579453951733,-26.788882147902154,-27.313898622898062,-26.485668614064807,-26.544667481237138,-26.431522382809153,-24.399357954887844,-23.759378166580678,-26.43328222004925,-25.070307908439126,-27.116398908221356,-27.177051946067802,-29.25757898189359,-29.023065062255913,-29.13166503975251,-28.76316191318614,-28.726527526276435,-28.86243381354283,-27.70409251798081,-27.69149741106703,-28.75787903359536,-28.439354994187735,-27.989882605848415,-27.10918507516973
271,7,1,ketamine,-27.81118953142879,-26.776774451766688,-27.180057266028825,-26.720673223062825,-26.95886845591993,-27.311092870884448,-26.571920039848546,-25.675224982257248,-27.52330627426296,-27.193478405482956,-26.837522391005123,-27.210759676500672,-27.38587071855934,-27.52873066080746,-27.31684111083733,-27.038945580282103,-26.93470555290915,-27.043870896163536,-26.339225236172336,-25.997275855976763,-27.452789484528545,-27.09340757215757,-27.839391204161767,-27.389601458802492,-28.015361430962837,-27.63239158918996,-27.718836887680308,-27.986131800862626,-27.961033058359252,-27.984032918272778,-25.578568018040418,-25.435035575888165,-26.861055941437648,-26.434349840793328,-27.48046793347393,-26.882996752541594,-29.618503672259976,-29.368791372154163,-29.453869139321384,-29.16454011169289,-29.189425325128894,-29.319120157642356,-28.264608944784015,-28.39165827125189,-29.215448208058,-29.28379318746932,-28.136354658562382,-27.004041528216135
271,7,2,ketamine,-26.527655508849083,-26.472889667898407,-26.28114507102517,-26.216190458932626,-26.348855846470002,-26.423296692518075,-24.85438556087656,-24.591622325679374,-26.54755153323336,-26.331504897751017,-26.984727972815946,-27.268172795104018,-26.845427698239355,-26.7152153488454,-26.649512377257782,-26.550916122017398,-26.65600477554721,-26.765881703636666,-25.28414646208455,-25.12829206167663,-26.588299325216404,-26.017304741562285,-26.858766477043023,-26.58683508092665,-26.744543716434887,-26.829655673703453,-27.507645192515813,-26.87899822022452,-26.934432135411033,-26.88121056604134,-24.7978072041274,-24.283813074283525,-26.591113578344665,-25.210306970197898,-27.39028869793081,-27.230542419888234,-29.445749910161624,-29.191939947381417,-29.356693291527197,-29.08779122589041,-29.077746182394673,-29.135128818643587,-27.99702730679297,-27.71630770339375,-29.017162912831854,-28.46589436180689,-27.9891062500601,-26.854496032730264
271,7,3,ketamine,-26.408720820492775,-26.40174300516846,-26.616123318824673,-25.60407326578256,-25.83269367876674,-25.82653801370701,-25.87330769802922,-24.827570772558587,-27.116883846090474,-26.80164467598945,-26.81281014162027,-26.93820535232764,-27.33491477510627,-27.569350962211907,-27.140200773878526,-27.15739773989524,-26.975288598574245,-27.132102641953733,-25.693698852432046,-25.41773461834294,-26.983256954652354,-26.05554761017459,-27.424432701264532,-26.824915574167566,-26.947710684355293,-27.194469040642584,-28.095657358260315,-27.202441967878126,-27.489939154623997,-27.16953489494514,-25.284467017947787,-24.297332202192944,-26.77731620272556,-25.022742249236877,-27.428607214415774,-27.314426421106,-29.597027095615243,-29.22137790543072,-29.49397718850228,-29.177506835219855,-29.12454685702195,-29.237738239772717,-28.095294746007575,-27.950342204464885,-28.72119508849856,-28.686363735228127,-28.41984804169405,-27.60363211163427
271,7,4,ketamine,-26.74081853087149,-27.07537796878913,-26.428958450070855,-26.067585827392268,-25.628042158860474,-25.71957824551825,-25.415010478696583,-24.77877000868222,-27.05433046595117,-26.768017374568824,-27.488209228328042,-26.633171007510832,-27.07528541284902,-26.936241379143627,-27.461919511981797,-26.55036323831731,-26.890817868651776,-26.718989982771998,-25.963769907508055,-25.41469877060912,-27.251329949594098,-26.373843048978618,-27.07168394971216,-27.465890028453543,-26.98174815875277,-27.092169785090032,-27.3794182289288,-26.842678320980063,-26.992440742838923,-26.879655602932058,-25.062938764226697,-24.85333363868925,-26.736475983436712,-25.765415196765424,-27.34622252022374,-27.594840055416192,-29.25481670826945,-29.019030490582214,-29.257040595960763,-28.868093183571215,-28.982868187157163,-29.09484657379633,-28.032118818042903,-27.909634254655238,-28.73696498121046,-28.63459094859423,-28.304772238710424,-27.462411166091684
271,7,5,ketamine,-26.77860959753693,-26.791511859132964,-26.61592265547232,-25.84644855112518,-26.156851253961705,-26.210261646597406,-25.28047741575667,-24.985961271725458,-26.864626343415082,-26.114779750867793,-27.428752929039305,-27.19092258556627,-27.15506953236039,-26.84350074731716,-27.259052617536916,-27.05082247645465,-27.28955332484452,-27.240191183399872,-25.347249529295894,-24.867426121299932,-26.677878606373696,-25.46572600403763,-26.798283353336103,-27.020878234336543,-26.580163375917795,-26.836496299608445,-27.300150070682196,-26.65650264688309,-26.698355152874946,-26.66214953898503,-24.77827214818114,-24.213580564182987,-26.43248039705725,-25.050891720134253,-27.15441352321442,-27.79128856314959,-29.317721921272803,-29.1228613568264,-29.29533608724295,-29.12717088881461,-29.18198922288035,-29.276107796062004,-27.79513630869481,-27.684292921305147,-28.48581167326962,-28.2008706963065,-28.549702719646696,-28.466562552560415
271,7,6,ketamine,-26.156413884751206,-26.13068700994302,-26.374142227572882,-24.94783931316981,-25.917345612893868,-25.926878228386364,-25.90467198730123,-25.17158078548618,-27.589261303415814,-26.69972839686643,-27.006101102225063,-27.021982155593324,-27.422775412740307,-27.473745452146265,-27.72541811215236,-26.878438010364174,-27.169300333983617,-27.181066127161706,-26.898328697531337,-24.98726203579168,-27.158447243559493,-26.351548553612233,-27.172515571932504,-27.734505741561584,-27.05522910311441,-27.127576087455434,-27.30544484050119,-26.989491526911145,-27.08239831260692,-27.022146995766622,-25.246989863241485,-24.31432787839186,-26.87715353635541,-25.3503689020639,-27.522872000743472,-27.224495160571117,-29.66566886401337,-29.28010609573999,-29.45021898582933,-29.348676013035238,-29.197743416091107,-29.317510592199348,-28.438810551048796,-27.87907731217576,-28.823883471366155,-28.59700637775063,-28.47700020204306,-27.267480930752736
271,7,7,ketamine,-26.592140457630002,-26.389040790514873,-26.85773796383399,-25.592560396127265,-25.7812993003698,-25.23293707381427,-25.612966883158936,-24.514621227197196,-26.967811682608943,-25.79844485722455,-26.86942435699762,-26.929043171219192,-27.136262558695236,-26.614646105540487,-27.19829236356624,-26.81459754184414,-27.073887692623508,-27.01469535123224,-25.518837350632374,-25.13208927170737,-26.300871241254978,-25.94148601561393,-26.69727208816873,-26.820173983869093,-26.36590758610884,-26.44394638292278,-27.028350360059157,-26.372161543353727,-26.49393100238047,-26.295593832926208,-24.838332270907777,-24.36211894403559,-26.04321063311192,-25.535662220802624,-26.914433918024223,-27.362345088187713,-29.45166647950897,-29.162728425449497,-29.275816925908675,-29.11733419678808,-28.942794325499285,-28.96988526478568,-27.843489280426727,-28.011249218774132,-28.73082328646971,-28.46329004043746,-28.492670512520267,-27.614044306189427
271,7,8,ketamine,-26.53407768297575,-26.23023597733404,-26.533435438601668,-26.020751670782026,-26.17150420840383,-25.962545296906033,-25.82075980910386,-25.672971197493087,-27.032193452174564,-27.310567284411235,-27.166020100152174,-27.855058211504407,-27.873619073190344,-27.60264307932173,-27.802410311595004,-27.820414447102205,-27.756205596359884,-27.737245645142846,-25.42294541452516,-25.82602696630431,-26.48750668872474,-27.086267513535407,-27.07170336347661,-27.520001543924856,-27.21687344704481,-27.15469683608412,-27.623978255322005,-27.38369663144556,-27.555379453029282,-27.38167604058755,-25.384143213348136,-24.788221908504923,-26.91523090476193,-25.745930056770796,-27.31714378930973,-27.080347217524306,-29.30359247193208,-29.33747950041571,-29.073214022431486,-28.95231264596031,-28.804271745631688,-28.886645008156158,-27.961300840794692,-27.83445737937046,-28.76082469133613,-28.779453718941234,-28.729632683453872,-27.805428643643673
271,7,9,ketamine,-26.457322802949705,-26.366764760436997,-27.017108779597777,-26.35613149140745,-26.352208508995712,-26.371491078823823,-25.750589045069866,-25.48594544033469,-27.213608088884754,-26.415821234093837,-26.756871221835475,-27.46271800687033,-27.16328879491975,-27.155805810093074,-26.986492920178897,-27.040850581016148,-26.75312465721198,-26.864780479544603,-25.442965929271374,-25.33754293657438,-26.940925050966566,-26.650111539361603,-27.37903087881648,-27.31260026153855,-27.30987310483605,-27.460173396894348,-27.641714330564994,-27.35472737918742,-27.226971752461598,-27.281110639304256,-25.005708239649735,-24.85141253120436,-26.742608852044086,-25.689520227583433,-27.793517868384082,-27.177279556221944,-29.362402458320197,-28.96462417256032,-29.216863455311817,-28.92105699872594,-28.848854552480923,-28.99672932911649,-27.900346169471955,-28.03282133386732,-28.689167420836977,-28.737179460555545,-28.453128211596653,-27.92800410889889
271,7,10,ketamine,-26.88402885159012,-26.35414030270942,-26.848989472216022,-26.492791692847778,-26.390741575100854,-26.369929023067755,-25.432986103831237,-25.160468507951148,-27.386096296863535,-26.67138920662264,-26.36490134581846,-26.84343889131528,-27.044679941725203,-26.61683805871747,-27.62555304261575,-26.86809303872085,-27.229374906219977,-27.114899279504986,-25.891022270605085,-25.49895192034738,-27.001735127837343,-26.574095467893596,-26.690583310698518,-27.60123668270373,-26.530262099137623,-26.298571029733893,-26.571511698510083,-26.383727744047004,-26.439853769756002,-26.425878054709887,-24.720173764181254,-24.414100335611728,-26.64453969448366,-26.004012823546134,-26.83373053272261,-26.594445670120667,-29.27511533817821,-29.02302338616631,-29.220084796841103,-28.968846754147904,-28.931138512606548,-29.047894309448463,-27.685897224209715,-27.905418520302987,-28.68544931449307,-28.771118439335773,-28.336189048827237,-27.745306792755784
271,7,11,ketamine,-26.85061050937279,-26.605821918053184,-26.754834683276236,-25.91988657938385,-26.15927177947093,-25.48647674949486,-25.990628153725872,-25.83505115490828,-27.302216785859756,-26.82080427105103,-27.158727949821703,-27.48795133677197,-27.27802708674417,-26.850091165001142,-26.975520796020234,-26.86558134331418,-26.85833075082035,-26.697566474505205,-25.903180165016344,-25.262660887386314,-27.75932492320854,-26.371061335482935,-27.471224019518164,-26.969235809462027,-26.596233521611435,-26.722113712297613,-26.853428269834723,-26.640673855846156,-26.60132333820069,-26.509275121346832,-24.63273971832041,-24.244405936452953,-26.220323960820018,-25.313705958015575,-27.313748233899297,-26.87642007374506,-29.403447066345848,-29.31226231412047,-29.486137452978358,-28.985299815734987,-28.953786343271116,-28.936378601094038,-27.926716618570158,-27.88022610707273,-28.927960460996843,-28.445809924795835,-29.32982591779165,-29.128505670907085
271,7,12,ketamine,-26.59462016671988,-26.31939386526025,-26.722884076219643,-25.926380859139634,-26.150627552737326,-26.04679863145411,-26.313686101108964,-25.800054734724437,-27.278822507994335,-27.02813449755848,-26.814535221306933,-27.85651563659235,-27.953425074058902,-27.156613792495605,-27.18966088034542,-27.375299275729926,-27.428011519600034,-27.446058262517717,-26.22215537693368,-25.76454159641385,-27.625654040790124,-27.334638131420288,-27.250593177224363,-27.38057595959312,-26.74652070653665,-26.688356383669145,-27.20006605392484,-26.680685541186882,-26.82043485937363,-26.738675012255893,-25.081013145216634,-24.212640121848445,-26.811953982539592,-25.709719719383738,-27.09742056981918,-27.836174293711252,-29.46988001071781,-29.445443082679322,-29.342332983848976,-29.25678074716699,-29.179732538461288,-29.358255621650198,-27.848405323681785,-27.78682516165387,-28.900055877515754,-28.608941003981712,-29.16655079119071,-29.157578890980552
271,7,13,ketamine,-26.472594231509692,-26.875670297015432,-26.802069978823937,-25.714288707112175,-25.967469392838243,-25.892852614093112,-26.090281925388783,-25.276053698866377,-27.064717587514636,-26.53870681416105,-27.417992779046127,-27.334662814980902,-27.26029275124155,-26.735505478993897,-26.959109253588146,-26.80034706572313,-26.95961328876618,-26.98356288110825,-26.062451711362332,-25.40671072969196,-26.75500858101298,-26.372785186030747,-27.02350945300605,-26.985932092883303,-26.355794281442382,-26.203748003654468,-26.72455945352185,-26.205422076665975,-26.392034587818458,-26.325764610422063,-24.80556497794725,-24.27874770860042,-26.084475771190363,-25.464578577660767,-26.96222462861043,-27.876324568772482,-29.724868581275622,-29.470130761341153,-29.528735940402495,-29.56052506093508,-29.284957719070004,-29.42344342457792,-28.059422124288666,-28.073747798187256,-29.099845388833756,-28.811704054735486,-29.45277567295988,-29.499708234573855
282,3,0,awake,-26.081351378756686,-25.725007693549127,-26.342721016709678,-25.87909154831174,-26.477900995662555,-26.10428731895094,-25.55579780382709,-25.249806191743385,-25.60996892069516,-24.79097926233508,-26.27397769615609,-26.73508993977807,-26.556691339467587,-26.68895315253678,-26.691821420408097,-26.41547198493539,-26.50972841057173,-26.506336083140848,-25.161840762122154,-25.337120604179937,-25.182998606792193,-24.86875106771022,-26.592499498129627,-27.077617150945095,-25.20219410789191,-25.16440625263505,-25.522671057718185,-25.00077264632856,-25.135552174704653,-25.06062217492625,-24.307040453019983,-24.178700300972114,-25.812072421825107,-24.848884381405007,-26.068177049073753,-27.215281273951284,-28.258837931158382,-28.23010368801185,-28.46759777194109,-27.89820454220159,-28.116682131392544,-28.168949594571387,-27.44238904382971,-27.18205697148277,-28.009241556745334,-27.529101822187414,-27.744876122266724,-28.930219820335182
282,3,1,awake,-25.45354518601498,-25.201869081797604,-26.410716112817386,-24.67631146220827,-25.437841556601,-25.063007296164425,-25.18496580568444,-25.5762365681763,-25.41331842257772,-25.63646663632827,-26.71265484505632,-26.959667661322033,-26.34065316572443,-26.348147433068743,-26.182260148553485,-26.21372339039155,-26.23063011870453,-26.265207733127408,-25.199999887723028,-25.526127426420096,-25.270410695480226,-24.832013691846203,-26.56453080752377,-27.17181474094777,-25.50646278631219,-25.796688257293642,-25.85103632260047,-25.589147454289407,-25.527970379261575,-25.518651023144557,-24.260227733323344,-23.806133487454005,-25.792705884309825,-24.542808674145153,-26.41130432891386,-27.848161831072822,-28.250411768668293,-28.309081171239818,-28.585185894590733,-27.902334690480753,-28.142471525457672,-28.361864160307967,-27.645768042771156,-27.093358285275123,-28.298345708701294,-27.59478451608526,-28.04643961639579,-29.383172193990678
282,3,2,awake,-26.72855060309324,-26.755589692466184,-27.070013699633027,-26.016876277763892,-26.390925633543144,-26.56904851064668,-25.562627048610242,-26.46233473419912,-25.95794138470477,-25.441853326016606,-27.514967700680387,-27.40652723064108,-26.348427575101205,-26.463599433352737,-26.33512210662703,-26.266623142165088,-26.178168321846783,-26.1959171632702,-25.1808318456277,-25.27496675722818,-25.587807257052912,-25.192463125558916,-26.46717999005143,-27.07526488769353,-25.186010008052488,-25.27101590584149,-25.604017979815023,-25.121757367260887,-25.19481054425367,-25.1375060217734,-24.011235430644877,-23.9243111655992,-25.828257295669495,-24.613972075852633,-26.007619362998394,-27.45771596649827,-28.428361448258038,-28.56584529637726,-28.700718451095568,-27.919413249795046,-28.36229949620627,-28.463892378355958,-27.472733696619017,-27.336605145975128,-28.028696438120534,-27.512896825478606,-28.23433808466146,-29.10964276698597
282,3,3,awake,-26.221952424341346,-26.486202916385896,-25.804703601017582,-26.229855401976167,-25.8094869734464,-26.067741228675033,-25.783962283142216,-26.301836103813876,-26.11641922347522,-25.935662430061136,-27.378490058162168,-27.184144316120445,-26.29749755691667,-26.351484294191753,-26.695440498466702,-26.164184694193068,-26.319139089108432,-26.213323663754956,-25.444497958350095,-25.667321303232036,-25.81619420931491,-25.207234082627355,-26.897159924266663,-27.22263458549409,-25.47991724876339,-25.63259618841086,-25.74758973479828,-25.469098033353625,-25.514914548654968,-25.49512288097221,-24.34090678313685,-24.300809004256237,-25.86120685826607,-24.907742671557294,-26.463126957951282,-27.13989835831827,-28.312500034250977,-28.55333981978046,-28.647106679465605,-27.920959460595448,-28.358099579963028,-28.442785104301556,-27.781933763876946,-27.43700906786806,-28.418035393052687,-27.723571983450967,-28.409244561847807,-29.153003302933815
282,3,4,awake,-26.281006053413485,-25.68215858823779,-25.794639685289987,-25.796788362503374,-26.02615175926461,-26.148009052411798,-25.731136513896928,-26.244162157599085,-25.704828207479405,-26.045732714375074,-26.537481367527995,-26.759779206250325,-25.861988598791967,-25.82325923610354,-26.116481507601954,-25.66148338744704,-25.77743280276162,-25.697894470891974,-25.565077399638703,-25.662187284431532,-25.903485935718244,-25.039400048506984,-26.39208099373813,-27.373967679417195,-25.41111819021261,-25.681688916470073,-25.711033935083883,-25.28477954400973,-25.319308834545094,-25.308098357450273,-24.04012039281613,-24.078444295627147,-25.31797261378989,-24.496516255458054,-26.73865484340317,-27.012983808565515,-28.43165040257737,-28.301249073251977,-28.506727889082605,-27.945299366373092,-28.180032704743464,-28.194783205773756,-27.76798008025272,-27.207499611460282,-28.410680634292053,-27.411840546680416,-28.276177257568417,-29.337078326682384
282,3,5,awake,-26.67174666268657,-26.124601713832735,-26.28561897417997,-25.956060547789626,-26.666725010078682,-25.694537611255832,-26.091628827667886,-25.879328559138642,-26.325455918228432,-25.632543403163325,-26.741977542952117,-27.51652037910066,-26.426051599271997,-26.28544638226113,-26.45250266096415,-26.08548421375549,-26.300478816228665,-26.382337803317057,-25.53614963692689,-25.711205650239823,-25.618908237036,-25.182155015640912,-26.44951317378041,-27.461935374928665,-25.407659647828364,-25.55613004782323,-25.662568323125964,-25.223366612652782,-25.30285655617949,-25.211105559183583,-24.07736236407757,-24.045280730627027,-25.50057702494068,-24.858592348257794,-26.477011774840626,-27.347318559531722,-28.589474439652633,-28.521795083725873,-28.81497533192434,-28.149099213277168,-28.206527867545844,-28.43429160726257,-27.767860929481884,-27.483233381973267,-28.478628312403096,-27.80331515332988,-28.781464611543708,-29.534922731706846
282,3,6,awake,-26.231876350065498,-26.214539845511613,-26.354066364819314,-25.583932688121077,-25.895771873574244,-25.626593181836682,-25.617641213660583,-25.864974623606784,-25.86586184021308,-25.749774321139757,-27.685504683622472,-27.116591524842573,-26.079784850439957,-26.153802388532622,-26.8272319710899,-25.89933705433589,-26.09151536569442,-25.85465396098357,-25.113630739008073,-25.474302966325535,-24.955700601734616,-24.841575486419153,-26.666345581471646,-27.315337313006747,-25.53620281613481,-25.71254096182028,-25.879359911384586,-25.540416788553106,-25.57710774535625,-25.528462552978816,-24.242829099413516,-24.035459498036,-25.664300020578214,-24.68238942456469,-26.50257975036279,-27.31112086082568,-28.34207106384757,-28.349549863978233,-28.76262944102536,-27.861229950423294,-28.13736082474063,-28.30219937024699,-27.848380562929062,-27.470531573800397,-28.326659394607944,-27.8161942756062,-28.412876330108247,-29.171060259561738
282,3,7,awake,-26.54580547514292,-26.365763182359768,-26.437022212965335,-25.972451804027248,-26.19397098732194,-26.063874543042754,-26.04232536827934,-26.477424354343633,-26.264882122291166,-26.34323677079171,-27.29374267405764,-27.256981364296234,-26.410727579883723,-26.375181627320337,-26.82751694419262,-26.36276999873565,-26.61172246294367,-26.448297375882802,-25.91960648494745,-25.937732093182344,-25.808564603889238,-25.208987168770097,-26.42275738932015,-27.141172936762967,-25.731390507836185,-25.920238581938914,-26.05817079707997,-25.780462095708863,-25.823166629522472,-25.768885501369258,-24.175729798054046,-23.82495923559553,-25.690386343341952,-24.752993282777243,-26.49476231784098,-27.567831576945647,-28.376249594130517,-28.462348821805772,-28.82845710341933,-27.805916257953623,-28.15143378351491,-28.377665781377008,-27.39681318165169,-27.468462905004664,-28.200028913240807,-27.691900681222283,-28.502136632256516,-29.236654079722516
282,3,8,awake,-26.289341563385097,-26.21718222454945,-26.492533017854726,-25.753733441260348,-25.932158817680627,-25.817834440255826,-25.87610040307297,-25.93686541459733,-26.332053218200844,-26.125772458928186,-26.82527102550217,-27.4640258284418,-25.97581127658144,-25.94850962373763,-26.254264523639463,-25.732631912380384,-25.85613197194808,-25.79959993523265,-25.462256840088195,-25.693067369852688,-25.104061970264855,-24.948227030908285,-26.350665653879062,-26.696899994981994,-25.503709693828508,-25.643322705003758,-26.002982365868018,-25.497194668545376,-25.552822018628444,-25.510370414042587,-24.22012729322235,-23.911843108989043,-25.511756207740458,-24.403309833886482,-26.303753054603277,-27.41921380272155,-28.44766030075274,-28.57261076464544,-28.920435080098137,-27.97732983888423,-28.412714387355653,-28.540067517844005,-27.403734806964298,-27.445445279896163,-28.077383308581343,-27.598638404177805,-28.22969939603813,-29.03148244058456
282,3,9,awake,-26.446194106084,-26.410084231947504,-26.208308435450732,-26.35277322457702,-26.515473188774042,-26.43284297452288,-25.93105097167614,-25.993628577745593,-26.04148484541949,-25.832010793815133,-27.249808567608614,-27.522821505664336,-26.66793574198541,-26.802559676673617,-27.101916953700616,-26.612989073094365,-26.639177286605573,-26.59406642905158,-25.93497892093985,-26.075237813211185,-25.526639280277053,-25.72714389678962,-26.954054970232214,-28.23661640253095,-25.640947642824244,-25.72161807639189,-26.331869524472417,-25.520543082236244,-25.812815199563847,-25.645540020953504,-24.228732415022396,-24.139468799801815,-25.81704806016304,-24.612933363653948,-26.605832040478035,-27.807436167113053,-28.45781706803974,-28.590755611415293,-28.607559946257652,-27.984114953030293,-28.318156927788408,-28.47575131852278,-27.599088945479984,-27.60932883324487,-28.276552099335014,-27.751550860329505,-28.36585504480494,-29.109576039886996
282,3,10,awake,-26.62394398379079,-26.337285400679246,-26.720822409417305,-25.992824044373695,-26.466032024431833,-26.582887473964277,-26.617289782415998,-25.934278507369143,-26.67773584885759,-25.869567177058844,-27.18818983101737,-26.872328167275203,-26.608269561066894,-26.50381013711837,-27.010852275857022,-26.445809997343996,-26.81541826221991,-26.501090533701724,-25.935486128524474,-25.516985486393295,-25.81749361576207,-25.058068691340523,-26.772007588347016,-27.43849317423795,-25.57219795623932,-25.752720703004623,-25.82986444536268,-25.519400503356028,-25.526564535381233,-25.515669997356945,-24.122422426102432,-24.26746088562389,-25.46123360826738,-24.97948906744197,-26.352140155452027,-27.235021940341706,-28.83491203264035,-28.69358999367072,-28.92211038312051,-27.89025932454811,-28.34688297478777,-28.527956990468883,-27.66354705172655,-27.70651247099314,-28.124441254058503,-27.871041978035322,-28.344475866412175,-29.37701843874506
282,3,11,awake,-27.28981821283644,-26.591607796276882,-26.751584899482516,-26.707285486254438,-26.36781711439155,-26.6118381053502,-26.688665370478606,-26.411784441196758,-26.555167757828208,-26.191521198909403,-26.751252151950645,-27.89966884309821,-26.93246665803561,-26.863756108232096,-26.72042036752221,-26.57452911115559,-26.58000415434867,-26.63332013999167,-25.508100295029543,-25.89978773623403,-25.288849799223794,-25.462761494529197,-26.91633909747906,-27.660936410398428,-25.40954971516871,-25.505898363333397,-25.707825136074895,-25.27113025496722,-25.353350563337155,-25.338345727968598,-24.41889561826393,-23.960970003484917,-26.31659852062191,-24.581452505711873,-26.260208742274163,-28.004549625696573,-28.438461078949206,-28.381762195612755,-28.61885851640052,-27.674371863913095,-27.993502444913666,-28.280694167229917,-27.660669720493072,-27.564058379414977,-28.230633007992232,-27.923900510778925,-28.18537094192795,-29.34364928652493
282,3,12,awake,-26.44388934828877,-26.453818600499815,-25.90519949556511,-26.23138190819021,-26.074708325022026,-25.997492084565582,-26.11489939847687,-25.85865766624811,-26.679312368388096,-25.93928186235757,-27.267902905094452,-26.821758342681196,-26.40707402380519,-26.282310253666587,-26.59155788251834,-26.14564137235037,-26.10906682712609,-26.093754643605916,-25.646791169848306,-25.629916560495626,-25.34713854849313,-25.15551039959221,-26.471653015265726,-27.75977855242093,-25.40284902035191,-25.505908237436735,-25.650786418633675,-25.29864897511757,-25.31789262823052,-25.28331337898241,-24.104222401474157,-23.980774121453685,-25.354916859628535,-24.692271675112586,-26.322883998378764,-27.548830849078747,-28.469952623870917,-28.67229303573353,-28.58976790252956,-28.05640232465328,-28.27316370757585,-28.507815490925484,-27.75713098556585,-27.734846771893675,-28.436646513009162,-28.06092731436759,-28.646408454179163,-29.196279823335242
282,3,13,awake,-26.14931844424131,-26.135729892832902,-25.96297221041861,-25.66338347468196,-25.71916271742669,-25.25842508396633,-25.976802792561834,-25.962347089924613,-26.716955503610535,-25.78065255213799,-27.218275853810155,-26.97225161747713,-26.46258236692974,-26.284143999180163,-26.76215821123758,-26.277049943617182,-26.46437530433838,-26.35978882730518,-25.899260645601448,-26.10363757653985,-25.657495072368853,-25.747404729177397,-26.341191296942227,-27.723963869306754,-25.15094829133194,-25.30723167182773,-25.57410973917161,-25.122114803370987,-25.189778469912454,-25.07334954805187,-24.127035424959036,-24.296533051668348,-25.607445048619063,-25.33189335553584,-26.061690987846514,-27.70409292186553,-28.662299270568653,-28.712765220772372,-29.02121337271405,-28.029463923235127,-28.737593546764824,-28.732892909154593,-27.764219703009683,-28.34395295381296,-28.1756800222703,-28.383910186756864,-28.654886634595485,-29.234902276365837
282,7,0,ketamine,-26.891278253938374,-26.697038356686974,-26.131559579787353,-26.629199208223472,-26.57316516316015,-26.47211493593505,-26.92019333035785,-26.7225035326849,-27.539141546595605,-27.079418239467646,-27.46758248104543,-26.71109462132315,-27.881605426491408,-27.553743603374514,-27.563602633768387,-27.827989613787057,-28.05703022630226,-27.776692806840693,-27.63033396005848,-27.515504044426727,-28.142901415064685,-28.179013414106713,-27.95257259164907,-27.866957985288398,-28.32913035904149,-28.3219417743853,-27.5478198847885,-27.833532436697393,-27.609982013436774,-27.565733784395757,-26.808549050370505,-26.497028261452574,-27.466290306455384,-27.203415759438556,-28.024595101694484,-27.74041601295057,-29.114174114498564,-29.429105637262804,-29.021318966618594,-28.433524370268447,-28.41545842506158,-28.731805484614473,-29.580969382062083,-29.522064381102034,-29.698027264201194,-29.529798031049125,-29.020828644597582,-27.943437440883702
282,7,1,ketamine,-27.4552259783921,-26.767391541201796,-26.420260272568555,-26.44110175461511,-26.643795375007265,-26.66513980114682,-27.330903913915115,-27.20558893754494,-27.929885410273446,-27.486910754354803,-27.710012931793546,-27.37121285651044,-27.730977381171908,-27.647612971128204,-27.512113285793138,-27.89678680847512,-27.743602054273694,-27.6136795985747,-27.520890969136776,-27.55647030225037,-28.078236640370562,-27.67105615119388,-27.953112478927878,-28.09388452292398,-28.248413663851522,-28.479839654598816,-28.089841672238954,-27.875214311428042,-28.395369774822985,-28.298573576806007,-27.210092318806026,-26.850810967062028,-28.052686278706002,-27.30153110446118,-28.55989217909271,-27.51633518990965,-29.101055248231003,-29.680684517484288,-29.709278449327705,-28.752939341670487,-28.87118658702313,-29.584117389900502,-29.746060675511035,-29.442440753719737,-29.782100545960127,-29.58987385929486,-29.271217638534228,-28.685302956548828
282,7,2,ketamine,-27.591216130506588,-27.237688487395616,-26.410193585466224,-27.01689081847821,-26.521557648091527,-26.295829012319242,-27.008175427287373,-27.04935711344273,-27.506581646058372,-27.73164608439725,-27.53846407739212,-27.063917522387754,-27.56019659800053,-27.16788871219281,-27.637279295457134,-27.61405697027691,-27.602421930175815,-27.198907206512956,-27.413419907192083,-27.078069507453833,-28.014671882735975,-27.814610363100773,-27.696440163165775,-28.272880931761357,-28.41084337434522,-28.595292471413668,-27.9798332736197,-27.87154736127569,-27.959228013901694,-28.140740024968515,-27.55840531914093,-27.32260632050606,-28.32896757215172,-27.818642616631795,-28.56768785712983,-28.04517198653939,-29.13515937578384,-29.527121897095178,-29.739250652952823,-28.577989846348775,-28.840472788864723,-29.415710303060923,-29.813707016065123,-29.48693924538676,-29.945352163149003,-29.81562031200262,-29.619650559089074,-28.906276193521464
282,7,3,ketamine,-27.532893793966014,-26.89474248875125,-26.780671838182762,-26.81909321685821,-26.620265511547856,-26.57242921519953,-27.600220276275945,-26.906521986879014,-28.61761062021174,-26.760381575833858,-28.01380070981077,-27.0943195600311,-27.74083366594959,-27.518203027076765,-28.06496160708689,-27.675326940267517,-27.888369397055445,-27.733127494576337,-27.56807633091688,-27.277773189905083,-27.604707175788455,-27.30950574201155,-27.66815253520058,-28.17204177172113,-28.198573493806492,-28.270583563129232,-28.26344450496311,-28.095586976841446,-28.206457539697965,-28.268064193654258,-27.580287378381076,-26.881056111181216,-28.091400914885906,-27.303575060464702,-28.496593996939215,-27.94710840352181,-29.268450738896654,-29.611963366382213,-29.592541236649534,-28.636699507670947,-28.802204134732726,-29.467002269218263,-29.520884128843907,-29.585929405959796,-29.676601392440087,-29.79610947797476,-29.47303991669808,-29.043465504162132
282,7,4,ketamine,-27.25928829599325,-26.932212783975434,-26.62587393652837,-26.87346076211832,-26.714257951739324,-26.57482502549387,-26.819797858074097,-26.822832056343834,-27.4000290816276,-26.977559291439263,-27.815733991681693,-27.514097094852417,-28.20962664880935,-27.787209787132333,-27.88430683383766,-27.882493863577935,-28.223546303811215,-28.243113396117124,-27.58397115937206,-27.62996367037617,-27.757741494177974,-27.740669515005408,-27.90505180209579,-27.999352633773082,-27.886696961380167,-27.963473860097594,-27.73362390997762,-27.959473535352913,-27.75514019521965,-27.833388646023966,-26.917040656338116,-26.402756010255565,-27.998864568690767,-27.332893052026392,-28.494111959041735,-28.132799911481598,-29.05840029817845,-29.295780059702455,-29.85461556863458,-28.60436031872869,-29.04217531170278,-29.559776555882358,-29.423350024718466,-29.19352916081572,-29.728091541594004,-29.69975114143361,-29.575112003950572,-29.100533844534684
282,7,5,ketamine,-27.17609408077372,-26.61463690273663,-26.631327185372484,-26.87193124322552,-26.587668787508456,-26.406105615457726,-26.585073223556908,-26.230046013608558,-27.36982503611147,-26.714452174724034,-27.319959333650562,-26.98813503836974,-27.78594307988653,-27.302070361476293,-27.663605585895592,-27.576147067198082,-28.004073232737568,-27.762686652786517,-27.46743880954542,-26.923484818016888,-27.72240013498972,-27.70663499753505,-27.624008747428146,-27.770111745783304,-27.187809475584793,-27.11232492859313,-27.34227130358334,-27.171016939055257,-27.250530193023128,-27.185707811430706,-26.340461063347668,-25.41174011909223,-27.502906531301644,-26.27240384523093,-27.396782215973005,-28.038909650723543,-29.16863381140268,-29.542809492200245,-29.40479103439351,-28.829483422226417,-28.77805155507548,-29.55568073620445,-29.45496796912835,-29.043489483877824,-29.604329449200147,-29.441599623167193,-29.673942700066533,-29.05185141016348
282,7,6,ketamine,-27.02458215929818,-26.171899805253652,-26.472181780607542,-26.551240132547026,-26.742942487841407,-26.60792195882854,-26.387008960556855,-25.777304198000056,-27.131143315273423,-26.398511760464036,-26.773860567119645,-27.486524275294066,-27.39463604269666,-26.789691879988684,-26.855878660841938,-26.79728644552445,-26.828914640961063,-26.89826422751988,-27.09531831359336,-26.299690390499734,-27.34863638479162,-27.36464164838171,-27.070051810217628,-27.893620170036435,-25.997746815258683,-26.088172707078154,-26.43791857935855,-25.93180390227224,-26.00604704835779,-25.955104807379744,-25.02087392322523,-24.29830401798668,-27.050772515091243,-25.230221345745385,-26.84678396298259,-27.92792141816707,-29.001227632520624,-29.21149406712772,-28.510645089846072,-28.60961461564308,-28.53597731817712,-28.982088223543624,-28.604738425209614,-28.420831216652953,-29.143030907222524,-28.554251853649536,-29.314582381346202,-28.60027898618518
282,7,7,ketamine,-27.268063402400056,-26.455211266329414,-26.07020553735331,-26.088064416731132,-23.989640374016204,-27.116660487840743,-26.505209885741216,-26.50708264157968,-27.459592554484043,-26.64760771342089,-27.544479412348256,-27.040238433487655,-27.709026240622862,-27.46306753842218,-27.58447139785667,-27.43299119519403,-26.7607323683086,-27.46173484729645,-27.06291795310074,-27.163216598495932,-27.734970049693388,-27.166995358458006,-28.010440824811152,-28.076608230398936,-26.904840622278584,-27.027152431228416,-27.361189346497017,-27.014899657884452,-27.03773747150699,-27.048498313502638,-25.390404919570717,-25.460196771324895,-26.676033640664144,-26.549687136107554,-27.883362953698423,-27.646881796712748,-29.32433025268977,-29.383590843081656,-29.403504424205945,-28.624435394079985,-28.573008040035894,-29.392918360573507,-29.141189349090915,-29.309235746534174,-29.55557215002463,-29.37606504575885,-29.324775189812332,-28.863814751091407
282,7,8,ketamine,-27.988469675511375,-26.87199699178303,-27.24468429642148,-26.867980406011924,-27.280505925379398,-27.12846128330217,-27.477813208045713,-27.173084672924073,-28.039673220307048,-27.493258079656677,-27.66192507753701,-27.167559051312555,-27.949798329019956,-28.375816451688046,-27.686566160383663,-27.66169956280934,-27.523377061177758,-27.59138355738975,-27.83323845073964,-27.214864933657076,-27.862719766053917,-28.153860985767988,-28.530732244302786,-28.270777019168357,-27.74465770623839,-27.729331158162363,-27.644717795360087,-27.57117590686062,-27.667683379075726,-27.686199011599186,-26.643969056605524,-25.411164085333446,-27.858753702899364,-26.450620144588946,-27.946469399444748,-28.004261224959365,-29.08122802643528,-29.444457260166132,-29.768104613206862,-28.601456685901944,-28.79698425708039,-29.597486146922396,-29.414578617654254,-29.23016015064085,-29.813264424233303,-29.670316751197372,-29.611982789818597,-29.08212218097687
282,7,9,ketamine,-27.876474471637554,-27.040156796449665,-26.82078986947733,-27.279130373261918,-27.127895550450148,-27.716170815298685,-27.54027724696277,-27.266692129716123,-27.34967711852575,-27.530632331748638,-27.35968232536813,-27.610363201669273,-28.48455980876361,-28.10546485941071,-28.147181029319995,-28.26252743250005,-28.390891567108625,-28.499003890840566,-28.120169674962376,-27.888279430192505,-27.94482771101502,-27.502276463503264,-28.16899487389903,-28.1751149845711,-27.74297325717667,-28.109789952275293,-27.753087781738977,-27.7806696487399,-27.77575304481957,-27.675643707504957,-26.088767988741875,-25.91143510945007,-27.571078042438703,-27.0426304439497,-28.74004510067482,-28.510641890193927,-29.27176566400717,-29.65921226117814,-29.55292889764397,-28.703938913751127,-28.744271085442172,-29.640814124938956,-29.070998856057173,-29.09732568071073,-29.474184067511136,-29.4989880880637,-29.65095870467682,-29.013782161740405
282,7,10,ketamine,-26.95554495339039,-27.304151470482402,-26.84774752359529,-26.174355318587892,-26.71959567858543,-26.471441164663695,-27.149059487255865,-26.838432887666084,-27.665694709716256,-27.21681784188893,-28.19286186453324,-26.129317213330864,-27.922139560623933,-27.667653835999538,-28.043444524112125,-27.768376619893584,-28.089566518274093,-27.9718471652344,-28.06062424638135,-27.52629304458283,-28.23847045008301,-27.801898569106058,-28.13561364592432,-27.787156228201166,-27.7848489909301,-27.83335978624945,-27.7845987703136,-27.804891043514395,-27.827651451115795,-27.77628300700222,-26.123750652734707,-26.241420692803203,-27.65200502819893,-27.503638010418417,-28.326000125403,-27.695146687687245,-29.128738369192185,-29.783075823057573,-29.646208268098245,-28.678287213240942,-28.7567411934358,-29.64781704028295,-29.427337988253882,-29.52344063748218,-29.989333271853486,-29.607759395097826,-29.79317118096015,-28.938301173787686
300,3,0,awake,-27.327245492225007,-27.145489933025498,-26.540808343668036,-27.07176849907206,-27.622427243479404,-27.345896471502975,-27.003224869567426,-26.82832634186207,-27.425831381984697,-26.947881303779347,-27.34494480071613,-26.513001547502267,-28.064099184028546,-28.265030122969307,-27.70467901631581,-28.067502425096702,-28.309722380705107,-27.846509105379845,-27.45315962120691,-27.557449240848623,-28.288564585249173,-28.212178748657657,-28.3487622961726,-27.897693633004266,-28.855592317974907,-28.60181715281956,-28.520778980796944,-28.529520856827187,-28.44975614995538,-28.60725031794683,-27.220199391799017,-26.84548065251658,-28.03013209714293,-28.05242841507033,-28.797667552544887,-29.047382752604488,-30.504142020197204,-29.79095335413099,-29.849889204679176,-30.09165082825958,-29.81906391507509,-30.555523068814125,-29.86925901381725,-29.947100813226715,-30.132270371370577,-30.217445329801254,-30.35778611534469,-30.356117101474783
300,3,1,awake,-26.852481376060943,-27.14902155885901,-26.61478230241478,-26.807973625750325,-26.530284790141486,-26.74109007394694,-26.74412426046044,-26.94813021182193,-27.641874774663982,-27.53579643570384,-27.315083414777824,-27.062161649496765,-27.458204585180457,-27.475376746512573,-28.036300768279762,-27.260776899632447,-27.543582167995915,-27.258857854144967,-27.39037455831959,-27.430176253498523,-28.328525216450632,-27.984910595737308,-28.289115450550216,-28.141482421288796,-28.93255116189072,-28.755421935867183,-28.679367743163418,-28.831622899389693,-28.386394542273425,-28.864384961441704,-27.364977652832263,-26.52113335826366,-28.191342724730973,-27.957224036384826,-28.89774483821821,-28.874761983099678,-30.49829204028788,-29.736828943245005,-29.70239932850831,-30.117495606556012,-29.460268361582553,-30.48439519649337,-29.463587923572593,-29.850609501926513,-30.002885656849994,-30.468926962249334,-30.124809752962015,-30.298689506771332
300,3,2,awake,-27.107329878083803,-27.09741248608691,-26.229139789055264,-27.17023723516506,-26.74150012780525,-27.051114246463634,-26.87215665504503,-27.423507977213326,-27.05786717433234,-27.49133345560436,-27.380492103857744,-26.573017876755685,-27.731640653685567,-27.55286587508398,-27.26365217104635,-27.628119946297698,-27.856051797572654,-27.890887449795546,-27.391344373460385,-27.64906510846165,-27.34412948357134,-27.766789382586133,-27.37567512318638,-27.479308411317028,-28.34702779201183,-28.058116125537857,-28.109847231883627,-28.232981202592082,-28.406742598429737,-28.244298275444436,-26.519687838517346,-26.12985987549848,-27.611983793426912,-27.31445339382828,-28.363478643616908,-28.366889063660327,-30.37240239838232,-29.82829997476531,-29.663617050258924,-30.0928184316757,-29.856826563579087,-30.37147771280091,-28.950214267918945,-29.35342496407247,-29.746227421860095,-30.131072628591035,-30.11324992919665,-30.020569178334657
300,3,3,awake,-27.089223325825966,-26.653303916948538,-26.50391217171666,-27.03479594979598,-27.09875780098987,-26.943083440293243,-26.14276062434663,-26.1994707850824,-26.84575910697558,-27.413442860871132,-26.53771400246103,-26.843247904844866,-27.920024574280685,-27.797489179057614,-27.674211883760687,-27.752911410277505,-28.09456894840097,-27.84862684413718,-27.143454894554473,-27.303791899479705,-27.797910235918156,-28.128414707377207,-28.274775959923534,-28.09443262334598,-27.936530132688976,-27.549213878110614,-27.506388759767198,-27.724039414492204,-27.53988558174699,-27.78117059056167,-25.763575518387956,-25.53950289995425,-26.981077612864617,-27.433662105406878,-28.216970421097688,-28.17433929732303,-30.598075920456946,-29.781294819559776,-30.137292178319207,-30.220181433033588,-29.534337302804246,-30.551080462846894,-29.05343787845009,-29.456258672042303,-29.950868623837046,-29.864388374880658,-30.1431901783917,-30.322053622725598
300,3,4,awake,-27.50186464952361,-27.00294576304143,-26.75476671573609,-27.61580979144188,-27.46281752631568,-27.38726115802387,-27.181202065157873,-27.778129873979328,-28.056761449515893,-27.64930222649764,-27.497609737016965,-27.41881718881424,-27.776251629187215,-27.703129268908995,-27.640477135035283,-27.669694528819424,-28.2041387195988,-27.999104153189787,-27.359470198401215,-27.41868366024388,-28.04969215756709,-28.09536452688299,-28.223189072622073,-27.786308860131292,-28.906019079708727,-28.625456348824237,-28.73604820843087,-28.746374785788937,-28.827128028064358,-28.689046012603708,-27.22430684219969,-27.39517369080663,-27.90625094852031,-28.771047689309253,-28.87095697450003,-29.147192818099597,-30.77079795978893,-30.015652584597756,-29.877707078854762,-30.42103862461147,-29.77887228350855,-30.551193393529697,-29.969297102018004,-30.021030725460342,-30.35446952313535,-30.687241241133002,-30.410723619337805,-30.50438626486225
300,3,5,awake,-27.425049376455217,-27.026115355822206,-26.81284247439318,-27.508940685083186,-27.621109459470492,-27.658617831052105,-27.48945421327092,-27.60994293584877,-27.551857991704967,-27.493664654473882,-27.254018348936487,-26.93662305639425,-28.29004123509344,-27.772594878027615,-27.7379328268485,-28.049504714650325,-28.11214205070565,-28.04821825578271,-27.370122491874803,-28.000000310783747,-28.001763957289672,-27.942738544472196,-28.13505780594566,-27.951856780457327,-28.750376798387812,-28.445466046870063,-28.6292242005141,-28.57943590970281,-28.962114874647174,-28.871125653050637,-26.78407985025135,-26.572249726313768,-27.49067532283957,-28.374880123238743,-28.832431853338175,-29.025257405199497,-30.430344175968404,-29.953533318941258,-29.801610198457546,-30.21517992156659,-30.103149312377823,-30.490724113077214,-29.576941564830307,-29.927501241398122,-30.1700212008699,-30.326542977765758,-30.078566055886835,-30.407560850141973
300,3,6,awake,-27.770446093198995,-27.28747449980037,-26.668305721385533,-27.578978176392305,-27.01688173520827,-27.725095779569347,-27.21071213050308,-27.11996310059677,-27.644984959831696,-27.58184668298699,-27.401681434580805,-27.10393694018721,-28.061074268878677,-27.851470611655447,-27.917543721837877,-27.755738928196717,-28.05522719634084,-27.912775083849287,-27.939822348450143,-28.10479733353522,-28.077731179145886,-28.58893472065115,-28.364520574676952,-28.453078884918515,-29.047605352026196,-29.11167653807156,-28.498802649687995,-29.007148607456916,-28.828859938223427,-28.869566849604148,-27.52147947865108,-27.536899179320752,-28.147486435678807,-28.4458635552274,-29.034887779921775,-28.714120657096082,-30.589810911672295,-30.020734690725007,-29.941320180147244,-30.369347139049356,-30.239567202887653,-30.4921315249376,-29.815180681938084,-30.16264036709711,-30.32368496958917,-30.692777969528674,-30.494425068927978,-30.695224785964108
300,3,7,awake,-27.56540116390036,-27.537833064685827,-26.779710338280594,-27.38851672065137,-27.358609591868635,-27.491335233842662,-27.266168838315085,-27.28665450223715,-27.385415749224705,-27.502213590408218,-27.6138349902752,-27.452075574813854,-28.48288339000793,-27.938118654544848,-28.06985219192258,-28.211063147449096,-28.437485082474115,-28.373055561123685,-27.642346119062307,-27.990386306455463,-28.347091745317943,-28.437791789673877,-28.168018895204135,-28.529049053068917,-28.53288364022569,-28.480971918833852,-28.554046729162934,-28.44895931504536,-28.41673533597802,-28.490797250351903,-26.768499582420787,-27.050829693407625,-27.623861918466925,-28.128978718378796,-28.776816666226303,-28.90497889847345,-30.635419814244962,-29.96937522465512,-29.94431554980864,-30.317529452559967,-30.27720796874868,-30.440341290107344,-29.828486320429803,-30.13520923939917,-30.308298547247908,-30.4166269202764,-30.182477340053286,-30.659444467399354
300,3,8,awake,-27.77917677009879,-27.52749848938057,-26.411475099020784,-27.719256320944837,-27.203901550152803,-27.656431797242398,-26.82243742088353,-27.395078460913705,-26.86307551979843,-27.750098779237213,-26.918557702818518,-26.828340568035227,-27.90962261470958,-28.070051004336268,-28.042751207440343,-27.728331076020215,-28.108819501525712,-27.784067513094588,-27.546151635198417,-27.65314413047353,-27.941142424165648,-28.255044661913193,-28.290797427291253,-28.541634221994272,-28.354214113966357,-28.099979822364066,-28.41944317696361,-28.23223897877345,-28.381396466894007,-28.36832643329375,-26.295058883906474,-26.15404655937934,-27.272824561228614,-27.760816560647797,-28.329183668471646,-28.753919616441475,-30.30586542351864,-29.98423030388427,-29.96622007775959,-30.14254176822615,-30.26171785229748,-30.414994414377563,-29.42476848249254,-29.467223497361918,-30.057040462074124,-29.87653942038252,-30.32723369384472,-30.46066664000921
300,3,9,awake,-26.7063331331418,-26.92225479990095,-26.396685296640005,-26.797621453124695,-26.74902087743365,-26.724599327311058,-26.818838351935657,-26.435318164941297,-27.21765076462091,-26.679044351132546,-26.90244311501579,-26.82082880301002,-27.631651651095336,-27.407342431026635,-27.883774437850256,-27.515270085225694,-28.374032675728362,-27.726259991607506,-27.314462459328535,-27.199696749351617,-27.526182299910168,-27.68889656253274,-27.679527823530087,-28.021037180795787,-28.455427607904486,-27.86251365928868,-28.41933827133619,-28.472996420385257,-28.65189436322201,-28.34967056010899,-26.9862347697623,-26.889458048412433,-27.63853117735943,-28.188358231215354,-27.552040759385676,-28.91144499551422,-30.421079817315686,-29.872470616006236,-29.90361160838035,-30.17096240154287,-30.095262586756714,-30.284713536357334,-29.79801823227168,-29.599115443792762,-30.00766014446147,-30.427544814703587,-29.94854355049665,-30.30908615333956
300,3,10,awake,-27.09338755574045,-26.78927897832433,-26.984731842156425,-27.243170660037052,-27.50261723854847,-27.278436305373774,-26.98673048585219,-27.344430462898085,-27.03478372574144,-27.198643346241933,-27.033038402155974,-26.998615452997257,-27.831347434809874,-27.896955048729886,-27.682925800914894,-27.69646816922581,-27.910027890986616,-27.757614632171574,-27.352913722650698,-27.700983562500273,-27.744092553280986,-28.345759451217827,-28.010622980853775,-28.418951236803135,-28.4717366971806,-27.805006341849666,-28.537509850297212,-28.225192716507408,-28.42635689563592,-28.35642016584687,-27.728276488879406,-27.90856495600861,-28.222572104342866,-28.760206981798362,-28.169422959619293,-28.543746364100574,-30.438219301906088,-29.590597968618837,-29.895985865933866,-29.968879232240578,-30.33522903718433,-30.4013076285372,-29.976872157545767,-29.848714128701985,-30.51009994889482,-30.386387330947848,-30.278419013401585,-30.372902738412552
300,3,11,awake,-26.959042408410717,-27.276811900510666,-26.611689484761172,-27.166547296202367,-27.257988925379088,-27.035501422363993,-26.969875428999792,-27.030817316130825,-27.14672598620926,-27.208222329044045,-27.491997080955482,-27.022265028102968,-27.241588879713397,-27.22460564839101,-27.387683444792355,-27.025991622646345,-27.520251949879246,-27.248309712915198,-25.64968064122306,-26.516253883353837,-27.14116509600488,-27.77290943535148,-27.989280949273493,-27.70744884428276,-28.896481551174386,-28.458888162677443,-28.523527958247673,-28.755546005809105,-28.77272860474106,-28.721158589035046,-27.684732810717183,-27.895088724171273,-28.529931667464865,-28.80653038646911,-28.82650260988182,-28.57362751628396,-30.566189465272082,-29.85113900349288,-30.09688457235596,-30.347931238886652,-30.403825235121598,-30.774043517201676,-29.877857505543975,-30.25198131680799,-30.411614055244563,-30.27320270306423,-30.32587425842276,-30.3648964283892
300,3,12,awake,-27.538979073068607,-26.812579315252925,-26.803165619439458,-27.173811613440584,-26.905775542264053,-27.339299881553618,-27.378230274300712,-27.371305735761787,-27.01417911849529,-27.610958897850626,-27.351710196469792,-27.5666429928585,-28.039508917390094,-27.741906698755766,-27.67854912938808,-27.856573110201584,-28.100876065351237,-27.998873785442495,-27.63038551721668,-28.2072396088372,-28.19096050365019,-28.357604914812022,-27.79472078008516,-27.983472317642875,-29.05509839988482,-28.92006294520841,-28.619193482392507,-28.77623889350149,-28.674592563882342,-28.769341511997265,-27.533198848646116,-28.270839322306983,-28.55726334806657,-28.818516142532943,-29.2147582582431,-28.93651445842479,-30.81985535366137,-30.028529993233697,-29.92501443474591,-30.43179892790129,-30.392504338432747,-30.75716053142832,-29.828079456531952,-29.93830078894177,-30.139438141195697,-30.327857113797766,-30.355544697049254,-30.50397441851161
300,3,13,awake,-27.284605007195154,-26.686505136465986,-26.674874632310495,-26.99226107101041,-27.07324695537904,-27.115827515726263,-26.836248138800332,-26.52599875883644,-27.52742341761917,-26.8706388082755,-26.807141384418117,-27.009570498663823,-28.103709177658438,-27.563440812209127,-28.278930431363126,-27.868765053423857,-28.036624625531836,-27.91148115072439,-27.40034067444471,-27.65916337089916,-27.839367639933275,-28.252045844191123,-28.107517806430955,-28.756785478619808,-28.748875766547233,-28.574830073858497,-28.801966736651718,-28.487677511249203,-28.772322145816467,-28.539097089907788,-27.142136066476034,-27.524392339015947,-27.757201865517004,-28.175130828608932,-28.94537308090854,-28.567437929765827,-30.722124634964004,-29.78466352300465,-29.81880342946987,-30.4282552050717,-30.273927627933517,-30.69842605214734,-29.825469853253413,-29.68979037294963,-29.783297440772095,-30.312267522745547,-30.08950135782018,-30.543780644872307
300,7,0,ketamine,-26.75394270590549,-26.512829951856705,-26.22446021234766,-26.293492336528473,-26.16125404691754,-26.11215070200054,-26.70451477078739,-26.47342078677328,-27.479161542765375,-27.243356784420797,-26.53658231676472,-26.645849142820765,-27.985122209921634,-27.680285064217372,-27.833488222157207,-27.568585670949762,-27.36342034809697,-27.61001520402316,-27.662745319195405,-27.709213090570735,-27.915391381529886,-28.28205224636702,-27.973359331153283,-28.42655889546252,-29.659259136865337,-29.02041012583456,-28.869459650838213,-29.358020675025305,-28.76609864177321,-29.16093627235116,-28.351326084183007,-28.90167381872778,-29.059462637463625,-28.95215177071075,-28.882449139392037,-28.916587448292585,-30.552694096752827,-30.223294620591155,-29.89397163754224,-30.34342006795462,-29.980878314804862,-30.296218031411136,-29.856199964159945,-30.262061442666617,-30.453355747764807,-30.608413321140468,-30.565677696980224,-30.438192207366914
300,7,1,ketamine,-27.398234067041663,-26.614137338945827,-26.413221459173727,-26.62861082353334,-26.215613509279997,-26.597398633848602,-26.95347424856493,-26.825687489303846,-27.803693953427153,-27.567380654788877,-27.12832543428277,-27.338532372938136,-28.42804589029774,-28.45343307231693,-27.673511194849535,-28.11367507617922,-27.840020539090307,-28.075623842596826,-27.697626323254,-28.12756458591002,-28.55038810522359,-28.61874027581084,-28.857191527624213,-27.892817532851588,-28.788883094615937,-28.871705351776992,-28.943877460281016,-28.473308520055177,-28.415649540229868,-28.45107941681476,-28.511950265164334,-27.54459484696042,-29.085961889697558,-28.140201654673216,-29.32411398739413,-29.061650980980446,-30.796344193490967,-30.43406379692081,-30.214591451641947,-30.50754304255172,-30.327496009271954,-30.5719367884726,-30.05894891478367,-30.113978490917635,-30.29133619622545,-30.387662513447612,-30.72353340119907,-30.487331595214314
300,7,2,ketamine,-27.388601445543873,-27.384073054342437,-26.679217093417403,-26.857828883017937,-26.43431346172447,-26.613849474724624,-27.69492861539118,-27.75799523129244,-27.80173081067675,-27.93270574019012,-27.33269952144747,-27.65159241840788,-27.28910046721124,-27.343326150109117,-27.461906348348258,-26.94770977416348,-26.987451026437558,-26.787834804092522,-27.343879769839948,-27.541010434959468,-28.175252208974086,-27.8744685943214,-28.03046330404311,-28.266241115026922,-28.82772706745275,-28.775007743422904,-28.58911103157343,-28.698303716258764,-28.699897290747668,-28.577329768968312,-28.04532003324758,-28.38624085161961,-29.023107113935886,-29.04940020035287,-29.120203511573642,-29.110306685489142,-30.645565233956663,-30.37787817561221,-30.239258356548046,-30.50801589385269,-30.121968103036377,-30.359821972450494,-29.6484826854963,-30.16538996703977,-30.058944937391054,-30.633024928029883,-30.415226241904087,-30.42967448541542
300,7,3,ketamine,-28.084725659723357,-27.46357455920777,-26.8342465983113,-27.89270393038636,-26.80689165811794,-27.441142437076827,-27.605655947216068,-27.352111169416712,-27.922342171190863,-27.350183688812027,-27.652788148562433,-27.406101891176796,-28.480079792074584,-28.034518163835966,-28.00116599619669,-27.9939676631466,-28.211054374931297,-28.016567358437396,-27.751842578950722,-28.38339979138,-28.185873351950637,-28.692190138497836,-28.637130335536302,-28.10920449972396,-29.491498363148164,-29.013864523690295,-28.509167297061182,-29.190508980700457,-28.989250127506445,-29.196200489829664,-28.63955742818087,-28.685613810806124,-29.038115566414536,-29.242954888096737,-28.909265022835076,-29.18619996857599,-30.87812574631498,-30.616806839235725,-30.09434782947879,-30.49677124674268,-30.22269098912098,-30.535015208366918,-30.372845380008958,-30.496979932565242,-30.882047373900665,-30.857792441185346,-30.806506818872958,-30.603713611738236
300,7,4,ketamine,-27.851433055621126,-27.112475846519953,-26.504783803075433,-27.291421950365702,-26.902723174430275,-27.16740287061997,-27.254936774238914,-27.153413231770067,-27.82023478427346,-27.876170325324043,-27.740713810159164,-27.15415401811509,-28.24830719966051,-27.907526259635343,-28.26060246153558,-27.87354921588914,-28.07874633459487,-27.969432811116473,-28.34042122282405,-27.860029966926202,-28.451132109005904,-27.75926344529438,-27.669432455355594,-28.45448158672209,-29.316768738777032,-29.080198123534444,-28.823891844413847,-29.208605936781083,-28.685044438597647,-28.962064111087205,-27.97292870875411,-28.478320872127057,-28.676736215373833,-29.2830678613435,-28.86306124749768,-29.10174645491353,-30.627697283510848,-30.582035435924166,-30.059319348594443,-30.334672517747062,-29.88011625460646,-30.235506181872996,-29.612070397888843,-30.088158608810954,-30.345666911303375,-30.680203987478798,-30.607144904904956,-30.499367296939994
300,7,5,ketamine,-27.198239270408642,-27.160092382697755,-26.31441399820786,-26.78315137887299,-26.244946396418257,-26.40201860307482,-27.23529483362739,-27.84097150973611,-27.547338939251144,-27.940551801394072,-27.255674585986853,-27.05123250753112,-28.315494993627905,-28.33604711960925,-28.03619862723161,-27.961919725192978,-27.763675677650234,-27.654062507286007,-28.197165875438163,-28.171766159665225,-28.532208039603333,-28.850735021496817,-28.098918338762157,-28.796524502102915,-29.208984710777276,-29.22845910698547,-28.87036205167886,-29.02149504008649,-28.760841356081833,-28.8828355848399,-28.19437526524463,-28.497954455276467,-29.03668450148371,-29.04488821036084,-29.25058081950054,-29.672979999656167,-30.791876304312005,-30.60137044729922,-30.08167687150967,-30.559873351528534,-30.08944834966107,-30.618438105130497,-30.206752167539435,-30.431077164162605,-30.45715001159931,-30.613614338813086,-30.64864543662509,-30.478548933585245
300,7,6,ketamine,-27.510480329816914,-27.291969181746044,-26.606389534786466,-27.24524142724425,-26.45965921497403,-27.06860437131357,-27.406523674475835,-26.995295556975016,-27.7471061041363,-27.27786017200746,-27.326009252180363,-27.304230856430824,-28.15005280535492,-27.688059629300223,-28.022901912902316,-27.749311092985245,-27.748752662457512,-27.78400477902066,-28.06719033415449,-27.96064826401071,-28.548859006759795,-28.16115990258215,-27.934391517174088,-28.248931096993186,-29.22333022010505,-28.6416063755527,-28.72770448939782,-28.88788656056338,-28.69151994642829,-28.951314842664424,-28.33010379408019,-28.773569414506742,-28.989371477759516,-29.274809405461436,-28.721196134712287,-28.805090331696604,-30.879799820187355,-30.584786307889466,-30.066344722409212,-30.397970678374076,-30.173489291547703,-30.434443173696867,-30.124315775065245,-30.455287989925036,-30.35789975154186,-30.822017646300868,-30.451316808003828,-30.51975029369561
300,7,7,ketamine,-26.927557757613705,-26.606244649809447,-26.526837783111034,-26.29127015868044,-26.29154418877633,-26.131859871630557,-26.88217893442542,-26.88199114516501,-27.248803100076948,-27.13079551647168,-27.109151758148542,-26.5671703206578,-28.52259093310794,-28.066244012541834,-28.085913822976725,-28.459299077497555,-28.13852086345159,-28.22971741706455,-27.964331259927558,-28.35850422966089,-28.31414866237319,-28.38283099581334,-28.1023641646248,-28.24246809481115,-29.575239143077216,-28.80638141803274,-29.070174001051367,-29.325168659764042,-29.11733135719876,-29.17644959702104,-28.646842893032094,-28.709031369019215,-28.77234388026402,-29.61919905026153,-28.69597539100658,-29.248712648605736,-30.935602793734432,-30.298354276934024,-30.12582633428112,-30.474261108502795,-30.31912231104705,-30.557676955894326,-30.368875903178935,-30.497309930991158,-30.6019398827888,-30.76920660669115,-30.50044830756847,-30.8058902723465
300,7,8,ketamine,-27.172152001012165,-26.739584545870525,-26.694453285964588,-26.6664101582961,-26.69510325061305,-26.544726418434944,-27.43836326077834,-26.763812822335815,-28.081753508762638,-27.64094142506064,-27.211106126885493,-27.42918853053306,-28.211199357625922,-27.91896796851878,-27.58127986458471,-27.778471154750534,-27.389542049839733,-27.5987802970737,-27.594155680350198,-28.051159171652433,-27.88091973446607,-28.17298757401051,-27.90099581471999,-27.788982892557648,-29.00242613105438,-28.856780578220718,-28.40571463765483,-28.683410602360066,-28.852162171758508,-28.73570122445702,-28.39556901555185,-28.252778187198846,-29.023260954121476,-29.1385191605419,-29.104397686431252,-28.64869344145359,-30.548259684116772,-30.27331659308814,-30.051273009681704,-30.28366570535785,-30.104620096002428,-30.323192016184784,-30.12558404326706,-30.365958312072053,-30.59105334744671,-30.44558021887198,-30.43192070972876,-30.379613981846003
300,7,9,ketamine,-27.392862767617906,-26.96229611526604,-26.913055380128103,-27.01392441198282,-26.711946259502504,-26.813616990526455,-27.4938556960773,-27.306558210178984,-27.41840092917014,-27.70033114172219,-27.181283478599227,-27.760093455795857,-28.475565170575937,-28.041863879829254,-27.76300554355609,-28.2103477319831,-28.310310679185474,-28.19058877398914,-27.96931955859757,-27.697563311905213,-28.140799597948075,-28.14555414561329,-27.926635841644707,-27.80186083696985,-29.564643714715388,-29.020555394584605,-28.556639290635708,-29.168978820690327,-29.04464931335708,-29.117256386277063,-28.724463126886942,-28.982070547005303,-29.65718532489023,-29.095866057277203,-29.291009290248716,-28.838676961499434,-30.555019972127088,-30.419144637406582,-30.301501756600494,-30.303764928578477,-29.82178683454403,-30.37049407692319,-30.045367278977686,-30.3760338763456,-30.393314715961058,-30.719650622534832,-30.635532708862858,-30.530683944751033
300,7,10,ketamine,-27.22249625552334,-27.00554346695211,-26.6390810290111,-26.831656588593724,-26.568744293651598,-26.588095215159118,-27.162484609527166,-27.010130223368733,-27.70678783041519,-27.582770388038426,-27.36671002473954,-28.054902062101046,-28.145728354077796,-28.131436070369453,-28.277084711694936,-27.816258661415166,-27.986993455813206,-27.695777210194386,-27.758422871908206,-27.826886599605547,-28.296058739511157,-28.143150514369562,-28.177601980707554,-28.185649048376046,-29.37584317962429,-28.935917697043685,-28.94733301905069,-28.94820512540502,-28.882265607417136,-28.86422566683435,-28.502350343498346,-28.983783402489955,-29.056906194828525,-29.1206060482019,-28.930501357412396,-28.94671378957341,-30.669582746107572,-30.39798929358229,-30.099583833517546,-30.331827221077855,-30.115442985609064,-30.456280834445725,-30.257695782710197,-30.18514760993643,-30.81875277064381,-30.562563688569508,-30.685673445343006,-30.548250831137956
300,7,11,ketamine,-27.20395352279785,-26.87433240874696,-27.128435240641775,-26.450521357865398,-26.634485594069226,-26.397345593265296,-28.021982469984668,-27.48818426514198,-28.47555059911311,-27.734483787455105,-27.200103222738047,-28.17328806138008,-28.33874759683766,-27.782630022205463,-27.777778621064705,-28.033069510274554,-28.05750644405411,-27.945269175743412,-27.660686967689813,-27.89832267467174,-28.22436965775074,-28.556751443175344,-28.10790895570969,-28.379274827423107,-29.316703288851453,-28.902912800508588,-29.297004125214773,-29.183728926442036,-29.200731659197317,-29.08142743312212,-27.796242958609223,-28.40701355089678,-28.64891190967139,-28.947865399818358,-28.732106053715555,-29.268926062449307,-30.729789816468013,-30.68302151602375,-30.084435289486155,-30.446549873795686,-29.677208175639425,-30.29828655792138,-30.243105533183257,-30.349919659363255,-30.545983952563258,-30.661374546965813,-30.85488784665076,-30.462658870149482
300,7,12,ketamine,-27.33260670240635,-27.397638549986112,-26.827774733012003,-27.17855195917405,-27.18121644010865,-26.497400702649745,-27.317885918396318,-27.40869744907559,-27.262334145254968,-27.862760304880425,-27.25361980670953,-27.333585584764958,-28.100987322603245,-27.74572968693779,-28.434282789300823,-27.961267186523514,-28.16404049686015,-28.00490210463603,-27.838911087436433,-27.83359409930435,-28.363036738354868,-28.385469766706173,-27.910378031641308,-28.698780513946275,-28.852638228766004,-28.91487738267786,-28.998485186627192,-28.551177248858387,-28.80648829886457,-28.615211469564294,-28.410636707736693,-28.74530138952673,-28.83777911055149,-29.25965169099526,-29.459093266128967,-29.181476579146093,-30.706544152432635,-30.701252576506878,-30.116822751887582,-30.395493587636775,-29.955675867966406,-30.336201303182783,-30.111464096445477,-30.324224259571018,-30.56971834694582,-30.87917330741912,-30.815601072874426,-30.85008052229492
300,7,13,ketamine,-27.63869374173027,-27.040130393021908,-26.84667713977934,-27.003391477065346,-27.51170000605702,-26.95387902173315,-27.408059618284902,-28.097484809139846,-27.345170994123905,-27.674576915004778,-27.72777791696334,-26.817032686636654,-28.305930699964275,-27.498568482682668,-27.897533845034577,-27.943707857091198,-28.395818975324456,-28.132741900130874,-28.06858037624302,-28.165872231570958,-28.40918206178888,-28.519347100742692,-27.790111684276678,-27.861662487223068,-29.686751749807108,-28.632563182284947,-29.076967036386375,-29.188810349725568,-29.35008364910117,-29.37776679970817,-28.18891615527781,-28.324089681883564,-29.191461967988015,-29.563047448303603,-28.803475894075934,-29.308095781338523,-30.877140531692856,-30.389844790455594,-30.11740401576309,-30.508032100093867,-29.89911639369876,-30.589006978337384,-29.91846866450191,-30.33105987602468,-30.482252837637308,-30.83733866190519,-30.527833172970706,-30.683891462210187
313,3,0,awake,-26.957231930255286,-27.063469944569828,-27.12236405874592,-26.84463245316756,-26.714174689823686,-26.504879816222807,-26.60252134566325,-26.33274660939181,-26.789639370373518,-26.493858070436826,-27.406392016348377,-26.66182820057926,-26.36476330251998,-26.433996316646706,-26.552737702361107,-26.39781443765066,-26.35785413382429,-26.31839253603244,-25.75826527599839,-26.108545435911584,-25.7102396285559,-25.342695578958416,-26.9183157958219,-26.50245649035498,-26.279704072752143,-26.4321393783424,-26.56220721662103,-26.348392973048043,-26.375063692887906,-26.271438436532474,-25.05538041848715,-25.13690144765696,-25.13095923036593,-25.605653419885492,-26.523957361796285,-26.34513335570899,-28.588439505948998,-29.511289613806277,-29.683831808073435,-29.461112897051226,-29.57966567052956,-29.699618461948436,-28.795173810556864,-28.98799831455269,-28.86437141930359,-28.50509530317213,-30.05718448066566,-29.330431547178488
313,3,1,awake,-26.61968114099518,-26.59798434326446,-27.04013846971841,-26.551119411692955,-26.53505202648019,-26.488735274881545,-27.083870266406674,-27.24607261311825,-26.919863483635318,-27.532900715424876,-27.55755367082444,-27.276310632300735,-26.588959485770783,-26.67972687591508,-27.11605926651988,-26.60902602006108,-26.653016051080982,-26.600931762342157,-25.940208528791906,-26.8510571628704,-25.924404367281372,-26.065387990275006,-27.123100045618767,-27.11753050096546,-25.981089436036722,-26.709512265943832,-27.114291943777346,-26.17183106086069,-26.34913066013497,-26.221509601900035,-24.83192463087071,-25.014939574558138,-25.431903385158133,-24.462560904637463,-27.368990895374953,-26.706642850635742,-28.98487782375463,-29.989940648224774,-29.90114268584525,-29.845935057079924,-29.93185739239194,-29.87493160134393,-28.90340348643822,-29.37555455594763,-29.15411944311822,-28.86660288670061,-30.233969301232555,-29.50512736931478
313,3,2,awake,-27.05068612648325,-26.90404919565312,-27.341268223668013,-27.133666865517462,-27.38083812265251,-27.336604691039085,-27.023603474917444,-27.286920663313577,-26.774292205290234,-27.3171889503595,-27.202642411502143,-27.063770903938074,-27.692629366354268,-26.824420047233993,-27.50467557096966,-27.328517870936594,-27.501173294564072,-27.493293491657347,-26.586063379084827,-27.184717019622777,-26.32027520161702,-26.637402637714995,-27.097672086497976,-27.281617246357253,-27.33329259571708,-27.28988189641501,-27.09359935929118,-27.534329700675265,-27.41780642747329,-27.445327423335996,-25.490016590067473,-25.62166474441721,-25.16100678447931,-25.332094674432614,-26.591234792865055,-26.783455160976505,-28.739471661297852,-29.75128638658057,-29.90709817028852,-29.7975137374224,-29.869290996931223,-29.96857475940077,-29.32114620837226,-29.25768989935909,-29.136810757376153,-29.582761391035874,-30.100472401746902,-29.644257683385078
313,3,3,awake,-26.666666705350224,-26.510465891923488,-27.1657624471121,-26.896396856318372,-26.630023393669,-26.605777883198268,-26.41810664869174,-26.58553230637461,-26.258229292064357,-26.249157028356503,-26.546315897277548,-27.39017753137349,-26.98812381934235,-27.061761588045275,-26.78495640933105,-26.850154384484114,-26.50304449846125,-26.645305521513745,-26.055997169902867,-26.467917815272944,-25.620142706365378,-26.25026285848047,-26.640930975251045,-27.424048108354636,-25.87115554700563,-26.2587142106925,-25.647095018109496,-25.81648173723385,-25.547590563940965,-25.64156814357747,-24.746338596665726,-25.063468503965147,-24.955010397431852,-25.327687046437415,-26.41520189451137,-26.12075262648548,-28.89705455239323,-29.51363451160837,-29.39356809482045,-29.679262574504794,-29.615008381885808,-29.647335440648177,-28.846991388159047,-28.96996557308744,-28.90826457324049,-28.919595542019156,-29.503879338067808,-29.291795228157127
313,3,4,awake,-27.30094619906249,-26.787240694773782,-27.218587997621572,-26.866015383074167,-26.77335295752309,-26.948747260535743,-26.651177581430424,-27.337536026264516,-26.747809473338478,-27.63613800284553,-27.29905417210955,-27.276756664132204,-27.472048868532976,-27.458758969907358,-27.879252050353145,-27.635414149289655,-27.72513609946051,-27.665018838287494,-26.055786100955988,-26.84242535976216,-26.33416254262799,-26.020008205099145,-27.476583687246652,-27.280594138853516,-25.99423102281002,-26.28441724543224,-26.520131078274105,-26.144483129734013,-26.129957741761032,-26.104402306591023,-25.056247441578318,-24.673577599953664,-25.54884263411411,-24.913740463768924,-26.73185560204778,-27.156809572027875,-28.814219346810788,-29.302019480064892,-29.590454251619885,-29.57775641776417,-29.458969426547306,-29.760636617697497,-29.06215214368269,-29.1743442583086,-29.235696255174993,-28.840454508148625,-29.901194395438672,-29.16082474481781
313,3,5,awake,-26.91167660659942,-26.37260687353045,-27.12349359402316,-26.50445674156893,-27.251653058236354,-27.29135835061506,-26.698714900195643,-26.789587662038127,-27.124115734579146,-26.810539557024565,-26.781149234420454,-27.327215046248373,-27.081410821795835,-26.919534901363633,-27.532200018337466,-26.920949395991492,-27.08719349497277,-26.967463030685572,-26.698544401792372,-26.661412021645884,-26.869430908522606,-25.945801595697873,-27.119602699131367,-27.744504553693968,-26.167721370364248,-26.228821826601937,-26.733743180296205,-26.186837944586603,-26.329368502025087,-26.224347841101327,-25.09111865054918,-25.058241357491756,-25.411804275354047,-25.308877870767017,-26.342449395276283,-27.200161262443196,-28.883714766719905,-29.452527516665295,-29.929411918973,-29.553700483137316,-29.705480938988213,-29.729141589298553,-29.336794046499907,-29.42486592743959,-29.6254418729167,-29.017834642687877,-29.958699985288714,-29.784118624462018
313,3,6,awake,-26.704408470724786,-26.464379519989798,-26.433535007818524,-26.429508865091975,-26.464321051344875,-26.602465081287058,-26.33299734728915,-26.68096103440248,-26.481818792137812,-26.75470860973439,-26.50816871756483,-26.68381090177571,-26.314796401629817,-26.59006792917343,-26.578308887047566,-26.551393443195863,-26.458014562628946,-26.41695317947009,-25.65837122090353,-26.525287401903753,-25.532122250962576,-26.02441856322965,-26.249935363418825,-26.313952536424168,-25.78298133050916,-26.22300066409114,-25.999304252797607,-25.807592946227096,-25.73948308933566,-25.71781564334158,-24.837036903131782,-25.39919526674962,-24.81239502995585,-25.058225706999863,-26.152453334185967,-26.134081642023,-28.8820481023736,-29.512664994108974,-29.588107907347432,-29.54892437424733,-29.60271716327541,-29.650177051481695,-28.985335260761453,-29.463240753280378,-28.776725108660237,-29.079497523941644,-29.676451146793053,-29.271517623440754
313,3,7,awake,-26.46447040054902,-26.155824759871155,-26.49895486584809,-25.675449124779828,-25.43562220514975,-25.424409189760336,-26.32361741371304,-26.67177856914152,-26.741243402629852,-26.669376939316415,-27.065901405484748,-26.631083334907107,-27.257874868499126,-26.94765712283082,-26.957002485254648,-26.962340394852,-26.8778618060891,-26.937168702352857,-26.832804892928863,-27.245743857896617,-26.480540844001847,-26.791780825015433,-26.848626148577402,-26.962185648728884,-26.24043809342416,-26.21141670434432,-26.458133325901095,-26.301033666623397,-26.35794351057691,-26.28846253185735,-25.006391284263504,-25.37873813119439,-24.928832445083188,-25.225847573377532,-25.636512024543183,-26.720967858238012,-28.95213709006012,-29.125988657678143,-29.56928558205869,-29.442011226081267,-29.524428660699908,-29.493170243234932,-28.83357375014104,-29.214613518551197,-28.751868036059086,-29.14555197397137,-29.37040470004976,-29.423047756435334
313,3,8,awake,-27.321503520003507,-26.71810188577278,-26.63716606581603,-26.8397062103123,-26.538710370275673,-26.761291862621903,-26.527814001124128,-27.38272482737591,-26.568044801873157,-27.10500384278724,-27.571255232950016,-26.743316195936043,-26.713448503749415,-26.52800630847483,-26.7888995615288,-26.633913263777373,-26.611376587145138,-26.66737498150687,-26.035630306207874,-26.596439301961688,-25.663704738326413,-26.180390991416296,-26.457333439405787,-26.907554248912128,-26.68962570445921,-26.955345830175016,-26.299579215343098,-26.623393142783357,-26.197093115172066,-26.347758563615916,-24.81688180848583,-25.976408281067652,-24.54053630339033,-25.417029159491644,-25.89393391289987,-26.427693900542703,-28.814156804743256,-29.608604088628084,-29.7044408205746,-29.618061500600096,-29.70554272680104,-29.70440042334772,-29.063376728843927,-29.66368170645193,-28.649292390222858,-29.227351800961358,-29.711596708814454,-29.479879524323273
313,3,9,awake,-26.207382509221528,-25.928642474325994,-26.72806595664673,-26.211208265439534,-26.382575743509076,-26.466731380149053,-25.9337579969074,-26.4797082099144,-26.267895898375638,-26.791219826742875,-26.703353889608817,-27.38227100508047,-27.045687332251163,-26.66407623278354,-27.393325739506032,-26.814231016398423,-26.864018362458584,-26.876450535157936,-26.489550029994405,-26.616450365993856,-26.511237478023254,-26.20862179765124,-26.89904822834835,-27.342999086745383,-25.87956211240667,-26.475281571975078,-26.51625483633111,-25.92166777301581,-25.889634833219624,-25.80763250575424,-24.59927737944867,-24.973743939138714,-24.907707698746673,-24.672765352680937,-26.685145619122377,-26.488305209806114,-28.79710030364403,-29.219103323822605,-29.999807091916313,-29.519957509852333,-29.85768453889833,-29.810390000847917,-29.176273416314245,-28.79939600074549,-29.067215411440017,-28.44861609724378,-29.39092382780392,-29.148537783972138
313,3,10,awake,-26.485238833749673,-26.31891032867969,-26.995778757654538,-26.441697979172503,-26.692777374366912,-26.800555720192875,-26.23099677106673,-26.285986798869736,-26.188521378474565,-26.146054656469605,-26.820008333328094,-26.39066367908565,-26.574067793810332,-26.5805503092624,-27.159007069762325,-26.634579519313654,-26.99046746623649,-26.846462336097215,-26.603647715470238,-26.54719013286574,-26.606240101684854,-26.182289071893152,-27.21828486055646,-26.929305530419693,-26.505751993476586,-26.647348242118397,-26.342166407469914,-26.526708636563363,-26.336791941972646,-26.423941031497996,-25.04411336925852,-25.664405804965046,-25.166601435311723,-25.633561113379145,-26.20652766180083,-26.447556304658523,-28.938029341561972,-29.553354710779374,-29.521226068016528,-29.621659072291365,-29.55102749294742,-29.600028460534002,-29.2579955723667,-29.34713340214258,-28.96528480978236,-28.923058446326586,-29.829613909046433,-29.405124782708324
313,3,11,awake,-26.7686799276378,-25.97150292742667,-27.165892471282223,-26.561109755594824,-26.955019615983694,-26.717029256500084,-26.7711351721602,-27.44754255234473,-26.670577669760682,-26.607661105608255,-26.798947046000333,-26.81416188679546,-27.324612238112092,-27.230174341870306,-27.10711485697721,-27.150782980159466,-26.98453864845063,-27.007449679264393,-26.208686361013,-26.695246543359712,-26.126652758192915,-26.648056748075703,-27.72619280662403,-27.588268481207997,-25.92162812041081,-26.465033058038706,-26.141879944270702,-26.024343974739317,-26.00785848326637,-25.905271222530057,-24.84232231250128,-24.90883355204071,-24.89580998274042,-24.7854124875406,-26.35460554583675,-26.320391553580823,-28.991257237709817,-29.499289251022827,-29.80701485583161,-29.79806988603878,-29.654574501721964,-29.820895550861557,-29.148732247509404,-29.365240117296914,-28.995173490615183,-29.013377499466504,-29.812740482764106,-29.594094677872167
313,3,12,awake,-26.964330582749533,-27.092549641662224,-27.215656778209812,-27.44432986680148,-26.918442075111265,-26.863764815358294,-27.486355306364853,-27.495500443384994,-27.32180120145616,-27.022297869596315,-27.513139179461835,-26.83674755596453,-27.442393616289788,-27.449608464215473,-27.35929251654356,-27.394842633141295,-27.311332532793358,-27.48426967251019,-27.52074375308939,-26.87448373923513,-26.707869470185045,-26.705686350839834,-27.03499646844365,-27.24273292332517,-27.449288572896837,-27.131206744501423,-26.899290099256184,-27.294657813492957,-27.077194650536033,-27.176745675616072,-26.194792632446994,-25.998339792142016,-25.843980069315176,-25.728525836083936,-26.05903114325403,-26.861231594252843,-29.268880677714726,-29.766294788405446,-29.693338850649887,-29.907438491131177,-29.857812476736115,-29.821992838757854,-29.63265667636059,-29.477833991017693,-29.36242318294144,-29.560386761804928,-29.731992876034717,-29.38225577276904
313,3,13,awake,-27.139030737358375,-26.276063429551748,-26.77450198142238,-26.607186789819966,-26.39816772250501,-26.681378444383906,-26.718182691198024,-27.039203049901257,-26.340749063627868,-26.56985945565408,-26.397993322109027,-26.291742204444258,-27.21535710763022,-27.039693870030902,-27.63869612915882,-27.296976255094314,-27.460468307300467,-27.325851056720445,-26.70737826115808,-27.406186442647275,-26.753965027180566,-27.125697899550996,-27.22412624809889,-27.76224546578759,-27.103147233308743,-26.9649230459114,-27.33620107861258,-27.137344304985277,-27.135570395815893,-27.066975740894737,-25.898740571796733,-26.444457365408727,-25.97000125233294,-26.562115291147773,-26.414316313839787,-27.587480991105792,-29.23645442026795,-29.62693459768009,-29.58538201629349,-29.718464860598534,-29.696037487723757,-29.779455011171258,-29.241239535836733,-29.477894045118322,-29.07610249065005,-29.515546195943486,-29.79436956414006,-29.587920838416057
313,3,14,awake,-27.417272018750587,-27.158701135494702,-27.2028663451371,-27.155243993929286,-27.244385117684853,-27.426414103572085,-27.346142342833648,-27.240858497969697,-27.226779366776757,-26.79580519487061,-27.552993943378738,-27.4611050580757,-27.11659190697564,-27.288927860264117,-27.45418134041441,-27.187195474007495,-27.176502940154958,-27.114637748444483,-26.71376885874862,-26.89246238344344,-26.902660182395376,-26.972625893960267,-27.576241645986162,-27.552732611498136,-27.071162491171716,-27.340756331953443,-26.774736758175223,-27.099342739755336,-26.862503117062147,-27.04601478712876,-25.587067672805006,-26.19768742640394,-26.24909429472789,-26.532929355808715,-27.484791963453677,-26.920817112883498,-29.23198128487506,-29.7816071359546,-30.030579602523716,-29.96916335292022,-29.93578649338975,-30.021379842951433,-29.3494704719627,-29.608662943158997,-29.468992822689433,-29.526066583826687,-30.114748488842565,-29.862162374479976
313,7,0,ketamine,-27.389964162715113,-27.276902591923943,-26.821215724191717,-27.268626043274452,-27.075292770533572,-26.884643879538086,-26.968662373867428,-27.03191392602618,-26.90791328282282,-27.07691368500566,-27.253773012350702,-27.210135845355406,-27.360805319767827,-27.25275075650095,-27.586985075481554,-27.441433913146007,-27.594450168338952,-27.345275992502295,-26.787632591068878,-26.584905481028475,-26.66088053475561,-26.31764157774404,-27.47505800683591,-27.283142725685465,-26.758336333830286,-26.68718210975611,-26.91475412093607,-26.70108869310544,-26.811470923954616,-26.64880360402931,-24.993421022646615,-25.413779166256305,-25.46664682431402,-25.81956302127887,-26.944715486573507,-27.010805500620517,-29.87889927496564,-29.333958254940743,-29.39273170701062,-29.43415497757445,-29.379908336971916,-29.435229575244907,-28.9681346549795,-29.132598631119905,-29.098956700099567,-29.074610796182984,-29.66410034612819,-29.758423786103297
313,7,1,ketamine,-27.330526049440472,-26.936328173573024,-26.9303158711174,-27.35605321898317,-27.313698862912048,-27.224482968495483,-26.92926502372941,-27.330181156922677,-27.72101904814857,-27.233348478249976,-27.31271386722103,-26.82718746524702,-28.311367207234095,-27.883567634087612,-28.277195001296466,-28.46083694634112,-28.513008981458565,-28.221034680918375,-27.45369636680097,-27.937959247060792,-27.63906701037218,-27.434366615340608,-27.89009845939145,-28.15841582587853,-27.353163793670937,-27.580156053337678,-27.54991657613559,-27.4793227175824,-27.473937954121332,-27.48035885081879,-24.954092011109278,-26.027822729205063,-25.64159634424572,-26.206210687550556,-27.517083200285267,-27.62409145334837,-30.003263251994085,-29.551566089037927,-29.949567859013953,-29.594915985234742,-29.833016927665806,-29.733388617864048,-29.575150189334572,-29.414035558609868,-29.59981609532007,-29.297381611292508,-29.806124550377373,-30.13717317550962
313,7,2,ketamine,-27.242213519089816,-26.753761120638412,-26.907815598908922,-26.894477514392925,-26.93454166562104,-27.015392364592277,-26.540250863063388,-26.980084965631907,-27.247717164212137,-27.465297212942396,-27.286307836457496,-27.64368813554831,-27.551948936131183,-27.273753983810444,-27.23245455162133,-27.412121948363723,-27.348738705717043,-27.243134949260796,-26.318559306957948,-27.24816466533004,-26.89100535395409,-26.671081802217252,-27.611415624156557,-27.247802238203825,-26.180207351412655,-26.548108836868572,-26.571341339274866,-26.28614335751346,-26.289615804818123,-26.205154803627185,-24.28603855232796,-24.94265810367199,-24.906188037775323,-25.12776521042117,-26.86601567362984,-26.879527502767907,-29.710662480031502,-29.405945381747447,-29.615819589691444,-29.300051465107096,-29.47294604876854,-29.42097191310748,-28.799604533827655,-29.074998921058267,-29.22934532272883,-28.750167835678177,-29.869694483166008,-29.71037918451241
313,7,3,ketamine,-27.26257893636708,-27.18232652443982,-27.068014890662546,-27.163515205460453,-27.2064178557367,-26.781722010588485,-27.117477781976653,-26.792984041652595,-27.17449788535435,-27.011214956863462,-27.44177673144956,-27.41220011712399,-27.017472206678214,-27.24925485260503,-27.33792052596277,-26.903932912104914,-26.947252948447943,-26.89252292879375,-26.104439725161722,-26.797904928855587,-26.291106887330265,-26.91827519109718,-27.65341683654487,-27.636022516289245,-26.811132425133945,-27.17334426858563,-26.960106789466558,-26.86017012638505,-26.8673290778731,-26.836787617851094,-24.738865131730574,-25.05015584635703,-25.354763461222984,-25.535698906245273,-27.396619296692975,-26.99952684335901,-29.96334991180619,-29.54856653296542,-29.754450576987193,-29.450318340443992,-29.63299671941437,-29.56299977334596,-29.158347951527354,-29.374578989442487,-29.445052414770444,-29.448974872007177,-29.85675875886534,-29.945884322368528
313,7,4,ketamine,-26.786300912194356,-27.284446196783637,-26.74456719941225,-26.707094640919795,-26.85169757514613,-26.240831614097743,-26.851051503246104,-26.711304885808367,-26.684792211182668,-26.830539671276327,-27.071999055436226,-27.210361785987537,-27.414376173204797,-27.415193689729165,-27.57221652150904,-27.138046342409144,-27.331978574999862,-27.224006090806125,-26.650154594701736,-27.22070596514363,-26.764987533226904,-26.796959297965117,-27.580292057210535,-27.737584590008094,-26.520693625269754,-26.71213985176783,-27.101821741836613,-26.456864400066593,-26.619135141548437,-26.462866504001774,-24.754380604663165,-25.090635667694865,-25.195749105550814,-25.09344614379198,-26.521160531124806,-27.47597346142318,-29.61932991191639,-29.57621273851378,-29.539577171260955,-29.38966876274142,-29.50738537588915,-29.60456139081848,-29.106291036219616,-29.24421418686474,-29.20728834264069,-29.17952568297149,-29.78249541529193,-29.79709844226672
313,7,5,ketamine,-27.782585279548183,-26.801169942554353,-27.27283216904956,-27.50185380742236,-27.384646666411516,-27.14445931414769,-26.942997372202417,-26.866913752832247,-27.28317135664992,-27.051482163403772,-27.632131476209793,-27.568572670342704,-27.34354809828519,-27.299570941369534,-27.516490530781187,-27.10744090763034,-27.266894432879884,-27.131279002801012,-26.474242389093366,-27.31205349747746,-26.827290045156122,-27.446430307746905,-27.997147186133166,-27.835591336215646,-26.30342294502082,-26.330063103871048,-26.71349897415817,-26.20940589698153,-26.37822402770753,-26.214896719683498,-24.56478225570578,-24.651825622930442,-25.26411276705718,-25.224405481885434,-26.420971528886955,-27.337858852942194,-28.89155562458495,-29.691258909748804,-29.73015288632651,-29.4387396269542,-29.452643996871373,-29.592083124684414,-29.11492048471303,-29.37756746402246,-29.332517830702592,-29.247917876564635,-30.033665101229747,-30.191840705030224
313,7,6,ketamine,-27.428959235617544,-26.862498033871322,-26.5724005321674,-26.88728841529177,-26.909424390455108,-26.91788282356204,-26.78024697837958,-27.609885478149195,-27.474625664319976,-27.766871038856024,-27.506456310506433,-27.427802423990638,-27.488902202449516,-27.40141879378407,-27.686777474619436,-27.64263590295524,-27.537179085492305,-27.538407671421243,-26.61446012643751,-26.819974151734847,-26.98845831626913,-26.779048654111996,-28.203401697847344,-27.95192207710164,-26.722531751365224,-26.695426950608034,-26.860118493433816,-26.653329844648574,-26.72768034643406,-26.65415021098896,-25.225329783943327,-24.812969038352115,-25.89070743028669,-25.433157714503228,-26.457515203832507,-27.474939415363053,-30.091524364058554,-29.71053989071937,-29.825995775104637,-29.62867841657552,-29.7739741128511,-29.706681879776696,-29.14715524465229,-29.243766740610916,-29.28714504312227,-29.223012089494674,-29.913572811963427,-30.269865166215208
313,7,7,ketamine,-26.55614925508213,-25.777078749452514,-26.66240750603215,-25.723165703495845,-26.24428804939877,-25.657710189158333,-27.142829749295146,-27.127242846670658,-27.728350361704134,-26.966858805105073,-26.938025010078423,-27.297924152753996,-27.33889390302286,-27.311842250642407,-27.33145042298283,-27.022207347313618,-27.08002743640861,-26.957487328018647,-26.64015553954924,-27.19849836795651,-26.8206875644415,-27.024376067844134,-27.716840080540397,-27.797641633205263,-26.676806965258915,-26.902532242043947,-26.591224082275538,-26.655838202637554,-26.717756040889956,-26.591260326316576,-24.854112763144943,-25.191717945245745,-25.22480790367053,-25.34568432094895,-26.872577364846578,-26.710244061708842,-29.570028889359854,-29.195876841845546,-29.73938094992861,-29.305015167751623,-29.657797983052475,-29.418368046627386,-29.05663892057257,-29.365259509363323,-29.306634420037586,-29.228558390940062,-29.832362735375767,-29.96415025633901
313,7,8,ketamine,-27.181527962298098,-27.06363118450462,-27.053619641955883,-26.80666946183969,-26.727359676402383,-26.646859846693314,-26.89197237372825,-26.841275669196772,-27.073782713412516,-26.978261820736208,-27.314569099193804,-27.555264188351206,-27.72045257508541,-27.268315575818555,-27.383292738753248,-27.458841892828243,-27.540841152742065,-27.59389323151494,-26.948234460825184,-27.486072214924526,-26.64964356697145,-27.03512080315744,-27.40981812784899,-27.602076015263147,-26.786619805838047,-26.837132607577047,-27.028510051048443,-26.65307734726821,-26.82834326012895,-26.8482817910683,-24.760246433366056,-25.018878059637405,-25.52671416313529,-25.66037516761869,-26.32539821544015,-27.19593036696457,-29.052146252428344,-29.78971518479264,-29.830653560310697,-28.905683652508667,-29.596076367710914,-29.61100849789341,-29.144441297558036,-29.36270293776112,-29.45272979806804,-29.078780474678766,-29.909078031159527,-29.831510445035892
313,7,9,ketamine,-26.969201855836026,-26.812802942390235,-27.083136472666105,-27.024140327360417,-26.92733643435175,-27.02814667945696,-26.727115188694512,-26.217541700685192,-27.121847713133697,-26.77430519697434,-27.3131202019385,-26.93830265451641,-27.73770225704637,-27.63125634111185,-27.981633660413323,-27.7842927060576,-27.734942733409568,-27.788510019255714,-27.260575808934117,-27.334088991026,-26.899931371586504,-26.615133946630113,-27.679632459356,-27.76682966331279,-26.42179294980913,-26.688011735451873,-26.63282164745874,-26.39375581849954,-26.42358398939947,-26.34959161305482,-24.933593266633583,-24.73416066579012,-25.66957409850467,-25.011296778631827,-26.77594029092072,-27.167550137566558,-29.921169572859952,-29.452983056656812,-29.71241015729811,-29.55385155784057,-29.684729472153588,-29.623494514026813,-29.076274477072058,-29.337424927849607,-29.21792753232482,-29.349233973510028,-29.81320128364066,-30.043050686957972
313,7,10,ketamine,-26.68354713779756,-26.433340732202545,-26.62122784335115,-26.175768285813525,-26.33479490081939,-26.114109102590756,-26.364799978050286,-26.66931537157418,-26.983272618306835,-26.498775141889805,-27.475741812217787,-26.992379849549263,-25.51913525205057,-25.913212980314622,-26.304860800946237,-25.64494492419896,-25.849046777879714,-25.693388633544274,-24.91152188950288,-25.338532407165907,-25.727471923751793,-25.16506547399337,-26.5455334334431,-27.034289000937473,-26.07859877932988,-26.67167978178658,-26.584249777775053,-26.232862941615522,-26.320207025464597,-26.222574472469955,-24.899708695034413,-24.975255547116454,-25.357981305320518,-25.02909047213919,-26.972411168859875,-26.799755830331762,-29.75333570100309,-29.518133938336373,-29.306858398641737,-29.488360158335325,-29.329909111585238,-29.403994234182495,-28.90926156272954,-29.102295649481412,-28.719105995572004,-28.78351412745928,-29.71097847436335,-29.71036721291794
313,7,11,ketamine,-27.18266975806737,-26.83571354984994,-26.96384893986479,-27.05007883556204,-27.115013658134245,-27.303906939595528,-26.830835076772047,-26.97868417378836,-27.148818337237852,-26.651286965691344,-27.225571516312947,-26.885153158189244,-26.646144103995823,-27.134873198060326,-26.85587789436693,-26.687779566085386,-26.595399724533653,-26.571386428643184,-25.85829544925005,-26.016025197748924,-26.098215637319957,-25.662615960270653,-27.4501393416762,-27.235863127712477,-26.519668248198133,-26.612063401379004,-26.56233260034235,-26.5235189969177,-26.437659080881144,-26.48085853466596,-24.610946053880877,-24.951954355318332,-25.333469207342528,-25.660550058254938,-26.557216201663937,-27.156998097824623,-29.77661819432724,-29.538517141176005,-29.65409700636462,-29.55597783284318,-29.63138176724749,-29.53888423738464,-28.84647552245533,-29.208970059755064,-28.913620640557944,-29.058204165844554,-29.884151164866797,-29.716744945108196
313,7,12,ketamine,-27.03821628567561,-26.921857887436744,-27.513983250285957,-26.66842798720124,-27.031974934003046,-27.159725969044523,-26.787344004898916,-26.26071484492753,-26.74074400600664,-26.440981026029533,-26.62812400265685,-26.8303768409422,-26.60776547221232,-26.870086263749524,-27.037899657020954,-26.518727791873918,-26.442884651024603,-26.44650991989896,-25.7568918799292,-26.348279672948312,-26.525036174926015,-26.7102012998586,-27.417831328028104,-27.35571425875497,-26.859167418953117,-26.82126162792384,-26.738365806072064,-26.627964748102013,-26.62666662280092,-26.6428011405039,-25.354601552106732,-25.206717818526492,-26.18781167078647,-25.720432346324774,-27.009386405864863,-27.10527462884481,-29.727571692758445,-29.649504781175324,-29.6854482379844,-29.601936760943605,-29.77845588582741,-29.628147669189943,-29.20471712573927,-29.238930298220428,-29.44053016300424,-29.205325556624103,-29.809133375553184,-29.456385563449178
313,7,13,ketamine,-26.880842648485118,-26.828517158422347,-27.05585160738564,-26.60572720318273,-26.966324550944307,-26.718236358775634,-26.762709110424645,-27.05480842336434,-27.293932072552717,-27.021131574789003,-26.98835773190002,-27.202842414413084,-27.181542222427492,-27.16416757674751,-27.398012538533003,-27.12578116384008,-27.447379216513376,-27.340930599355953,-26.589275379840622,-27.228431893056968,-26.884228449652397,-27.20422823050137,-27.500369029138362,-27.624599855753146,-26.594963791085146,-27.341281593054994,-26.579841581993666,-26.664356324316312,-26.47529014835136,-26.44571199936828,-24.462347281052335,-25.30121004102291,-25.061436809640252,-26.141448517731995,-27.42696833704103,-27.175713777194048,-29.56205810505782,-29.59836004376143,-29.84821813806462,-29.425368446663146,-29.660242037179742,-29.720566444470588,-29.15365680061985,-29.453455202200765,-29.258337410954955,-29.306312366637325,-29.939329851595456,-30.04301981809337
318,3,0,awake,-26.073850597913292,-26.50582837809068,-26.4878520791863,-26.341283623127406,-26.08909323734857,-26.359039045214377,-25.840801509866573,-25.837627829542715,-26.009918769251282,-26.670846437834285,-27.172454071688072,-27.008358235832837,-27.495134592470915,-28.055708763653364,-27.57299559145344,-27.568952174367283,-27.413357676701292,-27.458465946304393,-26.73958043699649,-26.77214171779404,-26.429757984215062,-27.05561876696233,-27.054851913246377,-27.334173402911947,-27.503178457046985,-27.56076684919766,-27.45514347871123,-27.4586450121124,-27.43824737772819,-27.528105789269052,-25.700630688457,-25.255520854721198,-26.23908686420848,-25.769580231139354,-27.119561306103698,-27.30649980495137,-28.920995148606163,-29.18109442655353,-28.917871318954926,-29.003321903053163,-28.468140323284715,-29.08550012073571,-27.918400467401025,-28.090493545269904,-28.17949892397062,-28.11983268847049,-28.520366611906624,-28.387185274696233
318,3,1,awake,-26.38180303885747,-25.57524761100951,-26.168165986332763,-26.22763792410836,-25.903130720032735,-26.171014116984225,-26.679235598012365,-26.87705956964032,-26.000423857005558,-27.27659537281235,-25.112733565079278,-26.398147369329717,-24.5816001643907,-25.1686486895973,-26.291426226340807,-25.060933244962925,-25.154258002532497,-24.429136660960435,-25.36006550651719,-25.68474391281253,-25.113187785562932,-25.660458237327127,-23.949625643403856,-25.220289884342034,-27.262717149459128,-26.2996532117156,-26.792167995874568,-27.45428650168285,-26.734388263304492,-27.02732110363596,-26.06215306862065,-26.220190932572592,-25.156179667513896,-26.187878620803502,-24.969850731657736,-26.53941722391425,-29.46917920147584,-29.242802899638715,-29.097481761584298,-29.30172086358371,-28.709651775983556,-29.375358914949352,-28.61428807805886,-28.423861120017627,-28.36464651021775,-28.610044322915986,-28.495159772078082,-28.605465637212976
318,3,2,awake,-27.202272780836648,-26.711203356264253,-26.539091689887673,-27.217945504730018,-26.963382347396422,-27.09024735491685,-27.058736316524012,-26.881777680845794,-26.861740505485674,-27.025057193944168,-26.906266702420872,-26.89241237395488,-27.141868304472705,-27.353468482946543,-27.04275145744987,-27.353304034411135,-26.909918740606795,-27.095369706583764,-26.844549106585266,-26.594269801070954,-26.345122559351847,-26.987274533745683,-26.696931015919667,-27.61941286358929,-28.139701674497438,-28.225051390550757,-28.477822388932744,-28.133164228245942,-27.96402310849872,-28.079460454643865,-27.15591931175475,-27.179504428691654,-27.770737460950645,-27.474724510148935,-28.091422578906162,-28.432393162893216,-29.692676210051655,-29.885973615609796,-29.844308514505382,-29.567197384656843,-29.02238769550252,-29.630304312822446,-28.737061898845546,-28.355392592471098,-29.26424319926793,-29.01937821905218,-29.792117557281394,-29.201086902030816
318,3,3,awake,-27.160953688236276,-27.27594251008795,-27.527707008641826,-27.41558325143022,-27.42835001219283,-27.369957308274948,-27.044676440202476,-27.010079582440756,-27.513295268935078,-27.324339500276185,-27.535143690688514,-27.644910665015733,-27.603254305992152,-27.56984231831707,-27.868012648717766,-27.88605109011697,-27.607431223357644,-27.741682953420945,-26.48423197486868,-26.965111173851195,-26.627448559123053,-27.382712733050596,-27.2000247452901,-27.621981057779845,-27.391917827844214,-27.442788304790476,-27.30563226534369,-27.401777978862853,-27.29057345346361,-27.380666909395394,-26.09912162061335,-26.27971344999867,-26.360980477229138,-26.689740633809077,-27.66718841476046,-27.591898567784362,-28.442432562342766,-28.908781675556188,-28.81478671041523,-28.265187207959965,-28.320613440681257,-28.783478518467785,-27.799879467952874,-27.781146132606217,-28.187092379901554,-28.209139698405693,-28.527992431485703,-28.67959815946642
318,3,4,awake,-27.75588795074645,-26.937841012519765,-27.071577296905517,-27.29650003114462,-27.293830368588868,-27.518808144329103,-26.930269619708415,-27.176819332647064,-26.904936724321402,-27.563804967596795,-27.650987171482154,-27.06794557856613,-27.95570606454564,-27.953564193080638,-27.52521294067734,-28.27699390884527,-27.672013506531908,-27.792299356144913,-26.58000964369316,-27.327190812133605,-26.337104465644686,-27.61161873839724,-27.396140311766917,-27.357920917937477,-27.270264773623943,-27.239689421115543,-27.494753189006463,-27.251449385542003,-27.18099851776898,-27.220698425818718,-25.67608346335343,-25.83380028505347,-26.30118683083046,-26.426610033596333,-27.44870532965202,-27.43006580839311,-28.749641370740555,-29.170393769121585,-29.046774251683438,-28.237802443781757,-27.79796223565015,-29.008896097139644,-27.754632182100156,-28.131515585786467,-28.318069297678843,-28.29265803284114,-28.394093257879298,-28.730010230941875
318,3,5,awake,-26.24929913254996,-26.532047586565266,-26.568644194103875,-26.279509100590165,-26.150019180748757,-26.17294710962125,-26.682862023359558,-26.204694746132436,-26.422633048463307,-26.09190530788495,-26.33732616818096,-26.313368961376423,-26.62274354933817,-26.021455784752344,-26.34848158761694,-26.77999489408494,-26.116378981688747,-26.329502597766474,-26.56728279105346,-26.503202480797597,-26.4571021288609,-26.090902021231322,-25.59968374796989,-25.6604000905348,-27.474558737685555,-27.40241211304794,-28.014957676317618,-27.54902063082669,-27.54853760560498,-27.62183554637697,-27.28872454658956,-26.932491084086468,-26.900138741509185,-26.86427203440378,-26.913048237825404,-26.68520491693226,-28.894816099185704,-29.161529004013435,-28.996678386563186,-28.07953996219049,-28.002091589692952,-29.18429132279687,-28.75792912974442,-28.801537750939506,-28.443566184333733,-28.96303471912522,-28.145871793059275,-28.881149912438847
318,3,6,awake,-26.66700447661971,-26.552472858503005,-26.404968540526994,-26.58433880597014,-26.781461890620847,-26.588309892932543,-25.58403282019037,-25.721054620188525,-26.441095000533963,-26.27633080377203,-26.561025561673812,-26.198933319325366,-25.97830317670163,-26.261432925333953,-26.535501423349334,-25.980815480857068,-25.927249736067132,-25.90644742744057,-25.85916548053741,-25.774155073602813,-25.906656455233524,-25.631004861365387,-25.96667585301368,-25.837212724084385,-27.916673054669868,-28.054003053914478,-28.317543061342473,-28.10149290971373,-27.927204644037268,-28.02898213708828,-27.130970268740416,-27.003244528858122,-27.24768162877231,-26.948227520568818,-26.998234640025153,-26.83694637206326,-29.525227594042754,-29.482588624458348,-29.550511674229227,-29.049865597551698,-28.884992547169123,-29.695699123603777,-29.31362952482059,-28.718264070407972,-28.85929970194419,-28.752852171966193,-28.50461020570199,-29.375214476857987
318,3,7,awake,-26.32782094781054,-26.352413943904363,-26.50403211582174,-26.060170521640057,-26.049943282325497,-26.08292143512395,-26.491180123629157,-26.464841555288185,-26.345852135135612,-26.880748711890487,-26.139805597717608,-27.214829268340072,-25.77347113228905,-26.401834783933804,-26.772178164731635,-26.09708574734995,-26.331240767038576,-25.927292786624427,-26.12006087884106,-25.913209226959037,-26.27430479639641,-25.90863648537516,-26.21394270601871,-26.556726535493517,-26.367965571370004,-26.092355291436487,-26.49305166834346,-26.333649906170333,-26.236321535204237,-26.26414259626757,-25.352411420500722,-25.103928395079038,-25.722693404752135,-25.706191539428954,-26.12869898521502,-26.86739910526298,-27.566839280451628,-28.11402785487647,-28.355449230410795,-27.60116128681925,-27.389667217033047,-27.931594793099322,-27.588873400177448,-27.29503661074602,-27.474380005418748,-27.36186764301025,-27.43937950177887,-27.776644227876403
318,3,8,awake,-26.475908916694543,-26.883978901230975,-27.097982414755826,-27.319207951347057,-26.825589119577444,-27.04628420909253,-27.066309459024513,-27.0512297512519,-27.17895427395408,-26.94987740094717,-26.83137660245915,-27.185460159334962,-27.148817690478584,-26.91067802339413,-27.181814478578385,-27.32195801159146,-27.218553905624635,-27.224674068513917,-26.728334067594858,-26.761801807343122,-26.69230963305575,-26.708081165256132,-26.81710665995095,-27.229297194453473,-27.31188997022246,-27.490476432711556,-27.431622113999037,-27.37551358294277,-27.18375136510864,-27.26706449647617,-26.030289661666774,-25.767273954069402,-26.094056676766712,-26.164514623265415,-27.087090973778974,-27.394561983052323,-28.28122053288076,-28.663947693423342,-28.880189766179463,-27.916195510611317,-27.599905908680068,-28.954263240083723,-28.383675032830286,-27.956900056414515,-28.439820792072528,-28.388262991993123,-28.15044692879668,-28.81747691421387
318,3,9,awake,-26.62235542930901,-26.95529821669737,-26.756635211264047,-26.93535037469954,-26.617749200836553,-26.803722364842308,-26.17187406916467,-26.452574589683394,-26.529633630554912,-26.786546941134954,-27.1424938187354,-26.90194924152508,-27.11331843310577,-26.974718452942774,-26.456222878711934,-26.905017624281438,-26.862580600303307,-26.823595740529008,-27.04831862686076,-26.802039886942048,-26.92205057915501,-27.132586218335938,-26.989015392009904,-26.8419161281867,-28.255762667368447,-28.10153498786422,-28.348777054427966,-28.135450454476192,-28.013405987842585,-28.22839763237544,-27.089726099326974,-27.02616996837119,-27.225599492646683,-27.475470567264075,-27.7337919750372,-27.99094008448027,-29.079713658504485,-29.224396527422254,-29.696283232238923,-28.539504726927635,-28.27852673327756,-29.62935298092144,-28.942710963462506,-28.698683843536642,-28.98934548485868,-29.059604531887437,-28.654559371393603,-29.487237751052177
318,3,10,awake,-26.46361994138598,-26.18765782263502,-26.055975218381143,-26.614303967578127,-26.28363857930579,-26.437861317890356,-26.352007259266234,-26.241930120853915,-26.827619779830673,-26.56727876364016,-26.49313063762667,-25.982255255270573,-26.646642682404384,-26.595871447567472,-26.575748186398652,-26.795105779845212,-26.602340716181274,-26.549851146618277,-26.55589934319967,-26.350558329803864,-26.45564817979464,-26.678498536797967,-25.82758777385366,-26.493459457840515,-27.36097801977228,-27.439432354964005,-27.854992115712022,-27.439919566887713,-27.194059572462816,-27.3647388205228,-26.818001668812762,-26.715145259338247,-27.142626339172246,-27.007957748724717,-27.093024281925338,-27.73801497934472,-28.607084560429335,-28.883957642447818,-29.068776457627933,-28.038254374944614,-27.888503539892604,-28.729031000483758,-28.542461951120742,-28.166392220027078,-28.56175058343537,-28.43366410748968,-28.2366542118925,-28.738033953541063
318,3,11,awake,-26.10292512750385,-26.562270760871147,-26.31727405246149,-26.233293862470376,-26.021003558869545,-26.035520922307665,-25.442696557057054,-25.422115347660235,-26.112152201100727,-25.916735766236595,-26.74337398013013,-26.30980997366802,-26.708120670256204,-26.733801256913758,-27.210548744132055,-26.839767953177027,-27.006537056801957,-26.800607364805664,-26.36741358253363,-25.956970928540013,-26.70072153923641,-26.74213826522781,-26.451859745878053,-26.9883504889886,-28.28624985424545,-28.702496890301713,-28.962595577183148,-28.339668003131738,-28.221009414150448,-28.47236272673721,-27.7155883139319,-27.41736349208898,-27.935941466471633,-28.060499618999657,-27.96160554745119,-28.840814737765477,-29.38498020933149,-29.420244997056365,-29.60498321514125,-28.959282640461097,-28.93123644401832,-29.550624989314738,-29.69294885693363,-29.104975822567877,-29.439293257898917,-29.160443833684603,-28.947475710649382,-29.547925057151836
318,3,12,awake,-25.964716612483024,-25.90632698349533,-26.094176662505962,-25.95381799559162,-25.750546020091196,-25.707299864501262,-25.074867072362874,-25.332976271142332,-25.14567889418399,-25.439572537388162,-25.4746294832593,-25.75740732884003,-26.725079820292358,-26.546283545827144,-26.717481148522964,-27.027645662978916,-26.5097283830134,-26.570882250220077,-25.867871720488374,-26.24282137911826,-25.627724649803604,-26.24296507693331,-25.84827401737351,-26.488781669296635,-28.28917850524254,-28.15292852248591,-28.30619548392526,-28.230275130513146,-28.1583164339947,-28.201329022511363,-27.380670874581178,-26.750948034419224,-27.085881249400405,-27.228303552725354,-27.195000354611274,-27.964755444902927,-28.97789351650093,-28.758084002061306,-29.109725491480948,-28.935943927876185,-29.037978987658775,-29.154737834321274,-28.64340843231693,-28.337421723075263,-28.399476150264523,-28.43498472480917,-28.357416488756556,-28.694329758012994
318,3,13,awake,-26.458901985419484,-26.16523050462956,-26.58364574532521,-26.756553569625154,-26.57110991483592,-26.733267276856093,-26.06049732183449,-25.535463229099047,-27.22996172890267,-25.485986254123652,-26.383956266211367,-26.48276018116218,-26.770219229131474,-26.607595414342605,-26.80731837504935,-26.737045169219098,-26.618248793305483,-26.626982764569195,-26.362543418203142,-26.307759744193884,-26.269572126510802,-26.2397984046797,-26.06246417274985,-26.234598834138787,-27.908664990543137,-28.16909746050381,-28.432171392957404,-27.862102930465294,-27.80176700103002,-27.881732136956852,-27.72870289528653,-27.536575086703028,-27.417426384220487,-27.500767250432414,-27.563212381920707,-28.340314211451513,-29.02490273702403,-29.05371094482885,-28.98353194489953,-28.755600602622103,-28.481946831124556,-29.041242267872995,-28.789325398216278,-28.538089491594665,-28.595850358496566,-29.04607590476209,-28.536388725032037,-29.009323332331622
318,8,0,ketamine,-26.069526486464333,-25.825002721623086,-26.240658813454765,-26.1672967105486,-26.17993061134935,-26.254740216004294,-26.004571624931017,-26.525726584904444,-26.65726393807547,-27.996979114568393,-26.654495035310223,-26.952773404068743,-26.14965442529652,-26.837290179379835,-27.03211805400425,-26.31313249677784,-26.26555676654484,-26.157558838072173,-26.90287171135815,-26.644688879015096,-27.006918758899836,-26.82913404767758,-27.099970491105235,-27.216658854294202,-27.506365823321755,-27.98593231388781,-27.752852969742694,-27.454758273889382,-27.518722295139654,-27.433351521759498,-27.041167052580676,-26.592634742784476,-27.5139282724957,-26.918411904915413,-27.815073114288108,-27.76795120547225,-28.541316839755705,-28.890387084715954,-28.45429252218895,-28.53842061366027,-28.367350723281987,-28.454729236940295,-28.541816834045544,-28.22919672619197,-28.805472691677945,-28.563413889043456,-28.85227366233115,-28.786377990200798
318,8,1,ketamine,-26.22982679490955,-26.152630590231443,-26.060998709159037,-26.30839303106733,-26.153781820240287,-26.27826984525708,-26.36400064627049,-26.19080511311542,-26.90906738653749,-27.214719919309264,-26.87458764950508,-26.982520230798187,-27.50829847385177,-27.53221220719495,-27.85471999124361,-27.668636509648397,-27.77736249840168,-27.65280665429632,-27.206426417436887,-26.76274927214283,-27.287047037177036,-27.108899772829215,-27.533921793463954,-27.687993255715114,-28.495398049021595,-28.28289030093325,-28.36856156826835,-28.389310262118546,-28.43794590614352,-28.450860002487886,-27.199496149273056,-26.77534733700856,-28.368379604774233,-26.995405665775472,-28.208883503113075,-28.17697975437879,-29.13235731634374,-29.092704085446613,-28.976009628123517,-29.136028507823678,-29.061099700048988,-29.13708270644268,-28.58688367030111,-28.367913001301414,-28.88353290974537,-28.628738518178476,-29.318498718820422,-29.25528434487316
318,8,2,ketamine,-26.94986739861954,-26.3420315487037,-26.160344065279826,-26.742757669262673,-26.445052122921837,-26.65988008704657,-26.943852344215106,-27.013145640483216,-27.815391290929995,-26.54302560505819,-26.921761504565183,-26.973396792113075,-26.761211541019403,-27.01621758175697,-27.238223631296194,-27.009867680986066,-27.17974340704088,-26.90197973611749,-26.86795311915571,-26.825118747445934,-26.918033252382916,-26.67244077766866,-26.882231935885443,-27.32719009446941,-27.822545092400613,-28.094704793091076,-27.755103463321507,-27.713492813256305,-27.533484148580634,-27.538040723881533,-27.59834753865542,-27.578297654278316,-27.8085030688302,-27.758400620130573,-28.472285210714265,-28.23872704322437,-28.948797737246473,-29.058054420026235,-28.988109863846393,-29.009545506491595,-28.953296220112495,-28.98241907238263,-28.577340394687102,-28.232497362269356,-29.18419076673731,-28.522840695114237,-29.538573243081913,-29.421965333837832
318,8,3,ketamine,-26.424728291785925,-26.754141830058224,-26.546987357879395,-26.668173092310855,-26.413951572754925,-26.596065273608136,-26.457804810701553,-26.587259775916312,-27.0477909782795,-27.391505818017308,-27.064517927141317,-27.217330769203986,-27.19416564000143,-26.725923730013008,-26.838216870577764,-26.99351770076191,-27.007097260499904,-26.938158206422973,-27.24653699280473,-27.656579488157828,-27.37661424685365,-27.489549947756704,-27.729386507358935,-26.996054649246595,-28.271743950176212,-27.453830746760968,-27.97366093488057,-28.09898741761942,-28.215675446819922,-28.30467083428618,-28.253907813442233,-27.73327257075329,-28.32079473510149,-27.89690666691943,-28.017900132094237,-28.0466925295184,-28.899959446274732,-28.929345430544554,-28.967215823448537,-28.98846552536009,-28.866359812518127,-29.016134435673855,-28.95635624014014,-28.69972711523639,-29.180095283359332,-28.96760048083811,-29.332152952499968,-29.226929390496416
318,8,4,ketamine,-27.461932865671947,-26.719909959626513,-26.83002337520519,-27.115616437082544,-27.130138402189505,-27.236410538255814,-27.303008802103466,-27.146461449609376,-27.687986208929036,-26.415480517451225,-27.452212105769373,-27.20127364044967,-27.134971081869654,-27.313728792206575,-27.275579817090453,-27.239310390012616,-27.311206233882455,-27.176999233879403,-27.017891512451538,-27.341766171633004,-27.00372768436856,-27.136225681340555,-27.348744046614733,-27.246916901327406,-28.024441236198456,-27.95408876221785,-27.768719759051464,-27.797302344975144,-27.612844241236957,-27.754774692780533,-27.952153505488038,-27.604077268090442,-28.048176473767008,-28.003924739675234,-27.931135283054083,-28.20521184014235,-29.135757798103437,-29.14434511343043,-29.212937120702566,-29.18863080848017,-29.025290539036114,-29.179150379229778,-29.034614959459375,-28.863086109373054,-29.365419742615092,-28.80793205162991,-29.30308534696801,-29.265217545039466
318,8,5,ketamine,-26.674553927461204,-26.344594817390185,-26.56731758036919,-26.481115698236085,-26.36328075786951,-26.503584273809732,-26.747077214906525,-26.519427690394668,-26.888289895593466,-26.608947654468125,-26.67926160515835,-26.812877087944514,-27.234947244131686,-26.68977362712464,-27.27764471486949,-27.294952444720952,-27.407713413959453,-27.353887732673606,-27.255144374027097,-27.183220875498012,-27.26895094491489,-27.392522430754543,-26.975063790570072,-27.504667473508004,-28.1641080573179,-28.061299963005244,-28.114227924900913,-28.16426765125291,-28.22866318737036,-28.22522485999832,-26.758523072453013,-26.889753697799804,-27.66123273683282,-27.558772254024927,-27.87846614193628,-28.423964777991465,-29.40645076741755,-29.26488746855836,-29.162515349993598,-29.41033227848447,-29.170019120988854,-29.332202011173663,-28.86807295882116,-28.69782365326176,-29.26301429057236,-29.22827405186643,-29.493598962217742,-29.67295189674695
318,8,6,ketamine,-27.08610866174596,-26.83324095433939,-26.5488080241961,-27.007517039952532,-27.101994430014052,-27.075988133425508,-27.10666799605217,-27.211700488525075,-27.843501257814324,-27.80937300470099,-26.946597367886167,-27.187566491375957,-27.597518352472456,-27.501509216469955,-27.383434428080694,-27.84317041049956,-27.788150381582245,-27.70357966460338,-27.52317955850521,-27.31075925512593,-27.85135267274996,-27.57214554094857,-27.734683328191075,-27.390986799026113,-27.30482814208027,-27.986998322676776,-27.522738377190954,-27.37695919235589,-27.293351488145216,-27.330183031704983,-26.535864553594863,-26.696985855849977,-27.79983960330667,-27.186788627237608,-28.20636696965849,-27.89098386096138,-29.31081969724703,-29.211857484977767,-29.194652126544195,-29.24617880830502,-29.146484617786772,-29.261464961047523,-28.388064350681315,-28.47483840009073,-29.10860187633357,-28.825799039530587,-29.547965066209294,-29.34649762862086
318,8,7,ketamine,-26.783907810297855,-26.18626633551412,-26.464499716210465,-26.60404563641651,-26.427142279648354,-26.67117321272558,-26.635843220580075,-26.53927100540608,-27.20400440903377,-27.130521574426744,-25.803305177473785,-27.035324058381857,-27.688178721586244,-27.162675081269917,-27.78202649672741,-27.615876993828657,-27.64154433679653,-27.529290917632554,-27.397701872465614,-27.43063900316555,-27.60105856793001,-27.867151972567783,-27.38883664337578,-27.696217438787304,-28.009558576747292,-28.420420593126547,-28.05365068406583,-28.1667413828687,-28.257733383152907,-28.199220387392568,-26.437866903639993,-26.757820777821646,-27.650268894172946,-27.35424525811739,-28.591319006661067,-27.98932329050003,-28.825910249442874,-28.848755306965746,-28.938738536816405,-28.777578431327964,-28.822088038781587,-28.81547852933848,-28.287848002252858,-28.133532718074278,-29.07478645261669,-28.58012498351235,-29.11214051536259,-29.450914328465373
318,8,8,ketamine,-26.433376068170112,-26.50764904114394,-26.875154129594943,-26.40829171323769,-26.335053382086933,-26.36568890681207,-26.58822853613188,-26.713984321251502,-26.82476923690514,-27.05788050996717,-26.654768345231087,-27.323509220771346,-27.349661653998947,-27.53271632140837,-27.587048829783953,-27.492065763760227,-27.463439104459738,-27.544368203544284,-27.17588449193979,-27.465911164875045,-27.125807164579818,-27.749380957524927,-27.773898178248718,-27.428202027668284,-27.689217212754247,-27.76681103329525,-27.86643813157205,-27.688648489528365,-27.60061497793114,-27.660174822148633,-26.51528098695836,-26.675007760711466,-27.370243354839047,-27.29214808013061,-27.94570843165413,-28.12822489378943,-29.115618944880406,-29.283746074191463,-29.167997978050398,-29.197358853899885,-29.277438759416054,-29.245988556430557,-28.52122261861529,-28.443048260703815,-29.08249991284857,-29.056110016969512,-29.344847104936516,-29.34702564542761
318,8,9,ketamine,-27.23892746729691,-26.525451097148103,-26.62622664927119,-27.051761077571005,-26.99943155672564,-27.109730099098726,-27.12765542103521,-27.27941548737932,-28.120903767452045,-27.99023420877008,-27.221894485315786,-27.543064859983218,-27.919055023847406,-27.32617168408416,-27.420013210511996,-27.884046648184643,-27.865896134784975,-27.876413872921507,-27.424336139601127,-27.62505171412377,-27.40439685792779,-27.620634853739766,-27.341654213367992,-27.493238551561834,-27.881751792679797,-28.189191733465268,-27.717390494618435,-27.967220723496236,-27.614554853628526,-27.75222521575596,-27.529179938213996,-27.55556014708891,-27.511042319534564,-27.571698763132087,-28.352024342949065,-27.672185353139263,-29.33837997770419,-29.23463374125085,-29.205391100114355,-29.329467759019234,-29.24971971886621,-29.425344053074262,-28.513022513476397,-28.717969893303515,-29.087410492729607,-28.803742836920502,-29.489260549909403,-29.31451201979982
318,8,10,ketamine,-26.860462116519464,-26.377035206328063,-26.443924098009408,-26.58827667182086,-26.722059534665863,-26.745120511446327,-27.134194777335605,-26.998051926181848,-27.707884176706653,-27.835069037708504,-26.743664422561203,-27.40030109023744,-27.27847780896401,-27.238547131705307,-27.225767426290858,-27.422750542669267,-27.12210853496557,-27.29239310549585,-27.183784161990815,-27.351368031854246,-27.192317505398808,-27.617055149679306,-27.72315647546669,-27.31681054840736,-28.381987493631392,-28.34802532444965,-28.04232079388446,-28.48595942634811,-28.180954116379034,-28.37709448107988,-27.718023215501926,-27.3423949148039,-28.13705169676546,-27.838812312671205,-28.362911941844136,-28.57475355273686,-29.66412385338322,-29.465094252190017,-29.360188011493815,-29.577404447869505,-29.503661869337606,-29.66141451197113,-28.89847606328581,-28.93517199851116,-28.949417773874366,-29.202481506923466,-29.413371777324535,-29.497486922285596
318,8,11,ketamine,-27.04882429212311,-26.223613132782674,-26.843504199482734,-26.731387410311264,-26.70492701695815,-26.71294797206679,-27.566811642359255,-27.115299303381217,-27.872135264753478,-27.475459152584445,-26.742497272410684,-27.184075497568454,-27.826121555593993,-27.49960094491858,-27.631823917231213,-27.816712315341732,-27.783185272362854,-27.774854562944405,-27.240651960191173,-27.32245916366615,-27.67696268946256,-27.757148832371875,-27.57428615521608,-27.583330829819438,-27.952012220568346,-27.67797025337592,-27.37728085405289,-27.80654655190784,-27.709813903219718,-27.81199161150085,-27.63852058818693,-27.488175188706638,-28.240414759138364,-27.73795056053926,-27.90685251535143,-27.782881252372274,-28.79864082448185,-29.044398132755465,-28.76662675200254,-28.909842333311303,-28.72186176493505,-28.87370663159472,-28.5761772798487,-28.528531560910608,-28.83794272339813,-28.672528520904727,-28.995947268614803,-28.97180658383543
318,8,12,ketamine,-26.87733683654944,-26.852928620355048,-26.718417348531506,-26.552834163223952,-26.549904466802932,-26.568704328167122,-26.806361665608883,-26.487053737354557,-27.971026604017464,-27.048965105376663,-27.354441274260278,-27.4344855684133,-27.78246558598626,-27.151912119412135,-27.022401966260535,-27.53600756447064,-27.15241405366316,-27.269813569966583,-27.733568387454316,-28.1475224597982,-27.424917636342805,-27.638697467484334,-27.222730580946635,-27.05030506296582,-28.225159163919653,-27.706867259709686,-28.186372222557118,-28.1064678958567,-27.936760317362637,-28.136101374263863,-27.226820696999113,-27.524928600582168,-28.057398458893754,-28.288760922898998,-28.208354297612015,-28.418103547792487,-28.924049139863467,-28.946504675107793,-28.742962011105366,-28.96089300077289,-28.471240356265156,-28.745748249858373,-28.885105014622884,-28.488480870300062,-29.13716487709654,-28.697491950922572,-29.061106901550104,-29.24855746010998
318,8,13,ketamine,-27.20078239591905,-27.176647300899468,-26.685307311797093,-27.587119545550234,-27.566602878634974,-27.69416987923725,-26.902213866639563,-27.007262427405138,-27.75538761995919,-27.09995663528989,-27.477355581863534,-26.818212633480695,-27.329702251492915,-26.752128762978582,-27.215644060135602,-27.215751176163295,-27.12411131531835,-27.158982977686293,-26.938781589868295,-27.048818207999183,-26.969927029584046,-27.19581030840331,-27.1416603524588,-27.27408903759881,-27.95730682309997,-27.86840390953606,-28.14662971479417,-27.917262282314418,-28.025424400841807,-27.89239226094889,-26.915262871383437,-26.773425629550253,-27.592719550567793,-27.363671964206606,-27.648157546303498,-28.25401423103684,-29.005125325289836,-29.19648739328398,-28.891657518054853,-29.0007255747098,-28.841806729406812,-29.00571056735552,-28.46848329428646,-28.145785385063306,-29.0279640011047,-28.60548095230811,-29.502070185506827,-29.186446919650862
