subject_id,drug,eyes,recording_number,epoch_index_original,epoch_index_within_clean,sfreq,n_channels,epoch_len_sec,ptp_uv,n_epochs_before,n_epochs_after,file_path,extract_ok,extract_error,logbp_delta_global,logbp_delta_frontal,logbp_delta_central,logbp_delta_parietal,logbp_delta_occipital,logbp_delta_temporal,logbp_theta_global,logbp_theta_frontal,logbp_theta_central,logbp_theta_parietal,logbp_theta_occipital,logbp_theta_temporal,logbp_alpha_global,logbp_alpha_frontal,logbp_alpha_central,logbp_alpha_parietal,logbp_alpha_occipital,logbp_alpha_temporal,logbp_beta_global,logbp_beta_frontal,logbp_beta_central,logbp_beta_parietal,logbp_beta_occipital,logbp_beta_temporal,n_regions
210,awake,closed,3,0,0,250.0,62,8.0,133.0659713745117,14,14,data/raw/spontaneous/210_20161207_0003_eyesClosed_afterICA.set,True,,-26.38586771695348,-26.308092021196277,-27.06298346215072,-26.006362300885844,-25.45373110206762,-26.59551390943785,-26.44712981292555,-26.71957180086255,-26.755095207438064,-25.901359698651845,-25.73284880933109,-26.38563397923048,-25.454961545390965,-25.553903724295456,-26.11103918643284,-24.66111276808271,-24.553268516034294,-25.866196207056618,-28.57715474074789,-28.79026448031423,-28.96527512319189,-28.187239290128485,-27.66789186589366,-28.249592810714063,5.0
210,awake,closed,3,1,1,250.0,62,8.0,143.20724868774414,14,14,data/raw/spontaneous/210_20161207_0003_eyesClosed_afterICA.set,True,,-26.349598316960613,-26.29473097848363,-27.03917903898222,-25.861005186139582,-25.43110444387847,-26.667982172171648,-25.46121678277942,-25.61388649803563,-25.990038354418257,-24.85175992933892,-24.744010373077888,-25.474355388742108,-25.360235767911032,-25.46110345659602,-25.975253335594523,-24.654673420510218,-24.062997236832647,-25.948529554078902,-28.54081306057893,-28.67478612134213,-29.241946146005077,-27.960714540557976,-27.26234867285446,-28.4643836256428,5.0
210,awake,closed,3,2,2,250.0,62,8.0,123.20891952514648,14,14,data/raw/spontaneous/210_20161207_0003_eyesClosed_afterICA.set,True,,-26.501529827016377,-26.492941363200973,-27.032717058660005,-26.09200449552097,-25.96540607430053,-26.590646726641904,-26.1227205947382,-26.276793139445417,-26.655975941826902,-25.507011327017267,-25.27244154681804,-26.20983954235373,-25.396855706302848,-25.49067222448581,-26.0347835811563,-24.636343378583096,-24.447391195600705,-25.86173114407228,-28.726515048150777,-28.967579747323267,-29.20919729774072,-28.174446746026582,-27.612546695406063,-28.58580918084311,5.0
210,awake,closed,3,3,3,250.0,62,8.0,126.06336975097656,14,14,data/raw/spontaneous/210_20161207_0003_eyesClosed_afterICA.set,True,,-26.419616628714305,-26.47460685026816,-26.89592278148219,-26.00602361599484,-25.442975606079333,-26.685923148081333,-25.907129646313845,-25.89716177450867,-26.700441503156213,-25.25408524892181,-24.87412092129648,-26.23021059634073,-25.882059385273507,-25.813239263747978,-26.72663134672115,-25.174792546802077,-24.834008014038204,-26.40423427074785,-28.853515031895817,-29.0547575453556,-29.326377028082504,-28.34619930410647,-27.91021898030056,-28.63992160264425,5.0
210,awake,closed,3,4,4,250.0,62,8.0,126.88908767700195,14,14,data/raw/spontaneous/210_20161207_0003_eyesClosed_afterICA.set,True,,-26.54669568938756,-26.49993537421507,-27.013992552859133,-26.276086258759097,-26.069917665977897,-26.524552157083477,-25.964806605520412,-25.92198916320143,-26.60345798108251,-25.323818415232758,-25.65101009753504,-26.216097464026216,-25.883265928134367,-25.947657546115604,-26.583270001441598,-25.09380751281069,-25.069937939165417,-26.24506353765212,-28.614947809416023,-28.818470390971918,-29.129311046855225,-28.062297736875564,-27.969744126117675,-28.22302600243137,5.0
210,awake,closed,3,5,5,250.0,62,8.0,124.19880676269533,14,14,data/raw/spontaneous/210_20161207_0003_eyesClosed_afterICA.set,True,,-27.059936398999103,-26.937632795552783,-27.542113671670663,-26.80544332107133,-26.42392554466064,-27.370620642418377,-26.346549048146127,-26.273498287024463,-27.17761072501903,-25.71653169580367,-25.408448629934096,-26.68743812250955,-26.459681818510003,-26.59420508043338,-27.07011377428013,-25.722200700190204,-25.652940352346544,-26.58170136324044,-29.05541214096243,-29.16211703977645,-29.4294536257188,-28.69529265794385,-28.40329306112734,-28.910041054666635,5.0
210,awake,closed,3,6,6,250.0,62,8.0,140.5481300354004,14,14,data/raw/spontaneous/210_20161207_0003_eyesClosed_afterICA.set,True,,-26.53964723256706,-26.373201463364044,-27.00882684326505,-26.329823429679497,-25.936640450663614,-27.05087721540021,-26.677043640525916,-26.62135756742725,-27.33478029319988,-26.2679046540986,-25.78146140545462,-26.85743926194755,-25.703088094602645,-25.68595076121431,-26.644662003750536,-24.86516011964735,-24.365163836508884,-26.289843154132825,-28.51707456049518,-28.62561292766644,-28.838864966616715,-28.286082117098072,-27.764125408666327,-28.300211203432724,5.0
210,awake,closed,3,7,7,250.0,62,8.0,125.83494186401366,14,14,data/raw/spontaneous/210_20161207_0003_eyesClosed_afterICA.set,True,,-26.927507162568823,-26.89472950789766,-27.252723459927434,-26.7441550684385,-26.22775424327075,-27.20267110981575,-26.8744478586948,-26.93471352057644,-27.43936473453788,-26.29165177399344,-26.059291189578307,-27.128904895236804,-25.61994259284907,-25.57189210464679,-26.635154960735143,-24.66857471459273,-24.36847094618066,-26.27586215118268,-28.960967574671866,-29.10907838499233,-29.441482286121552,-28.49076429358249,-28.11602014207074,-28.830183474027415,5.0
210,awake,closed,3,8,8,250.0,62,8.0,126.50242233276369,14,14,data/raw/spontaneous/210_20161207_0003_eyesClosed_afterICA.set,True,,-26.7610677496818,-26.650866777304888,-27.301631824891174,-26.482900840143376,-26.12584691905278,-27.00674740462959,-26.659117350786147,-26.765430431916656,-27.177101319297957,-26.116519820054293,-25.55013983323753,-26.941654624363807,-25.2459871074078,-25.19941723532,-26.11637693255862,-24.621385029152076,-24.293703302730037,-25.417956878893943,-28.92941259157533,-29.033821042970573,-29.603465587590907,-28.392072754386003,-27.863418490979807,-28.77393863599517,5.0
210,awake,closed,3,9,9,250.0,62,8.0,103.87206649780272,14,14,data/raw/spontaneous/210_20161207_0003_eyesClosed_afterICA.set,True,,-27.00246660856965,-26.84273843375256,-27.54706817072389,-26.806188439079943,-26.29658252898759,-27.281604295348085,-26.63110568770199,-26.6030536054902,-27.299262502132542,-26.06805500276869,-25.82773003094589,-26.915441047908377,-25.59196506051648,-25.65509554171925,-26.35419715602381,-24.72186622687874,-24.84009552551308,-25.96105644389806,-28.63908911958888,-28.749225976893484,-28.99466176180508,-28.217416435945363,-27.838614073453897,-28.80391212031097,5.0
210,awake,closed,3,10,10,250.0,62,8.0,136.53289031982422,14,14,data/raw/spontaneous/210_20161207_0003_eyesClosed_afterICA.set,True,,-26.857266924547773,-26.715880205119944,-27.54453168181339,-26.43318398158433,-25.910260726576784,-27.3623361470574,-26.315963771334136,-26.346300918980507,-26.90881694030545,-25.774949740231307,-25.400045460871898,-26.6185441499745,-25.361530032043994,-25.22552898318045,-26.305788026114804,-24.61715629395476,-24.282354837929077,-26.088301141127303,-28.702311486900303,-28.85094748117713,-29.2480114034236,-28.204912548501223,-27.79384150605125,-28.507253691675007,5.0
210,awake,closed,3,11,11,250.0,62,8.0,109.59321975708008,14,14,data/raw/spontaneous/210_20161207_0003_eyesClosed_afterICA.set,True,,-26.4351349729537,-26.19793637768318,-27.396771720782034,-26.10574256834159,-25.819437351608908,-26.33850328931207,-25.517252471658026,-25.300999218672303,-26.18299546157891,-25.129835838794097,-24.875339983884103,-26.103516982383407,-25.344101467508835,-25.15787999575315,-26.358855114922555,-24.62487422951976,-24.431467397370977,-25.880612068161174,-28.24127988152545,-28.11761571078398,-28.99028066201052,-27.95988914735961,-27.519250106199014,-28.050075317798047,5.0
210,awake,closed,3,12,12,250.0,62,8.0,132.25005340576172,14,14,data/raw/spontaneous/210_20161207_0003_eyesClosed_afterICA.set,True,,-26.827548638253887,-26.76613088847737,-27.14363295336323,-26.80949775028785,-26.628033259719533,-26.519691819360563,-26.604707947678683,-26.709429930452934,-27.00311755100876,-26.07490873214916,-26.27420666882524,-26.680856714450783,-25.33725928013142,-25.25439014699669,-26.223261161583007,-24.56136278813827,-24.22017057391219,-26.03956145910305,-28.61154158446757,-28.72762933541081,-29.10068823090913,-28.10237865442479,-27.666270507954863,-28.73524806159082,5.0
210,awake,closed,3,13,13,250.0,62,8.0,123.88364028930664,14,14,data/raw/spontaneous/210_20161207_0003_eyesClosed_afterICA.set,True,,-26.94484426513308,-27.013827637568067,-27.358855845040885,-26.58382500350228,-26.18182422182886,-27.024605214216116,-26.099175013199723,-25.958620533704643,-27.082165050109428,-25.38573822729596,-24.988593581452783,-26.657890164364364,-25.464671466507017,-25.416940442871503,-26.42708449352613,-24.649895535497446,-24.39674585939298,-25.912154653197423,-28.68062822305772,-28.92498461112308,-29.203685876423727,-28.07815564094718,-27.568236152795997,-28.51880415724261,5.0
210,ketamine,closed,7,0,0,250.0,62,8.0,78.18039321899414,11,11,data/raw/spontaneous/210_20161207_0007_eyesClosed_afterICA.set,True,,-27.257835152629504,-26.98186142128606,-27.933145087395957,-26.964810577495616,-26.65281197035452,-27.782047175716936,-27.77495415849798,-27.6962175296089,-28.25641943274878,-27.509149632136364,-27.00016089615777,-28.02232706272817,-26.3756883938171,-26.62682842424988,-27.012582350404543,-25.507418508516576,-25.16646696262768,-26.556808276077916,-29.35129277945116,-29.47348860493638,-29.82766255434811,-29.112157007786124,-28.722658377797543,-28.627715791448797,5.0
210,ketamine,closed,7,1,1,250.0,62,8.0,89.49574279785156,11,11,data/raw/spontaneous/210_20161207_0007_eyesClosed_afterICA.set,True,,-26.999623557054782,-26.70969335589741,-27.608037625756225,-26.769929207125944,-26.562283992938674,-27.479414949203345,-27.89148565389393,-27.772163555630616,-28.311618114565317,-27.64660761584068,-27.1725181877393,-28.354000656573096,-26.61244077471789,-26.847257125158134,-27.24736479076253,-25.68855282778594,-25.660321207231902,-26.87533826211659,-29.43579764029138,-29.53152746348992,-29.944527158839385,-29.227739960986195,-28.706497120674697,-28.759467447831653,5.0
210,ketamine,closed,7,2,2,250.0,62,8.0,102.57029342651369,11,11,data/raw/spontaneous/210_20161207_0007_eyesClosed_afterICA.set,True,,-27.34056805865171,-27.03625335044846,-27.69006252008296,-27.2903282870192,-27.17604609929284,-28.00152945544296,-27.928838704017966,-27.76344811654781,-28.27112849817338,-27.944301684030787,-27.55566187042616,-27.97171417395597,-27.547990056931773,-27.75306771763564,-27.89881276598276,-27.03565122275401,-26.608327327322066,-27.65234549360885,-29.68566090136098,-29.628418040981675,-30.12889152498418,-29.79542542985669,-29.38658384315761,-28.79329631082207,5.0
210,ketamine,closed,7,3,3,250.0,62,8.0,62.95316505432129,11,11,data/raw/spontaneous/210_20161207_0007_eyesClosed_afterICA.set,True,,-27.17383103603565,-26.95066801393881,-27.592362977824884,-27.13083565061564,-26.919150234558884,-27.342780038301992,-27.817801352261394,-27.695053454423075,-28.113421588921387,-27.75614643594567,-27.50990261410431,-27.92690866909864,-27.16484395248426,-27.297679729640368,-27.64496287374173,-26.56776473113548,-26.409049420086244,-27.293912724618323,-29.758533181714174,-29.707993564311167,-30.1674691832264,-29.737840588899367,-29.3340424332675,-29.314750990012097,5.0
210,ketamine,closed,7,4,4,250.0,62,8.0,86.3475341796875,11,11,data/raw/spontaneous/210_20161207_0007_eyesClosed_afterICA.set,True,,-27.167254062460465,-27.008071637495565,-27.56120258123625,-27.029766485092058,-26.72492905315751,-27.42623075237705,-27.928407331953043,-27.861067661456364,-28.0927871818088,-27.78449351167152,-27.87269243784269,-28.074360654947,-26.62110406324154,-26.722461880816063,-27.43889523830348,-25.72979712679399,-25.448368617291333,-26.939601333680937,-29.602224271289007,-29.638670810418105,-30.00962137420612,-29.35522952680076,-28.867229685950964,-29.485410333984955,5.0
210,ketamine,closed,7,5,5,250.0,62,8.0,55.180639266967766,11,11,data/raw/spontaneous/210_20161207_0007_eyesClosed_afterICA.set,True,,-27.301591327822557,-27.02050022809465,-27.803941300869585,-27.19116853243094,-26.73714326202827,-27.76610202388892,-27.878572041688912,-27.791440587498403,-28.151490200200783,-27.84920823748979,-27.524894297292864,-27.89400517113903,-27.037391752598285,-27.359736312696555,-27.36537730044341,-26.330533942862417,-26.05413578353237,-27.174498817074475,-29.74316658953572,-29.660150528147465,-30.17742821406764,-29.636713547884504,-29.21910237186159,-29.63687915185243,5.0
210,ketamine,closed,7,6,6,250.0,62,8.0,66.30977821350098,11,11,data/raw/spontaneous/210_20161207_0007_eyesClosed_afterICA.set,True,,-26.880422140382105,-26.5182968846583,-27.551026179715503,-26.728333231282825,-26.359092914071883,-27.421920407354005,-27.838814748558228,-27.587372851099047,-28.160156968478443,-27.92370505456058,-27.535332776256496,-28.05515209991563,-27.821807108003128,-27.85357365733155,-28.3676405911482,-27.276209233318895,-27.09524485723849,-28.097214973018083,-29.812381150223388,-29.66219770679224,-30.313282301297544,-29.72737825871024,-29.442995486691974,-29.65157881556854,5.0
210,ketamine,closed,7,7,7,250.0,62,8.0,57.95634269714355,11,11,data/raw/spontaneous/210_20161207_0007_eyesClosed_afterICA.set,True,,-27.452140228195827,-27.09233149394897,-28.056699886022177,-27.43320482367608,-27.002633539986636,-27.752658018020583,-27.923320456179333,-27.77813496901604,-28.22219217487321,-27.919829703908928,-27.66939246748248,-27.97675222677952,-26.96134900059637,-27.334499566333943,-27.22260215767989,-26.265740324449204,-26.416906643743754,-26.79928803272984,-29.84923547508612,-29.7791729675923,-30.211509548746267,-29.786835692783303,-29.33555214567147,-29.75624399442609,5.0
210,ketamine,closed,7,8,8,250.0,62,8.0,65.68139648437499,11,11,data/raw/spontaneous/210_20161207_0007_eyesClosed_afterICA.set,True,,-27.460494867204552,-27.229036486212607,-27.887900220696537,-27.399513606409347,-27.48173449296001,-27.484582132126587,-27.65969637161594,-27.445927315767587,-28.080006169631982,-27.52296585447179,-27.50172266791327,-27.907859615174672,-26.760906384264874,-26.978759015537424,-27.44608389730981,-25.93030339467981,-25.77860528416508,-26.69289348271715,-29.621885309532136,-29.65975089906622,-30.041235523976468,-29.401939522837782,-28.962833614477518,-29.38152647857109,5.0
210,ketamine,closed,7,9,9,250.0,62,8.0,106.09528350830077,11,11,data/raw/spontaneous/210_20161207_0007_eyesClosed_afterICA.set,True,,-27.20441279676309,-26.98384047721486,-27.647058135597547,-27.13809250459997,-27.04022109762882,-27.27919617944237,-27.71558332080373,-27.58228681074642,-28.03731136129793,-27.647431969893287,-27.381981804654924,-27.862512878577984,-26.643450914251464,-26.86879420884263,-27.21510540330042,-25.981861346981987,-25.543301514146737,-26.60757345774903,-29.614671442902218,-29.63915814836049,-30.096136304110377,-29.380889432081368,-28.945114442283312,-29.3235189820149,5.0
210,ketamine,closed,7,10,10,250.0,62,8.0,61.06167793273925,11,11,data/raw/spontaneous/210_20161207_0007_eyesClosed_afterICA.set,True,,-27.571806657939568,-27.21198647686146,-27.903171703636364,-27.705733128368298,-27.81168236910698,-27.734299268144937,-28.06155880228724,-27.902653442411893,-28.355062451512744,-27.95234227387528,-27.73054744771545,-28.42069033027415,-28.25423174317989,-28.23630708962448,-28.900826154503356,-27.751274212317128,-27.44930304002936,-28.4087650697377,-29.913428165246916,-29.79743838365597,-30.36540281392373,-29.87543260356483,-29.46188409834857,-29.6934286416186,5.0
219,awake,closed,3,0,0,250.0,62,8.0,58.29587745666504,14,14,data/raw/spontaneous/219_20161117_0003_eyesClosed_afterICA.set,True,,-27.67846234176005,-27.45649088421804,-28.109261126558987,-27.693319981240425,-27.549910072806124,-27.61500394985288,-28.63594980931904,-28.38567828938294,-29.07579181001415,-28.679939980170072,-28.49821022440324,-28.634940780256017,-27.25411026089605,-27.326805958302327,-27.82143716707247,-26.7329676966122,-26.274416636927977,-27.440293830905777,-28.594167165971538,-28.49248162649872,-29.049220802456265,-28.506809281148826,-28.346746769041637,-28.28141794815869,5.0
219,awake,closed,3,1,1,250.0,62,8.0,50.27837944030761,14,14,data/raw/spontaneous/219_20161117_0003_eyesClosed_afterICA.set,True,,-28.05642132744737,-27.846575147188023,-28.413378697889453,-28.182225861089083,-28.162729214702924,-27.77393975308568,-28.38350212145614,-28.233363829268317,-28.812958511507027,-28.263876526380013,-27.981108653003023,-28.52002953288706,-27.100506612371607,-27.136965269301346,-27.58196412494564,-26.546860651948105,-26.278351898253664,-27.557518278463817,-28.837368626491976,-28.75729211686334,-29.056491488858537,-28.857850613536613,-28.7895236606214,-28.611789490989118,5.0
219,awake,closed,3,2,2,250.0,62,8.0,68.63833999633788,14,14,data/raw/spontaneous/219_20161117_0003_eyesClosed_afterICA.set,True,,-27.678870303363198,-27.372505709346736,-27.991776188496058,-27.85431637940485,-27.781683320363765,-27.777338678126892,-28.593572024229545,-28.320507180791093,-29.16067934481193,-28.54311017957067,-28.268727337165917,-28.71046590305077,-27.320169840161096,-27.29279128980507,-27.99347470536419,-26.75007918072893,-26.27229859054132,-27.7960665831078,-28.877512060796867,-28.83998889949835,-29.21887784454853,-28.76550362220762,-28.72232370167453,-28.58344226261113,5.0
219,awake,closed,3,3,3,250.0,62,8.0,45.77941131591797,14,14,data/raw/spontaneous/219_20161117_0003_eyesClosed_afterICA.set,True,,-27.87098129779559,-27.572568336854104,-28.479643614749623,-28.004387592063267,-27.557452410864915,-27.56674237358732,-28.98483974992498,-28.83759838890207,-29.35442025051049,-29.013504653386576,-28.65533084128163,-28.91178242481301,-27.59747476923575,-27.664080164125824,-27.80995385264237,-27.27842773956318,-26.74417649303749,-28.0807521441764,-28.987390699626104,-28.80659117088956,-29.21281428160816,-29.1689139824008,-28.85155519520302,-28.84684510055036,5.0
219,awake,closed,3,4,4,250.0,62,8.0,59.715919494628906,14,14,data/raw/spontaneous/219_20161117_0003_eyesClosed_afterICA.set,True,,-27.546599090303296,-27.11789107180301,-27.945844722636984,-28.02124391619748,-27.596354893420106,-27.27762218992217,-28.66549251001745,-28.418299907184007,-29.04487965563496,-28.866181241553157,-28.374106314051705,-28.51633360973,-27.81349761439195,-27.71271275965325,-28.51738348548029,-27.32975209693256,-26.86071217927268,-28.267204124324724,-28.89370084442227,-28.85968379868716,-29.112554317152217,-28.80969679351092,-28.619739668644275,-28.862314582729585,5.0
219,awake,closed,3,5,5,250.0,62,8.0,56.99510192871093,14,14,data/raw/spontaneous/219_20161117_0003_eyesClosed_afterICA.set,True,,-27.534298487828394,-27.39441704546267,-27.74765356993893,-27.686637425450385,-27.38798406383555,-27.38353201661512,-28.269406913950537,-28.190995791309728,-28.64541576136731,-28.275160005607628,-27.7002911027301,-28.120213631066616,-28.39408262699566,-28.455812381670224,-28.84635444064661,-27.96110931955219,-27.47791314109411,-28.65720423935568,-29.133662872008564,-28.91779133645196,-29.306693132349825,-29.360625085192115,-29.217487674742657,-29.00338054697577,5.0
219,awake,closed,3,6,6,250.0,62,8.0,47.32113265991211,14,14,data/raw/spontaneous/219_20161117_0003_eyesClosed_afterICA.set,True,,-27.32297875109833,-27.116879751008486,-27.70549611188421,-27.43782967773406,-27.20603098642541,-27.120704431207315,-28.05572838356146,-27.860898255223976,-28.664515443637804,-27.915761050248538,-27.5102659379187,-28.045638667914236,-28.47485332249303,-28.51140457356242,-28.956223457544777,-28.09615199594563,-27.52431777845369,-28.59963506233179,-29.133538418358803,-28.8811476083747,-29.31152670208432,-29.4301496193404,-29.145693307860668,-29.0249596988649,5.0
219,awake,closed,3,7,7,250.0,62,8.0,70.63080978393553,14,14,data/raw/spontaneous/219_20161117_0003_eyesClosed_afterICA.set,True,,-27.011147759049692,-26.932827336914457,-27.122264164942266,-27.2141527902174,-27.738171028064908,-26.11525384930945,-27.77344433068477,-27.61091207682314,-28.073655835887845,-27.8307839343108,-27.648933432328604,-27.686162171122096,-27.04248664034575,-26.99315385288233,-27.304279906892013,-26.842506089632277,-26.79613447288689,-27.202362505261817,-27.955121055518187,-27.830567354626293,-28.14095111491476,-27.962416827595725,-27.96123333246028,-27.979495468456594,5.0
219,awake,closed,3,8,8,250.0,62,8.0,53.49255561828613,14,14,data/raw/spontaneous/219_20161117_0003_eyesClosed_afterICA.set,True,,-27.736391602511,-27.49626829974842,-28.10209412487324,-27.802964855870574,-27.73855790083006,-27.73341171221499,-28.47656961669747,-28.24669110455853,-28.88046829213075,-28.53430284895655,-28.07257661077507,-28.60719098307512,-28.38565738784262,-28.43414194283527,-28.55317964746556,-28.127156552664896,-27.65088564593431,-28.81376744192271,-29.256475259886347,-28.925074492770214,-29.40045213624269,-29.63718455663037,-29.51429860546349,-29.18837512520981,5.0
219,awake,closed,3,9,9,250.0,62,8.0,65.73056030273436,14,14,data/raw/spontaneous/219_20161117_0003_eyesClosed_afterICA.set,True,,-27.48139884951299,-27.293466542260703,-27.81075020464648,-27.60009006767954,-27.447065349260697,-27.224483121696792,-27.99047890583936,-27.737571526386944,-28.357943640818974,-28.177974957406175,-28.188735396460945,-27.666612824554356,-27.218203068063254,-27.21601534791014,-27.231681422074978,-27.33190989699811,-27.406883718650352,-26.73708491245344,-28.297566478436483,-28.05767574138092,-28.381116270297763,-28.573567104838844,-28.58218225453366,-28.256028793366173,5.0
219,awake,closed,3,10,10,250.0,62,8.0,62.84272956848144,14,14,data/raw/spontaneous/219_20161117_0003_eyesClosed_afterICA.set,True,,-26.956348351024683,-26.690983180395,-27.203122175506937,-27.198077543357552,-27.01061766534568,-26.895970450850783,-27.84069932905872,-27.736836015952814,-28.28014697315839,-27.76998269376981,-27.05713617932196,-27.93471145771269,-27.29325657214796,-27.2276878272655,-27.40741965920708,-27.35726445399946,-27.109582434546255,-27.229520195203374,-28.40031666579249,-28.210738730721904,-28.41085679501176,-28.654993001038747,-28.64335387805645,-28.397153919102923,5.0
219,awake,closed,3,11,11,250.0,62,8.0,50.23542404174804,14,14,data/raw/spontaneous/219_20161117_0003_eyesClosed_afterICA.set,True,,-27.057250353599244,-26.876912485948456,-27.522489969722336,-27.025736863481807,-26.83877163970183,-26.948756923746107,-27.35693283435734,-27.32658412554456,-27.91093620566388,-27.04088799063644,-26.35749919796567,-27.55750425328836,-28.96218574164225,-28.91011738770817,-29.327705583990426,-28.815573539162195,-28.440516984090483,-28.97036443866207,-29.417430651849585,-29.05326067434686,-29.67108656671878,-29.832138919635582,-29.52513529619928,-29.277120391089717,5.0
219,awake,closed,3,12,12,250.0,62,8.0,64.15851593017578,14,14,data/raw/spontaneous/219_20161117_0003_eyesClosed_afterICA.set,True,,-27.039702437081232,-26.72746596675516,-27.428374984610432,-27.305879228696945,-27.150555572959025,-26.704556674192407,-27.56672178097722,-27.430610702054253,-27.78862185868743,-27.6414807127982,-27.50481826252776,-27.494402984027303,-27.14508584919223,-27.247271731577754,-27.240310256780457,-27.05106197195647,-26.73907997893332,-26.97768880401493,-28.24849337320833,-27.994114408541645,-28.345876303919688,-28.52273493549492,-28.38994812370366,-28.32483553047305,5.0
219,awake,closed,3,13,13,250.0,62,8.0,58.802539825439446,14,14,data/raw/spontaneous/219_20161117_0003_eyesClosed_afterICA.set,True,,-27.193902039437567,-27.01964111148787,-27.544165109799813,-27.322435355402437,-26.996714918962716,-27.030523892107222,-27.682224176337897,-27.466956951387896,-28.25748755442504,-27.5555230123181,-27.149490264053288,-27.838403583238385,-28.36075211233408,-28.27949175925457,-28.374798176065934,-28.50338770355796,-28.36927763436329,-28.312587424520803,-28.57251673507863,-28.283464940436897,-28.91135270484576,-28.727798359188576,-28.519062509785517,-28.63473556443629,5.0
219,ketamine,closed,7,0,0,250.0,62,8.0,56.64341926574707,16,16,data/raw/spontaneous/219_20161117_0007_eyesClosed_afterICA.set,True,,-27.56111628298652,-27.35691631264902,-28.032413239966782,-27.51655315174424,-27.508963178019105,-27.419853917355653,-28.467442903863496,-28.30441805946711,-28.759720783378576,-28.542064190531992,-28.42348462253834,-28.36662540469701,-28.15121592884551,-28.17185204478673,-28.582554531040586,-27.776786124745605,-27.658852792904582,-28.21427318019929,-29.155941314527286,-29.017373394612417,-29.543258380989226,-29.16580897580427,-28.979443624893133,-28.944277549568397,5.0
219,ketamine,closed,7,1,1,250.0,62,8.0,50.55816841125488,16,16,data/raw/spontaneous/219_20161117_0007_eyesClosed_afterICA.set,True,,-27.847826022252317,-27.54845999435567,-28.41778249476893,-27.888992400682916,-27.32623487958417,-28.03150158671076,-28.693577825424843,-28.476108568477297,-29.04079781929055,-28.739931767845658,-28.483071704035197,-28.839069200646943,-28.22258324607682,-28.179991766682804,-28.15023953461603,-28.26597294385163,-28.235564782673947,-28.466869236135096,-29.081641213821957,-28.954804283855665,-29.4575073871992,-29.040072156614293,-28.81287857773859,-29.03805688186605,5.0
219,ketamine,closed,7,2,2,250.0,62,8.0,63.039432525634766,16,16,data/raw/spontaneous/219_20161117_0007_eyesClosed_afterICA.set,True,,-27.683598746570933,-27.4129324283734,-28.126213340243822,-27.81849476976617,-27.779090108117604,-27.518433793884668,-28.83929449500441,-28.528710201096008,-29.4314455814578,-28.902102989823344,-28.576860789579985,-28.861763312624205,-28.647110865131104,-28.72249990888694,-28.88841583883959,-28.37059218097434,-28.16445195044382,-28.770031458136945,-29.3059340400316,-29.12682989748576,-29.76185538170139,-29.332923260384657,-29.08336402136166,-29.121876966955156,5.0
219,ketamine,closed,7,3,3,250.0,62,8.0,73.79296112060547,16,16,data/raw/spontaneous/219_20161117_0007_eyesClosed_afterICA.set,True,,-27.91574209176041,-27.666725543000847,-28.36554714813567,-28.03158606289162,-27.719446033305285,-27.84612502125641,-28.80576477160186,-28.57150299355932,-29.148679971669203,-28.85775006002775,-28.982983671472084,-28.795160418123118,-28.4519141206291,-28.437580108503216,-28.667766045207287,-28.315951916167823,-28.453304904393423,-28.371547542102437,-29.47889068332864,-29.34443948788052,-29.95705640268512,-29.458686227485064,-28.98313753948741,-29.370552706433656,5.0
219,ketamine,closed,7,4,4,250.0,62,8.0,69.44627380371094,16,16,data/raw/spontaneous/219_20161117_0007_eyesClosed_afterICA.set,True,,-27.59293345057016,-27.31706673498573,-28.171947415697836,-27.668401241609693,-27.27228690334248,-27.443513105029968,-28.811009782755107,-28.687097015704055,-29.039688894216138,-28.90336721520181,-28.810302470363496,-28.647340810504637,-28.535324352568203,-28.444134439832,-28.759439939161044,-28.54404452845292,-28.49344707604465,-28.42862875263853,-29.274101399607687,-29.211180996054253,-29.668625470251424,-29.390444183608537,-28.958960230673352,-28.62995163362252,5.0
219,ketamine,closed,7,5,5,250.0,62,8.0,75.82629776000977,16,16,data/raw/spontaneous/219_20161117_0007_eyesClosed_afterICA.set,True,,-27.486673980042635,-27.192000624081203,-28.04485385822151,-27.543056228399603,-27.203658647321145,-27.46619453643377,-28.540492055570787,-28.289680374811777,-29.05623181567918,-28.556268084745845,-28.271197289355936,-28.57432185849136,-28.452380373474128,-28.29175787154372,-29.180943296877,-28.262747741044585,-27.73914369627009,-28.30819053079385,-29.36714925849271,-29.240860724806375,-29.903107083571825,-29.50454654239073,-29.302829366684524,-28.42738876356815,5.0
219,ketamine,closed,7,6,6,250.0,62,8.0,71.32576370239256,16,16,data/raw/spontaneous/219_20161117_0007_eyesClosed_afterICA.set,True,,-27.24833467667785,-26.892695935411208,-27.99791156850465,-27.173563060915225,-26.840381875201103,-27.382498936879127,-28.952141728868824,-28.698420585655384,-29.385257719322365,-29.076250227427504,-28.58016603536439,-29.004838580920293,-28.1559388009644,-28.113854477600327,-28.16225997729785,-28.17875304120227,-27.885112122481512,-28.373450006893236,-29.26164124104401,-29.21937519426685,-29.435995074255263,-29.35859306140302,-29.11667416510433,-28.97408525071172,5.0
219,ketamine,closed,7,7,7,250.0,62,8.0,63.02631759643555,16,16,data/raw/spontaneous/219_20161117_0007_eyesClosed_afterICA.set,True,,-27.866336773754007,-27.594710013007173,-28.377662912985794,-28.02855438836989,-27.81633350805684,-27.46244294646296,-28.939867463141667,-28.77226004438184,-29.19244532190457,-29.068055628921968,-28.822973928553875,-28.914839085260272,-28.80824387364251,-28.8150739847121,-29.19067943257299,-28.6228574288756,-28.254158191200133,-28.73064912740076,-29.484061723266358,-29.34842512315251,-30.091693023343566,-29.38932777830437,-28.93612530513931,-29.269354081736008,5.0
219,ketamine,closed,7,8,8,250.0,62,8.0,60.50629425048828,16,16,data/raw/spontaneous/219_20161117_0007_eyesClosed_afterICA.set,True,,-27.58736085571451,-27.356488220279687,-28.118204029028,-27.67762871156169,-27.370064777504908,-27.278795665639706,-28.9253671396394,-28.708604901628863,-29.204341541576248,-29.093967152161827,-28.96408236093576,-28.83662019067209,-28.66817734929281,-28.6787182132888,-29.070544529103906,-28.549610324344847,-28.04212332927061,-28.378326705957576,-29.34505787332881,-29.19940680070791,-29.957991561826397,-29.30504151652136,-28.859276249359517,-29.016198845322737,5.0
219,ketamine,closed,7,9,9,250.0,62,8.0,50.14620018005371,16,16,data/raw/spontaneous/219_20161117_0007_eyesClosed_afterICA.set,True,,-27.41411494620525,-27.14310141029249,-27.94032278144349,-27.49421839547379,-27.459486557058508,-27.13296243578553,-28.738441947704302,-28.51369146560156,-29.119396155781363,-28.835705476943765,-28.537045957715577,-28.749945870855097,-28.66709460808549,-28.534194414422245,-29.264949995041256,-28.41851922913899,-27.93200854415865,-28.84553282538253,-29.52444436498133,-29.400492265430657,-30.051197547025133,-29.54018813213323,-29.1613508601107,-29.095272673074177,5.0
219,ketamine,closed,7,10,10,250.0,62,8.0,65.30872917175293,16,16,data/raw/spontaneous/219_20161117_0007_eyesClosed_afterICA.set,True,,-27.42959235195846,-27.1657400499138,-28.17377275237701,-27.272543315138385,-26.86666656952416,-27.559876803722045,-28.71513548042672,-28.445009715388156,-29.267939912087776,-28.74242787089383,-28.39320101322812,-28.747866507667283,-28.204174896029933,-28.118619446260958,-28.42990949520496,-28.12874336470569,-27.83880118697394,-28.40412097315908,-29.039419259658075,-28.925061025066032,-29.4288001904232,-29.029629906909538,-28.809157202582128,-28.824048801668848,5.0
219,ketamine,closed,7,11,11,250.0,62,8.0,74.33723449707031,16,16,data/raw/spontaneous/219_20161117_0007_eyesClosed_afterICA.set,True,,-27.75101453949788,-27.493443294380096,-28.194329502541702,-27.788754789731616,-27.618063570171667,-27.82133319043008,-28.63744282653185,-28.346963331357745,-29.43829293370937,-28.552629303960597,-27.985417919002785,-28.668049605036657,-28.38822586780424,-28.42763256886569,-28.595226444286773,-28.25282010700045,-27.723821668994,-28.508845041068863,-29.124573584241997,-29.051043047848623,-29.53925283214998,-29.0408675309941,-28.83752625976811,-28.90137120787548,5.0
219,ketamine,closed,7,12,12,250.0,62,8.0,54.11287879943847,16,16,data/raw/spontaneous/219_20161117_0007_eyesClosed_afterICA.set,True,,-27.872334556995376,-27.621710819688484,-28.3153810510718,-28.043773923710173,-27.827203684467595,-27.553483967771072,-28.53716901915852,-28.36440176637153,-28.9774223436874,-28.550370066578125,-28.332486983853894,-28.428088829333063,-28.57738463860967,-28.604856460716192,-28.89977779200679,-28.270786581766234,-27.99372104380045,-28.783167369002765,-29.359165641548515,-29.26457376562488,-29.680259494911237,-29.453253361301982,-29.07287055105032,-29.06557140425727,5.0
219,ketamine,closed,7,13,13,250.0,62,8.0,71.96923065185545,16,16,data/raw/spontaneous/219_20161117_0007_eyesClosed_afterICA.set,True,,-27.39502268138628,-27.24543797122968,-27.851920667131,-27.36841034986495,-27.12186038205496,-27.24824506624224,-28.60585527666247,-28.45536143048545,-28.89549540237344,-28.70787164368495,-28.591370513609103,-28.407530336008914,-28.26252788087256,-28.206506288952443,-28.75236741989722,-28.11037577281046,-27.81553533155103,-28.00174009039938,-29.10948902880129,-29.02155463671616,-29.489296893461223,-29.139083491391887,-28.93303882305072,-28.70620925477669,5.0
219,ketamine,closed,7,14,14,250.0,62,8.0,89.66383361816405,16,16,data/raw/spontaneous/219_20161117_0007_eyesClosed_afterICA.set,True,,-27.44391216479389,-27.21792177298826,-27.989735779004103,-27.451402042197422,-27.211636439701163,-27.25133097667969,-28.634339353412024,-28.349533194289723,-29.263453143836298,-28.74326120444647,-28.364860962846564,-28.35088138527232,-28.066327847255447,-28.014783923758213,-28.78185648481479,-27.63662489604494,-27.07690530201098,-28.2273047220786,-28.92482810269592,-28.88929777196751,-29.45669699954125,-28.653920836448133,-28.30617284834864,-28.8952706398041,5.0
219,ketamine,closed,7,15,15,250.0,62,8.0,58.60452651977539,16,16,data/raw/spontaneous/219_20161117_0007_eyesClosed_afterICA.set,True,,-27.99768170528615,-27.70964254397221,-28.39188010504654,-28.17629010357898,-28.00125358685777,-27.852331629596392,-28.73490805807253,-28.536357579236867,-29.16075975153094,-28.80115043294822,-28.547232247164757,-28.652120330920813,-28.998860540057173,-28.83362339229464,-29.30083911587532,-29.035014704829955,-28.85115413557225,-29.05306882130939,-29.354248099916383,-29.208826422701986,-29.759694119821432,-29.452571681441643,-29.046785692269456,-29.081888356291653,5.0
249,awake,closed,3,0,0,250.0,62,8.0,82.81610107421875,15,15,data/raw/spontaneous/249_20161208_0003_eyesClosed_afterICA.set,True,,-27.24083275591945,-27.067895399045003,-27.876049265593885,-27.074940852953187,-27.055254779203967,-26.956818093489403,-27.605333198590905,-27.54976898752618,-28.213156925123293,-27.32120348459286,-26.89796234020101,-27.527103335477488,-25.707451924393578,-25.89451484514089,-26.314643448014603,-24.90481577315565,-24.75232275479109,-25.98218518191372,-28.472240747878125,-28.66036505956562,-28.584569252920737,-28.28616236884739,-28.170836347637703,-28.075771247997963,5.0
249,awake,closed,3,1,1,250.0,62,8.0,59.041238784790046,15,15,data/raw/spontaneous/249_20161208_0003_eyesClosed_afterICA.set,True,,-26.71156191310068,-26.48382565712699,-27.30179805914253,-26.590060830332312,-26.26100823099499,-26.798678332365345,-27.558726608860884,-27.458764522659155,-27.86503495784358,-27.524803825236564,-27.44002401523295,-27.38515056666189,-28.053204468485774,-28.11348253781834,-28.38508940372043,-27.80131696520129,-27.395916906334023,-28.04262331664215,-29.00737767983217,-28.965091869279643,-29.187485526016523,-29.0572400461272,-28.73162602962235,-28.80618452602665,5.0
249,awake,closed,3,2,2,250.0,62,8.0,56.106327056884766,15,15,data/raw/spontaneous/249_20161208_0003_eyesClosed_afterICA.set,True,,-26.858469103796843,-26.75108932936631,-26.912527953204084,-27.063890226035376,-27.19358904838747,-26.47496659990816,-27.448213147292208,-27.459005720135732,-27.63989247203543,-27.374717152083928,-27.315505240548465,-27.197831453620044,-27.752924563766367,-27.807765357413256,-28.108645593052195,-27.405591421513936,-27.33263887024143,-27.76271236404099,-29.41278390476526,-29.367061753227222,-29.66973265777315,-29.45366844450414,-29.356197699904257,-28.90464797313355,5.0
249,awake,closed,3,3,3,250.0,62,8.0,111.29632186889648,15,15,data/raw/spontaneous/249_20161208_0003_eyesClosed_afterICA.set,True,,-26.656697878706293,-26.439613308351536,-27.2078949279179,-26.622362771576785,-26.33503575351055,-26.51705678435808,-27.686144866994223,-27.65700543789025,-28.00448635004215,-27.579511842751398,-27.304763050421325,-27.51977815643542,-26.97481099027586,-27.034248221633334,-27.44154438028848,-26.56029312065343,-26.042573346780443,-27.20330926964857,-28.417526011376918,-28.33513435318348,-28.530415036373373,-28.4623503836741,-28.39147117064563,-28.35425292159656,5.0
249,awake,closed,3,4,4,250.0,62,8.0,99.37136077880858,15,15,data/raw/spontaneous/249_20161208_0003_eyesClosed_afterICA.set,True,,-26.737956930977692,-26.56412963109439,-27.49328210227593,-26.45848732760876,-26.280995768193083,-26.58406991269928,-27.566695331506114,-27.543540681555,-27.93101054704665,-27.464142371483177,-27.0671173895705,-27.364924278764004,-25.453206846318636,-25.426133813238504,-26.31082599273945,-24.626786687578036,-24.306176711976917,-26.176807948858013,-27.91284048565024,-27.96199069717712,-28.11216399221659,-27.54466200597406,-27.96905246195563,-28.032736303889465,5.0
249,awake,closed,3,5,5,250.0,62,8.0,247.21932220458984,15,15,data/raw/spontaneous/249_20161208_0003_eyesClosed_afterICA.set,True,,-25.761483311772725,-25.485276194684683,-26.520869498228944,-25.41817957706585,-25.39742181226576,-26.06957564947913,-27.6920933910278,-27.625238975823923,-28.053328107678883,-27.54848409026335,-27.443043511871576,-27.60927212016382,-27.342402726807148,-27.429191427254636,-27.81812665960768,-26.9073951804836,-26.27722317547412,-27.57773163634594,-28.86333258698935,-28.80305293002419,-29.268406894153816,-28.693321196274127,-28.563561008740702,-28.7357090029565,5.0
249,awake,closed,3,6,6,250.0,62,8.0,83.4647216796875,15,15,data/raw/spontaneous/249_20161208_0003_eyesClosed_afterICA.set,True,,-27.55809498614803,-27.42336530450129,-27.71430220939092,-27.611881185231635,-28.108016171079147,-27.225210386702667,-28.11147330717654,-27.86200981250678,-28.285590376973087,-28.34708791952797,-28.62413964077189,-27.832884621933957,-27.09458504867373,-27.144605351688096,-27.822060410579752,-26.37917777411568,-25.958287366335245,-27.576082919419267,-28.37064611437202,-28.383548415490267,-28.534034306019795,-28.32194211041205,-28.46621163275613,-27.964680219327107,5.0
249,awake,closed,3,7,7,250.0,62,8.0,83.9556884765625,15,15,data/raw/spontaneous/249_20161208_0003_eyesClosed_afterICA.set,True,,-27.80723851409801,-27.545373612830584,-28.22993524044608,-27.972386423993985,-27.703569942745588,-27.552279021539803,-27.61525587436716,-27.45706358433484,-27.82745660525588,-27.91791124098549,-27.55200359231705,-27.11617561778729,-26.82792122959641,-26.722078525437976,-27.787248394157704,-26.129105862209933,-25.337843949441123,-27.576145258841034,-28.394643606908684,-28.44306492641873,-28.60605539321394,-28.146209407006346,-28.425236072068373,-28.23564987337152,5.0
249,awake,closed,3,8,8,250.0,62,8.0,79.2134895324707,15,15,data/raw/spontaneous/249_20161208_0003_eyesClosed_afterICA.set,True,,-27.601736724505887,-27.3280584254493,-28.088382920136603,-27.692760629946964,-27.405638711747603,-27.48928127950415,-27.854564016398054,-27.651767356404815,-28.28786555969049,-27.995034312047768,-27.66023785259311,-27.464179569640248,-26.81394537747887,-26.86051490976999,-27.693346121466043,-26.03051270626672,-25.49685077633934,-27.22184211003029,-28.538492402487734,-28.57939657977111,-28.76632663495376,-28.33132245611218,-28.498823346370116,-28.32287556184481,5.0
249,awake,closed,3,9,9,250.0,62,8.0,79.04746627807617,15,15,data/raw/spontaneous/249_20161208_0003_eyesClosed_afterICA.set,True,,-27.314824013899507,-27.079259860481105,-27.931717834344017,-27.30626316882179,-27.27504933789624,-26.82535298570181,-27.69656464495649,-27.671901265679868,-27.88959832148614,-27.68486936901031,-27.544421247705145,-27.475852979400567,-25.906404659016367,-25.87141166642061,-26.886390976084247,-25.081923444456773,-24.506424340064907,-26.552466294688788,-28.406655006480136,-28.569395198114453,-28.7274725144059,-28.08437737612657,-27.90712152807735,-28.077705543930744,5.0
249,awake,closed,3,10,10,250.0,62,8.0,79.92591476440428,15,15,data/raw/spontaneous/249_20161208_0003_eyesClosed_afterICA.set,True,,-27.378680414711653,-27.114539655514776,-27.823391081906625,-27.35071687195463,-27.66150177872633,-27.250223781128387,-27.248675773717864,-27.032396245767547,-27.71535955660798,-27.31583416424798,-27.14231623736333,-26.931719520784384,-25.64236315588901,-25.68470427191335,-26.465957258825032,-24.893230118970717,-24.39789106899916,-26.078341620212917,-27.99223610068025,-28.169306678112747,-28.21592382841741,-27.57123410710052,-27.640256699643487,-27.94542213741643,5.0
249,awake,closed,3,11,11,250.0,62,8.0,87.7896499633789,15,15,data/raw/spontaneous/249_20161208_0003_eyesClosed_afterICA.set,True,,-27.138899489505924,-26.954499505552445,-27.56354547281042,-27.143554197564125,-27.246412474311786,-26.79696049241691,-27.58863703535854,-27.39778597669909,-28.207227919494105,-27.51026536056456,-26.849061255533258,-27.55699203809179,-26.0860596893479,-26.148271566748463,-26.665405069501247,-25.43238856894903,-25.057860370582347,-26.652396946375397,-28.54361808811112,-28.65778888834407,-28.696743240528047,-28.349722222975554,-28.203182810914228,-28.37736100280013,5.0
249,awake,closed,3,12,12,250.0,62,8.0,55.925119400024414,15,15,data/raw/spontaneous/249_20161208_0003_eyesClosed_afterICA.set,True,,-26.67561298740246,-26.520171269459837,-26.80493222285518,-26.90254494876981,-26.68771836441388,-26.475998984250943,-27.650306073809805,-27.515498294498087,-28.003113532272803,-27.56738748024417,-27.27542612790404,-27.79692792982371,-27.931341949589825,-27.936297052212964,-28.278877130094138,-27.681875991126702,-27.570443259854013,-27.886730936980115,-29.246583065738974,-29.19371303782808,-29.438222926004183,-29.3175753535084,-29.173633935268157,-28.8696080815095,5.0
249,awake,closed,3,13,13,250.0,62,8.0,88.4804458618164,15,15,data/raw/spontaneous/249_20161208_0003_eyesClosed_afterICA.set,True,,-27.443109515997826,-27.127120628891248,-27.84835517029917,-27.59639528260764,-27.464236841578085,-27.38345183620245,-27.83562876152581,-27.62578316987952,-28.14417589863344,-27.971975316724865,-27.83053656933385,-27.635165211532712,-27.143002715639632,-27.445703234844363,-27.140807969957923,-26.745913241590927,-26.246151454384755,-27.416988350559794,-28.90486841954783,-28.90638972667064,-28.958011142619675,-28.905230752228167,-28.912350320755117,-28.75615189979964,5.0
249,awake,closed,3,14,14,250.0,62,8.0,82.86871337890625,15,15,data/raw/spontaneous/249_20161208_0003_eyesClosed_afterICA.set,True,,-26.720632828580232,-26.660951281756223,-27.09523776246636,-26.654436009130563,-26.66551946428669,-26.24977122506178,-27.45972420631823,-27.383792457805697,-27.763411503576872,-27.409289264375783,-27.4116597842259,-27.176001900049854,-25.78952302571743,-25.846556828789836,-26.48307217696762,-25.095393905380732,-24.791486935033547,-26.165705719000822,-27.98666265824702,-27.92208871914431,-28.082874678506176,-27.93859875843789,-28.02189661951662,-28.071683295247933,5.0
249,ketamine,closed,7,0,0,250.0,62,8.0,63.81029891967773,17,17,data/raw/spontaneous/249_20161208_0007_eyesClosed_afterICA.set,True,,-27.824902045812,-27.6131394307588,-28.20637114548566,-27.92286888044807,-27.78174115248987,-27.710213890705223,-28.245906233033697,-28.138867576371517,-28.48998565297644,-28.371207842459224,-28.28482280303616,-27.81224683699614,-28.769149056263227,-28.839808900069617,-29.107908984236463,-28.701529804115864,-28.31085897411766,-28.13692941612247,-29.18940831083241,-29.422461444191857,-29.343814819197203,-29.214371902352383,-28.891790967045456,-28.08462393027565,5.0
249,ketamine,closed,7,1,1,250.0,62,8.0,96.95915985107422,17,17,data/raw/spontaneous/249_20161208_0007_eyesClosed_afterICA.set,True,,-27.602450533381177,-27.61929880644116,-27.91153309378355,-27.375905579253946,-27.44482385093731,-27.64838832773061,-28.31811007227123,-28.23825811237033,-28.550814317099505,-28.408291850780564,-28.101349926941253,-28.025976755010465,-26.8932635404766,-26.835038033324224,-28.042453379135484,-26.126540787621163,-25.04357330176041,-27.374705299941287,-28.97841827608555,-29.202372751224143,-29.37110541875275,-28.743532356006643,-28.24838308090057,-28.174766249486986,5.0
249,ketamine,closed,7,2,2,250.0,62,8.0,55.12496376037597,17,17,data/raw/spontaneous/249_20161208_0007_eyesClosed_afterICA.set,True,,-27.93886185829981,-27.82312543858866,-28.412898716392675,-27.818713714972517,-27.88938879131108,-27.804238728178348,-28.42167429746477,-28.355569589669187,-28.633332837345648,-28.398280005435023,-28.501808292258826,-28.17623610239259,-28.36133050286502,-28.45632083076019,-28.986751116649053,-27.960107657222498,-27.01074483796953,-28.30015646133276,-29.547072429729997,-29.583350068051256,-29.8894936861918,-29.55463416196332,-29.151410146236888,-28.89615660112302,5.0
249,ketamine,closed,7,3,3,250.0,62,8.0,67.75856971740721,17,17,data/raw/spontaneous/249_20161208_0007_eyesClosed_afterICA.set,True,,-27.45079894048057,-27.21072648972394,-28.035745406380208,-27.234514099925423,-27.54784662559113,-27.51423865800574,-28.678949505548328,-28.525269316881207,-29.216906740942303,-28.570065605083737,-28.41093201352002,-28.44023553546145,-27.52860761912514,-27.701887300894583,-28.135808254020287,-26.94379835492793,-25.76544048419284,-27.89297382028924,-29.24680734838312,-29.329875628905032,-29.644506128836507,-29.09167482733676,-28.71099248574443,-28.71902765833501,5.0
249,ketamine,closed,7,4,4,250.0,62,8.0,79.23854064941405,17,17,data/raw/spontaneous/249_20161208_0007_eyesClosed_afterICA.set,True,,-27.61352570231789,-27.549861132364708,-28.098200072181506,-27.43439918634156,-27.313799138513016,-27.408760359628587,-28.258579409699603,-28.178243921175337,-28.633242566631377,-28.213442602761457,-27.99637386495173,-27.99818160565276,-27.558193560624503,-27.76626693471325,-28.180676251968706,-27.03303720526762,-26.01265244739688,-27.493070666457086,-29.30157034057347,-29.5039389560765,-29.809325647566908,-28.911114783005537,-28.52812166905173,-28.72594170885277,5.0
249,ketamine,closed,7,5,5,250.0,62,8.0,61.77888107299805,17,17,data/raw/spontaneous/249_20161208_0007_eyesClosed_afterICA.set,True,,-27.90215242934246,-28.003956145353783,-28.254033378518507,-27.71089969985911,-27.43062320828824,-27.45589303344212,-28.54043367495103,-28.554895341073728,-28.74906769262448,-28.550000770438658,-28.258137163440978,-28.17388108568096,-27.655601060676958,-27.68424819483783,-28.184864347034573,-27.27248032430661,-26.28483571119669,-28.06975021403598,-28.67414853032931,-28.85779840868601,-28.56188580382729,-28.584505862593016,-28.61295121313319,-28.47342755914667,5.0
249,ketamine,closed,7,6,6,250.0,62,8.0,65.18262481689455,17,17,data/raw/spontaneous/249_20161208_0007_eyesClosed_afterICA.set,True,,-27.74077818863987,-27.610827011836918,-28.264822818201782,-27.589333470493926,-27.248609105221988,-27.84457279908933,-28.16076776881145,-28.04006242239007,-28.6070999989624,-27.98880807786105,-28.034081332859007,-28.03982763487183,-27.514658068280685,-27.74128897187343,-28.171946692398546,-26.688115734405283,-26.18187760418876,-27.820329533712908,-29.159579101820093,-29.31502858666892,-29.565237348441627,-28.8832963383778,-28.46736191993293,-28.707173560259704,5.0
249,ketamine,closed,7,7,7,250.0,62,8.0,58.87115478515625,17,17,data/raw/spontaneous/249_20161208_0007_eyesClosed_afterICA.set,True,,-27.68783992139653,-27.60097104045606,-28.09966224818493,-27.538088114997407,-27.694032998552228,-27.439531850052575,-28.277212494932535,-28.229496832586232,-28.598015352462934,-28.26376383104584,-28.14728188886687,-27.84792877441012,-27.51411599428125,-27.6200086629582,-28.13635182448717,-27.05441330980784,-26.12187479183873,-27.59627340509488,-29.248255211148447,-29.38682225895414,-29.73294319991488,-29.04396898911736,-28.643318503309672,-28.466338323326493,5.0
249,ketamine,closed,7,8,8,250.0,62,8.0,87.62252044677734,17,17,data/raw/spontaneous/249_20161208_0007_eyesClosed_afterICA.set,True,,-27.64224299098188,-27.511437081160192,-28.01909596796347,-27.59778678572436,-27.62058700065715,-27.40080737555775,-28.381909608030597,-28.353029921385627,-28.707919459215358,-28.320086387072912,-28.014919565978584,-28.124650464820707,-27.43274135739467,-27.53939264603372,-28.17899606349742,-26.77337636780919,-26.01511022227368,-27.68488877787997,-29.27887936503836,-29.42755060038299,-29.5352102008394,-29.18227100754573,-28.888223664334856,-28.61802734178276,5.0
249,ketamine,closed,7,9,9,250.0,62,8.0,46.01409339904785,17,17,data/raw/spontaneous/249_20161208_0007_eyesClosed_afterICA.set,True,,-28.07850263182808,-28.02869835099202,-28.513731294933148,-27.828946393608707,-27.946694274445864,-27.92281412990052,-28.47828477273158,-28.37074816580434,-28.8894844971612,-28.492446791422328,-28.037896432651,-28.221937594954856,-28.41589348036069,-28.49721660778753,-28.965547820581094,-27.99138940222297,-27.520203974291174,-28.365001214668897,-29.546119767633275,-29.590325487468004,-29.86245824059955,-29.496368626189668,-29.020500652668304,-29.163120390660357,5.0
249,ketamine,closed,7,10,10,250.0,62,8.0,78.03689193725585,17,17,data/raw/spontaneous/249_20161208_0007_eyesClosed_afterICA.set,True,,-27.773614285645223,-27.713794932070844,-28.213686481912813,-27.706146978786503,-27.53680404123321,-27.274526515131686,-28.336148017435654,-28.278285722331677,-28.66641496330474,-28.380580618896897,-28.221855232513025,-27.79023180252487,-28.41235581948063,-28.720114818091265,-28.590269452983083,-28.17188741114968,-27.578378241709043,-27.831230835454715,-28.76904453653946,-28.887784374534203,-28.8879960183814,-28.590586740985877,-28.509614685376164,-28.621908517279053,5.0
249,ketamine,closed,7,11,11,250.0,62,8.0,67.16950798034668,17,17,data/raw/spontaneous/249_20161208_0007_eyesClosed_afterICA.set,True,,-28.12632847246545,-28.100165317021595,-28.49139612582286,-28.026921078731984,-27.861276521594707,-27.98884062993209,-28.26102651226219,-28.158752576300955,-28.6730175891275,-28.17945799256973,-28.05383989412928,-28.03674045422113,-28.28079768957241,-28.45843647422248,-28.76319238639121,-27.82380795756648,-27.11981533277719,-28.24765042887215,-29.22205291847613,-29.302305304588074,-29.58341810248474,-29.067623467682267,-28.62263928094816,-28.83866657482369,5.0
249,ketamine,closed,7,12,12,250.0,62,8.0,43.96908950805664,17,17,data/raw/spontaneous/249_20161208_0007_eyesClosed_afterICA.set,True,,-27.488651089450347,-27.183965136760197,-28.00232973823,-27.543237874045825,-27.75068970094568,-27.235186160576163,-28.554261863434263,-28.473926698379824,-28.672324565095803,-28.64850778254417,-28.674995212052803,-28.314497115244183,-28.110503065445545,-28.26102470834644,-28.266700855957637,-27.851033114036,-27.29359686107037,-28.263535301678942,-28.71817306599741,-28.87932760614595,-28.55360323139974,-28.73897801516729,-28.49954444131805,-28.61763192796447,5.0
249,ketamine,closed,7,13,13,250.0,62,8.0,108.76432800292967,17,17,data/raw/spontaneous/249_20161208_0007_eyesClosed_afterICA.set,True,,-27.625294025089687,-27.63130432519011,-27.971444659375063,-27.379045655747337,-27.60904122623405,-27.53084537485553,-28.13306559962536,-28.162426017283337,-28.44435566876023,-27.91715743049833,-27.794984998813103,-28.01666681283075,-26.549368353317416,-26.35272916828026,-27.68548860246761,-25.79579023116998,-25.062640618436145,-27.3313538455956,-28.96707710207548,-29.164102198938608,-29.32214542760345,-28.574326848160613,-28.21746862055359,-28.758378234183727,5.0
249,ketamine,closed,7,14,14,250.0,62,8.0,71.23538208007812,17,17,data/raw/spontaneous/249_20161208_0007_eyesClosed_afterICA.set,True,,-28.124226129735924,-28.010702097183056,-28.58154302508776,-28.013249466235955,-28.14114291207568,-27.858935198689213,-28.38336277229086,-28.349813807884303,-28.75720430861341,-28.31067199163108,-28.09647482210612,-28.02100480934184,-27.82846661311921,-27.85484787673235,-28.664733329638278,-27.165468140189663,-26.504895592849792,-28.121888316424872,-29.34357409572592,-29.41723766665668,-29.76435002727224,-29.169830030470774,-28.42485677904719,-29.11546114501182,5.0
249,ketamine,closed,7,15,15,250.0,62,8.0,81.37481307983398,17,17,data/raw/spontaneous/249_20161208_0007_eyesClosed_afterICA.set,True,,-27.54993920249261,-27.398063805328007,-28.092409140324698,-27.29723413965513,-27.16518062140892,-27.804084841678712,-28.252466595389404,-28.094430764409378,-28.83296551959781,-28.124912972686257,-27.830701429064277,-28.083846706174956,-26.974757522528343,-26.85135053418153,-27.8172674868387,-26.34203852650176,-25.401949489894463,-27.93564567470455,-28.743945893840458,-28.857939017978563,-28.75737706992752,-28.740870646141712,-28.626654477090664,-28.38503684092772,5.0
249,ketamine,closed,7,16,16,250.0,62,8.0,73.62358093261717,17,17,data/raw/spontaneous/249_20161208_0007_eyesClosed_afterICA.set,True,,-27.771998218363557,-27.50967598731892,-28.15004601926633,-28.02202503057752,-27.97689745209246,-27.29467029985443,-28.584195422157904,-28.55089553763141,-28.83544785509353,-28.52130747496489,-28.53983975741537,-28.29579458500048,-27.929686873717795,-28.09803135085842,-27.74088301924382,-27.806561369727365,-27.869681192566883,-28.00688961181952,-29.075096910633697,-29.14281242565281,-29.168263100314125,-29.04143344831409,-28.793701960404796,-28.90729283139446,5.0
251,awake,closed,3,0,0,250.0,62,8.0,130.3695297241211,14,14,data/raw/spontaneous/251_20170124_0003_eyesClosed_afterICA.set,True,,-26.88810017021969,-27.063459365301508,-27.18829026322457,-26.53368013175756,-26.52239535760106,-26.514868608436583,-26.082037676538853,-26.373794714001168,-26.226242703775466,-25.56781313828286,-25.57415478259395,-26.102037165388555,-25.4520905146938,-25.35438905928095,-26.438688418817684,-24.647751421857976,-24.49361198326512,-25.92292219088716,-28.57825747291805,-28.889283984935773,-29.00891221736932,-27.964308537013675,-27.48797739556833,-28.386897466271183,5.0
251,awake,closed,3,1,1,250.0,62,8.0,150.1597442626953,14,14,data/raw/spontaneous/251_20170124_0003_eyesClosed_afterICA.set,True,,-25.565850406489773,-25.544779515100256,-26.00592726925596,-25.337858927173414,-25.276835463507087,-25.37810131981728,-25.0645443497268,-25.02721617488305,-25.66039289780482,-24.66374263504744,-24.549476353400845,-25.06009068908962,-25.13167733056769,-25.03100419388406,-25.99471656862078,-24.476380424533836,-24.360482314644496,-25.427962410176534,-28.36255171219795,-28.71637959367128,-28.728467850720104,-27.71972591489657,-27.374434011322105,-28.1494872729704,5.0
251,awake,closed,3,2,2,250.0,62,8.0,134.36287689208982,14,14,data/raw/spontaneous/251_20170124_0003_eyesClosed_afterICA.set,True,,-25.961362646043906,-26.11115815824184,-26.093058793358622,-25.71200161561977,-25.711588576631144,-25.82339828689324,-25.233408524682854,-25.198174413631563,-25.74396745965437,-24.90262373334661,-24.87794319636588,-25.135839627934278,-25.329977879259246,-25.431270894203376,-25.811913374879687,-24.68795854065906,-25.05697107469655,-25.35704659715967,-28.40271765985108,-28.681509773128028,-28.801555726644853,-27.83757405254522,-27.39272176378763,-28.28023966309766,5.0
251,awake,closed,3,3,3,250.0,62,8.0,145.9244613647461,14,14,data/raw/spontaneous/251_20170124_0003_eyesClosed_afterICA.set,True,,-26.936910751763456,-27.223289541551463,-27.105914211128,-26.49709073279829,-26.556927130621148,-26.7090424639518,-25.96202106109244,-26.261640714330586,-25.996563380256664,-25.55367997522368,-25.532108992219225,-25.902661311354937,-25.33677316744665,-25.334807116304248,-26.115233371552115,-24.51417593076297,-24.43713777683436,-25.867290984704184,-28.47461360469424,-28.77238127173648,-28.91691356845284,-27.84402050139124,-27.392320000617,-28.343629939456743,5.0
251,awake,closed,3,4,4,250.0,62,8.0,144.08878326416016,14,14,data/raw/spontaneous/251_20170124_0003_eyesClosed_afterICA.set,True,,-26.088641756967345,-25.88479174466792,-27.115117339891675,-25.598215058593556,-25.53857658904548,-26.038629519660144,-25.496379965252935,-25.62849574001778,-25.98463584971476,-25.01132683974945,-24.54865232296885,-25.565790969837987,-25.299092444512457,-25.22347248149225,-26.12477776896592,-24.49370476520693,-24.315001808992218,-26.06964867925164,-28.595437371496136,-28.922080735813264,-29.07390694063725,-27.87928924513409,-27.420559751387582,-28.48450723734834,5.0
251,awake,closed,3,5,5,250.0,62,8.0,117.88539123535156,14,14,data/raw/spontaneous/251_20170124_0003_eyesClosed_afterICA.set,True,,-26.676040851312404,-26.60637738714068,-27.114554762606776,-26.42065096373594,-26.3644449575628,-26.70228656423752,-26.20413066509404,-26.33064098811988,-26.825014041812675,-25.712125681314244,-25.444522825994767,-25.91614735097679,-25.47199634117532,-25.411800042902694,-26.52805484955974,-24.54836329609152,-24.302720504025768,-26.019743303865983,-28.497988416654263,-28.8620684005093,-28.964099346839667,-27.77664052157697,-27.1967681439679,-28.406351534602624,5.0
251,awake,closed,3,6,6,250.0,62,8.0,141.70006561279297,14,14,data/raw/spontaneous/251_20170124_0003_eyesClosed_afterICA.set,True,,-26.99561416275341,-26.852281719729486,-27.451018974073527,-26.8309348954831,-27.172863601357573,-26.85913109077458,-26.344651770198585,-26.42119359898244,-26.852891997849007,-26.01941240216254,-26.178932477552312,-25.76437673305684,-25.57631904590955,-25.66419445489588,-26.480713634557365,-24.6991033352568,-24.45325898503741,-25.81336146866568,-28.77720832999099,-29.13429607364948,-29.203838048570923,-28.14456369601516,-27.62244202915494,-28.55347768917828,5.0
251,awake,closed,3,7,7,250.0,62,8.0,158.2840347290039,14,14,data/raw/spontaneous/251_20170124_0003_eyesClosed_afterICA.set,True,,-26.533521709662107,-26.723343799467678,-26.765827899694408,-26.09668758510072,-26.304959162622968,-26.36878474364601,-25.28931598819313,-25.492177256723966,-25.529585474844293,-24.779742389454107,-25.17708547453663,-25.09056793598552,-25.35924846530949,-25.404242404113905,-26.16439789191977,-24.57793616982129,-24.480912883407346,-25.618107018017277,-28.452459227017805,-28.806179186312274,-28.853001810129456,-27.774688665130267,-27.39767992226909,-28.31191275349329,5.0
251,awake,closed,3,8,8,250.0,62,8.0,187.53125762939456,14,14,data/raw/spontaneous/251_20170124_0003_eyesClosed_afterICA.set,True,,-25.17757353457723,-25.09718414343648,-25.75264827152213,-25.09093742354136,-24.884605840661404,-24.6130040187587,-25.281358446364266,-25.23983638224315,-25.780697822181164,-25.11724602272336,-25.14952707307931,-24.781353254746836,-25.49257310959764,-25.61558123116778,-26.14814256568254,-24.75570103409165,-25.04687855045364,-25.361980395155456,-28.40265598866891,-28.57438910626442,-28.864117169375056,-27.96630605916809,-27.424497692029,-28.2441812245855,5.0
251,awake,closed,3,9,9,250.0,62,8.0,149.09105682373047,14,14,data/raw/spontaneous/251_20170124_0003_eyesClosed_afterICA.set,True,,-25.835945428735336,-25.960088505916698,-26.30086059584184,-25.25320433878873,-25.38056483040643,-25.86160543517869,-24.909546687429188,-24.747338150830057,-25.64343126481796,-24.465019427358023,-24.37785138310781,-25.18379478895179,-25.0303708450468,-24.95000860691634,-25.850811002615423,-24.34866341999458,-24.379571879619466,-25.345785736467217,-28.11629910229487,-28.328681778912017,-28.604321026534773,-27.544201049379176,-27.141514386918704,-28.03079071752984,5.0
251,awake,closed,3,10,10,250.0,62,8.0,133.17976760864255,14,14,data/raw/spontaneous/251_20170124_0003_eyesClosed_afterICA.set,True,,-26.30266115196669,-26.526221132612147,-26.40985579537736,-25.948899282087645,-26.215022648316232,-26.077572345761386,-25.103259629527752,-25.14373029697904,-25.414256911782623,-24.76587866926721,-25.104704525873498,-24.96312948351741,-25.198042254697278,-25.38507927431127,-25.77769487835165,-24.432628575381848,-24.744804636829425,-25.036209701734677,-28.371020247094503,-28.665278336623967,-28.79480312516193,-27.72812365021793,-27.424027307603367,-28.24481124632419,5.0
251,awake,closed,3,11,11,250.0,62,8.0,155.8323745727539,14,14,data/raw/spontaneous/251_20170124_0003_eyesClosed_afterICA.set,True,,-25.30143422388572,-25.115310069609592,-25.682684379562456,-24.967587986297023,-25.257552726095813,-25.87510158350027,-24.83329014810401,-24.73843824252112,-25.24960590131033,-24.524217094648687,-24.94139696719308,-24.794071415031294,-24.97891158075024,-24.80748861606712,-25.765433594619733,-24.312723568672585,-24.258292276870204,-25.68739588379439,-28.120273680974314,-28.255763449022,-28.54459522977864,-27.629045617103596,-27.30034589683582,-28.14792373644181,5.0
251,awake,closed,3,12,12,250.0,62,8.0,143.6955451965332,14,14,data/raw/spontaneous/251_20170124_0003_eyesClosed_afterICA.set,True,,-26.62193915382595,-26.688512108823332,-26.77882911525024,-26.497616829040577,-26.60888730639253,-26.324061189648106,-25.50199560490735,-25.462188070636643,-26.070508075335805,-25.007047016055903,-24.94627104867928,-25.73672426293022,-25.43262753812959,-25.524347026311503,-26.14296485364354,-24.552471471528055,-24.603428662499,-25.83066760302242,-28.64217361389041,-28.96488394307332,-29.084040575065444,-27.93636854387911,-27.64678475264385,-28.49793516989671,5.0
251,awake,closed,3,13,13,250.0,62,8.0,160.86824035644528,14,14,data/raw/spontaneous/251_20170124_0003_eyesClosed_afterICA.set,True,,-25.8988628946053,-25.875834806110905,-26.112889417409257,-25.663846950618357,-26.04650309993668,-25.993806049114426,-25.02595776719807,-25.025285018760915,-25.527156907525725,-24.70751632361328,-24.71925961142126,-24.77141018628902,-25.03584753625193,-24.993402633920315,-25.83393350598481,-24.3137216496828,-24.47780961552157,-25.24211606103148,-28.328850446077706,-28.515043658266976,-28.840888346299867,-27.746894946890546,-27.464463208042563,-28.24170251097132,5.0
251,ketamine,closed,7,0,0,250.0,62,8.0,106.71641159057616,13,13,data/raw/spontaneous/251_20170124_0007_eyesClosed_afterICA.set,True,,-26.93302311682437,-26.747767746730364,-27.55387952858377,-26.8976695803066,-26.456024938622534,-26.63861355906893,-26.51296654001425,-26.510530105339274,-26.934767907389947,-26.271300078395445,-26.219258989849667,-26.304886211744275,-25.79051177417818,-26.05052521651828,-26.211905897736184,-25.29401532028699,-25.105868428047085,-25.405649024824783,-29.00119073003745,-29.14509269526357,-29.58063411186279,-28.533267894459037,-27.88532769570589,-28.87196066413032,5.0
251,ketamine,closed,7,1,1,250.0,62,8.0,130.94487380981442,13,13,data/raw/spontaneous/251_20170124_0007_eyesClosed_afterICA.set,True,,-26.82123504559338,-26.74820619611168,-27.377852022860203,-26.49237757871201,-26.402975114910973,-26.82889445807137,-26.21540656527749,-26.20654359597504,-26.78252894745955,-25.87937967334699,-25.85521384122941,-25.888720166499727,-25.514851643027257,-25.74731175937272,-25.952678427346623,-24.93774915118263,-25.085563589580005,-25.12278903923996,-29.003627281721133,-29.1843153070944,-29.44357024413542,-28.5722953194259,-27.897988883704244,-28.958400177512036,5.0
251,ketamine,closed,7,2,2,250.0,62,8.0,115.63155364990232,13,13,data/raw/spontaneous/251_20170124_0007_eyesClosed_afterICA.set,True,,-26.905786564636387,-26.811936247111174,-27.497357603157397,-26.76776743525271,-26.52917867410516,-26.517109976344845,-26.473330698517053,-26.4228937156968,-27.094309457097147,-26.069621037571547,-25.83187087198499,-26.569776558424664,-25.85373109020006,-26.226710125132367,-26.241178795760955,-25.10255856556758,-25.09524672088266,-25.64330827224755,-28.8973698506912,-29.281268508663103,-29.195559514878447,-28.36644054302785,-27.890780418213883,-28.56335648802684,5.0
251,ketamine,closed,7,3,3,250.0,62,8.0,109.92334365844728,13,13,data/raw/spontaneous/251_20170124_0007_eyesClosed_afterICA.set,True,,-27.012374799107885,-27.02941487092146,-27.447823882110164,-26.75261350488605,-26.538034445467044,-26.80174849003373,-26.332347514339865,-26.623453713341235,-26.45878793941868,-25.97179690055163,-25.83188161335254,-26.036746981934893,-25.402205780384385,-25.51197064883738,-25.974499986937783,-24.725521728815,-24.816716013068422,-25.485400960717183,-28.994966790463632,-29.305859243629037,-29.32197279780031,-28.53135539261682,-27.79734590100373,-28.827895186375816,5.0
251,ketamine,closed,7,4,4,250.0,62,8.0,128.51309204101562,13,13,data/raw/spontaneous/251_20170124_0007_eyesClosed_afterICA.set,True,,-26.493322089473207,-26.46634178456354,-26.97610933395933,-26.154195880605076,-25.97528910953442,-26.55838562071187,-25.692525881641952,-25.6978691831864,-26.060619285378515,-25.487027542644544,-25.613702053002243,-25.33743677589801,-25.489754013588087,-25.639253925355444,-26.021773568513275,-24.982869221242986,-25.07783436597701,-25.02409125932253,-28.86086688619819,-29.083775491867417,-29.19042449895232,-28.475639892168694,-28.149118109274863,-28.555429021192264,5.0
251,ketamine,closed,7,5,5,250.0,62,8.0,108.59513854980467,13,13,data/raw/spontaneous/251_20170124_0007_eyesClosed_afterICA.set,True,,-27.14657175762397,-27.10485064805385,-27.66829635305449,-26.886104174258463,-26.73076577123912,-26.979250357988835,-26.523578536991444,-26.65449333197391,-26.989407189212294,-26.2679354184848,-25.960285553794744,-25.877564482459665,-26.066172455096947,-26.211288326658856,-26.716452595664787,-25.51163184877408,-24.918858046348884,-26.02089672868654,-29.09156065078128,-29.38002658438056,-29.666530377429662,-28.461110278629537,-27.752249402398288,-28.92416741457095,5.0
251,ketamine,closed,7,6,6,250.0,62,8.0,114.66559219360352,13,13,data/raw/spontaneous/251_20170124_0007_eyesClosed_afterICA.set,True,,-26.435009118520167,-26.31786325633803,-26.87020245580968,-26.343688563406868,-26.150353794176585,-26.261201973174693,-25.70686343295678,-25.57517037635607,-26.023492007060828,-25.671528976742582,-25.95285518290333,-25.395816228980525,-25.77726785639713,-25.74049289058385,-26.46468579992349,-25.279189673369185,-25.04782356600063,-25.95681415761271,-28.84539166301227,-28.965370138102752,-29.337740371082624,-28.50986747889261,-27.87622427249038,-28.623269369211204,5.0
251,ketamine,closed,7,7,7,250.0,62,8.0,94.73840713500977,13,13,data/raw/spontaneous/251_20170124_0007_eyesClosed_afterICA.set,True,,-27.005534433309204,-26.987647196436512,-27.2363542519999,-26.989218899833865,-27.384519408963055,-26.370934277218705,-26.58403460225153,-26.72034504238782,-26.812258495408688,-26.44596400357861,-26.649059253288517,-25.8154493875158,-25.898391493662515,-26.10525966371385,-26.09691408125797,-25.55145183406362,-25.73704772388246,-25.42385085955544,-29.368249046197715,-29.54698308696985,-29.784344285603115,-28.98112425825524,-28.72229712572559,-28.999096150781543,5.0
251,ketamine,closed,7,8,8,250.0,62,8.0,97.33293151855467,13,13,data/raw/spontaneous/251_20170124_0007_eyesClosed_afterICA.set,True,,-27.06882174894668,-26.844044734347523,-27.81048299223429,-26.905027344914707,-26.47362489475669,-26.979089386369772,-26.447548400794528,-26.48167602968633,-27.013051649077024,-25.99341476172569,-25.94008507421932,-26.34017440703543,-26.058475546457,-26.29047221626253,-26.614914254088685,-25.391046797123472,-25.35092470822079,-25.87331284473488,-29.06637285334519,-29.32021023093023,-29.61645635252312,-28.523591553173578,-27.771448731366217,-28.897007620699554,5.0
251,ketamine,closed,7,9,9,250.0,62,8.0,114.8590202331543,13,13,data/raw/spontaneous/251_20170124_0007_eyesClosed_afterICA.set,True,,-26.391028007267284,-26.415796752636982,-26.77220878923205,-26.129292967006183,-26.06167455402177,-26.200779934630205,-25.945352506210416,-25.96394287183902,-26.45869545634544,-25.52404603713308,-25.19505318243021,-26.066908645537268,-25.45200179126411,-25.52181844137037,-25.980804545057644,-24.895286789682103,-24.928885518359635,-25.47899010674648,-28.8210984654181,-29.07780099203716,-29.2678079649435,-28.33578124448862,-27.64392229700657,-28.62315711243336,5.0
251,ketamine,closed,7,10,10,250.0,62,8.0,109.03208541870116,13,13,data/raw/spontaneous/251_20170124_0007_eyesClosed_afterICA.set,True,,-27.115387501782717,-27.17402348622528,-27.47060607476399,-27.006139857654944,-26.67605275640143,-26.61472211378607,-26.039176034370254,-26.16569384589074,-26.538396377650887,-25.64461916089809,-25.268077061120163,-25.739814612235293,-25.454361738438408,-25.449562144349954,-26.148956877851028,-24.95853896902953,-24.84557325100883,-25.37847195842147,-28.88089029909929,-29.077426521068077,-29.42229461182657,-28.38038536229891,-27.780538477788653,-28.697867554550765,5.0
251,ketamine,closed,7,11,11,250.0,62,8.0,120.6716537475586,13,13,data/raw/spontaneous/251_20170124_0007_eyesClosed_afterICA.set,True,,-27.01547529140939,-26.96316844027484,-27.36931347965111,-26.820240967429392,-26.743985828710564,-26.86393430180948,-26.393347902276464,-26.534939552808297,-26.744497426703028,-26.01390294197243,-26.069873502629168,-26.067161955393843,-25.76997783252608,-25.76029935526339,-26.5413012217579,-25.20189815830261,-25.254707574192157,-25.647168190607005,-29.071092003350326,-29.307188695780276,-29.567325074540825,-28.55023364166997,-27.990562742912036,-28.86308088240624,5.0
251,ketamine,closed,7,12,12,250.0,62,8.0,88.8788719177246,13,13,data/raw/spontaneous/251_20170124_0007_eyesClosed_afterICA.set,True,,-27.46054697838764,-27.32346193156259,-27.881266829177974,-27.492898824971267,-27.265977838337463,-27.10601335887128,-26.84967782971212,-26.839871867110123,-27.400963551411557,-26.483943690756032,-26.32170295203795,-26.768494054802886,-26.57845556464225,-26.931869752763745,-27.02746430925828,-25.922479694061657,-25.571874902684584,-26.367712986245603,-29.012269197873145,-29.156163536670363,-29.689039370167286,-28.48471860386369,-27.66010534335678,-28.953131980615165,5.0
265,awake,closed,4,0,0,250.0,62,8.0,110.39705657958984,13,13,data/raw/spontaneous/265_20170112_0004_eyesClosed_afterICA.set,True,,-26.80437974309413,-26.686544595374656,-27.554685791863392,-26.36336496413262,-26.446430448943,-26.750866219942804,-27.23917265916642,-27.28644580841232,-27.75013434630039,-26.875485208838825,-26.575004439114952,-27.154834659282997,-25.36054286574294,-25.44036375625421,-26.22467526535443,-24.476568375213684,-24.36167246505684,-25.5914240186487,-29.03204013065969,-29.196117637587435,-29.65257724083312,-28.41353436006409,-28.51374688536784,-28.653937215678567,5.0
265,awake,closed,4,1,1,250.0,62,8.0,103.93350982666014,13,13,data/raw/spontaneous/265_20170112_0004_eyesClosed_afterICA.set,True,,-26.96050987692188,-26.76026573360861,-27.75033865439904,-26.49914070919736,-26.60823319672457,-27.158604765319524,-27.60287074600658,-27.566010168247573,-28.18706931255076,-27.293875896202923,-27.30971995128349,-27.351226756704616,-25.529552045982754,-25.498899258485224,-26.53983461699179,-24.569310181062555,-24.343513107700968,-26.140068355860123,-29.13733413609688,-29.327686936165616,-29.488634649855623,-28.646456420816836,-28.78639778606235,-28.908268758639775,5.0
265,awake,closed,4,2,2,250.0,62,8.0,98.15887451171876,13,13,data/raw/spontaneous/265_20170112_0004_eyesClosed_afterICA.set,True,,-26.90278395861813,-26.710827941251896,-27.424183358890115,-26.68167911267978,-26.97917299243204,-26.90614422810832,-27.753387310384834,-27.715898537606844,-28.380034388307376,-27.343882170837784,-27.265164922340613,-27.71302780162768,-25.766153889405505,-26.02452978778433,-26.40977750513485,-24.851529203748093,-24.689040766116342,-25.99200079229787,-29.299029753508645,-29.47428723628002,-29.7889090506948,-28.7277267834806,-28.825413236070144,-29.05853846102208,5.0
265,awake,closed,4,3,3,250.0,62,8.0,78.56995201110838,13,13,data/raw/spontaneous/265_20170112_0004_eyesClosed_afterICA.set,True,,-27.19087758397841,-27.094658104284026,-27.74352401709771,-26.90920155886315,-26.98487245855345,-27.06364064333989,-27.448690222464663,-27.39201421256899,-27.940534581980025,-27.23587064263972,-27.34342377935201,-27.14484417215053,-26.203336429903956,-26.347561895957806,-26.90302179133193,-25.35631822114613,-25.445894521876493,-26.45843019889149,-29.44623013501282,-29.48602102535688,-29.886433227887466,-29.033360341161096,-29.069124761538987,-29.44760870684905,5.0
265,awake,closed,4,4,4,250.0,62,8.0,93.84117126464842,13,13,data/raw/spontaneous/265_20170112_0004_eyesClosed_afterICA.set,True,,-27.249011147660827,-27.17639008738321,-27.719572220364284,-27.03804329087216,-27.06250481716619,-27.094791059146804,-27.67283930318164,-27.62893388151406,-28.339567461716427,-27.187036324552764,-27.123681633000164,-27.76147473642225,-26.4842376456218,-26.621936258558648,-27.081975519319148,-25.643852723202563,-25.88995589766063,-26.81931535131565,-29.40831745788008,-29.4341314102153,-29.86136621117928,-28.973089634741537,-28.976885334417037,-29.514922368847007,5.0
265,awake,closed,4,5,5,250.0,62,8.0,89.37783813476562,13,13,data/raw/spontaneous/265_20170112_0004_eyesClosed_afterICA.set,True,,-27.05358889534464,-26.87031065861089,-27.63378194106884,-26.844819034755798,-26.733932258608395,-27.120055113105,-27.977152263890304,-28.082931168180945,-28.43156628641172,-27.590433867208493,-27.330955165164507,-27.848229020650795,-26.42322318246232,-26.597561506362748,-26.980891923487263,-25.572262550555475,-25.87531750916206,-26.73921352433221,-29.43081981305904,-29.470839002695584,-29.81065876844002,-29.061906723132047,-29.137696765964943,-29.41030058324193,5.0
265,awake,closed,4,6,6,250.0,62,8.0,94.72323989868164,13,13,data/raw/spontaneous/265_20170112_0004_eyesClosed_afterICA.set,True,,-26.67713933087596,-26.55017920211111,-27.297844933404807,-26.3836158310508,-26.38888599090169,-26.64138508684439,-27.49125573932032,-27.477434321574297,-27.95348019681782,-27.14399901690905,-27.053156033026116,-27.52909435963946,-26.24869655386002,-26.260702337545062,-27.02807840810717,-25.40962401150856,-25.491738368804004,-26.754833396986545,-29.28773950100885,-29.29104938200685,-29.781490394570422,-28.878435677795697,-28.78099269081989,-29.37188789854721,5.0
265,awake,closed,4,7,7,250.0,62,8.0,76.8994255065918,13,13,data/raw/spontaneous/265_20170112_0004_eyesClosed_afterICA.set,True,,-26.951406191829943,-26.86691001209988,-27.59170821732238,-26.60931618080764,-26.464504112428788,-26.878970837595705,-27.64903917966111,-27.6654583731134,-28.30555935896612,-27.19990547842176,-26.94048238842632,-27.54098195663913,-26.58630579670749,-26.724195499229538,-27.2723155349589,-25.692235770205887,-25.983465722829447,-26.797700293787894,-29.37430270767351,-29.37639704000331,-29.735313041949528,-29.089808046740693,-28.994471527666747,-29.403425382124585,5.0
265,awake,closed,4,8,8,250.0,62,8.0,105.01325607299805,13,13,data/raw/spontaneous/265_20170112_0004_eyesClosed_afterICA.set,True,,-26.931065510105377,-26.886626799594943,-27.68070378517294,-26.36234374992831,-26.423314433376376,-26.984899481543103,-27.48306890935435,-27.642463886586476,-27.94955172200746,-26.90380619521037,-26.933745632194636,-27.43649494373541,-25.54965845927275,-25.699588369839063,-26.2083426743865,-24.56293600520772,-24.676060761959235,-26.11262911638088,-28.983367958224925,-29.15711998443197,-29.40444711108712,-28.372302662959477,-28.48100367414628,-28.979976948397557,5.0
265,awake,closed,4,9,9,250.0,62,8.0,106.73379135131836,13,13,data/raw/spontaneous/265_20170112_0004_eyesClosed_afterICA.set,True,,-27.10941321094797,-27.01639189598312,-27.613993913988164,-26.830737239978465,-26.78242559323257,-27.19588905438303,-27.27967815028456,-27.162391066073056,-27.939980213364425,-26.91405339750841,-26.69795607403655,-27.45353034585961,-25.773193475116532,-25.930929390180765,-26.4524868945766,-24.88058029999376,-24.76143248741965,-26.20897581401461,-29.259868901489085,-29.3264770034706,-29.84493290983349,-28.72194941594181,-28.58903396344893,-29.27008904331124,5.0
265,awake,closed,4,10,10,250.0,62,8.0,88.16173553466795,13,13,data/raw/spontaneous/265_20170112_0004_eyesClosed_afterICA.set,True,,-27.133496215721696,-27.079337989959104,-27.64880880841718,-26.82395531559134,-26.68159774728379,-27.133455550750543,-27.48591206370161,-27.543219430509406,-27.959928057299805,-27.147577734473305,-27.06345403118113,-27.21779115936752,-26.184172474370065,-26.27021120146165,-27.060264115879004,-25.27450654148939,-25.23200853190866,-26.479653890370145,-29.211477580699132,-29.31824745597855,-29.6911216248503,-28.72357834829483,-28.85601637546065,-29.00882824560607,5.0
265,awake,closed,4,11,11,250.0,62,8.0,94.96487426757812,13,13,data/raw/spontaneous/265_20170112_0004_eyesClosed_afterICA.set,True,,-26.896947490620583,-26.71827137994568,-27.408064872453387,-26.73992269863808,-27.01739200388353,-26.75034140257913,-27.693356423410155,-27.7001676573488,-28.251713283887025,-27.34717060748209,-27.1920186886081,-27.53861235066305,-25.50006051610907,-25.376476757957928,-26.586793901414516,-24.586592409802368,-24.25082894856144,-26.21887302927308,-29.04715132919763,-29.133709549021543,-29.596592825080787,-28.548772991482057,-28.36887567196124,-28.977467400721284,5.0
265,awake,closed,4,12,12,250.0,62,8.0,95.7517852783203,13,13,data/raw/spontaneous/265_20170112_0004_eyesClosed_afterICA.set,True,,-27.15781530657903,-27.1658457465726,-27.53772258230229,-27.010530735974104,-27.569169583009565,-26.51053569463617,-27.65705588513312,-27.660241411379378,-28.09984114531924,-27.429932424444434,-27.52366609896261,-27.24004726781419,-25.5531206047054,-25.499884965385647,-26.470803970700494,-24.800147481594056,-24.287838522247057,-26.092237205180027,-29.22912499529216,-29.36738524067259,-29.750979375099597,-28.69659829071324,-28.580586453199032,-29.051406109376988,5.0
265,ketamine,closed,7,0,0,250.0,62,8.0,104.45661544799805,11,11,data/raw/spontaneous/265_20170112_0007_eyesClosed_afterICA.set,True,,-26.950903382119524,-26.90856320144097,-27.600060840994768,-26.37901034828796,-26.48356957286906,-27.213651182912628,-27.41163890154116,-27.46432853189381,-28.04550863497074,-26.891750270127798,-26.84662511850081,-27.336838966510918,-25.71803303815576,-25.79157432702496,-26.45214224612616,-24.93052984017408,-24.661826282245176,-26.18199241741382,-29.228928975726728,-29.40040910130104,-29.68775747226214,-28.84490290573041,-28.753595827874346,-28.70875070998719,5.0
265,ketamine,closed,7,1,1,250.0,62,8.0,85.49353408813477,11,11,data/raw/spontaneous/265_20170112_0007_eyesClosed_afterICA.set,True,,-27.166807351700207,-27.043509847543174,-27.8171869895774,-26.883799046263825,-26.762867057897854,-27.227417556426307,-27.9618435476036,-27.914706996015283,-28.19957492446145,-27.8445427438926,-27.840689894278054,-28.048407496540307,-26.816914183157408,-27.022085249395957,-27.194613498622484,-26.088753017844592,-26.016618643327387,-27.234410006749176,-29.381414277490254,-29.34096815728425,-29.820438416402293,-29.304580096657777,-29.395326966398244,-28.75641561216838,5.0
265,ketamine,closed,7,2,2,250.0,62,8.0,91.39518356323242,11,11,data/raw/spontaneous/265_20170112_0007_eyesClosed_afterICA.set,True,,-27.47236369961592,-27.301282776679944,-28.059367909343848,-27.220135492034103,-27.03338801733529,-27.704324882963977,-27.87080120492973,-27.71707882058122,-28.48761441097194,-27.675712608979065,-27.31825389632233,-27.924073598715665,-26.400776627270496,-26.64072466356725,-26.956800294563568,-25.64607026560611,-25.39079546465359,-26.557545236080998,-29.439765479529253,-29.591280905623,-29.69875434495448,-29.272359992938167,-29.128557626945195,-28.86219432415256,5.0
265,ketamine,closed,7,3,3,250.0,62,8.0,95.1513671875,11,11,data/raw/spontaneous/265_20170112_0007_eyesClosed_afterICA.set,True,,-27.236579715756424,-26.98179136068748,-27.82757343604892,-27.046537569448017,-27.183657446075117,-27.435917255742428,-27.835566593884213,-27.706633168358064,-28.25914488397918,-27.671273823750504,-27.728979463669305,-27.884324106920204,-27.210048165943828,-27.315344766883328,-27.799562767381342,-26.55267498884266,-26.460378418335125,-27.44380066857958,-29.75288872454772,-29.77189624886974,-30.147915112175703,-29.71560507541854,-29.36595049818777,-29.152064256531705,5.0
265,ketamine,closed,7,4,4,250.0,62,8.0,102.2108688354492,11,11,data/raw/spontaneous/265_20170112_0007_eyesClosed_afterICA.set,True,,-26.96432768151273,-26.95355213402645,-27.45796021903112,-26.53651265568932,-26.69795006078911,-27.003476797026423,-27.718945268102207,-27.833677217399494,-28.190863560140297,-27.194862093622383,-27.466578597789056,-27.514788207673075,-25.62371447488596,-25.77918512425209,-26.310045587720506,-24.80229752835208,-24.582791998727345,-25.987561945041463,-29.33568746169868,-29.4972074231666,-29.94591510391798,-28.87438950207885,-28.73995540189945,-28.74231988650112,5.0
265,ketamine,closed,7,5,5,250.0,62,8.0,95.61833190917967,11,11,data/raw/spontaneous/265_20170112_0007_eyesClosed_afterICA.set,True,,-26.633035806029188,-26.502538823875582,-27.18190618391208,-26.27975205468417,-26.040538837231093,-26.971188787738683,-27.421585597751697,-27.392886398982743,-28.005119528493022,-27.01503611691461,-26.701819701151564,-27.620412853635475,-25.721618682510474,-25.78700385781289,-26.488061076006627,-24.876256554952786,-24.709509405659364,-26.275989739790777,-29.05330991135452,-29.211979584594346,-29.617543980718917,-28.59401085636109,-28.518544760936805,-28.53395241110299,5.0
265,ketamine,closed,7,6,6,250.0,62,8.0,100.64425659179688,11,11,data/raw/spontaneous/265_20170112_0007_eyesClosed_afterICA.set,True,,-26.9336154598513,-26.69735430562392,-27.730911616305665,-26.69793805535935,-26.270602108950538,-27.12883902107992,-27.663518755415677,-27.7071115570658,-28.033863270510828,-27.417353257467788,-27.106085793535893,-27.64457874549073,-25.82466261610932,-25.889302139471592,-26.66433104319393,-24.934895334597567,-24.95835927084299,-26.226913844676176,-29.24945853444297,-29.34657949468453,-29.835449291207446,-28.877954983145816,-28.841214704833728,-28.66246617010873,5.0
265,ketamine,closed,7,7,7,250.0,62,8.0,87.65916442871094,11,11,data/raw/spontaneous/265_20170112_0007_eyesClosed_afterICA.set,True,,-27.28182643253378,-27.154241559538363,-27.803609185431007,-27.066140278717054,-27.035784576329345,-27.227235507565062,-27.67283119070804,-27.61711232579904,-28.061724825671654,-27.45186024323822,-27.548114108895664,-27.67313177642996,-26.1136655655878,-26.26098445409035,-26.847810796302745,-25.23329041941267,-25.442002125512925,-26.33278605846313,-29.34700480886198,-29.50099192704605,-29.674875853672177,-29.087165035898728,-29.04924648749952,-28.824066440578715,5.0
265,ketamine,closed,7,8,8,250.0,62,8.0,72.86455726623534,11,11,data/raw/spontaneous/265_20170112_0007_eyesClosed_afterICA.set,True,,-27.24215403340307,-27.00314272402679,-27.54333138957021,-27.47980298294198,-26.90963967629396,-27.215209289783505,-27.859766425357652,-27.65025960657481,-28.325625713890496,-27.775585293136768,-27.612097659123133,-27.94639731523719,-28.23647455374732,-28.40278938085069,-28.63557561321395,-27.71635710012629,-27.42761289312756,-28.390770427701728,-29.64046023224616,-29.62720613133976,-30.01869028300406,-29.58880961697325,-29.42633838285535,-29.116384318806077,5.0
265,ketamine,closed,7,9,9,250.0,62,8.0,94.92868423461914,11,11,data/raw/spontaneous/265_20170112_0007_eyesClosed_afterICA.set,True,,-27.177780355022172,-27.06132514603341,-27.749014892225528,-26.957348808289904,-26.79412480159102,-27.139943981950868,-27.9110990555984,-27.86195604430831,-28.37866432497902,-27.62663821046696,-27.41987353294665,-28.03707977514234,-26.606644769553213,-26.838142268980164,-27.009212331405728,-25.980043193378624,-25.77738843270231,-26.72918335855593,-29.4513410522469,-29.460849472197328,-29.989217818961126,-29.186953187719038,-28.95975729946957,-29.11723216266218,5.0
265,ketamine,closed,7,10,10,250.0,62,8.0,99.69732284545898,11,11,data/raw/spontaneous/265_20170112_0007_eyesClosed_afterICA.set,True,,-27.08667902935564,-27.011756539373284,-27.488719135205184,-26.92501218554065,-26.93281479442149,-26.958545076170385,-27.38406220797732,-27.40471576225571,-27.86170963678885,-27.05000552264813,-26.78285907991395,-27.38716204290917,-25.700295131955396,-25.78209654124426,-26.393123755357006,-24.900257362279294,-24.798769151884823,-26.185596446560822,-29.079954797611,-29.223658002180027,-29.651865886824417,-28.579676039452945,-28.44727146908509,-28.760032045937347,5.0
271,awake,closed,3,0,0,250.0,62,8.0,71.25651931762694,14,14,data/raw/spontaneous/271_20170221_0003_eyesClosed_afterICA.set,True,,-26.600918939320845,-26.681948454725923,-26.838560552082587,-26.59405008423852,-26.069854650942705,-26.097686281155504,-27.20100233764992,-27.29580182213793,-27.641634904765024,-27.008759473485146,-26.458803964514956,-26.70734966720109,-28.447517634702525,-28.585426887635403,-28.61937981451024,-28.375405477126,-27.88744138319328,-28.01395223222622,-29.253099388968195,-29.246072034608662,-29.397416962618195,-29.335646114359403,-29.01587806694212,-28.911207538015404,5.0
271,awake,closed,3,1,1,250.0,62,8.0,88.32333374023438,14,14,data/raw/spontaneous/271_20170221_0003_eyesClosed_afterICA.set,True,,-27.079269306496236,-27.168126593835968,-27.35258379696264,-27.01173287389935,-26.429542421823932,-26.605265085128668,-27.080372950029545,-27.18628204803765,-27.457223248289804,-26.92755536818781,-26.4505599198572,-26.63193371777844,-27.40582157568531,-27.500368742585408,-27.955438625788258,-27.13297564000089,-26.155060813921136,-27.12825201910325,-28.939578283498435,-28.83224124543513,-29.347815559681205,-28.87112081909947,-28.40171341477175,-28.8529287732371,5.0
271,awake,closed,3,2,2,250.0,62,8.0,60.28895950317383,14,14,data/raw/spontaneous/271_20170221_0003_eyesClosed_afterICA.set,True,,-26.515146527530263,-26.518953956595222,-26.71060425696953,-26.516063866590702,-26.150443397082853,-26.318395220082703,-27.003453778603507,-27.133096288519337,-27.1798320544222,-26.99551719127172,-26.39397417573146,-26.55379661246889,-27.711740119367967,-28.028473989918208,-27.662581965503367,-27.50518041060284,-26.93014369111616,-27.447995565218008,-28.57760272428793,-28.483474348169924,-28.774407821645788,-28.48824774271829,-28.31108332061761,-28.812759451934635,5.0
271,awake,closed,3,3,3,250.0,62,8.0,92.05496215820312,14,14,data/raw/spontaneous/271_20170221_0003_eyesClosed_afterICA.set,True,,-26.79629203990941,-26.75011178144189,-27.056621434812484,-26.863100075719803,-26.42575548343808,-26.4939281539764,-27.344374693797736,-27.497702492353017,-27.712429744969263,-27.153485018956133,-26.229906443485024,-27.0368544767733,-27.874510749588204,-28.039643850021264,-28.173629784408067,-27.61856760509784,-27.263430327809303,-27.5047119178914,-28.75499929899448,-28.73269967802508,-28.73743909978979,-28.902389937150385,-28.51125655623628,-28.684234943165208,5.0
271,awake,closed,3,4,4,250.0,62,8.0,59.4294319152832,14,14,data/raw/spontaneous/271_20170221_0003_eyesClosed_afterICA.set,True,,-26.626897146432142,-26.63353342786781,-26.876182914966364,-26.683144767027667,-26.263003901815694,-26.163963256983667,-27.440440770205704,-27.66254415556321,-27.567573992818858,-27.280577423018524,-26.908676074036475,-26.969924444705367,-28.52431298693664,-28.66315322885081,-28.828535611533937,-28.355521952634916,-27.662914061292767,-28.1576271158978,-29.59877987614429,-29.55175403420092,-29.82505450796805,-29.738926381281637,-29.32157139292396,-29.1365430829263,5.0
271,awake,closed,3,5,5,250.0,62,8.0,59.85093307495117,14,14,data/raw/spontaneous/271_20170221_0003_eyesClosed_afterICA.set,True,,-26.701630093759125,-26.772363934408563,-26.90020955710795,-26.72936782780437,-26.26378892168317,-26.21814350192645,-27.47728895002369,-27.614457482760766,-27.88548773863022,-27.322757323023943,-26.392399287810832,-27.043866160833545,-28.3204486769068,-28.33155411286656,-28.74901918780625,-28.238002325756447,-27.712021092854496,-27.840831204533657,-29.449115235066216,-29.35950898228606,-29.70469185407473,-29.54962746958357,-29.167315610388503,-29.143972234936506,5.0
271,awake,closed,3,6,6,250.0,62,8.0,86.09818077087402,14,14,data/raw/spontaneous/271_20170221_0003_eyesClosed_afterICA.set,True,,-26.15771377115896,-26.14948367941608,-26.29262577013792,-26.41324260089246,-25.53302244453047,-25.75973226522314,-26.44903379787901,-26.71757143194145,-26.34679738747355,-26.52194305666144,-25.80910451449685,-25.90330461492678,-28.005345318641744,-27.999179013930583,-28.4542158544246,-27.927559940122148,-27.07616060790326,-27.698140091731577,-29.359027941202,-29.28402348644449,-29.575953135916176,-29.423963086809355,-29.18806637014302,-29.04868737942704,5.0
271,awake,closed,3,7,7,250.0,62,8.0,90.65951919555664,14,14,data/raw/spontaneous/271_20170221_0003_eyesClosed_afterICA.set,True,,-25.667232427220146,-25.57355746751634,-25.78280748462506,-25.945558405960742,-25.36381019481317,-25.37870317797717,-25.663143221838663,-25.794360165063768,-25.546784916398316,-25.74646263378493,-25.496183017623057,-25.298043284626505,-26.82188624105941,-26.9173507751668,-26.89560669571988,-26.764781741953136,-26.51070407009908,-26.59744400635988,-27.9990024416491,-27.98314634974515,-27.93992092250679,-28.0761377475154,-28.05749583315289,-27.922478547105623,5.0
271,awake,closed,3,8,8,250.0,62,8.0,99.59637832641602,14,14,data/raw/spontaneous/271_20170221_0003_eyesClosed_afterICA.set,True,,-26.036332835655383,-26.242581026453,-26.335739891098356,-25.873006046784944,-24.63651176709265,-25.782702780662728,-26.49920639482244,-26.72064408484397,-26.7295430335904,-26.28801446797117,-25.96211711426281,-25.86336596252558,-26.630921157641364,-26.756472121963142,-26.817754560482943,-26.364215019440348,-25.98790010275976,-26.65897883868087,-28.168404262326003,-28.248650160208687,-28.138828104468598,-28.1756152914748,-27.8692404491222,-28.04262064424448,5.0
271,awake,closed,3,9,9,250.0,62,8.0,67.00601577758788,14,14,data/raw/spontaneous/271_20170221_0003_eyesClosed_afterICA.set,True,,-26.338110932845176,-26.348759659316887,-26.594368278715223,-26.39304812234955,-25.837015444274908,-25.965135708810564,-26.805431609592016,-26.783861289242324,-27.28387723395628,-26.609419732334977,-25.95483211920967,-26.759357722125117,-28.086049983660185,-28.26489929175929,-28.36478614996429,-27.927728976021704,-27.236954462543043,-27.59196414211381,-29.43891448261845,-29.40992829439114,-29.6657990636725,-29.481619027861058,-28.936179557021457,-29.22694860080202,5.0
271,awake,closed,3,10,10,250.0,62,8.0,68.06178283691406,14,14,data/raw/spontaneous/271_20170221_0003_eyesClosed_afterICA.set,True,,-26.696900587424693,-26.701621748429638,-26.916627470582217,-26.811317304604604,-25.856688019361183,-26.438227049757074,-27.17624929522601,-27.22848238278876,-27.44182542198828,-27.202895469121383,-26.61466411035633,-26.71994447894197,-27.69601687856763,-27.70379270789032,-27.89710643627709,-27.67556172295002,-27.302537885738577,-27.459349456573165,-28.79976442948321,-28.70945099693614,-28.816968456297467,-28.895778663698405,-28.989384588139675,-28.717644008029584,5.0
271,awake,closed,3,11,11,250.0,62,8.0,72.46035385131836,14,14,data/raw/spontaneous/271_20170221_0003_eyesClosed_afterICA.set,True,,-26.886193133921143,-26.92078075542567,-27.16889190924718,-26.90237316733187,-26.146211046939865,-26.57692661664872,-27.28068707598405,-27.353425834848483,-27.514874420812923,-27.1564602541215,-26.8744933923423,-26.956252135144897,-27.38228387010481,-27.529511255560426,-27.39200116291756,-27.34831845062869,-26.979208572130428,-27.025256827793275,-28.157885802745152,-28.11660788724704,-28.10519001746112,-28.274240415581257,-28.245656753700946,-28.08495446187492,5.0
271,awake,closed,3,12,12,250.0,62,8.0,74.29108428955077,14,14,data/raw/spontaneous/271_20170221_0003_eyesClosed_afterICA.set,True,,-26.332645842783897,-26.61201593821282,-26.56637761483675,-26.0900849291256,-25.618000661292303,-25.73003556405598,-26.72753260157025,-26.940009808364614,-26.899945739596543,-26.545075269210532,-26.058882952788966,-26.28867629520664,-27.14769954227524,-27.32960416357192,-27.342405635313494,-27.089497937784667,-26.240025116073195,-26.68505452847204,-28.91330105016324,-28.908058849685347,-29.142067597062344,-28.95006181468209,-28.24126591615633,-28.72475047549811,5.0
271,awake,closed,3,13,13,250.0,62,8.0,61.38676643371582,14,14,data/raw/spontaneous/271_20170221_0003_eyesClosed_afterICA.set,True,,-26.526684716196417,-26.534398041826453,-26.57151498478111,-26.74891526832437,-26.154837142092124,-26.19603810178415,-27.274940650813782,-27.363549519020737,-27.39034903074026,-27.333697273260466,-26.403219674467703,-27.108981149919103,-27.564303223833235,-27.72816166123616,-27.461849143454604,-27.48176525530525,-27.360739188673232,-27.43403341312373,-28.736736601666298,-28.66693227799158,-28.60860468599238,-28.895458211298735,-28.87874905768676,-28.833320546664797,5.0
271,ketamine,closed,7,0,0,250.0,62,8.0,100.58481979370116,14,14,data/raw/spontaneous/271_20170221_0007_eyesClosed_afterICA.set,True,,-27.03056505160159,-27.032553228498447,-27.6514709511048,-26.89014033638613,-25.34754136822224,-26.831203582826024,-27.12371108545915,-27.28839913151577,-27.84931586763123,-26.7084787469988,-25.386941174399578,-26.822962203267767,-26.50212354179456,-26.580074131429168,-27.181106400189908,-26.16598219808447,-24.165720661757494,-26.8706617814475,-29.13772855227061,-29.33604648827593,-29.73388867703036,-28.985917825943638,-27.81262457354,-28.22198209777352,5.0
271,ketamine,closed,7,1,1,250.0,62,8.0,85.28627014160156,14,14,data/raw/spontaneous/271_20170221_0007_eyesClosed_afterICA.set,True,,-27.44644077207577,-27.462749888247828,-28.10412131738391,-27.36763448047323,-26.1622282833135,-26.830973781683145,-27.48334249284902,-27.48913324984231,-28.083354844046436,-27.314594766852437,-26.17223149597389,-27.29161569348624,-27.468287851757275,-27.844327607727635,-27.978942458265863,-26.94937293977413,-25.719031301359777,-27.035411644258605,-29.477576600469703,-29.613490486910877,-30.03918006872254,-29.459021092836277,-28.357882981373237,-28.438170672706764,5.0
271,ketamine,closed,7,2,2,250.0,62,8.0,96.88260650634766,14,14,data/raw/spontaneous/271_20170221_0007_eyesClosed_afterICA.set,True,,-26.738591116477064,-26.66737163498708,-27.86122061268106,-26.295399466494967,-24.703200523043847,-26.65591104007312,-26.8031696550053,-26.93937051721521,-27.515936488748792,-26.449147303668013,-25.19080274385025,-26.39163081161305,-26.74549405592358,-26.88822316572136,-27.40510744375008,-26.30350158444176,-24.62933791216648,-26.98529690754606,-29.250629178234977,-29.526610878681225,-29.818806311772917,-29.056080612579557,-27.900937957397502,-28.176206055695165,5.0
271,ketamine,closed,7,3,3,250.0,62,8.0,90.42316818237305,14,14,data/raw/spontaneous/271_20170221_0007_eyesClosed_afterICA.set,True,,-26.95061841657985,-26.88042282546985,-27.93963495638373,-26.621999325599443,-25.34545832325857,-26.614720439796468,-27.13088753671761,-27.31110544656957,-27.759509202952277,-26.762287510147388,-25.633490709432905,-26.67215263490874,-26.88053969101962,-27.177776422092503,-27.37764281976154,-26.375211315267457,-24.93985778270056,-26.90227275281083,-29.30167734504017,-29.48009698031848,-29.863976518575843,-29.184363347874505,-28.111298610089356,-28.36862368458043,5.0
271,ketamine,closed,7,4,4,250.0,62,8.0,86.42910766601562,14,14,data/raw/spontaneous/271_20170221_0007_eyesClosed_afterICA.set,True,,-27.06542481180213,-27.097664307714528,-27.82597232291824,-26.778284170327755,-25.307219639074408,-26.790902922556118,-27.23056371574982,-27.41668850443106,-27.76938048108048,-26.87992128453997,-25.77144994225375,-26.899645568742773,-26.911488850623872,-27.072255379326577,-27.41854806867895,-26.48994790110083,-25.178110527613043,-27.154408554685546,-29.10843833088672,-29.28009354472984,-29.530385674327764,-29.08829247759106,-27.98733058206752,-28.308989600426884,5.0
271,ketamine,closed,7,5,5,250.0,62,8.0,99.65793228149414,14,14,data/raw/spontaneous/271_20170221_0007_eyesClosed_afterICA.set,True,,-26.82775824702741,-26.93007299574173,-27.6602866570532,-26.331803163238813,-25.13804694569591,-26.620853228315397,-26.91026422440938,-27.22833842130912,-27.567459284514538,-26.406006315975123,-25.127845967675768,-26.3334128357229,-26.635056428638865,-26.746488195143787,-27.45899763241912,-26.003333059220456,-24.627563290012837,-26.945814086035018,-29.050295128163704,-29.337239143419414,-29.495546326296136,-28.76965782223632,-27.79290732913136,-28.37008858750185,5.0
271,ketamine,closed,7,6,6,250.0,62,8.0,116.63997650146484,14,14,data/raw/spontaneous/271_20170221_0007_eyesClosed_afterICA.set,True,,-26.96395957132597,-26.83723190051107,-27.875730618796418,-26.662392130163223,-25.532663907412275,-26.84587215067555,-27.39403694361492,-27.579859178717683,-28.004706202801824,-27.03068642269594,-25.93041345551572,-26.94511313943872,-26.927571421457525,-27.10924375976322,-27.674136550250694,-26.31390547874708,-24.95425054233444,-27.045250116253097,-29.25580683756189,-29.54254455511776,-29.72205215327523,-29.03276059659574,-28.221512623921825,-28.26668712227379,5.0
271,ketamine,closed,7,7,7,250.0,62,8.0,89.89366149902344,14,14,data/raw/spontaneous/271_20170221_0007_eyesClosed_afterICA.set,True,,-26.91649028932173,-26.901298795417286,-27.887469287494827,-26.609829451186418,-25.12507759957434,-26.476539814273263,-26.89951016647178,-27.290277349681315,-27.41297831747259,-26.30140867903905,-25.38997319481473,-26.34556596575017,-26.628129644990945,-26.64108100068525,-27.54737712257724,-26.034721624841747,-24.80501753648413,-26.85592857025398,-29.15966619412248,-29.375787842712267,-29.743515400569404,-28.90148241775273,-27.918129663949077,-28.374454096832533,5.0
271,ketamine,closed,7,8,8,250.0,62,8.0,74.6972541809082,14,14,data/raw/spontaneous/271_20170221_0007_eyesClosed_afterICA.set,True,,-27.14865838494169,-27.105260931159524,-27.816346786004463,-26.85038520994052,-25.741608438001997,-27.22661493822889,-27.420017680196164,-27.71852946367705,-28.00455805384285,-27.029239784867325,-25.65922004949746,-26.86481077653969,-27.05704953552605,-27.255222796732752,-27.695633905346625,-26.60826412203604,-25.26275336545433,-26.96931089738461,-29.23337832626744,-29.37460520870097,-29.93259720292837,-29.07477490165613,-27.886763128844464,-28.38411379730273,5.0
271,ketamine,closed,7,9,9,250.0,62,8.0,84.66000747680663,14,14,data/raw/spontaneous/271_20170221_0007_eyesClosed_afterICA.set,True,,-27.03713125547681,-26.96359809396453,-27.87533754439863,-26.79049507258197,-25.604107482502314,-26.819471385511008,-27.17274649411766,-27.219318106600127,-27.970145575969102,-26.865478160008102,-25.39501771758116,-26.967572793210863,-27.075262136285264,-27.28316950132689,-27.70030207072876,-26.6279997253451,-25.108593736640746,-27.02815601209913,-29.2410861239567,-29.40817816639732,-29.90330484228777,-29.032502674155463,-27.97925678220304,-28.426719145954053,5.0
271,ketamine,closed,7,10,10,250.0,62,8.0,77.4386863708496,14,14,data/raw/spontaneous/271_20170221_0007_eyesClosed_afterICA.set,True,,-26.91164885914021,-27.053601911761387,-27.429124265057364,-26.71269750935665,-25.32234705663514,-26.481834821373024,-27.220139697265,-27.33832538139253,-27.924618724780856,-26.876089941377668,-25.67784259602169,-26.85279156380392,-26.641256136923896,-26.684225720159333,-27.687738805517707,-25.97479269358492,-24.664618878801008,-26.726802771318592,-29.15747717576215,-29.290354102281388,-29.798992174697865,-29.01728328296491,-27.81344579710449,-28.36920858710897,5.0
271,ketamine,closed,7,11,11,250.0,62,8.0,88.61622238159178,14,14,data/raw/spontaneous/271_20170221_0007_eyesClosed_afterICA.set,True,,-27.27976153117524,-27.086553670614848,-28.281046986200582,-26.972412598137797,-25.878976296950963,-27.191833457147958,-27.155392649322145,-27.256362215863103,-27.84740229114882,-26.73968496808545,-25.59587336749649,-26.999718262745773,-26.59653726216804,-26.69711853139716,-27.49973400083331,-25.9930592231054,-24.58795969767488,-26.7014327417389,-29.39774405190133,-29.523320678494382,-30.083255567968045,-29.07865059994312,-27.964115153962137,-29.04184209732605,5.0
271,ketamine,closed,7,12,12,250.0,62,8.0,79.86405181884766,14,14,data/raw/spontaneous/271_20170221_0007_eyesClosed_afterICA.set,True,,-27.203680377322392,-27.07526923396939,-27.95475570108909,-27.04111817795666,-25.98860642121373,-27.07188350091207,-27.545763497794077,-27.645027253600432,-28.170030609922225,-27.3528504061163,-25.979969130759287,-27.093990806012272,-26.92984592441384,-26.968890446823732,-27.94064711791932,-26.280687535148846,-24.86013419671216,-27.129374293326794,-29.31707898642374,-29.46515455301664,-29.91807531334104,-29.052318571218787,-27.860616996914136,-28.925777947447276,5.0
271,ketamine,closed,7,13,13,250.0,62,8.0,84.58412170410156,14,14,data/raw/spontaneous/271_20170221_0007_eyesClosed_afterICA.set,True,,-27.11628806973208,-27.01568722726326,-28.073748542408214,-26.81758518258862,-25.63260158250236,-26.851818234207684,-27.138125859347436,-27.3871230906897,-27.76436853599324,-26.72459477675764,-25.651024543053143,-26.53248711426964,-26.713029154563426,-26.624732550340457,-27.90668709971186,-25.98102989001517,-24.805979039315734,-27.08467503990774,-29.519843768831656,-29.69776085099612,-30.086067101948817,-29.24787373257644,-28.09043734870795,-29.10172018930362,5.0
282,awake,closed,3,0,0,250.0,62,8.0,113.0201187133789,14,14,data/raw/spontaneous/282_20161122_0003_eyesClosed_afterICA.set,True,,-26.371948636924078,-26.452861659438373,-26.94642732571577,-25.992833416576342,-25.668975528594373,-25.985223836436944,-26.36109554146288,-26.5734497226192,-26.790461155761108,-25.918236084752344,-25.43210853342444,-26.114610768812657,-25.67233536450763,-25.5872318152628,-26.47694420706261,-24.96426621095056,-24.35849195398657,-26.49168521837028,-28.36948618338426,-28.450588056780425,-28.99462206474566,-28.02637157780064,-27.465218803261948,-27.872372768486468,5.0
282,awake,closed,3,1,1,250.0,62,8.0,123.26973724365232,14,14,data/raw/spontaneous/282_20161122_0003_eyesClosed_afterICA.set,True,,-26.311371099015165,-26.300173729028437,-27.09075926324565,-25.7409135992178,-25.510450778361843,-26.315750383747144,-26.24795405983654,-26.49251965206034,-26.65975999408064,-25.63185644749621,-25.516331201595666,-26.18566295662465,-25.86788208294291,-25.75740322704469,-26.9340603726435,-25.057000344090056,-24.137333312845943,-26.710520661071985,-28.47174148258222,-28.51484987850469,-29.1702669423052,-28.07590309223559,-27.52318435289868,-28.10562206225193,5.0
282,awake,closed,3,2,2,250.0,62,8.0,116.1787757873535,14,14,data/raw/spontaneous/282_20161122_0003_eyesClosed_afterICA.set,True,,-26.840654873996638,-26.89610980548561,-27.197799368267805,-26.57348007502677,-26.24594232271672,-26.825708822039697,-26.324501305110264,-26.438862421115648,-26.813337556753478,-25.919495746797345,-25.37987450955535,-26.236104755735823,-25.75309443853473,-25.588515114273417,-26.91410713942729,-24.932434661708488,-24.09322205991641,-26.53010415294509,-28.55952834285222,-28.66304807320805,-29.30921060320035,-28.08771641611512,-27.563693754117438,-28.01240072531111,5.0
282,awake,closed,3,3,3,250.0,62,8.0,109.56130981445312,14,14,data/raw/spontaneous/282_20161122_0003_eyesClosed_afterICA.set,True,,-26.717166682189465,-26.673630699048967,-27.25611728204365,-26.247815883189407,-26.16974331204273,-26.999665356263275,-26.46623055213271,-26.67567990294729,-26.773227562596357,-25.96007907172427,-25.7439735754652,-26.542700996909826,-25.87817874190495,-25.85147689957702,-26.685578524847948,-25.160846409853335,-24.44872092454148,-26.553600193919408,-28.570493213039597,-28.63575804481813,-29.12734256457384,-28.272213581300605,-27.72936210049959,-28.166390929594844,5.0
282,awake,closed,3,4,4,250.0,62,8.0,127.0625457763672,14,14,data/raw/spontaneous/282_20161122_0003_eyesClosed_afterICA.set,True,,-26.446167439419877,-26.486622343664,-26.66326137763133,-26.24526789955028,-26.17340652398454,-26.42886115214414,-26.22758469983749,-26.28586429442419,-26.50395066276141,-25.84385699236333,-25.7996060559867,-26.453533519596064,-25.71154616158538,-25.682903196621464,-26.45132238026284,-25.028724656935957,-24.20046842137276,-26.56628947336226,-28.536081008456303,-28.599945498328264,-29.190744122395103,-28.16565783205653,-27.642491530773743,-28.10777657756594,5.0
282,awake,closed,3,5,5,250.0,62,8.0,97.5456314086914,14,14,data/raw/spontaneous/282_20161122_0003_eyesClosed_afterICA.set,True,,-26.808558122287305,-26.721474320483505,-27.5017614946857,-26.488028080547554,-26.22228865720245,-26.692693450116845,-26.493460055323272,-26.63370487332303,-27.046472450277744,-25.89822960928887,-25.82689055326504,-26.37658345263928,-25.780986846945662,-25.69204688867295,-26.751747888064838,-24.934290427954824,-24.18255330826645,-26.72926219913224,-28.79452888289057,-28.875749180345974,-29.450641102668467,-28.389233081048424,-27.75731891729983,-28.466310759442635,5.0
282,awake,closed,3,6,6,250.0,62,8.0,130.3542137145996,14,14,data/raw/spontaneous/282_20161122_0003_eyesClosed_afterICA.set,True,,-26.7369600113726,-26.70827941270383,-27.26847296782959,-26.314872770615697,-25.94127199994736,-27.02481346069929,-26.31526616902905,-26.379615743673103,-26.888392886540625,-25.88234483860164,-25.477371971580585,-26.247442943411112,-25.863739114489064,-25.78215391702117,-26.828605971070683,-25.08361726332765,-24.247464249998217,-26.67799537528629,-28.65714331256702,-28.70888587954238,-29.285194309658472,-28.34501215366921,-27.78731949677152,-28.158530940329594,5.0
282,awake,closed,3,7,7,250.0,62,8.0,120.84823989868164,14,14,data/raw/spontaneous/282_20161122_0003_eyesClosed_afterICA.set,True,,-26.94752761706222,-26.86629877199528,-27.35848935081112,-26.78786151222254,-26.45367303796583,-26.9877336232661,-26.57079037463226,-26.662003795122462,-26.875090693168723,-26.381727165796114,-26.05433421725581,-26.2560030932363,-25.95083266783728,-25.89479663612664,-26.85508463085703,-25.24169204143419,-24.116660087613408,-26.798032551333197,-28.545053617268323,-28.61345997233673,-29.153612234163692,-28.19446606992512,-27.5439884356652,-28.2146244666603,5.0
282,awake,closed,3,8,8,250.0,62,8.0,116.97477722167967,14,14,data/raw/spontaneous/282_20161122_0003_eyesClosed_afterICA.set,True,,-26.75960577990552,-26.645554582456587,-27.36634800345584,-26.508980178047743,-26.034189487408185,-26.84279038990697,-26.14200233392471,-26.347596920328076,-26.39747635545919,-25.64515501303464,-25.83181614253049,-26.006590473140704,-25.777381418430583,-25.795830980382487,-26.597689955455373,-25.033194474288184,-24.22783176177629,-26.40060042064825,-28.587003792351865,-28.709905420344622,-29.195796006637146,-28.248900826642785,-27.57403355102218,-28.021098969684036,5.0
282,awake,closed,3,9,9,250.0,62,8.0,104.81154251098631,14,14,data/raw/spontaneous/282_20161122_0003_eyesClosed_afterICA.set,True,,-26.76435122220714,-26.59701206757569,-27.46510158098593,-26.407682433076737,-26.18160887525289,-26.961639723493736,-26.85236300358635,-27.0277235575996,-27.198693580364505,-26.38187453801076,-26.196490593593804,-26.85862716988075,-26.07185133551596,-26.04503534537628,-26.947205164137586,-25.335080440004003,-24.36925698065168,-26.844651756183584,-28.669812509176232,-28.75604308882745,-29.2452897696485,-28.35879353867277,-27.77856247898522,-28.17993241264085,5.0
282,awake,closed,3,10,10,250.0,62,8.0,113.8337516784668,14,14,data/raw/spontaneous/282_20161122_0003_eyesClosed_afterICA.set,True,,-26.913241937292145,-26.815364780999804,-27.34676704292041,-26.839312450915934,-26.467525284009813,-26.793754830107897,-26.71848028545074,-26.816427281950755,-27.376673456610245,-26.195450091763792,-25.92763852657915,-26.46123290818096,-25.908303150488678,-25.859467878697288,-26.88664004860889,-25.10263648249608,-24.315866232495384,-26.57815239813857,-28.724495768427275,-28.79393454891202,-29.334931893845766,-28.44203791638684,-27.835590757183564,-28.168649254564617,5.0
282,awake,closed,3,11,11,250.0,62,8.0,103.79689788818358,14,14,data/raw/spontaneous/282_20161122_0003_eyesClosed_afterICA.set,True,,-27.20540580118505,-27.22765117997679,-27.75271715860477,-26.8820348163222,-26.67725119189976,-26.8994449771655,-26.715125360934444,-26.913737601162776,-27.17774432183458,-26.175063675360217,-25.893529448646035,-26.60784682293253,-25.822357573925345,-25.644316342117687,-26.895255493079308,-25.04978025654742,-24.30773216539093,-26.667233031308463,-28.59970822792736,-28.637855058629484,-29.206398560221345,-28.31448309677044,-27.708286786572824,-28.184475934173108,5.0
282,awake,closed,3,12,12,250.0,62,8.0,135.3508605957031,14,14,data/raw/spontaneous/282_20161122_0003_eyesClosed_afterICA.set,True,,-26.750420735609197,-26.59134506243147,-27.228137169524725,-26.660382069115347,-26.09927666141232,-26.84177737158964,-26.511944089430973,-26.600468376410834,-27.12798244144975,-25.950408542468526,-25.823051929470072,-26.46623393081522,-25.76211120995978,-25.63220544139261,-26.748300196659915,-25.02967460361824,-24.18256082813969,-26.58224366312272,-28.810260802295765,-28.781522786765105,-29.537447284334185,-28.572018232695825,-27.87504520891984,-28.29122976141868,5.0
282,awake,closed,3,13,13,250.0,62,8.0,102.5906219482422,14,14,data/raw/spontaneous/282_20161122_0003_eyesClosed_afterICA.set,True,,-26.60525350516944,-26.52656510355051,-26.895022669728565,-26.413508980921183,-26.12405419989408,-26.91865975092396,-26.53488573453891,-26.77540214809058,-26.615585786973263,-26.175159628323836,-26.112434385398448,-26.49890059217293,-25.71423194387553,-25.579431132958263,-26.62824924019185,-24.953736669916303,-24.286979853885157,-26.648037128618885,-28.787677367382745,-28.845853624856787,-29.15524157789573,-28.644383559411533,-28.1529426558418,-28.38048582480281,5.0
282,ketamine,closed,7,0,0,250.0,62,8.0,60.864501953125,11,11,data/raw/spontaneous/282_20161122_0007_eyesClosed_afterICA.set,True,,-27.34728123251401,-27.110179541492823,-27.90927510443106,-27.212225492267784,-26.929821027932466,-27.574248287479865,-28.089907105707194,-27.84693225756533,-28.607471511532243,-28.06186490420796,-27.57289125086321,-28.248105425178174,-27.86091320673201,-27.905094804171256,-28.270581151306736,-27.616595950318608,-26.77613610717217,-27.955932601951403,-29.72623643494421,-29.50211364910253,-30.43290483058599,-29.90163490602779,-29.611863821144,-28.623811650659828,5.0
282,ketamine,closed,7,1,1,250.0,62,8.0,74.75909423828125,11,11,data/raw/spontaneous/282_20161122_0007_eyesClosed_afterICA.set,True,,-27.58945768873539,-27.329113263861203,-28.157952505130023,-27.406969177676523,-27.386585975921548,-27.859485524188266,-27.99997483585556,-27.811569620405194,-28.4329045210929,-27.863842774021297,-27.662525437983053,-28.24310239662752,-27.97737025454469,-28.03579516670024,-28.2985657307618,-27.75285828842228,-27.11732786601082,-28.0370963700752,-29.86879851998909,-29.6720118283031,-30.489794255974097,-30.031521391727928,-29.699038648181013,-28.908230387005844,5.0
282,ketamine,closed,7,2,2,250.0,62,8.0,72.36416244506836,11,11,data/raw/spontaneous/282_20161122_0007_eyesClosed_afterICA.set,True,,-27.622661540924465,-27.371149585793308,-28.192924953196407,-27.570895181399493,-27.16102206146749,-27.72167746506635,-27.90826208820249,-27.749969246946986,-28.351344485606667,-27.81788853936737,-27.24577369110617,-28.166577718097773,-28.230817644192523,-28.206839882223157,-28.55889820177724,-28.08302699234294,-27.559529094755884,-28.303694159355416,-29.95163139322649,-29.732236564667943,-30.5697388864461,-30.106515710991378,-29.76801847207831,-29.14484026395778,5.0
282,ketamine,closed,7,3,3,250.0,62,8.0,93.17271614074708,11,11,data/raw/spontaneous/282_20161122_0007_eyesClosed_afterICA.set,True,,-27.85137977764089,-27.67483825247245,-28.40244728735093,-27.603878318777024,-27.501065022720752,-27.98745099195057,-28.010173541119357,-27.958136864345395,-28.374919301601608,-27.85598518988037,-27.55581922642816,-28.01803174867388,-28.259981989585384,-28.332139332086204,-28.732879308493985,-27.891673618695023,-27.40496349931005,-28.19403951449226,-29.94040457711443,-29.76200144986348,-30.56294510203069,-30.036287615495542,-29.659803183078115,-29.11204392930253,5.0
282,ketamine,closed,7,4,4,250.0,62,8.0,77.01165390014648,11,11,data/raw/spontaneous/282_20161122_0007_eyesClosed_afterICA.set,True,,-27.519681290511624,-27.313986349698084,-28.18081523854359,-27.205044912891672,-26.91213168699582,-27.89612197847933,-28.0936815331897,-28.10276906738085,-28.271258353767504,-28.045049790666884,-27.675417881533537,-28.063985277442608,-27.911527467927904,-27.856371996259245,-28.4620286500074,-27.529142243655407,-26.752930892860093,-28.382502801346835,-29.851332535447646,-29.633171516471617,-30.533610609030585,-29.877359358013887,-29.433566695758017,-29.3027177612058,5.0
282,ketamine,closed,7,5,5,250.0,62,8.0,96.6114616394043,11,11,data/raw/spontaneous/282_20161122_0007_eyesClosed_afterICA.set,True,,-27.292587643950245,-27.117603862880813,-27.94515610137384,-27.057611741940583,-26.56133717266244,-27.48859596148947,-27.953360890688465,-27.79117373767313,-28.49163076204124,-27.820382878561254,-27.292260256368504,-28.052383764900497,-27.35258473696339,-27.324884994615665,-28.180192510024337,-26.78549596294311,-25.94697410290246,-27.64154529035406,-29.85385643331092,-29.685031797572112,-30.534049717129022,-29.85368510820314,-29.3721335939732,-29.214958620525756,5.0
282,ketamine,closed,7,6,6,250.0,62,8.0,94.21768188476562,11,11,data/raw/spontaneous/282_20161122_0007_eyesClosed_afterICA.set,True,,-27.161569393260876,-27.05669308764652,-27.854879179429812,-26.89071477188981,-26.195580804068328,-27.19811125241867,-27.614545308888516,-27.537813165222044,-28.235284608278807,-27.26393305683532,-26.79765755505577,-27.71775704110036,-26.594938941344,-26.29990065879714,-27.96587887245069,-25.84866910720662,-24.756992189544217,-27.34931984278049,-29.369717354214195,-29.193260228795285,-30.17799066370359,-29.295011674724265,-28.612043017681412,-28.860023695391195,5.0
282,ketamine,closed,7,7,7,250.0,62,8.0,109.59110641479492,11,11,data/raw/spontaneous/282_20161122_0007_eyesClosed_afterICA.set,True,,-27.254206759162788,-27.058671401614305,-27.685073713995127,-27.19982730626697,-26.67132696306955,-27.492325284238422,-27.99627162687213,-27.91628393433007,-28.53572367319873,-27.749777847982877,-27.243854737438564,-28.078346740948675,-27.293740867389285,-27.218468585946717,-28.382079020646945,-26.509279288463908,-25.506264839024556,-27.90092241706612,-29.854560142545857,-29.75456086912212,-30.48932104352823,-29.86161063555516,-29.37527797146932,-29.01357896658251,5.0
282,ketamine,closed,7,8,8,250.0,62,8.0,68.75886917114256,11,11,data/raw/spontaneous/282_20161122_0007_eyesClosed_afterICA.set,True,,-27.83044232154445,-27.71209194649875,-28.203233641392533,-27.754544699098755,-27.45713127201998,-27.83733449062846,-28.26966767926852,-28.013526675960875,-28.86797166387931,-28.173280977950192,-27.630787503711677,-28.510123204302047,-27.68163045911688,-27.729459969974105,-28.4824573652521,-27.093325930774476,-26.18072228676246,-27.810320198503664,-29.977475469371665,-29.817722050303924,-30.67334810015216,-30.019889147017405,-29.479413448652963,-29.168466043596183,5.0
282,ketamine,closed,7,9,9,250.0,62,8.0,83.23231315612792,11,11,data/raw/spontaneous/282_20161122_0007_eyesClosed_afterICA.set,True,,-27.64557211359104,-27.41774133874799,-28.185198391016563,-27.59434096077696,-27.291565182398788,-27.65123125224505,-28.442073228816135,-28.479228385120624,-28.714023974716177,-28.301785432396663,-28.12077923020227,-28.248491917897592,-27.953289130119533,-27.855567526885807,-28.89784566350559,-27.370063280964416,-26.16832223071693,-28.54901568154229,-29.856756785215804,-29.7516531407294,-30.55514683922191,-29.79953067605746,-29.24798067186228,-29.11619212778052,5.0
282,ketamine,closed,7,10,10,250.0,62,8.0,90.36474227905272,11,11,data/raw/spontaneous/282_20161122_0007_eyesClosed_afterICA.set,True,,-27.697512223807024,-27.44517742985678,-28.422485538430767,-27.55868168796432,-27.076544690849925,-27.733650955681536,-28.25150140197474,-28.17303567286149,-28.597155059418508,-28.184616142770555,-27.86087758920837,-28.19144575363785,-27.90980995210272,-27.970617726107022,-28.583616374491232,-27.327725318875945,-26.298716617488704,-28.37811683248351,-30.003885681679613,-29.81096997991264,-30.71542168196723,-30.05584838383664,-29.58052586123689,-29.23639236631905,5.0
300,awake,closed,3,0,0,250.0,62,8.0,46.40835952758788,14,14,data/raw/spontaneous/300_20161214_0003_eyesClosed_afterICA.set,True,,-27.425649804835,-27.442852234749747,-27.81032498285783,-27.31393049405576,-26.903950928670792,-27.16076485962513,-28.42406590988056,-28.340259648002988,-28.92295971345513,-28.30146365950517,-27.58383067528301,-28.433331339022043,-28.842872150575683,-28.99566906970833,-29.453275233015823,-28.361316813331594,-27.187093510603408,-28.98342889702329,-30.611873970401785,-30.503446765995808,-31.21740096946988,-30.44657788050363,-30.002473238821626,-30.387936150994125,5.0
300,awake,closed,3,1,1,250.0,62,8.0,40.01137542724609,14,14,data/raw/spontaneous/300_20161214_0003_eyesClosed_afterICA.set,True,,-27.369806358194285,-27.28539923644556,-27.81088779607342,-27.19534788451965,-26.865568503833916,-27.45054684744139,-28.30108902588648,-27.976808781837907,-29.019890298612275,-28.34605694272187,-27.43477096763896,-28.39804122818799,-28.747088210501023,-28.87881338153376,-29.31749857078045,-28.31105946204357,-27.099574912426533,-28.937948676435585,-30.50564603289458,-30.452663348065496,-31.078766420587545,-30.28642391843068,-29.78503529358496,-30.315494869320634,5.0
300,awake,closed,3,2,2,250.0,62,8.0,47.5903091430664,14,14,data/raw/spontaneous/300_20161214_0003_eyesClosed_afterICA.set,True,,-27.43122868698473,-27.270007817180485,-27.99032604366389,-27.340677990907817,-27.17672919172125,-27.200993717416267,-28.05513378828139,-27.9936928953139,-28.59409929950422,-27.90256058350328,-27.679512120656323,-27.604624412909786,-28.247955389465844,-28.387266235806184,-29.02089476347677,-27.661393779757475,-26.493960189800152,-28.34118479272464,-30.382620812813244,-30.372919671839984,-31.108058001924228,-30.02442510217753,-29.30993568330327,-30.181091531123236,5.0
300,awake,closed,3,3,3,250.0,62,8.0,48.94403266906738,14,14,data/raw/spontaneous/300_20161214_0003_eyesClosed_afterICA.set,True,,-27.1729474274299,-27.056419786536992,-27.80380606980044,-27.083749150728178,-26.189878912756797,-27.083854340914105,-28.232538518900892,-28.112171510316628,-28.72087184932202,-28.104981395471604,-27.31897622270964,-28.45024906632657,-27.960547544796786,-27.977636090228923,-28.89434712759272,-27.323992576932124,-25.822385472459636,-28.53584333002261,-30.4786386091223,-30.514658040787385,-31.03612038129729,-30.229506743892472,-29.471694784657064,-30.233218130777672,5.0
300,awake,closed,3,4,4,250.0,62,8.0,42.51350212097168,14,14,data/raw/spontaneous/300_20161214_0003_eyesClosed_afterICA.set,True,,-27.82856340774449,-27.74641835428349,-28.08368123393125,-27.90036740164092,-27.49814543044862,-27.668366579646413,-28.228745478905083,-28.067713942269677,-28.905256324379277,-28.06847432867844,-27.386343066400684,-28.22534374731659,-28.831263287045545,-28.996369748680944,-29.364580648813387,-28.280304405783912,-27.436894243796186,-29.09188040581544,-30.70517742232509,-30.615311669382933,-31.26600453161236,-30.50835835379521,-30.08802508840883,-30.599542712845068,5.0
300,awake,closed,3,5,5,250.0,62,8.0,34.15647220611572,14,14,data/raw/spontaneous/300_20161214_0003_eyesClosed_afterICA.set,True,,-27.74772994795213,-27.63735301825479,-28.040705089344765,-27.92377738712006,-27.613836495583858,-27.250932491839908,-28.31013795726636,-28.230613333661832,-28.781295551081804,-28.17427613239582,-27.722868372074647,-28.240936953141063,-28.655272408711014,-28.78692108306427,-29.15427065813813,-28.30846427871152,-26.82042341570967,-28.962327086969665,-30.594396005490392,-30.51638652716471,-31.191083442929877,-30.419803193961997,-29.90659293691164,-30.3217231691235,5.0
300,awake,closed,3,6,6,250.0,62,8.0,31.07906913757324,14,14,data/raw/spontaneous/300_20161214_0003_eyesClosed_afterICA.set,True,,-27.776994492132957,-27.568201797143928,-28.40170433063401,-27.835971650100674,-27.12872759534414,-27.483988361469343,-28.508698357726125,-28.29141202868268,-28.979310760749964,-28.538371130245164,-28.01188526957671,-28.5600910262885,-28.90588568759597,-28.99816224988649,-29.557906333953277,-28.437423748605024,-27.629062596446055,-28.897371016321447,-30.745694321533385,-30.66764130657359,-31.330882968830903,-30.533703558126486,-30.050014841736026,-30.626024122714902,5.0
300,awake,closed,3,7,7,250.0,62,8.0,33.523441314697266,14,14,data/raw/spontaneous/300_20161214_0003_eyesClosed_afterICA.set,True,,-27.80093233918449,-27.70900324636031,-28.219856838941247,-27.721535274834928,-27.40943282659672,-27.683216829335105,-28.47409756290612,-28.48632037535269,-28.805819058359656,-28.2684028007696,-27.8175309043605,-28.50184109478993,-28.670016866733068,-28.65269708171931,-29.40669975428637,-28.32221995044782,-27.05577940503903,-28.87931194962316,-30.715187574100028,-30.65593306864604,-31.22814222967288,-30.59134737891247,-30.08421941817056,-30.453699472220983,5.0
300,awake,closed,3,8,8,250.0,62,8.0,45.13034439086915,14,14,data/raw/spontaneous/300_20161214_0003_eyesClosed_afterICA.set,True,,-27.638924897227877,-27.50603068269505,-28.207815269397624,-27.71817330876368,-27.125319570664107,-27.069119170085173,-28.347656680261096,-28.192008801727848,-28.900803655117056,-28.19796212283213,-27.60050056557867,-28.53854665140629,-28.31196253028389,-28.470822016979408,-28.98779610678912,-27.826502668504425,-26.372951869182952,-28.443974878752535,-30.4893351723189,-30.491599993971263,-31.054828324265834,-30.25510012454044,-29.566380165810475,-30.27677135165955,5.0
300,awake,closed,3,9,9,250.0,62,8.0,39.67570209503173,14,14,data/raw/spontaneous/300_20161214_0003_eyesClosed_afterICA.set,True,,-27.259692714531628,-27.14323630374463,-27.846812743586945,-27.117808486727466,-26.72456678671297,-27.048661979820224,-28.03161658552707,-28.064737500822144,-28.41155341482813,-27.82497294607578,-27.326670316960687,-27.941610620637576,-28.37999629285763,-28.472747706754472,-28.89038842646348,-28.05828484208278,-27.08701381721217,-28.388643941019765,-30.498878460048733,-30.47131369001742,-31.06911972382577,-30.250353931843392,-29.816089806525287,-30.238748979585328,5.0
300,awake,closed,3,10,10,250.0,62,8.0,31.7297830581665,14,14,data/raw/spontaneous/300_20161214_0003_eyesClosed_afterICA.set,True,,-27.45511380949661,-27.28804209379058,-27.931138317738032,-27.497932266578527,-27.17403896541545,-27.140628285582707,-28.28458344033464,-28.1786023357441,-28.78655054940824,-28.144871667981054,-27.551485544583112,-28.332773500237835,-28.63169673286175,-28.710608710459063,-29.091633004368067,-28.24554406622355,-27.83739768507664,-28.6490133157524,-30.568694425924065,-30.490744348791505,-31.18708095165643,-30.292271643880294,-29.975949340585625,-30.404515411792943,5.0
300,awake,closed,3,11,11,250.0,62,8.0,39.84076499938965,14,14,data/raw/spontaneous/300_20161214_0003_eyesClosed_afterICA.set,True,,-27.54842569577208,-27.359635453459145,-28.21171488708735,-27.432744510492878,-27.06381834368443,-27.368512959315908,-27.693185962468696,-27.55667327224152,-28.53869953521355,-27.375928313773027,-26.14146379955264,-28.00754703537051,-29.07089417867968,-29.066453938533662,-29.788902599860695,-28.6987838679318,-27.9449358128934,-28.96102785529483,-30.694026566277557,-30.629233392723734,-31.243502074240507,-30.521444260407296,-30.170578145264106,-30.37058217146277,5.0
300,awake,closed,3,12,12,250.0,62,8.0,35.71014976501465,14,14,data/raw/spontaneous/300_20161214_0003_eyesClosed_afterICA.set,True,,-27.710107870487807,-27.65318669019497,-28.16834099273034,-27.52664389757303,-27.51443627053111,-27.525055978408584,-28.37630445450752,-28.271642456657784,-28.821403711977467,-28.251693287928557,-28.0225473839203,-28.226418641192254,-29.202703003847954,-29.250494477088697,-29.74330458795368,-28.81792711972233,-28.10903437233471,-29.294475489452797,-30.626557264180057,-30.603291605275896,-31.08273935555165,-30.44476073832264,-30.02145603866656,-30.430623575240386,5.0
300,awake,closed,3,13,13,250.0,62,8.0,40.87928199768066,14,14,data/raw/spontaneous/300_20161214_0003_eyesClosed_afterICA.set,True,,-27.384867355420617,-27.29724728744802,-28.00710379461828,-27.23959905603557,-26.73690512243489,-27.056653674792912,-28.37727738658978,-28.27590410074249,-29.01988775758429,-28.019042349453123,-27.6267917847463,-28.544752171158184,-28.79016302051076,-28.937511810994337,-29.33217288398989,-28.40942207830765,-27.467793146822974,-28.67571766363402,-30.54656902731688,-30.5543623102304,-31.02221039682424,-30.34860273602368,-29.907534619245524,-30.234802891993823,5.0
300,ketamine,closed,7,0,0,250.0,62,8.0,52.10693359374999,14,14,data/raw/spontaneous/300_20161214_0007_eyesClosed_afterICA.set,True,,-27.16256370379573,-27.06045965596204,-27.836325798017278,-27.07454853131889,-26.608964738713013,-26.52554627536421,-28.294892056524784,-28.16285916637049,-28.80453002988705,-28.21932700574967,-27.72283749545805,-28.145525731979387,-29.27743924123552,-29.392626773137607,-29.617745170977035,-29.062821662934457,-28.773745046816583,-28.80889784529083,-30.648487528004363,-30.60787367772308,-31.18383494310375,-30.44815313603215,-30.08384573588732,-30.350724336429835,5.0
300,ketamine,closed,7,1,1,250.0,62,8.0,39.34829330444336,14,14,data/raw/spontaneous/300_20161214_0007_eyesClosed_afterICA.set,True,,-27.485832628592902,-27.367413671104188,-27.92099846114548,-27.486798482422127,-26.960066925573543,-27.21023777183386,-28.55473877108771,-28.491535989095983,-28.99402263855309,-28.474019248045817,-28.061260482893942,-28.28812067515119,-29.102177686131647,-29.13889388763773,-29.753902320381467,-28.712753839548892,-28.19110256195093,-28.925282795971118,-30.750950544317966,-30.804962778769035,-31.231424482140085,-30.50684371636707,-30.220824891706005,-30.320319949018742,5.0
300,ketamine,closed,7,2,2,250.0,62,8.0,40.20565986633301,14,14,data/raw/spontaneous/300_20161214_0007_eyesClosed_afterICA.set,True,,-27.82771562190873,-27.705999708981377,-28.228968688901784,-27.844088934120133,-27.80481580179367,-27.32253899378968,-28.004325710648946,-27.82553962705839,-28.480723169212958,-27.951351700382567,-27.520337847776187,-28.02215888336317,-29.0911630200632,-29.1141102439201,-29.711626503111567,-28.687153193146106,-28.323290218430675,-28.96859959468634,-30.664623907379987,-30.6485887735619,-31.177596120911712,-30.52936240648317,-29.96610413108317,-30.27238738862264,5.0
300,ketamine,closed,7,3,3,250.0,62,8.0,37.46040439605712,14,14,data/raw/spontaneous/300_20161214_0007_eyesClosed_afterICA.set,True,,-27.836099633825786,-27.864460497701263,-28.291521280333143,-27.65194284394377,-27.548981349826505,-27.3129051605849,-28.59243958736494,-28.53321387791115,-28.998595909319985,-28.45501511708129,-28.156827093893792,-28.425382680725374,-29.35642009096489,-29.39886921086085,-29.811496396181376,-29.143603657609493,-28.789086684498077,-28.961175983508596,-30.95167153461877,-30.92502592234733,-31.408575042659027,-30.81796025922417,-30.521407325550943,-30.57005031662353,5.0
300,ketamine,closed,7,4,4,250.0,62,8.0,33.55946445465088,14,14,data/raw/spontaneous/300_20161214_0007_eyesClosed_afterICA.set,True,,-27.7561817402743,-27.68891243028727,-28.164827542396544,-27.81861405797516,-27.228660911207864,-27.2605068788222,-28.54374383320449,-28.54930262217013,-28.938515872516607,-28.4426943107895,-28.164129871538787,-28.041137272943036,-29.186315517193904,-29.303084681495918,-29.7081580857868,-28.819503490549177,-28.329716940646083,-28.858328878656952,-30.71667590462345,-30.67641402492606,-31.318705724926318,-30.54654670418288,-29.90715205841507,-30.350636886745537,5.0
300,ketamine,closed,7,5,5,250.0,62,8.0,43.67223739624023,14,14,data/raw/spontaneous/300_20161214_0007_eyesClosed_afterICA.set,True,,-27.61458251623468,-27.49863425095674,-28.13881643711389,-27.525692468756496,-27.466585411280548,-27.125951292289223,-28.658107419508184,-28.44776489892896,-29.165915467257587,-28.78629423234941,-28.19895181130497,-28.330310060014764,-29.23837374672902,-29.238199415453284,-29.69248709818469,-29.033832909046385,-28.390807271371216,-29.180705886991223,-30.827223837801803,-30.786618493244408,-31.28417623302405,-30.74438600545783,-30.388556490884383,-30.41096869804241,5.0
300,ketamine,closed,7,6,6,250.0,62,8.0,33.28309822082519,14,14,data/raw/spontaneous/300_20161214_0007_eyesClosed_afterICA.set,True,,-27.64504255288042,-27.56133652410171,-28.13595148226023,-27.58353449282424,-27.306536418220844,-27.126726229900743,-28.431967445250883,-28.388351927701297,-28.731356064795182,-28.472174130674,-28.065226360531444,-28.05859655639761,-29.13494526717288,-29.27820853497616,-29.496567606413617,-28.85477282450731,-28.59438827360941,-28.704015372235432,-30.81425192426444,-30.80942963647868,-31.31288036404495,-30.62064771200537,-30.37944890303217,-30.356045457657967,5.0
300,ketamine,closed,7,7,7,250.0,62,8.0,38.37446975708007,14,14,data/raw/spontaneous/300_20161214_0007_eyesClosed_afterICA.set,True,,-27.3994961144602,-27.377791418596,-27.9032793530784,-27.2847535925732,-26.9355083173847,-26.84602532110435,-28.56448996285704,-28.446777572045463,-28.996625440460623,-28.548236866997424,-28.24342171886795,-28.230405709929894,-29.36799759266023,-29.530361836291394,-29.768529695231624,-29.033257976657385,-28.775108466895897,-28.878360405790588,-30.90666906135561,-30.88680186261516,-31.329223007987547,-30.808351222515466,-30.49680599201882,-30.47798291149029,5.0
300,ketamine,closed,7,8,8,250.0,62,8.0,34.5187873840332,14,14,data/raw/spontaneous/300_20161214_0007_eyesClosed_afterICA.set,True,,-27.600228565752605,-27.43904709335619,-28.147404660135088,-27.636963152938957,-27.092850495336137,-27.195887320206094,-28.18810801869718,-28.070330449899192,-28.608495831854498,-28.249261935099018,-27.862743689803484,-27.75728484994845,-29.077017538121915,-29.184877798309817,-29.456316173544057,-28.8278047778098,-28.400606034916564,-28.751790577452727,-30.72331820913088,-30.740764193817267,-31.16487363821108,-30.57754116957806,-30.30893009163486,-30.23183446879696,5.0
300,ketamine,closed,7,9,9,250.0,62,8.0,37.41095542907715,14,14,data/raw/spontaneous/300_20161214_0007_eyesClosed_afterICA.set,True,,-27.69805425084211,-27.654213772342874,-28.21077645624132,-27.56335833792484,-27.446880526828792,-27.118766904070476,-28.37495091522449,-28.369984553005438,-28.838606900712108,-28.35348075703319,-27.828974387225088,-27.733251232383317,-29.40050418547657,-29.583278772900623,-29.638369503743892,-29.236278188240306,-28.886814697599025,-28.86513670939146,-30.78990091201044,-30.724632784659025,-31.339988518006205,-30.648510941709898,-30.25565935009202,-30.427602523292197,5.0
300,ketamine,closed,7,10,10,250.0,62,8.0,33.50842094421387,14,14,data/raw/spontaneous/300_20161214_0007_eyesClosed_afterICA.set,True,,-27.702487444586257,-27.518600133966817,-28.3986816395618,-27.60814958610714,-27.07948598584544,-27.44557602805536,-28.436209024648587,-28.330504007184093,-28.99444207467334,-28.393799503326363,-27.85203757705128,-28.04276517194442,-29.406176144693674,-29.45961671966317,-29.88268841465028,-29.191787247504774,-28.89746817198063,-28.87063169447571,-30.83740129572393,-30.788875428140127,-31.32837901844865,-30.71357516139623,-30.26696554372788,-30.51141559308209,5.0
300,ketamine,closed,7,11,11,250.0,62,8.0,29.43935966491699,14,14,data/raw/spontaneous/300_20161214_0007_eyesClosed_afterICA.set,True,,-27.87135989642012,-27.861889098774785,-28.09871611081645,-27.81041870775756,-27.84522435252945,-27.48245241077268,-28.40462545705469,-28.307857562689207,-28.97829473101138,-28.30189326439064,-27.765193012639745,-28.084166528018017,-29.2908134369742,-29.40596449104989,-29.86530875722527,-28.913486117936884,-28.303868593509478,-28.932910764617173,-30.84764931452636,-30.7934218308016,-31.349175226589143,-30.70597951268268,-30.40218352835404,-30.50694140190979,5.0
300,ketamine,closed,7,12,12,250.0,62,8.0,29.46915912628174,14,14,data/raw/spontaneous/300_20161214_0007_eyesClosed_afterICA.set,True,,-27.61147966157868,-27.577366522805637,-28.08370322624054,-27.554144827774703,-27.424351058286504,-26.96461522359744,-28.447680685773467,-28.298149631867528,-28.90363064161281,-28.49528026676761,-27.920275038518213,-28.17933474759451,-29.29949768609219,-29.282967897165005,-29.838419539200228,-28.920694767155748,-28.749805041943763,-29.263122270352,-30.88751722224548,-30.831454207565454,-31.4063157987782,-30.72379175705554,-30.294558520697837,-30.65540879331098,5.0
300,ketamine,closed,7,13,13,250.0,62,8.0,40.463905334472656,14,14,data/raw/spontaneous/300_20161214_0007_eyesClosed_afterICA.set,True,,-27.83927154050263,-27.808225539817585,-28.129926169969675,-27.853914453214,-27.913732894602973,-27.184194881790138,-28.373669620876964,-28.283599019478544,-28.70544734726072,-28.434987080350837,-28.144013621755835,-27.93549965432848,-29.428874664443253,-29.574445270960847,-29.890122301352157,-29.2394518998666,-28.31085456980373,-28.926406880485388,-30.825346064935644,-30.796527130671976,-31.35592840415051,-30.68800146040822,-30.18874141229829,-30.41522192207288,5.0
313,awake,closed,3,0,0,250.0,62,8.0,81.65782928466797,15,15,data/raw/spontaneous/313_20170116_0003_eyesClosed_afterICA.set,True,,-27.053255112044685,-27.14845537669315,-27.378020671937097,-26.81142182041893,-26.50179538495254,-26.81103520628284,-26.4206162433828,-26.56458897888964,-26.77532192767547,-25.872501069088536,-26.077993813246863,-26.45717852678044,-26.149556742655395,-26.43178106047786,-26.676732239798177,-25.3852533004234,-25.10747530569998,-26.19392639650376,-29.51019231815944,-29.695478430517056,-29.809828508745067,-29.085565675546945,-28.95075573421803,-29.385271355280768,5.0
313,awake,closed,3,1,1,250.0,62,8.0,77.40135955810545,15,15,data/raw/spontaneous/313_20170116_0003_eyesClosed_afterICA.set,True,,-27.28504749210147,-27.149771017110364,-27.51995580925325,-27.343944747776607,-27.12449335813213,-27.27406169481364,-26.798156490860546,-26.834650470525677,-27.058924446677725,-26.46752393051536,-26.45979979189244,-26.96881757381604,-26.23459783851156,-26.32982217701391,-26.900348076009863,-25.56097537763817,-25.01714725453608,-26.551959557462293,-29.84596390817031,-30.01136497078991,-30.150042284346984,-29.484164196883675,-29.160835222648306,-29.724159232909653,5.0
313,awake,closed,3,2,2,250.0,62,8.0,91.49850463867188,15,15,data/raw/spontaneous/313_20170116_0003_eyesClosed_afterICA.set,True,,-27.36897129630931,-27.43791261177213,-27.587199866994105,-27.29262361743693,-27.25075135830866,-26.891206829440737,-27.35891256391771,-27.58321471362072,-27.64634986733001,-26.962899289024783,-26.91478277102314,-27.016662802835384,-26.74336899392845,-27.248153782175603,-27.103977499447826,-25.89195916371157,-25.751997385188776,-26.37564018862847,-29.94315265719431,-30.0045589694783,-30.412574185396675,-29.61098122969692,-29.316209470167838,-29.726096975046573,5.0
313,awake,closed,3,3,3,250.0,62,8.0,79.50860786437988,15,15,data/raw/spontaneous/313_20170116_0003_eyesClosed_afterICA.set,True,,-26.95448669612674,-27.03207072454633,-27.340610920507483,-26.7470325409127,-26.527962338673387,-26.503444578327805,-26.848894655459347,-26.9930974187904,-27.18316078449172,-26.46256873898912,-26.34049434271681,-26.704408486576032,-25.73167685393185,-25.92286618562052,-26.16482868509906,-25.0125571195368,-24.988370304340105,-26.02884038770595,-29.409198524608843,-29.596034917267563,-29.607664622829493,-29.08749892538701,-28.9194055615224,-29.247782496334235,5.0
313,awake,closed,3,4,4,250.0,62,8.0,72.51844024658203,15,15,data/raw/spontaneous/313_20170116_0003_eyesClosed_afterICA.set,True,,-27.437358016788465,-27.40173674932075,-27.917039054598952,-27.177804954330337,-27.134658224368888,-27.20744405403558,-27.313287371325167,-27.493616122657144,-27.79310070321717,-26.86328163048622,-26.528493617648756,-27.026593222963157,-26.140217519597297,-26.291928388254437,-26.806835016795137,-25.29968334520807,-24.991622599888803,-26.594844875007496,-29.6226443538349,-29.676273776896743,-30.07131512146557,-29.231312455245263,-29.17035927908592,-29.472767209285124,5.0
313,awake,closed,3,5,5,250.0,62,8.0,75.50049781799316,15,15,data/raw/spontaneous/313_20170116_0003_eyesClosed_afterICA.set,True,,-27.247376089903646,-27.31957470222136,-27.64617764042672,-26.943902660850515,-26.81924694929104,-27.000415156612338,-27.245914347804543,-27.382163110721653,-27.65195706007471,-26.76423789568033,-26.80131691804912,-27.12584656910505,-26.211081027396084,-26.47841225709107,-26.722229714043465,-25.3652821216816,-25.199322282146067,-26.472398576828937,-29.856080550203075,-29.923197347284795,-30.28128799293048,-29.452887781591368,-29.40470271508036,-29.771058281745574,5.0
313,awake,closed,3,6,6,250.0,62,8.0,75.58954238891602,15,15,data/raw/spontaneous/313_20170116_0003_eyesClosed_afterICA.set,True,,-26.93006038726321,-26.93607104218164,-27.26350426857933,-26.914413762657883,-26.531552336631773,-26.46674963966882,-26.48145993571388,-26.52607232865098,-26.92155234239117,-26.17731964939372,-26.12856139284893,-26.210423245228995,-25.93776203007711,-26.02914049780921,-26.5308503913136,-25.30810821346669,-25.2689366247718,-25.94828289574384,-29.671896064134664,-29.782641727528382,-30.014459005536946,-29.360590998152613,-29.2821474974947,-29.354842147699028,5.0
313,awake,closed,3,7,7,250.0,62,8.0,70.8076000213623,15,15,data/raw/spontaneous/313_20170116_0003_eyesClosed_afterICA.set,True,,-26.77987763883472,-26.73756397221823,-27.06760904347749,-26.67594350262118,-26.484648255290438,-26.710008942271624,-27.07183595321809,-27.07282589607855,-27.379583621863517,-26.79339813348557,-27.11283539551111,-26.947791916029384,-26.04738769069436,-26.316592928029205,-26.424400159425943,-25.391923429191426,-25.312341525371068,-25.997290827519063,-29.429120560252343,-29.565678144124877,-29.58064112295852,-29.15157500985965,-29.067566231754352,-29.33800340357166,5.0
313,awake,closed,3,8,8,250.0,62,8.0,73.69198989868163,15,15,data/raw/spontaneous/313_20170116_0003_eyesClosed_afterICA.set,True,,-27.227573421234453,-27.25270445574693,-27.56504376315501,-26.897040147555607,-27.08334754957151,-27.11110626408035,-26.727989184233607,-26.769592396706955,-27.20103241008451,-26.39637542386058,-26.39590021663926,-26.45258508939465,-26.1695990689502,-26.61975212606306,-26.48964518042069,-25.344166462088115,-25.53642159851224,-25.879116879031283,-29.756654114281968,-29.949710793893072,-30.141183071853472,-29.25010374029296,-29.415500075639187,-29.435693247666844,5.0
313,awake,closed,3,9,9,250.0,62,8.0,79.00135040283203,15,15,data/raw/spontaneous/313_20170116_0003_eyesClosed_afterICA.set,True,,-26.796914773139587,-26.705045502298493,-27.3245970158336,-26.50988103074172,-26.27505710012628,-26.86740688197857,-27.027873664037585,-27.13992107526036,-27.2580181840874,-26.741558022921797,-26.63366084291573,-26.93043270770884,-25.92962422261069,-26.123910673953983,-26.47768122046228,-25.224372410439305,-24.88832306213182,-26.142038505993327,-29.619898679031124,-29.79908780309179,-29.974202298619986,-29.230491589743743,-29.12712388247228,-29.212467983717676,5.0
313,awake,closed,3,10,10,250.0,62,8.0,67.27464485168456,15,15,data/raw/spontaneous/313_20170116_0003_eyesClosed_afterICA.set,True,,-26.73336257959416,-26.653199477955532,-27.11931836602474,-26.777678729554484,-26.303909613320798,-26.38843777271379,-26.789386778026078,-26.76793578670598,-26.90461893257179,-26.671596069885474,-26.63262712856699,-26.945499036887814,-26.2397280034665,-26.46147527256849,-26.62222815939743,-25.65138816930806,-25.40890454337054,-26.25050977588452,-29.550266922898384,-29.68369165621786,-29.61779326575609,-29.32832479637148,-29.33759558623079,-29.492599267130284,5.0
313,awake,closed,3,11,11,250.0,62,8.0,67.13519096374512,15,15,data/raw/spontaneous/313_20170116_0003_eyesClosed_afterICA.set,True,,-27.11454297650417,-27.06328874872249,-27.35204831386976,-27.07464651440168,-27.2418091936286,-26.789087739805964,-27.18889299545889,-27.352007852184546,-27.47216368208389,-26.750836471214388,-26.5337234209975,-27.30043340101413,-25.942110719278222,-26.105524394646867,-26.520667985837445,-25.269365835079476,-25.026546740906696,-26.002987548979178,-29.817995516911477,-29.925014656897957,-30.204883310712763,-29.450225884915028,-29.309743018155043,-29.608289536023204,5.0
313,awake,closed,3,12,12,250.0,62,8.0,70.43059158325195,15,15,data/raw/spontaneous/313_20170116_0003_eyesClosed_afterICA.set,True,,-27.452343881599436,-27.432846867738878,-27.51699056019307,-27.592163438572687,-27.362719191836216,-27.161671955904502,-27.42270308998809,-27.47474711677777,-27.72524542078092,-27.227326340431805,-27.261579851322125,-27.066358122197,-26.88406158573995,-27.200035865793893,-27.19073083054409,-26.40542158731845,-26.161663786505876,-26.41629180372844,-29.86326574950001,-29.929480376238704,-30.012815020666096,-29.782778523806208,-29.56690835471404,-29.556507376553828,5.0
313,awake,closed,3,13,13,250.0,62,8.0,72.75434112548828,15,15,data/raw/spontaneous/313_20170116_0003_eyesClosed_afterICA.set,True,,-26.98455443087928,-26.95443709967381,-27.225367650584506,-27.127818328018783,-26.88013454130988,-26.29547845731966,-27.46751410671032,-27.520435194762708,-27.89638517148342,-27.04807845773661,-27.0834779232006,-27.417642439011622,-26.9380120946408,-27.165511004499265,-27.226434578500456,-26.46530602494593,-26.212110007414697,-26.8760361854516,-29.688668330619624,-29.75458884844643,-29.828525124325072,-29.5346883975126,-29.36794182165137,-29.59854311018619,5.0
313,awake,closed,3,14,14,250.0,62,8.0,58.08030891418457,15,15,data/raw/spontaneous/313_20170116_0003_eyesClosed_afterICA.set,True,,-27.612921058963725,-27.58905457482359,-28.10629969323656,-27.450982588570696,-27.43753455503,-27.124517029074934,-27.45085960848797,-27.42744447402489,-27.952759567647654,-27.128384408912638,-26.834830551357246,-27.46065259853934,-26.89326043341737,-27.110329189676214,-27.39724211270683,-26.216776766070645,-25.96553772261802,-26.965625091911487,-29.989330058163137,-30.08283276282016,-30.30681933571688,-29.663880079663947,-29.53431885631901,-29.864229252388245,5.0
313,ketamine,closed,7,0,0,250.0,62,8.0,77.87964630126953,14,14,data/raw/spontaneous/313_20170116_0007_eyesClosed_afterICA.set,True,,-27.38642157282448,-27.41199560650517,-27.850940391972625,-27.19571852345361,-26.49686360219158,-27.11539262432133,-27.29048425205789,-27.43673263943326,-27.64505036144948,-26.925013416440716,-26.75062004747694,-27.061721828854115,-26.59124328236993,-26.874653445312592,-27.22519400422112,-25.79821343799621,-25.27663661299714,-26.63255624107099,-29.76411145030803,-29.846517899374657,-30.309827518749305,-29.318750251975526,-29.127467356065846,-29.552006707516167,5.0
313,ketamine,closed,7,1,1,250.0,62,8.0,56.53851890563964,14,14,data/raw/spontaneous/313_20170116_0007_eyesClosed_afterICA.set,True,,-27.53576823316438,-27.53110196743393,-27.85626405634286,-27.562843225289296,-26.77936697623657,-27.192400822323155,-28.1544779136054,-28.289102106584703,-28.523476581225825,-27.806915443750302,-27.543943952577965,-27.89358363586021,-27.06378141891011,-27.383997566684624,-27.575874794455736,-26.37000945868761,-25.54206608380321,-27.127784372901484,-30.03926668666436,-30.08653526082999,-30.45878889706788,-29.798562018146782,-29.447933428850156,-29.763590333180638,5.0
313,ketamine,closed,7,2,2,250.0,62,8.0,71.0852279663086,14,14,data/raw/spontaneous/313_20170116_0007_eyesClosed_afterICA.set,True,,-27.48841743728808,-27.462683390405065,-27.93596246477436,-27.298295651860723,-26.64439796504651,-27.52196212456308,-27.47685586426376,-27.576430988110214,-28.01057574184813,-26.98780351163797,-26.913811199276864,-27.28841891072487,-26.08806988919892,-26.34550073123817,-26.67099132930165,-25.343593231145267,-24.662152448846417,-26.31883256474444,-29.74805104064844,-29.896821006432244,-30.222681644228764,-29.31743699160624,-28.95756933419541,-29.517790240511484,5.0
313,ketamine,closed,7,3,3,250.0,62,8.0,91.96490097045898,14,14,data/raw/spontaneous/313_20170116_0007_eyesClosed_afterICA.set,True,,-27.54871661239701,-27.54599539153722,-28.04111774854352,-27.41246995199144,-26.74356359811605,-27.266644771399484,-27.266535866648905,-27.24826026276916,-27.887633245066446,-26.875991677080936,-26.489886693056103,-27.294668551009,-26.516072043533544,-26.879647998175702,-26.998433678336315,-25.742846784293217,-24.95435340650948,-26.72690277537133,-29.951802263279856,-30.0534119460084,-30.366634159061505,-29.653247617352694,-29.247772431749286,-29.69642174191897,5.0
313,ketamine,closed,7,4,4,250.0,62,8.0,70.2771987915039,14,14,data/raw/spontaneous/313_20170116_0007_eyesClosed_afterICA.set,True,,-27.236716985736106,-27.255084813049127,-27.82894930882104,-26.949270971765625,-26.63207941742388,-26.907641060560497,-27.53269073632921,-27.68664644249149,-27.83917728757502,-27.21942305604597,-27.009257324054783,-27.311118602662237,-26.33771779900766,-26.67245999969936,-26.87841896851948,-25.56206801556351,-25.01744074019044,-26.39454904307329,-29.85514283636782,-29.962705015494667,-30.37190037840509,-29.44106787824573,-29.19691496609575,-29.57198930198936,5.0
313,ketamine,closed,7,5,5,250.0,62,8.0,86.63541221618652,14,14,data/raw/spontaneous/313_20170116_0007_eyesClosed_afterICA.set,True,,-27.58835668753056,-27.4225223969576,-28.204904655547946,-27.545266890065097,-26.79082489216529,-27.44334516808929,-27.65344035948696,-27.60339704834375,-28.23434201719081,-27.346917625640323,-26.95686579702726,-27.64532489999867,-26.297678571332305,-26.4665374300607,-27.04157055287171,-25.521262999875542,-24.69175209346713,-26.624306451943507,-29.917460738846383,-29.949686340925957,-30.41090763117013,-29.616864011442384,-29.298153549761363,-29.73379600529384,5.0
313,ketamine,closed,7,6,6,250.0,62,8.0,92.88003730773924,14,14,data/raw/spontaneous/313_20170116_0007_eyesClosed_afterICA.set,True,,-27.484443403979707,-27.402276858675812,-27.85387774103015,-27.37369118374793,-27.17772555106576,-27.439521380141603,-27.57055790192905,-27.561134329515028,-28.184370412961798,-27.2510600158903,-26.756010267600303,-27.493371593554965,-26.52482742239876,-26.77905772301686,-27.10061995927933,-25.800328182591358,-25.105164161992075,-26.67682663337456,-30.05420685156876,-30.21030036361813,-30.52486829107165,-29.67926681958393,-29.222583795252135,-29.71343592583996,5.0
313,ketamine,closed,7,7,7,250.0,62,8.0,64.84278106689453,14,14,data/raw/spontaneous/313_20170116_0007_eyesClosed_afterICA.set,True,,-27.24791728717573,-27.16568963589188,-27.73598323202606,-27.07949170524501,-26.712273919328076,-27.13161352852387,-27.52045243912662,-27.58362434327193,-27.9786791567935,-27.144869885895755,-26.956423548345384,-27.45997785938156,-26.379415374915087,-26.77024083005851,-26.966325514987084,-25.45104325256111,-25.117399972623573,-26.37411664628283,-29.90663507982305,-29.991006515428435,-30.45115881214145,-29.50592648470228,-29.187761029819697,-29.641623395798828,5.0
313,ketamine,closed,7,8,8,250.0,62,8.0,89.47709655761717,14,14,data/raw/spontaneous/313_20170116_0007_eyesClosed_afterICA.set,True,,-27.479563195912142,-27.47308220241632,-28.140005650862182,-27.28227866137525,-26.14864346406268,-27.229037808839085,-27.60807209796648,-27.727912140859544,-27.898115056359817,-27.39838170093572,-26.97901383854524,-27.327245969032077,-26.463760717017617,-26.77154073424447,-26.995219467171328,-25.78333642799093,-24.98518938397028,-26.46776145310216,-29.912065952710854,-29.97119965252037,-30.47626765175604,-29.502936514256294,-29.201838322171252,-29.64994638212965,5.0
313,ketamine,closed,7,9,9,250.0,62,8.0,68.25727462768555,14,14,data/raw/spontaneous/313_20170116_0007_eyesClosed_afterICA.set,True,,-27.29299260137679,-27.22215991374665,-28.00063718666011,-27.084260183439017,-26.560570865472545,-26.937488076641653,-27.73706667203613,-27.85670642226413,-28.133402030154365,-27.425390259674423,-27.24102248444885,-27.3743197388744,-26.30388343045676,-26.54932571513129,-26.87188797534797,-25.642611802568208,-24.90873293678501,-26.449698142758184,-29.904111221957827,-30.031237835533844,-30.348011891806664,-29.56003024271005,-29.154609032365386,-29.59367527171616,5.0
313,ketamine,closed,7,10,10,250.0,62,8.0,77.62120819091797,14,14,data/raw/spontaneous/313_20170116_0007_eyesClosed_afterICA.set,True,,-27.08595305856496,-27.11860446023286,-27.45614122491756,-26.856236652538936,-26.53791460855523,-26.98903071309986,-25.99647421323485,-25.908120316511468,-26.77926025004981,-25.343179703316224,-25.177527372248477,-26.44616768744425,-26.14387893558152,-26.305113326086868,-26.74474166454429,-25.470302458949227,-25.034996822916867,-26.344683596979973,-29.62991195312391,-29.75081203294887,-30.095599786481984,-29.211816579805948,-29.024642859808534,-29.382620581204048,5.0
313,ketamine,closed,7,11,11,250.0,62,8.0,136.29094696044922,14,14,data/raw/spontaneous/313_20170116_0007_eyesClosed_afterICA.set,True,,-27.221618484659643,-27.24536332428285,-27.80262141371893,-27.0168821660586,-25.90931929097017,-26.971322729772453,-26.75700025392259,-26.854473896302792,-27.314118424773635,-26.189636330236485,-25.70664399437347,-26.95073858091463,-26.26289516107829,-26.508653581867225,-26.80057815123004,-25.592236852097237,-24.769986367493896,-26.520630851251862,-29.773804832599897,-29.951147139433854,-30.236906816327863,-29.37349398452709,-28.804124151784816,-29.480567476187503,5.0
313,ketamine,closed,7,12,12,250.0,62,8.0,88.58276748657227,14,14,data/raw/spontaneous/313_20170116_0007_eyesClosed_afterICA.set,True,,-27.24482832460442,-27.37206875546211,-27.73506234396113,-27.070487152201213,-26.193067126583767,-26.67668426507552,-26.94692685176934,-26.88372853372172,-27.719616457684577,-26.369352581152928,-26.03315963690777,-27.287839129538924,-26.71085609393726,-27.00525835776242,-27.275830402938745,-25.90542846901085,-25.40329628916848,-26.850488670581612,-29.83860937302177,-30.005866645749123,-30.231816812537343,-29.478056808267542,-29.217545989886016,-29.45682571994574,5.0
313,ketamine,closed,7,13,13,250.0,62,8.0,89.26453018188475,14,14,data/raw/spontaneous/313_20170116_0007_eyesClosed_afterICA.set,True,,-27.378198272885484,-27.366260344959667,-27.857563627533388,-27.229955851247944,-26.792528411000763,-27.07016081732637,-27.408274556275757,-27.422198971984063,-27.79484195405508,-27.158109738538403,-26.87383629572631,-27.37753918268996,-26.391993898039797,-26.59381807600885,-26.88807203478595,-25.72255059678676,-24.954371304479256,-26.90105736256752,-29.975412210011648,-30.02490832349041,-30.544395004717643,-29.60886345725293,-29.33460571867734,-29.689034545072055,5.0
318,awake,closed,3,0,0,250.0,62,8.0,73.74086380004881,14,14,data/raw/spontaneous/318_20170206_0003_eyesClosed_afterICA.set,True,,-26.780482255378534,-26.519351450287303,-27.75140035601458,-26.39987630640028,-25.883047527493776,-27.02389605453168,-27.47933006950292,-27.480441699939195,-27.907222781312043,-27.463466074750038,-26.792366632806036,-26.994996723786063,-26.941958378961644,-27.322172049174355,-27.29200229664158,-26.231403654825737,-25.651255497654216,-27.02273576627137,-28.687180616771844,-28.829431516036248,-28.999403988783403,-28.41706689955328,-28.06362989409744,-28.372629573724225,5.0
318,awake,closed,3,1,1,250.0,62,8.0,113.79934692382812,14,14,data/raw/spontaneous/318_20170206_0003_eyesClosed_afterICA.set,True,,-26.60729843477794,-26.345169136432443,-27.053714226027648,-26.752021314986504,-26.794936923230736,-26.12937798765587,-25.527964394665226,-25.12587005032127,-26.337054977560506,-25.75354676811151,-25.509802750848028,-24.74231741441706,-26.628974157146136,-26.77606396410216,-26.89839168228712,-26.55679581738254,-26.275659043438043,-25.7660804496613,-29.038892327234127,-29.14044547093036,-29.25503269923817,-28.963537332947315,-28.628634956085648,-28.51894888124848,5.0
318,awake,closed,3,2,2,250.0,62,8.0,56.59473991394043,14,14,data/raw/spontaneous/318_20170206_0003_eyesClosed_afterICA.set,True,,-27.00823731484814,-26.830758813085044,-27.15204973720287,-27.190614489372027,-27.007779459579663,-26.97220436019013,-27.101664196497275,-27.03120380823093,-27.42991747418532,-27.008932897772038,-26.765271448846423,-27.051576144212177,-28.120200080602437,-28.210592106331973,-28.558111337933944,-27.7392503584935,-27.26884467239681,-28.11162041669814,-29.512751529546303,-29.581256362987503,-29.96978997650492,-29.198592064197847,-28.743403680999183,-29.29582556552384,5.0
318,awake,closed,3,3,3,250.0,62,8.0,66.45796394348145,14,14,data/raw/spontaneous/318_20170206_0003_eyesClosed_afterICA.set,True,,-27.50434982099411,-27.331246734449945,-27.8921141315277,-27.510277127670044,-27.061320393839964,-27.58110653239361,-27.38968003095956,-27.25655214962263,-27.931504967366795,-27.314689415879982,-26.711501620096357,-27.26909556760779,-27.169884895086582,-27.2894743737574,-27.61085595162081,-26.61958920062515,-26.332998494921,-27.41344028069912,-28.51130067460646,-28.49577863798407,-28.913525499007623,-28.27791421542745,-27.86388385455701,-28.533232026645702,5.0
318,awake,closed,3,4,4,250.0,62,8.0,74.22544860839844,14,14,data/raw/spontaneous/318_20170206_0003_eyesClosed_afterICA.set,True,,-27.50510216434816,-27.435962419270723,-27.859791549622734,-27.46447022841009,-27.095680327255565,-27.341865374526687,-27.624248681234867,-27.615563769991613,-27.870692666521016,-27.746055026123617,-26.961404430673277,-27.267694202382877,-27.038255221066063,-27.234220877857396,-27.32178121821378,-26.55538649345189,-25.886542725203185,-27.403745479297267,-28.693448644059373,-28.749129283158226,-29.0736074275014,-28.470442076295257,-27.96819944522869,-28.53976179366084,5.0
318,awake,closed,3,5,5,250.0,62,8.0,59.86014366149902,14,14,data/raw/spontaneous/318_20170206_0003_eyesClosed_afterICA.set,True,,-26.53894566631539,-26.2981449444124,-26.97566238918128,-26.65466692376078,-26.5229160456695,-26.256155808719186,-26.51062346381407,-26.21317900993832,-27.03150283564476,-26.83183819577428,-26.566419805068687,-25.73568224783485,-27.522835268658053,-27.589028415308064,-27.90455181637316,-27.380588260894143,-27.28457186203416,-26.77384041184764,-28.91308668801811,-28.85168484311348,-29.0207095782514,-29.034326045307484,-28.92030354675116,-28.554014227258733,5.0
318,awake,closed,3,6,6,250.0,62,8.0,72.15138244628905,14,14,data/raw/spontaneous/318_20170206_0003_eyesClosed_afterICA.set,True,,-26.48292607073648,-26.461688221477115,-26.775909216349305,-26.427369931571597,-25.68784730113846,-26.526574252857653,-26.31079359407193,-26.15655381511476,-26.969602181860008,-26.25171556820527,-25.889134290418934,-25.76204591542836,-27.78815265334813,-27.93581696322234,-28.160975724758323,-27.687331327530224,-27.20915837845439,-26.879737513009317,-29.503995307611984,-29.526660814505146,-29.904262923353524,-29.36915151501829,-29.23975954591789,-28.867062831658505,5.0
318,awake,closed,3,7,7,250.0,62,8.0,108.55678939819336,14,14,data/raw/spontaneous/318_20170206_0003_eyesClosed_afterICA.set,True,,-26.56730623724534,-26.440228053230545,-26.71058525676811,-26.603068228296603,-26.548374137143004,-26.65173833738467,-26.267142944125062,-26.066873217041508,-26.5688252870707,-26.362962228176592,-26.07870758062067,-26.253599524656,-26.01509011264833,-26.225811278963107,-25.99759908483409,-25.60516665782169,-25.39587735607164,-26.481176647314477,-27.63910584633139,-27.590050995138157,-27.74848620328773,-27.653425349221298,-27.537816876626653,-27.56939676767924,5.0
318,awake,closed,3,8,8,250.0,62,8.0,82.95757675170898,14,14,data/raw/spontaneous/318_20170206_0003_eyesClosed_afterICA.set,True,,-27.27576917554947,-27.050543351952143,-27.835970967983496,-27.22854174722076,-27.103079622400404,-27.061253556238267,-27.14615341796897,-26.975568268163148,-27.53448552338667,-27.2462792228416,-26.785629201739308,-26.92374901940992,-26.929445329355275,-27.146400202381045,-27.14375986428575,-26.498999200091127,-26.07767500096043,-27.03000799846716,-28.53449103229425,-28.396616351826584,-28.84658184159867,-28.520589736842066,-28.293019625363808,-28.481699307432915,5.0
318,awake,closed,3,9,9,250.0,62,8.0,51.72039604187012,14,14,data/raw/spontaneous/318_20170206_0003_eyesClosed_afterICA.set,True,,-26.906360600120266,-26.783768266018978,-27.39038882073088,-26.8466506964958,-26.28403807264496,-26.85254094055385,-27.291709770433435,-27.13654314397512,-27.784277325235127,-27.25076088998852,-26.991073441011988,-27.02722401440513,-27.913992314985386,-28.066169303304356,-28.28251771201108,-27.55443489413689,-27.17548160213451,-27.68459996450237,-29.33400546421888,-29.28420678446089,-29.723529286673063,-29.25609675403136,-28.951300692755225,-28.976865013358417,5.0
318,awake,closed,3,10,10,250.0,62,8.0,71.22227096557617,14,14,data/raw/spontaneous/318_20170206_0003_eyesClosed_afterICA.set,True,,-26.55168332027449,-26.43198718457332,-26.699532104708616,-26.71354995331578,-26.32879469672405,-26.428070171856422,-26.68960162748381,-26.5109920061511,-27.103419628642804,-26.818822188341507,-26.5066435226308,-26.240451843800475,-27.29204259514088,-27.32309120299159,-27.437127068755892,-27.13237848393891,-26.870871351616348,-27.42085362518578,-28.627886603682157,-28.56123058483956,-28.842086493152674,-28.60466634159518,-28.46081655928917,-28.507610445725906,5.0
318,awake,closed,3,11,11,250.0,62,8.0,83.55281448364258,14,14,data/raw/spontaneous/318_20170206_0003_eyesClosed_afterICA.set,True,,-26.38532008954418,-26.218735445818883,-26.94917483680893,-26.32126631888901,-25.46169430374268,-26.47557246984694,-26.87257757843233,-26.765994869963365,-27.276030707599084,-26.84239991609487,-26.24100660469177,-26.81871837556822,-28.42518707030417,-28.39587248482692,-29.039222867060868,-28.095225663584326,-27.673085440713987,-28.293550256474088,-29.601233688960814,-29.464952721453876,-29.923977319708417,-29.641984020940715,-29.575458800889425,-29.255006738547195,5.0
318,awake,closed,3,12,12,250.0,62,8.0,113.06761932373048,14,14,data/raw/spontaneous/318_20170206_0003_eyesClosed_afterICA.set,True,,-25.7427598722038,-25.62356286258857,-26.13554296216448,-25.822148224167403,-25.170862834800403,-25.551176806455548,-26.423795838420236,-26.295892008288344,-26.771468503993155,-26.561226742449065,-26.03191632143549,-26.080144140418287,-27.84803906982955,-28.034497706157055,-28.02094164943411,-27.663257776186093,-27.221105847252232,-27.49568476933173,-28.79287606436454,-28.888360437016576,-28.78900391221901,-28.75478207831778,-28.62791640406685,-28.57084963467459,5.0
318,awake,closed,3,13,13,250.0,62,8.0,98.57014846801758,14,14,data/raw/spontaneous/318_20170206_0003_eyesClosed_afterICA.set,True,,-26.58810850113121,-26.4839563343803,-27.083988429485448,-26.555701574480107,-25.878086539278872,-26.362989526172456,-26.68088123035132,-26.605492216776963,-27.099718327513365,-26.718499842836568,-26.38480885021117,-26.084864616553403,-28.002427869174447,-28.03656811717273,-28.1805743714977,-27.91645257947152,-27.78455124859924,-27.74962484654865,-28.944035872851337,-28.86180076959896,-29.10838708886465,-29.028750492825736,-28.764098961351184,-28.7495041272764,5.0
318,ketamine,closed,8,0,0,250.0,62,8.0,64.4991455078125,14,14,data/raw/spontaneous/318_20170206_0008_eyesClosed_afterICA.set,True,,-26.789423276316512,-26.597610396143608,-27.382886520617035,-26.731945370554705,-26.263525904135587,-26.898621940404,-26.985332454978188,-26.673984014217808,-27.58112317567257,-27.05042767085065,-26.789607878757906,-26.907520965723805,-27.57883188267875,-27.676682223178968,-27.747715140254563,-27.31386058356641,-27.01246423984296,-27.643326447589143,-28.584713376247617,-28.55671573041131,-28.60214452782052,-28.567469571347484,-28.477317653481432,-28.6646914976786,5.0
318,ketamine,closed,8,1,1,250.0,62,8.0,65.14319038391113,14,14,data/raw/spontaneous/318_20170206_0008_eyesClosed_afterICA.set,True,,-26.901633950114093,-26.6987624828486,-27.66900350775897,-26.689989244972057,-26.21159909908904,-27.02811170614507,-27.6661688200265,-27.54274802160584,-28.173276027188848,-27.75604499523832,-27.04294901145818,-27.246319848026445,-28.053259107900157,-28.35754505183416,-28.1941569785155,-27.622307069141986,-27.172351896495588,-28.005413511760512,-29.080887911702845,-29.1343945817124,-29.35253702304077,-28.85988014174857,-28.59580560799897,-29.00746955390218,5.0
318,ketamine,closed,8,2,2,250.0,62,8.0,89.09995651245116,14,14,data/raw/spontaneous/318_20170206_0008_eyesClosed_afterICA.set,True,,-27.208274314717464,-27.259749814221674,-27.53222560476076,-27.02394341084069,-26.947585395372204,-27.106300433408823,-27.181976575403624,-26.92613083870106,-27.64220135263063,-27.353677346900454,-26.87410810642572,-26.984583587880945,-27.998554243332567,-28.07130572909732,-28.158154149850343,-27.694005530935996,-27.630750981240578,-28.223568376421195,-29.04222061931789,-29.07877112938388,-29.2775139858712,-28.84090005383428,-28.454432819113123,-29.13952582575541,5.0
318,ketamine,closed,8,3,3,250.0,62,8.0,56.093873977661126,14,14,data/raw/spontaneous/318_20170206_0008_eyesClosed_afterICA.set,True,,-27.150512272714547,-26.878791584967303,-28.03760135355363,-26.96342243705896,-26.47364456467824,-27.3320593679349,-27.31946709976105,-27.1105280609565,-27.43355877210482,-27.579386239614035,-27.395819983821543,-27.27891355688532,-28.17729450225493,-28.171832807319124,-28.31274989026064,-28.13320150806932,-28.128680090810715,-27.951693696875815,-29.064348758297925,-28.94131689338865,-29.352713284874586,-29.01146551169914,-28.87831700757665,-29.068168026954957,5.0
318,ketamine,closed,8,4,4,250.0,62,8.0,68.66366577148438,14,14,data/raw/spontaneous/318_20170206_0008_eyesClosed_afterICA.set,True,,-27.36319512000813,-27.41815727805977,-27.622987155495167,-27.266008796828874,-27.14478663579182,-27.21803779954118,-27.39038358757347,-27.203497467839306,-27.92722549002722,-27.348115987916625,-27.189762124055417,-27.178944082955574,-27.91684167123227,-27.97122575174282,-27.77521898681245,-27.949598124780824,-27.822590899753795,-27.99996927806373,-29.193387091231088,-29.147150252280696,-29.425810461055978,-29.090879785571275,-29.03797111211882,-29.12052821482067,5.0
318,ketamine,closed,8,5,5,250.0,62,8.0,52.85895538330078,14,14,data/raw/spontaneous/318_20170206_0008_eyesClosed_afterICA.set,True,,-26.885797134897885,-26.569227222823155,-27.61446070740484,-26.995786484812797,-26.72107539270945,-26.63252984209964,-27.414913094508524,-27.24817032613145,-27.791933207673715,-27.516823712519816,-27.189135553602,-27.161201408287813,-27.971806552597094,-28.111764658504367,-28.354311978486773,-27.623826350329544,-26.8694564227731,-27.954846482178997,-29.42462136221999,-29.43837297454114,-29.735226929664385,-29.25282368321952,-28.908342539931567,-29.3031997903522,5.0
318,ketamine,closed,8,6,6,250.0,62,8.0,45.26200675964356,14,14,data/raw/spontaneous/318_20170206_0008_eyesClosed_afterICA.set,True,,-27.401890249603525,-27.357875169078525,-27.78992732386126,-27.371750887674985,-27.184343087673856,-27.23457322406772,-27.782613088620938,-27.67660438659173,-28.11340637615892,-27.8736320136514,-27.37370020085842,-27.48741625996864,-27.44630107799925,-27.525626322198203,-27.6351132427682,-27.15465282795572,-26.640791592735464,-27.795117430949844,-29.210953389584056,-29.253615724892697,-29.485138326119834,-29.021276641457547,-28.536915222591897,-29.203091099854927,5.0
318,ketamine,closed,8,7,7,250.0,62,8.0,68.46643829345702,14,14,data/raw/spontaneous/318_20170206_0008_eyesClosed_afterICA.set,True,,-26.9654470871474,-26.89135112890689,-27.429362522898696,-27.004250732588904,-26.434630233581995,-26.62223721202228,-27.7509392100214,-27.62439357992331,-28.194866230298317,-27.82154076540036,-27.421102046952964,-27.31040318538682,-27.97788745994616,-28.10782214435764,-28.450328077308644,-27.55332511065595,-26.70715508305156,-28.05469634284624,-28.9763807358522,-28.941978159994875,-29.41630637902227,-28.717504472559156,-28.290249062747208,-29.03812466141218,5.0
318,ketamine,closed,8,8,8,250.0,62,8.0,48.5749397277832,14,14,data/raw/spontaneous/318_20170206_0008_eyesClosed_afterICA.set,True,,-27.143539617121828,-26.96885458378736,-27.828056543755896,-27.15167917768088,-26.61835423586018,-26.82495470627748,-27.71003869934137,-27.611974338263156,-28.122928153861896,-27.72192445116679,-27.293141893979406,-27.416111649554527,-27.667624072283324,-27.834468624622485,-27.97711006003342,-27.23016777402645,-26.66523464494084,-27.843145960585485,-29.197238251368475,-29.22610450067036,-29.44799714436377,-29.054500337123265,-28.586568917587076,-29.16630056555624,5.0
318,ketamine,closed,8,9,9,250.0,62,8.0,54.10933494567871,14,14,data/raw/spontaneous/318_20170206_0008_eyesClosed_afterICA.set,True,,-27.559540870147856,-27.49419919972736,-28.067111818975786,-27.56204207912066,-27.056870585281604,-27.20573427710742,-27.684277156686854,-27.594088874393663,-27.95141540064073,-27.894330462518177,-27.53894412858085,-27.16390014772607,-27.92991628302963,-27.93510260664689,-28.20109176731749,-27.769323123963957,-27.619503041606563,-27.80281560017877,-29.261726706960346,-29.32004421538311,-29.61475412460704,-29.052465809865232,-28.649202817489503,-29.034524014701237,5.0
318,ketamine,closed,8,10,10,250.0,62,8.0,44.60626602172852,14,14,data/raw/spontaneous/318_20170206_0008_eyesClosed_afterICA.set,True,,-27.279421244430747,-27.15239227592565,-27.586316072249836,-27.40375937983928,-27.07833172669531,-27.244621090840575,-27.491886504441457,-27.28823564150925,-27.90349047656959,-27.597956309327,-27.25141674027913,-27.31670392127528,-28.35389518180022,-28.438836101909107,-28.76324152171898,-28.045755495217943,-27.549170741743385,-28.2467756390929,-29.47838106247536,-29.59195129189996,-29.77372400163495,-29.213577707980047,-29.02111697346457,-29.187669856780182,5.0
318,ketamine,closed,8,11,11,250.0,62,8.0,40.87783622741699,14,14,data/raw/spontaneous/318_20170206_0008_eyesClosed_afterICA.set,True,,-27.472101755748263,-27.35554839996904,-27.80962088838433,-27.68780725732245,-27.276721436293556,-27.105594515822705,-27.776963064751925,-27.669044284819325,-28.13573080339258,-27.91973758297832,-27.237029697369312,-27.45796160021325,-27.845816104266493,-27.86588995207219,-27.926900933561097,-27.78605239310148,-27.62389293480436,-27.769936662947984,-28.700576396095425,-28.757608788628914,-28.568478069185776,-28.680637480280147,-28.61406466769544,-28.823048987561915,5.0
318,ketamine,closed,8,12,12,250.0,62,8.0,60.383787155151374,14,14,data/raw/spontaneous/318_20170206_0008_eyesClosed_afterICA.set,True,,-27.259123687435917,-27.028897840147,-27.92734626585732,-27.16649686548816,-26.69204612670689,-27.45582889617257,-27.639225463193675,-27.48266458652724,-27.871621514164584,-27.93148006093076,-27.85682022292844,-27.02963197439572,-28.10711567641409,-28.118413581166248,-28.354759072246985,-27.943921486013583,-27.433076701463204,-28.21512320064148,-28.815367579797325,-28.7896934161282,-28.74223080024391,-28.84790095372925,-28.748598841543203,-28.99251975554111,5.0
318,ketamine,closed,8,13,13,250.0,62,8.0,53.67688941955566,14,14,data/raw/spontaneous/318_20170206_0008_eyesClosed_afterICA.set,True,,-27.43799226953217,-27.359668397010484,-27.87106483483141,-27.57977658746936,-27.078917612848585,-26.90966085358105,-27.395707601180472,-27.226363147239155,-27.8920567048044,-27.51780314264978,-26.98771541562815,-26.943124713458303,-27.968189387884124,-28.089214890419864,-28.568073315320422,-27.488913249199225,-26.997572350207932,-27.698805464171983,-28.95972592094267,-29.000413654906325,-29.26374084354731,-28.68198447159628,-28.430510067282544,-28.99986663607004,5.0
