band,edge,ch_a,ch_b,ch_a_name,ch_b_name,importance
theta,0,0,1,Iz,O2,0.00019993325931028007
theta,1,0,2,Iz,Oz,0.00014463841001309544
theta,2,0,3,Iz,O1,0.0001887144801195539
theta,3,0,4,Iz,PO8,0.0002403623928536382
theta,4,0,5,Iz,PO4,0.0001799494269139422
theta,5,0,6,Iz,POz,0.00014632219745377254
theta,6,0,7,Iz,PO3,0.0001616836590346301
theta,7,0,8,Iz,PO7,0.00020320753125770263
theta,8,0,9,Iz,P8,0.0002380382791447261
theta,9,0,10,Iz,P6,0.00018371495251271505
theta,10,0,11,Iz,P4,0.0001635237768891344
theta,11,0,12,Iz,P2,0.00015508499436994852
theta,12,0,13,Iz,Pz,0.00014700846345245362
theta,13,0,14,Iz,P1,0.00016079330980239893
theta,14,0,15,Iz,P3,0.00015730404622998846
theta,15,0,16,Iz,P5,0.00019340087834578883
theta,16,0,17,Iz,P7,0.00022373305573587178
theta,17,0,18,Iz,TP10,0.00024266295318664654
theta,18,0,19,Iz,TP8,0.0001970070858618423
theta,19,0,20,Iz,CP6,0.00017115115003886976
theta,20,0,21,Iz,CP4,0.00017238414783224144
theta,21,0,22,Iz,CP2,0.00015677959038595308
theta,22,0,23,Iz,CPz,0.0001729951275966341
theta,23,0,24,Iz,CP1,0.0002029682605951111
theta,24,0,25,Iz,CP3,0.00022860997912343118
theta,25,0,26,Iz,CP5,0.00020664627212743663
theta,26,0,27,Iz,TP7,0.00021068464054460785
theta,27,0,28,Iz,TP9,0.0002089732228026995
theta,28,0,29,Iz,T8,0.00018165869443764754
theta,29,0,30,Iz,C6,0.00017742414499120044
theta,30,0,31,Iz,C4,0.00019278802809364134
theta,31,0,32,Iz,C2,0.0002445215088494574
theta,32,0,33,Iz,Cz,0.0002597899053472875
theta,33,0,34,Iz,C1,0.0002559820438861915
theta,34,0,35,Iz,C3,0.00019971880863645406
theta,35,0,36,Iz,C5,0.00018435848735244394
theta,36,0,37,Iz,T7,0.00017094578388526373
theta,37,0,38,Iz,FT8,0.00016247241735535382
theta,38,0,39,Iz,FC6,0.00015161581623801467
theta,39,0,40,Iz,FC4,0.00014605858071384638
theta,40,0,41,Iz,FC2,0.00017679671307354304
theta,41,0,42,Iz,AF8,0.00019434710157992138
theta,42,0,43,Iz,FC1,0.0001899692067925137
theta,43,0,44,Iz,FC3,0.00019419743669423604
theta,44,0,45,Iz,FC5,0.0001674099634153109
theta,45,0,46,Iz,FT7,0.0001613041407859842
theta,46,0,47,Iz,F8,0.00016732047286934453
theta,47,0,48,Iz,F6,0.00015241252670503784
theta,48,0,49,Iz,F4,0.00017274306494248628
theta,49,0,50,Iz,F2,0.00019857835448950463
theta,50,0,51,Iz,Fz,0.0002042225389985028
theta,51,0,52,Iz,F1,0.00021795920502781164
theta,52,0,53,Iz,F3,0.00019456493162276297
theta,53,0,54,Iz,F5,0.00016243494343090887
theta,54,0,55,Iz,F7,0.00013808961252778266
theta,55,0,56,Iz,AF4,0.00019713328630861912
theta,56,0,57,Iz,AF7,0.00018547255202779856
theta,57,0,58,Iz,AF3,0.00016334362281164767
theta,58,0,59,Iz,Fp2,0.00016926259205791468
theta,59,0,60,Iz,Fpz,0.00017913219383746193
theta,60,0,61,Iz,Fp1,0.00015634426841633968
theta,61,1,2,O2,Oz,0.00021681020539050466
theta,62,1,3,O2,O1,0.00020193062710534512
theta,63,1,4,O2,PO8,0.0002278039817604661
theta,64,1,5,O2,PO4,0.00015489307028161242
theta,65,1,6,O2,POz,0.00017631155889611424
theta,66,1,7,O2,PO3,0.00018186016192315714
theta,67,1,8,O2,PO7,0.00020351895083696526
theta,68,1,9,O2,P8,0.00021754448697914298
theta,69,1,10,O2,P6,0.00017886519391005826
theta,70,1,11,O2,P4,0.00015537751085297223
theta,71,1,12,O2,P2,0.00014569562540069062
theta,72,1,13,O2,Pz,0.00014378144618392861
theta,73,1,14,O2,P1,0.0001707920502860306
theta,74,1,15,O2,P3,0.00017772021362040053
theta,75,1,16,O2,P5,0.00016582266905598925
theta,76,1,17,O2,P7,0.0001934127258694465
theta,77,1,18,O2,TP10,0.000205084322348091
theta,78,1,19,O2,TP8,0.00020752794366797172
theta,79,1,20,O2,CP6,0.00018633526207184175
theta,80,1,21,O2,CP4,0.00015657797864104247
theta,81,1,22,O2,CP2,0.0001350277007526299
theta,82,1,23,O2,CPz,0.00013116779155030863
theta,83,1,24,O2,CP1,0.00017947678808028018
theta,84,1,25,O2,CP3,0.00018448077607628575
theta,85,1,26,O2,CP5,0.000178524518989184
theta,86,1,27,O2,TP7,0.00018292960002226592
theta,87,1,28,O2,TP9,0.00019398880044139006
theta,88,1,29,O2,T8,0.0001756643310999642
theta,89,1,30,O2,C6,0.00018614919406414722
theta,90,1,31,O2,C4,0.00017420505565001127
theta,91,1,32,O2,C2,0.00014031847068722206
theta,92,1,33,O2,Cz,0.00015781541279636608
theta,93,1,34,O2,C1,0.00019435168024762494
theta,94,1,35,O2,C3,0.00022428018116356108
theta,95,1,36,O2,C5,0.0001799836055315278
theta,96,1,37,O2,T7,0.00015292932045168515
theta,97,1,38,O2,FT8,0.00018125108059684916
theta,98,1,39,O2,FC6,0.00019136358991475767
theta,99,1,40,O2,FC4,0.0001781514437834588
theta,100,1,41,O2,FC2,0.0001880926287188427
theta,101,1,42,O2,AF8,0.00022970093217279729
theta,102,1,43,O2,FC1,0.00023783128660323575
theta,103,1,44,O2,FC3,0.00022749031102018628
theta,104,1,45,O2,FC5,0.00020659174491441767
theta,105,1,46,O2,FT7,0.00016917615066355097
theta,106,1,47,O2,F8,0.00017076942121232362
theta,107,1,48,O2,F6,0.0001715225610147307
theta,108,1,49,O2,F4,0.00016158104247355408
theta,109,1,50,O2,F2,0.00019623363479862507
theta,110,1,51,O2,Fz,0.000228513750785832
theta,111,1,52,O2,F1,0.0002446189884045505
theta,112,1,53,O2,F3,0.00022781062450193042
theta,113,1,54,O2,F5,0.00017231929838718344
theta,114,1,55,O2,F7,0.00017214132941152665
theta,115,1,56,O2,AF4,0.00018273564988273983
theta,116,1,57,O2,AF7,0.0001974938772423609
theta,117,1,58,O2,AF3,0.00019293494461869917
theta,118,1,59,O2,Fp2,0.00017960278599538434
theta,119,1,60,O2,Fpz,0.00019479625515936598
theta,120,1,61,O2,Fp1,0.00019652290121802574
theta,121,2,3,Oz,O1,0.000222636251031196
theta,122,2,4,Oz,PO8,0.0002472302774087289
theta,123,2,5,Oz,PO4,0.0001923005338383775
theta,124,2,6,Oz,POz,0.0001831190667055487
theta,125,2,7,Oz,PO3,0.00017904544026254248
theta,126,2,8,Oz,PO7,0.0002467646695160463
theta,127,2,9,Oz,P8,0.00021063281349133559
theta,128,2,10,Oz,P6,0.00020080913243041994
theta,129,2,11,Oz,P4,0.00017958761796801122
theta,130,2,12,Oz,P2,0.00014073178599848142
theta,131,2,13,Oz,Pz,0.00014352373629606966
theta,132,2,14,Oz,P1,0.00012385541224584174
theta,133,2,15,Oz,P3,0.0001830362261706549
theta,134,2,16,Oz,P5,0.00019684702147848907
theta,135,2,17,Oz,P7,0.00022784243424832452
theta,136,2,18,Oz,TP10,0.00017259426222067454
theta,137,2,19,Oz,TP8,0.00014694235811170016
theta,138,2,20,Oz,CP6,0.00013610125030940874
theta,139,2,21,Oz,CP4,0.000157069467288575
theta,140,2,22,Oz,CP2,0.00013933582201103423
theta,141,2,23,Oz,CPz,0.00013865586919427258
theta,142,2,24,Oz,CP1,0.00015787761883682624
theta,143,2,25,Oz,CP3,0.00017066860720581377
theta,144,2,26,Oz,CP5,0.00017765170379849395
theta,145,2,27,Oz,TP7,0.00021445590897239565
theta,146,2,28,Oz,TP9,0.00024437569788920966
theta,147,2,29,Oz,T8,0.00014413294989727227
theta,148,2,30,Oz,C6,0.00017833556769829834
theta,149,2,31,Oz,C4,0.0002148396617880828
theta,150,2,32,Oz,C2,0.00019788474224505747
theta,151,2,33,Oz,Cz,0.00020971801826564248
theta,152,2,34,Oz,C1,0.00020608506257335817
theta,153,2,35,Oz,C3,0.00017826072623527717
theta,154,2,36,Oz,C5,0.00018492740639919494
theta,155,2,37,Oz,T7,0.00018187842819667165
theta,156,2,38,Oz,FT8,0.00016905756212838262
theta,157,2,39,Oz,FC6,0.0002016524518548204
theta,158,2,40,Oz,FC4,0.0002265714973233963
theta,159,2,41,Oz,FC2,0.0002035670753693894
theta,160,2,42,Oz,AF8,0.0002568513833251304
theta,161,2,43,Oz,FC1,0.00022699756874129838
theta,162,2,44,Oz,FC3,0.00020143919387949116
theta,163,2,45,Oz,FC5,0.00017544228758695283
theta,164,2,46,Oz,FT7,0.00016262199636455992
theta,165,2,47,Oz,F8,0.00014313179197362325
theta,166,2,48,Oz,F6,0.00018604849370812453
theta,167,2,49,Oz,F4,0.00021411731213749497
theta,168,2,50,Oz,F2,0.00017086831601151236
theta,169,2,51,Oz,Fz,0.00016181565420018864
theta,170,2,52,Oz,F1,0.00020030124708159784
theta,171,2,53,Oz,F3,0.00019921174414716216
theta,172,2,54,Oz,F5,0.00017455338044488836
theta,173,2,55,Oz,F7,0.00015520452530293547
theta,174,2,56,Oz,AF4,0.00019321226856267203
theta,175,2,57,Oz,AF7,0.00019826049573366702
theta,176,2,58,Oz,AF3,0.0001848780510918905
theta,177,2,59,Oz,Fp2,0.00018732947385043602
theta,178,2,60,Oz,Fpz,0.0001987231419213514
theta,179,2,61,Oz,Fp1,0.00018135237745369452
theta,180,3,4,O1,PO8,0.00022556778772208605
theta,181,3,5,O1,PO4,0.0001950406117810662
theta,182,3,6,O1,POz,0.00022845653330702946
theta,183,3,7,O1,PO3,0.00016170505814226883
theta,184,3,8,O1,PO7,0.00022721266351573866
theta,185,3,9,O1,P8,0.00018589917575398822
theta,186,3,10,O1,P6,0.00017771936845754132
theta,187,3,11,O1,P4,0.00017694478954747677
theta,188,3,12,O1,P2,0.00015368606792205605
theta,189,3,13,O1,Pz,0.00017603994386193494
theta,190,3,14,O1,P1,0.00015296062878930472
theta,191,3,15,O1,P3,0.00016999028599726468
theta,192,3,16,O1,P5,0.0002083209912758891
theta,193,3,17,O1,P7,0.000200100803466791
theta,194,3,18,O1,TP10,0.0001773887717239862
theta,195,3,19,O1,TP8,0.00014210344383616683
theta,196,3,20,O1,CP6,0.00014992589282683723
theta,197,3,21,O1,CP4,0.0001511272972313315
theta,198,3,22,O1,CP2,0.0001487539028445508
theta,199,3,23,O1,CPz,0.00015767054675845188
theta,200,3,24,O1,CP1,0.00016275448686255822
theta,201,3,25,O1,CP3,0.00018806662052894683
theta,202,3,26,O1,CP5,0.0001784778991569916
theta,203,3,27,O1,TP7,0.00019669167689157077
theta,204,3,28,O1,TP9,0.00023368130496669324
theta,205,3,29,O1,T8,0.00015657412272138092
theta,206,3,30,O1,C6,0.00018680681594670755
theta,207,3,31,O1,C4,0.0002373814675687712
theta,208,3,32,O1,C2,0.00018773452988001845
theta,209,3,33,O1,Cz,0.00020437971572258114
theta,210,3,34,O1,C1,0.0001527019318843288
theta,211,3,35,O1,C3,0.0001966341178310552
theta,212,3,36,O1,C5,0.00018088458368845607
theta,213,3,37,O1,T7,0.00017751754829446314
theta,214,3,38,O1,FT8,0.00016363336555787715
theta,215,3,39,O1,FC6,0.00017251986189357752
theta,216,3,40,O1,FC4,0.0002100748437349764
theta,217,3,41,O1,FC2,0.00025834034434769193
theta,218,3,42,O1,AF8,0.0002516077776308932
theta,219,3,43,O1,FC1,0.0001962704794286781
theta,220,3,44,O1,FC3,0.00020623879689094654
theta,221,3,45,O1,FC5,0.00014508765614696553
theta,222,3,46,O1,FT7,0.00013361655904691589
theta,223,3,47,O1,F8,0.0001722166316249482
theta,224,3,48,O1,F6,0.00014014115999217645
theta,225,3,49,O1,F4,0.00016819830245481837
theta,226,3,50,O1,F2,0.00019101889339700491
theta,227,3,51,O1,Fz,0.0001900772589759971
theta,228,3,52,O1,F1,0.00019570332269018743
theta,229,3,53,O1,F3,0.00017034909144415632
theta,230,3,54,O1,F5,0.00014621606939162863
theta,231,3,55,O1,F7,0.00012030134407672016
theta,232,3,56,O1,AF4,0.00018276402997449646
theta,233,3,57,O1,AF7,0.00018585374583350372
theta,234,3,58,O1,AF3,0.00017071326603125894
theta,235,3,59,O1,Fp2,0.0001738162575583434
theta,236,3,60,O1,Fpz,0.00016630712744019003
theta,237,3,61,O1,Fp1,0.0001445791855355537
theta,238,4,5,PO8,PO4,0.00025204638146544963
theta,239,4,6,PO8,POz,0.00020573764638576091
theta,240,4,7,PO8,PO3,0.0001801768502587959
theta,241,4,8,PO8,PO7,0.00022210579703763866
theta,242,4,9,PO8,P8,0.0002204498357423797
theta,243,4,10,PO8,P6,0.00016807952633551918
theta,244,4,11,PO8,P4,0.00017691411312907799
theta,245,4,12,PO8,P2,0.00018212629776027047
theta,246,4,13,PO8,Pz,0.00017673754215422025
theta,247,4,14,PO8,P1,0.0001585485987440762
theta,248,4,15,PO8,P3,0.00015452482395724706
theta,249,4,16,PO8,P5,0.00015808091559921621
theta,250,4,17,PO8,P7,0.0001785482110805138
theta,251,4,18,PO8,TP10,0.00019020444007797162
theta,252,4,19,PO8,TP8,0.00020276803865979673
theta,253,4,20,PO8,CP6,0.00019331526161597086
theta,254,4,21,PO8,CP4,0.00017002985194873786
theta,255,4,22,PO8,CP2,0.0001537155043474416
theta,256,4,23,PO8,CPz,0.0001440512929716876
theta,257,4,24,PO8,CP1,0.00016521996846480895
theta,258,4,25,PO8,CP3,0.00018706581921440878
theta,259,4,26,PO8,CP5,0.0001504345483742075
theta,260,4,27,PO8,TP7,0.00018508899990891074
theta,261,4,28,PO8,TP9,0.00017836222301037563
theta,262,4,29,PO8,T8,0.00019299850769114764
theta,263,4,30,PO8,C6,0.0002265252842080876
theta,264,4,31,PO8,C4,0.00018220253205635027
theta,265,4,32,PO8,C2,0.00016164295120282103
theta,266,4,33,PO8,Cz,0.00016716481271628975
theta,267,4,34,PO8,C1,0.00017941125606089366
theta,268,4,35,PO8,C3,0.00021072813147197237
theta,269,4,36,PO8,C5,0.00019586873711947063
theta,270,4,37,PO8,T7,0.00014619991129015316
theta,271,4,38,PO8,FT8,0.00019031245646352184
theta,272,4,39,PO8,FC6,0.00021373797437437793
theta,273,4,40,PO8,FC4,0.0002057254691646586
theta,274,4,41,PO8,FC2,0.00016714573852264874
theta,275,4,42,PO8,AF8,0.00017452045012382973
theta,276,4,43,PO8,FC1,0.00022250052790397356
theta,277,4,44,PO8,FC3,0.00023333918011722116
theta,278,4,45,PO8,FC5,0.00020384274404124537
theta,279,4,46,PO8,FT7,0.0001740981077264321
theta,280,4,47,PO8,F8,0.0001662863632703506
theta,281,4,48,PO8,F6,0.00019537851977333227
theta,282,4,49,PO8,F4,0.0001871253072975744
theta,283,4,50,PO8,F2,0.00017899642974665512
theta,284,4,51,PO8,Fz,0.00019850562305429343
theta,285,4,52,PO8,F1,0.00024822817270220797
theta,286,4,53,PO8,F3,0.0002423270939018562
theta,287,4,54,PO8,F5,0.00021529466992738374
theta,288,4,55,PO8,F7,0.00019853623480225725
theta,289,4,56,PO8,AF4,0.00017707667578376502
theta,290,4,57,PO8,AF7,0.00019494928851378457
theta,291,4,58,PO8,AF3,0.00021437918161704722
theta,292,4,59,PO8,Fp2,0.00013941272256222866
theta,293,4,60,PO8,Fpz,0.00018358944827514
theta,294,4,61,PO8,Fp1,0.0001868442955810521
theta,295,5,6,PO4,POz,0.0001974737589091814
theta,296,5,7,PO4,PO3,0.00020045542166336445
theta,297,5,8,PO4,PO7,0.00018789031285124832
theta,298,5,9,PO4,P8,0.00021626258468414918
theta,299,5,10,PO4,P6,0.00019576281851013062
theta,300,5,11,PO4,P4,0.00016022396792314403
theta,301,5,12,PO4,P2,0.00014381423527887896
theta,302,5,13,PO4,Pz,0.00016831664778095489
theta,303,5,14,PO4,P1,0.00017851244406578092
theta,304,5,15,PO4,P3,0.0001898380930895679
theta,305,5,16,PO4,P5,0.00016273787491286867
theta,306,5,17,PO4,P7,0.00016929294148393913
theta,307,5,18,PO4,TP10,0.00020113145904541345
theta,308,5,19,PO4,TP8,0.00019703382536370492
theta,309,5,20,PO4,CP6,0.0001842014068214005
theta,310,5,21,PO4,CP4,0.0001778410452105529
theta,311,5,22,PO4,CP2,0.00012613395575365228
theta,312,5,23,PO4,CPz,0.00013557846492106226
theta,313,5,24,PO4,CP1,0.00018310346911891515
theta,314,5,25,PO4,CP3,0.0001665889845644588
theta,315,5,26,PO4,CP5,0.00014337804260483757
theta,316,5,27,PO4,TP7,0.00015881386530904038
theta,317,5,28,PO4,TP9,0.0001845334297739979
theta,318,5,29,PO4,T8,0.00016139619614063337
theta,319,5,30,PO4,C6,0.00018579699385282627
theta,320,5,31,PO4,C4,0.0001572271956607528
theta,321,5,32,PO4,C2,0.00011932530613149193
theta,322,5,33,PO4,Cz,0.00012221939245206137
theta,323,5,34,PO4,C1,0.00014031507756409785
theta,324,5,35,PO4,C3,0.00018800973772824765
theta,325,5,36,PO4,C5,0.0001641783576003713
theta,326,5,37,PO4,T7,0.00015354651577899664
theta,327,5,38,PO4,FT8,0.000184659249765943
theta,328,5,39,PO4,FC6,0.00019376846432864666
theta,329,5,40,PO4,FC4,0.00015196115355100675
theta,330,5,41,PO4,FC2,0.0001234829846125831
theta,331,5,42,PO4,AF8,0.0001613646765467238
theta,332,5,43,PO4,FC1,0.00019172245845985766
theta,333,5,44,PO4,FC3,0.00021699870644469152
theta,334,5,45,PO4,FC5,0.00020736661936789297
theta,335,5,46,PO4,FT7,0.0002002150350711831
theta,336,5,47,PO4,F8,0.00019483584575039035
theta,337,5,48,PO4,F6,0.00019668968324565423
theta,338,5,49,PO4,F4,0.00016367897086597838
theta,339,5,50,PO4,F2,0.00016674404689785631
theta,340,5,51,PO4,Fz,0.00020876793589808012
theta,341,5,52,PO4,F1,0.00023638692920562582
theta,342,5,53,PO4,F3,0.00022114097230350522
theta,343,5,54,PO4,F5,0.00021888262136160862
theta,344,5,55,PO4,F7,0.00020861309137115109
theta,345,5,56,PO4,AF4,0.0001904723482994985
theta,346,5,57,PO4,AF7,0.00022027761175955705
theta,347,5,58,PO4,AF3,0.00021675520244615154
theta,348,5,59,PO4,Fp2,0.00023834094646303614
theta,349,5,60,PO4,Fpz,0.0002444562943799442
theta,350,5,61,PO4,Fp1,0.00022980166819824922
theta,351,6,7,POz,PO3,0.00020589249184892384
theta,352,6,8,POz,PO7,0.0002164050611251095
theta,353,6,9,POz,P8,0.0001757192025718315
theta,354,6,10,POz,P6,0.0001753526998105341
theta,355,6,11,POz,P4,0.00014364518606543414
theta,356,6,12,POz,P2,0.0001565692278670637
theta,357,6,13,POz,Pz,0.00013291283556768238
theta,358,6,14,POz,P1,0.0001730476049077901
theta,359,6,15,POz,P3,0.00018575080117574878
theta,360,6,16,POz,P5,0.00020654650152457282
theta,361,6,17,POz,P7,0.00019739981781397427
theta,362,6,18,POz,TP10,0.00017673533094601654
theta,363,6,19,POz,TP8,0.00018402438698453494
theta,364,6,20,POz,CP6,0.00015827219549185861
theta,365,6,21,POz,CP4,0.00015328998322636437
theta,366,6,22,POz,CP2,0.00016058723091306705
theta,367,6,23,POz,CPz,0.0001285445918349651
theta,368,6,24,POz,CP1,0.00016952845288010203
theta,369,6,25,POz,CP3,0.00017725943211707317
theta,370,6,26,POz,CP5,0.00019875690735699888
theta,371,6,27,POz,TP7,0.00018036561219391705
theta,372,6,28,POz,TP9,0.0002161730368564191
theta,373,6,29,POz,T8,0.00019901013202742746
theta,374,6,30,POz,C6,0.00022320024258974604
theta,375,6,31,POz,C4,0.00015645016758166963
theta,376,6,32,POz,C2,0.00016255380727938612
theta,377,6,33,POz,Cz,0.00016976295860422966
theta,378,6,34,POz,C1,0.00016308358976029118
theta,379,6,35,POz,C3,0.00017122309693637508
theta,380,6,36,POz,C5,0.00017850232939160157
theta,381,6,37,POz,T7,0.00017057752111661055
theta,382,6,38,POz,FT8,0.00022165450680178248
theta,383,6,39,POz,FC6,0.0002372121035425784
theta,384,6,40,POz,FC4,0.0001864861392622433
theta,385,6,41,POz,FC2,0.00016618863783312868
theta,386,6,42,POz,AF8,0.00020349682094390154
theta,387,6,43,POz,FC1,0.00019882854552485764
theta,388,6,44,POz,FC3,0.00020402424738935016
theta,389,6,45,POz,FC5,0.00018782690663069005
theta,390,6,46,POz,FT7,0.00020783134748198045
theta,391,6,47,POz,F8,0.00019555594505960943
theta,392,6,48,POz,F6,0.00021269837850893284
theta,393,6,49,POz,F4,0.00020107796283641365
theta,394,6,50,POz,F2,0.0001830224127671007
theta,395,6,51,POz,Fz,0.0001935459425803518
theta,396,6,52,POz,F1,0.00023903237492341314
theta,397,6,53,POz,F3,0.00023765747112793612
theta,398,6,54,POz,F5,0.00021456463462958216
theta,399,6,55,POz,F7,0.0001997610444835327
theta,400,6,56,POz,AF4,0.00022762004387254854
theta,401,6,57,POz,AF7,0.00022349246549734867
theta,402,6,58,POz,AF3,0.0002500951186020914
theta,403,6,59,POz,Fp2,0.0002380049610017673
theta,404,6,60,POz,Fpz,0.00024252083780025897
theta,405,6,61,POz,Fp1,0.0002442874031871579
theta,406,7,8,PO3,PO7,0.00019756781981675528
theta,407,7,9,PO3,P8,0.00015024773813696868
theta,408,7,10,PO3,P6,0.000155786185165304
theta,409,7,11,PO3,P4,0.0001820436516064082
theta,410,7,12,PO3,P2,0.00016066489606720007
theta,411,7,13,PO3,Pz,0.00016461170192550402
theta,412,7,14,PO3,P1,0.00015910322618668623
theta,413,7,15,PO3,P3,0.00019781514484840077
theta,414,7,16,PO3,P5,0.0002120187826048599
theta,415,7,17,PO3,P7,0.0002091555346871683
theta,416,7,18,PO3,TP10,0.00017945546779282213
theta,417,7,19,PO3,TP8,0.00016211794166469252
theta,418,7,20,PO3,CP6,0.00015661074237301246
theta,419,7,21,PO3,CP4,0.00016941564697556054
theta,420,7,22,PO3,CP2,0.0001418402149137569
theta,421,7,23,PO3,CPz,0.00013919823164345904
theta,422,7,24,PO3,CP1,0.00015763595661131386
theta,423,7,25,PO3,CP3,0.00021012676314896388
theta,424,7,26,PO3,CP5,0.00019546711770836652
theta,425,7,27,PO3,TP7,0.00020237789928908586
theta,426,7,28,PO3,TP9,0.00022656129147374647
theta,427,7,29,PO3,T8,0.00017414646151392795
theta,428,7,30,PO3,C6,0.0001961459281523623
theta,429,7,31,PO3,C4,0.00019626288956446384
theta,430,7,32,PO3,C2,0.00016410399873076513
theta,431,7,33,PO3,Cz,0.00016864653314219895
theta,432,7,34,PO3,C1,0.00013857240664905953
theta,433,7,35,PO3,C3,0.0001841121723527947
theta,434,7,36,PO3,C5,0.00017605921069163
theta,435,7,37,PO3,T7,0.00020509246443541732
theta,436,7,38,PO3,FT8,0.0001859722524494353
theta,437,7,39,PO3,FC6,0.000199456716553794
theta,438,7,40,PO3,FC4,0.00020742462765060542
theta,439,7,41,PO3,FC2,0.00018555151237000832
theta,440,7,42,PO3,AF8,0.00020112234245458745
theta,441,7,43,PO3,FC1,0.00018088969285402
theta,442,7,44,PO3,FC3,0.0001673161260931615
theta,443,7,45,PO3,FC5,0.0001680604474795665
theta,444,7,46,PO3,FT7,0.0001569928354051853
theta,445,7,47,PO3,F8,0.00018831295593101365
theta,446,7,48,PO3,F6,0.00019875435920548357
theta,447,7,49,PO3,F4,0.00019369139566500812
theta,448,7,50,PO3,F2,0.0002006822764333469
theta,449,7,51,PO3,Fz,0.00017548998383042368
theta,450,7,52,PO3,F1,0.0001610452336617105
theta,451,7,53,PO3,F3,0.00015474025626357335
theta,452,7,54,PO3,F5,0.00016523637730546216
theta,453,7,55,PO3,F7,0.00016210035008931993
theta,454,7,56,PO3,AF4,0.00020613811823390685
theta,455,7,57,PO3,AF7,0.00018846762170215715
theta,456,7,58,PO3,AF3,0.00020977210104165212
theta,457,7,59,PO3,Fp2,0.00022410408136321768
theta,458,7,60,PO3,Fpz,0.0002423059021783202
theta,459,7,61,PO3,Fp1,0.00018547546179643757
theta,460,8,9,PO7,P8,0.00019697691154492062
theta,461,8,10,PO7,P6,0.00019403636934869298
theta,462,8,11,PO7,P4,0.00016366568460868876
theta,463,8,12,PO7,P2,0.0001799900941405676
theta,464,8,13,PO7,Pz,0.00017487794304466275
theta,465,8,14,PO7,P1,0.00016689424280730451
theta,466,8,15,PO7,P3,0.0001850545661899858
theta,467,8,16,PO7,P5,0.00019452219358855966
theta,468,8,17,PO7,P7,0.00020570752664689573
theta,469,8,18,PO7,TP10,0.00016926582846907908
theta,470,8,19,PO7,TP8,0.00017836492304259844
theta,471,8,20,PO7,CP6,0.00016533830351154493
theta,472,8,21,PO7,CP4,0.0001492047829029237
theta,473,8,22,PO7,CP2,0.00016473179633894384
theta,474,8,23,PO7,CPz,0.00016392491033496642
theta,475,8,24,PO7,CP1,0.00017894897631864836
theta,476,8,25,PO7,CP3,0.0002139702307577316
theta,477,8,26,PO7,CP5,0.00018431119348552187
theta,478,8,27,PO7,TP7,0.00023483985323306212
theta,479,8,28,PO7,TP9,0.00024306206766082778
theta,480,8,29,PO7,T8,0.0001724171188926264
theta,481,8,30,PO7,C6,0.00020375349530880573
theta,482,8,31,PO7,C4,0.00020755113924807682
theta,483,8,32,PO7,C2,0.00018927310260135434
theta,484,8,33,PO7,Cz,0.00020369382667954775
theta,485,8,34,PO7,C1,0.0001800057425656422
theta,486,8,35,PO7,C3,0.00022602392231076268
theta,487,8,36,PO7,C5,0.00020296917469138357
theta,488,8,37,PO7,T7,0.00018975500731452567
theta,489,8,38,PO7,FT8,0.00016141047654199292
theta,490,8,39,PO7,FC6,0.0001899147745038074
theta,491,8,40,PO7,FC4,0.0002121209293103189
theta,492,8,41,PO7,FC2,0.00025225815454333613
theta,493,8,42,PO7,AF8,0.000239304646489733
theta,494,8,43,PO7,FC1,0.000214416879571438
theta,495,8,44,PO7,FC3,0.00023190553163201128
theta,496,8,45,PO7,FC5,0.00016834239999990674
theta,497,8,46,PO7,FT7,0.0001518262267178744
theta,498,8,47,PO7,F8,0.00015973195922897113
theta,499,8,48,PO7,F6,0.00016067456160281926
theta,500,8,49,PO7,F4,0.00018822392814145465
theta,501,8,50,PO7,F2,0.00022497089231224743
theta,502,8,51,PO7,Fz,0.0002233734025646812
theta,503,8,52,PO7,F1,0.0002431977760441093
theta,504,8,53,PO7,F3,0.00022684103498533877
theta,505,8,54,PO7,F5,0.0001889065057232991
theta,506,8,55,PO7,F7,0.0001591553469100531
theta,507,8,56,PO7,AF4,0.00023059176051056047
theta,508,8,57,PO7,AF7,0.00022284625729878724
theta,509,8,58,PO7,AF3,0.0001845889769954862
theta,510,8,59,PO7,Fp2,0.0001968513360038994
theta,511,8,60,PO7,Fpz,0.0002094224509305741
theta,512,8,61,PO7,Fp1,0.00016772187861374173
theta,513,9,10,P8,P6,0.0001873501295645594
theta,514,9,11,P8,P4,0.00018726649076532018
theta,515,9,12,P8,P2,0.00017329929460991046
theta,516,9,13,P8,Pz,0.00016277903316064396
theta,517,9,14,P8,P1,0.00014575401212175805
theta,518,9,15,P8,P3,0.00014027031632070448
theta,519,9,16,P8,P5,0.00016016585480262973
theta,520,9,17,P8,P7,0.00020084031441558705
theta,521,9,18,P8,TP10,0.00022552303086468707
theta,522,9,19,P8,TP8,0.0001953112740090928
theta,523,9,20,P8,CP6,0.00021183176946109158
theta,524,9,21,P8,CP4,0.0001922894536248757
theta,525,9,22,P8,CP2,0.00016408127264670925
theta,526,9,23,P8,CPz,0.00016626831116675104
theta,527,9,24,P8,CP1,0.00015698833083862342
theta,528,9,25,P8,CP3,0.00021450314379304534
theta,529,9,26,P8,CP5,0.00016194199733085842
theta,530,9,27,P8,TP7,0.00020097298057715902
theta,531,9,28,P8,TP9,0.00019742347003494191
theta,532,9,29,P8,T8,0.00020101809802561022
theta,533,9,30,P8,C6,0.00022704496451043276
theta,534,9,31,P8,C4,0.00018997443867893737
theta,535,9,32,P8,C2,0.000174671565580486
theta,536,9,33,P8,Cz,0.0002030649630658114
theta,537,9,34,P8,C1,0.0002103942768521399
theta,538,9,35,P8,C3,0.0002038438094369069
theta,539,9,36,P8,C5,0.00020290318243157434
theta,540,9,37,P8,T7,0.00019081984747788892
theta,541,9,38,P8,FT8,0.00019434412503469597
theta,542,9,39,P8,FC6,0.00020002602384167097
theta,543,9,40,P8,FC4,0.00020443476238370218
theta,544,9,41,P8,FC2,0.0002008072532564176
theta,545,9,42,P8,AF8,0.00018945824040756087
theta,546,9,43,P8,FC1,0.00019437782623763828
theta,547,9,44,P8,FC3,0.00023005177693328268
theta,548,9,45,P8,FC5,0.00019099167057912668
theta,549,9,46,P8,FT7,0.00017520387859277364
theta,550,9,47,P8,F8,0.00018735571308917462
theta,551,9,48,P8,F6,0.00019706961296535325
theta,552,9,49,P8,F4,0.00017937262638770057
theta,553,9,50,P8,F2,0.0001894092073047334
theta,554,9,51,P8,Fz,0.00018592978763620505
theta,555,9,52,P8,F1,0.00022597449347999755
theta,556,9,53,P8,F3,0.00023896479492395659
theta,557,9,54,P8,F5,0.00021873033053939364
theta,558,9,55,P8,F7,0.00018238751945353206
theta,559,9,56,P8,AF4,0.00016021195448875537
theta,560,9,57,P8,AF7,0.0001702111316082367
theta,561,9,58,P8,AF3,0.00020594469489035026
theta,562,9,59,P8,Fp2,0.00012977785961481463
theta,563,9,60,P8,Fpz,0.00017226962564906406
theta,564,9,61,P8,Fp1,0.00018715168349392485
theta,565,10,11,P6,P4,0.00019355211558254792
theta,566,10,12,P6,P2,0.00018010313494011847
theta,567,10,13,P6,Pz,0.00018909646502429263
theta,568,10,14,P6,P1,0.0001684112992747589
theta,569,10,15,P6,P3,0.00015290234197283921
theta,570,10,16,P6,P5,0.00016723036254081484
theta,571,10,17,P6,P7,0.0001693375064731769
theta,572,10,18,P6,TP10,0.0002278727741323012
theta,573,10,19,P6,TP8,0.0002161276082736306
theta,574,10,20,P6,CP6,0.00018099666308467988
theta,575,10,21,P6,CP4,0.00017784518469235125
theta,576,10,22,P6,CP2,0.00016517442108350368
theta,577,10,23,P6,CPz,0.00016957106224150257
theta,578,10,24,P6,CP1,0.00015491083078673305
theta,579,10,25,P6,CP3,0.0001776949178047435
theta,580,10,26,P6,CP5,0.00015984537290571237
theta,581,10,27,P6,TP7,0.00017987089065728173
theta,582,10,28,P6,TP9,0.0001800147124162429
theta,583,10,29,P6,T8,0.0001932220060338993
theta,584,10,30,P6,C6,0.00018639839206298402
theta,585,10,31,P6,C4,0.00017210347863017063
theta,586,10,32,P6,C2,0.0001431734887850445
theta,587,10,33,P6,Cz,0.00015392551073668072
theta,588,10,34,P6,C1,0.00016250529819218678
theta,589,10,35,P6,C3,0.00018185959935777316
theta,590,10,36,P6,C5,0.00020985303825662554
theta,591,10,37,P6,T7,0.0001773715310875716
theta,592,10,38,P6,FT8,0.00018976107473882335
theta,593,10,39,P6,FC6,0.00018364360330630028
theta,594,10,40,P6,FC4,0.00017825086287959207
theta,595,10,41,P6,FC2,0.00015622484582521377
theta,596,10,42,P6,AF8,0.00015655310943278486
theta,597,10,43,P6,FC1,0.00020695354429116748
theta,598,10,44,P6,FC3,0.00018388804400792493
theta,599,10,45,P6,FC5,0.00018671125403109458
theta,600,10,46,P6,FT7,0.00018010047669965906
theta,601,10,47,P6,F8,0.00018610278299688475
theta,602,10,48,P6,F6,0.00018261960958201027
theta,603,10,49,P6,F4,0.00016866224781284021
theta,604,10,50,P6,F2,0.0001682483467578815
theta,605,10,51,P6,Fz,0.00016630926468835328
theta,606,10,52,P6,F1,0.00020018261787411925
theta,607,10,53,P6,F3,0.00020118419099664594
theta,608,10,54,P6,F5,0.00020673141483877315
theta,609,10,55,P6,F7,0.00019377052809579006
theta,610,10,56,P6,AF4,0.0001716486156765577
theta,611,10,57,P6,AF7,0.00015407281879432138
theta,612,10,58,P6,AF3,0.00019440654961131273
theta,613,10,59,P6,Fp2,0.00013196261399396218
theta,614,10,60,P6,Fpz,0.00015508253890911906
theta,615,10,61,P6,Fp1,0.00015876307463197014
theta,616,11,12,P4,P2,0.00018243172849718748
theta,617,11,13,P4,Pz,0.00020942198098819186
theta,618,11,14,P4,P1,0.0001955086739771998
theta,619,11,15,P4,P3,0.00018978854881178912
theta,620,11,16,P4,P5,0.0001588313674968232
theta,621,11,17,P4,P7,0.00014967778940995206
theta,622,11,18,P4,TP10,0.00021465472972205914
theta,623,11,19,P4,TP8,0.0002131929163309607
theta,624,11,20,P4,CP6,0.000160137126408537
theta,625,11,21,P4,CP4,0.00015391413106730282
theta,626,11,22,P4,CP2,0.00014683410628904238
theta,627,11,23,P4,CPz,0.00016938965912893116
theta,628,11,24,P4,CP1,0.00017973957748847717
theta,629,11,25,P4,CP3,0.00016461370675382151
theta,630,11,26,P4,CP5,0.00017785326921399176
theta,631,11,27,P4,TP7,0.00014932442346281982
theta,632,11,28,P4,TP9,0.00017518773969496976
theta,633,11,29,P4,T8,0.0001791732637081573
theta,634,11,30,P4,C6,0.000179173546399594
theta,635,11,31,P4,C4,0.00017254575651085206
theta,636,11,32,P4,C2,0.00012767341105476374
theta,637,11,33,P4,Cz,0.00013343839200105617
theta,638,11,34,P4,C1,0.00012994831604934
theta,639,11,35,P4,C3,0.00016298090185465445
theta,640,11,36,P4,C5,0.00020626805184342556
theta,641,11,37,P4,T7,0.0001589382494479914
theta,642,11,38,P4,FT8,0.00018294834123764133
theta,643,11,39,P4,FC6,0.00016796437266482786
theta,644,11,40,P4,FC4,0.00014842849386499337
theta,645,11,41,P4,FC2,0.00012679448026129545
theta,646,11,42,P4,AF8,0.00012934848106475248
theta,647,11,43,P4,FC1,0.0001508505506652191
theta,648,11,44,P4,FC3,0.00016032261173301926
theta,649,11,45,P4,FC5,0.00017629299063766764
theta,650,11,46,P4,FT7,0.0002010172332302152
theta,651,11,47,P4,F8,0.00019953675917624438
theta,652,11,48,P4,F6,0.00017217843815286568
theta,653,11,49,P4,F4,0.00013596950576283986
theta,654,11,50,P4,F2,0.00014066050552873224
theta,655,11,51,P4,Fz,0.0001552326125452538
theta,656,11,52,P4,F1,0.00016754591790706737
theta,657,11,53,P4,F3,0.000197313556281629
theta,658,11,54,P4,F5,0.00016034495241123157
theta,659,11,55,P4,F7,0.00018602156843721817
theta,660,11,56,P4,AF4,0.0001653699956848081
theta,661,11,57,P4,AF7,0.0001803955528379959
theta,662,11,58,P4,AF3,0.00019457909056005472
theta,663,11,59,P4,Fp2,0.00017055969677549692
theta,664,11,60,P4,Fpz,0.00017886302944349392
theta,665,11,61,P4,Fp1,0.00017015810780862428
theta,666,12,13,P2,Pz,0.00017998984939770053
theta,667,12,14,P2,P1,0.00018925841331492768
theta,668,12,15,P2,P3,0.0001867586336207543
theta,669,12,16,P2,P5,0.0001774727621729844
theta,670,12,17,P2,P7,0.0001592419576697438
theta,671,12,18,P2,TP10,0.00019032411102210754
theta,672,12,19,P2,TP8,0.0001953875788859204
theta,673,12,20,P2,CP6,0.00018477406631139465
theta,674,12,21,P2,CP4,0.00016206908612772212
theta,675,12,22,P2,CP2,0.0001302589174940173
theta,676,12,23,P2,CPz,0.00015101022789301255
theta,677,12,24,P2,CP1,0.0002038367994648187
theta,678,12,25,P2,CP3,0.00017443493220304396
theta,679,12,26,P2,CP5,0.0001971673924819348
theta,680,12,27,P2,TP7,0.0001516268605462111
theta,681,12,28,P2,TP9,0.00015589129785158448
theta,682,12,29,P2,T8,0.00019993844897418095
theta,683,12,30,P2,C6,0.00017720522283525632
theta,684,12,31,P2,C4,0.00014413557989619317
theta,685,12,32,P2,C2,0.00012854359629963587
theta,686,12,33,P2,Cz,0.00013790344856412355
theta,687,12,34,P2,C1,0.0001403673486830861
theta,688,12,35,P2,C3,0.00016432042791238746
theta,689,12,36,P2,C5,0.00018307387229972577
theta,690,12,37,P2,T7,0.00017860885674930428
theta,691,12,38,P2,FT8,0.00019238478641703884
theta,692,12,39,P2,FC6,0.00016296889219335705
theta,693,12,40,P2,FC4,0.00014701541957162084
theta,694,12,41,P2,FC2,0.00012070461414190731
theta,695,12,42,P2,AF8,0.00012402728591603623
theta,696,12,43,P2,FC1,0.0001516735300147424
theta,697,12,44,P2,FC3,0.0001695756677034839
theta,698,12,45,P2,FC5,0.00021863363680723046
theta,699,12,46,P2,FT7,0.00019852861553116383
theta,700,12,47,P2,F8,0.0002044398108090415
theta,701,12,48,P2,F6,0.0001724194217066665
theta,702,12,49,P2,F4,0.00013194604990446693
theta,703,12,50,P2,F2,0.00014058467658093816
theta,704,12,51,P2,Fz,0.00015518159326777996
theta,705,12,52,P2,F1,0.00016032381605610567
theta,706,12,53,P2,F3,0.00018489569045122785
theta,707,12,54,P2,F5,0.00017554823127457857
theta,708,12,55,P2,F7,0.00019056137768779205
theta,709,12,56,P2,AF4,0.00016214936937890251
theta,710,12,57,P2,AF7,0.00017947946443408892
theta,711,12,58,P2,AF3,0.0001825396015092868
theta,712,12,59,P2,Fp2,0.00017960770781102973
theta,713,12,60,P2,Fpz,0.00019901900440440256
theta,714,12,61,P2,Fp1,0.00021276440394954075
theta,715,13,14,Pz,P1,0.0002385703613525656
theta,716,13,15,Pz,P3,0.0001927478842285477
theta,717,13,16,Pz,P5,0.00017880986832109302
theta,718,13,17,Pz,P7,0.00016945403322685178
theta,719,13,18,Pz,TP10,0.00016237345948697985
theta,720,13,19,Pz,TP8,0.00017076179115120045
theta,721,13,20,Pz,CP6,0.00019190430667553052
theta,722,13,21,Pz,CP4,0.00017966604867055607
theta,723,13,22,Pz,CP2,0.00016966609869826398
theta,724,13,23,Pz,CPz,0.00013440642071257608
theta,725,13,24,Pz,CP1,0.0002023112800617348
theta,726,13,25,Pz,CP3,0.00019666065214048842
theta,727,13,26,Pz,CP5,0.00021607155667754634
theta,728,13,27,Pz,TP7,0.00018547264215087545
theta,729,13,28,Pz,TP9,0.00018682273488671844
theta,730,13,29,Pz,T8,0.00020314818336963957
theta,731,13,30,Pz,C6,0.00019650872639095416
theta,732,13,31,Pz,C4,0.00015219134343064534
theta,733,13,32,Pz,C2,0.0001493226020397518
theta,734,13,33,Pz,Cz,0.00015951672959822386
theta,735,13,34,Pz,C1,0.00015787122725304713
theta,736,13,35,Pz,C3,0.0001745366234225003
theta,737,13,36,Pz,C5,0.00019045115563746885
theta,738,13,37,Pz,T7,0.00021652092535697176
theta,739,13,38,Pz,FT8,0.0002156985143536867
theta,740,13,39,Pz,FC6,0.00022859231197322984
theta,741,13,40,Pz,FC4,0.00016728475776561506
theta,742,13,41,Pz,FC2,0.0001402057924740424
theta,743,13,42,Pz,AF8,0.00015612291983320612
theta,744,13,43,Pz,FC1,0.0001699017046641834
theta,745,13,44,Pz,FC3,0.00017355277048346815
theta,746,13,45,Pz,FC5,0.00021659733809064062
theta,747,13,46,Pz,FT7,0.00023257483381831315
theta,748,13,47,Pz,F8,0.00021509584307426022
theta,749,13,48,Pz,F6,0.0002051421618801516
theta,750,13,49,Pz,F4,0.0001560679566716099
theta,751,13,50,Pz,F2,0.00016293786139822355
theta,752,13,51,Pz,Fz,0.00016831418737850705
theta,753,13,52,Pz,F1,0.00016416635813125576
theta,754,13,53,Pz,F3,0.00019828113142944097
theta,755,13,54,Pz,F5,0.0001950420400519198
theta,756,13,55,Pz,F7,0.00020413197503486483
theta,757,13,56,Pz,AF4,0.00017338101578070353
theta,758,13,57,Pz,AF7,0.00016821144815718647
theta,759,13,58,Pz,AF3,0.0001730953650909821
theta,760,13,59,Pz,Fp2,0.00018640361562024524
theta,761,13,60,Pz,Fpz,0.0002112883133348978
theta,762,13,61,Pz,Fp1,0.00020058447263503638
theta,763,14,15,P1,P3,0.00017251023484392218
theta,764,14,16,P1,P5,0.00016562569301478117
theta,765,14,17,P1,P7,0.0001804646166751527
theta,766,14,18,P1,TP10,0.0001678338168809166
theta,767,14,19,P1,TP8,0.00016711462677643853
theta,768,14,20,P1,CP6,0.00018386933717646632
theta,769,14,21,P1,CP4,0.00018514381119084808
theta,770,14,22,P1,CP2,0.000190352836466023
theta,771,14,23,P1,CPz,0.00015910816855523453
theta,772,14,24,P1,CP1,0.00017367906940679207
theta,773,14,25,P1,CP3,0.00019652354235602252
theta,774,14,26,P1,CP5,0.000206005008597408
theta,775,14,27,P1,TP7,0.00019380236253684085
theta,776,14,28,P1,TP9,0.00020286797009018014
theta,777,14,29,P1,T8,0.0001917474482622788
theta,778,14,30,P1,C6,0.0002063927525304805
theta,779,14,31,P1,C4,0.0001816656311220978
theta,780,14,32,P1,C2,0.00015048421726113068
theta,781,14,33,P1,Cz,0.00014618025460170467
theta,782,14,34,P1,C1,0.00015300685461291144
theta,783,14,35,P1,C3,0.00019998738936125715
theta,784,14,36,P1,C5,0.00020414453912517846
theta,785,14,37,P1,T7,0.00022929228511886133
theta,786,14,38,P1,FT8,0.0002485810360648272
theta,787,14,39,P1,FC6,0.00021480537691207532
theta,788,14,40,P1,FC4,0.00016708683149837828
theta,789,14,41,P1,FC2,0.00015492819169314154
theta,790,14,42,P1,AF8,0.00014547924100803065
theta,791,14,43,P1,FC1,0.00016559690833073583
theta,792,14,44,P1,FC3,0.00017886111023320906
theta,793,14,45,P1,FC5,0.00022100456198697547
theta,794,14,46,P1,FT7,0.00021878283451936368
theta,795,14,47,P1,F8,0.00021870137668759
theta,796,14,48,P1,F6,0.00017473191825031158
theta,797,14,49,P1,F4,0.00015695597318731032
theta,798,14,50,P1,F2,0.0001627151760165446
theta,799,14,51,P1,Fz,0.0001442245011476135
theta,800,14,52,P1,F1,0.0001379321485465087
theta,801,14,53,P1,F3,0.00014909791000711643
theta,802,14,54,P1,F5,0.00016508587997925416
theta,803,14,55,P1,F7,0.00019330742601122932
theta,804,14,56,P1,AF4,0.00016957540190515918
theta,805,14,57,P1,AF7,0.00014044907313130793
theta,806,14,58,P1,AF3,0.0001375677646254189
theta,807,14,59,P1,Fp2,0.00019010663932425185
theta,808,14,60,P1,Fpz,0.00019024586776978037
theta,809,14,61,P1,Fp1,0.00016936743387768117
theta,810,15,16,P3,P5,0.00017267771426502783
theta,811,15,17,P3,P7,0.0001892519766109638
theta,812,15,18,P3,TP10,0.00016702477016157703
theta,813,15,19,P3,TP8,0.00017187986966043533
theta,814,15,20,P3,CP6,0.0001659582609715263
theta,815,15,21,P3,CP4,0.00017870579215484815
theta,816,15,22,P3,CP2,0.00016578168158908394
theta,817,15,23,P3,CPz,0.0001900193406208098
theta,818,15,24,P3,CP1,0.00017682385300449882
theta,819,15,25,P3,CP3,0.0001784356811060696
theta,820,15,26,P3,CP5,0.00020833206720197484
theta,821,15,27,P3,TP7,0.00018559906190563933
theta,822,15,28,P3,TP9,0.0001998636783012904
theta,823,15,29,P3,T8,0.00018535559066964403
theta,824,15,30,P3,C6,0.000210717263811342
theta,825,15,31,P3,C4,0.0002076078455388609
theta,826,15,32,P3,C2,0.0001683438032708733
theta,827,15,33,P3,Cz,0.0001543767423492686
theta,828,15,34,P3,C1,0.00015160881461337764
theta,829,15,35,P3,C3,0.00018000102403292983
theta,830,15,36,P3,C5,0.00020058598136822462
theta,831,15,37,P3,T7,0.000204496490947099
theta,832,15,38,P3,FT8,0.00021746799723580657
theta,833,15,39,P3,FC6,0.0002042693288142864
theta,834,15,40,P3,FC4,0.00021650175389736383
theta,835,15,41,P3,FC2,0.00019897339081580617
theta,836,15,42,P3,AF8,0.0001715556867122406
theta,837,15,43,P3,FC1,0.0001845716426847092
theta,838,15,44,P3,FC3,0.00017350466694980994
theta,839,15,45,P3,FC5,0.00017813791955074388
theta,840,15,46,P3,FT7,0.00017138876029542966
theta,841,15,47,P3,F8,0.0002109708976940876
theta,842,15,48,P3,F6,0.00017717274111717676
theta,843,15,49,P3,F4,0.0001918413119796919
theta,844,15,50,P3,F2,0.00018349297874976247
theta,845,15,51,P3,Fz,0.00018598858831029224
theta,846,15,52,P3,F1,0.0001789771590732056
theta,847,15,53,P3,F3,0.0001611535332793457
theta,848,15,54,P3,F5,0.00016120036465851293
theta,849,15,55,P3,F7,0.00015176226430613422
theta,850,15,56,P3,AF4,0.00017613731532681716
theta,851,15,57,P3,AF7,0.00018419016306048022
theta,852,15,58,P3,AF3,0.00018235324650207185
theta,853,15,59,P3,Fp2,0.0002234850127997015
theta,854,15,60,P3,Fpz,0.00021525494928126984
theta,855,15,61,P3,Fp1,0.0001791251057746592
theta,856,16,17,P5,P7,0.00017502815775339076
theta,857,16,18,P5,TP10,0.00017590106584535733
theta,858,16,19,P5,TP8,0.00018377452659343175
theta,859,16,20,P5,CP6,0.00018027692538639514
theta,860,16,21,P5,CP4,0.00017866031070746467
theta,861,16,22,P5,CP2,0.00019063986225435848
theta,862,16,23,P5,CPz,0.00018898365946712874
theta,863,16,24,P5,CP1,0.00017145151147581245
theta,864,16,25,P5,CP3,0.0001842955241378982
theta,865,16,26,P5,CP5,0.00019278066606095482
theta,866,16,27,P5,TP7,0.0002274389627626913
theta,867,16,28,P5,TP9,0.0002467000343823619
theta,868,16,29,P5,T8,0.00016353284888568322
theta,869,16,30,P5,C6,0.0002060147495761255
theta,870,16,31,P5,C4,0.00020038904848727565
theta,871,16,32,P5,C2,0.00017945050531634684
theta,872,16,33,P5,Cz,0.0001664297542895993
theta,873,16,34,P5,C1,0.0001525447807250286
theta,874,16,35,P5,C3,0.00021979867807426845
theta,875,16,36,P5,C5,0.000195283380970288
theta,876,16,37,P5,T7,0.0001982358735505427
theta,877,16,38,P5,FT8,0.0001853784720646244
theta,878,16,39,P5,FC6,0.00019932540391873928
theta,879,16,40,P5,FC4,0.00023483411215155042
theta,880,16,41,P5,FC2,0.00019082605881208585
theta,881,16,42,P5,AF8,0.0001973777958737901
theta,882,16,43,P5,FC1,0.00016000932267146005
theta,883,16,44,P5,FC3,0.00019113262057196193
theta,884,16,45,P5,FC5,0.00017500016884398995
theta,885,16,46,P5,FT7,0.00018351954287348617
theta,886,16,47,P5,F8,0.00018234280673533738
theta,887,16,48,P5,F6,0.00018760124699881555
theta,888,16,49,P5,F4,0.0001928867355459754
theta,889,16,50,P5,F2,0.00019048966997706142
theta,890,16,51,P5,Fz,0.00019163142944213972
theta,891,16,52,P5,F1,0.00018430964755187655
theta,892,16,53,P5,F3,0.00019439343753929715
theta,893,16,54,P5,F5,0.00017011329316102486
theta,894,16,55,P5,F7,0.00016767149121178884
theta,895,16,56,P5,AF4,0.0001984752575022655
theta,896,16,57,P5,AF7,0.00021043848308632986
theta,897,16,58,P5,AF3,0.0001994163580699455
theta,898,16,59,P5,Fp2,0.00020209472242206666
theta,899,16,60,P5,Fpz,0.00019753447184945016
theta,900,16,61,P5,Fp1,0.00018124205142447898
theta,901,17,18,P7,TP10,0.00022232813140862364
theta,902,17,19,P7,TP8,0.0002144354234854701
theta,903,17,20,P7,CP6,0.00018748927139561276
theta,904,17,21,P7,CP4,0.00018250161236341421
theta,905,17,22,P7,CP2,0.0002004042328325473
theta,906,17,23,P7,CPz,0.0001746440441333166
theta,907,17,24,P7,CP1,0.00017943302937682893
theta,908,17,25,P7,CP3,0.0001887666688797631
theta,909,17,26,P7,CP5,0.00021510401594310727
theta,910,17,27,P7,TP7,0.00023460972190051337
theta,911,17,28,P7,TP9,0.00024179789138975192
theta,912,17,29,P7,T8,0.00021958314773545367
theta,913,17,30,P7,C6,0.00020019572161669147
theta,914,17,31,P7,C4,0.00022207187107022274
theta,915,17,32,P7,C2,0.00019283127906411432
theta,916,17,33,P7,Cz,0.00019905665979847928
theta,917,17,34,P7,C1,0.00020208230333882654
theta,918,17,35,P7,C3,0.00023389436695251596
theta,919,17,36,P7,C5,0.00021902205190292177
theta,920,17,37,P7,T7,0.00020772672233373139
theta,921,17,38,P7,FT8,0.00021911772547895475
theta,922,17,39,P7,FC6,0.0002208078521416398
theta,923,17,40,P7,FC4,0.0002182303210130951
theta,924,17,41,P7,FC2,0.00020496748917284746
theta,925,17,42,P7,AF8,0.00020361403138470695
theta,926,17,43,P7,FC1,0.000200984782065584
theta,927,17,44,P7,FC3,0.00022886989367182348
theta,928,17,45,P7,FC5,0.0001833220422449201
theta,929,17,46,P7,FT7,0.00019461679126922781
theta,930,17,47,P7,F8,0.0001993492806067644
theta,931,17,48,P7,F6,0.00019567735555111438
theta,932,17,49,P7,F4,0.00018492246155642084
theta,933,17,50,P7,F2,0.0002141781365062696
theta,934,17,51,P7,Fz,0.00020799416551213235
theta,935,17,52,P7,F1,0.00019452322469406847
theta,936,17,53,P7,F3,0.0001870675447555212
theta,937,17,54,P7,F5,0.00017720987779517718
theta,938,17,55,P7,F7,0.0001766201164721512
theta,939,17,56,P7,AF4,0.00018317528210216302
theta,940,17,57,P7,AF7,0.00018175591770165119
theta,941,17,58,P7,AF3,0.00016912517454057194
theta,942,17,59,P7,Fp2,0.00016176707818326368
theta,943,17,60,P7,Fpz,0.000168249897131262
theta,944,17,61,P7,Fp1,0.00014888695931819792
theta,945,18,19,TP10,TP8,0.0002576036817088231
theta,946,18,20,TP10,CP6,0.00023850318653239632
theta,947,18,21,TP10,CP4,0.00023065030009487334
theta,948,18,22,TP10,CP2,0.00019322138766445228
theta,949,18,23,TP10,CPz,0.00019726904272755305
theta,950,18,24,TP10,CP1,0.0002433174042537151
theta,951,18,25,TP10,CP3,0.00024849686837704547
theta,952,18,26,TP10,CP5,0.00021394778403571144
theta,953,18,27,TP10,TP7,0.00025506665539916113
theta,954,18,28,TP10,TP9,0.0002768865018536006
theta,955,18,29,TP10,T8,0.00021737814407227327
theta,956,18,30,TP10,C6,0.00024433032210265137
theta,957,18,31,TP10,C4,0.00023313662666546586
theta,958,18,32,TP10,C2,0.00023109759781528172
theta,959,18,33,TP10,Cz,0.00025947904030093453
theta,960,18,34,TP10,C1,0.0002481993755520009
theta,961,18,35,TP10,C3,0.0002147504308913115
theta,962,18,36,TP10,C5,0.00021532900620152922
theta,963,18,37,TP10,T7,0.0002107178227051621
theta,964,18,38,TP10,FT8,0.00019780469069188107
theta,965,18,39,TP10,FC6,0.00020513835669079216
theta,966,18,40,TP10,FC4,0.00018089687902212662
theta,967,18,41,TP10,FC2,0.00022270616501370515
theta,968,18,42,TP10,AF8,0.0002155827252664349
theta,969,18,43,TP10,FC1,0.00020451586531210873
theta,970,18,44,TP10,FC3,0.00020671053573247987
theta,971,18,45,TP10,FC5,0.0001823102162644106
theta,972,18,46,TP10,FT7,0.0002088112121921511
theta,973,18,47,TP10,F8,0.0001862273141367151
theta,974,18,48,TP10,F6,0.00019261277116429891
theta,975,18,49,TP10,F4,0.00018317957868333148
theta,976,18,50,TP10,F2,0.00021332032957248115
theta,977,18,51,TP10,Fz,0.00021419659265179645
theta,978,18,52,TP10,F1,0.00021926921504536201
theta,979,18,53,TP10,F3,0.0002061540458874995
theta,980,18,54,TP10,F5,0.000194383845257198
theta,981,18,55,TP10,F7,0.00018088726688671668
theta,982,18,56,TP10,AF4,0.00017628493878801957
theta,983,18,57,TP10,AF7,0.00017443588784741282
theta,984,18,58,TP10,AF3,0.00019318061621416063
theta,985,18,59,TP10,Fp2,0.00015503350576245438
theta,986,18,60,TP10,Fpz,0.00016783913686590766
theta,987,18,61,TP10,Fp1,0.0001859778795737471
theta,988,19,20,TP8,CP6,0.0002386952829623318
theta,989,19,21,TP8,CP4,0.00025212946472677613
theta,990,19,22,TP8,CP2,0.0002029569882549661
theta,991,19,23,TP8,CPz,0.00020919393685895995
theta,992,19,24,TP8,CP1,0.00019248155469642024
theta,993,19,25,TP8,CP3,0.00023302913596548138
theta,994,19,26,TP8,CP5,0.00018742267418922633
theta,995,19,27,TP8,TP7,0.00023710651062275513
theta,996,19,28,TP8,TP9,0.00022076187563981018
theta,997,19,29,TP8,T8,0.00019501637958778704
theta,998,19,30,TP8,C6,0.00020560043183694946
theta,999,19,31,TP8,C4,0.00017890828552916604
theta,1000,19,32,TP8,C2,0.00018855899393956105
theta,1001,19,33,TP8,Cz,0.0002103292867361562
theta,1002,19,34,TP8,C1,0.0002438661098559805
theta,1003,19,35,TP8,C3,0.0002504861758927744
theta,1004,19,36,TP8,C5,0.00023010523383575537
theta,1005,19,37,TP8,T7,0.00020284036855467642
theta,1006,19,38,TP8,FT8,0.0002002879749000517
theta,1007,19,39,TP8,FC6,0.00019738711344082695
theta,1008,19,40,TP8,FC4,0.00018853979341427787
theta,1009,19,41,TP8,FC2,0.0002050154053086522
theta,1010,19,42,TP8,AF8,0.00020275316336633054
theta,1011,19,43,TP8,FC1,0.0002365846049622731
theta,1012,19,44,TP8,FC3,0.00018233738819741752
theta,1013,19,45,TP8,FC5,0.00017215436241928292
theta,1014,19,46,TP8,FT7,0.00022072260483542083
theta,1015,19,47,TP8,F8,0.00017928277395595166
theta,1016,19,48,TP8,F6,0.00019382406835715841
theta,1017,19,49,TP8,F4,0.00017757502871174882
theta,1018,19,50,TP8,F2,0.00019483003357789844
theta,1019,19,51,TP8,Fz,0.00020306807627920486
theta,1020,19,52,TP8,F1,0.0002063869363769952
theta,1021,19,53,TP8,F3,0.00018363474519856915
theta,1022,19,54,TP8,F5,0.00018054988250011694
theta,1023,19,55,TP8,F7,0.0001959410158056779
theta,1024,19,56,TP8,AF4,0.0001428785762841147
theta,1025,19,57,TP8,AF7,0.00015652712858912475
theta,1026,19,58,TP8,AF3,0.0001661232892663619
theta,1027,19,59,TP8,Fp2,0.0001473235691417842
theta,1028,19,60,TP8,Fpz,0.00015146227462836494
theta,1029,19,61,TP8,Fp1,0.0001695999774478084
theta,1030,20,21,CP6,CP4,0.00023422226638554732
theta,1031,20,22,CP6,CP2,0.00021733025662278076
theta,1032,20,23,CP6,CPz,0.00023972340667358043
theta,1033,20,24,CP6,CP1,0.00022421273903040534
theta,1034,20,25,CP6,CP3,0.00023989846511540246
theta,1035,20,26,CP6,CP5,0.00022015290974422482
theta,1036,20,27,CP6,TP7,0.00021621276870796303
theta,1037,20,28,CP6,TP9,0.00022877705195554522
theta,1038,20,29,CP6,T8,0.00019028874221427365
theta,1039,20,30,CP6,C6,0.00018996716108036953
theta,1040,20,31,CP6,C4,0.00018756740287399182
theta,1041,20,32,CP6,C2,0.00018547133499027834
theta,1042,20,33,CP6,Cz,0.00018775831412239468
theta,1043,20,34,CP6,C1,0.00018653066316792752
theta,1044,20,35,CP6,C3,0.0002453098648511172
theta,1045,20,36,CP6,C5,0.00020437662103425062
theta,1046,20,37,CP6,T7,0.00018149168960592357
theta,1047,20,38,CP6,FT8,0.00019989874216866404
theta,1048,20,39,CP6,FC6,0.0001871009199826207
theta,1049,20,40,CP6,FC4,0.00016944680673942411
theta,1050,20,41,CP6,FC2,0.00017618584832169708
theta,1051,20,42,CP6,AF8,0.0001696449839493297
theta,1052,20,43,CP6,FC1,0.00015418842893432326
theta,1053,20,44,CP6,FC3,0.0001761895269488486
theta,1054,20,45,CP6,FC5,0.00018489480479519566
theta,1055,20,46,CP6,FT7,0.0001743857836021486
theta,1056,20,47,CP6,F8,0.0002084405494583322
theta,1057,20,48,CP6,F6,0.00016880989278065972
theta,1058,20,49,CP6,F4,0.0001623559852288345
theta,1059,20,50,CP6,F2,0.00016982157603096903
theta,1060,20,51,CP6,Fz,0.0001739379114934155
theta,1061,20,52,CP6,F1,0.00016509578492606287
theta,1062,20,53,CP6,F3,0.0001979876145298046
theta,1063,20,54,CP6,F5,0.00019423702649342883
theta,1064,20,55,CP6,F7,0.00018096205267834552
theta,1065,20,56,CP6,AF4,0.00015273636521182288
theta,1066,20,57,CP6,AF7,0.00017450031758538248
theta,1067,20,58,CP6,AF3,0.00018777364588278933
theta,1068,20,59,CP6,Fp2,0.00013851518979998657
theta,1069,20,60,CP6,Fpz,0.0001775549588601041
theta,1070,20,61,CP6,Fp1,0.00017626857023028399
theta,1071,21,22,CP4,CP2,0.00023123283585473154
theta,1072,21,23,CP4,CPz,0.00024323314811216108
theta,1073,21,24,CP4,CP1,0.00020805901739851264
theta,1074,21,25,CP4,CP3,0.00023852117250392906
theta,1075,21,26,CP4,CP5,0.0002149819398780545
theta,1076,21,27,CP4,TP7,0.00021863069056704776
theta,1077,21,28,CP4,TP9,0.00023971982849763725
theta,1078,21,29,CP4,T8,0.0002318458186353558
theta,1079,21,30,CP4,C6,0.00020723231414871324
theta,1080,21,31,CP4,C4,0.0001447207882535028
theta,1081,21,32,CP4,C2,0.0001668445747687232
theta,1082,21,33,CP4,Cz,0.00019568484803348228
theta,1083,21,34,CP4,C1,0.0001849535149889609
theta,1084,21,35,CP4,C3,0.00021345569840173774
theta,1085,21,36,CP4,C5,0.00018497918669979212
theta,1086,21,37,CP4,T7,0.00019456814068856472
theta,1087,21,38,CP4,FT8,0.00019841345683801868
theta,1088,21,39,CP4,FC6,0.00015743209761337587
theta,1089,21,40,CP4,FC4,0.00014693644839370787
theta,1090,21,41,CP4,FC2,0.00015760030796759151
theta,1091,21,42,CP4,AF8,0.00015745197225695693
theta,1092,21,43,CP4,FC1,0.0001479439228215207
theta,1093,21,44,CP4,FC3,0.00015183126968194854
theta,1094,21,45,CP4,FC5,0.0001780498257606177
theta,1095,21,46,CP4,FT7,0.00017561839689844767
theta,1096,21,47,CP4,F8,0.0001815848175936507
theta,1097,21,48,CP4,F6,0.00016356449045421174
theta,1098,21,49,CP4,F4,0.00015429453974770687
theta,1099,21,50,CP4,F2,0.00015813083803175302
theta,1100,21,51,CP4,Fz,0.00015654581488476339
theta,1101,21,52,CP4,F1,0.00013004383611171918
theta,1102,21,53,CP4,F3,0.00013802017026884458
theta,1103,21,54,CP4,F5,0.00015535114893703336
theta,1104,21,55,CP4,F7,0.00014077405965462765
theta,1105,21,56,CP4,AF4,0.00015746507302371497
theta,1106,21,57,CP4,AF7,0.00015184723680211867
theta,1107,21,58,CP4,AF3,0.0001431094483533884
theta,1108,21,59,CP4,Fp2,0.00015395175305392964
theta,1109,21,60,CP4,Fpz,0.0001617334133561783
theta,1110,21,61,CP4,Fp1,0.00015923817309543173
theta,1111,22,23,CP2,CPz,0.00019540086681214748
theta,1112,22,24,CP2,CP1,0.0001751978727157299
theta,1113,22,25,CP2,CP3,0.00020951307601711948
theta,1114,22,26,CP2,CP5,0.0002079163721158611
theta,1115,22,27,CP2,TP7,0.0002369624340921929
theta,1116,22,28,CP2,TP9,0.0002163060932507663
theta,1117,22,29,CP2,T8,0.00018782077719680306
theta,1118,22,30,CP2,C6,0.00017056392678050505
theta,1119,22,31,CP2,C4,0.00015926909020845076
theta,1120,22,32,CP2,C2,0.0001246256297751009
theta,1121,22,33,CP2,Cz,0.00014362164446170473
theta,1122,22,34,CP2,C1,0.00013518104603161516
theta,1123,22,35,CP2,C3,0.00018659413245048303
theta,1124,22,36,CP2,C5,0.00018987491049924382
theta,1125,22,37,CP2,T7,0.00020593367383111395
theta,1126,22,38,CP2,FT8,0.00016379198483119488
theta,1127,22,39,CP2,FC6,0.0001688657286152843
theta,1128,22,40,CP2,FC4,0.00014991501617073644
theta,1129,22,41,CP2,FC2,0.00013843370561848555
theta,1130,22,42,CP2,AF8,0.0001413540249477938
theta,1131,22,43,CP2,FC1,0.00014031584958055645
theta,1132,22,44,CP2,FC3,0.00014533639628198477
theta,1133,22,45,CP2,FC5,0.0001626073970388913
theta,1134,22,46,CP2,FT7,0.0002129496132050216
theta,1135,22,47,CP2,F8,0.00016698529085434763
theta,1136,22,48,CP2,F6,0.00016434109272260445
theta,1137,22,49,CP2,F4,0.00015359834595660412
theta,1138,22,50,CP2,F2,0.0001306285173418017
theta,1139,22,51,CP2,Fz,0.00013651469655835032
theta,1140,22,52,CP2,F1,0.00013109421000692098
theta,1141,22,53,CP2,F3,0.00011675502687678932
theta,1142,22,54,CP2,F5,0.00013073391517606474
theta,1143,22,55,CP2,F7,0.00017542199124977309
theta,1144,22,56,CP2,AF4,0.00012585539749089208
theta,1145,22,57,CP2,AF7,0.00012153488317080483
theta,1146,22,58,CP2,AF3,0.00010836459199702292
theta,1147,22,59,CP2,Fp2,0.00015611900914087588
theta,1148,22,60,CP2,Fpz,0.0001463914566942714
theta,1149,22,61,CP2,Fp1,0.00016239434563223952
theta,1150,23,24,CPz,CP1,0.0002586396315299841
theta,1151,23,25,CPz,CP3,0.00022116919777682395
theta,1152,23,26,CPz,CP5,0.00021108040530817062
theta,1153,23,27,CPz,TP7,0.00019723685843200549
theta,1154,23,28,CPz,TP9,0.00021007896987374676
theta,1155,23,29,CPz,T8,0.0001994804556610857
theta,1156,23,30,CPz,C6,0.000194966626730357
theta,1157,23,31,CPz,C4,0.00023400050403578438
theta,1158,23,32,CPz,C2,0.00015510231456898797
theta,1159,23,33,CPz,Cz,0.000131651810891945
theta,1160,23,34,CPz,C1,0.00014624361070526585
theta,1161,23,35,CPz,C3,0.00019476110959981425
theta,1162,23,36,CPz,C5,0.00017332902351921634
theta,1163,23,37,CPz,T7,0.00020009480699521233
theta,1164,23,38,CPz,FT8,0.00020565576582805265
theta,1165,23,39,CPz,FC6,0.00018604290356747798
theta,1166,23,40,CPz,FC4,0.00016940835195546547
theta,1167,23,41,CPz,FC2,0.0001627943858542977
theta,1168,23,42,CPz,AF8,0.0001606844696185722
theta,1169,23,43,CPz,FC1,0.00016784648005826233
theta,1170,23,44,CPz,FC3,0.00017131539390423246
theta,1171,23,45,CPz,FC5,0.00018662957928585922
theta,1172,23,46,CPz,FT7,0.00020610342837367075
theta,1173,23,47,CPz,F8,0.00019854159147142253
theta,1174,23,48,CPz,F6,0.00014248883160096221
theta,1175,23,49,CPz,F4,0.00013420529582519548
theta,1176,23,50,CPz,F2,0.00015116728613477132
theta,1177,23,51,CPz,Fz,0.0001587406021455027
theta,1178,23,52,CPz,F1,0.00016185726517021077
theta,1179,23,53,CPz,F3,0.00015921738218481653
theta,1180,23,54,CPz,F5,0.00015956412781450107
theta,1181,23,55,CPz,F7,0.00018638321632088805
theta,1182,23,56,CPz,AF4,0.00013516694927754512
theta,1183,23,57,CPz,AF7,0.00013273436766323568
theta,1184,23,58,CPz,AF3,0.00013798153394598022
theta,1185,23,59,CPz,Fp2,0.00018087141521179923
theta,1186,23,60,CPz,Fpz,0.0001649241596681191
theta,1187,23,61,CPz,Fp1,0.00019214291927767985
theta,1188,24,25,CP1,CP3,0.00022638602223602126
theta,1189,24,26,CP1,CP5,0.00020717936740521103
theta,1190,24,27,CP1,TP7,0.00022185084093993864
theta,1191,24,28,CP1,TP9,0.00022345610298562689
theta,1192,24,29,CP1,T8,0.00025754953930660657
theta,1193,24,30,CP1,C6,0.00024726800070842337
theta,1194,24,31,CP1,C4,0.000244672318000058
theta,1195,24,32,CP1,C2,0.00019246358224725405
theta,1196,24,33,CP1,Cz,0.0001855774342296621
theta,1197,24,34,CP1,C1,0.0001771951042758458
theta,1198,24,35,CP1,C3,0.00018785740516615352
theta,1199,24,36,CP1,C5,0.00020664220632244328
theta,1200,24,37,CP1,T7,0.0002077575141132379
theta,1201,24,38,CP1,FT8,0.0002026510365017881
theta,1202,24,39,CP1,FC6,0.00021099382410138314
theta,1203,24,40,CP1,FC4,0.00017118712001201793
theta,1204,24,41,CP1,FC2,0.00016587033944395193
theta,1205,24,42,CP1,AF8,0.00017651319406813867
theta,1206,24,43,CP1,FC1,0.00020758040742706245
theta,1207,24,44,CP1,FC3,0.00020880094806671282
theta,1208,24,45,CP1,FC5,0.00022607935487549744
theta,1209,24,46,CP1,FT7,0.00021190530051028912
theta,1210,24,47,CP1,F8,0.0002270436352460577
theta,1211,24,48,CP1,F6,0.00018153239096757384
theta,1212,24,49,CP1,F4,0.00016814549133386785
theta,1213,24,50,CP1,F2,0.00015521616779898728
theta,1214,24,51,CP1,Fz,0.0001579409966731926
theta,1215,24,52,CP1,F1,0.0001672661730293219
theta,1216,24,53,CP1,F3,0.00018225424709908958
theta,1217,24,54,CP1,F5,0.00019486770220707319
theta,1218,24,55,CP1,F7,0.0001840131621042484
theta,1219,24,56,CP1,AF4,0.00016371628627459453
theta,1220,24,57,CP1,AF7,0.00014812815725818792
theta,1221,24,58,CP1,AF3,0.00016029730643492024
theta,1222,24,59,CP1,Fp2,0.0001790786804600594
theta,1223,24,60,CP1,Fpz,0.00016829981127175055
theta,1224,24,61,CP1,Fp1,0.00020080658740367533
theta,1225,25,26,CP3,CP5,0.00023947777503475188
theta,1226,25,27,CP3,TP7,0.00022850052083819129
theta,1227,25,28,CP3,TP9,0.00023446257943486918
theta,1228,25,29,CP3,T8,0.0002300198953962761
theta,1229,25,30,CP3,C6,0.00025063989163964795
theta,1230,25,31,CP3,C4,0.00022374899337559311
theta,1231,25,32,CP3,C2,0.00018796841250793967
theta,1232,25,33,CP3,Cz,0.0001719281513151371
theta,1233,25,34,CP3,C1,0.00015783086153726503
theta,1234,25,35,CP3,C3,0.0001706147157884861
theta,1235,25,36,CP3,C5,0.0001988626349410714
theta,1236,25,37,CP3,T7,0.00022087353178440648
theta,1237,25,38,CP3,FT8,0.00022260880030669405
theta,1238,25,39,CP3,FC6,0.0001980088649964805
theta,1239,25,40,CP3,FC4,0.00017520894667172896
theta,1240,25,41,CP3,FC2,0.00016375015474557204
theta,1241,25,42,CP3,AF8,0.00015369823486909844
theta,1242,25,43,CP3,FC1,0.0001856421773094488
theta,1243,25,44,CP3,FC3,0.00019871016405431907
theta,1244,25,45,CP3,FC5,0.00021509241794333799
theta,1245,25,46,CP3,FT7,0.0001918907424598591
theta,1246,25,47,CP3,F8,0.0001649033937236451
theta,1247,25,48,CP3,F6,0.0001668435467731903
theta,1248,25,49,CP3,F4,0.00016880288476795987
theta,1249,25,50,CP3,F2,0.0001754210907990301
theta,1250,25,51,CP3,Fz,0.0001819389401117812
theta,1251,25,52,CP3,F1,0.00018663038792003203
theta,1252,25,53,CP3,F3,0.00017711882962971782
theta,1253,25,54,CP3,F5,0.00018301587869178445
theta,1254,25,55,CP3,F7,0.00017949112268537777
theta,1255,25,56,CP3,AF4,0.00015911761140532038
theta,1256,25,57,CP3,AF7,0.00017782544431756668
theta,1257,25,58,CP3,AF3,0.00017128880877084762
theta,1258,25,59,CP3,Fp2,0.0001886663917103325
theta,1259,25,60,CP3,Fpz,0.00019184472944425396
theta,1260,25,61,CP3,Fp1,0.0001771452817587769
theta,1261,26,27,CP5,TP7,0.00022683990438166434
theta,1262,26,28,CP5,TP9,0.00023403944705612718
theta,1263,26,29,CP5,T8,0.00018711866908146672
theta,1264,26,30,CP5,C6,0.00021245335758610095
theta,1265,26,31,CP5,C4,0.00023069778469701885
theta,1266,26,32,CP5,C2,0.00019512219475311497
theta,1267,26,33,CP5,Cz,0.00021347958553339418
theta,1268,26,34,CP5,C1,0.0002174560976976509
theta,1269,26,35,CP5,C3,0.00024636284926775527
theta,1270,26,36,CP5,C5,0.00020604773880962768
theta,1271,26,37,CP5,T7,0.00020868753111356596
theta,1272,26,38,CP5,FT8,0.00022449720934504332
theta,1273,26,39,CP5,FC6,0.00017205162952216156
theta,1274,26,40,CP5,FC4,0.0001671891960567357
theta,1275,26,41,CP5,FC2,0.00019129513841776642
theta,1276,26,42,CP5,AF8,0.0002022226991402275
theta,1277,26,43,CP5,FC1,0.00024724700379439657
theta,1278,26,44,CP5,FC3,0.00022933627190900962
theta,1279,26,45,CP5,FC5,0.00019283611790540627
theta,1280,26,46,CP5,FT7,0.00019943434004162657
theta,1281,26,47,CP5,F8,0.0002012049884857811
theta,1282,26,48,CP5,F6,0.00017387631528323626
theta,1283,26,49,CP5,F4,0.00016464800885187554
theta,1284,26,50,CP5,F2,0.00017009619772266488
theta,1285,26,51,CP5,Fz,0.00017721580634100158
theta,1286,26,52,CP5,F1,0.0001952130880453618
theta,1287,26,53,CP5,F3,0.00020301396264520516
theta,1288,26,54,CP5,F5,0.0001876393059936245
theta,1289,26,55,CP5,F7,0.0001869871070802777
theta,1290,26,56,CP5,AF4,0.00018209079343708276
theta,1291,26,57,CP5,AF7,0.00019649843910237813
theta,1292,26,58,CP5,AF3,0.0001802423857045737
theta,1293,26,59,CP5,Fp2,0.00017510461333587185
theta,1294,26,60,CP5,Fpz,0.00016676374954287186
theta,1295,26,61,CP5,Fp1,0.00016277949426196805
theta,1296,27,28,TP7,TP9,0.00018176119529381257
theta,1297,27,29,TP7,T8,0.00024394343717880888
theta,1298,27,30,TP7,C6,0.00024140993984395732
theta,1299,27,31,TP7,C4,0.00022426783839339133
theta,1300,27,32,TP7,C2,0.00022075480567747396
theta,1301,27,33,TP7,Cz,0.00019497454196269135
theta,1302,27,34,TP7,C1,0.0002033570542890546
theta,1303,27,35,TP7,C3,0.00025225467988887603
theta,1304,27,36,TP7,C5,0.00021212045861908972
theta,1305,27,37,TP7,T7,0.00021457823739630443
theta,1306,27,38,TP7,FT8,0.00020468147541692524
theta,1307,27,39,TP7,FC6,0.00018519187274972294
theta,1308,27,40,TP7,FC4,0.00017568890196829727
theta,1309,27,41,TP7,FC2,0.00019240742851796676
theta,1310,27,42,TP7,AF8,0.00021188952527248758
theta,1311,27,43,TP7,FC1,0.0001887980265758718
theta,1312,27,44,TP7,FC3,0.00019917881491184514
theta,1313,27,45,TP7,FC5,0.00019201276440296126
theta,1314,27,46,TP7,FT7,0.0002160631468546424
theta,1315,27,47,TP7,F8,0.0002012207675661186
theta,1316,27,48,TP7,F6,0.0001815785888191265
theta,1317,27,49,TP7,F4,0.00015280802969939205
theta,1318,27,50,TP7,F2,0.00016037221820836318
theta,1319,27,51,TP7,Fz,0.00016819082307295322
theta,1320,27,52,TP7,F1,0.0001646554055996135
theta,1321,27,53,TP7,F3,0.0001699040978106441
theta,1322,27,54,TP7,F5,0.00017336513682629804
theta,1323,27,55,TP7,F7,0.00021606085851945669
theta,1324,27,56,TP7,AF4,0.00016083126776840045
theta,1325,27,57,TP7,AF7,0.0001736259157616959
theta,1326,27,58,TP7,AF3,0.00016604648303368384
theta,1327,27,59,TP7,Fp2,0.00016818060776989879
theta,1328,27,60,TP7,Fpz,0.000155706219522884
theta,1329,27,61,TP7,Fp1,0.00014288945684059969
theta,1330,28,29,TP9,T8,0.00021264250823836502
theta,1331,28,30,TP9,C6,0.00022299993615194528
theta,1332,28,31,TP9,C4,0.00024403075156858794
theta,1333,28,32,TP9,C2,0.00020432817949524607
theta,1334,28,33,TP9,Cz,0.00022306483814577322
theta,1335,28,34,TP9,C1,0.00021395298783239593
theta,1336,28,35,TP9,C3,0.00023481237509982564
theta,1337,28,36,TP9,C5,0.00023651139966507476
theta,1338,28,37,TP9,T7,0.00019385651920658586
theta,1339,28,38,TP9,FT8,0.0002100364570835565
theta,1340,28,39,TP9,FC6,0.00022187728445483592
theta,1341,28,40,TP9,FC4,0.00022119283170083715
theta,1342,28,41,TP9,FC2,0.00022485065813653612
theta,1343,28,42,TP9,AF8,0.0002192461786674488
theta,1344,28,43,TP9,FC1,0.00019195086553446466
theta,1345,28,44,TP9,FC3,0.00017819305828251848
theta,1346,28,45,TP9,FC5,0.00020939075196625334
theta,1347,28,46,TP9,FT7,0.00021747863196359664
theta,1348,28,47,TP9,F8,0.00019977452911849224
theta,1349,28,48,TP9,F6,0.00020360611246166742
theta,1350,28,49,TP9,F4,0.00020611149987659498
theta,1351,28,50,TP9,F2,0.00019309504404740988
theta,1352,28,51,TP9,Fz,0.0002068688922448305
theta,1353,28,52,TP9,F1,0.00019335221420195545
theta,1354,28,53,TP9,F3,0.00017797053617663543
theta,1355,28,54,TP9,F5,0.00019314112099742595
theta,1356,28,55,TP9,F7,0.0002075573493026174
theta,1357,28,56,TP9,AF4,0.00018615188490404892
theta,1358,28,57,TP9,AF7,0.00017613761925200513
theta,1359,28,58,TP9,AF3,0.00018226846304616957
theta,1360,28,59,TP9,Fp2,0.00018904609135880047
theta,1361,28,60,TP9,Fpz,0.00017836913584215661
theta,1362,28,61,TP9,Fp1,0.00018180740376822413
theta,1363,29,30,T8,C6,0.0001980925339303922
theta,1364,29,31,T8,C4,0.00019048390765264323
theta,1365,29,32,T8,C2,0.000188165719364063
theta,1366,29,33,T8,Cz,0.00021009071812777457
theta,1367,29,34,T8,C1,0.00022961179920464084
theta,1368,29,35,T8,C3,0.0002216636476698918
theta,1369,29,36,T8,C5,0.0002084811586453771
theta,1370,29,37,T8,T7,0.00022148557324326977
theta,1371,29,38,T8,FT8,0.00020163858319513153
theta,1372,29,39,T8,FC6,0.00020468937428692462
theta,1373,29,40,T8,FC4,0.0001634193704290774
theta,1374,29,41,T8,FC2,0.00018767447263166824
theta,1375,29,42,T8,AF8,0.0001874233781427705
theta,1376,29,43,T8,FC1,0.00019586949017371918
theta,1377,29,44,T8,FC3,0.0001697848384133167
theta,1378,29,45,T8,FC5,0.0001899396043738459
theta,1379,29,46,T8,FT7,0.00017893671341039636
theta,1380,29,47,T8,F8,0.0001982563217464219
theta,1381,29,48,T8,F6,0.00019270073206589802
theta,1382,29,49,T8,F4,0.00017866846014842757
theta,1383,29,50,T8,F2,0.00017436933214666538
theta,1384,29,51,T8,Fz,0.00018438289339636982
theta,1385,29,52,T8,F1,0.00016961950306846655
theta,1386,29,53,T8,F3,0.00016351706397010104
theta,1387,29,54,T8,F5,0.000171234001461214
theta,1388,29,55,T8,F7,0.00019892702902610596
theta,1389,29,56,T8,AF4,0.00016138139045796153
theta,1390,29,57,T8,AF7,0.00017326431768346521
theta,1391,29,58,T8,AF3,0.00016513080966767843
theta,1392,29,59,T8,Fp2,0.00019511682092277226
theta,1393,29,60,T8,Fpz,0.0001825458084139987
theta,1394,29,61,T8,Fp1,0.0001951541838164073
theta,1395,30,31,C6,C4,0.00017709358969113129
theta,1396,30,32,C6,C2,0.00022272916996327166
theta,1397,30,33,C6,Cz,0.0002474732003739194
theta,1398,30,34,C6,C1,0.00021520725357661972
theta,1399,30,35,C6,C3,0.00021107062064500658
theta,1400,30,36,C6,C5,0.00020574406276256704
theta,1401,30,37,C6,T7,0.000234475428449267
theta,1402,30,38,C6,FT8,0.00022081005181975315
theta,1403,30,39,C6,FC6,0.00018588276127656816
theta,1404,30,40,C6,FC4,0.00016991707931585464
theta,1405,30,41,C6,FC2,0.00018575616049996697
theta,1406,30,42,C6,AF8,0.00021031929306787549
theta,1407,30,43,C6,FC1,0.00019961715495048294
theta,1408,30,44,C6,FC3,0.00015399789288159156
theta,1409,30,45,C6,FC5,0.00019840603023685608
theta,1410,30,46,C6,FT7,0.00019744232977497774
theta,1411,30,47,C6,F8,0.0002441972269220824
theta,1412,30,48,C6,F6,0.0001905661130026113
theta,1413,30,49,C6,F4,0.00018858946462795034
theta,1414,30,50,C6,F2,0.0001702085306965714
theta,1415,30,51,C6,Fz,0.00017035976118198016
theta,1416,30,52,C6,F1,0.00016191673274888464
theta,1417,30,53,C6,F3,0.00017270291879721138
theta,1418,30,54,C6,F5,0.00017665669937457404
theta,1419,30,55,C6,F7,0.00020355270468594145
theta,1420,30,56,C6,AF4,0.00018619686137234733
theta,1421,30,57,C6,AF7,0.00017679737360295922
theta,1422,30,58,C6,AF3,0.00018897318282428907
theta,1423,30,59,C6,Fp2,0.00019768006214265074
theta,1424,30,60,C6,Fpz,0.00017236723192097096
theta,1425,30,61,C6,Fp1,0.00019768536859089055
theta,1426,31,32,C4,C2,0.0002269713118056784
theta,1427,31,33,C4,Cz,0.0002532340755887345
theta,1428,31,34,C4,C1,0.0002095950503726397
theta,1429,31,35,C4,C3,0.0001878667228406935
theta,1430,31,36,C4,C5,0.00019220945310970098
theta,1431,31,37,C4,T7,0.00020302266588396482
theta,1432,31,38,C4,FT8,0.00022693635956138247
theta,1433,31,39,C4,FC6,0.00021935245587658943
theta,1434,31,40,C4,FC4,0.00017001624912288461
theta,1435,31,41,C4,FC2,0.00018714110308853493
theta,1436,31,42,C4,AF8,0.00022697883838445747
theta,1437,31,43,C4,FC1,0.00021853480902853548
theta,1438,31,44,C4,FC3,0.00019359319790902995
theta,1439,31,45,C4,FC5,0.00017293256641689938
theta,1440,31,46,C4,FT7,0.00017637022846406366
theta,1441,31,47,C4,F8,0.00021695504037147145
theta,1442,31,48,C4,F6,0.00019338709589485336
theta,1443,31,49,C4,F4,0.0001641768935107236
theta,1444,31,50,C4,F2,0.000168611433215577
theta,1445,31,51,C4,Fz,0.00018164754431183766
theta,1446,31,52,C4,F1,0.0001775540701690629
theta,1447,31,53,C4,F3,0.0001507737928955179
theta,1448,31,54,C4,F5,0.0001425589096043127
theta,1449,31,55,C4,F7,0.00016234727565590207
theta,1450,31,56,C4,AF4,0.00015848189665408884
theta,1451,31,57,C4,AF7,0.00016646898673581046
theta,1452,31,58,C4,AF3,0.00016381465951276816
theta,1453,31,59,C4,Fp2,0.00016707648996958812
theta,1454,31,60,C4,Fpz,0.00016646225834797534
theta,1455,31,61,C4,Fp1,0.00016446741346000965
theta,1456,32,33,C2,Cz,0.00018211473922964084
theta,1457,32,34,C2,C1,0.00016881112470213804
theta,1458,32,35,C2,C3,0.00018890836713906435
theta,1459,32,36,C2,C5,0.0001993009620658868
theta,1460,32,37,C2,T7,0.0001913018133745526
theta,1461,32,38,C2,FT8,0.00019231426554523098
theta,1462,32,39,C2,FC6,0.00019627601750559667
theta,1463,32,40,C2,FC4,0.00017018858534888144
theta,1464,32,41,C2,FC2,0.00017101124412896291
theta,1465,32,42,C2,AF8,0.0001643192822283509
theta,1466,32,43,C2,FC1,0.0001836309735216441
theta,1467,32,44,C2,FC3,0.00019276900811007232
theta,1468,32,45,C2,FC5,0.00015851227783504298
theta,1469,32,46,C2,FT7,0.00018834398958087988
theta,1470,32,47,C2,F8,0.00016174960805779215
theta,1471,32,48,C2,F6,0.00013884369599572122
theta,1472,32,49,C2,F4,0.00015074765727928152
theta,1473,32,50,C2,F2,0.00014591842295269352
theta,1474,32,51,C2,Fz,0.00015562694854613095
theta,1475,32,52,C2,F1,0.00015574798276963919
theta,1476,32,53,C2,F3,0.00013980909591093874
theta,1477,32,54,C2,F5,0.00013500637340748079
theta,1478,32,55,C2,F7,0.0002019264866189476
theta,1479,32,56,C2,AF4,0.00013424193325179223
theta,1480,32,57,C2,AF7,0.00012572355664895534
theta,1481,32,58,C2,AF3,0.0001096154287234215
theta,1482,32,59,C2,Fp2,0.00013715995877642274
theta,1483,32,60,C2,Fpz,0.00013391003753178893
theta,1484,32,61,C2,Fp1,0.00013866401629516532
theta,1485,33,34,Cz,C1,0.0002045201361093197
theta,1486,33,35,Cz,C3,0.00022820267038610445
theta,1487,33,36,Cz,C5,0.00021544171722068418
theta,1488,33,37,Cz,T7,0.00020013029712340332
theta,1489,33,38,Cz,FT8,0.00020564015923948235
theta,1490,33,39,Cz,FC6,0.00020816645642833255
theta,1491,33,40,Cz,FC4,0.00019373311819738197
theta,1492,33,41,Cz,FC2,0.00019818202370569337
theta,1493,33,42,Cz,AF8,0.00019421210963627795
theta,1494,33,43,Cz,FC1,0.00020564957870912058
theta,1495,33,44,Cz,FC3,0.0002052021620197097
theta,1496,33,45,Cz,FC5,0.00017807722373818202
theta,1497,33,46,Cz,FT7,0.00018746002021059334
theta,1498,33,47,Cz,F8,0.00016081161918840404
theta,1499,33,48,Cz,F6,0.00015223218305297155
theta,1500,33,49,Cz,F4,0.00017845299488283755
theta,1501,33,50,Cz,F2,0.00018067527457257896
theta,1502,33,51,Cz,Fz,0.00018219965630817897
theta,1503,33,52,Cz,F1,0.00019388599207783945
theta,1504,33,53,Cz,F3,0.0001651115555121291
theta,1505,33,54,Cz,F5,0.00014344195436624655
theta,1506,33,55,Cz,F7,0.00017525517327422288
theta,1507,33,56,Cz,AF4,0.00014024134867490418
theta,1508,33,57,Cz,AF7,0.0001344200465037415
theta,1509,33,58,Cz,AF3,0.00013029623753593665
theta,1510,33,59,Cz,Fp2,0.00014208759582040468
theta,1511,33,60,Cz,Fpz,0.00014474861430520058
theta,1512,33,61,Cz,Fp1,0.00014468933207979022
theta,1513,34,35,C1,C3,0.00020185649942200835
theta,1514,34,36,C1,C5,0.00022900024211717232
theta,1515,34,37,C1,T7,0.0001997823461130701
theta,1516,34,38,C1,FT8,0.0001745359092732025
theta,1517,34,39,C1,FC6,0.00016066761808767026
theta,1518,34,40,C1,FC4,0.00018133088967481288
theta,1519,34,41,C1,FC2,0.00019315308605841457
theta,1520,34,42,C1,AF8,0.00018522568514608311
theta,1521,34,43,C1,FC1,0.0002200124681714114
theta,1522,34,44,C1,FC3,0.0001810363561421335
theta,1523,34,45,C1,FC5,0.00016970156158288352
theta,1524,34,46,C1,FT7,0.00018111295399388374
theta,1525,34,47,C1,F8,0.00015802847585489295
theta,1526,34,48,C1,F6,0.0001401656279378759
theta,1527,34,49,C1,F4,0.00014928248389187122
theta,1528,34,50,C1,F2,0.00016506495027451674
theta,1529,34,51,C1,Fz,0.00018511929475726024
theta,1530,34,52,C1,F1,0.00019589731784475363
theta,1531,34,53,C1,F3,0.00017047790117419125
theta,1532,34,54,C1,F5,0.00014821876842786966
theta,1533,34,55,C1,F7,0.00015938554666667664
theta,1534,34,56,C1,AF4,0.00015305791286432946
theta,1535,34,57,C1,AF7,0.0001510638571577696
theta,1536,34,58,C1,AF3,0.00016111496564381102
theta,1537,34,59,C1,Fp2,0.0001586832956130006
theta,1538,34,60,C1,Fpz,0.00016148273588826792
theta,1539,34,61,C1,Fp1,0.00017368034689793925
theta,1540,35,36,C3,C5,0.00024486897598332625
theta,1541,35,37,C3,T7,0.00022152401461165348
theta,1542,35,38,C3,FT8,0.00023301703962957308
theta,1543,35,39,C3,FC6,0.00020094203092217342
theta,1544,35,40,C3,FC4,0.0001652663198670892
theta,1545,35,41,C3,FC2,0.00018505814311512824
theta,1546,35,42,C3,AF8,0.00019956292211285197
theta,1547,35,43,C3,FC1,0.00021494849836600373
theta,1548,35,44,C3,FC3,0.00019658944777264605
theta,1549,35,45,C3,FC5,0.00021041899077130043
theta,1550,35,46,C3,FT7,0.0002041493969304837
theta,1551,35,47,C3,F8,0.00020109007179502586
theta,1552,35,48,C3,F6,0.00016103300254296824
theta,1553,35,49,C3,F4,0.00016065303839964817
theta,1554,35,50,C3,F2,0.00019139833287029444
theta,1555,35,51,C3,Fz,0.00020872534017010906
theta,1556,35,52,C3,F1,0.00021170053912806128
theta,1557,35,53,C3,F3,0.00019614572784169677
theta,1558,35,54,C3,F5,0.0001922909646159299
theta,1559,35,55,C3,F7,0.00018056842183882888
theta,1560,35,56,C3,AF4,0.0001577276087683484
theta,1561,35,57,C3,AF7,0.00018878653558050427
theta,1562,35,58,C3,AF3,0.00018745158861128964
theta,1563,35,59,C3,Fp2,0.0001498358015648307
theta,1564,35,60,C3,Fpz,0.0001627687939856734
theta,1565,35,61,C3,Fp1,0.0001691797648654406
theta,1566,36,37,C5,T7,0.00024038938129282818
theta,1567,36,38,C5,FT8,0.00020251163899780706
theta,1568,36,39,C5,FC6,0.00014909391954146775
theta,1569,36,40,C5,FC4,0.0001745800259361616
theta,1570,36,41,C5,FC2,0.0001987191982119539
theta,1571,36,42,C5,AF8,0.0001951807620685215
theta,1572,36,43,C5,FC1,0.00021956157880973875
theta,1573,36,44,C5,FC3,0.0002355134350606152
theta,1574,36,45,C5,FC5,0.00018048814024364994
theta,1575,36,46,C5,FT7,0.00020119279893067617
theta,1576,36,47,C5,F8,0.00017684283994785652
theta,1577,36,48,C5,F6,0.00016131371145275327
theta,1578,36,49,C5,F4,0.0001691112341565018
theta,1579,36,50,C5,F2,0.0001643164620068399
theta,1580,36,51,C5,Fz,0.00017304360872001025
theta,1581,36,52,C5,F1,0.00020096032410448422
theta,1582,36,53,C5,F3,0.00019569245211624816
theta,1583,36,54,C5,F5,0.00018104519753483627
theta,1584,36,55,C5,F7,0.0001664110125486811
theta,1585,36,56,C5,AF4,0.00015999591714945443
theta,1586,36,57,C5,AF7,0.0001504021957108191
theta,1587,36,58,C5,AF3,0.0001519525987938917
theta,1588,36,59,C5,Fp2,0.00015192961373854737
theta,1589,36,60,C5,Fpz,0.0001418249370975852
theta,1590,36,61,C5,Fp1,0.00015044216982250768
theta,1591,37,38,T7,FT8,0.00022414314361155307
theta,1592,37,39,T7,FC6,0.00017973656529974078
theta,1593,37,40,T7,FC4,0.00016050012122688522
theta,1594,37,41,T7,FC2,0.00017417153181831013
theta,1595,37,42,T7,AF8,0.00016841949127495385
theta,1596,37,43,T7,FC1,0.00017936718822599812
theta,1597,37,44,T7,FC3,0.00020912550606518596
theta,1598,37,45,T7,FC5,0.00020760189140713587
theta,1599,37,46,T7,FT7,0.0002039554144691461
theta,1600,37,47,T7,F8,0.00021325001022965448
theta,1601,37,48,T7,F6,0.0001911717012031152
theta,1602,37,49,T7,F4,0.00016703413683662177
theta,1603,37,50,T7,F2,0.000144176960767534
theta,1604,37,51,T7,Fz,0.0001628564908217988
theta,1605,37,52,T7,F1,0.00015780806719898035
theta,1606,37,53,T7,F3,0.00016552585590381684
theta,1607,37,54,T7,F5,0.00015027404583614826
theta,1608,37,55,T7,F7,0.00022145229237834
theta,1609,37,56,T7,AF4,0.00016347937732609218
theta,1610,37,57,T7,AF7,0.0001742652410608243
theta,1611,37,58,T7,AF3,0.00015417788683319233
theta,1612,37,59,T7,Fp2,0.00016248918385520784
theta,1613,37,60,T7,Fpz,0.00016130761700366443
theta,1614,37,61,T7,Fp1,0.0001498634517941392
theta,1615,38,39,FT8,FC6,0.00016909262527644832
theta,1616,38,40,FT8,FC4,0.00016870188737617278
theta,1617,38,41,FT8,FC2,0.00019358597886209213
theta,1618,38,42,FT8,AF8,0.00019578167176781785
theta,1619,38,43,FT8,FC1,0.0001754420844282453
theta,1620,38,44,FT8,FC3,0.00017227506704364968
theta,1621,38,45,FT8,FC5,0.00020348602767536356
theta,1622,38,46,FT8,FT7,0.00021784268864098597
theta,1623,38,47,FT8,F8,0.00019326221099511107
theta,1624,38,48,FT8,F6,0.00016230133759895636
theta,1625,38,49,FT8,F4,0.000166660155160566
theta,1626,38,50,FT8,F2,0.0001723429843104349
theta,1627,38,51,FT8,Fz,0.00017286022076099132
theta,1628,38,52,FT8,F1,0.00016285166333913836
theta,1629,38,53,FT8,F3,0.0001605234259885562
theta,1630,38,54,FT8,F5,0.0001936367479700488
theta,1631,38,55,FT8,F7,0.0001893638516688871
theta,1632,38,56,FT8,AF4,0.00017079938566625521
theta,1633,38,57,FT8,AF7,0.00017369687874432764
theta,1634,38,58,FT8,AF3,0.00018070146119078173
theta,1635,38,59,FT8,Fp2,0.00021064768852722425
theta,1636,38,60,FT8,Fpz,0.00020173465084223846
theta,1637,38,61,FT8,Fp1,0.00020944373484702936
theta,1638,39,40,FC6,FC4,0.00016600311382346014
theta,1639,39,41,FC6,FC2,0.0001776155614383569
theta,1640,39,42,FC6,AF8,0.00018936773055155834
theta,1641,39,43,FC6,FC1,0.0001750511841316689
theta,1642,39,44,FC6,FC3,0.00016651533497675657
theta,1643,39,45,FC6,FC5,0.0001824437388292938
theta,1644,39,46,FC6,FT7,0.00019669978811849825
theta,1645,39,47,FC6,F8,0.0001715106688102984
theta,1646,39,48,FC6,F6,0.00018063830956629916
theta,1647,39,49,FC6,F4,0.00017581185036230515
theta,1648,39,50,FC6,F2,0.00017568125309341354
theta,1649,39,51,FC6,Fz,0.0001707289931349106
theta,1650,39,52,FC6,F1,0.0001695166730663983
theta,1651,39,53,FC6,F3,0.00017913931561376956
theta,1652,39,54,FC6,F5,0.00017548131230868004
theta,1653,39,55,FC6,F7,0.0001794044797069377
theta,1654,39,56,FC6,AF4,0.0001861431269467786
theta,1655,39,57,FC6,AF7,0.00020482359709857357
theta,1656,39,58,FC6,AF3,0.00019262553731533104
theta,1657,39,59,FC6,Fp2,0.00023031699320460482
theta,1658,39,60,FC6,Fpz,0.0001925735326086188
theta,1659,39,61,FC6,Fp1,0.00018825894333773064
theta,1660,40,41,FC4,FC2,0.0002036125013984566
theta,1661,40,42,FC4,AF8,0.00022802285323670073
theta,1662,40,43,FC4,FC1,0.00022474861535275783
theta,1663,40,44,FC4,FC3,0.0002487287190478935
theta,1664,40,45,FC4,FC5,0.00016187452100052606
theta,1665,40,46,FC4,FT7,0.00014596705956515873
theta,1666,40,47,FC4,F8,0.00019022546595590076
theta,1667,40,48,FC4,F6,0.0001774513939312577
theta,1668,40,49,FC4,F4,0.00018298515095661422
theta,1669,40,50,FC4,F2,0.0001999076389713431
theta,1670,40,51,FC4,Fz,0.00019849016534188778
theta,1671,40,52,FC4,F1,0.00020393074987046103
theta,1672,40,53,FC4,F3,0.00017961875016569273
theta,1673,40,54,FC4,F5,0.0001521660862520936
theta,1674,40,55,FC4,F7,0.00014426072316526135
theta,1675,40,56,FC4,AF4,0.00018000462561357957
theta,1676,40,57,FC4,AF7,0.0001678553681617478
theta,1677,40,58,FC4,AF3,0.00016123322861016248
theta,1678,40,59,FC4,Fp2,0.00017325824658121983
theta,1679,40,60,FC4,Fpz,0.00016905213345741837
theta,1680,40,61,FC4,Fp1,0.00015407365691383178
theta,1681,41,42,FC2,AF8,0.00020674249268399204
theta,1682,41,43,FC2,FC1,0.0002524665858294738
theta,1683,41,44,FC2,FC3,0.0002419704636834176
theta,1684,41,45,FC2,FC5,0.00018882148933616793
theta,1685,41,46,FC2,FT7,0.0001527778094509902
theta,1686,41,47,FC2,F8,0.00017608139725214844
theta,1687,41,48,FC2,F6,0.00019140998599469808
theta,1688,41,49,FC2,F4,0.00017462442840168483
theta,1689,41,50,FC2,F2,0.0001584347578038079
theta,1690,41,51,FC2,Fz,0.00015975963117848078
theta,1691,41,52,FC2,F1,0.00019452471351793545
theta,1692,41,53,FC2,F3,0.00020006051346223704
theta,1693,41,54,FC2,F5,0.00016028390341025345
theta,1694,41,55,FC2,F7,0.00013153835461532246
theta,1695,41,56,FC2,AF4,0.00015859921172483064
theta,1696,41,57,FC2,AF7,0.00015219347353477634
theta,1697,41,58,FC2,AF3,0.00015006277922222078
theta,1698,41,59,FC2,Fp2,0.00015168118228463376
theta,1699,41,60,FC2,Fpz,0.00015788320488088027
theta,1700,41,61,FC2,Fp1,0.00014893059739990938
theta,1701,42,43,AF8,FC1,0.00021348191913407791
theta,1702,42,44,AF8,FC3,0.0002404740572666353
theta,1703,42,45,AF8,FC5,0.00019822720241117895
theta,1704,42,46,AF8,FT7,0.00017340090357695275
theta,1705,42,47,AF8,F8,0.00016611293389898185
theta,1706,42,48,AF8,F6,0.00019148768403629137
theta,1707,42,49,AF8,F4,0.00020035958699941088
theta,1708,42,50,AF8,F2,0.00019649108347511717
theta,1709,42,51,AF8,Fz,0.00019185124789963207
theta,1710,42,52,AF8,F1,0.00022410735439774612
theta,1711,42,53,AF8,F3,0.00021510888512098151
theta,1712,42,54,AF8,F5,0.00017126718019988644
theta,1713,42,55,AF8,F7,0.00016999803958475974
theta,1714,42,56,AF8,AF4,0.00017660292778248405
theta,1715,42,57,AF8,AF7,0.00016356647227533792
theta,1716,42,58,AF8,AF3,0.00014884725381415632
theta,1717,42,59,AF8,Fp2,0.00015491487753323887
theta,1718,42,60,AF8,Fpz,0.00016401980904674226
theta,1719,42,61,AF8,Fp1,0.00013763108102743068
theta,1720,43,44,FC1,FC3,0.00023192774261327148
theta,1721,43,45,FC1,FC5,0.00019134559405552975
theta,1722,43,46,FC1,FT7,0.00017742974970229414
theta,1723,43,47,FC1,F8,0.00016431254472820846
theta,1724,43,48,FC1,F6,0.0001730367402387287
theta,1725,43,49,FC1,F4,0.000166105692197427
theta,1726,43,50,FC1,F2,0.0001943961125694237
theta,1727,43,51,FC1,Fz,0.0001907955316047268
theta,1728,43,52,FC1,F1,0.00018143249160892144
theta,1729,43,53,FC1,F3,0.00019453041091940527
theta,1730,43,54,FC1,F5,0.00018445361235831166
theta,1731,43,55,FC1,F7,0.00016239336432324322
theta,1732,43,56,FC1,AF4,0.0001531561356218199
theta,1733,43,57,FC1,AF7,0.00015775163814213126
theta,1734,43,58,FC1,AF3,0.00015773711919096322
theta,1735,43,59,FC1,Fp2,0.00016183310946028972
theta,1736,43,60,FC1,Fpz,0.00017623991784919467
theta,1737,43,61,FC1,Fp1,0.0001647007619974137
theta,1738,44,45,FC3,FC5,0.00017980670588934437
theta,1739,44,46,FC3,FT7,0.00018610439502643732
theta,1740,44,47,FC3,F8,0.00017635657137399853
theta,1741,44,48,FC3,F6,0.00016836637197998415
theta,1742,44,49,FC3,F4,0.00019111760346467394
theta,1743,44,50,FC3,F2,0.00023311247325988733
theta,1744,44,51,FC3,Fz,0.00024598986337133987
theta,1745,44,52,FC3,F1,0.00024209702400480995
theta,1746,44,53,FC3,F3,0.00020517391527215736
theta,1747,44,54,FC3,F5,0.00018573377813060557
theta,1748,44,55,FC3,F7,0.00017842781484265187
theta,1749,44,56,FC3,AF4,0.00016376063536514658
theta,1750,44,57,FC3,AF7,0.00019686205447494746
theta,1751,44,58,FC3,AF3,0.00019506940144247003
theta,1752,44,59,FC3,Fp2,0.0001614890928013684
theta,1753,44,60,FC3,Fpz,0.00019400497708759373
theta,1754,44,61,FC3,Fp1,0.00017921809128836562
theta,1755,45,46,FC5,FT7,0.00018370950070580906
theta,1756,45,47,FC5,F8,0.0001777480179447893
theta,1757,45,48,FC5,F6,0.00017928965453726175
theta,1758,45,49,FC5,F4,0.00018785074469242555
theta,1759,45,50,FC5,F2,0.00020980851677363275
theta,1760,45,51,FC5,Fz,0.0002076763949960514
theta,1761,45,52,FC5,F1,0.00021044012148635803
theta,1762,45,53,FC5,F3,0.00020451410281795138
theta,1763,45,54,FC5,F5,0.00019673112831026105
theta,1764,45,55,FC5,F7,0.00021291975664213377
theta,1765,45,56,FC5,AF4,0.00020193210941755668
theta,1766,45,57,FC5,AF7,0.0001862741197857623
theta,1767,45,58,FC5,AF3,0.0002008264649020939
theta,1768,45,59,FC5,Fp2,0.00019092394069351187
theta,1769,45,60,FC5,Fpz,0.00019251944668057902
theta,1770,45,61,FC5,Fp1,0.00019286933071816718
theta,1771,46,47,FT7,F8,0.00023292859891640367
theta,1772,46,48,FT7,F6,0.00021728517373673225
theta,1773,46,49,FT7,F4,0.00017088126528334396
theta,1774,46,50,FT7,F2,0.00015047410573926155
theta,1775,46,51,FT7,Fz,0.0001668663489717887
theta,1776,46,52,FT7,F1,0.0001764523684174789
theta,1777,46,53,FT7,F3,0.00017542758017835222
theta,1778,46,54,FT7,F5,0.00015229120161429124
theta,1779,46,55,FT7,F7,0.0002106780133061338
theta,1780,46,56,FT7,AF4,0.00017595880390487194
theta,1781,46,57,FT7,AF7,0.00018572443329124589
theta,1782,46,58,FT7,AF3,0.0001907070398707881
theta,1783,46,59,FT7,Fp2,0.00019586209920255745
theta,1784,46,60,FT7,Fpz,0.00018091701974622164
theta,1785,46,61,FT7,Fp1,0.00018233926862307935
theta,1786,47,48,F8,F6,0.00014802011290432395
theta,1787,47,49,F8,F4,0.00015901116196619873
theta,1788,47,50,F8,F2,0.00017590915020029987
theta,1789,47,51,F8,Fz,0.00017109198505322422
theta,1790,47,52,F8,F1,0.00016773406625050807
theta,1791,47,53,F8,F3,0.0001625433611981935
theta,1792,47,54,F8,F5,0.00018020081259490498
theta,1793,47,55,F8,F7,0.00019401168018217443
theta,1794,47,56,F8,AF4,0.00017972285154345462
theta,1795,47,57,F8,AF7,0.00017759579092906298
theta,1796,47,58,F8,AF3,0.0001914040273450259
theta,1797,47,59,F8,Fp2,0.00022688025965641952
theta,1798,47,60,F8,Fpz,0.00021401910656125095
theta,1799,47,61,F8,Fp1,0.0002050542101522316
theta,1800,48,49,F6,F4,0.00015781383956034448
theta,1801,48,50,F6,F2,0.00017612001194775335
theta,1802,48,51,F6,Fz,0.00019304954501971273
theta,1803,48,52,F6,F1,0.00018116261518190112
theta,1804,48,53,F6,F3,0.0001719227480796904
theta,1805,48,54,F6,F5,0.00016516266903074059
theta,1806,48,55,F6,F7,0.00018567630922621193
theta,1807,48,56,F6,AF4,0.00020817798110172358
theta,1808,48,57,F6,AF7,0.00021231349639113493
theta,1809,48,58,F6,AF3,0.0001834410001369582
theta,1810,48,59,F6,Fp2,0.00021268366297032778
theta,1811,48,60,F6,Fpz,0.000209371198898934
theta,1812,48,61,F6,Fp1,0.00017887571631882972
theta,1813,49,50,F4,F2,0.00020512729397710318
theta,1814,49,51,F4,Fz,0.00019886053742156838
theta,1815,49,52,F4,F1,0.0001914539696940389
theta,1816,49,53,F4,F3,0.0001884476623289706
theta,1817,49,54,F4,F5,0.00019011315363045168
theta,1818,49,55,F4,F7,0.00016930264949397832
theta,1819,49,56,F4,AF4,0.0001680823763102706
theta,1820,49,57,F4,AF7,0.00021074629436562128
theta,1821,49,58,F4,AF3,0.0002051456559944881
theta,1822,49,59,F4,Fp2,0.00017425779874432172
theta,1823,49,60,F4,Fpz,0.00020396071336818288
theta,1824,49,61,F4,Fp1,0.0001851885675386588
theta,1825,50,51,F2,Fz,0.00018848870323008175
theta,1826,50,52,F2,F1,0.00020760378927745725
theta,1827,50,53,F2,F3,0.0002099467741970412
theta,1828,50,54,F2,F5,0.00018113677118132283
theta,1829,50,55,F2,F7,0.00015358045057810345
theta,1830,50,56,F2,AF4,0.00014846660500301864
theta,1831,50,57,F2,AF7,0.00016640810936328446
theta,1832,50,58,F2,AF3,0.0001760856920145764
theta,1833,50,59,F2,Fp2,0.0001615385783848618
theta,1834,50,60,F2,Fpz,0.0001744493209127397
theta,1835,50,61,F2,Fp1,0.00016276786119613862
theta,1836,51,52,Fz,F1,0.00021388338930862426
theta,1837,51,53,Fz,F3,0.00020756377544398408
theta,1838,51,54,Fz,F5,0.00019582877190188662
theta,1839,51,55,Fz,F7,0.00015655628921736308
theta,1840,51,56,Fz,AF4,0.00018223482334393828
theta,1841,51,57,Fz,AF7,0.00016751346418439312
theta,1842,51,58,Fz,AF3,0.0001612812209736106
theta,1843,51,59,Fz,Fp2,0.00016118942095496777
theta,1844,51,60,Fz,Fpz,0.00018364604204141187
theta,1845,51,61,Fz,Fp1,0.00016810951457059685
theta,1846,52,53,F1,F3,0.0002022761347401598
theta,1847,52,54,F1,F5,0.00018890894740501571
theta,1848,52,55,F1,F7,0.00016587197569935106
theta,1849,52,56,F1,AF4,0.00017400481338758513
theta,1850,52,57,F1,AF7,0.00020202818255945373
theta,1851,52,58,F1,AF3,0.00015487720128561365
theta,1852,52,59,F1,Fp2,0.00017792321893773965
theta,1853,52,60,F1,Fpz,0.00021071784034798016
theta,1854,52,61,F1,Fp1,0.00016494997958411747
theta,1855,53,54,F3,F5,0.00016135702612853135
theta,1856,53,55,F3,F7,0.00016591527891138036
theta,1857,53,56,F3,AF4,0.0001537491936334181
theta,1858,53,57,F3,AF7,0.0001880480955847493
theta,1859,53,58,F3,AF3,0.00017595152772948054
theta,1860,53,59,F3,Fp2,0.0001664755731518003
theta,1861,53,60,F3,Fpz,0.00018598225812694003
theta,1862,53,61,F3,Fp1,0.00018271227289184876
theta,1863,54,55,F5,F7,0.0001637078338828215
theta,1864,54,56,F5,AF4,0.00018274986035727843
theta,1865,54,57,F5,AF7,0.00020245381643156738
theta,1866,54,58,F5,AF3,0.00019278099914361838
theta,1867,54,59,F5,Fp2,0.00015503588313971255
theta,1868,54,60,F5,Fpz,0.00017652933038300378
theta,1869,54,61,F5,Fp1,0.00016697279283876473
theta,1870,55,56,F7,AF4,0.00019578852491860177
theta,1871,55,57,F7,AF7,0.0001906521092768453
theta,1872,55,58,F7,AF3,0.00018850021744286035
theta,1873,55,59,F7,Fp2,0.00020690807645320957
theta,1874,55,60,F7,Fpz,0.00019846554038697696
theta,1875,55,61,F7,Fp1,0.00020276718304716327
theta,1876,56,57,AF4,AF7,0.00017234291646544596
theta,1877,56,58,AF4,AF3,0.00018651956468335567
theta,1878,56,59,AF4,Fp2,0.00014646510566214277
theta,1879,56,60,AF4,Fpz,0.00021037030714379746
theta,1880,56,61,AF4,Fp1,0.00019541775966296283
theta,1881,57,58,AF7,AF3,0.00016802447910404926
theta,1882,57,59,AF7,Fp2,0.00017087047373265217
theta,1883,57,60,AF7,Fpz,0.00015831559691698678
theta,1884,57,61,AF7,Fp1,0.00014855344557034895
theta,1885,58,59,AF3,Fp2,0.0001674780603828475
theta,1886,58,60,AF3,Fpz,0.00021452388508313614
theta,1887,58,61,AF3,Fp1,0.00014891520796382146
theta,1888,59,60,Fp2,Fpz,0.0001580121581894139
theta,1889,59,61,Fp2,Fp1,0.00014884137308793542
theta,1890,60,61,Fpz,Fp1,0.0001648649594021941
alpha,0,0,1,Iz,O2,0.00029903667498265286
alpha,1,0,2,Iz,Oz,0.000245788000169763
alpha,2,0,3,Iz,O1,0.0003458623806743117
alpha,3,0,4,Iz,PO8,0.0003331729193192305
alpha,4,0,5,Iz,PO4,0.0002955070950587893
alpha,5,0,6,Iz,POz,0.0002265919194882712
alpha,6,0,7,Iz,PO3,0.0002707069997064782
alpha,7,0,8,Iz,PO7,0.0003648706456495296
alpha,8,0,9,Iz,P8,0.0002968123476706073
alpha,9,0,10,Iz,P6,0.00026149209179280756
alpha,10,0,11,Iz,P4,0.00022327774872594775
alpha,11,0,12,Iz,P2,0.00023491228347955227
alpha,12,0,13,Iz,Pz,0.00020682131505644457
alpha,13,0,14,Iz,P1,0.0002172373569680385
alpha,14,0,15,Iz,P3,0.0002587722977865507
alpha,15,0,16,Iz,P5,0.0003248031064165557
alpha,16,0,17,Iz,P7,0.0003412773454617056
alpha,17,0,18,Iz,TP10,0.00031431290882548364
alpha,18,0,19,Iz,TP8,0.00026501955182882126
alpha,19,0,20,Iz,CP6,0.0002579177026844251
alpha,20,0,21,Iz,CP4,0.00024948568399790603
alpha,21,0,22,Iz,CP2,0.0002223487612582567
alpha,22,0,23,Iz,CPz,0.00022720106875879316
alpha,23,0,24,Iz,CP1,0.0002697651933966486
alpha,24,0,25,Iz,CP3,0.00026218983116388313
alpha,25,0,26,Iz,CP5,0.0002732822249624794
alpha,26,0,27,Iz,TP7,0.00026497575604898083
alpha,27,0,28,Iz,TP9,0.000279646335216623
alpha,28,0,29,Iz,T8,0.00027248354676335867
alpha,29,0,30,Iz,C6,0.00033239648408815633
alpha,30,0,31,Iz,C4,0.0003910684527595371
alpha,31,0,32,Iz,C2,0.00035361829475118157
alpha,32,0,33,Iz,Cz,0.00039524086393262503
alpha,33,0,34,Iz,C1,0.0003925471477656127
alpha,34,0,35,Iz,C3,0.00029255826774324614
alpha,35,0,36,Iz,C5,0.0003219098626878917
alpha,36,0,37,Iz,T7,0.0002721674299129463
alpha,37,0,38,Iz,FT8,0.00022701532260919677
alpha,38,0,39,Iz,FC6,0.0002611756513203798
alpha,39,0,40,Iz,FC4,0.0002910677208041443
alpha,40,0,41,Iz,FC2,0.00031874223605107263
alpha,41,0,42,Iz,AF8,0.00028277273385746176
alpha,42,0,43,Iz,FC1,0.000266231679869471
alpha,43,0,44,Iz,FC3,0.0002621442136945944
alpha,44,0,45,Iz,FC5,0.00024337344783907189
alpha,45,0,46,Iz,FT7,0.00022583240580107615
alpha,46,0,47,Iz,F8,0.00024523403415346607
alpha,47,0,48,Iz,F6,0.0002764804028780975
alpha,48,0,49,Iz,F4,0.00025908537329195663
alpha,49,0,50,Iz,F2,0.00024758877607637404
alpha,50,0,51,Iz,Fz,0.00025892569743973635
alpha,51,0,52,Iz,F1,0.0002642732680546863
alpha,52,0,53,Iz,F3,0.00022818281480023635
alpha,53,0,54,Iz,F5,0.0002144272521168322
alpha,54,0,55,Iz,F7,0.0001984660472476
alpha,55,0,56,Iz,AF4,0.00022035926182531807
alpha,56,0,57,Iz,AF7,0.000214610893847101
alpha,57,0,58,Iz,AF3,0.00019592619588284097
alpha,58,0,59,Iz,Fp2,0.00021423023944228372
alpha,59,0,60,Iz,Fpz,0.0001993348369027105
alpha,60,0,61,Iz,Fp1,0.00020214660758566125
alpha,61,1,2,O2,Oz,0.0003586048910101116
alpha,62,1,3,O2,O1,0.0003425705352100078
alpha,63,1,4,O2,PO8,0.00042554077403149035
alpha,64,1,5,O2,PO4,0.00025491555994620744
alpha,65,1,6,O2,POz,0.00030375196493062553
alpha,66,1,7,O2,PO3,0.00032088027625203666
alpha,67,1,8,O2,PO7,0.000336478912820663
alpha,68,1,9,O2,P8,0.00033581098827316233
alpha,69,1,10,O2,P6,0.0002624824789355411
alpha,70,1,11,O2,P4,0.00020027264203500866
alpha,71,1,12,O2,P2,0.00020490731307075996
alpha,72,1,13,O2,Pz,0.0002288618294656107
alpha,73,1,14,O2,P1,0.0002465166176192489
alpha,74,1,15,O2,P3,0.0002905307458603724
alpha,75,1,16,O2,P5,0.0002825669312216682
alpha,76,1,17,O2,P7,0.00030312412437939897
alpha,77,1,18,O2,TP10,0.00036241498574885323
alpha,78,1,19,O2,TP8,0.00031017249283855127
alpha,79,1,20,O2,CP6,0.00026149550329492894
alpha,80,1,21,O2,CP4,0.00022952071548127079
alpha,81,1,22,O2,CP2,0.00017647414696477377
alpha,82,1,23,O2,CPz,0.00021121408662105667
alpha,83,1,24,O2,CP1,0.00027816251851415467
alpha,84,1,25,O2,CP3,0.0002477751236489124
alpha,85,1,26,O2,CP5,0.00026557651250439836
alpha,86,1,27,O2,TP7,0.00026669662704381864
alpha,87,1,28,O2,TP9,0.0002891921420648631
alpha,88,1,29,O2,T8,0.0002678999748941918
alpha,89,1,30,O2,C6,0.00027946278563255377
alpha,90,1,31,O2,C4,0.0002834357368461746
alpha,91,1,32,O2,C2,0.00020272762946536466
alpha,92,1,33,O2,Cz,0.0002540573440651439
alpha,93,1,34,O2,C1,0.000297634591084885
alpha,94,1,35,O2,C3,0.00034850798732336756
alpha,95,1,36,O2,C5,0.00033167028892765925
alpha,96,1,37,O2,T7,0.00023302138173150318
alpha,97,1,38,O2,FT8,0.00027111874472526343
alpha,98,1,39,O2,FC6,0.00030596632583396535
alpha,99,1,40,O2,FC4,0.0003385502592288943
alpha,100,1,41,O2,FC2,0.00030491953479562116
alpha,101,1,42,O2,AF8,0.0003626120889919342
alpha,102,1,43,O2,FC1,0.00031653260289127375
alpha,103,1,44,O2,FC3,0.0003885731415633197
alpha,104,1,45,O2,FC5,0.0002841064658250697
alpha,105,1,46,O2,FT7,0.00023474824491860272
alpha,106,1,47,O2,F8,0.00028366153762899194
alpha,107,1,48,O2,F6,0.0002887710365850268
alpha,108,1,49,O2,F4,0.000310260704507388
alpha,109,1,50,O2,F2,0.00030619271639578997
alpha,110,1,51,O2,Fz,0.000305676516435257
alpha,111,1,52,O2,F1,0.0002944404045996708
alpha,112,1,53,O2,F3,0.000296200807048246
alpha,113,1,54,O2,F5,0.00024561322183105124
alpha,114,1,55,O2,F7,0.00023172589520850808
alpha,115,1,56,O2,AF4,0.0002740777677999443
alpha,116,1,57,O2,AF7,0.00028214864691999606
alpha,117,1,58,O2,AF3,0.0002607479029383185
alpha,118,1,59,O2,Fp2,0.00023655576400487865
alpha,119,1,60,O2,Fpz,0.00024446269957652673
alpha,120,1,61,O2,Fp1,0.00023581010529031255
alpha,121,2,3,Oz,O1,0.0004085719845280165
alpha,122,2,4,Oz,PO8,0.0003579233776098066
alpha,123,2,5,Oz,PO4,0.00029932122224335335
alpha,124,2,6,Oz,POz,0.0002765551917035808
alpha,125,2,7,Oz,PO3,0.0002929882246725613
alpha,126,2,8,Oz,PO7,0.00045130915887696947
alpha,127,2,9,Oz,P8,0.00028006464347034315
alpha,128,2,10,Oz,P6,0.00028678221655286426
alpha,129,2,11,Oz,P4,0.0002562765768682716
alpha,130,2,12,Oz,P2,0.00023896600421675915
alpha,131,2,13,Oz,Pz,0.00023155951897404275
alpha,132,2,14,Oz,P1,0.00020803096405260895
alpha,133,2,15,Oz,P3,0.0003108331736397357
alpha,134,2,16,Oz,P5,0.0003255857109505253
alpha,135,2,17,Oz,P7,0.000385881981435589
alpha,136,2,18,Oz,TP10,0.0002690141720930791
alpha,137,2,19,Oz,TP8,0.0002552911025951784
alpha,138,2,20,Oz,CP6,0.0002457686232964069
alpha,139,2,21,Oz,CP4,0.0002363835999150959
alpha,140,2,22,Oz,CP2,0.00020243563598989163
alpha,141,2,23,Oz,CPz,0.00022483424884648705
alpha,142,2,24,Oz,CP1,0.00023801457905699998
alpha,143,2,25,Oz,CP3,0.00024472845516405737
alpha,144,2,26,Oz,CP5,0.00024943502954975007
alpha,145,2,27,Oz,TP7,0.00025828264128458314
alpha,146,2,28,Oz,TP9,0.000321797869867075
alpha,147,2,29,Oz,T8,0.00029246527101080684
alpha,148,2,30,Oz,C6,0.0003125547967906371
alpha,149,2,31,Oz,C4,0.0002994592508316023
alpha,150,2,32,Oz,C2,0.00033061393039651943
alpha,151,2,33,Oz,Cz,0.0003430262316684663
alpha,152,2,34,Oz,C1,0.00032102496117664305
alpha,153,2,35,Oz,C3,0.0002960119061847461
alpha,154,2,36,Oz,C5,0.00029166790282412005
alpha,155,2,37,Oz,T7,0.00026625764264538406
alpha,156,2,38,Oz,FT8,0.0003002043212046313
alpha,157,2,39,Oz,FC6,0.00035177870008591233
alpha,158,2,40,Oz,FC4,0.00035543317705111004
alpha,159,2,41,Oz,FC2,0.00033808279011788276
alpha,160,2,42,Oz,AF8,0.0003307747680147186
alpha,161,2,43,Oz,FC1,0.0003159379258600225
alpha,162,2,44,Oz,FC3,0.0003091289761230907
alpha,163,2,45,Oz,FC5,0.00024460679836440174
alpha,164,2,46,Oz,FT7,0.000252232760921478
alpha,165,2,47,Oz,F8,0.00028059783159195816
alpha,166,2,48,Oz,F6,0.0002985498405374783
alpha,167,2,49,Oz,F4,0.00031102227847118496
alpha,168,2,50,Oz,F2,0.0003128005119057134
alpha,169,2,51,Oz,Fz,0.0002896524081923824
alpha,170,2,52,Oz,F1,0.0002967296330646564
alpha,171,2,53,Oz,F3,0.0002840194343979766
alpha,172,2,54,Oz,F5,0.0002481834970675894
alpha,173,2,55,Oz,F7,0.00022313724577466203
alpha,174,2,56,Oz,AF4,0.00025525145151332896
alpha,175,2,57,Oz,AF7,0.00027496016257175297
alpha,176,2,58,Oz,AF3,0.0002904230777055778
alpha,177,2,59,Oz,Fp2,0.0002440647223942133
alpha,178,2,60,Oz,Fpz,0.0002577668742056112
alpha,179,2,61,Oz,Fp1,0.00026161923491900454
alpha,180,3,4,O1,PO8,0.0003787674547430193
alpha,181,3,5,O1,PO4,0.0002868434351323108
alpha,182,3,6,O1,POz,0.00029559714211871706
alpha,183,3,7,O1,PO3,0.00027647867699611496
alpha,184,3,8,O1,PO7,0.0004323248973773301
alpha,185,3,9,O1,P8,0.0002990281841989614
alpha,186,3,10,O1,P6,0.00027551314734714915
alpha,187,3,11,O1,P4,0.0002711118520501034
alpha,188,3,12,O1,P2,0.00020914251619574275
alpha,189,3,13,O1,Pz,0.0002348396677369075
alpha,190,3,14,O1,P1,0.00023970311303910284
alpha,191,3,15,O1,P3,0.0003047881502321488
alpha,192,3,16,O1,P5,0.00033189507673940413
alpha,193,3,17,O1,P7,0.00039393737269376763
alpha,194,3,18,O1,TP10,0.0003196098595492455
alpha,195,3,19,O1,TP8,0.0002952134999628438
alpha,196,3,20,O1,CP6,0.0002617780252900591
alpha,197,3,21,O1,CP4,0.0002141092219229823
alpha,198,3,22,O1,CP2,0.00019310968164008925
alpha,199,3,23,O1,CPz,0.00024918086407464235
alpha,200,3,24,O1,CP1,0.00024137368358505295
alpha,201,3,25,O1,CP3,0.0002931752535595215
alpha,202,3,26,O1,CP5,0.00027429440506941986
alpha,203,3,27,O1,TP7,0.0002813965174130523
alpha,204,3,28,O1,TP9,0.0003065288498105352
alpha,205,3,29,O1,T8,0.00028159531595379583
alpha,206,3,30,O1,C6,0.000354670225255145
alpha,207,3,31,O1,C4,0.0003182635603002986
alpha,208,3,32,O1,C2,0.00028250696623212596
alpha,209,3,33,O1,Cz,0.0003308705924742274
alpha,210,3,34,O1,C1,0.00026698105738104795
alpha,211,3,35,O1,C3,0.0002737363339208967
alpha,212,3,36,O1,C5,0.0002935378977409162
alpha,213,3,37,O1,T7,0.0002595788511926939
alpha,214,3,38,O1,FT8,0.00030705876330071666
alpha,215,3,39,O1,FC6,0.0003728353633002441
alpha,216,3,40,O1,FC4,0.00039271275067304345
alpha,217,3,41,O1,FC2,0.0003926818756051868
alpha,218,3,42,O1,AF8,0.0003542459696412241
alpha,219,3,43,O1,FC1,0.000330381575339557
alpha,220,3,44,O1,FC3,0.0002694773920133956
alpha,221,3,45,O1,FC5,0.0002455347904354268
alpha,222,3,46,O1,FT7,0.00025401897848913933
alpha,223,3,47,O1,F8,0.0002816509114386466
alpha,224,3,48,O1,F6,0.0002687373256775505
alpha,225,3,49,O1,F4,0.00032240740202519713
alpha,226,3,50,O1,F2,0.00034540188496013133
alpha,227,3,51,O1,Fz,0.00029832403991924205
alpha,228,3,52,O1,F1,0.00028425585481301683
alpha,229,3,53,O1,F3,0.00024835831810751885
alpha,230,3,54,O1,F5,0.0001975032049743166
alpha,231,3,55,O1,F7,0.00022588389673399602
alpha,232,3,56,O1,AF4,0.00023203632951007317
alpha,233,3,57,O1,AF7,0.0002205952265201122
alpha,234,3,58,O1,AF3,0.00023424455389748684
alpha,235,3,59,O1,Fp2,0.00021140240550991842
alpha,236,3,60,O1,Fpz,0.0002274328892915835
alpha,237,3,61,O1,Fp1,0.0002203675005618605
alpha,238,4,5,PO8,PO4,0.0003595273596917728
alpha,239,4,6,PO8,POz,0.0003156047702114205
alpha,240,4,7,PO8,PO3,0.0003063484971261529
alpha,241,4,8,PO8,PO7,0.00031424059783427365
alpha,242,4,9,PO8,P8,0.0003599785143141069
alpha,243,4,10,PO8,P6,0.00027729272513177255
alpha,244,4,11,PO8,P4,0.0002536792755997773
alpha,245,4,12,PO8,P2,0.00021430372619248285
alpha,246,4,13,PO8,Pz,0.0002296616753496127
alpha,247,4,14,PO8,P1,0.00023326874017878842
alpha,248,4,15,PO8,P3,0.00025349822004279904
alpha,249,4,16,PO8,P5,0.0002680517871398276
alpha,250,4,17,PO8,P7,0.00026276377399153385
alpha,251,4,18,PO8,TP10,0.0003397613868011643
alpha,252,4,19,PO8,TP8,0.00027369494891148926
alpha,253,4,20,PO8,CP6,0.00026443711678067916
alpha,254,4,21,PO8,CP4,0.00024099388310932138
alpha,255,4,22,PO8,CP2,0.00021896046281929616
alpha,256,4,23,PO8,CPz,0.0002233848472561378
alpha,257,4,24,PO8,CP1,0.000247349918805284
alpha,258,4,25,PO8,CP3,0.000286817899252785
alpha,259,4,26,PO8,CP5,0.0002590627096044116
alpha,260,4,27,PO8,TP7,0.0002665061900170575
alpha,261,4,28,PO8,TP9,0.00028821756795324835
alpha,262,4,29,PO8,T8,0.00028245147210587373
alpha,263,4,30,PO8,C6,0.00027709158714987693
alpha,264,4,31,PO8,C4,0.00028785162062400894
alpha,265,4,32,PO8,C2,0.00023751934652776894
alpha,266,4,33,PO8,Cz,0.000289247393481511
alpha,267,4,34,PO8,C1,0.0002842676043987923
alpha,268,4,35,PO8,C3,0.0003541244670402587
alpha,269,4,36,PO8,C5,0.00035808537927619163
alpha,270,4,37,PO8,T7,0.00023614632981669567
alpha,271,4,38,PO8,FT8,0.0002561624305521907
alpha,272,4,39,PO8,FC6,0.00030985218179989176
alpha,273,4,40,PO8,FC4,0.0003002301820563235
alpha,274,4,41,PO8,FC2,0.0002877167935027935
alpha,275,4,42,PO8,AF8,0.00034202232499532697
alpha,276,4,43,PO8,FC1,0.00038071419946874614
alpha,277,4,44,PO8,FC3,0.0003864313740655311
alpha,278,4,45,PO8,FC5,0.00030733147301299156
alpha,279,4,46,PO8,FT7,0.00025992890740119393
alpha,280,4,47,PO8,F8,0.0002463929451579047
alpha,281,4,48,PO8,F6,0.00027988248710970583
alpha,282,4,49,PO8,F4,0.0002781561463286526
alpha,283,4,50,PO8,F2,0.00027407388595321206
alpha,284,4,51,PO8,Fz,0.00030617936069811044
alpha,285,4,52,PO8,F1,0.0003243923988777931
alpha,286,4,53,PO8,F3,0.0003087568028349226
alpha,287,4,54,PO8,F5,0.0002675013005764313
alpha,288,4,55,PO8,F7,0.0002804159598915162
alpha,289,4,56,PO8,AF4,0.00027211108758783836
alpha,290,4,57,PO8,AF7,0.00026704690145163323
alpha,291,4,58,PO8,AF3,0.0002708969442261782
alpha,292,4,59,PO8,Fp2,0.00024071363926910218
alpha,293,4,60,PO8,Fpz,0.00024524084526976345
alpha,294,4,61,PO8,Fp1,0.0002469736720874799
alpha,295,5,6,PO4,POz,0.0003963150835765178
alpha,296,5,7,PO4,PO3,0.00029555558794163957
alpha,297,5,8,PO4,PO7,0.000251411415669874
alpha,298,5,9,PO4,P8,0.00033821784246876346
alpha,299,5,10,PO4,P6,0.0003869574548131879
alpha,300,5,11,PO4,P4,0.0002630357570052801
alpha,301,5,12,PO4,P2,0.00023094887608167725
alpha,302,5,13,PO4,Pz,0.00024695947326655403
alpha,303,5,14,PO4,P1,0.00023481287182808768
alpha,304,5,15,PO4,P3,0.00029718801880005693
alpha,305,5,16,PO4,P5,0.00028874256731245605
alpha,306,5,17,PO4,P7,0.00024430564769535953
alpha,307,5,18,PO4,TP10,0.00030503327956563775
alpha,308,5,19,PO4,TP8,0.0002620307037144385
alpha,309,5,20,PO4,CP6,0.00028965072865216207
alpha,310,5,21,PO4,CP4,0.0002475375482745147
alpha,311,5,22,PO4,CP2,0.0001884506481344787
alpha,312,5,23,PO4,CPz,0.0002200193328441179
alpha,313,5,24,PO4,CP1,0.0002818537045409171
alpha,314,5,25,PO4,CP3,0.00021607559317051085
alpha,315,5,26,PO4,CP5,0.00024866722897107327
alpha,316,5,27,PO4,TP7,0.00021263462420135102
alpha,317,5,28,PO4,TP9,0.0002535296508751601
alpha,318,5,29,PO4,T8,0.0002872257776864738
alpha,319,5,30,PO4,C6,0.0003137664750262325
alpha,320,5,31,PO4,C4,0.00019325543343096476
alpha,321,5,32,PO4,C2,0.00015431148008542673
alpha,322,5,33,PO4,Cz,0.00020890839945583386
alpha,323,5,34,PO4,C1,0.00024037918812086097
alpha,324,5,35,PO4,C3,0.000309406622292731
alpha,325,5,36,PO4,C5,0.00031456947092968815
alpha,326,5,37,PO4,T7,0.0002413398898146212
alpha,327,5,38,PO4,FT8,0.000311917610605131
alpha,328,5,39,PO4,FC6,0.0003264941406670662
alpha,329,5,40,PO4,FC4,0.0002434594930252908
alpha,330,5,41,PO4,FC2,0.00019493811739879625
alpha,331,5,42,PO4,AF8,0.0002340165819931835
alpha,332,5,43,PO4,FC1,0.00028847634483990795
alpha,333,5,44,PO4,FC3,0.00034943201255191296
alpha,334,5,45,PO4,FC5,0.00033537161788444033
alpha,335,5,46,PO4,FT7,0.0002547570911444718
alpha,336,5,47,PO4,F8,0.0003177857483394603
alpha,337,5,48,PO4,F6,0.0002989285156581278
alpha,338,5,49,PO4,F4,0.0003058481748822373
alpha,339,5,50,PO4,F2,0.00027183646940898864
alpha,340,5,51,PO4,Fz,0.0002622277978650485
alpha,341,5,52,PO4,F1,0.0002880381368883434
alpha,342,5,53,PO4,F3,0.0003287306664175485
alpha,343,5,54,PO4,F5,0.00033024909936816573
alpha,344,5,55,PO4,F7,0.0003299648891245496
alpha,345,5,56,PO4,AF4,0.0003168820281135185
alpha,346,5,57,PO4,AF7,0.0003199480527568264
alpha,347,5,58,PO4,AF3,0.00034650315072724087
alpha,348,5,59,PO4,Fp2,0.00032891885074640495
alpha,349,5,60,PO4,Fpz,0.00032475249591478416
alpha,350,5,61,PO4,Fp1,0.00034857793508601684
alpha,351,6,7,POz,PO3,0.000340176488491516
alpha,352,6,8,POz,PO7,0.0003067674455762285
alpha,353,6,9,POz,P8,0.0002740688127316108
alpha,354,6,10,POz,P6,0.00036385869422820785
alpha,355,6,11,POz,P4,0.00034444679401711246
alpha,356,6,12,POz,P2,0.0002873949857918723
alpha,357,6,13,POz,Pz,0.0002927682405263097
alpha,358,6,14,POz,P1,0.00029171067586463453
alpha,359,6,15,POz,P3,0.00034717467150471507
alpha,360,6,16,POz,P5,0.0003121089518729633
alpha,361,6,17,POz,P7,0.00025911722478272786
alpha,362,6,18,POz,TP10,0.0002802482394393255
alpha,363,6,19,POz,TP8,0.0002687560201807567
alpha,364,6,20,POz,CP6,0.0003559739210594774
alpha,365,6,21,POz,CP4,0.00027003839075935907
alpha,366,6,22,POz,CP2,0.00023266603323116985
alpha,367,6,23,POz,CPz,0.00023572809343091949
alpha,368,6,24,POz,CP1,0.0002610666962416052
alpha,369,6,25,POz,CP3,0.00029786695777948716
alpha,370,6,26,POz,CP5,0.00027035304632778084
alpha,371,6,27,POz,TP7,0.0002149915098923466
alpha,372,6,28,POz,TP9,0.00024109892012326756
alpha,373,6,29,POz,T8,0.00030208528195375955
alpha,374,6,30,POz,C6,0.0003376893571714541
alpha,375,6,31,POz,C4,0.0002458338904838185
alpha,376,6,32,POz,C2,0.00021404213679717004
alpha,377,6,33,POz,Cz,0.00022483013315766068
alpha,378,6,34,POz,C1,0.00023319920747583704
alpha,379,6,35,POz,C3,0.0002651898663289124
alpha,380,6,36,POz,C5,0.0002885823023028857
alpha,381,6,37,POz,T7,0.00028028407699709365
alpha,382,6,38,POz,FT8,0.0003478253272668525
alpha,383,6,39,POz,FC6,0.0004014855535390711
alpha,384,6,40,POz,FC4,0.0003270906884300144
alpha,385,6,41,POz,FC2,0.00027465468812337007
alpha,386,6,42,POz,AF8,0.00026967440919781866
alpha,387,6,43,POz,FC1,0.0002881404175958936
alpha,388,6,44,POz,FC3,0.0002837605334839547
alpha,389,6,45,POz,FC5,0.00029064184859051097
alpha,390,6,46,POz,FT7,0.00031534302958640575
alpha,391,6,47,POz,F8,0.00032074135978184167
alpha,392,6,48,POz,F6,0.0003789887647969913
alpha,393,6,49,POz,F4,0.0003424220020449626
alpha,394,6,50,POz,F2,0.00030549905082323655
alpha,395,6,51,POz,Fz,0.00030796462300381757
alpha,396,6,52,POz,F1,0.0003269809225757819
alpha,397,6,53,POz,F3,0.00030414164710469737
alpha,398,6,54,POz,F5,0.0003694901777592999
alpha,399,6,55,POz,F7,0.00034197591580738615
alpha,400,6,56,POz,AF4,0.00037971136653592056
alpha,401,6,57,POz,AF7,0.0003503078426783409
alpha,402,6,58,POz,AF3,0.00035089489197467514
alpha,403,6,59,POz,Fp2,0.0004002673249917641
alpha,404,6,60,POz,Fpz,0.0003938801808688969
alpha,405,6,61,POz,Fp1,0.0003830031869385795
alpha,406,7,8,PO3,PO7,0.0002663964216814559
alpha,407,7,9,PO3,P8,0.000289239620008293
alpha,408,7,10,PO3,P6,0.00026184467939263016
alpha,409,7,11,PO3,P4,0.00027203458149740046
alpha,410,7,12,PO3,P2,0.0002372467059256399
alpha,411,7,13,PO3,Pz,0.0002960325228721565
alpha,412,7,14,PO3,P1,0.00027276037475599933
alpha,413,7,15,PO3,P3,0.0002942933240691889
alpha,414,7,16,PO3,P5,0.0003857700021773959
alpha,415,7,17,PO3,P7,0.0003087390785989208
alpha,416,7,18,PO3,TP10,0.0002665407425880408
alpha,417,7,19,PO3,TP8,0.00026061640866848325
alpha,418,7,20,PO3,CP6,0.0002588454722994635
alpha,419,7,21,PO3,CP4,0.00024160373523015303
alpha,420,7,22,PO3,CP2,0.00020127722521701632
alpha,421,7,23,PO3,CPz,0.0002685963835372594
alpha,422,7,24,PO3,CP1,0.000252222120928595
alpha,423,7,25,PO3,CP3,0.0002714160872287593
alpha,424,7,26,PO3,CP5,0.000321114626706272
alpha,425,7,27,PO3,TP7,0.0002684818102341698
alpha,426,7,28,PO3,TP9,0.00020961080393578678
alpha,427,7,29,PO3,T8,0.00028117076132765074
alpha,428,7,30,PO3,C6,0.0002967732554718993
alpha,429,7,31,PO3,C4,0.0003130720392981296
alpha,430,7,32,PO3,C2,0.00020221943021590913
alpha,431,7,33,PO3,Cz,0.00022881179280968977
alpha,432,7,34,PO3,C1,0.00021449944341815278
alpha,433,7,35,PO3,C3,0.00023531697675743617
alpha,434,7,36,PO3,C5,0.000261673215302876
alpha,435,7,37,PO3,T7,0.00026141530411384595
alpha,436,7,38,PO3,FT8,0.00033146960929176215
alpha,437,7,39,PO3,FC6,0.00034690370626726523
alpha,438,7,40,PO3,FC4,0.0003134091467718204
alpha,439,7,41,PO3,FC2,0.00025744589287504053
alpha,440,7,42,PO3,AF8,0.00027677705424224077
alpha,441,7,43,PO3,FC1,0.0002483042615799672
alpha,442,7,44,PO3,FC3,0.00023236452547890904
alpha,443,7,45,PO3,FC5,0.0002989422057829296
alpha,444,7,46,PO3,FT7,0.0002535716561508599
alpha,445,7,47,PO3,F8,0.00027411291660568867
alpha,446,7,48,PO3,F6,0.0003375827524788674
alpha,447,7,49,PO3,F4,0.0003255970155199874
alpha,448,7,50,PO3,F2,0.0003295012824265581
alpha,449,7,51,PO3,Fz,0.00029666005342301267
alpha,450,7,52,PO3,F1,0.000269407972367841
alpha,451,7,53,PO3,F3,0.00028623629290788245
alpha,452,7,54,PO3,F5,0.00030129947138191857
alpha,453,7,55,PO3,F7,0.0002813135588032341
alpha,454,7,56,PO3,AF4,0.00031744977342616386
alpha,455,7,57,PO3,AF7,0.00031498297300664596
alpha,456,7,58,PO3,AF3,0.0003336792328094428
alpha,457,7,59,PO3,Fp2,0.00032952062765912284
alpha,458,7,60,PO3,Fpz,0.00033658621131423574
alpha,459,7,61,PO3,Fp1,0.00032762213201528387
alpha,460,8,9,PO7,P8,0.0002901916848453509
alpha,461,8,10,PO7,P6,0.0002513210103355896
alpha,462,8,11,PO7,P4,0.00022360338135268666
alpha,463,8,12,PO7,P2,0.00022063684759621069
alpha,464,8,13,PO7,Pz,0.0002502184098143322
alpha,465,8,14,PO7,P1,0.00023196842800939782
alpha,466,8,15,PO7,P3,0.0002878737514708184
alpha,467,8,16,PO7,P5,0.0002839412310111028
alpha,468,8,17,PO7,P7,0.00032268926327061345
alpha,469,8,18,PO7,TP10,0.00027670923123971253
alpha,470,8,19,PO7,TP8,0.0003156027933538316
alpha,471,8,20,PO7,CP6,0.0002513026831091682
alpha,472,8,21,PO7,CP4,0.00020005774988844167
alpha,473,8,22,PO7,CP2,0.00019890901769570408
alpha,474,8,23,PO7,CPz,0.0002549404303191049
alpha,475,8,24,PO7,CP1,0.00028760092605867516
alpha,476,8,25,PO7,CP3,0.0003009263289079212
alpha,477,8,26,PO7,CP5,0.0003030189953471512
alpha,478,8,27,PO7,TP7,0.0003132911815611029
alpha,479,8,28,PO7,TP9,0.0002965708157984806
alpha,480,8,29,PO7,T8,0.00026605670622113775
alpha,481,8,30,PO7,C6,0.00036335833178366157
alpha,482,8,31,PO7,C4,0.0003209261069816294
alpha,483,8,32,PO7,C2,0.000268714338264305
alpha,484,8,33,PO7,Cz,0.00028461972939625065
alpha,485,8,34,PO7,C1,0.00028188208982397753
alpha,486,8,35,PO7,C3,0.00029671772497809703
alpha,487,8,36,PO7,C5,0.0003172124019422505
alpha,488,8,37,PO7,T7,0.00024237014181339441
alpha,489,8,38,PO7,FT8,0.00028762383985902
alpha,490,8,39,PO7,FC6,0.0003639008991786623
alpha,491,8,40,PO7,FC4,0.00037232786051988786
alpha,492,8,41,PO7,FC2,0.0003691574754171759
alpha,493,8,42,PO7,AF8,0.00031935155806081885
alpha,494,8,43,PO7,FC1,0.0003138287606354413
alpha,495,8,44,PO7,FC3,0.00031416730076224537
alpha,496,8,45,PO7,FC5,0.00022529173439221416
alpha,497,8,46,PO7,FT7,0.00023981216916679348
alpha,498,8,47,PO7,F8,0.00026115462484510593
alpha,499,8,48,PO7,F6,0.00025405824042972863
alpha,500,8,49,PO7,F4,0.0002888812315808587
alpha,501,8,50,PO7,F2,0.00028696065574951475
alpha,502,8,51,PO7,Fz,0.000273799605148138
alpha,503,8,52,PO7,F1,0.0002640594888964712
alpha,504,8,53,PO7,F3,0.00024842559397580174
alpha,505,8,54,PO7,F5,0.00022566526183305218
alpha,506,8,55,PO7,F7,0.00026578933571656924
alpha,507,8,56,PO7,AF4,0.00022355935212488336
alpha,508,8,57,PO7,AF7,0.00024067721919332485
alpha,509,8,58,PO7,AF3,0.00022963658838755837
alpha,510,8,59,PO7,Fp2,0.00022488925153737161
alpha,511,8,60,PO7,Fpz,0.00024405839332168936
alpha,512,8,61,PO7,Fp1,0.0002332966766648631
alpha,513,9,10,P8,P6,0.000296773694409157
alpha,514,9,11,P8,P4,0.0002807065550909534
alpha,515,9,12,P8,P2,0.00023073623398830982
alpha,516,9,13,P8,Pz,0.00022315116193495502
alpha,517,9,14,P8,P1,0.00022080279057745995
alpha,518,9,15,P8,P3,0.00022291309151570366
alpha,519,9,16,P8,P5,0.00026598110199551456
alpha,520,9,17,P8,P7,0.00030404226628391975
alpha,521,9,18,P8,TP10,0.0003140027369478716
alpha,522,9,19,P8,TP8,0.00023360447148504824
alpha,523,9,20,P8,CP6,0.0003200584993450341
alpha,524,9,21,P8,CP4,0.0002692289793054483
alpha,525,9,22,P8,CP2,0.0002549380668926697
alpha,526,9,23,P8,CPz,0.00024200723268807115
alpha,527,9,24,P8,CP1,0.0002642552638647112
alpha,528,9,25,P8,CP3,0.0003091481400813708
alpha,529,9,26,P8,CP5,0.00024690144277607215
alpha,530,9,27,P8,TP7,0.0002696491497226341
alpha,531,9,28,P8,TP9,0.000296587283732653
alpha,532,9,29,P8,T8,0.0002456983508300541
alpha,533,9,30,P8,C6,0.0003503536496732816
alpha,534,9,31,P8,C4,0.0003268992436781278
alpha,535,9,32,P8,C2,0.0002484912776839328
alpha,536,9,33,P8,Cz,0.0003392434910562598
alpha,537,9,34,P8,C1,0.0003558684498996358
alpha,538,9,35,P8,C3,0.00036463506715169434
alpha,539,9,36,P8,C5,0.0003485133312003103
alpha,540,9,37,P8,T7,0.00029117313794599245
alpha,541,9,38,P8,FT8,0.0002362242764499407
alpha,542,9,39,P8,FC6,0.00024493087190712075
alpha,543,9,40,P8,FC4,0.00030334942628076184
alpha,544,9,41,P8,FC2,0.00028977722246658537
alpha,545,9,42,P8,AF8,0.0002984865901471428
alpha,546,9,43,P8,FC1,0.00035767852907658213
alpha,547,9,44,P8,FC3,0.0004169507901205221
alpha,548,9,45,P8,FC5,0.00030626426559326303
alpha,549,9,46,P8,FT7,0.00030567938029164865
alpha,550,9,47,P8,F8,0.0002275295390905667
alpha,551,9,48,P8,F6,0.00023710549989243044
alpha,552,9,49,P8,F4,0.00021969914108621737
alpha,553,9,50,P8,F2,0.0002664369361081072
alpha,554,9,51,P8,Fz,0.0002784651965296428
alpha,555,9,52,P8,F1,0.0002817207156237768
alpha,556,9,53,P8,F3,0.00026431090381471716
alpha,557,9,54,P8,F5,0.000232610094510304
alpha,558,9,55,P8,F7,0.00027516981451044273
alpha,559,9,56,P8,AF4,0.00022781496428510035
alpha,560,9,57,P8,AF7,0.00024659928758589674
alpha,561,9,58,P8,AF3,0.00024500993225006005
alpha,562,9,59,P8,Fp2,0.00022906824995033302
alpha,563,9,60,P8,Fpz,0.0002486996017015112
alpha,564,9,61,P8,Fp1,0.00026246973755648364
alpha,565,10,11,P6,P4,0.00025453601089456105
alpha,566,10,12,P6,P2,0.00024203150429915276
alpha,567,10,13,P6,Pz,0.0002526286592561413
alpha,568,10,14,P6,P1,0.0002394563661778511
alpha,569,10,15,P6,P3,0.00026881819241349723
alpha,570,10,16,P6,P5,0.00024366751810036107
alpha,571,10,17,P6,P7,0.00024005375768530553
alpha,572,10,18,P6,TP10,0.0002842047772975965
alpha,573,10,19,P6,TP8,0.00021120852048714058
alpha,574,10,20,P6,CP6,0.00025566202764928296
alpha,575,10,21,P6,CP4,0.0002441503362257965
alpha,576,10,22,P6,CP2,0.000246650388535669
alpha,577,10,23,P6,CPz,0.00019419455236153533
alpha,578,10,24,P6,CP1,0.00022913189403948124
alpha,579,10,25,P6,CP3,0.0002831972631605747
alpha,580,10,26,P6,CP5,0.0002271434726325645
alpha,581,10,27,P6,TP7,0.00023746773751774506
alpha,582,10,28,P6,TP9,0.00026417887459304594
alpha,583,10,29,P6,T8,0.0002612791375402922
alpha,584,10,30,P6,C6,0.0002921158135559122
alpha,585,10,31,P6,C4,0.00024272029706793363
alpha,586,10,32,P6,C2,0.00022394927026712788
alpha,587,10,33,P6,Cz,0.00022801334086651964
alpha,588,10,34,P6,C1,0.00022365969805341712
alpha,589,10,35,P6,C3,0.0002921720519717932
alpha,590,10,36,P6,C5,0.00034747599486015013
alpha,591,10,37,P6,T7,0.000283694993415899
alpha,592,10,38,P6,FT8,0.00026687470412184525
alpha,593,10,39,P6,FC6,0.0002473346269175518
alpha,594,10,40,P6,FC4,0.000295763452072594
alpha,595,10,41,P6,FC2,0.00023203432564736915
alpha,596,10,42,P6,AF8,0.00025438767694901113
alpha,597,10,43,P6,FC1,0.00029526113740872546
alpha,598,10,44,P6,FC3,0.0003285372529621391
alpha,599,10,45,P6,FC5,0.00033990565671278576
alpha,600,10,46,P6,FT7,0.0003010474874799565
alpha,601,10,47,P6,F8,0.0002887565690257995
alpha,602,10,48,P6,F6,0.0002610480569638188
alpha,603,10,49,P6,F4,0.0002778980173078977
alpha,604,10,50,P6,F2,0.00026858201704127454
alpha,605,10,51,P6,Fz,0.00024783319512971597
alpha,606,10,52,P6,F1,0.00027979467953409846
alpha,607,10,53,P6,F3,0.0002940280265261778
alpha,608,10,54,P6,F5,0.0002789225401526918
alpha,609,10,55,P6,F7,0.0002723403238406037
alpha,610,10,56,P6,AF4,0.0003169872461163484
alpha,611,10,57,P6,AF7,0.00028224724343966855
alpha,612,10,58,P6,AF3,0.00028439265361181393
alpha,613,10,59,P6,Fp2,0.00028081761118590933
alpha,614,10,60,P6,Fpz,0.00030988334046088046
alpha,615,10,61,P6,Fp1,0.00028893013662946313
alpha,616,11,12,P4,P2,0.0002858985911708985
alpha,617,11,13,P4,Pz,0.0003351003518043545
alpha,618,11,14,P4,P1,0.00027013002957593224
alpha,619,11,15,P4,P3,0.0002887901696244591
alpha,620,11,16,P4,P5,0.00023318974166567963
alpha,621,11,17,P4,P7,0.00021089233146108158
alpha,622,11,18,P4,TP10,0.0002882823010864618
alpha,623,11,19,P4,TP8,0.00023327802827268745
alpha,624,11,20,P4,CP6,0.00032335006893325594
alpha,625,11,21,P4,CP4,0.00023528833998256413
alpha,626,11,22,P4,CP2,0.00021051017259622796
alpha,627,11,23,P4,CPz,0.00019589499800416895
alpha,628,11,24,P4,CP1,0.0002684465049840979
alpha,629,11,25,P4,CP3,0.00026561250873629135
alpha,630,11,26,P4,CP5,0.00023686970840584468
alpha,631,11,27,P4,TP7,0.0001939107784555801
alpha,632,11,28,P4,TP9,0.00026171931389028626
alpha,633,11,29,P4,T8,0.00026089468966104264
alpha,634,11,30,P4,C6,0.0003122971769091063
alpha,635,11,31,P4,C4,0.00021454337551031293
alpha,636,11,32,P4,C2,0.0001986832487259007
alpha,637,11,33,P4,Cz,0.0002087250081995834
alpha,638,11,34,P4,C1,0.00017473990461108857
alpha,639,11,35,P4,C3,0.0002428291194887358
alpha,640,11,36,P4,C5,0.0003247691184415998
alpha,641,11,37,P4,T7,0.00024561890867696616
alpha,642,11,38,P4,FT8,0.0002594653167521723
alpha,643,11,39,P4,FC6,0.00026901295929381534
alpha,644,11,40,P4,FC4,0.00020030787790455249
alpha,645,11,41,P4,FC2,0.00017979420679101844
alpha,646,11,42,P4,AF8,0.00020629911511069041
alpha,647,11,43,P4,FC1,0.0002074761247000911
alpha,648,11,44,P4,FC3,0.00023098885278897524
alpha,649,11,45,P4,FC5,0.000321991089572579
alpha,650,11,46,P4,FT7,0.0003564350710890584
alpha,651,11,47,P4,F8,0.00028404915217961367
alpha,652,11,48,P4,F6,0.0002513884669681567
alpha,653,11,49,P4,F4,0.00020492586608516746
alpha,654,11,50,P4,F2,0.00019938096898489385
alpha,655,11,51,P4,Fz,0.00022346727606308085
alpha,656,11,52,P4,F1,0.00023483178648319716
alpha,657,11,53,P4,F3,0.00026428553793605335
alpha,658,11,54,P4,F5,0.00030919579031317315
alpha,659,11,55,P4,F7,0.00034504049803483886
alpha,660,11,56,P4,AF4,0.0002738869213488023
alpha,661,11,57,P4,AF7,0.00028530141309085364
alpha,662,11,58,P4,AF3,0.00029881162019663803
alpha,663,11,59,P4,Fp2,0.00028049158473344695
alpha,664,11,60,P4,Fpz,0.0002908122179420727
alpha,665,11,61,P4,Fp1,0.0002899796696816649
alpha,666,12,13,P2,Pz,0.00032591783631452556
alpha,667,12,14,P2,P1,0.0003269835962295881
alpha,668,12,15,P2,P3,0.00027240779450282156
alpha,669,12,16,P2,P5,0.00024167375602905558
alpha,670,12,17,P2,P7,0.00020636840561512115
alpha,671,12,18,P2,TP10,0.00026708022747120864
alpha,672,12,19,P2,TP8,0.000263081054929892
alpha,673,12,20,P2,CP6,0.0003519740659663014
alpha,674,12,21,P2,CP4,0.000287504052843196
alpha,675,12,22,P2,CP2,0.0002483825429696022
alpha,676,12,23,P2,CPz,0.0001908372251348506
alpha,677,12,24,P2,CP1,0.00028889673822725837
alpha,678,12,25,P2,CP3,0.0002647206827681971
alpha,679,12,26,P2,CP5,0.00027546230211816574
alpha,680,12,27,P2,TP7,0.00020601676217852095
alpha,681,12,28,P2,TP9,0.0002851883004400965
alpha,682,12,29,P2,T8,0.0003106928767644633
alpha,683,12,30,P2,C6,0.00030859543862425036
alpha,684,12,31,P2,C4,0.00022951424442170247
alpha,685,12,32,P2,C2,0.00018479159621681297
alpha,686,12,33,P2,Cz,0.00020837133129706026
alpha,687,12,34,P2,C1,0.0001767458696989009
alpha,688,12,35,P2,C3,0.00022327768288743374
alpha,689,12,36,P2,C5,0.00032457862546528884
alpha,690,12,37,P2,T7,0.0003309697816353297
alpha,691,12,38,P2,FT8,0.0003281436215299713
alpha,692,12,39,P2,FC6,0.00028784528414608335
alpha,693,12,40,P2,FC4,0.00021053906923619914
alpha,694,12,41,P2,FC2,0.000173172870689399
alpha,695,12,42,P2,AF8,0.00017204591539167675
alpha,696,12,43,P2,FC1,0.0001834593302628157
alpha,697,12,44,P2,FC3,0.00021323014949024567
alpha,698,12,45,P2,FC5,0.0002727777996997914
alpha,699,12,46,P2,FT7,0.00031187769957669145
alpha,700,12,47,P2,F8,0.0003462740972894525
alpha,701,12,48,P2,F6,0.0003000186611467999
alpha,702,12,49,P2,F4,0.00020387362963547682
alpha,703,12,50,P2,F2,0.00018049431589990683
alpha,704,12,51,P2,Fz,0.00018344508054994097
alpha,705,12,52,P2,F1,0.0001920892113695632
alpha,706,12,53,P2,F3,0.00021982081254192298
alpha,707,12,54,P2,F5,0.00029175589829075644
alpha,708,12,55,P2,F7,0.0003018038273341735
alpha,709,12,56,P2,AF4,0.00023848351058180202
alpha,710,12,57,P2,AF7,0.0002219587631362004
alpha,711,12,58,P2,AF3,0.00022339587842356749
alpha,712,12,59,P2,Fp2,0.000324754813223803
alpha,713,12,60,P2,Fpz,0.0003155703832824324
alpha,714,12,61,P2,Fp1,0.0003182233488692037
alpha,715,13,14,Pz,P1,0.00036687185427834186
alpha,716,13,15,Pz,P3,0.00028364503576492185
alpha,717,13,16,Pz,P5,0.0003107329305932226
alpha,718,13,17,Pz,P7,0.0002386359437542193
alpha,719,13,18,Pz,TP10,0.00025692407891207274
alpha,720,13,19,Pz,TP8,0.0002329682895979941
alpha,721,13,20,Pz,CP6,0.0003209892357682965
alpha,722,13,21,Pz,CP4,0.00031879393867790417
alpha,723,13,22,Pz,CP2,0.0002850549354289982
alpha,724,13,23,Pz,CPz,0.00018464714036391485
alpha,725,13,24,Pz,CP1,0.0002716337801956786
alpha,726,13,25,Pz,CP3,0.0002972417876870151
alpha,727,13,26,Pz,CP5,0.00028652233341260557
alpha,728,13,27,Pz,TP7,0.0002490251328315149
alpha,729,13,28,Pz,TP9,0.0002691272415722678
alpha,730,13,29,Pz,T8,0.000283248776213825
alpha,731,13,30,Pz,C6,0.00027124117646660687
alpha,732,13,31,Pz,C4,0.0002780069384651776
alpha,733,13,32,Pz,C2,0.00019028702642695066
alpha,734,13,33,Pz,Cz,0.00020782634017322567
alpha,735,13,34,Pz,C1,0.00016436219210732656
alpha,736,13,35,Pz,C3,0.00021728418204860323
alpha,737,13,36,Pz,C5,0.00033868388362185494
alpha,738,13,37,Pz,T7,0.00032034234193835636
alpha,739,13,38,Pz,FT8,0.0003559108915036613
alpha,740,13,39,Pz,FC6,0.00035225483284944157
alpha,741,13,40,Pz,FC4,0.00023794280756561184
alpha,742,13,41,Pz,FC2,0.00020062351676501948
alpha,743,13,42,Pz,AF8,0.00019083008322205662
alpha,744,13,43,Pz,FC1,0.0001731561359939946
alpha,745,13,44,Pz,FC3,0.0002007711691299105
alpha,746,13,45,Pz,FC5,0.00028471319570616885
alpha,747,13,46,Pz,FT7,0.00035805167467886835
alpha,748,13,47,Pz,F8,0.0003320594944301541
alpha,749,13,48,Pz,F6,0.00032132552657181514
alpha,750,13,49,Pz,F4,0.00024531658052986846
alpha,751,13,50,Pz,F2,0.00020456692795231595
alpha,752,13,51,Pz,Fz,0.0001962285609033748
alpha,753,13,52,Pz,F1,0.00020031899627204116
alpha,754,13,53,Pz,F3,0.00022558492751417384
alpha,755,13,54,Pz,F5,0.0002736249273238731
alpha,756,13,55,Pz,F7,0.0003188705191171609
alpha,757,13,56,Pz,AF4,0.0003064839677730363
alpha,758,13,57,Pz,AF7,0.0002588827830814809
alpha,759,13,58,Pz,AF3,0.0002719241479968562
alpha,760,13,59,Pz,Fp2,0.0003634729601254705
alpha,761,13,60,Pz,Fpz,0.00035430375743288544
alpha,762,13,61,Pz,Fp1,0.0003425222015355954
alpha,763,14,15,P1,P3,0.0003106984923026923
alpha,764,14,16,P1,P5,0.000279576501061478
alpha,765,14,17,P1,P7,0.00021888349138176987
alpha,766,14,18,P1,TP10,0.00025582211699872587
alpha,767,14,19,P1,TP8,0.0002348584872112329
alpha,768,14,20,P1,CP6,0.00029522461968286526
alpha,769,14,21,P1,CP4,0.0003206360193088953
alpha,770,14,22,P1,CP2,0.00026108377478047893
alpha,771,14,23,P1,CPz,0.0002609448563656526
alpha,772,14,24,P1,CP1,0.00024315504110608726
alpha,773,14,25,P1,CP3,0.0002924450722298092
alpha,774,14,26,P1,CP5,0.00028584782232309123
alpha,775,14,27,P1,TP7,0.0002695659697148611
alpha,776,14,28,P1,TP9,0.00027014401233751235
alpha,777,14,29,P1,T8,0.0002398708441571799
alpha,778,14,30,P1,C6,0.0002597967827927816
alpha,779,14,31,P1,C4,0.0003090193331042213
alpha,780,14,32,P1,C2,0.0001982168830140128
alpha,781,14,33,P1,Cz,0.0002411592713649809
alpha,782,14,34,P1,C1,0.00017900746991319707
alpha,783,14,35,P1,C3,0.00022757736195577714
alpha,784,14,36,P1,C5,0.00028408408461130677
alpha,785,14,37,P1,T7,0.00029156899232953763
alpha,786,14,38,P1,FT8,0.00038838864776676756
alpha,787,14,39,P1,FC6,0.0003521055791866997
alpha,788,14,40,P1,FC4,0.0002165252312200685
alpha,789,14,41,P1,FC2,0.0002194840776049628
alpha,790,14,42,P1,AF8,0.0001947610870753221
alpha,791,14,43,P1,FC1,0.00018497437018276676
alpha,792,14,44,P1,FC3,0.00020314524991826513
alpha,793,14,45,P1,FC5,0.00028818668143030927
alpha,794,14,46,P1,FT7,0.0003116704275873597
alpha,795,14,47,P1,F8,0.0003628102902715662
alpha,796,14,48,P1,F6,0.0002914142324593334
alpha,797,14,49,P1,F4,0.0002174010686351671
alpha,798,14,50,P1,F2,0.00020621829525965704
alpha,799,14,51,P1,Fz,0.00019916240805368358
alpha,800,14,52,P1,F1,0.00020835946769226805
alpha,801,14,53,P1,F3,0.00020952047662671944
alpha,802,14,54,P1,F5,0.0002527158668026691
alpha,803,14,55,P1,F7,0.00029473999228938073
alpha,804,14,56,P1,AF4,0.0002336299119081509
alpha,805,14,57,P1,AF7,0.00021033661765016334
alpha,806,14,58,P1,AF3,0.00021912410271860127
alpha,807,14,59,P1,Fp2,0.00033248784608789887
alpha,808,14,60,P1,Fpz,0.0003120911658606221
alpha,809,14,61,P1,Fp1,0.00030947047352922186
alpha,810,15,16,P3,P5,0.0002560982794446749
alpha,811,15,17,P3,P7,0.00024124388485567209
alpha,812,15,18,P3,TP10,0.0002713955556570919
alpha,813,15,19,P3,TP8,0.00026389381334865065
alpha,814,15,20,P3,CP6,0.0002879310419358776
alpha,815,15,21,P3,CP4,0.0002707717615454812
alpha,816,15,22,P3,CP2,0.0002138174334453626
alpha,817,15,23,P3,CPz,0.0002910787406443649
alpha,818,15,24,P3,CP1,0.000268554724021432
alpha,819,15,25,P3,CP3,0.00027109114833980273
alpha,820,15,26,P3,CP5,0.00028525379684174684
alpha,821,15,27,P3,TP7,0.0002734503697654434
alpha,822,15,28,P3,TP9,0.0002546961371644464
alpha,823,15,29,P3,T8,0.00030124630347047306
alpha,824,15,30,P3,C6,0.0002859428654682561
alpha,825,15,31,P3,C4,0.00029648535846185165
alpha,826,15,32,P3,C2,0.00019482870595475128
alpha,827,15,33,P3,Cz,0.00025240454774264916
alpha,828,15,34,P3,C1,0.00022244170005298962
alpha,829,15,35,P3,C3,0.0002474393081572768
alpha,830,15,36,P3,C5,0.0002846717782674463
alpha,831,15,37,P3,T7,0.000283873117114576
alpha,832,15,38,P3,FT8,0.0003501466875203752
alpha,833,15,39,P3,FC6,0.0003864549643413664
alpha,834,15,40,P3,FC4,0.00031176840978045764
alpha,835,15,41,P3,FC2,0.00023991395277126376
alpha,836,15,42,P3,AF8,0.000238895391428648
alpha,837,15,43,P3,FC1,0.00022581249329352548
alpha,838,15,44,P3,FC3,0.0002308926095128493
alpha,839,15,45,P3,FC5,0.0002890483219315743
alpha,840,15,46,P3,FT7,0.00027037229777374973
alpha,841,15,47,P3,F8,0.000345255512358433
alpha,842,15,48,P3,F6,0.00034464320191894364
alpha,843,15,49,P3,F4,0.00029459451545846754
alpha,844,15,50,P3,F2,0.0002444497861987751
alpha,845,15,51,P3,Fz,0.00023077385592835194
alpha,846,15,52,P3,F1,0.00023489190304095743
alpha,847,15,53,P3,F3,0.0002471612222369627
alpha,848,15,54,P3,F5,0.0002596256446970534
alpha,849,15,55,P3,F7,0.0002840286139286591
alpha,850,15,56,P3,AF4,0.0003082166689027989
alpha,851,15,57,P3,AF7,0.00026946819250654237
alpha,852,15,58,P3,AF3,0.00027663880674349173
alpha,853,15,59,P3,Fp2,0.00033074195758749515
alpha,854,15,60,P3,Fpz,0.0003072012855820788
alpha,855,15,61,P3,Fp1,0.0002958091502026675
alpha,856,16,17,P5,P7,0.0002528907822356415
alpha,857,16,18,P5,TP10,0.00028515473796542426
alpha,858,16,19,P5,TP8,0.0003055807058334893
alpha,859,16,20,P5,CP6,0.00024220972001093703
alpha,860,16,21,P5,CP4,0.00024792085543095805
alpha,861,16,22,P5,CP2,0.00022614144517981203
alpha,862,16,23,P5,CPz,0.0002822384183837137
alpha,863,16,24,P5,CP1,0.00028320469520394726
alpha,864,16,25,P5,CP3,0.00028259596579302494
alpha,865,16,26,P5,CP5,0.0003344595229799492
alpha,866,16,27,P5,TP7,0.0002860922858231184
alpha,867,16,28,P5,TP9,0.00026651203431648276
alpha,868,16,29,P5,T8,0.00031024731386993047
alpha,869,16,30,P5,C6,0.0003559606770732385
alpha,870,16,31,P5,C4,0.0003054426272895536
alpha,871,16,32,P5,C2,0.00025499252007274746
alpha,872,16,33,P5,Cz,0.00029196599095984954
alpha,873,16,34,P5,C1,0.00025557375365495603
alpha,874,16,35,P5,C3,0.0003093041054935593
alpha,875,16,36,P5,C5,0.0002946721820128454
alpha,876,16,37,P5,T7,0.0002650046266440018
alpha,877,16,38,P5,FT8,0.00030685515978463477
alpha,878,16,39,P5,FC6,0.00034240811011107655
alpha,879,16,40,P5,FC4,0.0003209087514516003
alpha,880,16,41,P5,FC2,0.0002975339684842561
alpha,881,16,42,P5,AF8,0.0003023662428258781
alpha,882,16,43,P5,FC1,0.0002609534443610633
alpha,883,16,44,P5,FC3,0.0002603309901232492
alpha,884,16,45,P5,FC5,0.0002450662421609951
alpha,885,16,46,P5,FT7,0.0002559717245376189
alpha,886,16,47,P5,F8,0.000260580599011351
alpha,887,16,48,P5,F6,0.00030440393190359175
alpha,888,16,49,P5,F4,0.0002872211672768302
alpha,889,16,50,P5,F2,0.0002811046669762647
alpha,890,16,51,P5,Fz,0.00027074995469395934
alpha,891,16,52,P5,F1,0.00026103050970476373
alpha,892,16,53,P5,F3,0.0002470984393023705
alpha,893,16,54,P5,F5,0.00024738789928417665
alpha,894,16,55,P5,F7,0.00026442067510088434
alpha,895,16,56,P5,AF4,0.00026177832040832113
alpha,896,16,57,P5,AF7,0.000258419138833599
alpha,897,16,58,P5,AF3,0.0002785930954894445
alpha,898,16,59,P5,Fp2,0.0002588468655165163
alpha,899,16,60,P5,Fpz,0.00027304744421433134
alpha,900,16,61,P5,Fp1,0.0002705177390709663
alpha,901,17,18,P7,TP10,0.0003022855798187449
alpha,902,17,19,P7,TP8,0.0003136108468403595
alpha,903,17,20,P7,CP6,0.00028708447588915334
alpha,904,17,21,P7,CP4,0.00020438407089117845
alpha,905,17,22,P7,CP2,0.00023040474449752653
alpha,906,17,23,P7,CPz,0.00023685039941507858
alpha,907,17,24,P7,CP1,0.00025711855728685715
alpha,908,17,25,P7,CP3,0.00021530888056141856
alpha,909,17,26,P7,CP5,0.00026054051016446137
alpha,910,17,27,P7,TP7,0.0002835257234832417
alpha,911,17,28,P7,TP9,0.00027294622328563297
alpha,912,17,29,P7,T8,0.00028880985802700704
alpha,913,17,30,P7,C6,0.0003227767946474259
alpha,914,17,31,P7,C4,0.0003163790222051644
alpha,915,17,32,P7,C2,0.0002936055193086619
alpha,916,17,33,P7,Cz,0.0003123425198870481
alpha,917,17,34,P7,C1,0.00027749358332848395
alpha,918,17,35,P7,C3,0.0002635233465338792
alpha,919,17,36,P7,C5,0.00027846791920619447
alpha,920,17,37,P7,T7,0.00025043968739904305
alpha,921,17,38,P7,FT8,0.0002500071570439965
alpha,922,17,39,P7,FC6,0.00027746927072777843
alpha,923,17,40,P7,FC4,0.0003106104900023035
alpha,924,17,41,P7,FC2,0.0002554644427023742
alpha,925,17,42,P7,AF8,0.0002633536878887309
alpha,926,17,43,P7,FC1,0.00028539885539060505
alpha,927,17,44,P7,FC3,0.00024688033266145025
alpha,928,17,45,P7,FC5,0.000221547407155196
alpha,929,17,46,P7,FT7,0.00021656451653503483
alpha,930,17,47,P7,F8,0.00023722804147617688
alpha,931,17,48,P7,F6,0.0002326092749538828
alpha,932,17,49,P7,F4,0.0002238402563364795
alpha,933,17,50,P7,F2,0.00022585162545649
alpha,934,17,51,P7,Fz,0.0002513436722880185
alpha,935,17,52,P7,F1,0.00022526809729521614
alpha,936,17,53,P7,F3,0.0002242486475223161
alpha,937,17,54,P7,F5,0.00020690292521347215
alpha,938,17,55,P7,F7,0.00020150615693671016
alpha,939,17,56,P7,AF4,0.00019756861495173533
alpha,940,17,57,P7,AF7,0.00020528485430094864
alpha,941,17,58,P7,AF3,0.00020003950737308086
alpha,942,17,59,P7,Fp2,0.00020061087224341778
alpha,943,17,60,P7,Fpz,0.0002111938193483885
alpha,944,17,61,P7,Fp1,0.0002111003377571746
alpha,945,18,19,TP10,TP8,0.00027278858229160436
alpha,946,18,20,TP10,CP6,0.0003560597229023394
alpha,947,18,21,TP10,CP4,0.00031388047453410146
alpha,948,18,22,TP10,CP2,0.00030173417069250793
alpha,949,18,23,TP10,CPz,0.0003491770671161139
alpha,950,18,24,TP10,CP1,0.0003288769286905396
alpha,951,18,25,TP10,CP3,0.00037337667052133444
alpha,952,18,26,TP10,CP5,0.00032088983219310705
alpha,953,18,27,TP10,TP7,0.000307321938850707
alpha,954,18,28,TP10,TP9,0.00033944174054199264
alpha,955,18,29,TP10,T8,0.00031636699364543026
alpha,956,18,30,TP10,C6,0.00037364302302793893
alpha,957,18,31,TP10,C4,0.0003483333041934808
alpha,958,18,32,TP10,C2,0.00035296260953023744
alpha,959,18,33,TP10,Cz,0.00037234086953048606
alpha,960,18,34,TP10,C1,0.00034264599012594373
alpha,961,18,35,TP10,C3,0.0003506748612162366
alpha,962,18,36,TP10,C5,0.0003353084431442073
alpha,963,18,37,TP10,T7,0.0003019334106458025
alpha,964,18,38,TP10,FT8,0.00025114136468486995
alpha,965,18,39,TP10,FC6,0.00030012285255664165
alpha,966,18,40,TP10,FC4,0.00033823202670209713
alpha,967,18,41,TP10,FC2,0.00035996282914757413
alpha,968,18,42,TP10,AF8,0.00035655403270569983
alpha,969,18,43,TP10,FC1,0.00031016695144127024
alpha,970,18,44,TP10,FC3,0.0003100609601446638
alpha,971,18,45,TP10,FC5,0.00028450416530104497
alpha,972,18,46,TP10,FT7,0.00026359489396665474
alpha,973,18,47,TP10,F8,0.00022577361398190242
alpha,974,18,48,TP10,F6,0.00025922971169080355
alpha,975,18,49,TP10,F4,0.00029755173500752897
alpha,976,18,50,TP10,F2,0.0002931654195257698
alpha,977,18,51,TP10,Fz,0.0002827613240250755
alpha,978,18,52,TP10,F1,0.00027684116717466853
alpha,979,18,53,TP10,F3,0.000258275475598436
alpha,980,18,54,TP10,F5,0.0002677788337057518
alpha,981,18,55,TP10,F7,0.0002573543692547197
alpha,982,18,56,TP10,AF4,0.00026435485447320157
alpha,983,18,57,TP10,AF7,0.0002568841760221015
alpha,984,18,58,TP10,AF3,0.00024865176918929035
alpha,985,18,59,TP10,Fp2,0.0002398873996483306
alpha,986,18,60,TP10,Fpz,0.00023270743494796146
alpha,987,18,61,TP10,Fp1,0.0002519390511618715
alpha,988,19,20,TP8,CP6,0.00034196687992984413
alpha,989,19,21,TP8,CP4,0.0003673330721552944
alpha,990,19,22,TP8,CP2,0.00033749974032503316
alpha,991,19,23,TP8,CPz,0.0003558704787899613
alpha,992,19,24,TP8,CP1,0.0002859695124505943
alpha,993,19,25,TP8,CP3,0.0002946874630688526
alpha,994,19,26,TP8,CP5,0.0003171236034070437
alpha,995,19,27,TP8,TP7,0.0003231621182090535
alpha,996,19,28,TP8,TP9,0.00027793087678973057
alpha,997,19,29,TP8,T8,0.00023556699117932038
alpha,998,19,30,TP8,C6,0.0003167736549395095
alpha,999,19,31,TP8,C4,0.0003208603005907685
alpha,1000,19,32,TP8,C2,0.0002918499970299846
alpha,1001,19,33,TP8,Cz,0.0003019679342759981
alpha,1002,19,34,TP8,C1,0.00030892453060098765
alpha,1003,19,35,TP8,C3,0.0003293860117540436
alpha,1004,19,36,TP8,C5,0.0003691912155370469
alpha,1005,19,37,TP8,T7,0.0002963319064794009
alpha,1006,19,38,TP8,FT8,0.0002386917945692366
alpha,1007,19,39,TP8,FC6,0.00023594728635318853
alpha,1008,19,40,TP8,FC4,0.00027142012999152603
alpha,1009,19,41,TP8,FC2,0.0002636685127235091
alpha,1010,19,42,TP8,AF8,0.0002704787005551288
alpha,1011,19,43,TP8,FC1,0.0002844089682864409
alpha,1012,19,44,TP8,FC3,0.0002865186332140095
alpha,1013,19,45,TP8,FC5,0.0002628829621456975
alpha,1014,19,46,TP8,FT7,0.00028724441222939426
alpha,1015,19,47,TP8,F8,0.0002243333106398391
alpha,1016,19,48,TP8,F6,0.00022438933471939944
alpha,1017,19,49,TP8,F4,0.00022279053300068284
alpha,1018,19,50,TP8,F2,0.00023139096155696544
alpha,1019,19,51,TP8,Fz,0.00023052801491457833
alpha,1020,19,52,TP8,F1,0.00022619143412526445
alpha,1021,19,53,TP8,F3,0.00022145967650575855
alpha,1022,19,54,TP8,F5,0.0002512056422422369
alpha,1023,19,55,TP8,F7,0.00026196108092141096
alpha,1024,19,56,TP8,AF4,0.00021534540382361672
alpha,1025,19,57,TP8,AF7,0.00022347189862824898
alpha,1026,19,58,TP8,AF3,0.000218430309056867
alpha,1027,19,59,TP8,Fp2,0.00020136326178413116
alpha,1028,19,60,TP8,Fpz,0.00021978892567011579
alpha,1029,19,61,TP8,Fp1,0.00023912992431804293
alpha,1030,20,21,CP6,CP4,0.00033743391080330777
alpha,1031,20,22,CP6,CP2,0.0003305606877760316
alpha,1032,20,23,CP6,CPz,0.00032216536517368563
alpha,1033,20,24,CP6,CP1,0.0003498077127278113
alpha,1034,20,25,CP6,CP3,0.00035550059360771726
alpha,1035,20,26,CP6,CP5,0.00028710857373439664
alpha,1036,20,27,CP6,TP7,0.00031348655963291377
alpha,1037,20,28,CP6,TP9,0.00025571963909643556
alpha,1038,20,29,CP6,T8,0.00028709317743985804
alpha,1039,20,30,CP6,C6,0.0002947505106064812
alpha,1040,20,31,CP6,C4,0.00032554147480204506
alpha,1041,20,32,CP6,C2,0.00031453239061574067
alpha,1042,20,33,CP6,Cz,0.00026002428598984745
alpha,1043,20,34,CP6,C1,0.00026110007066960136
alpha,1044,20,35,CP6,C3,0.00030303286980087245
alpha,1045,20,36,CP6,C5,0.00029809022769354597
alpha,1046,20,37,CP6,T7,0.00032308142039556175
alpha,1047,20,38,CP6,FT8,0.00025652073416298853
alpha,1048,20,39,CP6,FC6,0.00026465238389442643
alpha,1049,20,40,CP6,FC4,0.00031933120634447586
alpha,1050,20,41,CP6,FC2,0.00026890241217400105
alpha,1051,20,42,CP6,AF8,0.00024442905417157386
alpha,1052,20,43,CP6,FC1,0.00023868867629813121
alpha,1053,20,44,CP6,FC3,0.0002765670542690352
alpha,1054,20,45,CP6,FC5,0.0003131522201907632
alpha,1055,20,46,CP6,FT7,0.0003457647512234787
alpha,1056,20,47,CP6,F8,0.00025390280999182727
alpha,1057,20,48,CP6,F6,0.00025551182737802095
alpha,1058,20,49,CP6,F4,0.00023662580827793576
alpha,1059,20,50,CP6,F2,0.0002491505045253575
alpha,1060,20,51,CP6,Fz,0.00024252471677087238
alpha,1061,20,52,CP6,F1,0.00024096645307019818
alpha,1062,20,53,CP6,F3,0.0002576275762811896
alpha,1063,20,54,CP6,F5,0.0002893230299872887
alpha,1064,20,55,CP6,F7,0.00032103732132827343
alpha,1065,20,56,CP6,AF4,0.00024706085433941894
alpha,1066,20,57,CP6,AF7,0.0002635332808998917
alpha,1067,20,58,CP6,AF3,0.00027975233965679485
alpha,1068,20,59,CP6,Fp2,0.00023894571307910605
alpha,1069,20,60,CP6,Fpz,0.00026601840496745207
alpha,1070,20,61,CP6,Fp1,0.00028457801765637
alpha,1071,21,22,CP4,CP2,0.0004123596097858887
alpha,1072,21,23,CP4,CPz,0.00037990535037998554
alpha,1073,21,24,CP4,CP1,0.00033937211509055016
alpha,1074,21,25,CP4,CP3,0.0003544593356340505
alpha,1075,21,26,CP4,CP5,0.0002971731671065592
alpha,1076,21,27,CP4,TP7,0.00024514020427069837
alpha,1077,21,28,CP4,TP9,0.00026906086970234096
alpha,1078,21,29,CP4,T8,0.00032872502877619864
alpha,1079,21,30,CP4,C6,0.00031174486814953867
alpha,1080,21,31,CP4,C4,0.0002569632354201921
alpha,1081,21,32,CP4,C2,0.00026789106786985495
alpha,1082,21,33,CP4,Cz,0.00030066085540774546
alpha,1083,21,34,CP4,C1,0.00026328934720249244
alpha,1084,21,35,CP4,C3,0.0003028400139858698
alpha,1085,21,36,CP4,C5,0.00030760953346368255
alpha,1086,21,37,CP4,T7,0.00030982487887646097
alpha,1087,21,38,CP4,FT8,0.00029267691672743335
alpha,1088,21,39,CP4,FC6,0.00021854305672643542
alpha,1089,21,40,CP4,FC4,0.000224485767276115
alpha,1090,21,41,CP4,FC2,0.00019172648152608238
alpha,1091,21,42,CP4,AF8,0.00018550896271573027
alpha,1092,21,43,CP4,FC1,0.00019744876906478578
alpha,1093,21,44,CP4,FC3,0.00020918815028347497
alpha,1094,21,45,CP4,FC5,0.000246756631254728
alpha,1095,21,46,CP4,FT7,0.0003138603239791833
alpha,1096,21,47,CP4,F8,0.00024878108735909603
alpha,1097,21,48,CP4,F6,0.0002002354586927017
alpha,1098,21,49,CP4,F4,0.00019407200302397324
alpha,1099,21,50,CP4,F2,0.00018110200765677673
alpha,1100,21,51,CP4,Fz,0.00017905360282836755
alpha,1101,21,52,CP4,F1,0.00017478377105886815
alpha,1102,21,53,CP4,F3,0.00020212875124118852
alpha,1103,21,54,CP4,F5,0.0002460099791560199
alpha,1104,21,55,CP4,F7,0.00025101291695184264
alpha,1105,21,56,CP4,AF4,0.00020924573578918223
alpha,1106,21,57,CP4,AF7,0.00020806132333826564
alpha,1107,21,58,CP4,AF3,0.0002134740637242375
alpha,1108,21,59,CP4,Fp2,0.00024359042843770544
alpha,1109,21,60,CP4,Fpz,0.00026441988994093735
alpha,1110,21,61,CP4,Fp1,0.0002720287417973291
alpha,1111,22,23,CP2,CPz,0.0003389231188266197
alpha,1112,22,24,CP2,CP1,0.0003137767459407554
alpha,1113,22,25,CP2,CP3,0.0002942403382129205
alpha,1114,22,26,CP2,CP5,0.00026876621369540657
alpha,1115,22,27,CP2,TP7,0.0003052804066532342
alpha,1116,22,28,CP2,TP9,0.000271094159987363
alpha,1117,22,29,CP2,T8,0.00027598017101295607
alpha,1118,22,30,CP2,C6,0.00028649241055769175
alpha,1119,22,31,CP2,C4,0.00022288825705025405
alpha,1120,22,32,CP2,C2,0.00020056422920917806
alpha,1121,22,33,CP2,Cz,0.0002646379679700702
alpha,1122,22,34,CP2,C1,0.00021873143721525432
alpha,1123,22,35,CP2,C3,0.0002559901516616087
alpha,1124,22,36,CP2,C5,0.00026583890089705174
alpha,1125,22,37,CP2,T7,0.00026480234373226337
alpha,1126,22,38,CP2,FT8,0.00025733125878081754
alpha,1127,22,39,CP2,FC6,0.00023442183028952096
alpha,1128,22,40,CP2,FC4,0.0002194995440703105
alpha,1129,22,41,CP2,FC2,0.000185801859323238
alpha,1130,22,42,CP2,AF8,0.0001890159278088314
alpha,1131,22,43,CP2,FC1,0.00017694711080266554
alpha,1132,22,44,CP2,FC3,0.0001790028245346027
alpha,1133,22,45,CP2,FC5,0.00021788945063831998
alpha,1134,22,46,CP2,FT7,0.00026461625578380236
alpha,1135,22,47,CP2,F8,0.00021440299471204384
alpha,1136,22,48,CP2,F6,0.00020555874144568236
alpha,1137,22,49,CP2,F4,0.00018280975757161574
alpha,1138,22,50,CP2,F2,0.00016686023755701362
alpha,1139,22,51,CP2,Fz,0.00016454421270287078
alpha,1140,22,52,CP2,F1,0.00016206705691100394
alpha,1141,22,53,CP2,F3,0.00017120687223149984
alpha,1142,22,54,CP2,F5,0.00019966591898504024
alpha,1143,22,55,CP2,F7,0.00025340666432999696
alpha,1144,22,56,CP2,AF4,0.00019230367603526797
alpha,1145,22,57,CP2,AF7,0.0001879509846854249
alpha,1146,22,58,CP2,AF3,0.0001868081781945618
alpha,1147,22,59,CP2,Fp2,0.00021972184634045747
alpha,1148,22,60,CP2,Fpz,0.0002196015659974999
alpha,1149,22,61,CP2,Fp1,0.00022741021890213795
alpha,1150,23,24,CPz,CP1,0.00035856416834144687
alpha,1151,23,25,CPz,CP3,0.0003311502062400812
alpha,1152,23,26,CPz,CP5,0.0002742729423294894
alpha,1153,23,27,CPz,TP7,0.00030790484404957563
alpha,1154,23,28,CPz,TP9,0.0002941639872379059
alpha,1155,23,29,CPz,T8,0.0002653508875858041
alpha,1156,23,30,CPz,C6,0.00028138585072051654
alpha,1157,23,31,CPz,C4,0.00031948198545402897
alpha,1158,23,32,CPz,C2,0.0002155366906978989
alpha,1159,23,33,CPz,Cz,0.0002165255047652952
alpha,1160,23,34,CPz,C1,0.00017439225621724742
alpha,1161,23,35,CPz,C3,0.0002514126028303767
alpha,1162,23,36,CPz,C5,0.0002506914447496018
alpha,1163,23,37,CPz,T7,0.00027394698994979153
alpha,1164,23,38,CPz,FT8,0.00025356805459994823
alpha,1165,23,39,CPz,FC6,0.00020985318660937197
alpha,1166,23,40,CPz,FC4,0.0002252339984740941
alpha,1167,23,41,CPz,FC2,0.0001944377481912197
alpha,1168,23,42,CPz,AF8,0.00019867799846154068
alpha,1169,23,43,CPz,FC1,0.00017876808042791495
alpha,1170,23,44,CPz,FC3,0.00018199758885462412
alpha,1171,23,45,CPz,FC5,0.00022499481530341225
alpha,1172,23,46,CPz,FT7,0.00024018258762143022
alpha,1173,23,47,CPz,F8,0.00022216227595097142
alpha,1174,23,48,CPz,F6,0.00020586942045419627
alpha,1175,23,49,CPz,F4,0.00020158858174753846
alpha,1176,23,50,CPz,F2,0.00019227637151807443
alpha,1177,23,51,CPz,Fz,0.0001826882086235654
alpha,1178,23,52,CPz,F1,0.00017742391798791763
alpha,1179,23,53,CPz,F3,0.00017821778417634776
alpha,1180,23,54,CPz,F5,0.00019791325521191765
alpha,1181,23,55,CPz,F7,0.0002448804076664251
alpha,1182,23,56,CPz,AF4,0.00020164823019789231
alpha,1183,23,57,CPz,AF7,0.00020026743369400525
alpha,1184,23,58,CPz,AF3,0.00019561089691392513
alpha,1185,23,59,CPz,Fp2,0.00025905985541071987
alpha,1186,23,60,CPz,Fpz,0.00024277451840743446
alpha,1187,23,61,CPz,Fp1,0.00022245508650197863
alpha,1188,24,25,CP1,CP3,0.0003756591164747015
alpha,1189,24,26,CP1,CP5,0.0002943974368804036
alpha,1190,24,27,CP1,TP7,0.00032491840256130606
alpha,1191,24,28,CP1,TP9,0.00029428643134358915
alpha,1192,24,29,CP1,T8,0.00032526197145088797
alpha,1193,24,30,CP1,C6,0.00030651126280254625
alpha,1194,24,31,CP1,C4,0.0003009986927618036
alpha,1195,24,32,CP1,C2,0.00025652568388230833
alpha,1196,24,33,CP1,Cz,0.00028570952194622754
alpha,1197,24,34,CP1,C1,0.00019474084289003007
alpha,1198,24,35,CP1,C3,0.000262020235504065
alpha,1199,24,36,CP1,C5,0.00031729305597017626
alpha,1200,24,37,CP1,T7,0.00027288929972119037
alpha,1201,24,38,CP1,FT8,0.0002850376863625527
alpha,1202,24,39,CP1,FC6,0.0002493883852756337
alpha,1203,24,40,CP1,FC4,0.0002015584884987141
alpha,1204,24,41,CP1,FC2,0.00019009376347946743
alpha,1205,24,42,CP1,AF8,0.00018466536828747398
alpha,1206,24,43,CP1,FC1,0.00016472773100607608
alpha,1207,24,44,CP1,FC3,0.00020844620333991832
alpha,1208,24,45,CP1,FC5,0.0002913190307504212
alpha,1209,24,46,CP1,FT7,0.0002914319787458903
alpha,1210,24,47,CP1,F8,0.00027258948695219515
alpha,1211,24,48,CP1,F6,0.00022642663798185734
alpha,1212,24,49,CP1,F4,0.00018499361400240363
alpha,1213,24,50,CP1,F2,0.00016379532237341464
alpha,1214,24,51,CP1,Fz,0.00018638556394955078
alpha,1215,24,52,CP1,F1,0.00019567325248702737
alpha,1216,24,53,CP1,F3,0.00021230117770808265
alpha,1217,24,54,CP1,F5,0.00024585915027540965
alpha,1218,24,55,CP1,F7,0.00027741302634796657
alpha,1219,24,56,CP1,AF4,0.00020107941983089976
alpha,1220,24,57,CP1,AF7,0.00020758620525622491
alpha,1221,24,58,CP1,AF3,0.00022317159536410994
alpha,1222,24,59,CP1,Fp2,0.00023220033634072196
alpha,1223,24,60,CP1,Fpz,0.0002410289367854067
alpha,1224,24,61,CP1,Fp1,0.0002546815026877966
alpha,1225,25,26,CP3,CP5,0.00030273283414301405
alpha,1226,25,27,CP3,TP7,0.00030441951929487327
alpha,1227,25,28,CP3,TP9,0.00029879441101949173
alpha,1228,25,29,CP3,T8,0.0002735061778258616
alpha,1229,25,30,CP3,C6,0.0003261843379979734
alpha,1230,25,31,CP3,C4,0.0002991426067426216
alpha,1231,25,32,CP3,C2,0.0002821954886420556
alpha,1232,25,33,CP3,Cz,0.00025644734296536925
alpha,1233,25,34,CP3,C1,0.0002459483753938414
alpha,1234,25,35,CP3,C3,0.0002557014007816663
alpha,1235,25,36,CP3,C5,0.00027893451300481
alpha,1236,25,37,CP3,T7,0.00031430465264611283
alpha,1237,25,38,CP3,FT8,0.0003197896189751572
alpha,1238,25,39,CP3,FC6,0.0002717587880346563
alpha,1239,25,40,CP3,FC4,0.000223247565358777
alpha,1240,25,41,CP3,FC2,0.00020366345274869997
alpha,1241,25,42,CP3,AF8,0.00021531404979644825
alpha,1242,25,43,CP3,FC1,0.00021855442062961063
alpha,1243,25,44,CP3,FC3,0.00022003494293367437
alpha,1244,25,45,CP3,FC5,0.00026844517242772365
alpha,1245,25,46,CP3,FT7,0.0002942768615296217
alpha,1246,25,47,CP3,F8,0.000280855165246235
alpha,1247,25,48,CP3,F6,0.00024519837154417777
alpha,1248,25,49,CP3,F4,0.00023294322954640605
alpha,1249,25,50,CP3,F2,0.00021065625093910889
alpha,1250,25,51,CP3,Fz,0.00020283246261668434
alpha,1251,25,52,CP3,F1,0.00018588140310814676
alpha,1252,25,53,CP3,F3,0.00019269952007573867
alpha,1253,25,54,CP3,F5,0.0002465485758230799
alpha,1254,25,55,CP3,F7,0.0002936969055144629
alpha,1255,25,56,CP3,AF4,0.00023795045166373022
alpha,1256,25,57,CP3,AF7,0.0002259707653667502
alpha,1257,25,58,CP3,AF3,0.00022224465560373067
alpha,1258,25,59,CP3,Fp2,0.0002620614422163247
alpha,1259,25,60,CP3,Fpz,0.00026282283464376243
alpha,1260,25,61,CP3,Fp1,0.00024449876670332523
alpha,1261,26,27,CP5,TP7,0.00030063578327342306
alpha,1262,26,28,CP5,TP9,0.0003062270238589804
alpha,1263,26,29,CP5,T8,0.00030104580428190963
alpha,1264,26,30,CP5,C6,0.00031402016344587774
alpha,1265,26,31,CP5,C4,0.0003287289125621689
alpha,1266,26,32,CP5,C2,0.0002862602084353005
alpha,1267,26,33,CP5,Cz,0.00028276856084965266
alpha,1268,26,34,CP5,C1,0.0002761039820433119
alpha,1269,26,35,CP5,C3,0.00029190053240082806
alpha,1270,26,36,CP5,C5,0.0002745487984296262
alpha,1271,26,37,CP5,T7,0.00028154755315527944
alpha,1272,26,38,CP5,FT8,0.00030592736370644864
alpha,1273,26,39,CP5,FC6,0.0003218987408239547
alpha,1274,26,40,CP5,FC4,0.00025435026504203945
alpha,1275,26,41,CP5,FC2,0.00022812881151832096
alpha,1276,26,42,CP5,AF8,0.00025577351648676275
alpha,1277,26,43,CP5,FC1,0.00023774646932281902
alpha,1278,26,44,CP5,FC3,0.0002509980709728665
alpha,1279,26,45,CP5,FC5,0.00023357897201862365
alpha,1280,26,46,CP5,FT7,0.00025765387530932176
alpha,1281,26,47,CP5,F8,0.0003140959722799009
alpha,1282,26,48,CP5,F6,0.00028958480360652503
alpha,1283,26,49,CP5,F4,0.00024515908102673854
alpha,1284,26,50,CP5,F2,0.0002595347435700134
alpha,1285,26,51,CP5,Fz,0.0002490524323511945
alpha,1286,26,52,CP5,F1,0.00024469767306207763
alpha,1287,26,53,CP5,F3,0.00024740336414903947
alpha,1288,26,54,CP5,F5,0.00022018538540359095
alpha,1289,26,55,CP5,F7,0.00024077131068132155
alpha,1290,26,56,CP5,AF4,0.00025506660854039703
alpha,1291,26,57,CP5,AF7,0.00024717315826329835
alpha,1292,26,58,CP5,AF3,0.00023256460784085476
alpha,1293,26,59,CP5,Fp2,0.0002533367997190546
alpha,1294,26,60,CP5,Fpz,0.00023003505468288736
alpha,1295,26,61,CP5,Fp1,0.00022083342542572251
alpha,1296,27,28,TP7,TP9,0.0002693224270113824
alpha,1297,27,29,TP7,T8,0.0002792285631611594
alpha,1298,27,30,TP7,C6,0.0003164773235972081
alpha,1299,27,31,TP7,C4,0.00032778992515596577
alpha,1300,27,32,TP7,C2,0.00028896998060408196
alpha,1301,27,33,TP7,Cz,0.00029655759002291044
alpha,1302,27,34,TP7,C1,0.00028652437610388043
alpha,1303,27,35,TP7,C3,0.000312753331606055
alpha,1304,27,36,TP7,C5,0.00030088721809811
alpha,1305,27,37,TP7,T7,0.00026249612182702045
alpha,1306,27,38,TP7,FT8,0.00029172684048236076
alpha,1307,27,39,TP7,FC6,0.00027347327015859785
alpha,1308,27,40,TP7,FC4,0.00023667448618889262
alpha,1309,27,41,TP7,FC2,0.00024152553184308927
alpha,1310,27,42,TP7,AF8,0.00024096030272989307
alpha,1311,27,43,TP7,FC1,0.00022834624894068167
alpha,1312,27,44,TP7,FC3,0.00022003623089257587
alpha,1313,27,45,TP7,FC5,0.00022391975563902257
alpha,1314,27,46,TP7,FT7,0.00027251623524279426
alpha,1315,27,47,TP7,F8,0.0002603056863791497
alpha,1316,27,48,TP7,F6,0.0002137990258760976
alpha,1317,27,49,TP7,F4,0.00019717972913467879
alpha,1318,27,50,TP7,F2,0.00020500595888739838
alpha,1319,27,51,TP7,Fz,0.0002021710957307062
alpha,1320,27,52,TP7,F1,0.00020287793081513278
alpha,1321,27,53,TP7,F3,0.00019171913515266824
alpha,1322,27,54,TP7,F5,0.00019701314686973497
alpha,1323,27,55,TP7,F7,0.00024504314096566727
alpha,1324,27,56,TP7,AF4,0.0002014698552850355
alpha,1325,27,57,TP7,AF7,0.00018473707822981968
alpha,1326,27,58,TP7,AF3,0.00019082606179947236
alpha,1327,27,59,TP7,Fp2,0.00018795744896373537
alpha,1328,27,60,TP7,Fpz,0.00020737786502892175
alpha,1329,27,61,TP7,Fp1,0.0001970942934835812
alpha,1330,28,29,TP9,T8,0.00027669200173716373
alpha,1331,28,30,TP9,C6,0.0002823255984436162
alpha,1332,28,31,TP9,C4,0.0003329880801782175
alpha,1333,28,32,TP9,C2,0.00033105393338755327
alpha,1334,28,33,TP9,Cz,0.000306465404041623
alpha,1335,28,34,TP9,C1,0.00031678534248150494
alpha,1336,28,35,TP9,C3,0.0003556780986801643
alpha,1337,28,36,TP9,C5,0.0003591628061334555
alpha,1338,28,37,TP9,T7,0.00025574594823414717
alpha,1339,28,38,TP9,FT8,0.0002704683695357012
alpha,1340,28,39,TP9,FC6,0.00029353506653966656
alpha,1341,28,40,TP9,FC4,0.00027664845879512374
alpha,1342,28,41,TP9,FC2,0.00026485721156786
alpha,1343,28,42,TP9,AF8,0.0002730550880198241
alpha,1344,28,43,TP9,FC1,0.00026242221353930457
alpha,1345,28,44,TP9,FC3,0.00023120747518250314
alpha,1346,28,45,TP9,FC5,0.00024090347380126623
alpha,1347,28,46,TP9,FT7,0.00026132187103753313
alpha,1348,28,47,TP9,F8,0.00027916178797506973
alpha,1349,28,48,TP9,F6,0.0002429071829018602
alpha,1350,28,49,TP9,F4,0.00024322855911104103
alpha,1351,28,50,TP9,F2,0.0002382295952964311
alpha,1352,28,51,TP9,Fz,0.00024157761658397532
alpha,1353,28,52,TP9,F1,0.000220213532327168
alpha,1354,28,53,TP9,F3,0.0002049470527556893
alpha,1355,28,54,TP9,F5,0.0002066728858481464
alpha,1356,28,55,TP9,F7,0.0002416464754648134
alpha,1357,28,56,TP9,AF4,0.00023105411393637942
alpha,1358,28,57,TP9,AF7,0.0002262169337998397
alpha,1359,28,58,TP9,AF3,0.00020182335435125817
alpha,1360,28,59,TP9,Fp2,0.0002300176939684211
alpha,1361,28,60,TP9,Fpz,0.0002309629072035415
alpha,1362,28,61,TP9,Fp1,0.00022315172616670236
alpha,1363,29,30,T8,C6,0.00029061016289414084
alpha,1364,29,31,T8,C4,0.00032436957011042314
alpha,1365,29,32,T8,C2,0.0002820121504667851
alpha,1366,29,33,T8,Cz,0.00023390920803194188
alpha,1367,29,34,T8,C1,0.0002609993438402978
alpha,1368,29,35,T8,C3,0.0003090838944299867
alpha,1369,29,36,T8,C5,0.000287936834340507
alpha,1370,29,37,T8,T7,0.0002770993371495625
alpha,1371,29,38,T8,FT8,0.00026107226093510295
alpha,1372,29,39,T8,FC6,0.0002569119182379968
alpha,1373,29,40,T8,FC4,0.00023679457192152123
alpha,1374,29,41,T8,FC2,0.00023395438814642839
alpha,1375,29,42,T8,AF8,0.00023049293930199637
alpha,1376,29,43,T8,FC1,0.0002228445350554601
alpha,1377,29,44,T8,FC3,0.0002192395233819428
alpha,1378,29,45,T8,FC5,0.0002581717310582025
alpha,1379,29,46,T8,FT7,0.00025318234551880694
alpha,1380,29,47,T8,F8,0.0002730226375605004
alpha,1381,29,48,T8,F6,0.00022170947083958585
alpha,1382,29,49,T8,F4,0.00019223429578070687
alpha,1383,29,50,T8,F2,0.00018622068345508348
alpha,1384,29,51,T8,Fz,0.0001980469634336282
alpha,1385,29,52,T8,F1,0.0001941896863220641
alpha,1386,29,53,T8,F3,0.00018585750519167554
alpha,1387,29,54,T8,F5,0.00023178723459010869
alpha,1388,29,55,T8,F7,0.0002513324877205325
alpha,1389,29,56,T8,AF4,0.00019158004514273369
alpha,1390,29,57,T8,AF7,0.00019266140994401396
alpha,1391,29,58,T8,AF3,0.000191151986055077
alpha,1392,29,59,T8,Fp2,0.00022029721971371282
alpha,1393,29,60,T8,Fpz,0.0002000972213412524
alpha,1394,29,61,T8,Fp1,0.00021840972805295557
alpha,1395,30,31,C6,C4,0.0003245060890154615
alpha,1396,30,32,C6,C2,0.00034899395766930445
alpha,1397,30,33,C6,Cz,0.00030261854686952725
alpha,1398,30,34,C6,C1,0.00033009911788022954
alpha,1399,30,35,C6,C3,0.00032381678793533134
alpha,1400,30,36,C6,C5,0.000307836126583904
alpha,1401,30,37,C6,T7,0.0003301819490060334
alpha,1402,30,38,C6,FT8,0.00031684030072977635
alpha,1403,30,39,C6,FC6,0.00029723285480279954
alpha,1404,30,40,C6,FC4,0.0003026235407896006
alpha,1405,30,41,C6,FC2,0.00030107443087445967
alpha,1406,30,42,C6,AF8,0.0002916069823863055
alpha,1407,30,43,C6,FC1,0.0003208531214620941
alpha,1408,30,44,C6,FC3,0.0002316474306330316
alpha,1409,30,45,C6,FC5,0.00025863610122905945
alpha,1410,30,46,C6,FT7,0.00029576397144818876
alpha,1411,30,47,C6,F8,0.00030297276674724023
alpha,1412,30,48,C6,F6,0.0002930541201115385
alpha,1413,30,49,C6,F4,0.00026261340110164357
alpha,1414,30,50,C6,F2,0.00025347886500804004
alpha,1415,30,51,C6,Fz,0.00025477667249616863
alpha,1416,30,52,C6,F1,0.00026594657161952117
alpha,1417,30,53,C6,F3,0.0002762430142560603
alpha,1418,30,54,C6,F5,0.00028017132827241084
alpha,1419,30,55,C6,F7,0.0002870136423342406
alpha,1420,30,56,C6,AF4,0.00028286473555453413
alpha,1421,30,57,C6,AF7,0.0002576308511710208
alpha,1422,30,58,C6,AF3,0.0002581829827064346
alpha,1423,30,59,C6,Fp2,0.0002799310130668483
alpha,1424,30,60,C6,Fpz,0.00025496244653947333
alpha,1425,30,61,C6,Fp1,0.00026259097937497125
alpha,1426,31,32,C4,C2,0.00036774067087192043
alpha,1427,31,33,C4,Cz,0.0003129811915658958
alpha,1428,31,34,C4,C1,0.0002988474853687903
alpha,1429,31,35,C4,C3,0.00030945246862702585
alpha,1430,31,36,C4,C5,0.00033573102075230566
alpha,1431,31,37,C4,T7,0.000248188805865589
alpha,1432,31,38,C4,FT8,0.0002503604349697485
alpha,1433,31,39,C4,FC6,0.00023475572550227817
alpha,1434,31,40,C4,FC4,0.00023576361161288303
alpha,1435,31,41,C4,FC2,0.0002724981022263587
alpha,1436,31,42,C4,AF8,0.00026738252511845104
alpha,1437,31,43,C4,FC1,0.00024452291120944704
alpha,1438,31,44,C4,FC3,0.0002961761891575615
alpha,1439,31,45,C4,FC5,0.0002512740210376568
alpha,1440,31,46,C4,FT7,0.0002354947579408255
alpha,1441,31,47,C4,F8,0.00023987675499099738
alpha,1442,31,48,C4,F6,0.00021352854175365267
alpha,1443,31,49,C4,F4,0.00020582204987003349
alpha,1444,31,50,C4,F2,0.00023617644177920404
alpha,1445,31,51,C4,Fz,0.0002292713531040364
alpha,1446,31,52,C4,F1,0.00021193917121492854
alpha,1447,31,53,C4,F3,0.00019072382356523715
alpha,1448,31,54,C4,F5,0.00020561810598120986
alpha,1449,31,55,C4,F7,0.00020143559783549625
alpha,1450,31,56,C4,AF4,0.00016897725940402143
alpha,1451,31,57,C4,AF7,0.00019176399374941496
alpha,1452,31,58,C4,AF3,0.00020103851819614334
alpha,1453,31,59,C4,Fp2,0.00018942479147481735
alpha,1454,31,60,C4,Fpz,0.00018336482633164153
alpha,1455,31,61,C4,Fp1,0.00019925281833930354
alpha,1456,32,33,C2,Cz,0.00029062696969250776
alpha,1457,32,34,C2,C1,0.00022287414381519832
alpha,1458,32,35,C2,C3,0.00025887528658520066
alpha,1459,32,36,C2,C5,0.00024449636017201875
alpha,1460,32,37,C2,T7,0.0002459795686206724
alpha,1461,32,38,C2,FT8,0.00021315549942386205
alpha,1462,32,39,C2,FC6,0.0002124478503823312
alpha,1463,32,40,C2,FC4,0.00022335705534083915
alpha,1464,32,41,C2,FC2,0.00022145910978195801
alpha,1465,32,42,C2,AF8,0.00022069924808569642
alpha,1466,32,43,C2,FC1,0.00020344511811987016
alpha,1467,32,44,C2,FC3,0.0002210471831799406
alpha,1468,32,45,C2,FC5,0.00017805967896720795
alpha,1469,32,46,C2,FT7,0.00018100330508509017
alpha,1470,32,47,C2,F8,0.00019022738124157095
alpha,1471,32,48,C2,F6,0.00020041305634861204
alpha,1472,32,49,C2,F4,0.00019658150547156514
alpha,1473,32,50,C2,F2,0.00019372851607430503
alpha,1474,32,51,C2,Fz,0.00018715954357833962
alpha,1475,32,52,C2,F1,0.000194290121253204
alpha,1476,32,53,C2,F3,0.00018566940198697584
alpha,1477,32,54,C2,F5,0.00017545571842707752
alpha,1478,32,55,C2,F7,0.0001883687453362167
alpha,1479,32,56,C2,AF4,0.00017682560860094392
alpha,1480,32,57,C2,AF7,0.00017112750618075685
alpha,1481,32,58,C2,AF3,0.00018593967297365492
alpha,1482,32,59,C2,Fp2,0.00018785397685867867
alpha,1483,32,60,C2,Fpz,0.0001792803528263279
alpha,1484,32,61,C2,Fp1,0.0001891276702994857
alpha,1485,33,34,Cz,C1,0.0002310577872892895
alpha,1486,33,35,Cz,C3,0.00029834913206548555
alpha,1487,33,36,Cz,C5,0.0002835821866565812
alpha,1488,33,37,Cz,T7,0.00024976379628231934
alpha,1489,33,38,Cz,FT8,0.00022310893407455871
alpha,1490,33,39,Cz,FC6,0.00022269630921134426
alpha,1491,33,40,Cz,FC4,0.00022047425601088162
alpha,1492,33,41,Cz,FC2,0.00021844353798254618
alpha,1493,33,42,Cz,AF8,0.0002096403294275401
alpha,1494,33,43,Cz,FC1,0.0002065885042757534
alpha,1495,33,44,Cz,FC3,0.0002413466051544363
alpha,1496,33,45,Cz,FC5,0.00022727227819458427
alpha,1497,33,46,Cz,FT7,0.00021091348340450275
alpha,1498,33,47,Cz,F8,0.00022290099295695057
alpha,1499,33,48,Cz,F6,0.00023816598809089023
alpha,1500,33,49,Cz,F4,0.00024180825957258924
alpha,1501,33,50,Cz,F2,0.0002230239461637964
alpha,1502,33,51,Cz,Fz,0.0002049840893592365
alpha,1503,33,52,Cz,F1,0.00020112089265677562
alpha,1504,33,53,Cz,F3,0.0002110252708610128
alpha,1505,33,54,Cz,F5,0.0001973054472426686
alpha,1506,33,55,Cz,F7,0.00019522117910622595
alpha,1507,33,56,Cz,AF4,0.00020545242572179447
alpha,1508,33,57,Cz,AF7,0.0001815927750968927
alpha,1509,33,58,Cz,AF3,0.00018930061241579323
alpha,1510,33,59,Cz,Fp2,0.0002149760309544036
alpha,1511,33,60,Cz,Fpz,0.00019347963776326175
alpha,1512,33,61,Cz,Fp1,0.0001924861562839589
alpha,1513,34,35,C1,C3,0.0003006020942924196
alpha,1514,34,36,C1,C5,0.00032179131847989825
alpha,1515,34,37,C1,T7,0.0002793795961564938
alpha,1516,34,38,C1,FT8,0.00024048807905582
alpha,1517,34,39,C1,FC6,0.00023360395222755235
alpha,1518,34,40,C1,FC4,0.0002418133064175508
alpha,1519,34,41,C1,FC2,0.00021813630740110426
alpha,1520,34,42,C1,AF8,0.00019546770306124069
alpha,1521,34,43,C1,FC1,0.00017670268433608304
alpha,1522,34,44,C1,FC3,0.00021755167745452154
alpha,1523,34,45,C1,FC5,0.00021627347888129506
alpha,1524,34,46,C1,FT7,0.00020744591220931563
alpha,1525,34,47,C1,F8,0.0001894297574651825
alpha,1526,34,48,C1,F6,0.00022300974756970775
alpha,1527,34,49,C1,F4,0.00021354760799350325
alpha,1528,34,50,C1,F2,0.000193169275992157
alpha,1529,34,51,C1,Fz,0.00018291987282613567
alpha,1530,34,52,C1,F1,0.00017605442917637627
alpha,1531,34,53,C1,F3,0.00019662923636723007
alpha,1532,34,54,C1,F5,0.00018663698296209167
alpha,1533,34,55,C1,F7,0.00018621197941792465
alpha,1534,34,56,C1,AF4,0.00019609054166491935
alpha,1535,34,57,C1,AF7,0.00017900390384501696
alpha,1536,34,58,C1,AF3,0.0001806369785318031
alpha,1537,34,59,C1,Fp2,0.00020201452584169688
alpha,1538,34,60,C1,Fpz,0.00018648564146226936
alpha,1539,34,61,C1,Fp1,0.00019233588891232468
alpha,1540,35,36,C3,C5,0.0003268822153875776
alpha,1541,35,37,C3,T7,0.00028681996989538287
alpha,1542,35,38,C3,FT8,0.00027364772677254597
alpha,1543,35,39,C3,FC6,0.0002629178339380883
alpha,1544,35,40,C3,FC4,0.00024345541434043282
alpha,1545,35,41,C3,FC2,0.00024434331852154405
alpha,1546,35,42,C3,AF8,0.000276050938633422
alpha,1547,35,43,C3,FC1,0.00028304682665065457
alpha,1548,35,44,C3,FC3,0.00026264440603682566
alpha,1549,35,45,C3,FC5,0.0002917190814839376
alpha,1550,35,46,C3,FT7,0.000289438450922764
alpha,1551,35,47,C3,F8,0.00024261505684061574
alpha,1552,35,48,C3,F6,0.00022125926149762958
alpha,1553,35,49,C3,F4,0.00022801571144961952
alpha,1554,35,50,C3,F2,0.0002348195537351282
alpha,1555,35,51,C3,Fz,0.00022762563918995868
alpha,1556,35,52,C3,F1,0.0002322336077976082
alpha,1557,35,53,C3,F3,0.00025410128816832477
alpha,1558,35,54,C3,F5,0.00024914565977303556
alpha,1559,35,55,C3,F7,0.00029380291259266037
alpha,1560,35,56,C3,AF4,0.00021865040935556477
alpha,1561,35,57,C3,AF7,0.00024541290258239324
alpha,1562,35,58,C3,AF3,0.0002414058855617554
alpha,1563,35,59,C3,Fp2,0.000207319851813091
alpha,1564,35,60,C3,Fpz,0.00022453331108032384
alpha,1565,35,61,C3,Fp1,0.0002383739983885139
alpha,1566,36,37,C5,T7,0.00029090385038454
alpha,1567,36,38,C5,FT8,0.00026700955383238335
alpha,1568,36,39,C5,FC6,0.0002577575663896886
alpha,1569,36,40,C5,FC4,0.000264043226953956
alpha,1570,36,41,C5,FC2,0.0002795151865320146
alpha,1571,36,42,C5,AF8,0.00022275896265115067
alpha,1572,36,43,C5,FC1,0.00027452113199145765
alpha,1573,36,44,C5,FC3,0.0002785456746822484
alpha,1574,36,45,C5,FC5,0.00022800553798526615
alpha,1575,36,46,C5,FT7,0.0002512416365771734
alpha,1576,36,47,C5,F8,0.00029237460965083186
alpha,1577,36,48,C5,F6,0.0002548751231206912
alpha,1578,36,49,C5,F4,0.00023689223210285665
alpha,1579,36,50,C5,F2,0.0002477240021654529
alpha,1580,36,51,C5,Fz,0.0002223197851555597
alpha,1581,36,52,C5,F1,0.00021908125472854776
alpha,1582,36,53,C5,F3,0.00023539683840600282
alpha,1583,36,54,C5,F5,0.0002463614467124147
alpha,1584,36,55,C5,F7,0.00024258862373704467
alpha,1585,36,56,C5,AF4,0.00023659316433108916
alpha,1586,36,57,C5,AF7,0.00023623089283024158
alpha,1587,36,58,C5,AF3,0.00024387774708466684
alpha,1588,36,59,C5,Fp2,0.0002561206767653092
alpha,1589,36,60,C5,Fpz,0.0002602549483163997
alpha,1590,36,61,C5,Fp1,0.000258929198363829
alpha,1591,37,38,T7,FT8,0.0002689292738975675
alpha,1592,37,39,T7,FC6,0.0002646069621877633
alpha,1593,37,40,T7,FC4,0.00021484162949840825
alpha,1594,37,41,T7,FC2,0.00019543625134773554
alpha,1595,37,42,T7,AF8,0.00017048340448962035
alpha,1596,37,43,T7,FC1,0.0002097346727470991
alpha,1597,37,44,T7,FC3,0.00024219121716662732
alpha,1598,37,45,T7,FC5,0.00020894808010138243
alpha,1599,37,46,T7,FT7,0.00023330948119923688
alpha,1600,37,47,T7,F8,0.00028255812599980903
alpha,1601,37,48,T7,F6,0.0002478222649072909
alpha,1602,37,49,T7,F4,0.00024137109808517327
alpha,1603,37,50,T7,F2,0.00021132613107033676
alpha,1604,37,51,T7,Fz,0.00019834437493938977
alpha,1605,37,52,T7,F1,0.00018253580763044914
alpha,1606,37,53,T7,F3,0.00016755055387754754
alpha,1607,37,54,T7,F5,0.0001725002909438376
alpha,1608,37,55,T7,F7,0.00021939075654693035
alpha,1609,37,56,T7,AF4,0.00023425168822938046
alpha,1610,37,57,T7,AF7,0.00020348214689144806
alpha,1611,37,58,T7,AF3,0.00019108469026642345
alpha,1612,37,59,T7,Fp2,0.00022879491929239058
alpha,1613,37,60,T7,Fpz,0.00019782868802856608
alpha,1614,37,61,T7,Fp1,0.00019843591945055387
alpha,1615,38,39,FT8,FC6,0.00026295111158637424
alpha,1616,38,40,FT8,FC4,0.00021032687295416893
alpha,1617,38,41,FT8,FC2,0.00021440079928644064
alpha,1618,38,42,FT8,AF8,0.00021726794604960816
alpha,1619,38,43,FT8,FC1,0.00021921904461296034
alpha,1620,38,44,FT8,FC3,0.00021105344190002233
alpha,1621,38,45,FT8,FC5,0.00025659875287408255
alpha,1622,38,46,FT8,FT7,0.00025901925082495893
alpha,1623,38,47,FT8,F8,0.00027027651207811414
alpha,1624,38,48,FT8,F6,0.00021690520826830303
alpha,1625,38,49,FT8,F4,0.0002174645862051834
alpha,1626,38,50,FT8,F2,0.00020126078518648423
alpha,1627,38,51,FT8,Fz,0.0001976549463136179
alpha,1628,38,52,FT8,F1,0.00019119415321221855
alpha,1629,38,53,FT8,F3,0.00019083330636794133
alpha,1630,38,54,FT8,F5,0.00021914822611711509
alpha,1631,38,55,FT8,F7,0.00024469723377117103
alpha,1632,38,56,FT8,AF4,0.0002356742069378382
alpha,1633,38,57,FT8,AF7,0.00022817349580651702
alpha,1634,38,58,FT8,AF3,0.00024412497952989212
alpha,1635,38,59,FT8,Fp2,0.00025314639028148074
alpha,1636,38,60,FT8,Fpz,0.0002691367174062122
alpha,1637,38,61,FT8,Fp1,0.0002536923121981212
alpha,1638,39,40,FC6,FC4,0.00025851148197019553
alpha,1639,39,41,FC6,FC2,0.00024700081051772015
alpha,1640,39,42,FC6,AF8,0.000264280113156626
alpha,1641,39,43,FC6,FC1,0.00023639568956778685
alpha,1642,39,44,FC6,FC3,0.00020035482437067426
alpha,1643,39,45,FC6,FC5,0.00023864110945007538
alpha,1644,39,46,FC6,FT7,0.00024887111171389845
alpha,1645,39,47,FC6,F8,0.000250999187456585
alpha,1646,39,48,FC6,F6,0.00028419616846126134
alpha,1647,39,49,FC6,F4,0.00023945529965671645
alpha,1648,39,50,FC6,F2,0.0002485033020695192
alpha,1649,39,51,FC6,Fz,0.00023835793810758637
alpha,1650,39,52,FC6,F1,0.00024004054350399733
alpha,1651,39,53,FC6,F3,0.00021748927809399902
alpha,1652,39,54,FC6,F5,0.00022706184591594916
alpha,1653,39,55,FC6,F7,0.00021776548492005834
alpha,1654,39,56,FC6,AF4,0.00027421596535679343
alpha,1655,39,57,FC6,AF7,0.00025500944632272807
alpha,1656,39,58,FC6,AF3,0.0002419438119285726
alpha,1657,39,59,FC6,Fp2,0.0002825658742865345
alpha,1658,39,60,FC6,Fpz,0.0002858426409962526
alpha,1659,39,61,FC6,Fp1,0.0002606635272824493
alpha,1660,40,41,FC4,FC2,0.00030054960955284787
alpha,1661,40,42,FC4,AF8,0.00025938023653599037
alpha,1662,40,43,FC4,FC1,0.00024075338985265446
alpha,1663,40,44,FC4,FC3,0.0002453659787075022
alpha,1664,40,45,FC4,FC5,0.00023579059677646068
alpha,1665,40,46,FC4,FT7,0.00021440802759041438
alpha,1666,40,47,FC4,F8,0.0002553123679511241
alpha,1667,40,48,FC4,F6,0.00021741306335306066
alpha,1668,40,49,FC4,F4,0.0002053546373090586
alpha,1669,40,50,FC4,F2,0.00025371871965062495
alpha,1670,40,51,FC4,Fz,0.00023438339562763228
alpha,1671,40,52,FC4,F1,0.00022395428299607227
alpha,1672,40,53,FC4,F3,0.0002070466230754324
alpha,1673,40,54,FC4,F5,0.00020681051897025634
alpha,1674,40,55,FC4,F7,0.00019047855398293155
alpha,1675,40,56,FC4,AF4,0.00019254099221066863
alpha,1676,40,57,FC4,AF7,0.00020813211279949563
alpha,1677,40,58,FC4,AF3,0.00020809691825323927
alpha,1678,40,59,FC4,Fp2,0.0001941444078144367
alpha,1679,40,60,FC4,Fpz,0.00020185662432413375
alpha,1680,40,61,FC4,Fp1,0.00020002604609872012
alpha,1681,41,42,FC2,AF8,0.00023243415294644092
alpha,1682,41,43,FC2,FC1,0.00025591705676023674
alpha,1683,41,44,FC2,FC3,0.0002697126723256951
alpha,1684,41,45,FC2,FC5,0.00022731033238544378
alpha,1685,41,46,FC2,FT7,0.0001925042881617215
alpha,1686,41,47,FC2,F8,0.00020763793072942752
alpha,1687,41,48,FC2,F6,0.00022201773320918474
alpha,1688,41,49,FC2,F4,0.00021562208136028434
alpha,1689,41,50,FC2,F2,0.0002106507192019055
alpha,1690,41,51,FC2,Fz,0.00021894549513853538
alpha,1691,41,52,FC2,F1,0.00024034294835950767
alpha,1692,41,53,FC2,F3,0.00021736100397695682
alpha,1693,41,54,FC2,F5,0.00022505361456749738
alpha,1694,41,55,FC2,F7,0.00020855540999545658
alpha,1695,41,56,FC2,AF4,0.00018830323212296878
alpha,1696,41,57,FC2,AF7,0.00020972559218150215
alpha,1697,41,58,FC2,AF3,0.0001953009440970266
alpha,1698,41,59,FC2,Fp2,0.00019749805534878626
alpha,1699,41,60,FC2,Fpz,0.00020928447008868907
alpha,1700,41,61,FC2,Fp1,0.00020167846843016814
alpha,1701,42,43,AF8,FC1,0.0002200790940000156
alpha,1702,42,44,AF8,FC3,0.000268822025269762
alpha,1703,42,45,AF8,FC5,0.00022297397873075517
alpha,1704,42,46,AF8,FT7,0.0001809300724426636
alpha,1705,42,47,AF8,F8,0.00020412492941896906
alpha,1706,42,48,AF8,F6,0.00021840326730836575
alpha,1707,42,49,AF8,F4,0.0002095210893458276
alpha,1708,42,50,AF8,F2,0.00020397385071139646
alpha,1709,42,51,AF8,Fz,0.00018158163987402366
alpha,1710,42,52,AF8,F1,0.00020560831494965829
alpha,1711,42,53,AF8,F3,0.0002171848579164895
alpha,1712,42,54,AF8,F5,0.00019290826173929632
alpha,1713,42,55,AF8,F7,0.00020410754372634333
alpha,1714,42,56,AF8,AF4,0.00019403511982687226
alpha,1715,42,57,AF8,AF7,0.00017270541269682023
alpha,1716,42,58,AF8,AF3,0.00017086458060367683
alpha,1717,42,59,AF8,Fp2,0.00020345749241997718
alpha,1718,42,60,AF8,Fpz,0.00019537508109486118
alpha,1719,42,61,AF8,Fp1,0.00018510063877842528
alpha,1720,43,44,FC1,FC3,0.0002455768667476958
alpha,1721,43,45,FC1,FC5,0.00021487066269698356
alpha,1722,43,46,FC1,FT7,0.00020686978641292855
alpha,1723,43,47,FC1,F8,0.0002281960382992693
alpha,1724,43,48,FC1,F6,0.0002458642603221443
alpha,1725,43,49,FC1,F4,0.00023538180650904493
alpha,1726,43,50,FC1,F2,0.0002113059380789481
alpha,1727,43,51,FC1,Fz,0.00019728144255239696
alpha,1728,43,52,FC1,F1,0.00017339510992480953
alpha,1729,43,53,FC1,F3,0.00021476112653122208
alpha,1730,43,54,FC1,F5,0.00021101270927118373
alpha,1731,43,55,FC1,F7,0.0002143621459913485
alpha,1732,43,56,FC1,AF4,0.0001837509524833153
alpha,1733,43,57,FC1,AF7,0.00016919493807226386
alpha,1734,43,58,FC1,AF3,0.00018422949779586388
alpha,1735,43,59,FC1,Fp2,0.00018321466139007081
alpha,1736,43,60,FC1,Fpz,0.00016265906189147388
alpha,1737,43,61,FC1,Fp1,0.00017008022321339373
alpha,1738,44,45,FC3,FC5,0.00026430844098287813
alpha,1739,44,46,FC3,FT7,0.00024796744534779085
alpha,1740,44,47,FC3,F8,0.00022853613415963533
alpha,1741,44,48,FC3,F6,0.00020020263496910097
alpha,1742,44,49,FC3,F4,0.0002339977543616185
alpha,1743,44,50,FC3,F2,0.00024434270869608927
alpha,1744,44,51,FC3,Fz,0.00024358294067644147
alpha,1745,44,52,FC3,F1,0.00024126697274953567
alpha,1746,44,53,FC3,F3,0.0002218084771864525
alpha,1747,44,54,FC3,F5,0.00024043977468775005
alpha,1748,44,55,FC3,F7,0.0002402165934182379
alpha,1749,44,56,FC3,AF4,0.00022530244042573595
alpha,1750,44,57,FC3,AF7,0.00021698123804231068
alpha,1751,44,58,FC3,AF3,0.00023889611582188536
alpha,1752,44,59,FC3,Fp2,0.0002178664238349677
alpha,1753,44,60,FC3,Fpz,0.00023359867652055226
alpha,1754,44,61,FC3,Fp1,0.00022973548375024769
alpha,1755,45,46,FC5,FT7,0.00025855497253514327
alpha,1756,45,47,FC5,F8,0.0002569660094263326
alpha,1757,45,48,FC5,F6,0.0002766512258259832
alpha,1758,45,49,FC5,F4,0.00027248847377893176
alpha,1759,45,50,FC5,F2,0.0002636764131661117
alpha,1760,45,51,FC5,Fz,0.00023794846892529506
alpha,1761,45,52,FC5,F1,0.0002211745705152687
alpha,1762,45,53,FC5,F3,0.00021574700128106165
alpha,1763,45,54,FC5,F5,0.00022914514290245069
alpha,1764,45,55,FC5,F7,0.00029973454794219624
alpha,1765,45,56,FC5,AF4,0.0002619325358761007
alpha,1766,45,57,FC5,AF7,0.0002536379951305508
alpha,1767,45,58,FC5,AF3,0.00024627863530024335
alpha,1768,45,59,FC5,Fp2,0.0002740396267548527
alpha,1769,45,60,FC5,Fpz,0.000282258173552003
alpha,1770,45,61,FC5,Fp1,0.0002782978320327474
alpha,1771,46,47,FT7,F8,0.0003030383509750263
alpha,1772,46,48,FT7,F6,0.00027794275724518484
alpha,1773,46,49,FT7,F4,0.00022531850112282223
alpha,1774,46,50,FT7,F2,0.00018878635468106997
alpha,1775,46,51,FT7,Fz,0.00017553935410826184
alpha,1776,46,52,FT7,F1,0.0001718697028822208
alpha,1777,46,53,FT7,F3,0.00016916916702452734
alpha,1778,46,54,FT7,F5,0.00017528315867182845
alpha,1779,46,55,FT7,F7,0.000234188854442948
alpha,1780,46,56,FT7,AF4,0.00023064563268283532
alpha,1781,46,57,FT7,AF7,0.00020218838334151783
alpha,1782,46,58,FT7,AF3,0.00020016564325056946
alpha,1783,46,59,FT7,Fp2,0.00027753749394347565
alpha,1784,46,60,FT7,Fpz,0.000260298911588095
alpha,1785,46,61,FT7,Fp1,0.00025921343284745514
alpha,1786,47,48,F8,F6,0.00025757884818286493
alpha,1787,47,49,F8,F4,0.0002283202670926314
alpha,1788,47,50,F8,F2,0.0002340140494955368
alpha,1789,47,51,F8,Fz,0.0002362192331469619
alpha,1790,47,52,F8,F1,0.0002319979549612832
alpha,1791,47,53,F8,F3,0.00020371448105634447
alpha,1792,47,54,F8,F5,0.00021132554027339704
alpha,1793,47,55,F8,F7,0.00027768324250519553
alpha,1794,47,56,F8,AF4,0.0002807703063876957
alpha,1795,47,57,F8,AF7,0.0002553172886992161
alpha,1796,47,58,F8,AF3,0.00024343520090656644
alpha,1797,47,59,F8,Fp2,0.00027547918721977394
alpha,1798,47,60,F8,Fpz,0.00028327419720311975
alpha,1799,47,61,F8,Fp1,0.00026779758040056123
alpha,1800,48,49,F6,F4,0.00021657973357804496
alpha,1801,48,50,F6,F2,0.00023691377921985094
alpha,1802,48,51,F6,Fz,0.0002472746702400761
alpha,1803,48,52,F6,F1,0.0002438960356749709
alpha,1804,48,53,F6,F3,0.00021257008672899018
alpha,1805,48,54,F6,F5,0.00022736196649628823
alpha,1806,48,55,F6,F7,0.0002629079113598345
alpha,1807,48,56,F6,AF4,0.00026849065331747984
alpha,1808,48,57,F6,AF7,0.0002733808764854736
alpha,1809,48,58,F6,AF3,0.00024931506570592595
alpha,1810,48,59,F6,Fp2,0.00029152650583827194
alpha,1811,48,60,F6,Fpz,0.0002839790090942812
alpha,1812,48,61,F6,Fp1,0.0002623737711098337
alpha,1813,49,50,F4,F2,0.00025173658695646614
alpha,1814,49,51,F4,Fz,0.0002442349444775814
alpha,1815,49,52,F4,F1,0.00022980248608613354
alpha,1816,49,53,F4,F3,0.00021514689468387984
alpha,1817,49,54,F4,F5,0.000256665176462502
alpha,1818,49,55,F4,F7,0.0002175491689584009
alpha,1819,49,56,F4,AF4,0.00022857299295897445
alpha,1820,49,57,F4,AF7,0.0002448646659753385
alpha,1821,49,58,F4,AF3,0.00023449041962610645
alpha,1822,49,59,F4,Fp2,0.00022414896898961567
alpha,1823,49,60,F4,Fpz,0.00027453453958313354
alpha,1824,49,61,F4,Fp1,0.0002369811309980325
alpha,1825,50,51,F2,Fz,0.000221584245197508
alpha,1826,50,52,F2,F1,0.00025277202795636564
alpha,1827,50,53,F2,F3,0.00024618294944148855
alpha,1828,50,54,F2,F5,0.00025101163681504285
alpha,1829,50,55,F2,F7,0.00023268318516923045
alpha,1830,50,56,F2,AF4,0.0001802968979961647
alpha,1831,50,57,F2,AF7,0.0002183725367915129
alpha,1832,50,58,F2,AF3,0.00021829640729308818
alpha,1833,50,59,F2,Fp2,0.000209626411929142
alpha,1834,50,60,F2,Fpz,0.00020512331448508753
alpha,1835,50,61,F2,Fp1,0.00019929895659813752
alpha,1836,51,52,Fz,F1,0.00021043986002190827
alpha,1837,51,53,Fz,F3,0.0002613893251177168
alpha,1838,51,54,Fz,F5,0.00023446268641647057
alpha,1839,51,55,Fz,F7,0.00022478789273215608
alpha,1840,51,56,Fz,AF4,0.00019654942262718576
alpha,1841,51,57,Fz,AF7,0.000214622180112916
alpha,1842,51,58,Fz,AF3,0.00024293307181243027
alpha,1843,51,59,Fz,Fp2,0.00019906759918584394
alpha,1844,51,60,Fz,Fpz,0.0002249281569912116
alpha,1845,51,61,Fz,Fp1,0.00022859594279799755
alpha,1846,52,53,F1,F3,0.0002612604652467187
alpha,1847,52,54,F1,F5,0.00023053703197671018
alpha,1848,52,55,F1,F7,0.00024910759538039444
alpha,1849,52,56,F1,AF4,0.00020840027070258946
alpha,1850,52,57,F1,AF7,0.00020132206041914227
alpha,1851,52,58,F1,AF3,0.00020577404103071443
alpha,1852,52,59,F1,Fp2,0.00020967400894901324
alpha,1853,52,60,F1,Fpz,0.00020861326931929247
alpha,1854,52,61,F1,Fp1,0.0002189976023926282
alpha,1855,53,54,F3,F5,0.0002676238665917965
alpha,1856,53,55,F3,F7,0.0002702754669948909
alpha,1857,53,56,F3,AF4,0.00022328913244535286
alpha,1858,53,57,F3,AF7,0.00020946500618794958
alpha,1859,53,58,F3,AF3,0.00021574740781335564
alpha,1860,53,59,F3,Fp2,0.00024286679106704268
alpha,1861,53,60,F3,Fpz,0.00024498516332294927
alpha,1862,53,61,F3,Fp1,0.0002092294128940591
alpha,1863,54,55,F5,F7,0.0002647480536173282
alpha,1864,54,56,F5,AF4,0.0002580112859105888
alpha,1865,54,57,F5,AF7,0.0002502857101782144
alpha,1866,54,58,F5,AF3,0.0002269499154319508
alpha,1867,54,59,F5,Fp2,0.0002785711607624563
alpha,1868,54,60,F5,Fpz,0.0002624994366272742
alpha,1869,54,61,F5,Fp1,0.00027659646369466973
alpha,1870,55,56,F7,AF4,0.00025558249148842805
alpha,1871,55,57,F7,AF7,0.00023686629770400372
alpha,1872,55,58,F7,AF3,0.0002295671765733173
alpha,1873,55,59,F7,Fp2,0.00028977716151129226
alpha,1874,55,60,F7,Fpz,0.0002823442685402667
alpha,1875,55,61,F7,Fp1,0.00027149578702081046
alpha,1876,56,57,AF4,AF7,0.0002308532118842659
alpha,1877,56,58,AF4,AF3,0.0002271593308110904
alpha,1878,56,59,AF4,Fp2,0.00023428449514154432
alpha,1879,56,60,AF4,Fpz,0.00026667387638056115
alpha,1880,56,61,AF4,Fp1,0.000266106352858049
alpha,1881,57,58,AF7,AF3,0.00021900174624256535
alpha,1882,57,59,AF7,Fp2,0.00023459781675504353
alpha,1883,57,60,AF7,Fpz,0.0002069171509809523
alpha,1884,57,61,AF7,Fp1,0.0002158639288162893
alpha,1885,58,59,AF3,Fp2,0.0002848411954281328
alpha,1886,58,60,AF3,Fpz,0.00030432900494789154
alpha,1887,58,61,AF3,Fp1,0.0002379162233141335
alpha,1888,59,60,Fp2,Fpz,0.00021681169077666395
alpha,1889,59,61,Fp2,Fp1,0.00021879916756587067
alpha,1890,60,61,Fpz,Fp1,0.00025330748068373303
beta,0,0,1,Iz,O2,7.872267384584689e-05
beta,1,0,2,Iz,Oz,8.015634832952668e-05
beta,2,0,3,Iz,O1,8.052737470650912e-05
beta,3,0,4,Iz,PO8,0.0001023211336410382
beta,4,0,5,Iz,PO4,8.720291170635632e-05
beta,5,0,6,Iz,POz,7.391110580936504e-05
beta,6,0,7,Iz,PO3,8.434272930691494e-05
beta,7,0,8,Iz,PO7,9.719266445831176e-05
beta,8,0,9,Iz,P8,9.944317390009885e-05
beta,9,0,10,Iz,P6,9.290064697098606e-05
beta,10,0,11,Iz,P4,9.08974262927902e-05
beta,11,0,12,Iz,P2,7.955879883391574e-05
beta,12,0,13,Iz,Pz,7.445947392521437e-05
beta,13,0,14,Iz,P1,7.841543261926973e-05
beta,14,0,15,Iz,P3,8.828988072132052e-05
beta,15,0,16,Iz,P5,9.684295824487332e-05
beta,16,0,17,Iz,P7,8.402574540922422e-05
beta,17,0,18,Iz,TP10,6.52758996906206e-05
beta,18,0,19,Iz,TP8,6.980544924287001e-05
beta,19,0,20,Iz,CP6,7.597284586908942e-05
beta,20,0,21,Iz,CP4,7.857701222281537e-05
beta,21,0,22,Iz,CP2,7.173533946144869e-05
beta,22,0,23,Iz,CPz,6.356010232548567e-05
beta,23,0,24,Iz,CP1,9.034929564992957e-05
beta,24,0,25,Iz,CP3,8.481184046200428e-05
beta,25,0,26,Iz,CP5,8.54642372219353e-05
beta,26,0,27,Iz,TP7,6.0527876590893174e-05
beta,27,0,28,Iz,TP9,7.105727805323467e-05
beta,28,0,29,Iz,T8,6.816200803944856e-05
beta,29,0,30,Iz,C6,5.664556868776814e-05
beta,30,0,31,Iz,C4,8.280761188253997e-05
beta,31,0,32,Iz,C2,7.024906004108468e-05
beta,32,0,33,Iz,Cz,6.862079539604371e-05
beta,33,0,34,Iz,C1,6.850867999422895e-05
beta,34,0,35,Iz,C3,8.468851027857295e-05
beta,35,0,36,Iz,C5,8.453071166781602e-05
beta,36,0,37,Iz,T7,6.665891419470008e-05
beta,37,0,38,Iz,FT8,6.759904172218625e-05
beta,38,0,39,Iz,FC6,7.844927706903466e-05
beta,39,0,40,Iz,FC4,0.00010311735146287983
beta,40,0,41,Iz,FC2,6.871870926599796e-05
beta,41,0,42,Iz,AF8,6.531763086071532e-05
beta,42,0,43,Iz,FC1,7.269827639257175e-05
beta,43,0,44,Iz,FC3,5.924014892229848e-05
beta,44,0,45,Iz,FC5,7.700068617722205e-05
beta,45,0,46,Iz,FT7,8.466050692813576e-05
beta,46,0,47,Iz,F8,8.420347599590866e-05
beta,47,0,48,Iz,F6,8.713308431019639e-05
beta,48,0,49,Iz,F4,9.722174590008831e-05
beta,49,0,50,Iz,F2,0.00010902812505077022
beta,50,0,51,Iz,Fz,9.218763132497012e-05
beta,51,0,52,Iz,F1,8.490602871949628e-05
beta,52,0,53,Iz,F3,8.366155339993562e-05
beta,53,0,54,Iz,F5,6.699233613606111e-05
beta,54,0,55,Iz,F7,7.047500963785013e-05
beta,55,0,56,Iz,AF4,9.017520986907596e-05
beta,56,0,57,Iz,AF7,9.412798220639098e-05
beta,57,0,58,Iz,AF3,8.616632440677503e-05
beta,58,0,59,Iz,Fp2,8.23332837889703e-05
beta,59,0,60,Iz,Fpz,8.765051229247437e-05
beta,60,0,61,Iz,Fp1,7.407724062798031e-05
beta,61,1,2,O2,Oz,7.878028898965007e-05
beta,62,1,3,O2,O1,8.063362764946707e-05
beta,63,1,4,O2,PO8,0.00013143452921133392
beta,64,1,5,O2,PO4,9.64437147947542e-05
beta,65,1,6,O2,POz,8.702033713089123e-05
beta,66,1,7,O2,PO3,7.74377712199058e-05
beta,67,1,8,O2,PO7,8.916054441349959e-05
beta,68,1,9,O2,P8,0.00010493143164123037
beta,69,1,10,O2,P6,0.00011321393051408723
beta,70,1,11,O2,P4,0.0001087790792455013
beta,71,1,12,O2,P2,9.492096570212405e-05
beta,72,1,13,O2,Pz,7.662995585825346e-05
beta,73,1,14,O2,P1,7.329543704496158e-05
beta,74,1,15,O2,P3,6.706230265163683e-05
beta,75,1,16,O2,P5,7.46024174346569e-05
beta,76,1,17,O2,P7,7.51021818461507e-05
beta,77,1,18,O2,TP10,7.97340273429833e-05
beta,78,1,19,O2,TP8,7.449151192595962e-05
beta,79,1,20,O2,CP6,0.00010029036074709274
beta,80,1,21,O2,CP4,0.00011111223085557957
beta,81,1,22,O2,CP2,8.514996786724492e-05
beta,82,1,23,O2,CPz,8.241736200481834e-05
beta,83,1,24,O2,CP1,7.586440906802252e-05
beta,84,1,25,O2,CP3,7.290346236068886e-05
beta,85,1,26,O2,CP5,8.4008798033925e-05
beta,86,1,27,O2,TP7,6.846040710910456e-05
beta,87,1,28,O2,TP9,8.028793961752502e-05
beta,88,1,29,O2,T8,6.065595625675517e-05
beta,89,1,30,O2,C6,7.486199110310696e-05
beta,90,1,31,O2,C4,9.912853940334846e-05
beta,91,1,32,O2,C2,8.946613171255146e-05
beta,92,1,33,O2,Cz,8.456913189676079e-05
beta,93,1,34,O2,C1,7.474733523547613e-05
beta,94,1,35,O2,C3,7.664024599953301e-05
beta,95,1,36,O2,C5,8.559397872857343e-05
beta,96,1,37,O2,T7,7.380067653316459e-05
beta,97,1,38,O2,FT8,6.668015460200242e-05
beta,98,1,39,O2,FC6,7.042012969172365e-05
beta,99,1,40,O2,FC4,7.241976988045644e-05
beta,100,1,41,O2,FC2,7.524310966521664e-05
beta,101,1,42,O2,AF8,7.422652003251414e-05
beta,102,1,43,O2,FC1,6.48651945842977e-05
beta,103,1,44,O2,FC3,7.819735516546301e-05
beta,104,1,45,O2,FC5,7.820655487673817e-05
beta,105,1,46,O2,FT7,7.013340661090565e-05
beta,106,1,47,O2,F8,7.650741099889338e-05
beta,107,1,48,O2,F6,6.289188870813003e-05
beta,108,1,49,O2,F4,7.799908472990877e-05
beta,109,1,50,O2,F2,7.142046731348312e-05
beta,110,1,51,O2,Fz,7.883561672831554e-05
beta,111,1,52,O2,F1,7.35678338951589e-05
beta,112,1,53,O2,F3,7.287794825572694e-05
beta,113,1,54,O2,F5,6.716668816796005e-05
beta,114,1,55,O2,F7,6.230191531765573e-05
beta,115,1,56,O2,AF4,7.340336601723262e-05
beta,116,1,57,O2,AF7,8.609891243640764e-05
beta,117,1,58,O2,AF3,8.288897719579715e-05
beta,118,1,59,O2,Fp2,7.110586086048116e-05
beta,119,1,60,O2,Fpz,7.699821370034568e-05
beta,120,1,61,O2,Fp1,8.38212622756918e-05
beta,121,2,3,Oz,O1,8.400480882175879e-05
beta,122,2,4,Oz,PO8,0.00010045579858175969
beta,123,2,5,Oz,PO4,9.2240223684426e-05
beta,124,2,6,Oz,POz,8.181281986338519e-05
beta,125,2,7,Oz,PO3,8.208149006074814e-05
beta,126,2,8,Oz,PO7,9.686206474096202e-05
beta,127,2,9,Oz,P8,0.00010494006152365583
beta,128,2,10,Oz,P6,0.00010738504392590645
beta,129,2,11,Oz,P4,0.00010941692794335773
beta,130,2,12,Oz,P2,8.2090999231085e-05
beta,131,2,13,Oz,Pz,7.583761055811714e-05
beta,132,2,14,Oz,P1,6.83621436776466e-05
beta,133,2,15,Oz,P3,8.245652745246374e-05
beta,134,2,16,Oz,P5,0.00010330951359461577
beta,135,2,17,Oz,P7,8.69391763948055e-05
beta,136,2,18,Oz,TP10,6.788537151391882e-05
beta,137,2,19,Oz,TP8,7.259558494740592e-05
beta,138,2,20,Oz,CP6,8.420917540962818e-05
beta,139,2,21,Oz,CP4,9.715293511596464e-05
beta,140,2,22,Oz,CP2,8.657873163709245e-05
beta,141,2,23,Oz,CPz,7.524072399981829e-05
beta,142,2,24,Oz,CP1,7.760457048500618e-05
beta,143,2,25,Oz,CP3,7.696293869780075e-05
beta,144,2,26,Oz,CP5,8.639477308147966e-05
beta,145,2,27,Oz,TP7,7.683473686454726e-05
beta,146,2,28,Oz,TP9,8.640306022533876e-05
beta,147,2,29,Oz,T8,7.055011225245597e-05
beta,148,2,30,Oz,C6,5.7191841724879536e-05
beta,149,2,31,Oz,C4,9.750895258652157e-05
beta,150,2,32,Oz,C2,9.089381712544356e-05
beta,151,2,33,Oz,Cz,7.896328681311865e-05
beta,152,2,34,Oz,C1,7.935008738067154e-05
beta,153,2,35,Oz,C3,8.170492647898027e-05
beta,154,2,36,Oz,C5,8.801550392584074e-05
beta,155,2,37,Oz,T7,7.269660894637933e-05
beta,156,2,38,Oz,FT8,7.256870217219597e-05
beta,157,2,39,Oz,FC6,8.114564010347121e-05
beta,158,2,40,Oz,FC4,7.962023169745552e-05
beta,159,2,41,Oz,FC2,6.828772291922107e-05
beta,160,2,42,Oz,AF8,7.494026500690222e-05
beta,161,2,43,Oz,FC1,8.006637433437876e-05
beta,162,2,44,Oz,FC3,6.761592882888347e-05
beta,163,2,45,Oz,FC5,8.00114219230335e-05
beta,164,2,46,Oz,FT7,7.294609680696452e-05
beta,165,2,47,Oz,F8,9.0375158509372e-05
beta,166,2,48,Oz,F6,8.756837103312888e-05
beta,167,2,49,Oz,F4,8.641956512122893e-05
beta,168,2,50,Oz,F2,7.605364097327619e-05
beta,169,2,51,Oz,Fz,8.032321310578776e-05
beta,170,2,52,Oz,F1,8.476034866987639e-05
beta,171,2,53,Oz,F3,7.563913923309916e-05
beta,172,2,54,Oz,F5,6.690066806430399e-05
beta,173,2,55,Oz,F7,7.368999095429007e-05
beta,174,2,56,Oz,AF4,7.495149638166588e-05
beta,175,2,57,Oz,AF7,8.638124445152048e-05
beta,176,2,58,Oz,AF3,8.5016124537345e-05
beta,177,2,59,Oz,Fp2,7.952643767983455e-05
beta,178,2,60,Oz,Fpz,8.883785659306973e-05
beta,179,2,61,Oz,Fp1,7.958854505021881e-05
beta,180,3,4,O1,PO8,9.279083998811202e-05
beta,181,3,5,O1,PO4,8.666634473279664e-05
beta,182,3,6,O1,POz,6.611889072235435e-05
beta,183,3,7,O1,PO3,9.512825382099322e-05
beta,184,3,8,O1,PO7,9.972575618954795e-05
beta,185,3,9,O1,P8,9.14431542516197e-05
beta,186,3,10,O1,P6,9.616461200508551e-05
beta,187,3,11,O1,P4,9.466515379414523e-05
beta,188,3,12,O1,P2,9.504559574211087e-05
beta,189,3,13,O1,Pz,8.835768496470863e-05
beta,190,3,14,O1,P1,8.559104969886559e-05
beta,191,3,15,O1,P3,8.524344293534675e-05
beta,192,3,16,O1,P5,0.00010629624937610717
beta,193,3,17,O1,P7,8.544058139390685e-05
beta,194,3,18,O1,TP10,7.860247363168136e-05
beta,195,3,19,O1,TP8,8.363796749054911e-05
beta,196,3,20,O1,CP6,8.039215878352509e-05
beta,197,3,21,O1,CP4,8.69709741654098e-05
beta,198,3,22,O1,CP2,9.547546494959368e-05
beta,199,3,23,O1,CPz,8.6747615496277e-05
beta,200,3,24,O1,CP1,9.775238637760228e-05
beta,201,3,25,O1,CP3,8.410989830487351e-05
beta,202,3,26,O1,CP5,8.306042564284135e-05
beta,203,3,27,O1,TP7,8.229910130385011e-05
beta,204,3,28,O1,TP9,9.323207347552043e-05
beta,205,3,29,O1,T8,7.031435958104294e-05
beta,206,3,30,O1,C6,6.860483406392254e-05
beta,207,3,31,O1,C4,7.746341243653233e-05
beta,208,3,32,O1,C2,9.460196284284432e-05
beta,209,3,33,O1,Cz,8.538392063540735e-05
beta,210,3,34,O1,C1,7.662610405713667e-05
beta,211,3,35,O1,C3,8.087187149997377e-05
beta,212,3,36,O1,C5,7.883539484927391e-05
beta,213,3,37,O1,T7,8.559797959334953e-05
beta,214,3,38,O1,FT8,7.800819596137042e-05
beta,215,3,39,O1,FC6,8.55504615838278e-05
beta,216,3,40,O1,FC4,7.286614025337795e-05
beta,217,3,41,O1,FC2,7.523666451469411e-05
beta,218,3,42,O1,AF8,8.122198199902538e-05
beta,219,3,43,O1,FC1,7.975727562585462e-05
beta,220,3,44,O1,FC3,6.935582837582382e-05
beta,221,3,45,O1,FC5,7.89036992828188e-05
beta,222,3,46,O1,FT7,7.351787944668352e-05
beta,223,3,47,O1,F8,8.507854913660296e-05
beta,224,3,48,O1,F6,8.787227499527644e-05
beta,225,3,49,O1,F4,7.059294832401788e-05
beta,226,3,50,O1,F2,8.362281317495258e-05
beta,227,3,51,O1,Fz,8.156968267105554e-05
beta,228,3,52,O1,F1,8.141146008998679e-05
beta,229,3,53,O1,F3,6.732731225400773e-05
beta,230,3,54,O1,F5,7.020566278262969e-05
beta,231,3,55,O1,F7,7.297441989248827e-05
beta,232,3,56,O1,AF4,6.824659639720564e-05
beta,233,3,57,O1,AF7,7.749869107336257e-05
beta,234,3,58,O1,AF3,6.631196243057071e-05
beta,235,3,59,O1,Fp2,5.649465391702193e-05
beta,236,3,60,O1,Fpz,7.628542965106697e-05
beta,237,3,61,O1,Fp1,6.901260851792149e-05
beta,238,4,5,PO8,PO4,9.150378276101948e-05
beta,239,4,6,PO8,POz,8.66797119766349e-05
beta,240,4,7,PO8,PO3,8.660007615497228e-05
beta,241,4,8,PO8,PO7,8.496675800684082e-05
beta,242,4,9,PO8,P8,8.657494144244513e-05
beta,243,4,10,PO8,P6,8.3833819949487e-05
beta,244,4,11,PO8,P4,8.401326372660687e-05
beta,245,4,12,PO8,P2,9.125732643843154e-05
beta,246,4,13,PO8,Pz,7.728676107783758e-05
beta,247,4,14,PO8,P1,6.488471144451483e-05
beta,248,4,15,PO8,P3,7.039402399306291e-05
beta,249,4,16,PO8,P5,7.60605927344227e-05
beta,250,4,17,PO8,P7,7.149531763410483e-05
beta,251,4,18,PO8,TP10,6.82021251430173e-05
beta,252,4,19,PO8,TP8,6.910440849331735e-05
beta,253,4,20,PO8,CP6,9.533052055961321e-05
beta,254,4,21,PO8,CP4,0.00010268888064160901
beta,255,4,22,PO8,CP2,8.893416185417406e-05
beta,256,4,23,PO8,CPz,9.171110686287835e-05
beta,257,4,24,PO8,CP1,7.805810444517925e-05
beta,258,4,25,PO8,CP3,7.011146742065713e-05
beta,259,4,26,PO8,CP5,8.620359972169971e-05
beta,260,4,27,PO8,TP7,7.125795210420632e-05
beta,261,4,28,PO8,TP9,7.93535887948503e-05
beta,262,4,29,PO8,T8,5.991553098093359e-05
beta,263,4,30,PO8,C6,8.053259270093779e-05
beta,264,4,31,PO8,C4,0.00010218242011681867
beta,265,4,32,PO8,C2,9.833401162439152e-05
beta,266,4,33,PO8,Cz,8.051439031645763e-05
beta,267,4,34,PO8,C1,7.89623249701964e-05
beta,268,4,35,PO8,C3,6.693951005248513e-05
beta,269,4,36,PO8,C5,7.27843430885364e-05
beta,270,4,37,PO8,T7,7.590789916369516e-05
beta,271,4,38,PO8,FT8,7.434721260417762e-05
beta,272,4,39,PO8,FC6,7.856423956119083e-05
beta,273,4,40,PO8,FC4,7.661484573229586e-05
beta,274,4,41,PO8,FC2,8.556765444840484e-05
beta,275,4,42,PO8,AF8,7.852013878609845e-05
beta,276,4,43,PO8,FC1,7.688095670822716e-05
beta,277,4,44,PO8,FC3,7.839933059699452e-05
beta,278,4,45,PO8,FC5,7.834777670095097e-05
beta,279,4,46,PO8,FT7,7.06682372203144e-05
beta,280,4,47,PO8,F8,7.437311875549058e-05
beta,281,4,48,PO8,F6,6.627350601659226e-05
beta,282,4,49,PO8,F4,6.424418062019017e-05
beta,283,4,50,PO8,F2,7.341975447015196e-05
beta,284,4,51,PO8,Fz,7.752457982792073e-05
beta,285,4,52,PO8,F1,7.800117425183897e-05
beta,286,4,53,PO8,F3,6.817652325766985e-05
beta,287,4,54,PO8,F5,8.322359572751123e-05
beta,288,4,55,PO8,F7,7.438055985672354e-05
beta,289,4,56,PO8,AF4,8.781843284136448e-05
beta,290,4,57,PO8,AF7,7.551920001544567e-05
beta,291,4,58,PO8,AF3,6.721224737376457e-05
beta,292,4,59,PO8,Fp2,7.546385694349179e-05
beta,293,4,60,PO8,Fpz,7.746569602950464e-05
beta,294,4,61,PO8,Fp1,7.837320723013796e-05
beta,295,5,6,PO4,POz,8.809104202886798e-05
beta,296,5,7,PO4,PO3,8.301258868433163e-05
beta,297,5,8,PO4,PO7,9.175250177313914e-05
beta,298,5,9,PO4,P8,9.609693300260738e-05
beta,299,5,10,PO4,P6,9.584824252851226e-05
beta,300,5,11,PO4,P4,0.0001203068870517383
beta,301,5,12,PO4,P2,0.00010128161926670597
beta,302,5,13,PO4,Pz,7.369292084184268e-05
beta,303,5,14,PO4,P1,6.39668249297544e-05
beta,304,5,15,PO4,P3,6.92834594736767e-05
beta,305,5,16,PO4,P5,7.609559897209197e-05
beta,306,5,17,PO4,P7,7.381873801827024e-05
beta,307,5,18,PO4,TP10,7.270499525699792e-05
beta,308,5,19,PO4,TP8,8.296654294303494e-05
beta,309,5,20,PO4,CP6,9.793308069172712e-05
beta,310,5,21,PO4,CP4,0.00011431873433308652
beta,311,5,22,PO4,CP2,9.97945457686877e-05
beta,312,5,23,PO4,CPz,9.912188565732819e-05
beta,313,5,24,PO4,CP1,7.882829127244751e-05
beta,314,5,25,PO4,CP3,7.027106420656642e-05
beta,315,5,26,PO4,CP5,7.078383108358344e-05
beta,316,5,27,PO4,TP7,6.092421618798954e-05
beta,317,5,28,PO4,TP9,6.306690117239067e-05
beta,318,5,29,PO4,T8,6.84762574294958e-05
beta,319,5,30,PO4,C6,8.211976343843659e-05
beta,320,5,31,PO4,C4,0.00010883567298855751
beta,321,5,32,PO4,C2,9.590493958878332e-05
beta,322,5,33,PO4,Cz,9.042737054496543e-05
beta,323,5,34,PO4,C1,9.108579926920022e-05
beta,324,5,35,PO4,C3,6.681614514562241e-05
beta,325,5,36,PO4,C5,6.990520593412288e-05
beta,326,5,37,PO4,T7,7.339558068811573e-05
beta,327,5,38,PO4,FT8,6.669067162693422e-05
beta,328,5,39,PO4,FC6,8.258354862393475e-05
beta,329,5,40,PO4,FC4,8.188297034906244e-05
beta,330,5,41,PO4,FC2,8.076330294979622e-05
beta,331,5,42,PO4,AF8,8.274496896110977e-05
beta,332,5,43,PO4,FC1,6.479232090901083e-05
beta,333,5,44,PO4,FC3,6.007480269378425e-05
beta,334,5,45,PO4,FC5,7.17708022096469e-05
beta,335,5,46,PO4,FT7,6.633508988220101e-05
beta,336,5,47,PO4,F8,7.164154912015634e-05
beta,337,5,48,PO4,F6,7.809382724857617e-05
beta,338,5,49,PO4,F4,7.938413979185677e-05
beta,339,5,50,PO4,F2,8.005998960479969e-05
beta,340,5,51,PO4,Fz,7.520977922169569e-05
beta,341,5,52,PO4,F1,6.62522449319694e-05
beta,342,5,53,PO4,F3,5.868074314036701e-05
beta,343,5,54,PO4,F5,6.712939920722446e-05
beta,344,5,55,PO4,F7,6.714311981391665e-05
beta,345,5,56,PO4,AF4,6.577340777243922e-05
beta,346,5,57,PO4,AF7,7.03867819099181e-05
beta,347,5,58,PO4,AF3,5.938502982874053e-05
beta,348,5,59,PO4,Fp2,7.228620140900213e-05
beta,349,5,60,PO4,Fpz,7.587565838809619e-05
beta,350,5,61,PO4,Fp1,7.975625561731751e-05
beta,351,6,7,POz,PO3,7.993489897442817e-05
beta,352,6,8,POz,PO7,7.369597028316235e-05
beta,353,6,9,POz,P8,8.708468891020183e-05
beta,354,6,10,POz,P6,8.713871418381052e-05
beta,355,6,11,POz,P4,9.36045420650373e-05
beta,356,6,12,POz,P2,7.976561160732519e-05
beta,357,6,13,POz,Pz,7.068238562058353e-05
beta,358,6,14,POz,P1,6.0806153261223516e-05
beta,359,6,15,POz,P3,7.098529025110123e-05
beta,360,6,16,POz,P5,8.388594845287922e-05
beta,361,6,17,POz,P7,8.604498386202724e-05
beta,362,6,18,POz,TP10,5.728705143943745e-05
beta,363,6,19,POz,TP8,6.630580574906398e-05
beta,364,6,20,POz,CP6,8.280697599922554e-05
beta,365,6,21,POz,CP4,9.169089785672054e-05
beta,366,6,22,POz,CP2,8.583626166931088e-05
beta,367,6,23,POz,CPz,8.357107245813119e-05
beta,368,6,24,POz,CP1,7.735549244036773e-05
beta,369,6,25,POz,CP3,7.238896639951418e-05
beta,370,6,26,POz,CP5,7.153172526070291e-05
beta,371,6,27,POz,TP7,7.838600672316261e-05
beta,372,6,28,POz,TP9,6.239594087206822e-05
beta,373,6,29,POz,T8,7.019503133876209e-05
beta,374,6,30,POz,C6,6.16237419081348e-05
beta,375,6,31,POz,C4,9.142815879036464e-05
beta,376,6,32,POz,C2,8.344022838204937e-05
beta,377,6,33,POz,Cz,9.606439737280905e-05
beta,378,6,34,POz,C1,8.74238240780496e-05
beta,379,6,35,POz,C3,7.360664971898495e-05
beta,380,6,36,POz,C5,7.401404665866756e-05
beta,381,6,37,POz,T7,7.08671873874913e-05
beta,382,6,38,POz,FT8,6.096808482825009e-05
beta,383,6,39,POz,FC6,8.251602197913866e-05
beta,384,6,40,POz,FC4,7.803535983454277e-05
beta,385,6,41,POz,FC2,7.838172393632273e-05
beta,386,6,42,POz,AF8,7.82713096271554e-05
beta,387,6,43,POz,FC1,6.584052529656821e-05
beta,388,6,44,POz,FC3,6.930500473757725e-05
beta,389,6,45,POz,FC5,7.593062804364166e-05
beta,390,6,46,POz,FT7,6.386216849947463e-05
beta,391,6,47,POz,F8,7.010488413760169e-05
beta,392,6,48,POz,F6,7.622543586325515e-05
beta,393,6,49,POz,F4,8.07892648419895e-05
beta,394,6,50,POz,F2,8.184545233755616e-05
beta,395,6,51,POz,Fz,7.20641377672488e-05
beta,396,6,52,POz,F1,5.4887087282141e-05
beta,397,6,53,POz,F3,6.591439368582453e-05
beta,398,6,54,POz,F5,7.872711593635136e-05
beta,399,6,55,POz,F7,7.550101183156284e-05
beta,400,6,56,POz,AF4,7.274967455913615e-05
beta,401,6,57,POz,AF7,7.594242419574677e-05
beta,402,6,58,POz,AF3,6.872163568448883e-05
beta,403,6,59,POz,Fp2,7.603698083789116e-05
beta,404,6,60,POz,Fpz,6.928127579482737e-05
beta,405,6,61,POz,Fp1,6.331411472980473e-05
beta,406,7,8,PO3,PO7,8.065621921635759e-05
beta,407,7,9,PO3,P8,7.419314182728054e-05
beta,408,7,10,PO3,P6,7.979258126829753e-05
beta,409,7,11,PO3,P4,8.200515604279045e-05
beta,410,7,12,PO3,P2,9.419803470960774e-05
beta,411,7,13,PO3,Pz,0.00010033687573643315
beta,412,7,14,PO3,P1,9.472190360845782e-05
beta,413,7,15,PO3,P3,7.821737667410854e-05
beta,414,7,16,PO3,P5,7.964719549795408e-05
beta,415,7,17,PO3,P7,7.852114342551108e-05
beta,416,7,18,PO3,TP10,7.475316719707158e-05
beta,417,7,19,PO3,TP8,7.965333135550867e-05
beta,418,7,20,PO3,CP6,7.804508972487059e-05
beta,419,7,21,PO3,CP4,8.091032016615247e-05
beta,420,7,22,PO3,CP2,8.595552380987839e-05
beta,421,7,23,PO3,CPz,9.465011131654707e-05
beta,422,7,24,PO3,CP1,9.884857396376614e-05
beta,423,7,25,PO3,CP3,8.599938662297267e-05
beta,424,7,26,PO3,CP5,7.486344417280798e-05
beta,425,7,27,PO3,TP7,9.533352768236055e-05
beta,426,7,28,PO3,TP9,8.738901520812819e-05
beta,427,7,29,PO3,T8,6.83941109138402e-05
beta,428,7,30,PO3,C6,6.392806319041197e-05
beta,429,7,31,PO3,C4,8.618224203422905e-05
beta,430,7,32,PO3,C2,8.71680976033106e-05
beta,431,7,33,PO3,Cz,8.729910436466104e-05
beta,432,7,34,PO3,C1,8.799681104627252e-05
beta,433,7,35,PO3,C3,8.043983158659987e-05
beta,434,7,36,PO3,C5,7.233147383327022e-05
beta,435,7,37,PO3,T7,7.654156201338688e-05
beta,436,7,38,PO3,FT8,6.532189651617904e-05
beta,437,7,39,PO3,FC6,8.102024014013914e-05
beta,438,7,40,PO3,FC4,7.7071961817808e-05
beta,439,7,41,PO3,FC2,9.68068185743802e-05
beta,440,7,42,PO3,AF8,8.919961856851085e-05
beta,441,7,43,PO3,FC1,7.188186390689262e-05
beta,442,7,44,PO3,FC3,5.881925941520471e-05
beta,443,7,45,PO3,FC5,7.236546783219428e-05
beta,444,7,46,PO3,FT7,6.345020285622625e-05
beta,445,7,47,PO3,F8,7.527479108745742e-05
beta,446,7,48,PO3,F6,8.440666957545173e-05
beta,447,7,49,PO3,F4,8.028715564272557e-05
beta,448,7,50,PO3,F2,8.614357387082703e-05
beta,449,7,51,PO3,Fz,8.411420989331291e-05
beta,450,7,52,PO3,F1,8.08292200823051e-05
beta,451,7,53,PO3,F3,7.723993945654096e-05
beta,452,7,54,PO3,F5,7.793214209291386e-05
beta,453,7,55,PO3,F7,7.244506321579444e-05
beta,454,7,56,PO3,AF4,7.14827341530081e-05
beta,455,7,57,PO3,AF7,8.192376491425103e-05
beta,456,7,58,PO3,AF3,8.273795538094396e-05
beta,457,7,59,PO3,Fp2,7.087466670387555e-05
beta,458,7,60,PO3,Fpz,8.037004224262711e-05
beta,459,7,61,PO3,Fp1,7.62591839983434e-05
beta,460,8,9,PO7,P8,8.628867769901186e-05
beta,461,8,10,PO7,P6,8.537158124114142e-05
beta,462,8,11,PO7,P4,9.300994754343548e-05
beta,463,8,12,PO7,P2,9.835168960076936e-05
beta,464,8,13,PO7,Pz,0.00010469151571548046
beta,465,8,14,PO7,P1,0.00010149946698347617
beta,466,8,15,PO7,P3,9.120727563417053e-05
beta,467,8,16,PO7,P5,8.195764173300674e-05
beta,468,8,17,PO7,P7,9.311451493727984e-05
beta,469,8,18,PO7,TP10,8.906656331697312e-05
beta,470,8,19,PO7,TP8,7.478787058917428e-05
beta,471,8,20,PO7,CP6,8.400125716284031e-05
beta,472,8,21,PO7,CP4,8.67648499461633e-05
beta,473,8,22,PO7,CP2,8.884006096384908e-05
beta,474,8,23,PO7,CPz,9.772400129058752e-05
beta,475,8,24,PO7,CP1,0.00010765655543002749
beta,476,8,25,PO7,CP3,9.776983339323449e-05
beta,477,8,26,PO7,CP5,8.700341896173863e-05
beta,478,8,27,PO7,TP7,9.15715005468295e-05
beta,479,8,28,PO7,TP9,0.00010802825058735359
beta,480,8,29,PO7,T8,7.149449494874694e-05
beta,481,8,30,PO7,C6,6.42152538270568e-05
beta,482,8,31,PO7,C4,7.819226243189059e-05
beta,483,8,32,PO7,C2,8.46958635377012e-05
beta,484,8,33,PO7,Cz,9.619683489775178e-05
beta,485,8,34,PO7,C1,8.954305760056243e-05
beta,486,8,35,PO7,C3,8.517147412989005e-05
beta,487,8,36,PO7,C5,7.618042910994484e-05
beta,488,8,37,PO7,T7,9.063193340032057e-05
beta,489,8,38,PO7,FT8,7.599936170029572e-05
beta,490,8,39,PO7,FC6,6.8216516404336e-05
beta,491,8,40,PO7,FC4,6.120689919671785e-05
beta,492,8,41,PO7,FC2,8.173063694419074e-05
beta,493,8,42,PO7,AF8,9.467329540105578e-05
beta,494,8,43,PO7,FC1,8.683308932021831e-05
beta,495,8,44,PO7,FC3,7.69465158776782e-05
beta,496,8,45,PO7,FC5,7.997231168819729e-05
beta,497,8,46,PO7,FT7,8.768395879445458e-05
beta,498,8,47,PO7,F8,7.545153427720698e-05
beta,499,8,48,PO7,F6,9.20463215307849e-05
beta,500,8,49,PO7,F4,7.865848497736247e-05
beta,501,8,50,PO7,F2,8.803997533842549e-05
beta,502,8,51,PO7,Fz,9.774783050545505e-05
beta,503,8,52,PO7,F1,9.375682819280561e-05
beta,504,8,53,PO7,F3,8.835595210412196e-05
beta,505,8,54,PO7,F5,9.577463787765602e-05
beta,506,8,55,PO7,F7,8.967935263417878e-05
beta,507,8,56,PO7,AF4,7.821079313840056e-05
beta,508,8,57,PO7,AF7,9.135798263100743e-05
beta,509,8,58,PO7,AF3,8.555785083104808e-05
beta,510,8,59,PO7,Fp2,6.225321376596131e-05
beta,511,8,60,PO7,Fpz,8.357184321717778e-05
beta,512,8,61,PO7,Fp1,8.468262933576758e-05
beta,513,9,10,P8,P6,9.055790597643349e-05
beta,514,9,11,P8,P4,9.721542266922613e-05
beta,515,9,12,P8,P2,9.485770732048249e-05
beta,516,9,13,P8,Pz,8.360323276559462e-05
beta,517,9,14,P8,P1,7.027409203153574e-05
beta,518,9,15,P8,P3,6.753228100877944e-05
beta,519,9,16,P8,P5,7.607145945332185e-05
beta,520,9,17,P8,P7,7.52700468374304e-05
beta,521,9,18,P8,TP10,8.052864843695878e-05
beta,522,9,19,P8,TP8,5.9024075490759215e-05
beta,523,9,20,P8,CP6,0.00010131602545873457
beta,524,9,21,P8,CP4,0.00013018735739921152
beta,525,9,22,P8,CP2,0.00011684338755644664
beta,526,9,23,P8,CPz,9.414635095504244e-05
beta,527,9,24,P8,CP1,8.873233434820916e-05
beta,528,9,25,P8,CP3,7.246711153685226e-05
beta,529,9,26,P8,CP5,8.19405609001134e-05
beta,530,9,27,P8,TP7,7.239115144459506e-05
beta,531,9,28,P8,TP9,8.208585722485231e-05
beta,532,9,29,P8,T8,6.574058328658755e-05
beta,533,9,30,P8,C6,8.020187066653354e-05
beta,534,9,31,P8,C4,0.00010427044868981112
beta,535,9,32,P8,C2,9.936429802017893e-05
beta,536,9,33,P8,Cz,8.348406690378293e-05
beta,537,9,34,P8,C1,8.833571582168237e-05
beta,538,9,35,P8,C3,5.5608140835570074e-05
beta,539,9,36,P8,C5,7.364071185617393e-05
beta,540,9,37,P8,T7,7.785595110316266e-05
beta,541,9,38,P8,FT8,7.978674269840475e-05
beta,542,9,39,P8,FC6,7.41603257779764e-05
beta,543,9,40,P8,FC4,7.99755191364749e-05
beta,544,9,41,P8,FC2,7.799812150686861e-05
beta,545,9,42,P8,AF8,8.033179100362983e-05
beta,546,9,43,P8,FC1,7.74843766041639e-05
beta,547,9,44,P8,FC3,7.279062844907208e-05
beta,548,9,45,P8,FC5,8.261603093032175e-05
beta,549,9,46,P8,FT7,7.418350232450327e-05
beta,550,9,47,P8,F8,8.032407940740728e-05
beta,551,9,48,P8,F6,7.523335948602762e-05
beta,552,9,49,P8,F4,7.511466482855384e-05
beta,553,9,50,P8,F2,8.854668892193725e-05
beta,554,9,51,P8,Fz,8.354511505323506e-05
beta,555,9,52,P8,F1,8.251216251810191e-05
beta,556,9,53,P8,F3,6.152022037557461e-05
beta,557,9,54,P8,F5,8.761763851278477e-05
beta,558,9,55,P8,F7,8.423873153954728e-05
beta,559,9,56,P8,AF4,8.854010813317734e-05
beta,560,9,57,P8,AF7,7.380995655854412e-05
beta,561,9,58,P8,AF3,8.167648749724988e-05
beta,562,9,59,P8,Fp2,7.052390232235518e-05
beta,563,9,60,P8,Fpz,7.360682653848208e-05
beta,564,9,61,P8,Fp1,6.893662712387345e-05
beta,565,10,11,P6,P4,0.000104452794907516
beta,566,10,12,P6,P2,9.161415851082374e-05
beta,567,10,13,P6,Pz,8.246287830660222e-05
beta,568,10,14,P6,P1,7.190035852178657e-05
beta,569,10,15,P6,P3,7.296377718279975e-05
beta,570,10,16,P6,P5,7.187637543914024e-05
beta,571,10,17,P6,P7,7.920456280033938e-05
beta,572,10,18,P6,TP10,7.557272281729204e-05
beta,573,10,19,P6,TP8,8.418983448543434e-05
beta,574,10,20,P6,CP6,9.353639191645577e-05
beta,575,10,21,P6,CP4,0.00011955054920945106
beta,576,10,22,P6,CP2,9.515600631832962e-05
beta,577,10,23,P6,CPz,0.00010140303085376047
beta,578,10,24,P6,CP1,9.30385965509927e-05
beta,579,10,25,P6,CP3,7.862303333076538e-05
beta,580,10,26,P6,CP5,7.977932111940758e-05
beta,581,10,27,P6,TP7,8.130394175724453e-05
beta,582,10,28,P6,TP9,7.572397634239702e-05
beta,583,10,29,P6,T8,7.16995593783798e-05
beta,584,10,30,P6,C6,9.399221520200332e-05
beta,585,10,31,P6,C4,0.0001177133066022147
beta,586,10,32,P6,C2,9.710460536414123e-05
beta,587,10,33,P6,Cz,8.921650600487633e-05
beta,588,10,34,P6,C1,8.443707896164021e-05
beta,589,10,35,P6,C3,5.856721973550121e-05
beta,590,10,36,P6,C5,7.23060558183106e-05
beta,591,10,37,P6,T7,8.25446678770138e-05
beta,592,10,38,P6,FT8,7.939634728008137e-05
beta,593,10,39,P6,FC6,9.753662573593808e-05
beta,594,10,40,P6,FC4,0.00010863121073916514
beta,595,10,41,P6,FC2,7.79167529638908e-05
beta,596,10,42,P6,AF8,8.474820969289084e-05
beta,597,10,43,P6,FC1,6.967566792542219e-05
beta,598,10,44,P6,FC3,6.316039463520495e-05
beta,599,10,45,P6,FC5,7.722839589766658e-05
beta,600,10,46,P6,FT7,6.592924663903816e-05
beta,601,10,47,P6,F8,7.998431529512005e-05
beta,602,10,48,P6,F6,8.944713755250611e-05
beta,603,10,49,P6,F4,8.309265943018874e-05
beta,604,10,50,P6,F2,7.888876475502254e-05
beta,605,10,51,P6,Fz,7.442769859073831e-05
beta,606,10,52,P6,F1,7.402696859432042e-05
beta,607,10,53,P6,F3,5.8043877696518986e-05
beta,608,10,54,P6,F5,7.943526816785365e-05
beta,609,10,55,P6,F7,7.724431841633579e-05
beta,610,10,56,P6,AF4,0.00010000231630250087
beta,611,10,57,P6,AF7,7.653777431511526e-05
beta,612,10,58,P6,AF3,5.6817640464774336e-05
beta,613,10,59,P6,Fp2,8.917893552693842e-05
beta,614,10,60,P6,Fpz,8.49604938181021e-05
beta,615,10,61,P6,Fp1,8.686163820689711e-05
beta,616,11,12,P4,P2,7.34481646914168e-05
beta,617,11,13,P4,Pz,7.344361394708169e-05
beta,618,11,14,P4,P1,7.68166070397368e-05
beta,619,11,15,P4,P3,7.55103938253246e-05
beta,620,11,16,P4,P5,7.502893236789422e-05
beta,621,11,17,P4,P7,8.532995278773531e-05
beta,622,11,18,P4,TP10,8.101535488133575e-05
beta,623,11,19,P4,TP8,9.10112616761396e-05
beta,624,11,20,P4,CP6,6.764533748889658e-05
beta,625,11,21,P4,CP4,0.00011735301503253542
beta,626,11,22,P4,CP2,0.00010010129293222387
beta,627,11,23,P4,CPz,9.860244098132821e-05
beta,628,11,24,P4,CP1,9.445444916914144e-05
beta,629,11,25,P4,CP3,8.450368005280738e-05
beta,630,11,26,P4,CP5,7.207001188641745e-05
beta,631,11,27,P4,TP7,7.758921722146437e-05
beta,632,11,28,P4,TP9,7.094915238603459e-05
beta,633,11,29,P4,T8,7.308762247067802e-05
beta,634,11,30,P4,C6,7.731793049098514e-05
beta,635,11,31,P4,C4,0.00011909953271269582
beta,636,11,32,P4,C2,0.00010059015297789551
beta,637,11,33,P4,Cz,8.101229546294765e-05
beta,638,11,34,P4,C1,8.603487081201272e-05
beta,639,11,35,P4,C3,7.051490527206602e-05
beta,640,11,36,P4,C5,6.86860564984343e-05
beta,641,11,37,P4,T7,8.228886264627384e-05
beta,642,11,38,P4,FT8,7.878828539406555e-05
beta,643,11,39,P4,FC6,0.00010535918618715915
beta,644,11,40,P4,FC4,0.00010750291742951945
beta,645,11,41,P4,FC2,8.228475515206394e-05
beta,646,11,42,P4,AF8,9.256162310484604e-05
beta,647,11,43,P4,FC1,7.95258909005041e-05
beta,648,11,44,P4,FC3,6.092929872343691e-05
beta,649,11,45,P4,FC5,7.325105776329157e-05
beta,650,11,46,P4,FT7,6.573629166630285e-05
beta,651,11,47,P4,F8,7.754883100246364e-05
beta,652,11,48,P4,F6,8.498936047722166e-05
beta,653,11,49,P4,F4,8.52202687055222e-05
beta,654,11,50,P4,F2,8.478308917139267e-05
beta,655,11,51,P4,Fz,7.921430822524565e-05
beta,656,11,52,P4,F1,9.268051273467678e-05
beta,657,11,53,P4,F3,7.66262862886353e-05
beta,658,11,54,P4,F5,7.86539185013119e-05
beta,659,11,55,P4,F7,7.708791625754528e-05
beta,660,11,56,P4,AF4,8.524576221358901e-05
beta,661,11,57,P4,AF7,7.896743732997138e-05
beta,662,11,58,P4,AF3,7.574561925317296e-05
beta,663,11,59,P4,Fp2,8.962684193745069e-05
beta,664,11,60,P4,Fpz,9.356410580683122e-05
beta,665,11,61,P4,Fp1,8.985968516807134e-05
beta,666,12,13,P2,Pz,7.232926295230767e-05
beta,667,12,14,P2,P1,7.376088550476362e-05
beta,668,12,15,P2,P3,8.892155188334817e-05
beta,669,12,16,P2,P5,8.746082488990023e-05
beta,670,12,17,P2,P7,9.551685796931647e-05
beta,671,12,18,P2,TP10,7.060281377212541e-05
beta,672,12,19,P2,TP8,7.815312386279557e-05
beta,673,12,20,P2,CP6,7.683315649488431e-05
beta,674,12,21,P2,CP4,8.406852618385804e-05
beta,675,12,22,P2,CP2,9.236446304813042e-05
beta,676,12,23,P2,CPz,9.552699000212563e-05
beta,677,12,24,P2,CP1,8.419383559871704e-05
beta,678,12,25,P2,CP3,8.839959481200924e-05
beta,679,12,26,P2,CP5,7.895696623532106e-05
beta,680,12,27,P2,TP7,7.840798891353549e-05
beta,681,12,28,P2,TP9,6.908814549635334e-05
beta,682,12,29,P2,T8,7.060284728952841e-05
beta,683,12,30,P2,C6,7.388828554284567e-05
beta,684,12,31,P2,C4,0.00010271788951852347
beta,685,12,32,P2,C2,9.8696494031862e-05
beta,686,12,33,P2,Cz,9.578567282218695e-05
beta,687,12,34,P2,C1,9.039845760569379e-05
beta,688,12,35,P2,C3,7.366789889329413e-05
beta,689,12,36,P2,C5,7.160489386361138e-05
beta,690,12,37,P2,T7,7.651455761775233e-05
beta,691,12,38,P2,FT8,7.897283521033032e-05
beta,692,12,39,P2,FC6,8.857684551865535e-05
beta,693,12,40,P2,FC4,8.852259631248064e-05
beta,694,12,41,P2,FC2,9.06329294158085e-05
beta,695,12,42,P2,AF8,9.846332369025546e-05
beta,696,12,43,P2,FC1,8.671656293107215e-05
beta,697,12,44,P2,FC3,7.140539235559094e-05
beta,698,12,45,P2,FC5,8.301513139889975e-05
beta,699,12,46,P2,FT7,7.44747725939297e-05
beta,700,12,47,P2,F8,7.200767602849221e-05
beta,701,12,48,P2,F6,7.904014923705859e-05
beta,702,12,49,P2,F4,8.424011330961722e-05
beta,703,12,50,P2,F2,9.542421566901491e-05
beta,704,12,51,P2,Fz,8.888141562758696e-05
beta,705,12,52,P2,F1,8.620453033805909e-05
beta,706,12,53,P2,F3,8.031183436939366e-05
beta,707,12,54,P2,F5,9.213421617084911e-05
beta,708,12,55,P2,F7,9.232832516830815e-05
beta,709,12,56,P2,AF4,9.060799586243032e-05
beta,710,12,57,P2,AF7,9.304608937472336e-05
beta,711,12,58,P2,AF3,8.319746426439719e-05
beta,712,12,59,P2,Fp2,7.699520116082135e-05
beta,713,12,60,P2,Fpz,9.364147096564094e-05
beta,714,12,61,P2,Fp1,7.771127352164614e-05
beta,715,13,14,Pz,P1,6.983158563164462e-05
beta,716,13,15,Pz,P3,9.760571025945956e-05
beta,717,13,16,Pz,P5,0.0001043271226010253
beta,718,13,17,Pz,P7,0.00011130975496700027
beta,719,13,18,Pz,TP10,6.0979180460474736e-05
beta,720,13,19,Pz,TP8,6.367853518483225e-05
beta,721,13,20,Pz,CP6,7.481735363436951e-05
beta,722,13,21,Pz,CP4,8.307762114161693e-05
beta,723,13,22,Pz,CP2,9.438424763383855e-05
beta,724,13,23,Pz,CPz,8.486417281665719e-05
beta,725,13,24,Pz,CP1,7.732714808586136e-05
beta,726,13,25,Pz,CP3,8.339342466270206e-05
beta,727,13,26,Pz,CP5,9.948119385628155e-05
beta,728,13,27,Pz,TP7,9.442182996368198e-05
beta,729,13,28,Pz,TP9,6.954394217134507e-05
beta,730,13,29,Pz,T8,7.127383031541056e-05
beta,731,13,30,Pz,C6,7.80246199303691e-05
beta,732,13,31,Pz,C4,9.068382406099204e-05
beta,733,13,32,Pz,C2,8.968521912423807e-05
beta,734,13,33,Pz,Cz,8.672868451349885e-05
beta,735,13,34,Pz,C1,8.782388623555004e-05
beta,736,13,35,Pz,C3,8.486995943818842e-05
beta,737,13,36,Pz,C5,8.623311506337755e-05
beta,738,13,37,Pz,T7,8.324815581278398e-05
beta,739,13,38,Pz,FT8,8.039908997794014e-05
beta,740,13,39,Pz,FC6,9.31256594192902e-05
beta,741,13,40,Pz,FC4,6.814969423760031e-05
beta,742,13,41,Pz,FC2,0.0001068505528242764
beta,743,13,42,Pz,AF8,0.00010522251270774588
beta,744,13,43,Pz,FC1,8.853376521453365e-05
beta,745,13,44,Pz,FC3,8.017661850349655e-05
beta,746,13,45,Pz,FC5,6.703804404327806e-05
beta,747,13,46,Pz,FT7,6.662421691530782e-05
beta,748,13,47,Pz,F8,6.950764786888998e-05
beta,749,13,48,Pz,F6,8.415031257918942e-05
beta,750,13,49,Pz,F4,9.111248685482461e-05
beta,751,13,50,Pz,F2,0.00010395637650702
beta,752,13,51,Pz,Fz,9.144547238115789e-05
beta,753,13,52,Pz,F1,7.804680367342678e-05
beta,754,13,53,Pz,F3,7.747313304943492e-05
beta,755,13,54,Pz,F5,7.276536169300116e-05
beta,756,13,55,Pz,F7,7.235145972642223e-05
beta,757,13,56,Pz,AF4,8.24881748563175e-05
beta,758,13,57,Pz,AF7,8.131956909308652e-05
beta,759,13,58,Pz,AF3,6.588898191069601e-05
beta,760,13,59,Pz,Fp2,8.61079332832929e-05
beta,761,13,60,Pz,Fpz,8.65610860368247e-05
beta,762,13,61,Pz,Fp1,7.588605782658296e-05
beta,763,14,15,P1,P3,0.0001056071796915996
beta,764,14,16,P1,P5,0.00011981903463905279
beta,765,14,17,P1,P7,0.00011517473606662703
beta,766,14,18,P1,TP10,6.625080222085703e-05
beta,767,14,19,P1,TP8,5.794437430085295e-05
beta,768,14,20,P1,CP6,8.328199450197192e-05
beta,769,14,21,P1,CP4,9.747643808096453e-05
beta,770,14,22,P1,CP2,8.616291854025618e-05
beta,771,14,23,P1,CPz,8.90391870298149e-05
beta,772,14,24,P1,CP1,8.334858319839777e-05
beta,773,14,25,P1,CP3,7.495840912261252e-05
beta,774,14,26,P1,CP5,0.00010802565888617514
beta,775,14,27,P1,TP7,0.00010345195228005128
beta,776,14,28,P1,TP9,8.50302388029153e-05
beta,777,14,29,P1,T8,6.886164792739258e-05
beta,778,14,30,P1,C6,8.12646728049814e-05
beta,779,14,31,P1,C4,0.0001055176469327025
beta,780,14,32,P1,C2,9.06614601412672e-05
beta,781,14,33,P1,Cz,8.028286756498153e-05
beta,782,14,34,P1,C1,8.697945362139123e-05
beta,783,14,35,P1,C3,7.583110059499289e-05
beta,784,14,36,P1,C5,8.877705322174875e-05
beta,785,14,37,P1,T7,9.022183626408603e-05
beta,786,14,38,P1,FT8,6.872082073985614e-05
beta,787,14,39,P1,FC6,8.28119577580287e-05
beta,788,14,40,P1,FC4,8.078183586073009e-05
beta,789,14,41,P1,FC2,0.00010656430318871624
beta,790,14,42,P1,AF8,9.862168923054119e-05
beta,791,14,43,P1,FC1,8.645876098376114e-05
beta,792,14,44,P1,FC3,7.190353715397751e-05
beta,793,14,45,P1,FC5,6.855373506869204e-05
beta,794,14,46,P1,FT7,7.564655113179385e-05
beta,795,14,47,P1,F8,7.05861918073239e-05
beta,796,14,48,P1,F6,6.863143249381318e-05
beta,797,14,49,P1,F4,7.810253705724357e-05
beta,798,14,50,P1,F2,0.00010253107411791467
beta,799,14,51,P1,Fz,0.00010282418230573682
beta,800,14,52,P1,F1,9.2319904851422e-05
beta,801,14,53,P1,F3,8.888530053330641e-05
beta,802,14,54,P1,F5,6.974509109021744e-05
beta,803,14,55,P1,F7,6.368676740842119e-05
beta,804,14,56,P1,AF4,7.069452369199793e-05
beta,805,14,57,P1,AF7,9.33454064377347e-05
beta,806,14,58,P1,AF3,7.468177403372108e-05
beta,807,14,59,P1,Fp2,7.558481529094044e-05
beta,808,14,60,P1,Fpz,8.868758527852432e-05
beta,809,14,61,P1,Fp1,8.211343524266736e-05
beta,810,15,16,P3,P5,9.056436893958024e-05
beta,811,15,17,P3,P7,9.810129725385489e-05
beta,812,15,18,P3,TP10,7.78094861170347e-05
beta,813,15,19,P3,TP8,7.118663537864654e-05
beta,814,15,20,P3,CP6,7.641272142619999e-05
beta,815,15,21,P3,CP4,9.567790721400757e-05
beta,816,15,22,P3,CP2,9.014554216898086e-05
beta,817,15,23,P3,CPz,0.00010492984503330201
beta,818,15,24,P3,CP1,0.00011430618189276786
beta,819,15,25,P3,CP3,8.971049127067579e-05
beta,820,15,26,P3,CP5,8.65006427591909e-05
beta,821,15,27,P3,TP7,0.00010015841503105225
beta,822,15,28,P3,TP9,8.241106857657387e-05
beta,823,15,29,P3,T8,7.017274117675587e-05
beta,824,15,30,P3,C6,7.981692871564036e-05
beta,825,15,31,P3,C4,9.635532063525584e-05
beta,826,15,32,P3,C2,0.00010007134955353401
beta,827,15,33,P3,Cz,9.078184629455035e-05
beta,828,15,34,P3,C1,9.854700788247317e-05
beta,829,15,35,P3,C3,8.761766833206101e-05
beta,830,15,36,P3,C5,9.167602810631423e-05
beta,831,15,37,P3,T7,8.269898142964914e-05
beta,832,15,38,P3,FT8,6.27540326396995e-05
beta,833,15,39,P3,FC6,7.852165940073513e-05
beta,834,15,40,P3,FC4,7.29106015139347e-05
beta,835,15,41,P3,FC2,9.481479788683763e-05
beta,836,15,42,P3,AF8,8.157058313925213e-05
beta,837,15,43,P3,FC1,7.813192109712932e-05
beta,838,15,44,P3,FC3,6.973681834942173e-05
beta,839,15,45,P3,FC5,7.389728120250853e-05
beta,840,15,46,P3,FT7,8.035440258114246e-05
beta,841,15,47,P3,F8,6.813245861932588e-05
beta,842,15,48,P3,F6,6.726927422498926e-05
beta,843,15,49,P3,F4,6.774540746292456e-05
beta,844,15,50,P3,F2,7.740215705846242e-05
beta,845,15,51,P3,Fz,8.472632992665361e-05
beta,846,15,52,P3,F1,8.129397059446333e-05
beta,847,15,53,P3,F3,8.128704370636222e-05
beta,848,15,54,P3,F5,6.531626686492998e-05
beta,849,15,55,P3,F7,6.442334594741454e-05
beta,850,15,56,P3,AF4,5.967219847046348e-05
beta,851,15,57,P3,AF7,7.069508515827201e-05
beta,852,15,58,P3,AF3,7.481286344288052e-05
beta,853,15,59,P3,Fp2,7.556159757670793e-05
beta,854,15,60,P3,Fpz,7.20825426801561e-05
beta,855,15,61,P3,Fp1,7.391188999286442e-05
beta,856,16,17,P5,P7,8.20017793614459e-05
beta,857,16,18,P5,TP10,9.158476615357032e-05
beta,858,16,19,P5,TP8,7.931390878782321e-05
beta,859,16,20,P5,CP6,8.601817290215334e-05
beta,860,16,21,P5,CP4,8.7147217224966e-05
beta,861,16,22,P5,CP2,8.722338694956659e-05
beta,862,16,23,P5,CPz,0.0001312943750353027
beta,863,16,24,P5,CP1,0.0001357582675913903
beta,864,16,25,P5,CP3,0.00011747593435528941
beta,865,16,26,P5,CP5,7.593054493137006e-05
beta,866,16,27,P5,TP7,0.00010078627317214104
beta,867,16,28,P5,TP9,9.434305799958106e-05
beta,868,16,29,P5,T8,7.490612923851997e-05
beta,869,16,30,P5,C6,7.722567275604341e-05
beta,870,16,31,P5,C4,8.369920258687177e-05
beta,871,16,32,P5,C2,9.356889581334734e-05
beta,872,16,33,P5,Cz,9.82123445485702e-05
beta,873,16,34,P5,C1,0.00010091580068311037
beta,874,16,35,P5,C3,9.57982249125439e-05
beta,875,16,36,P5,C5,8.021176863637403e-05
beta,876,16,37,P5,T7,9.799068268603179e-05
beta,877,16,38,P5,FT8,6.31482796219498e-05
beta,878,16,39,P5,FC6,7.348285642111531e-05
beta,879,16,40,P5,FC4,7.110239831754977e-05
beta,880,16,41,P5,FC2,9.855009363193754e-05
beta,881,16,42,P5,AF8,8.434788028595247e-05
beta,882,16,43,P5,FC1,7.451598212042977e-05
beta,883,16,44,P5,FC3,8.242312830838705e-05
beta,884,16,45,P5,FC5,8.049686985479435e-05
beta,885,16,46,P5,FT7,8.993759774815602e-05
beta,886,16,47,P5,F8,7.684683783730029e-05
beta,887,16,48,P5,F6,7.982494936914002e-05
beta,888,16,49,P5,F4,7.294107624069893e-05
beta,889,16,50,P5,F2,7.648510918647103e-05
beta,890,16,51,P5,Fz,8.199428950584496e-05
beta,891,16,52,P5,F1,7.969672209309566e-05
beta,892,16,53,P5,F3,8.065747199445778e-05
beta,893,16,54,P5,F5,8.66790015800899e-05
beta,894,16,55,P5,F7,9.614686369725293e-05
beta,895,16,56,P5,AF4,6.392680539103977e-05
beta,896,16,57,P5,AF7,7.504199381383261e-05
beta,897,16,58,P5,AF3,7.787730305128346e-05
beta,898,16,59,P5,Fp2,7.071339580039837e-05
beta,899,16,60,P5,Fpz,7.457951440513797e-05
beta,900,16,61,P5,Fp1,8.677442536033111e-05
beta,901,17,18,P7,TP10,8.963154152096653e-05
beta,902,17,19,P7,TP8,7.840302948675934e-05
beta,903,17,20,P7,CP6,8.980955522059774e-05
beta,904,17,21,P7,CP4,7.959960814910887e-05
beta,905,17,22,P7,CP2,7.910803819292261e-05
beta,906,17,23,P7,CPz,0.00012263078684768785
beta,907,17,24,P7,CP1,0.0001319063668552691
beta,908,17,25,P7,CP3,0.00010409159999947597
beta,909,17,26,P7,CP5,7.729546793602886e-05
beta,910,17,27,P7,TP7,9.255178219587497e-05
beta,911,17,28,P7,TP9,9.191003282413076e-05
beta,912,17,29,P7,T8,6.769492120191898e-05
beta,913,17,30,P7,C6,7.37677554135181e-05
beta,914,17,31,P7,C4,6.561864347878367e-05
beta,915,17,32,P7,C2,8.12916290181034e-05
beta,916,17,33,P7,Cz,9.38594879658144e-05
beta,917,17,34,P7,C1,0.0001047273962734797
beta,918,17,35,P7,C3,0.00010048929956241698
beta,919,17,36,P7,C5,7.80785788557761e-05
beta,920,17,37,P7,T7,0.00011479031039761602
beta,921,17,38,P7,FT8,7.234084093733184e-05
beta,922,17,39,P7,FC6,8.170300189920459e-05
beta,923,17,40,P7,FC4,7.59348172824691e-05
beta,924,17,41,P7,FC2,6.820963717480142e-05
beta,925,17,42,P7,AF8,8.252303679752695e-05
beta,926,17,43,P7,FC1,7.043328258384143e-05
beta,927,17,44,P7,FC3,8.942724686264173e-05
beta,928,17,45,P7,FC5,8.995796054445682e-05
beta,929,17,46,P7,FT7,0.00010328481752735759
beta,930,17,47,P7,F8,6.892287820604786e-05
beta,931,17,48,P7,F6,8.736815308170387e-05
beta,932,17,49,P7,F4,8.210464283956692e-05
beta,933,17,50,P7,F2,7.6352837831541e-05
beta,934,17,51,P7,Fz,8.755631754022995e-05
beta,935,17,52,P7,F1,9.244100030528881e-05
beta,936,17,53,P7,F3,8.935407021641371e-05
beta,937,17,54,P7,F5,0.0001066030713571882
beta,938,17,55,P7,F7,0.00010897424220014836
beta,939,17,56,P7,AF4,7.700285952634878e-05
beta,940,17,57,P7,AF7,9.171776912269932e-05
beta,941,17,58,P7,AF3,9.16751617995604e-05
beta,942,17,59,P7,Fp2,6.737907918171558e-05
beta,943,17,60,P7,Fpz,8.845973667728753e-05
beta,944,17,61,P7,Fp1,8.900796781845946e-05
beta,945,18,19,TP10,TP8,7.980579237083657e-05
beta,946,18,20,TP10,CP6,9.790815030677748e-05
beta,947,18,21,TP10,CP4,0.00011175385709960984
beta,948,18,22,TP10,CP2,0.00010913342531170632
beta,949,18,23,TP10,CPz,7.807887034403533e-05
beta,950,18,24,TP10,CP1,7.01318285587882e-05
beta,951,18,25,TP10,CP3,9.552221742651493e-05
beta,952,18,26,TP10,CP5,8.116022139545884e-05
beta,953,18,27,TP10,TP7,6.310341158564548e-05
beta,954,18,28,TP10,TP9,6.03377886392642e-05
beta,955,18,29,TP10,T8,7.902470305396283e-05
beta,956,18,30,TP10,C6,0.00016382903482427467
beta,957,18,31,TP10,C4,9.749827518524721e-05
beta,958,18,32,TP10,C2,6.810246313908437e-05
beta,959,18,33,TP10,Cz,7.876381855469514e-05
beta,960,18,34,TP10,C1,6.988960004220624e-05
beta,961,18,35,TP10,C3,6.944439751915393e-05
beta,962,18,36,TP10,C5,4.998491384216679e-05
beta,963,18,37,TP10,T7,6.253529194014305e-05
beta,964,18,38,TP10,FT8,0.00012176687609828632
beta,965,18,39,TP10,FC6,0.0001220806850245686
beta,966,18,40,TP10,FC4,8.528773342720932e-05
beta,967,18,41,TP10,FC2,7.073724084868042e-05
beta,968,18,42,TP10,AF8,8.176189940480187e-05
beta,969,18,43,TP10,FC1,9.832184605956716e-05
beta,970,18,44,TP10,FC3,7.195194094509978e-05
beta,971,18,45,TP10,FC5,7.015286672663838e-05
beta,972,18,46,TP10,FT7,6.970409493803893e-05
beta,973,18,47,TP10,F8,8.521402947543472e-05
beta,974,18,48,TP10,F6,8.852138556170873e-05
beta,975,18,49,TP10,F4,7.226277526272311e-05
beta,976,18,50,TP10,F2,6.86401263599061e-05
beta,977,18,51,TP10,Fz,8.461601031074135e-05
beta,978,18,52,TP10,F1,9.486661445882072e-05
beta,979,18,53,TP10,F3,8.864688049647237e-05
beta,980,18,54,TP10,F5,8.259922697184082e-05
beta,981,18,55,TP10,F7,7.657900620438313e-05
beta,982,18,56,TP10,AF4,7.797433239432858e-05
beta,983,18,57,TP10,AF7,8.290277188765908e-05
beta,984,18,58,TP10,AF3,0.00010074550854363559
beta,985,18,59,TP10,Fp2,6.996465108052334e-05
beta,986,18,60,TP10,Fpz,8.118092782026073e-05
beta,987,18,61,TP10,Fp1,7.384132086697797e-05
beta,988,19,20,TP8,CP6,0.0001029125066533858
beta,989,19,21,TP8,CP4,0.0001067131156155109
beta,990,19,22,TP8,CP2,0.00011400571455541654
beta,991,19,23,TP8,CPz,9.222603878741392e-05
beta,992,19,24,TP8,CP1,7.52461298558112e-05
beta,993,19,25,TP8,CP3,7.167535841870129e-05
beta,994,19,26,TP8,CP5,7.563162681762948e-05
beta,995,19,27,TP8,TP7,6.501720223348872e-05
beta,996,19,28,TP8,TP9,6.813939340862254e-05
beta,997,19,29,TP8,T8,0.0001061587069811077
beta,998,19,30,TP8,C6,0.00012993774076054833
beta,999,19,31,TP8,C4,9.913427162899205e-05
beta,1000,19,32,TP8,C2,7.845197478384808e-05
beta,1001,19,33,TP8,Cz,9.554247329972903e-05
beta,1002,19,34,TP8,C1,7.482628713419368e-05
beta,1003,19,35,TP8,C3,6.923818283582923e-05
beta,1004,19,36,TP8,C5,7.141923114457111e-05
beta,1005,19,37,TP8,T7,7.17971503756088e-05
beta,1006,19,38,TP8,FT8,7.429594560855487e-05
beta,1007,19,39,TP8,FC6,7.942199957769035e-05
beta,1008,19,40,TP8,FC4,7.560518430560658e-05
beta,1009,19,41,TP8,FC2,7.779444896107522e-05
beta,1010,19,42,TP8,AF8,8.181530709117977e-05
beta,1011,19,43,TP8,FC1,8.287763936076951e-05
beta,1012,19,44,TP8,FC3,7.597540600247864e-05
beta,1013,19,45,TP8,FC5,8.211927307624436e-05
beta,1014,19,46,TP8,FT7,7.801593506410955e-05
beta,1015,19,47,TP8,F8,7.852637611065983e-05
beta,1016,19,48,TP8,F6,7.705684414489576e-05
beta,1017,19,49,TP8,F4,7.840255402845523e-05
beta,1018,19,50,TP8,F2,6.579425526949821e-05
beta,1019,19,51,TP8,Fz,6.503129919456181e-05
beta,1020,19,52,TP8,F1,8.621146850822537e-05
beta,1021,19,53,TP8,F3,7.828409303941882e-05
beta,1022,19,54,TP8,F5,8.341946615598193e-05
beta,1023,19,55,TP8,F7,8.350555617949353e-05
beta,1024,19,56,TP8,AF4,8.220002678265343e-05
beta,1025,19,57,TP8,AF7,6.730390732365553e-05
beta,1026,19,58,TP8,AF3,7.27057807808694e-05
beta,1027,19,59,TP8,Fp2,6.380211589552723e-05
beta,1028,19,60,TP8,Fpz,6.320203786173384e-05
beta,1029,19,61,TP8,Fp1,6.0643274503594546e-05
beta,1030,20,21,CP6,CP4,0.00010865511316861358
beta,1031,20,22,CP6,CP2,0.00010647655168312007
beta,1032,20,23,CP6,CPz,0.00010200404768514898
beta,1033,20,24,CP6,CP1,8.991340026701084e-05
beta,1034,20,25,CP6,CP3,8.514418972951546e-05
beta,1035,20,26,CP6,CP5,7.6974047196186e-05
beta,1036,20,27,CP6,TP7,7.837451315821208e-05
beta,1037,20,28,CP6,TP9,7.168618507871593e-05
beta,1038,20,29,CP6,T8,0.00011715921247025529
beta,1039,20,30,CP6,C6,6.999178951700195e-05
beta,1040,20,31,CP6,C4,0.00011729120871214368
beta,1041,20,32,CP6,C2,0.00010748317259829063
beta,1042,20,33,CP6,Cz,0.00010609773713170021
beta,1043,20,34,CP6,C1,9.028917480275219e-05
beta,1044,20,35,CP6,C3,7.872370379997189e-05
beta,1045,20,36,CP6,C5,6.442494170094143e-05
beta,1046,20,37,CP6,T7,5.9422784459255564e-05
beta,1047,20,38,CP6,FT8,8.867871994387733e-05
beta,1048,20,39,CP6,FC6,9.003382689531971e-05
beta,1049,20,40,CP6,FC4,0.00011286218215505862
beta,1050,20,41,CP6,FC2,9.33572843255142e-05
beta,1051,20,42,CP6,AF8,0.00010664335016511862
beta,1052,20,43,CP6,FC1,0.00010183934469922112
beta,1053,20,44,CP6,FC3,7.255140285173109e-05
beta,1054,20,45,CP6,FC5,6.310408591065252e-05
beta,1055,20,46,CP6,FT7,6.73640518742793e-05
beta,1056,20,47,CP6,F8,7.454727241115122e-05
beta,1057,20,48,CP6,F6,8.557578672686143e-05
beta,1058,20,49,CP6,F4,9.98501208259772e-05
beta,1059,20,50,CP6,F2,9.136073840595156e-05
beta,1060,20,51,CP6,Fz,8.272769963674093e-05
beta,1061,20,52,CP6,F1,9.513946925356886e-05
beta,1062,20,53,CP6,F3,6.689400280886185e-05
beta,1063,20,54,CP6,F5,7.474637233619114e-05
beta,1064,20,55,CP6,F7,7.565767412436424e-05
beta,1065,20,56,CP6,AF4,9.778562691587906e-05
beta,1066,20,57,CP6,AF7,7.862236882831772e-05
beta,1067,20,58,CP6,AF3,7.012704892483138e-05
beta,1068,20,59,CP6,Fp2,8.403525086015043e-05
beta,1069,20,60,CP6,Fpz,7.923626391513712e-05
beta,1070,20,61,CP6,Fp1,8.2225038194935e-05
beta,1071,21,22,CP4,CP2,8.891027341643848e-05
beta,1072,21,23,CP4,CPz,9.57566152705156e-05
beta,1073,21,24,CP4,CP1,9.090573189714852e-05
beta,1074,21,25,CP4,CP3,0.00010001237129513434
beta,1075,21,26,CP4,CP5,9.845829591017734e-05
beta,1076,21,27,CP4,TP7,7.33695977182148e-05
beta,1077,21,28,CP4,TP9,5.576773367753538e-05
beta,1078,21,29,CP4,T8,9.078580954067625e-05
beta,1079,21,30,CP4,C6,7.9169303737458e-05
beta,1080,21,31,CP4,C4,0.00011711079511356738
beta,1081,21,32,CP4,C2,0.00010771519911960406
beta,1082,21,33,CP4,Cz,9.543156910354868e-05
beta,1083,21,34,CP4,C1,8.111178809129985e-05
beta,1084,21,35,CP4,C3,9.310647689560585e-05
beta,1085,21,36,CP4,C5,6.72286708485259e-05
beta,1086,21,37,CP4,T7,6.608650311534225e-05
beta,1087,21,38,CP4,FT8,7.820701386435253e-05
beta,1088,21,39,CP4,FC6,8.409838304393439e-05
beta,1089,21,40,CP4,FC4,0.00010861201229607458
beta,1090,21,41,CP4,FC2,8.981745544158504e-05
beta,1091,21,42,CP4,AF8,8.988021652254653e-05
beta,1092,21,43,CP4,FC1,0.00010240915248788502
beta,1093,21,44,CP4,FC3,8.468559423525344e-05
beta,1094,21,45,CP4,FC5,7.245645563309626e-05
beta,1095,21,46,CP4,FT7,7.913146621632858e-05
beta,1096,21,47,CP4,F8,7.707162467769977e-05
beta,1097,21,48,CP4,F6,8.461839685912694e-05
beta,1098,21,49,CP4,F4,9.775123814949758e-05
beta,1099,21,50,CP4,F2,8.981751519520767e-05
beta,1100,21,51,CP4,Fz,8.676976795237907e-05
beta,1101,21,52,CP4,F1,9.45120288031091e-05
beta,1102,21,53,CP4,F3,8.043673551375114e-05
beta,1103,21,54,CP4,F5,8.527408982410445e-05
beta,1104,21,55,CP4,F7,9.129591730424726e-05
beta,1105,21,56,CP4,AF4,8.479807570649101e-05
beta,1106,21,57,CP4,AF7,8.07046902982004e-05
beta,1107,21,58,CP4,AF3,9.165348277669918e-05
beta,1108,21,59,CP4,Fp2,8.108347846649136e-05
beta,1109,21,60,CP4,Fpz,8.476191671412216e-05
beta,1110,21,61,CP4,Fp1,9.186496780045746e-05
beta,1111,22,23,CP2,CPz,8.815248442304549e-05
beta,1112,22,24,CP2,CP1,9.579748034900483e-05
beta,1113,22,25,CP2,CP3,9.672858353284185e-05
beta,1114,22,26,CP2,CP5,9.448769050936441e-05
beta,1115,22,27,CP2,TP7,6.208482364798949e-05
beta,1116,22,28,CP2,TP9,6.447347045374416e-05
beta,1117,22,29,CP2,T8,7.820415521849277e-05
beta,1118,22,30,CP2,C6,9.57698728879656e-05
beta,1119,22,31,CP2,C4,9.232809486003251e-05
beta,1120,22,32,CP2,C2,0.00010047226730799634
beta,1121,22,33,CP2,Cz,9.541081587772856e-05
beta,1122,22,34,CP2,C1,8.132411467579971e-05
beta,1123,22,35,CP2,C3,8.290085458047765e-05
beta,1124,22,36,CP2,C5,7.840550147203086e-05
beta,1125,22,37,CP2,T7,6.508747046907331e-05
beta,1126,22,38,CP2,FT8,7.628894318708766e-05
beta,1127,22,39,CP2,FC6,8.909142100427999e-05
beta,1128,22,40,CP2,FC4,8.816696949528457e-05
beta,1129,22,41,CP2,FC2,8.620340493023674e-05
beta,1130,22,42,CP2,AF8,9.102617102206534e-05
beta,1131,22,43,CP2,FC1,9.476516359884257e-05
beta,1132,22,44,CP2,FC3,7.836013438785984e-05
beta,1133,22,45,CP2,FC5,8.200649938016374e-05
beta,1134,22,46,CP2,FT7,8.569296437154365e-05
beta,1135,22,47,CP2,F8,7.666078993801705e-05
beta,1136,22,48,CP2,F6,7.782645159308736e-05
beta,1137,22,49,CP2,F4,7.702571677993567e-05
beta,1138,22,50,CP2,F2,7.310807418574773e-05
beta,1139,22,51,CP2,Fz,8.63350913133184e-05
beta,1140,22,52,CP2,F1,8.870741462068269e-05
beta,1141,22,53,CP2,F3,9.168828748615116e-05
beta,1142,22,54,CP2,F5,7.826054487085948e-05
beta,1143,22,55,CP2,F7,8.204173738096523e-05
beta,1144,22,56,CP2,AF4,7.969125311448832e-05
beta,1145,22,57,CP2,AF7,9.474264119393796e-05
beta,1146,22,58,CP2,AF3,0.00010470356706790719
beta,1147,22,59,CP2,Fp2,8.954876553077898e-05
beta,1148,22,60,CP2,Fpz,9.854372052602277e-05
beta,1149,22,61,CP2,Fp1,8.537483372349428e-05
beta,1150,23,24,CPz,CP1,9.069827998586151e-05
beta,1151,23,25,CPz,CP3,0.0001060071200230868
beta,1152,23,26,CPz,CP5,0.00011003453113700941
beta,1153,23,27,CPz,TP7,8.835435991585271e-05
beta,1154,23,28,CPz,TP9,7.070803996142038e-05
beta,1155,23,29,CPz,T8,6.983379124873371e-05
beta,1156,23,30,CPz,C6,7.903861833666716e-05
beta,1157,23,31,CPz,C4,9.183010601250893e-05
beta,1158,23,32,CPz,C2,8.404604673270194e-05
beta,1159,23,33,CPz,Cz,7.565094137180612e-05
beta,1160,23,34,CPz,C1,7.635414283646456e-05
beta,1161,23,35,CPz,C3,7.692651663250814e-05
beta,1162,23,36,CPz,C5,8.505918315540114e-05
beta,1163,23,37,CPz,T7,7.013706789560564e-05
beta,1164,23,38,CPz,FT8,6.857463577436543e-05
beta,1165,23,39,CPz,FC6,7.549145836138281e-05
beta,1166,23,40,CPz,FC4,7.962010599097271e-05
beta,1167,23,41,CPz,FC2,0.00010988970376126157
beta,1168,23,42,CPz,AF8,0.00010031111506093014
beta,1169,23,43,CPz,FC1,9.172489378632438e-05
beta,1170,23,44,CPz,FC3,7.307068419677789e-05
beta,1171,23,45,CPz,FC5,9.081164827571506e-05
beta,1172,23,46,CPz,FT7,0.00010088719730984061
beta,1173,23,47,CPz,F8,8.175987633381862e-05
beta,1174,23,48,CPz,F6,7.732979209543249e-05
beta,1175,23,49,CPz,F4,7.888116729322522e-05
beta,1176,23,50,CPz,F2,0.00010228151616957876
beta,1177,23,51,CPz,Fz,0.00010585489597178847
beta,1178,23,52,CPz,F1,9.267049751649238e-05
beta,1179,23,53,CPz,F3,7.616336452443353e-05
beta,1180,23,54,CPz,F5,7.625152971671068e-05
beta,1181,23,55,CPz,F7,9.719708011720146e-05
beta,1182,23,56,CPz,AF4,8.09751661044977e-05
beta,1183,23,57,CPz,AF7,9.111853301111699e-05
beta,1184,23,58,CPz,AF3,9.032697795932797e-05
beta,1185,23,59,CPz,Fp2,7.458857184717261e-05
beta,1186,23,60,CPz,Fpz,8.975941898427831e-05
beta,1187,23,61,CPz,Fp1,7.576758970750148e-05
beta,1188,24,25,CP1,CP3,9.562430634255739e-05
beta,1189,24,26,CP1,CP5,0.00011701671347177224
beta,1190,24,27,CP1,TP7,9.662489379582982e-05
beta,1191,24,28,CP1,TP9,8.023891160947016e-05
beta,1192,24,29,CP1,T8,7.894335293438053e-05
beta,1193,24,30,CP1,C6,7.45355762195861e-05
beta,1194,24,31,CP1,C4,8.788709698106933e-05
beta,1195,24,32,CP1,C2,8.531613144124026e-05
beta,1196,24,33,CP1,Cz,6.945277024400707e-05
beta,1197,24,34,CP1,C1,9.047658565666938e-05
beta,1198,24,35,CP1,C3,8.497174914190092e-05
beta,1199,24,36,CP1,C5,8.446235564053435e-05
beta,1200,24,37,CP1,T7,7.67979103876955e-05
beta,1201,24,38,CP1,FT8,7.059817821406458e-05
beta,1202,24,39,CP1,FC6,7.644827218835657e-05
beta,1203,24,40,CP1,FC4,8.55326760147633e-05
beta,1204,24,41,CP1,FC2,0.0001106102655387624
beta,1205,24,42,CP1,AF8,9.466192719056087e-05
beta,1206,24,43,CP1,FC1,9.502625672186976e-05
beta,1207,24,44,CP1,FC3,8.01071576927062e-05
beta,1208,24,45,CP1,FC5,8.333488199463551e-05
beta,1209,24,46,CP1,FT7,8.36716918488806e-05
beta,1210,24,47,CP1,F8,9.062412229709493e-05
beta,1211,24,48,CP1,F6,8.13785318670846e-05
beta,1212,24,49,CP1,F4,9.026181946843123e-05
beta,1213,24,50,CP1,F2,9.918457397740698e-05
beta,1214,24,51,CP1,Fz,0.00010811957515029032
beta,1215,24,52,CP1,F1,9.744666506158477e-05
beta,1216,24,53,CP1,F3,8.965136278284679e-05
beta,1217,24,54,CP1,F5,9.2086549249368e-05
beta,1218,24,55,CP1,F7,9.261479128704341e-05
beta,1219,24,56,CP1,AF4,8.306647628354489e-05
beta,1220,24,57,CP1,AF7,0.00011131563851588021
beta,1221,24,58,CP1,AF3,0.00010352676211239694
beta,1222,24,59,CP1,Fp2,7.494472825208068e-05
beta,1223,24,60,CP1,Fpz,9.722713892664574e-05
beta,1224,24,61,CP1,Fp1,9.863860422724017e-05
beta,1225,25,26,CP3,CP5,0.00011211485097665734
beta,1226,25,27,CP3,TP7,0.00010025964082133669
beta,1227,25,28,CP3,TP9,0.00010282452835189482
beta,1228,25,29,CP3,T8,7.145525608239636e-05
beta,1229,25,30,CP3,C6,7.307922050153058e-05
beta,1230,25,31,CP3,C4,8.330361986684073e-05
beta,1231,25,32,CP3,C2,9.999974898274022e-05
beta,1232,25,33,CP3,Cz,8.804851143346765e-05
beta,1233,25,34,CP3,C1,0.0001003812631316833
beta,1234,25,35,CP3,C3,9.345642051389186e-05
beta,1235,25,36,CP3,C5,8.390916729408699e-05
beta,1236,25,37,CP3,T7,8.89998132833842e-05
beta,1237,25,38,CP3,FT8,6.122749727608549e-05
beta,1238,25,39,CP3,FC6,6.675137897820175e-05
beta,1239,25,40,CP3,FC4,6.877629400726848e-05
beta,1240,25,41,CP3,FC2,9.269127183853857e-05
beta,1241,25,42,CP3,AF8,9.337436208687489e-05
beta,1242,25,43,CP3,FC1,0.00010359368459675526
beta,1243,25,44,CP3,FC3,9.609864540923452e-05
beta,1244,25,45,CP3,FC5,9.275378170623345e-05
beta,1245,25,46,CP3,FT7,9.207464754508774e-05
beta,1246,25,47,CP3,F8,6.89996269295139e-05
beta,1247,25,48,CP3,F6,7.509228710049575e-05
beta,1248,25,49,CP3,F4,7.669116803635965e-05
beta,1249,25,50,CP3,F2,8.74347778380648e-05
beta,1250,25,51,CP3,Fz,9.398854468395733e-05
beta,1251,25,52,CP3,F1,9.35707927305942e-05
beta,1252,25,53,CP3,F3,8.166215397927149e-05
beta,1253,25,54,CP3,F5,8.577652395987619e-05
beta,1254,25,55,CP3,F7,9.27973262078365e-05
beta,1255,25,56,CP3,AF4,7.579100633757582e-05
beta,1256,25,57,CP3,AF7,8.834030307052369e-05
beta,1257,25,58,CP3,AF3,8.68177139565638e-05
beta,1258,25,59,CP3,Fp2,7.751810230238317e-05
beta,1259,25,60,CP3,Fpz,8.859683710519011e-05
beta,1260,25,61,CP3,Fp1,8.247090167099999e-05
beta,1261,26,27,CP5,TP7,9.043626974421603e-05
beta,1262,26,28,CP5,TP9,9.273106411548582e-05
beta,1263,26,29,CP5,T8,7.529117347037876e-05
beta,1264,26,30,CP5,C6,8.682011990547478e-05
beta,1265,26,31,CP5,C4,8.55209243371411e-05
beta,1266,26,32,CP5,C2,9.129373863535982e-05
beta,1267,26,33,CP5,Cz,8.073432539186726e-05
beta,1268,26,34,CP5,C1,9.196691066695453e-05
beta,1269,26,35,CP5,C3,9.99554684581056e-05
beta,1270,26,36,CP5,C5,8.200440817799951e-05
beta,1271,26,37,CP5,T7,9.427963518057788e-05
beta,1272,26,38,CP5,FT8,6.643016733740961e-05
beta,1273,26,39,CP5,FC6,7.206480942709917e-05
beta,1274,26,40,CP5,FC4,8.358217492827383e-05
beta,1275,26,41,CP5,FC2,8.74276441291621e-05
beta,1276,26,42,CP5,AF8,9.171012225633442e-05
beta,1277,26,43,CP5,FC1,8.207256900250634e-05
beta,1278,26,44,CP5,FC3,9.507362728156174e-05
beta,1279,26,45,CP5,FC5,8.75791068419005e-05
beta,1280,26,46,CP5,FT7,8.933184528803416e-05
beta,1281,26,47,CP5,F8,6.976445891216134e-05
beta,1282,26,48,CP5,F6,6.536664931563011e-05
beta,1283,26,49,CP5,F4,7.44422366992793e-05
beta,1284,26,50,CP5,F2,9.454528872081226e-05
beta,1285,26,51,CP5,Fz,8.266726563023692e-05
beta,1286,26,52,CP5,F1,8.103876800670275e-05
beta,1287,26,53,CP5,F3,6.759432383780543e-05
beta,1288,26,54,CP5,F5,8.206741549513243e-05
beta,1289,26,55,CP5,F7,8.237587105139617e-05
beta,1290,26,56,CP5,AF4,6.431777255949838e-05
beta,1291,26,57,CP5,AF7,8.255517043053993e-05
beta,1292,26,58,CP5,AF3,7.609411851696404e-05
beta,1293,26,59,CP5,Fp2,6.355655104174996e-05
beta,1294,26,60,CP5,Fpz,7.323511090360063e-05
beta,1295,26,61,CP5,Fp1,8.592446127055849e-05
beta,1296,27,28,TP7,TP9,7.570756572147749e-05
beta,1297,27,29,TP7,T8,6.06004459738596e-05
beta,1298,27,30,TP7,C6,6.935703711833666e-05
beta,1299,27,31,TP7,C4,6.638696845637046e-05
beta,1300,27,32,TP7,C2,8.475294963733885e-05
beta,1301,27,33,TP7,Cz,8.450457519890824e-05
beta,1302,27,34,TP7,C1,0.00010519734934781493
beta,1303,27,35,TP7,C3,0.00011887145497506285
beta,1304,27,36,TP7,C5,7.962813413363813e-05
beta,1305,27,37,TP7,T7,0.0001518058415161925
beta,1306,27,38,TP7,FT8,7.68851640401425e-05
beta,1307,27,39,TP7,FC6,8.765863374997864e-05
beta,1308,27,40,TP7,FC4,7.706530595637435e-05
beta,1309,27,41,TP7,FC2,7.828220897981024e-05
beta,1310,27,42,TP7,AF8,7.901054949123508e-05
beta,1311,27,43,TP7,FC1,7.511226633495245e-05
beta,1312,27,44,TP7,FC3,8.73395048133401e-05
beta,1313,27,45,TP7,FC5,9.003998641999699e-05
beta,1314,27,46,TP7,FT7,7.788078148826419e-05
beta,1315,27,47,TP7,F8,7.255689914731663e-05
beta,1316,27,48,TP7,F6,7.104763206937226e-05
beta,1317,27,49,TP7,F4,7.161350522003935e-05
beta,1318,27,50,TP7,F2,7.446438250643009e-05
beta,1319,27,51,TP7,Fz,7.59185000650754e-05
beta,1320,27,52,TP7,F1,7.850433685527809e-05
beta,1321,27,53,TP7,F3,8.713632503525651e-05
beta,1322,27,54,TP7,F5,9.498745483436774e-05
beta,1323,27,55,TP7,F7,8.810354379037603e-05
beta,1324,27,56,TP7,AF4,6.0047475731596e-05
beta,1325,27,57,TP7,AF7,7.430572217276302e-05
beta,1326,27,58,TP7,AF3,7.289231924635802e-05
beta,1327,27,59,TP7,Fp2,6.028277981733757e-05
beta,1328,27,60,TP7,Fpz,7.234336267223001e-05
beta,1329,27,61,TP7,Fp1,6.667736949091363e-05
beta,1330,28,29,TP9,T8,5.644128051555679e-05
beta,1331,28,30,TP9,C6,6.082622649910926e-05
beta,1332,28,31,TP9,C4,6.574770997362914e-05
beta,1333,28,32,TP9,C2,7.552678997042226e-05
beta,1334,28,33,TP9,Cz,8.42769251386777e-05
beta,1335,28,34,TP9,C1,7.877822772916025e-05
beta,1336,28,35,TP9,C3,8.963775828628573e-05
beta,1337,28,36,TP9,C5,6.6976209117138e-05
beta,1338,28,37,TP9,T7,0.00010935757298000165
beta,1339,28,38,TP9,FT8,6.892651344568485e-05
beta,1340,28,39,TP9,FC6,8.584958090078967e-05
beta,1341,28,40,TP9,FC4,7.801944010865347e-05
beta,1342,28,41,TP9,FC2,7.008372162056095e-05
beta,1343,28,42,TP9,AF8,7.89733001130944e-05
beta,1344,28,43,TP9,FC1,6.65197383090801e-05
beta,1345,28,44,TP9,FC3,6.462593729742304e-05
beta,1346,28,45,TP9,FC5,7.575929071459445e-05
beta,1347,28,46,TP9,FT7,6.942335122273667e-05
beta,1348,28,47,TP9,F8,8.378675985976803e-05
beta,1349,28,48,TP9,F6,8.754602755097313e-05
beta,1350,28,49,TP9,F4,8.957994639347549e-05
beta,1351,28,50,TP9,F2,7.442844887490941e-05
beta,1352,28,51,TP9,Fz,7.51982044899568e-05
beta,1353,28,52,TP9,F1,7.700087523327733e-05
beta,1354,28,53,TP9,F3,7.109208735030436e-05
beta,1355,28,54,TP9,F5,7.529463362659085e-05
beta,1356,28,55,TP9,F7,7.475773983392199e-05
beta,1357,28,56,TP9,AF4,7.389673082423368e-05
beta,1358,28,57,TP9,AF7,7.735208097949961e-05
beta,1359,28,58,TP9,AF3,6.941879056325193e-05
beta,1360,28,59,TP9,Fp2,6.481335505053093e-05
beta,1361,28,60,TP9,Fpz,7.184952227246716e-05
beta,1362,28,61,TP9,Fp1,7.28747630605856e-05
beta,1363,29,30,T8,C6,0.00023023927146341856
beta,1364,29,31,T8,C4,0.0001308962234417624
beta,1365,29,32,T8,C2,7.263251710489851e-05
beta,1366,29,33,T8,Cz,5.9536897400864876e-05
beta,1367,29,34,T8,C1,6.415408157796983e-05
beta,1368,29,35,T8,C3,8.643426345795161e-05
beta,1369,29,36,T8,C5,6.41906105228691e-05
beta,1370,29,37,T8,T7,6.344044098773192e-05
beta,1371,29,38,T8,FT8,0.00012150241907049894
beta,1372,29,39,T8,FC6,0.00015230161241874834
beta,1373,29,40,T8,FC4,0.00010428808620656412
beta,1374,29,41,T8,FC2,7.424783428089309e-05
beta,1375,29,42,T8,AF8,7.056138837381301e-05
beta,1376,29,43,T8,FC1,8.206557415745465e-05
beta,1377,29,44,T8,FC3,7.167898229669723e-05
beta,1378,29,45,T8,FC5,7.85718503765318e-05
beta,1379,29,46,T8,FT7,5.975010772301417e-05
beta,1380,29,47,T8,F8,8.411468601028635e-05
beta,1381,29,48,T8,F6,7.767332760783076e-05
beta,1382,29,49,T8,F4,6.981358787885785e-05
beta,1383,29,50,T8,F2,6.423407367308899e-05
beta,1384,29,51,T8,Fz,7.454872031151275e-05
beta,1385,29,52,T8,F1,8.203733989135611e-05
beta,1386,29,53,T8,F3,8.067115424151214e-05
beta,1387,29,54,T8,F5,7.561705722445157e-05
beta,1388,29,55,T8,F7,6.683428883620692e-05
beta,1389,29,56,T8,AF4,8.245698965471949e-05
beta,1390,29,57,T8,AF7,8.556587892622805e-05
beta,1391,29,58,T8,AF3,7.082507341109427e-05
beta,1392,29,59,T8,Fp2,6.137574631781507e-05
beta,1393,29,60,T8,Fpz,6.823831052931353e-05
beta,1394,29,61,T8,Fp1,5.991690846236761e-05
beta,1395,30,31,C6,C4,0.00010459331684927351
beta,1396,30,32,C6,C2,0.00010077186811228921
beta,1397,30,33,C6,Cz,8.949369785823609e-05
beta,1398,30,34,C6,C1,7.969894256645571e-05
beta,1399,30,35,C6,C3,6.648034643066809e-05
beta,1400,30,36,C6,C5,7.183276758126747e-05
beta,1401,30,37,C6,T7,8.228694477449628e-05
beta,1402,30,38,C6,FT8,7.715057964784427e-05
beta,1403,30,39,C6,FC6,0.0001061411899970206
beta,1404,30,40,C6,FC4,0.00012610340745352857
beta,1405,30,41,C6,FC2,0.00010112043348264055
beta,1406,30,42,C6,AF8,0.00010718938315331819
beta,1407,30,43,C6,FC1,9.378634335718065e-05
beta,1408,30,44,C6,FC3,6.081745210071804e-05
beta,1409,30,45,C6,FC5,5.25174386631776e-05
beta,1410,30,46,C6,FT7,6.888491525066198e-05
beta,1411,30,47,C6,F8,8.031271920710198e-05
beta,1412,30,48,C6,F6,9.668748384709462e-05
beta,1413,30,49,C6,F4,0.00011093810706863961
beta,1414,30,50,C6,F2,0.00010195351245138645
beta,1415,30,51,C6,Fz,9.180981348739679e-05
beta,1416,30,52,C6,F1,9.114998130741138e-05
beta,1417,30,53,C6,F3,7.377173666615433e-05
beta,1418,30,54,C6,F5,6.968591073336635e-05
beta,1419,30,55,C6,F7,5.8647193642604314e-05
beta,1420,30,56,C6,AF4,8.831729313281262e-05
beta,1421,30,57,C6,AF7,8.558201983493088e-05
beta,1422,30,58,C6,AF3,7.510907208129622e-05
beta,1423,30,59,C6,Fp2,7.915215021076104e-05
beta,1424,30,60,C6,Fpz,7.223721731750375e-05
beta,1425,30,61,C6,Fp1,7.0412051478759e-05
beta,1426,31,32,C4,C2,9.73670016349428e-05
beta,1427,31,33,C4,Cz,9.727131689947556e-05
beta,1428,31,34,C4,C1,0.00010654553483454912
beta,1429,31,35,C4,C3,8.84296882543866e-05
beta,1430,31,36,C4,C5,7.495373635428286e-05
beta,1431,31,37,C4,T7,6.756513357689108e-05
beta,1432,31,38,C4,FT8,8.792561538207262e-05
beta,1433,31,39,C4,FC6,7.940256683620494e-05
beta,1434,31,40,C4,FC4,0.00011664967021311413
beta,1435,31,41,C4,FC2,0.00010604930672078706
beta,1436,31,42,C4,AF8,0.00011308993764328451
beta,1437,31,43,C4,FC1,0.00011167335803404753
beta,1438,31,44,C4,FC3,0.00010052703286620368
beta,1439,31,45,C4,FC5,6.982008063583506e-05
beta,1440,31,46,C4,FT7,6.712640144831164e-05
beta,1441,31,47,C4,F8,8.432593088135798e-05
beta,1442,31,48,C4,F6,8.844964525965153e-05
beta,1443,31,49,C4,F4,0.00010603740134000072
beta,1444,31,50,C4,F2,0.00010748156152146902
beta,1445,31,51,C4,Fz,0.00010837310943541502
beta,1446,31,52,C4,F1,0.00010462768854979955
beta,1447,31,53,C4,F3,0.0001056978119068514
beta,1448,31,54,C4,F5,8.549949642375878e-05
beta,1449,31,55,C4,F7,6.771047293030835e-05
beta,1450,31,56,C4,AF4,9.077356239621417e-05
beta,1451,31,57,C4,AF7,0.0001017372600523001
beta,1452,31,58,C4,AF3,9.538592980721092e-05
beta,1453,31,59,C4,Fp2,8.95249956864241e-05
beta,1454,31,60,C4,Fpz,9.12382512743523e-05
beta,1455,31,61,C4,Fp1,9.058825409484101e-05
beta,1456,32,33,C2,Cz,8.037188604066721e-05
beta,1457,32,34,C2,C1,9.188740530864743e-05
beta,1458,32,35,C2,C3,8.703582077151985e-05
beta,1459,32,36,C2,C5,0.00010661227871687785
beta,1460,32,37,C2,T7,7.470629716011016e-05
beta,1461,32,38,C2,FT8,7.670278533493096e-05
beta,1462,32,39,C2,FC6,7.817561761983288e-05
beta,1463,32,40,C2,FC4,8.707182818450635e-05
beta,1464,32,41,C2,FC2,0.00010403258037481382
beta,1465,32,42,C2,AF8,8.961157191993041e-05
beta,1466,32,43,C2,FC1,8.37023945563394e-05
beta,1467,32,44,C2,FC3,8.051369456595772e-05
beta,1468,32,45,C2,FC5,7.991742765298048e-05
beta,1469,32,46,C2,FT7,8.721853419800239e-05
beta,1470,32,47,C2,F8,7.94293664631654e-05
beta,1471,32,48,C2,F6,8.126385551965907e-05
beta,1472,32,49,C2,F4,7.993547143309344e-05
beta,1473,32,50,C2,F2,9.431750528908183e-05
beta,1474,32,51,C2,Fz,9.410587005771887e-05
beta,1475,32,52,C2,F1,8.718009557883138e-05
beta,1476,32,53,C2,F3,8.630439370549787e-05
beta,1477,32,54,C2,F5,7.054544936503503e-05
beta,1478,32,55,C2,F7,7.038161166806542e-05
beta,1479,32,56,C2,AF4,8.921115921266235e-05
beta,1480,32,57,C2,AF7,9.635015273245499e-05
beta,1481,32,58,C2,AF3,9.674812156973392e-05
beta,1482,32,59,C2,Fp2,8.986983570096389e-05
beta,1483,32,60,C2,Fpz,8.628464026583134e-05
beta,1484,32,61,C2,Fp1,7.801725782147433e-05
beta,1485,33,34,Cz,C1,6.866129652910924e-05
beta,1486,33,35,Cz,C3,9.139679603035389e-05
beta,1487,33,36,Cz,C5,0.00011546074627216303
beta,1488,33,37,Cz,T7,8.226341379791258e-05
beta,1489,33,38,Cz,FT8,7.766777615161994e-05
beta,1490,33,39,Cz,FC6,8.292953122227281e-05
beta,1491,33,40,Cz,FC4,8.695537698814479e-05
beta,1492,33,41,Cz,FC2,8.96413913584521e-05
beta,1493,33,42,Cz,AF8,9.930544617950916e-05
beta,1494,33,43,Cz,FC1,7.741406003458647e-05
beta,1495,33,44,Cz,FC3,7.472033589984149e-05
beta,1496,33,45,Cz,FC5,9.995289257636393e-05
beta,1497,33,46,Cz,FT7,0.00011082359569380667
beta,1498,33,47,Cz,F8,8.082850503618147e-05
beta,1499,33,48,Cz,F6,8.418934543079918e-05
beta,1500,33,49,Cz,F4,8.715895733466463e-05
beta,1501,33,50,Cz,F2,9.392544043734803e-05
beta,1502,33,51,Cz,Fz,0.00010044964270364421
beta,1503,33,52,Cz,F1,9.068220945699112e-05
beta,1504,33,53,Cz,F3,8.858875307616223e-05
beta,1505,33,54,Cz,F5,6.563742909330322e-05
beta,1506,33,55,Cz,F7,8.500981768172014e-05
beta,1507,33,56,Cz,AF4,9.152852228238079e-05
beta,1508,33,57,Cz,AF7,9.178380462273025e-05
beta,1509,33,58,Cz,AF3,8.753126972543105e-05
beta,1510,33,59,Cz,Fp2,8.439035608905323e-05
beta,1511,33,60,Cz,Fpz,8.215522418477955e-05
beta,1512,33,61,Cz,Fp1,7.582563064033726e-05
beta,1513,34,35,C1,C3,8.063634028741978e-05
beta,1514,34,36,C1,C5,0.00010799883631063404
beta,1515,34,37,C1,T7,9.343977523626163e-05
beta,1516,34,38,C1,FT8,8.435577196395978e-05
beta,1517,34,39,C1,FC6,0.00010912435528921273
beta,1518,34,40,C1,FC4,9.498840099395922e-05
beta,1519,34,41,C1,FC2,9.813058930513194e-05
beta,1520,34,42,C1,AF8,8.210281250605146e-05
beta,1521,34,43,C1,FC1,9.797780668842134e-05
beta,1522,34,44,C1,FC3,7.878039829015391e-05
beta,1523,34,45,C1,FC5,9.472817762895933e-05
beta,1524,34,46,C1,FT7,0.00010107604851998864
beta,1525,34,47,C1,F8,9.248602493639854e-05
beta,1526,34,48,C1,F6,9.557578892563885e-05
beta,1527,34,49,C1,F4,0.00010079763125074516
beta,1528,34,50,C1,F2,8.677519019419546e-05
beta,1529,34,51,C1,Fz,8.810100605878713e-05
beta,1530,34,52,C1,F1,9.076045159725894e-05
beta,1531,34,53,C1,F3,8.750455717703678e-05
beta,1532,34,54,C1,F5,7.910077795018914e-05
beta,1533,34,55,C1,F7,9.581568048585434e-05
beta,1534,34,56,C1,AF4,8.942391521056514e-05
beta,1535,34,57,C1,AF7,8.716732487375794e-05
beta,1536,34,58,C1,AF3,8.689301537573939e-05
beta,1537,34,59,C1,Fp2,8.325647214076583e-05
beta,1538,34,60,C1,Fpz,9.263065168170429e-05
beta,1539,34,61,C1,Fp1,8.442035100189776e-05
beta,1540,35,36,C3,C5,8.385833557433919e-05
beta,1541,35,37,C3,T7,0.00010048902846844137
beta,1542,35,38,C3,FT8,7.563273482457326e-05
beta,1543,35,39,C3,FC6,8.821215138038018e-05
beta,1544,35,40,C3,FC4,6.947225088409093e-05
beta,1545,35,41,C3,FC2,7.80390919127428e-05
beta,1546,35,42,C3,AF8,8.743498679249889e-05
beta,1547,35,43,C3,FC1,9.438172993690446e-05
beta,1548,35,44,C3,FC3,8.949994885578183e-05
beta,1549,35,45,C3,FC5,9.527754066378809e-05
beta,1550,35,46,C3,FT7,8.288651131574401e-05
beta,1551,35,47,C3,F8,7.104569487129544e-05
beta,1552,35,48,C3,F6,8.686067015571954e-05
beta,1553,35,49,C3,F4,7.439873719461784e-05
beta,1554,35,50,C3,F2,7.080362958324291e-05
beta,1555,35,51,C3,Fz,7.519819252058717e-05
beta,1556,35,52,C3,F1,7.978903281627394e-05
beta,1557,35,53,C3,F3,8.905267543887203e-05
beta,1558,35,54,C3,F5,8.12957813184199e-05
beta,1559,35,55,C3,F7,9.620003699276126e-05
beta,1560,35,56,C3,AF4,7.080007378387933e-05
beta,1561,35,57,C3,AF7,6.690690624672581e-05
beta,1562,35,58,C3,AF3,7.840863118205313e-05
beta,1563,35,59,C3,Fp2,8.098663243726333e-05
beta,1564,35,60,C3,Fpz,7.816152775798963e-05
beta,1565,35,61,C3,Fp1,7.153063676540667e-05
beta,1566,36,37,C5,T7,0.00016891679087292755
beta,1567,36,38,C5,FT8,7.533279479535266e-05
beta,1568,36,39,C5,FC6,5.2702870119245343e-05
beta,1569,36,40,C5,FC4,6.349189104491802e-05
beta,1570,36,41,C5,FC2,8.613759740201056e-05
beta,1571,36,42,C5,AF8,0.00010143468211022404
beta,1572,36,43,C5,FC1,9.750814259154388e-05
beta,1573,36,44,C5,FC3,0.00010206197013267433
beta,1574,36,45,C5,FC5,0.00010152087760099764
beta,1575,36,46,C5,FT7,7.888729843124119e-05
beta,1576,36,47,C5,F8,6.691898160686406e-05
beta,1577,36,48,C5,F6,5.273120114389908e-05
beta,1578,36,49,C5,F4,6.269778941663213e-05
beta,1579,36,50,C5,F2,8.02996631240915e-05
beta,1580,36,51,C5,Fz,8.472450258611397e-05
beta,1581,36,52,C5,F1,8.88302866155578e-05
beta,1582,36,53,C5,F3,9.534778927993047e-05
beta,1583,36,54,C5,F5,9.529659463426192e-05
beta,1584,36,55,C5,F7,9.087277236508548e-05
beta,1585,36,56,C5,AF4,7.274974072852083e-05
beta,1586,36,57,C5,AF7,8.5148675398049e-05
beta,1587,36,58,C5,AF3,9.040603948963024e-05
beta,1588,36,59,C5,Fp2,7.062544722474058e-05
beta,1589,36,60,C5,Fpz,7.91695379416175e-05
beta,1590,36,61,C5,Fp1,8.072784161939676e-05
beta,1591,37,38,T7,FT8,8.538563275046717e-05
beta,1592,37,39,T7,FC6,7.698154426864132e-05
beta,1593,37,40,T7,FC4,6.882942722275243e-05
beta,1594,37,41,T7,FC2,8.07662502602709e-05
beta,1595,37,42,T7,AF8,8.887630539976267e-05
beta,1596,37,43,T7,FC1,8.883092569502259e-05
beta,1597,37,44,T7,FC3,9.257259097515089e-05
beta,1598,37,45,T7,FC5,0.0001084526405900459
beta,1599,37,46,T7,FT7,0.00011406434167891778
beta,1600,37,47,T7,F8,8.205523824744602e-05
beta,1601,37,48,T7,F6,6.885022530079646e-05
beta,1602,37,49,T7,F4,7.653046801983353e-05
beta,1603,37,50,T7,F2,7.560517963605513e-05
beta,1604,37,51,T7,Fz,7.730496944618468e-05
beta,1605,37,52,T7,F1,8.51863806098551e-05
beta,1606,37,53,T7,F3,8.634994428446934e-05
beta,1607,37,54,T7,F5,8.225486317039702e-05
beta,1608,37,55,T7,F7,8.157026241435062e-05
beta,1609,37,56,T7,AF4,7.475620442590368e-05
beta,1610,37,57,T7,AF7,8.064078991364652e-05
beta,1611,37,58,T7,AF3,7.595577980424455e-05
beta,1612,37,59,T7,Fp2,7.116738007949345e-05
beta,1613,37,60,T7,Fpz,8.87668157194654e-05
beta,1614,37,61,T7,Fp1,8.763684180911613e-05
beta,1615,38,39,FT8,FC6,7.299761133392438e-05
beta,1616,38,40,FT8,FC4,8.589093871199715e-05
beta,1617,38,41,FT8,FC2,8.560029652741069e-05
beta,1618,38,42,FT8,AF8,9.430960492593527e-05
beta,1619,38,43,FT8,FC1,9.775388967689831e-05
beta,1620,38,44,FT8,FC3,7.76257827626672e-05
beta,1621,38,45,FT8,FC5,6.858881239273808e-05
beta,1622,38,46,FT8,FT7,7.083788018601327e-05
beta,1623,38,47,FT8,F8,7.230794330045981e-05
beta,1624,38,48,FT8,F6,7.338650446745417e-05
beta,1625,38,49,FT8,F4,7.776850044995522e-05
beta,1626,38,50,FT8,F2,8.974168048583296e-05
beta,1627,38,51,FT8,Fz,9.486920197012402e-05
beta,1628,38,52,FT8,F1,9.208970681373168e-05
beta,1629,38,53,FT8,F3,7.815047967473518e-05
beta,1630,38,54,FT8,F5,6.875843177191245e-05
beta,1631,38,55,FT8,F7,5.97233690830808e-05
beta,1632,38,56,FT8,AF4,7.961728482688073e-05
beta,1633,38,57,FT8,AF7,8.671404242177379e-05
beta,1634,38,58,FT8,AF3,7.908349881601062e-05
beta,1635,38,59,FT8,Fp2,7.420361105168644e-05
beta,1636,38,60,FT8,Fpz,7.15057860369787e-05
beta,1637,38,61,FT8,Fp1,7.228546546361652e-05
beta,1638,39,40,FC6,FC4,7.358777235029356e-05
beta,1639,39,41,FC6,FC2,8.849676285612822e-05
beta,1640,39,42,FC6,AF8,0.00010169004126619186
beta,1641,39,43,FC6,FC1,0.000104694231014229
beta,1642,39,44,FC6,FC3,7.152647955511252e-05
beta,1643,39,45,FC6,FC5,6.794854097315548e-05
beta,1644,39,46,FC6,FT7,7.62337170227099e-05
beta,1645,39,47,FC6,F8,7.625514457693466e-05
beta,1646,39,48,FC6,F6,8.01419131391005e-05
beta,1647,39,49,FC6,F4,9.412268066288625e-05
beta,1648,39,50,FC6,F2,9.55900707293361e-05
beta,1649,39,51,FC6,Fz,8.502488832006965e-05
beta,1650,39,52,FC6,F1,7.920067138314771e-05
beta,1651,39,53,FC6,F3,7.174599242044764e-05
beta,1652,39,54,FC6,F5,6.09234574067064e-05
beta,1653,39,55,FC6,F7,6.730939040948323e-05
beta,1654,39,56,FC6,AF4,9.218358864437965e-05
beta,1655,39,57,FC6,AF7,8.665532620744971e-05
beta,1656,39,58,FC6,AF3,8.260979537667176e-05
beta,1657,39,59,FC6,Fp2,8.366525530158472e-05
beta,1658,39,60,FC6,Fpz,8.224179383169515e-05
beta,1659,39,61,FC6,Fp1,7.64354258431208e-05
beta,1660,40,41,FC4,FC2,0.00010370886107100271
beta,1661,40,42,FC4,AF8,9.886797533783633e-05
beta,1662,40,43,FC4,FC1,9.134368254263653e-05
beta,1663,40,44,FC4,FC3,8.30286510314112e-05
beta,1664,40,45,FC4,FC5,6.380566455464629e-05
beta,1665,40,46,FC4,FT7,7.861012419141335e-05
beta,1666,40,47,FC4,F8,7.244088600674997e-05
beta,1667,40,48,FC4,F6,7.360894465038888e-05
beta,1668,40,49,FC4,F4,9.608823705853963e-05
beta,1669,40,50,FC4,F2,0.00011675026270894125
beta,1670,40,51,FC4,Fz,0.00010034187045589189
beta,1671,40,52,FC4,F1,0.00010318871650422875
beta,1672,40,53,FC4,F3,8.436098220205783e-05
beta,1673,40,54,FC4,F5,6.379780915420105e-05
beta,1674,40,55,FC4,F7,8.235615447806086e-05
beta,1675,40,56,FC4,AF4,9.174637806862965e-05
beta,1676,40,57,FC4,AF7,9.131092591243782e-05
beta,1677,40,58,FC4,AF3,8.889646862745281e-05
beta,1678,40,59,FC4,Fp2,8.310064124901709e-05
beta,1679,40,60,FC4,Fpz,8.209725953222199e-05
beta,1680,40,61,FC4,Fp1,7.602859891873211e-05
beta,1681,41,42,FC2,AF8,9.108822591655766e-05
beta,1682,41,43,FC2,FC1,9.364716203298984e-05
beta,1683,41,44,FC2,FC3,8.663740394437871e-05
beta,1684,41,45,FC2,FC5,7.558180312228177e-05
beta,1685,41,46,FC2,FT7,8.084419568629836e-05
beta,1686,41,47,FC2,F8,7.899971441476078e-05
beta,1687,41,48,FC2,F6,8.496966825002085e-05
beta,1688,41,49,FC2,F4,8.366909852028884e-05
beta,1689,41,50,FC2,F2,9.34502839099641e-05
beta,1690,41,51,FC2,Fz,9.862443552774035e-05
beta,1691,41,52,FC2,F1,0.00010150431460921917
beta,1692,41,53,FC2,F3,8.825614855250088e-05
beta,1693,41,54,FC2,F5,7.472936017217721e-05
beta,1694,41,55,FC2,F7,7.525179238442208e-05
beta,1695,41,56,FC2,AF4,8.476184083772495e-05
beta,1696,41,57,FC2,AF7,7.84370851631676e-05
beta,1697,41,58,FC2,AF3,8.462672150177674e-05
beta,1698,41,59,FC2,Fp2,9.440492875829491e-05
beta,1699,41,60,FC2,Fpz,8.24511880778291e-05
beta,1700,41,61,FC2,Fp1,7.591862518583549e-05
beta,1701,42,43,AF8,FC1,7.148201950610339e-05
beta,1702,42,44,AF8,FC3,7.291178912280103e-05
beta,1703,42,45,AF8,FC5,8.542411951333379e-05
beta,1704,42,46,AF8,FT7,9.077003038101177e-05
beta,1705,42,47,AF8,F8,9.309300223126727e-05
beta,1706,42,48,AF8,F6,9.492027603437985e-05
beta,1707,42,49,AF8,F4,9.132127885760407e-05
beta,1708,42,50,AF8,F2,8.266622310823842e-05
beta,1709,42,51,AF8,Fz,9.124639418490759e-05
beta,1710,42,52,AF8,F1,8.786059234061393e-05
beta,1711,42,53,AF8,F3,7.777254673535396e-05
beta,1712,42,54,AF8,F5,8.437091401234902e-05
beta,1713,42,55,AF8,F7,8.310189807573276e-05
beta,1714,42,56,AF8,AF4,9.286191623829229e-05
beta,1715,42,57,AF8,AF7,8.82288378060916e-05
beta,1716,42,58,AF8,AF3,7.941965148819243e-05
beta,1717,42,59,AF8,Fp2,9.073991111744226e-05
beta,1718,42,60,AF8,Fpz,8.236269642645651e-05
beta,1719,42,61,AF8,Fp1,8.989050298753641e-05
beta,1720,43,44,FC1,FC3,8.8439317704288e-05
beta,1721,43,45,FC1,FC5,8.765092461171429e-05
beta,1722,43,46,FC1,FT7,9.040176102579353e-05
beta,1723,43,47,FC1,F8,9.520315526411986e-05
beta,1724,43,48,FC1,F6,8.942635405908925e-05
beta,1725,43,49,FC1,F4,7.483016834423017e-05
beta,1726,43,50,FC1,F2,7.270822908612677e-05
beta,1727,43,51,FC1,Fz,6.995701724436611e-05
beta,1728,43,52,FC1,F1,7.428696990110291e-05
beta,1729,43,53,FC1,F3,8.165085431950824e-05
beta,1730,43,54,FC1,F5,8.177822117221582e-05
beta,1731,43,55,FC1,F7,7.957513625934931e-05
beta,1732,43,56,FC1,AF4,8.453079705829056e-05
beta,1733,43,57,FC1,AF7,8.287193350751219e-05
beta,1734,43,58,FC1,AF3,7.704601923213292e-05
beta,1735,43,59,FC1,Fp2,7.928237370096849e-05
beta,1736,43,60,FC1,Fpz,7.653497017424699e-05
beta,1737,43,61,FC1,Fp1,8.077483431966122e-05
beta,1738,44,45,FC3,FC5,8.143189283415139e-05
beta,1739,44,46,FC3,FT7,7.42189356750005e-05
beta,1740,44,47,FC3,F8,6.22398329758903e-05
beta,1741,44,48,FC3,F6,6.830431713460722e-05
beta,1742,44,49,FC3,F4,7.568171560341625e-05
beta,1743,44,50,FC3,F2,7.134388679011936e-05
beta,1744,44,51,FC3,Fz,7.216968673342266e-05
beta,1745,44,52,FC3,F1,8.529512224120673e-05
beta,1746,44,53,FC3,F3,7.948305707506093e-05
beta,1747,44,54,FC3,F5,7.665290201447053e-05
beta,1748,44,55,FC3,F7,6.22840170585632e-05
beta,1749,44,56,FC3,AF4,7.87213768484697e-05
beta,1750,44,57,FC3,AF7,7.361715066754731e-05
beta,1751,44,58,FC3,AF3,7.328625722285116e-05
beta,1752,44,59,FC3,Fp2,8.085410087534269e-05
beta,1753,44,60,FC3,Fpz,7.523276519817747e-05
beta,1754,44,61,FC3,Fp1,6.734270936348799e-05
beta,1755,45,46,FC5,FT7,6.185781655294074e-05
beta,1756,45,47,FC5,F8,6.078983471066948e-05
beta,1757,45,48,FC5,F6,6.280240509009467e-05
beta,1758,45,49,FC5,F4,7.546021289888141e-05
beta,1759,45,50,FC5,F2,8.751816391205043e-05
beta,1760,45,51,FC5,Fz,8.69981924068144e-05
beta,1761,45,52,FC5,F1,9.227602201846684e-05
beta,1762,45,53,FC5,F3,9.087515989700072e-05
beta,1763,45,54,FC5,F5,8.734717288993294e-05
beta,1764,45,55,FC5,F7,6.85679633323303e-05
beta,1765,45,56,FC5,AF4,7.882126791748919e-05
beta,1766,45,57,FC5,AF7,8.459834282204223e-05
beta,1767,45,58,FC5,AF3,7.921513959573483e-05
beta,1768,45,59,FC5,Fp2,7.883769588587733e-05
beta,1769,45,60,FC5,Fpz,7.725697452688336e-05
beta,1770,45,61,FC5,Fp1,7.838939533046099e-05
beta,1771,46,47,FT7,F8,7.639519585711573e-05
beta,1772,46,48,FT7,F6,6.653302824329848e-05
beta,1773,46,49,FT7,F4,7.656886287322493e-05
beta,1774,46,50,FT7,F2,7.83096545712315e-05
beta,1775,46,51,FT7,Fz,8.23844750096358e-05
beta,1776,46,52,FT7,F1,8.869843222981824e-05
beta,1777,46,53,FT7,F3,8.693961411592536e-05
beta,1778,46,54,FT7,F5,6.44209339264844e-05
beta,1779,46,55,FT7,F7,6.61348525703601e-05
beta,1780,46,56,FT7,AF4,7.99023763398679e-05
beta,1781,46,57,FT7,AF7,7.357434711071796e-05
beta,1782,46,58,FT7,AF3,7.791336191960668e-05
beta,1783,46,59,FT7,Fp2,7.534646499906061e-05
beta,1784,46,60,FT7,Fpz,8.33221032924664e-05
beta,1785,46,61,FT7,Fp1,8.13302102101301e-05
beta,1786,47,48,F8,F6,7.076848676632164e-05
beta,1787,47,49,F8,F4,6.596865972088333e-05
beta,1788,47,50,F8,F2,8.91079470474186e-05
beta,1789,47,51,F8,Fz,9.718839496951287e-05
beta,1790,47,52,F8,F1,9.64189341421106e-05
beta,1791,47,53,F8,F3,7.064732355945413e-05
beta,1792,47,54,F8,F5,7.064815614168013e-05
beta,1793,47,55,F8,F7,6.94386519442772e-05
beta,1794,47,56,F8,AF4,6.981211504454837e-05
beta,1795,47,57,F8,AF7,8.701164999555813e-05
beta,1796,47,58,F8,AF3,7.827368485525351e-05
beta,1797,47,59,F8,Fp2,8.288201457012424e-05
beta,1798,47,60,F8,Fpz,7.429473652347194e-05
beta,1799,47,61,F8,Fp1,6.821925250231923e-05
beta,1800,48,49,F6,F4,6.232540706422301e-05
beta,1801,48,50,F6,F2,7.846943938270791e-05
beta,1802,48,51,F6,Fz,7.754216395094188e-05
beta,1803,48,52,F6,F1,7.742672386645597e-05
beta,1804,48,53,F6,F3,6.701710556489461e-05
beta,1805,48,54,F6,F5,6.769338600413952e-05
beta,1806,48,55,F6,F7,6.9036913926028e-05
beta,1807,48,56,F6,AF4,8.286372069667166e-05
beta,1808,48,57,F6,AF7,7.294171587274504e-05
beta,1809,48,58,F6,AF3,6.754181941092375e-05
beta,1810,48,59,F6,Fp2,7.362982898480719e-05
beta,1811,48,60,F6,Fpz,7.520044082718271e-05
beta,1812,48,61,F6,Fp1,6.54339044692707e-05
beta,1813,49,50,F4,F2,8.724228201313767e-05
beta,1814,49,51,F4,Fz,8.348223669810268e-05
beta,1815,49,52,F4,F1,7.003675245769474e-05
beta,1816,49,53,F4,F3,6.592780195704795e-05
beta,1817,49,54,F4,F5,7.730709672750838e-05
beta,1818,49,55,F4,F7,7.574645468158519e-05
beta,1819,49,56,F4,AF4,7.652539629348867e-05
beta,1820,49,57,F4,AF7,7.933948447485376e-05
beta,1821,49,58,F4,AF3,7.693588801314528e-05
beta,1822,49,59,F4,Fp2,7.375929668879934e-05
beta,1823,49,60,F4,Fpz,7.287961804254797e-05
beta,1824,49,61,F4,Fp1,8.113833452207404e-05
beta,1825,50,51,F2,Fz,6.303271321120677e-05
beta,1826,50,52,F2,F1,8.767557102061994e-05
beta,1827,50,53,F2,F3,8.528120542066927e-05
beta,1828,50,54,F2,F5,8.966414889911095e-05
beta,1829,50,55,F2,F7,8.138192874818183e-05
beta,1830,50,56,F2,AF4,8.552109737032603e-05
beta,1831,50,57,F2,AF7,7.379800714877288e-05
beta,1832,50,58,F2,AF3,8.403527632590335e-05
beta,1833,50,59,F2,Fp2,8.65690879812405e-05
beta,1834,50,60,F2,Fpz,8.68930733448527e-05
beta,1835,50,61,F2,Fp1,9.067003224155105e-05
beta,1836,51,52,Fz,F1,6.764374769800495e-05
beta,1837,51,53,Fz,F3,8.081709383681731e-05
beta,1838,51,54,Fz,F5,9.575079436681706e-05
beta,1839,51,55,Fz,F7,8.754956884880039e-05
beta,1840,51,56,Fz,AF4,7.871227484042685e-05
beta,1841,51,57,Fz,AF7,7.664560171127553e-05
beta,1842,51,58,Fz,AF3,7.299873246863198e-05
beta,1843,51,59,Fz,Fp2,7.635707016841702e-05
beta,1844,51,60,Fz,Fpz,8.62398476223459e-05
beta,1845,51,61,Fz,Fp1,9.339217903896158e-05
beta,1846,52,53,F1,F3,7.768776059813545e-05
beta,1847,52,54,F1,F5,9.61195525177817e-05
beta,1848,52,55,F1,F7,8.923706681375523e-05
beta,1849,52,56,F1,AF4,8.190541460300923e-05
beta,1850,52,57,F1,AF7,7.861845980958994e-05
beta,1851,52,58,F1,AF3,7.684158412878361e-05
beta,1852,52,59,F1,Fp2,7.657217863114256e-05
beta,1853,52,60,F1,Fpz,8.389692444927147e-05
beta,1854,52,61,F1,Fp1,8.597873209812218e-05
beta,1855,53,54,F3,F5,9.122309186201004e-05
beta,1856,53,55,F3,F7,7.809454773118077e-05
beta,1857,53,56,F3,AF4,6.952980380869211e-05
beta,1858,53,57,F3,AF7,7.113221828354408e-05
beta,1859,53,58,F3,AF3,7.599609491580197e-05
beta,1860,53,59,F3,Fp2,7.667430569840273e-05
beta,1861,53,60,F3,Fpz,8.245971107504682e-05
beta,1862,53,61,F3,Fp1,7.462817498769632e-05
beta,1863,54,55,F5,F7,5.975777714030229e-05
beta,1864,54,56,F5,AF4,8.019982321167502e-05
beta,1865,54,57,F5,AF7,8.338468220541896e-05
beta,1866,54,58,F5,AF3,0.00014888170484467315
beta,1867,54,59,F5,Fp2,7.835297835325771e-05
beta,1868,54,60,F5,Fpz,7.339856216687679e-05
beta,1869,54,61,F5,Fp1,8.21538380124887e-05
beta,1870,55,56,F7,AF4,6.977429869177001e-05
beta,1871,55,57,F7,AF7,6.996285455103755e-05
beta,1872,55,58,F7,AF3,9.703068656026513e-05
beta,1873,55,59,F7,Fp2,6.829469673508421e-05
beta,1874,55,60,F7,Fpz,7.477534510938425e-05
beta,1875,55,61,F7,Fp1,6.949082211502594e-05
beta,1876,56,57,AF4,AF7,6.466275456816305e-05
beta,1877,56,58,AF4,AF3,7.399350296705405e-05
beta,1878,56,59,AF4,Fp2,8.734519879225455e-05
beta,1879,56,60,AF4,Fpz,7.240200512838817e-05
beta,1880,56,61,AF4,Fp1,6.92247841295424e-05
beta,1881,57,58,AF7,AF3,7.545920765912275e-05
beta,1882,57,59,AF7,Fp2,7.288846804495122e-05
beta,1883,57,60,AF7,Fpz,8.705744539953681e-05
beta,1884,57,61,AF7,Fp1,8.418689298707916e-05
beta,1885,58,59,AF3,Fp2,7.731692081597229e-05
beta,1886,58,60,AF3,Fpz,8.931459963885293e-05
beta,1887,58,61,AF3,Fp1,8.072074985999631e-05
beta,1888,59,60,Fp2,Fpz,6.457007751550748e-05
beta,1889,59,61,Fp2,Fp1,6.519590090610952e-05
beta,1890,60,61,Fpz,Fp1,5.7924808446590105e-05
