estimator,model,subset,feat_type,fold,subject_id,y_true,y_proba,y_pred
rf,left_lateral__A,left_lateral,A,1,249,0,0.25711920529801324,0
rf,left_lateral__A,left_lateral,A,1,249,0,0.41550742574257427,0
rf,left_lateral__A,left_lateral,A,1,249,0,0.817381312833857,1
rf,left_lateral__A,left_lateral,A,1,249,0,0.295,0
rf,left_lateral__A,left_lateral,A,1,249,0,0.18,0
rf,left_lateral__A,left_lateral,A,1,249,0,0.57,1
rf,left_lateral__A,left_lateral,A,1,249,0,0.275,0
rf,left_lateral__A,left_lateral,A,1,249,0,0.22711920529801324,0
rf,left_lateral__A,left_lateral,A,1,249,0,0.25711920529801324,0
rf,left_lateral__A,left_lateral,A,1,249,0,0.20711920529801325,0
rf,left_lateral__A,left_lateral,A,1,249,0,0.145,0
rf,left_lateral__A,left_lateral,A,1,249,0,0.4248036315275215,0
rf,left_lateral__A,left_lateral,A,1,249,0,0.526135476131705,1
rf,left_lateral__A,left_lateral,A,1,249,0,0.9599271052017728,1
rf,left_lateral__A,left_lateral,A,1,249,0,0.17,0
rf,left_lateral__A,left_lateral,A,1,249,1,0.5494229371963126,1
rf,left_lateral__A,left_lateral,A,1,249,1,0.5568387174931352,1
rf,left_lateral__A,left_lateral,A,1,249,1,0.7799271052017729,1
rf,left_lateral__A,left_lateral,A,1,249,1,0.8095708665004148,1
rf,left_lateral__A,left_lateral,A,1,249,1,0.7303911380653219,1
rf,left_lateral__A,left_lateral,A,1,249,1,0.38,0
rf,left_lateral__A,left_lateral,A,1,249,1,0.4346378238828759,0
rf,left_lateral__A,left_lateral,A,1,249,1,0.6498003186756912,1
rf,left_lateral__A,left_lateral,A,1,249,1,0.7619069320741854,1
rf,left_lateral__A,left_lateral,A,1,249,1,0.5615591397849462,1
rf,left_lateral__A,left_lateral,A,1,249,1,0.4176639344262295,0
rf,left_lateral__A,left_lateral,A,1,249,1,0.48,0
rf,left_lateral__A,left_lateral,A,1,249,1,0.6849271052017728,1
rf,left_lateral__A,left_lateral,A,1,249,1,0.8352754658575106,1
rf,left_lateral__A,left_lateral,A,1,249,1,0.6,1
rf,left_lateral__A,left_lateral,A,1,249,1,0.6475910396280022,1
rf,left_lateral__A,left_lateral,A,1,249,1,0.7689425864062978,1
rf,left_lateral__A,left_lateral,A,2,219,0,0.43,0
rf,left_lateral__A,left_lateral,A,2,219,0,0.7521438795373869,1
rf,left_lateral__A,left_lateral,A,2,219,0,0.8921438795373869,1
rf,left_lateral__A,left_lateral,A,2,219,0,0.75,1
rf,left_lateral__A,left_lateral,A,2,219,0,0.8495422535211268,1
rf,left_lateral__A,left_lateral,A,2,219,0,0.83,1
rf,left_lateral__A,left_lateral,A,2,219,0,0.7088681102362204,1
rf,left_lateral__A,left_lateral,A,2,219,0,0.15175824175824176,0
rf,left_lateral__A,left_lateral,A,2,219,0,0.8576016260162602,1
rf,left_lateral__A,left_lateral,A,2,219,0,0.17,0
rf,left_lateral__A,left_lateral,A,2,219,0,0.27,0
rf,left_lateral__A,left_lateral,A,2,219,0,0.7538657605680984,1
rf,left_lateral__A,left_lateral,A,2,219,0,0.065,0
rf,left_lateral__A,left_lateral,A,2,219,0,0.5463004952793685,1
rf,left_lateral__A,left_lateral,A,2,219,1,0.645,1
rf,left_lateral__A,left_lateral,A,2,219,1,0.7813378336316239,1
rf,left_lateral__A,left_lateral,A,2,219,1,0.7188364438300253,1
rf,left_lateral__A,left_lateral,A,2,219,1,0.8117955801104972,1
rf,left_lateral__A,left_lateral,A,2,219,1,0.6588364438300254,1
rf,left_lateral__A,left_lateral,A,2,219,1,0.65,1
rf,left_lateral__A,left_lateral,A,2,219,1,0.7226016260162602,1
rf,left_lateral__A,left_lateral,A,2,219,1,0.76,1
rf,left_lateral__A,left_lateral,A,2,219,1,0.8013378336316239,1
rf,left_lateral__A,left_lateral,A,2,219,1,0.7580303979242623,1
rf,left_lateral__A,left_lateral,A,2,219,1,0.610777071334892,1
rf,left_lateral__A,left_lateral,A,2,219,1,0.7221438795373869,1
rf,left_lateral__A,left_lateral,A,2,219,1,0.8917955801104972,1
rf,left_lateral__A,left_lateral,A,2,219,1,0.670777071334892,1
rf,left_lateral__A,left_lateral,A,2,219,1,0.690777071334892,1
rf,left_lateral__A,left_lateral,A,2,219,1,0.7576016260162602,1
rf,left_lateral__A,left_lateral,A,3,313,0,0.44493303627241176,0
rf,left_lateral__A,left_lateral,A,3,313,0,0.47776397651846764,0
rf,left_lateral__A,left_lateral,A,3,313,0,0.3790098676210594,0
rf,left_lateral__A,left_lateral,A,3,313,0,0.36438853391064613,0
rf,left_lateral__A,left_lateral,A,3,313,0,0.4085776803725119,0
rf,left_lateral__A,left_lateral,A,3,313,0,0.47524388272922374,0
rf,left_lateral__A,left_lateral,A,3,313,0,0.35957644391437626,0
rf,left_lateral__A,left_lateral,A,3,313,0,0.7374646310539871,1
rf,left_lateral__A,left_lateral,A,3,313,0,0.5204786584395777,1
rf,left_lateral__A,left_lateral,A,3,313,0,0.39317542387608173,0
rf,left_lateral__A,left_lateral,A,3,313,0,0.28864595739066806,0
rf,left_lateral__A,left_lateral,A,3,313,0,0.4438652144615142,0
rf,left_lateral__A,left_lateral,A,3,313,0,0.405211491988246,0
rf,left_lateral__A,left_lateral,A,3,313,0,0.1487626912568102,0
rf,left_lateral__A,left_lateral,A,3,313,0,0.3550957938901416,0
rf,left_lateral__A,left_lateral,A,3,313,1,0.44043919997775705,0
rf,left_lateral__A,left_lateral,A,3,313,1,0.4397711332463892,0
rf,left_lateral__A,left_lateral,A,3,313,1,0.43984764025632594,0
rf,left_lateral__A,left_lateral,A,3,313,1,0.4586661563902976,0
rf,left_lateral__A,left_lateral,A,3,313,1,0.41522229247075887,0
rf,left_lateral__A,left_lateral,A,3,313,1,0.38532205583426704,0
rf,left_lateral__A,left_lateral,A,3,313,1,0.46967047223663727,0
rf,left_lateral__A,left_lateral,A,3,313,1,0.5556720323453476,1
rf,left_lateral__A,left_lateral,A,3,313,1,0.41022229247075886,0
rf,left_lateral__A,left_lateral,A,3,313,1,0.46589114502890827,0
rf,left_lateral__A,left_lateral,A,3,313,1,0.5471355444485008,1
rf,left_lateral__A,left_lateral,A,3,313,1,0.4875241293898207,0
rf,left_lateral__A,left_lateral,A,3,313,1,0.4056876330163794,0
rf,left_lateral__A,left_lateral,A,3,313,1,0.40690473152209494,0
rf,left_lateral__A,left_lateral,A,4,318,0,0.37148026723499944,0
rf,left_lateral__A,left_lateral,A,4,318,0,0.33,0
rf,left_lateral__A,left_lateral,A,4,318,0,0.294254675990053,0
rf,left_lateral__A,left_lateral,A,4,318,0,0.31635048832922,0
rf,left_lateral__A,left_lateral,A,4,318,0,0.45069800654364495,0
rf,left_lateral__A,left_lateral,A,4,318,0,0.2446320093457944,0
rf,left_lateral__A,left_lateral,A,4,318,0,0.26654986937206937,0
rf,left_lateral__A,left_lateral,A,4,318,0,0.045,0
rf,left_lateral__A,left_lateral,A,4,318,0,0.18458784287632696,0
rf,left_lateral__A,left_lateral,A,4,318,0,0.3378106179917292,0
rf,left_lateral__A,left_lateral,A,4,318,0,0.3182459278854728,0
rf,left_lateral__A,left_lateral,A,4,318,0,0.22663101604278077,0
rf,left_lateral__A,left_lateral,A,4,318,0,0.185,0
rf,left_lateral__A,left_lateral,A,4,318,0,0.43487694392825355,0
rf,left_lateral__A,left_lateral,A,4,318,1,0.3737553323958637,0
rf,left_lateral__A,left_lateral,A,4,318,1,0.36835182348274537,0
rf,left_lateral__A,left_lateral,A,4,318,1,0.4768976911188145,0
rf,left_lateral__A,left_lateral,A,4,318,1,0.4480995397353781,0
rf,left_lateral__A,left_lateral,A,4,318,1,0.5950596026785492,1
rf,left_lateral__A,left_lateral,A,4,318,1,0.32913625871468694,0
rf,left_lateral__A,left_lateral,A,4,318,1,0.7125095753011307,1
rf,left_lateral__A,left_lateral,A,4,318,1,0.347911714176293,0
rf,left_lateral__A,left_lateral,A,4,318,1,0.4536260977848009,0
rf,left_lateral__A,left_lateral,A,4,318,1,0.6290857535926702,1
rf,left_lateral__A,left_lateral,A,4,318,1,0.427528599926719,0
rf,left_lateral__A,left_lateral,A,4,318,1,0.602591295851484,1
rf,left_lateral__A,left_lateral,A,4,318,1,0.5853094664607995,1
rf,left_lateral__A,left_lateral,A,4,318,1,0.5541303131913893,1
rf,left_lateral__A,left_lateral,A,5,300,0,0.67,1
rf,left_lateral__A,left_lateral,A,5,300,0,0.62,1
rf,left_lateral__A,left_lateral,A,5,300,0,0.549198738170347,1
rf,left_lateral__A,left_lateral,A,5,300,0,0.4809027777777778,0
rf,left_lateral__A,left_lateral,A,5,300,0,0.63,1
rf,left_lateral__A,left_lateral,A,5,300,0,0.615,1
rf,left_lateral__A,left_lateral,A,5,300,0,0.66,1
rf,left_lateral__A,left_lateral,A,5,300,0,0.625,1
rf,left_lateral__A,left_lateral,A,5,300,0,0.575,1
rf,left_lateral__A,left_lateral,A,5,300,0,0.6088463261648746,1
rf,left_lateral__A,left_lateral,A,5,300,0,0.6,1
rf,left_lateral__A,left_lateral,A,5,300,0,0.39590277777777777,0
rf,left_lateral__A,left_lateral,A,5,300,0,0.555,1
rf,left_lateral__A,left_lateral,A,5,300,0,0.6584042553191489,1
rf,left_lateral__A,left_lateral,A,5,300,1,0.563404255319149,1
rf,left_lateral__A,left_lateral,A,5,300,1,0.6484042553191489,1
rf,left_lateral__A,left_lateral,A,5,300,1,0.565,1
rf,left_lateral__A,left_lateral,A,5,300,1,0.59,1
rf,left_lateral__A,left_lateral,A,5,300,1,0.605,1
rf,left_lateral__A,left_lateral,A,5,300,1,0.635,1
rf,left_lateral__A,left_lateral,A,5,300,1,0.62,1
rf,left_lateral__A,left_lateral,A,5,300,1,0.623404255319149,1
rf,left_lateral__A,left_lateral,A,5,300,1,0.633404255319149,1
rf,left_lateral__A,left_lateral,A,5,300,1,0.585,1
rf,left_lateral__A,left_lateral,A,5,300,1,0.62,1
rf,left_lateral__A,left_lateral,A,5,300,1,0.608404255319149,1
rf,left_lateral__A,left_lateral,A,5,300,1,0.58,1
rf,left_lateral__A,left_lateral,A,5,300,1,0.56,1
rf,left_lateral__A,left_lateral,A,6,271,0,0.3321099943424297,0
rf,left_lateral__A,left_lateral,A,6,271,0,0.39664397502106574,0
rf,left_lateral__A,left_lateral,A,6,271,0,0.18367283950617286,0
rf,left_lateral__A,left_lateral,A,6,271,0,0.6538974633517847,1
rf,left_lateral__A,left_lateral,A,6,271,0,0.36076229529202797,0
rf,left_lateral__A,left_lateral,A,6,271,0,0.39763485388908165,0
rf,left_lateral__A,left_lateral,A,6,271,0,0.3,0
rf,left_lateral__A,left_lateral,A,6,271,0,0.04,0
rf,left_lateral__A,left_lateral,A,6,271,0,0.015,0
rf,left_lateral__A,left_lateral,A,6,271,0,0.2802591656131479,0
rf,left_lateral__A,left_lateral,A,6,271,0,0.2455799086757991,0
rf,left_lateral__A,left_lateral,A,6,271,0,0.08,0
rf,left_lateral__A,left_lateral,A,6,271,0,0.115,0
rf,left_lateral__A,left_lateral,A,6,271,0,0.23367283950617285,0
rf,left_lateral__A,left_lateral,A,6,271,1,0.43596771641041854,0
rf,left_lateral__A,left_lateral,A,6,271,1,0.6885000158134348,1
rf,left_lateral__A,left_lateral,A,6,271,1,0.34583907428894706,0
rf,left_lateral__A,left_lateral,A,6,271,1,0.5749994888271792,1
rf,left_lateral__A,left_lateral,A,6,271,1,0.489023217225985,0
rf,left_lateral__A,left_lateral,A,6,271,1,0.40067849189926785,0
rf,left_lateral__A,left_lateral,A,6,271,1,0.6291448607234615,1
rf,left_lateral__A,left_lateral,A,6,271,1,0.43279296001989226,0
rf,left_lateral__A,left_lateral,A,6,271,1,0.4276806510723718,0
rf,left_lateral__A,left_lateral,A,6,271,1,0.5024073532233219,1
rf,left_lateral__A,left_lateral,A,6,271,1,0.4314285714285714,0
rf,left_lateral__A,left_lateral,A,6,271,1,0.7210653579590857,1
rf,left_lateral__A,left_lateral,A,6,271,1,0.6864386403446836,1
rf,left_lateral__A,left_lateral,A,6,271,1,0.55685628361101,1
rf,left_lateral__A,left_lateral,A,7,251,0,0.0,0
rf,left_lateral__A,left_lateral,A,7,251,0,0.015,0
rf,left_lateral__A,left_lateral,A,7,251,0,0.015,0
rf,left_lateral__A,left_lateral,A,7,251,0,0.03,0
rf,left_lateral__A,left_lateral,A,7,251,0,0.075,0
rf,left_lateral__A,left_lateral,A,7,251,0,0.06,0
rf,left_lateral__A,left_lateral,A,7,251,0,0.16,0
rf,left_lateral__A,left_lateral,A,7,251,0,0.005,0
rf,left_lateral__A,left_lateral,A,7,251,0,0.045,0
rf,left_lateral__A,left_lateral,A,7,251,0,0.065,0
rf,left_lateral__A,left_lateral,A,7,251,0,0.065,0
rf,left_lateral__A,left_lateral,A,7,251,0,0.015,0
rf,left_lateral__A,left_lateral,A,7,251,0,0.0,0
rf,left_lateral__A,left_lateral,A,7,251,0,0.025,0
rf,left_lateral__A,left_lateral,A,7,251,1,0.2,0
rf,left_lateral__A,left_lateral,A,7,251,1,0.14,0
rf,left_lateral__A,left_lateral,A,7,251,1,0.09347087601422001,0
rf,left_lateral__A,left_lateral,A,7,251,1,0.04,0
rf,left_lateral__A,left_lateral,A,7,251,1,0.005,0
rf,left_lateral__A,left_lateral,A,7,251,1,0.27826977968864763,0
rf,left_lateral__A,left_lateral,A,7,251,1,0.1,0
rf,left_lateral__A,left_lateral,A,7,251,1,0.1026706827309237,0
rf,left_lateral__A,left_lateral,A,7,251,1,0.342114904933419,0
rf,left_lateral__A,left_lateral,A,7,251,1,0.02,0
rf,left_lateral__A,left_lateral,A,7,251,1,0.07,0
rf,left_lateral__A,left_lateral,A,7,251,1,0.17417721518987342,0
rf,left_lateral__A,left_lateral,A,7,251,1,0.56609963991618,1
rf,left_lateral__A,left_lateral,A,8,282,0,0.02,0
rf,left_lateral__A,left_lateral,A,8,282,0,0.09,0
rf,left_lateral__A,left_lateral,A,8,282,0,0.09,0
rf,left_lateral__A,left_lateral,A,8,282,0,0.3031044261860588,0
rf,left_lateral__A,left_lateral,A,8,282,0,0.215,0
rf,left_lateral__A,left_lateral,A,8,282,0,0.27,0
rf,left_lateral__A,left_lateral,A,8,282,0,0.19348051948051948,0
rf,left_lateral__A,left_lateral,A,8,282,0,0.075,0
rf,left_lateral__A,left_lateral,A,8,282,0,0.06348051948051948,0
rf,left_lateral__A,left_lateral,A,8,282,0,0.06,0
rf,left_lateral__A,left_lateral,A,8,282,0,0.135,0
rf,left_lateral__A,left_lateral,A,8,282,0,0.035,0
rf,left_lateral__A,left_lateral,A,8,282,0,0.3546239067055394,0
rf,left_lateral__A,left_lateral,A,8,282,0,0.13,0
rf,left_lateral__A,left_lateral,A,8,282,1,0.6483905649055062,1
rf,left_lateral__A,left_lateral,A,8,282,1,0.690045905546038,1
rf,left_lateral__A,left_lateral,A,8,282,1,0.5317251830909202,1
rf,left_lateral__A,left_lateral,A,8,282,1,0.6728049216581715,1
rf,left_lateral__A,left_lateral,A,8,282,1,0.6023857381378279,1
rf,left_lateral__A,left_lateral,A,8,282,1,0.6204716309688287,1
rf,left_lateral__A,left_lateral,A,8,282,1,0.5886024578128978,1
rf,left_lateral__A,left_lateral,A,8,282,1,0.8566345503363599,1
rf,left_lateral__A,left_lateral,A,8,282,1,0.7641628051144472,1
rf,left_lateral__A,left_lateral,A,8,282,1,0.7780834151768314,1
rf,left_lateral__A,left_lateral,A,8,282,1,0.6341021971792423,1
rf,left_lateral__A,left_lateral,A,9,210,0,0.045,0
rf,left_lateral__A,left_lateral,A,9,210,0,0.1,0
rf,left_lateral__A,left_lateral,A,9,210,0,0.3,0
rf,left_lateral__A,left_lateral,A,9,210,0,0.37,0
rf,left_lateral__A,left_lateral,A,9,210,0,0.155,0
rf,left_lateral__A,left_lateral,A,9,210,0,0.45750592444826665,0
rf,left_lateral__A,left_lateral,A,9,210,0,0.06,0
rf,left_lateral__A,left_lateral,A,9,210,0,0.8052151370493903,1
rf,left_lateral__A,left_lateral,A,9,210,0,0.2930095541401274,0
rf,left_lateral__A,left_lateral,A,9,210,0,0.235,0
rf,left_lateral__A,left_lateral,A,9,210,0,0.14,0
rf,left_lateral__A,left_lateral,A,9,210,0,0.025,0
rf,left_lateral__A,left_lateral,A,9,210,0,0.2958275821346749,0
rf,left_lateral__A,left_lateral,A,9,210,0,0.3443125844431577,0
rf,left_lateral__A,left_lateral,A,9,210,1,0.7354002557375374,1
rf,left_lateral__A,left_lateral,A,9,210,1,0.7556532140627733,1
rf,left_lateral__A,left_lateral,A,9,210,1,0.8042908644974784,1
rf,left_lateral__A,left_lateral,A,9,210,1,0.8414961669270018,1
rf,left_lateral__A,left_lateral,A,9,210,1,0.8248824314320735,1
rf,left_lateral__A,left_lateral,A,9,210,1,0.7984026454496042,1
rf,left_lateral__A,left_lateral,A,9,210,1,0.6461814554532288,1
rf,left_lateral__A,left_lateral,A,9,210,1,0.8005336779668538,1
rf,left_lateral__A,left_lateral,A,9,210,1,0.892753100718916,1
rf,left_lateral__A,left_lateral,A,9,210,1,0.837853179831918,1
rf,left_lateral__A,left_lateral,A,9,210,1,0.8066878830769909,1
rf,left_lateral__A,left_lateral,A,10,265,0,0.125,0
rf,left_lateral__A,left_lateral,A,10,265,0,0.315,0
rf,left_lateral__A,left_lateral,A,10,265,0,0.4066492896020357,0
rf,left_lateral__A,left_lateral,A,10,265,0,0.7117556753670822,1
rf,left_lateral__A,left_lateral,A,10,265,0,0.8129185490034669,1
rf,left_lateral__A,left_lateral,A,10,265,0,0.5003403269492965,1
rf,left_lateral__A,left_lateral,A,10,265,0,0.4733762562123054,0
rf,left_lateral__A,left_lateral,A,10,265,0,0.7355841540125008,1
rf,left_lateral__A,left_lateral,A,10,265,0,0.1748714444781861,0
rf,left_lateral__A,left_lateral,A,10,265,0,0.3371118193515396,0
rf,left_lateral__A,left_lateral,A,10,265,0,0.3065207340802218,0
rf,left_lateral__A,left_lateral,A,10,265,0,0.235,0
rf,left_lateral__A,left_lateral,A,10,265,0,0.32,0
rf,left_lateral__A,left_lateral,A,10,265,1,0.18,0
rf,left_lateral__A,left_lateral,A,10,265,1,0.5664996230218611,1
rf,left_lateral__A,left_lateral,A,10,265,1,0.719155571207744,1
rf,left_lateral__A,left_lateral,A,10,265,1,0.7954831621462729,1
rf,left_lateral__A,left_lateral,A,10,265,1,0.2844089147286822,0
rf,left_lateral__A,left_lateral,A,10,265,1,0.21440891472868218,0
rf,left_lateral__A,left_lateral,A,10,265,1,0.18,0
rf,left_lateral__A,left_lateral,A,10,265,1,0.7475288561201713,1
rf,left_lateral__A,left_lateral,A,10,265,1,0.8336863995928403,1
rf,left_lateral__A,left_lateral,A,10,265,1,0.7157074065360857,1
rf,left_lateral__A,left_lateral,A,10,265,1,0.2425595238095238,0
rf,left_lateral__B,left_lateral,B,1,249,0,0.5530856806834525,1
rf,left_lateral__B,left_lateral,B,1,249,0,0.6363756786166949,1
rf,left_lateral__B,left_lateral,B,1,249,0,0.3991935972812996,0
rf,left_lateral__B,left_lateral,B,1,249,0,0.7908135424728334,1
rf,left_lateral__B,left_lateral,B,1,249,0,0.7986802139139492,1
rf,left_lateral__B,left_lateral,B,1,249,0,0.5607069493016855,1
rf,left_lateral__B,left_lateral,B,1,249,0,0.6025571091701305,1
rf,left_lateral__B,left_lateral,B,1,249,0,0.5598602989607633,1
rf,left_lateral__B,left_lateral,B,1,249,0,0.5676371465423605,1
rf,left_lateral__B,left_lateral,B,1,249,0,0.3955260142182502,0
rf,left_lateral__B,left_lateral,B,1,249,0,0.2934440557284403,0
rf,left_lateral__B,left_lateral,B,1,249,0,0.6552739801956957,1
rf,left_lateral__B,left_lateral,B,1,249,0,0.2788568512312086,0
rf,left_lateral__B,left_lateral,B,1,249,0,0.5973572440102728,1
rf,left_lateral__B,left_lateral,B,1,249,0,0.5188110104915696,1
rf,left_lateral__B,left_lateral,B,1,249,1,0.41157441314015897,0
rf,left_lateral__B,left_lateral,B,1,249,1,0.566300144158986,1
rf,left_lateral__B,left_lateral,B,1,249,1,0.4529191198786017,0
rf,left_lateral__B,left_lateral,B,1,249,1,0.6728997863246298,1
rf,left_lateral__B,left_lateral,B,1,249,1,0.55698059342153,1
rf,left_lateral__B,left_lateral,B,1,249,1,0.5381117028315106,1
rf,left_lateral__B,left_lateral,B,1,249,1,0.5681348948775056,1
rf,left_lateral__B,left_lateral,B,1,249,1,0.5955080041235772,1
rf,left_lateral__B,left_lateral,B,1,249,1,0.45693476764976554,0
rf,left_lateral__B,left_lateral,B,1,249,1,0.48973032939057437,0
rf,left_lateral__B,left_lateral,B,1,249,1,0.5411871070114189,1
rf,left_lateral__B,left_lateral,B,1,249,1,0.5121902659171095,1
rf,left_lateral__B,left_lateral,B,1,249,1,0.5595659182129881,1
rf,left_lateral__B,left_lateral,B,1,249,1,0.3811697626818639,0
rf,left_lateral__B,left_lateral,B,1,249,1,0.677529339180478,1
rf,left_lateral__B,left_lateral,B,1,249,1,0.6223505008103589,1
rf,left_lateral__B,left_lateral,B,1,249,1,0.5260439477585837,1
rf,left_lateral__B,left_lateral,B,2,219,0,0.615346219715803,1
rf,left_lateral__B,left_lateral,B,2,219,0,0.6013047381693817,1
rf,left_lateral__B,left_lateral,B,2,219,0,0.47174455310460334,0
rf,left_lateral__B,left_lateral,B,2,219,0,0.5252622995362914,1
rf,left_lateral__B,left_lateral,B,2,219,0,0.4718153845040831,0
rf,left_lateral__B,left_lateral,B,2,219,0,0.5921067802049679,1
rf,left_lateral__B,left_lateral,B,2,219,0,0.4467399198617187,0
rf,left_lateral__B,left_lateral,B,2,219,0,0.41052830917797856,0
rf,left_lateral__B,left_lateral,B,2,219,0,0.41062004510527733,0
rf,left_lateral__B,left_lateral,B,2,219,0,0.5236981915548585,1
rf,left_lateral__B,left_lateral,B,2,219,0,0.6184326318873421,1
rf,left_lateral__B,left_lateral,B,2,219,0,0.33128798637763734,0
rf,left_lateral__B,left_lateral,B,2,219,0,0.6685096834522986,1
rf,left_lateral__B,left_lateral,B,2,219,0,0.2983707055326395,0
rf,left_lateral__B,left_lateral,B,2,219,1,0.5675836492892872,1
rf,left_lateral__B,left_lateral,B,2,219,1,0.6669315839085328,1
rf,left_lateral__B,left_lateral,B,2,219,1,0.6089048194913975,1
rf,left_lateral__B,left_lateral,B,2,219,1,0.48561472626756486,0
rf,left_lateral__B,left_lateral,B,2,219,1,0.635516808670923,1
rf,left_lateral__B,left_lateral,B,2,219,1,0.3986130095238449,0
rf,left_lateral__B,left_lateral,B,2,219,1,0.4365495752024441,0
rf,left_lateral__B,left_lateral,B,2,219,1,0.269270843983838,0
rf,left_lateral__B,left_lateral,B,2,219,1,0.4477579175862313,0
rf,left_lateral__B,left_lateral,B,2,219,1,0.423064802856285,0
rf,left_lateral__B,left_lateral,B,2,219,1,0.4861758906424411,0
rf,left_lateral__B,left_lateral,B,2,219,1,0.4006428544888591,0
rf,left_lateral__B,left_lateral,B,2,219,1,0.4259566258164584,0
rf,left_lateral__B,left_lateral,B,2,219,1,0.4141179471465744,0
rf,left_lateral__B,left_lateral,B,2,219,1,0.653272758083437,1
rf,left_lateral__B,left_lateral,B,2,219,1,0.3912020453976567,0
rf,left_lateral__B,left_lateral,B,3,313,0,0.46640186524487603,0
rf,left_lateral__B,left_lateral,B,3,313,0,0.3262353748831346,0
rf,left_lateral__B,left_lateral,B,3,313,0,0.41502411656584187,0
rf,left_lateral__B,left_lateral,B,3,313,0,0.46244062924818125,0
rf,left_lateral__B,left_lateral,B,3,313,0,0.5831054053254625,1
rf,left_lateral__B,left_lateral,B,3,313,0,0.6136456477613266,1
rf,left_lateral__B,left_lateral,B,3,313,0,0.6249590335756376,1
rf,left_lateral__B,left_lateral,B,3,313,0,0.5143708063664776,1
rf,left_lateral__B,left_lateral,B,3,313,0,0.5999420534816704,1
rf,left_lateral__B,left_lateral,B,3,313,0,0.3855313206530284,0
rf,left_lateral__B,left_lateral,B,3,313,0,0.5278943816170542,1
rf,left_lateral__B,left_lateral,B,3,313,0,0.4309691395423134,0
rf,left_lateral__B,left_lateral,B,3,313,0,0.48057685546972684,0
rf,left_lateral__B,left_lateral,B,3,313,0,0.45877198184793067,0
rf,left_lateral__B,left_lateral,B,3,313,0,0.4693178599354686,0
rf,left_lateral__B,left_lateral,B,3,313,1,0.4641606875247164,0
rf,left_lateral__B,left_lateral,B,3,313,1,0.5301692170540373,1
rf,left_lateral__B,left_lateral,B,3,313,1,0.4756986938753977,0
rf,left_lateral__B,left_lateral,B,3,313,1,0.49491922591426474,0
rf,left_lateral__B,left_lateral,B,3,313,1,0.5127588300354404,1
rf,left_lateral__B,left_lateral,B,3,313,1,0.6729177412926647,1
rf,left_lateral__B,left_lateral,B,3,313,1,0.70725652115553,1
rf,left_lateral__B,left_lateral,B,3,313,1,0.40322510135362694,0
rf,left_lateral__B,left_lateral,B,3,313,1,0.3541665107183107,0
rf,left_lateral__B,left_lateral,B,3,313,1,0.6120356209796088,1
rf,left_lateral__B,left_lateral,B,3,313,1,0.48523469583357376,0
rf,left_lateral__B,left_lateral,B,3,313,1,0.6143826677986064,1
rf,left_lateral__B,left_lateral,B,3,313,1,0.5696552911145871,1
rf,left_lateral__B,left_lateral,B,3,313,1,0.634669191116705,1
rf,left_lateral__B,left_lateral,B,4,318,0,0.510304671433398,1
rf,left_lateral__B,left_lateral,B,4,318,0,0.44144739378615533,0
rf,left_lateral__B,left_lateral,B,4,318,0,0.5335613983092362,1
rf,left_lateral__B,left_lateral,B,4,318,0,0.38024666830387693,0
rf,left_lateral__B,left_lateral,B,4,318,0,0.33594314835254047,0
rf,left_lateral__B,left_lateral,B,4,318,0,0.5178695077609349,1
rf,left_lateral__B,left_lateral,B,4,318,0,0.3372210986650493,0
rf,left_lateral__B,left_lateral,B,4,318,0,0.4815900198965259,0
rf,left_lateral__B,left_lateral,B,4,318,0,0.2895759231454655,0
rf,left_lateral__B,left_lateral,B,4,318,0,0.493552849878171,0
rf,left_lateral__B,left_lateral,B,4,318,0,0.5275453505136307,1
rf,left_lateral__B,left_lateral,B,4,318,0,0.4095115523647572,0
rf,left_lateral__B,left_lateral,B,4,318,0,0.5232981768983656,1
rf,left_lateral__B,left_lateral,B,4,318,0,0.5093067424649559,1
rf,left_lateral__B,left_lateral,B,4,318,1,0.41182783881113894,0
rf,left_lateral__B,left_lateral,B,4,318,1,0.5509997621135405,1
rf,left_lateral__B,left_lateral,B,4,318,1,0.5108675933002776,1
rf,left_lateral__B,left_lateral,B,4,318,1,0.5910934507165091,1
rf,left_lateral__B,left_lateral,B,4,318,1,0.3959153543915115,0
rf,left_lateral__B,left_lateral,B,4,318,1,0.4235615734066221,0
rf,left_lateral__B,left_lateral,B,4,318,1,0.436695377841102,0
rf,left_lateral__B,left_lateral,B,4,318,1,0.4414784971371288,0
rf,left_lateral__B,left_lateral,B,4,318,1,0.4447910074520025,0
rf,left_lateral__B,left_lateral,B,4,318,1,0.4900831610420874,0
rf,left_lateral__B,left_lateral,B,4,318,1,0.43856761692278795,0
rf,left_lateral__B,left_lateral,B,4,318,1,0.4250218305134703,0
rf,left_lateral__B,left_lateral,B,4,318,1,0.2648548185653202,0
rf,left_lateral__B,left_lateral,B,4,318,1,0.36853309452938166,0
rf,left_lateral__B,left_lateral,B,5,300,0,0.5276371400180254,1
rf,left_lateral__B,left_lateral,B,5,300,0,0.43530165434948115,0
rf,left_lateral__B,left_lateral,B,5,300,0,0.4052203801344782,0
rf,left_lateral__B,left_lateral,B,5,300,0,0.5011887204540159,1
rf,left_lateral__B,left_lateral,B,5,300,0,0.5648434177563658,1
rf,left_lateral__B,left_lateral,B,5,300,0,0.5051107729636154,1
rf,left_lateral__B,left_lateral,B,5,300,0,0.4259571220406352,0
rf,left_lateral__B,left_lateral,B,5,300,0,0.3314738024013573,0
rf,left_lateral__B,left_lateral,B,5,300,0,0.38308718024518107,0
rf,left_lateral__B,left_lateral,B,5,300,0,0.3722294131803339,0
rf,left_lateral__B,left_lateral,B,5,300,0,0.5883792742540437,1
rf,left_lateral__B,left_lateral,B,5,300,0,0.4777970485722184,0
rf,left_lateral__B,left_lateral,B,5,300,0,0.4611342080625671,0
rf,left_lateral__B,left_lateral,B,5,300,0,0.40510710828211804,0
rf,left_lateral__B,left_lateral,B,5,300,1,0.30774687477540835,0
rf,left_lateral__B,left_lateral,B,5,300,1,0.3620660253953256,0
rf,left_lateral__B,left_lateral,B,5,300,1,0.37617758245077815,0
rf,left_lateral__B,left_lateral,B,5,300,1,0.49385950051173466,0
rf,left_lateral__B,left_lateral,B,5,300,1,0.6711960015865003,1
rf,left_lateral__B,left_lateral,B,5,300,1,0.38889721729126103,0
rf,left_lateral__B,left_lateral,B,5,300,1,0.4875539839994929,0
rf,left_lateral__B,left_lateral,B,5,300,1,0.3833338400768348,0
rf,left_lateral__B,left_lateral,B,5,300,1,0.3876634987704236,0
rf,left_lateral__B,left_lateral,B,5,300,1,0.29884851978137805,0
rf,left_lateral__B,left_lateral,B,5,300,1,0.4117906362651471,0
rf,left_lateral__B,left_lateral,B,5,300,1,0.3765920040211116,0
rf,left_lateral__B,left_lateral,B,5,300,1,0.46362220176271235,0
rf,left_lateral__B,left_lateral,B,5,300,1,0.36168834596576993,0
rf,left_lateral__B,left_lateral,B,6,271,0,0.7023593688415217,1
rf,left_lateral__B,left_lateral,B,6,271,0,0.5504416380490301,1
rf,left_lateral__B,left_lateral,B,6,271,0,0.39090623342210046,0
rf,left_lateral__B,left_lateral,B,6,271,0,0.548957112201281,1
rf,left_lateral__B,left_lateral,B,6,271,0,0.3654618991931244,0
rf,left_lateral__B,left_lateral,B,6,271,0,0.3862938712823336,0
rf,left_lateral__B,left_lateral,B,6,271,0,0.722061943120984,1
rf,left_lateral__B,left_lateral,B,6,271,0,0.3833924035683664,0
rf,left_lateral__B,left_lateral,B,6,271,0,0.48033796601051976,0
rf,left_lateral__B,left_lateral,B,6,271,0,0.5058273056047008,1
rf,left_lateral__B,left_lateral,B,6,271,0,0.4402494177701682,0
rf,left_lateral__B,left_lateral,B,6,271,0,0.5929935876790069,1
rf,left_lateral__B,left_lateral,B,6,271,0,0.5051635331882541,1
rf,left_lateral__B,left_lateral,B,6,271,0,0.41069777547811215,0
rf,left_lateral__B,left_lateral,B,6,271,1,0.4932388045200714,0
rf,left_lateral__B,left_lateral,B,6,271,1,0.41680126753202396,0
rf,left_lateral__B,left_lateral,B,6,271,1,0.3841070197381206,0
rf,left_lateral__B,left_lateral,B,6,271,1,0.3048504838877016,0
rf,left_lateral__B,left_lateral,B,6,271,1,0.42259854266477087,0
rf,left_lateral__B,left_lateral,B,6,271,1,0.5616034986399014,1
rf,left_lateral__B,left_lateral,B,6,271,1,0.6423965263481235,1
rf,left_lateral__B,left_lateral,B,6,271,1,0.519597748673596,1
rf,left_lateral__B,left_lateral,B,6,271,1,0.545793326177897,1
rf,left_lateral__B,left_lateral,B,6,271,1,0.5901852432002845,1
rf,left_lateral__B,left_lateral,B,6,271,1,0.5021272558142477,1
rf,left_lateral__B,left_lateral,B,6,271,1,0.5921690653188092,1
rf,left_lateral__B,left_lateral,B,6,271,1,0.5125534258909696,1
rf,left_lateral__B,left_lateral,B,6,271,1,0.5737831031926199,1
rf,left_lateral__B,left_lateral,B,7,251,0,0.3752050643603287,0
rf,left_lateral__B,left_lateral,B,7,251,0,0.5340185871833081,1
rf,left_lateral__B,left_lateral,B,7,251,0,0.20230467260223572,0
rf,left_lateral__B,left_lateral,B,7,251,0,0.3487975810119269,0
rf,left_lateral__B,left_lateral,B,7,251,0,0.37788708545110916,0
rf,left_lateral__B,left_lateral,B,7,251,0,0.3944706955494201,0
rf,left_lateral__B,left_lateral,B,7,251,0,0.46336840214416886,0
rf,left_lateral__B,left_lateral,B,7,251,0,0.3515787412714208,0
rf,left_lateral__B,left_lateral,B,7,251,0,0.4656051128359595,0
rf,left_lateral__B,left_lateral,B,7,251,0,0.3333931557374761,0
rf,left_lateral__B,left_lateral,B,7,251,0,0.5111520096799381,1
rf,left_lateral__B,left_lateral,B,7,251,0,0.37837612272779914,0
rf,left_lateral__B,left_lateral,B,7,251,0,0.6836782455126678,1
rf,left_lateral__B,left_lateral,B,7,251,0,0.6503533828313883,1
rf,left_lateral__B,left_lateral,B,7,251,1,0.49682256836504096,0
rf,left_lateral__B,left_lateral,B,7,251,1,0.24572847214400984,0
rf,left_lateral__B,left_lateral,B,7,251,1,0.4186252095993002,0
rf,left_lateral__B,left_lateral,B,7,251,1,0.34698638174168833,0
rf,left_lateral__B,left_lateral,B,7,251,1,0.21134467851816688,0
rf,left_lateral__B,left_lateral,B,7,251,1,0.27134901565618075,0
rf,left_lateral__B,left_lateral,B,7,251,1,0.6785197909888311,1
rf,left_lateral__B,left_lateral,B,7,251,1,0.35392664663703644,0
rf,left_lateral__B,left_lateral,B,7,251,1,0.49209640731551635,0
rf,left_lateral__B,left_lateral,B,7,251,1,0.5814411792703241,1
rf,left_lateral__B,left_lateral,B,7,251,1,0.30430271695932726,0
rf,left_lateral__B,left_lateral,B,7,251,1,0.3425238119860358,0
rf,left_lateral__B,left_lateral,B,7,251,1,0.6124244940536099,1
rf,left_lateral__B,left_lateral,B,8,282,0,0.599299131553927,1
rf,left_lateral__B,left_lateral,B,8,282,0,0.5882604742861614,1
rf,left_lateral__B,left_lateral,B,8,282,0,0.27436393418637217,0
rf,left_lateral__B,left_lateral,B,8,282,0,0.32888931364056057,0
rf,left_lateral__B,left_lateral,B,8,282,0,0.6888515078468228,1
rf,left_lateral__B,left_lateral,B,8,282,0,0.48374711476518106,0
rf,left_lateral__B,left_lateral,B,8,282,0,0.5149998739298057,1
rf,left_lateral__B,left_lateral,B,8,282,0,0.2665122577008112,0
rf,left_lateral__B,left_lateral,B,8,282,0,0.6066638247867685,1
rf,left_lateral__B,left_lateral,B,8,282,0,0.5648652787401583,1
rf,left_lateral__B,left_lateral,B,8,282,0,0.5835544033847262,1
rf,left_lateral__B,left_lateral,B,8,282,0,0.24341785447812422,0
rf,left_lateral__B,left_lateral,B,8,282,0,0.530947567586229,1
rf,left_lateral__B,left_lateral,B,8,282,0,0.39746696324655756,0
rf,left_lateral__B,left_lateral,B,8,282,1,0.5784099030933043,1
rf,left_lateral__B,left_lateral,B,8,282,1,0.4723541705444979,0
rf,left_lateral__B,left_lateral,B,8,282,1,0.4948141345341112,0
rf,left_lateral__B,left_lateral,B,8,282,1,0.3245291067553815,0
rf,left_lateral__B,left_lateral,B,8,282,1,0.40387914452348733,0
rf,left_lateral__B,left_lateral,B,8,282,1,0.623288048761148,1
rf,left_lateral__B,left_lateral,B,8,282,1,0.5882183211205858,1
rf,left_lateral__B,left_lateral,B,8,282,1,0.6067013289916092,1
rf,left_lateral__B,left_lateral,B,8,282,1,0.3816372287324898,0
rf,left_lateral__B,left_lateral,B,8,282,1,0.35740424837571555,0
rf,left_lateral__B,left_lateral,B,8,282,1,0.4975126960896191,0
rf,left_lateral__B,left_lateral,B,9,210,0,0.4860852437841405,0
rf,left_lateral__B,left_lateral,B,9,210,0,0.568412482985859,1
rf,left_lateral__B,left_lateral,B,9,210,0,0.36708695073500763,0
rf,left_lateral__B,left_lateral,B,9,210,0,0.29934524311567534,0
rf,left_lateral__B,left_lateral,B,9,210,0,0.35817519805259634,0
rf,left_lateral__B,left_lateral,B,9,210,0,0.45192063176170094,0
rf,left_lateral__B,left_lateral,B,9,210,0,0.6597327470410925,1
rf,left_lateral__B,left_lateral,B,9,210,0,0.533025546740898,1
rf,left_lateral__B,left_lateral,B,9,210,0,0.4887321031223443,0
rf,left_lateral__B,left_lateral,B,9,210,0,0.38791819814832507,0
rf,left_lateral__B,left_lateral,B,9,210,0,0.24950725634298043,0
rf,left_lateral__B,left_lateral,B,9,210,0,0.41459762456026916,0
rf,left_lateral__B,left_lateral,B,9,210,0,0.7,1
rf,left_lateral__B,left_lateral,B,9,210,0,0.3494688265055759,0
rf,left_lateral__B,left_lateral,B,9,210,1,0.41566378784354063,0
rf,left_lateral__B,left_lateral,B,9,210,1,0.42574595333759,0
rf,left_lateral__B,left_lateral,B,9,210,1,0.38618975638816344,0
rf,left_lateral__B,left_lateral,B,9,210,1,0.4153362898151925,0
rf,left_lateral__B,left_lateral,B,9,210,1,0.5030836771279005,1
rf,left_lateral__B,left_lateral,B,9,210,1,0.4352244190430489,0
rf,left_lateral__B,left_lateral,B,9,210,1,0.5644850239364357,1
rf,left_lateral__B,left_lateral,B,9,210,1,0.37850383319141634,0
rf,left_lateral__B,left_lateral,B,9,210,1,0.4017779664159431,0
rf,left_lateral__B,left_lateral,B,9,210,1,0.5398615269184672,1
rf,left_lateral__B,left_lateral,B,9,210,1,0.5571461962623586,1
rf,left_lateral__B,left_lateral,B,10,265,0,0.3212250447393215,0
rf,left_lateral__B,left_lateral,B,10,265,0,0.44914068003456264,0
rf,left_lateral__B,left_lateral,B,10,265,0,0.45,0
rf,left_lateral__B,left_lateral,B,10,265,0,0.35727755384540183,0
rf,left_lateral__B,left_lateral,B,10,265,0,0.5426364297136417,1
rf,left_lateral__B,left_lateral,B,10,265,0,0.37294447633009137,0
rf,left_lateral__B,left_lateral,B,10,265,0,0.6613137770869105,1
rf,left_lateral__B,left_lateral,B,10,265,0,0.32823609769471007,0
rf,left_lateral__B,left_lateral,B,10,265,0,0.5193334882183632,1
rf,left_lateral__B,left_lateral,B,10,265,0,0.4358705710579461,0
rf,left_lateral__B,left_lateral,B,10,265,0,0.5603406157266229,1
rf,left_lateral__B,left_lateral,B,10,265,0,0.20457002124794535,0
rf,left_lateral__B,left_lateral,B,10,265,0,0.49,0
rf,left_lateral__B,left_lateral,B,10,265,1,0.4497218214967208,0
rf,left_lateral__B,left_lateral,B,10,265,1,0.28665879199962846,0
rf,left_lateral__B,left_lateral,B,10,265,1,0.5121250641706975,1
rf,left_lateral__B,left_lateral,B,10,265,1,0.654064884943536,1
rf,left_lateral__B,left_lateral,B,10,265,1,0.4686859146385084,0
rf,left_lateral__B,left_lateral,B,10,265,1,0.5227412703993719,1
rf,left_lateral__B,left_lateral,B,10,265,1,0.5345056539443795,1
rf,left_lateral__B,left_lateral,B,10,265,1,0.5867762630729356,1
rf,left_lateral__B,left_lateral,B,10,265,1,0.6388727335704146,1
rf,left_lateral__B,left_lateral,B,10,265,1,0.49745147627271974,0
rf,left_lateral__B,left_lateral,B,10,265,1,0.6520275826639178,1
rf,left_lateral__C,left_lateral,C,1,249,0,0.2789518629065768,0
rf,left_lateral__C,left_lateral,C,1,249,0,0.43929327479653635,0
rf,left_lateral__C,left_lateral,C,1,249,0,0.7249108294489968,1
rf,left_lateral__C,left_lateral,C,1,249,0,0.25681867738215075,0
rf,left_lateral__C,left_lateral,C,1,249,0,0.25,0
rf,left_lateral__C,left_lateral,C,1,249,0,0.46841267507751105,0
rf,left_lateral__C,left_lateral,C,1,249,0,0.435576623744163,0
rf,left_lateral__C,left_lateral,C,1,249,0,0.3427254098360656,0
rf,left_lateral__C,left_lateral,C,1,249,0,0.3775475209798468,0
rf,left_lateral__C,left_lateral,C,1,249,0,0.3377254098360656,0
rf,left_lateral__C,left_lateral,C,1,249,0,0.245,0
rf,left_lateral__C,left_lateral,C,1,249,0,0.5975971373464001,1
rf,left_lateral__C,left_lateral,C,1,249,0,0.42934809040536265,0
rf,left_lateral__C,left_lateral,C,1,249,0,0.8792135920231509,1
rf,left_lateral__C,left_lateral,C,1,249,0,0.18483847497089642,0
rf,left_lateral__C,left_lateral,C,1,249,1,0.6203243446580109,1
rf,left_lateral__C,left_lateral,C,1,249,1,0.5741195186235479,1
rf,left_lateral__C,left_lateral,C,1,249,1,0.7997717167995373,1
rf,left_lateral__C,left_lateral,C,1,249,1,0.7047114270032051,1
rf,left_lateral__C,left_lateral,C,1,249,1,0.6646769813970406,1
rf,left_lateral__C,left_lateral,C,1,249,1,0.3142540913429149,0
rf,left_lateral__C,left_lateral,C,1,249,1,0.4946016609261534,0
rf,left_lateral__C,left_lateral,C,1,249,1,0.521327144758642,1
rf,left_lateral__C,left_lateral,C,1,249,1,0.5148732703184762,1
rf,left_lateral__C,left_lateral,C,1,249,1,0.5236080924901884,1
rf,left_lateral__C,left_lateral,C,1,249,1,0.45459228095847815,0
rf,left_lateral__C,left_lateral,C,1,249,1,0.4361187916417065,0
rf,left_lateral__C,left_lateral,C,1,249,1,0.6043438914027149,1
rf,left_lateral__C,left_lateral,C,1,249,1,0.560084368529915,1
rf,left_lateral__C,left_lateral,C,1,249,1,0.5474596832347173,1
rf,left_lateral__C,left_lateral,C,1,249,1,0.6681210915828073,1
rf,left_lateral__C,left_lateral,C,1,249,1,0.7162464090327549,1
rf,left_lateral__C,left_lateral,C,2,219,0,0.4771951219512195,0
rf,left_lateral__C,left_lateral,C,2,219,0,0.77,1
rf,left_lateral__C,left_lateral,C,2,219,0,0.8366723176333811,1
rf,left_lateral__C,left_lateral,C,2,219,0,0.735,1
rf,left_lateral__C,left_lateral,C,2,219,0,0.8035776307683727,1
rf,left_lateral__C,left_lateral,C,2,219,0,0.7796194783935758,1
rf,left_lateral__C,left_lateral,C,2,219,0,0.639644068376281,1
rf,left_lateral__C,left_lateral,C,2,219,0,0.25,0
rf,left_lateral__C,left_lateral,C,2,219,0,0.8288376940881375,1
rf,left_lateral__C,left_lateral,C,2,219,0,0.325,0
rf,left_lateral__C,left_lateral,C,2,219,0,0.35656569559094103,0
rf,left_lateral__C,left_lateral,C,2,219,0,0.5927044797838237,1
rf,left_lateral__C,left_lateral,C,2,219,0,0.18621634372769807,0
rf,left_lateral__C,left_lateral,C,2,219,0,0.4718232771305712,0
rf,left_lateral__C,left_lateral,C,2,219,1,0.595,1
rf,left_lateral__C,left_lateral,C,2,219,1,0.7889030304290321,1
rf,left_lateral__C,left_lateral,C,2,219,1,0.685,1
rf,left_lateral__C,left_lateral,C,2,219,1,0.7842928626264981,1
rf,left_lateral__C,left_lateral,C,2,219,1,0.7098397920604915,1
rf,left_lateral__C,left_lateral,C,2,219,1,0.6699157942649066,1
rf,left_lateral__C,left_lateral,C,2,219,1,0.6810916378357171,1
rf,left_lateral__C,left_lateral,C,2,219,1,0.68,1
rf,left_lateral__C,left_lateral,C,2,219,1,0.7345797287407266,1
rf,left_lateral__C,left_lateral,C,2,219,1,0.7179725090483288,1
rf,left_lateral__C,left_lateral,C,2,219,1,0.6697399366802352,1
rf,left_lateral__C,left_lateral,C,2,219,1,0.6848397920604916,1
rf,left_lateral__C,left_lateral,C,2,219,1,0.7429725090483288,1
rf,left_lateral__C,left_lateral,C,2,219,1,0.6895797287407267,1
rf,left_lateral__C,left_lateral,C,2,219,1,0.6697399366802352,1
rf,left_lateral__C,left_lateral,C,2,219,1,0.675,1
rf,left_lateral__C,left_lateral,C,3,313,0,0.5344422317671157,1
rf,left_lateral__C,left_lateral,C,3,313,0,0.6429890279376531,1
rf,left_lateral__C,left_lateral,C,3,313,0,0.4109531239993887,0
rf,left_lateral__C,left_lateral,C,3,313,0,0.40053664921465965,0
rf,left_lateral__C,left_lateral,C,3,313,0,0.5697307511814409,1
rf,left_lateral__C,left_lateral,C,3,313,0,0.6921986547691489,1
rf,left_lateral__C,left_lateral,C,3,313,0,0.465,0
rf,left_lateral__C,left_lateral,C,3,313,0,0.7535550997834523,1
rf,left_lateral__C,left_lateral,C,3,313,0,0.6117692461254399,1
rf,left_lateral__C,left_lateral,C,3,313,0,0.3905378996955229,0
rf,left_lateral__C,left_lateral,C,3,313,0,0.40079535470354416,0
rf,left_lateral__C,left_lateral,C,3,313,0,0.5646949534745792,1
rf,left_lateral__C,left_lateral,C,3,313,0,0.5269260349885145,1
rf,left_lateral__C,left_lateral,C,3,313,0,0.42108695652173916,0
rf,left_lateral__C,left_lateral,C,3,313,0,0.525887744582226,1
rf,left_lateral__C,left_lateral,C,3,313,1,0.5535099618551479,1
rf,left_lateral__C,left_lateral,C,3,313,1,0.4975344118587812,0
rf,left_lateral__C,left_lateral,C,3,313,1,0.537832175897305,1
rf,left_lateral__C,left_lateral,C,3,313,1,0.5517194614463828,1
rf,left_lateral__C,left_lateral,C,3,313,1,0.5665260426411125,1
rf,left_lateral__C,left_lateral,C,3,313,1,0.5646794483640185,1
rf,left_lateral__C,left_lateral,C,3,313,1,0.6747962807847989,1
rf,left_lateral__C,left_lateral,C,3,313,1,0.578560013514885,1
rf,left_lateral__C,left_lateral,C,3,313,1,0.4329876552692997,0
rf,left_lateral__C,left_lateral,C,3,313,1,0.6560914756756895,1
rf,left_lateral__C,left_lateral,C,3,313,1,0.6879634613146187,1
rf,left_lateral__C,left_lateral,C,3,313,1,0.5805763662060555,1
rf,left_lateral__C,left_lateral,C,3,313,1,0.6719421736426312,1
rf,left_lateral__C,left_lateral,C,3,313,1,0.6351130576260023,1
rf,left_lateral__C,left_lateral,C,4,318,0,0.38192737430167595,0
rf,left_lateral__C,left_lateral,C,4,318,0,0.3701249039200615,0
rf,left_lateral__C,left_lateral,C,4,318,0,0.3587275783347373,0
rf,left_lateral__C,left_lateral,C,4,318,0,0.4395391581333739,0
rf,left_lateral__C,left_lateral,C,4,318,0,0.48917236562449234,0
rf,left_lateral__C,left_lateral,C,4,318,0,0.3120175268675567,0
rf,left_lateral__C,left_lateral,C,4,318,0,0.2108391896343472,0
rf,left_lateral__C,left_lateral,C,4,318,0,0.05,0
rf,left_lateral__C,left_lateral,C,4,318,0,0.3625191599838176,0
rf,left_lateral__C,left_lateral,C,4,318,0,0.3754361861878784,0
rf,left_lateral__C,left_lateral,C,4,318,0,0.41250995150460634,0
rf,left_lateral__C,left_lateral,C,4,318,0,0.19777412696881239,0
rf,left_lateral__C,left_lateral,C,4,318,0,0.2752137687258037,0
rf,left_lateral__C,left_lateral,C,4,318,0,0.5056686803460819,1
rf,left_lateral__C,left_lateral,C,4,318,1,0.41718302108111316,0
rf,left_lateral__C,left_lateral,C,4,318,1,0.5774000033479406,1
rf,left_lateral__C,left_lateral,C,4,318,1,0.49411427018787996,0
rf,left_lateral__C,left_lateral,C,4,318,1,0.6460262031471777,1
rf,left_lateral__C,left_lateral,C,4,318,1,0.5729104378392623,1
rf,left_lateral__C,left_lateral,C,4,318,1,0.3945067844011136,0
rf,left_lateral__C,left_lateral,C,4,318,1,0.6743136772786378,1
rf,left_lateral__C,left_lateral,C,4,318,1,0.42443160608910313,0
rf,left_lateral__C,left_lateral,C,4,318,1,0.5398656212828831,1
rf,left_lateral__C,left_lateral,C,4,318,1,0.6076687849061758,1
rf,left_lateral__C,left_lateral,C,4,318,1,0.5188428778595043,1
rf,left_lateral__C,left_lateral,C,4,318,1,0.5768215276864307,1
rf,left_lateral__C,left_lateral,C,4,318,1,0.6362205741945509,1
rf,left_lateral__C,left_lateral,C,4,318,1,0.5184874022162516,1
rf,left_lateral__C,left_lateral,C,5,300,0,0.7087079458054606,1
rf,left_lateral__C,left_lateral,C,5,300,0,0.7089142262268813,1
rf,left_lateral__C,left_lateral,C,5,300,0,0.6388364460932692,1
rf,left_lateral__C,left_lateral,C,5,300,0,0.56,1
rf,left_lateral__C,left_lateral,C,5,300,0,0.6737823237006125,1
rf,left_lateral__C,left_lateral,C,5,300,0,0.6844254049135787,1
rf,left_lateral__C,left_lateral,C,5,300,0,0.6317842758813207,1
rf,left_lateral__C,left_lateral,C,5,300,0,0.6387823237006125,1
rf,left_lateral__C,left_lateral,C,5,300,0,0.6039142262268813,1
rf,left_lateral__C,left_lateral,C,5,300,0,0.7202297915925142,1
rf,left_lateral__C,left_lateral,C,5,300,0,0.6544254049135787,1
rf,left_lateral__C,left_lateral,C,5,300,0,0.5984179076437901,1
rf,left_lateral__C,left_lateral,C,5,300,0,0.7144254049135788,1
rf,left_lateral__C,left_lateral,C,5,300,0,0.6078946817710653,1
rf,left_lateral__C,left_lateral,C,5,300,1,0.5684391534391534,1
rf,left_lateral__C,left_lateral,C,5,300,1,0.6895573074398474,1
rf,left_lateral__C,left_lateral,C,5,300,1,0.6630136051088688,1
rf,left_lateral__C,left_lateral,C,5,300,1,0.6589142262268812,1
rf,left_lateral__C,left_lateral,C,5,300,1,0.6594254049135787,1
rf,left_lateral__C,left_lateral,C,5,300,1,0.6589142262268812,1
rf,left_lateral__C,left_lateral,C,5,300,1,0.6548079531272998,1
rf,left_lateral__C,left_lateral,C,5,300,1,0.7094254049135787,1
rf,left_lateral__C,left_lateral,C,5,300,1,0.6895573074398474,1
rf,left_lateral__C,left_lateral,C,5,300,1,0.6495573074398474,1
rf,left_lateral__C,left_lateral,C,5,300,1,0.6589142262268812,1
rf,left_lateral__C,left_lateral,C,5,300,1,0.668923258990832,1
rf,left_lateral__C,left_lateral,C,5,300,1,0.643737966733559,1
rf,left_lateral__C,left_lateral,C,5,300,1,0.6994254049135787,1
rf,left_lateral__C,left_lateral,C,6,271,0,0.42016256581375167,0
rf,left_lateral__C,left_lateral,C,6,271,0,0.40611371987848743,0
rf,left_lateral__C,left_lateral,C,6,271,0,0.3,0
rf,left_lateral__C,left_lateral,C,6,271,0,0.6622959805073241,1
rf,left_lateral__C,left_lateral,C,6,271,0,0.3637103072688859,0
rf,left_lateral__C,left_lateral,C,6,271,0,0.4038161030370551,0
rf,left_lateral__C,left_lateral,C,6,271,0,0.25979340540865525,0
rf,left_lateral__C,left_lateral,C,6,271,0,0.055,0
rf,left_lateral__C,left_lateral,C,6,271,0,0.06,0
rf,left_lateral__C,left_lateral,C,6,271,0,0.3151844497673284,0
rf,left_lateral__C,left_lateral,C,6,271,0,0.38910719685804646,0
rf,left_lateral__C,left_lateral,C,6,271,0,0.27443684442088956,0
rf,left_lateral__C,left_lateral,C,6,271,0,0.16963083959490363,0
rf,left_lateral__C,left_lateral,C,6,271,0,0.2524735815303875,0
rf,left_lateral__C,left_lateral,C,6,271,1,0.3997143865557175,0
rf,left_lateral__C,left_lateral,C,6,271,1,0.6132454129009427,1
rf,left_lateral__C,left_lateral,C,6,271,1,0.3146417248984716,0
rf,left_lateral__C,left_lateral,C,6,271,1,0.41631831210612796,0
rf,left_lateral__C,left_lateral,C,6,271,1,0.483172728752183,0
rf,left_lateral__C,left_lateral,C,6,271,1,0.47901521361722144,0
rf,left_lateral__C,left_lateral,C,6,271,1,0.5958762803127708,1
rf,left_lateral__C,left_lateral,C,6,271,1,0.5014634438869188,1
rf,left_lateral__C,left_lateral,C,6,271,1,0.5124446663745833,1
rf,left_lateral__C,left_lateral,C,6,271,1,0.5535484494120047,1
rf,left_lateral__C,left_lateral,C,6,271,1,0.37499961474630406,0
rf,left_lateral__C,left_lateral,C,6,271,1,0.5950582634598905,1
rf,left_lateral__C,left_lateral,C,6,271,1,0.6194534753866053,1
rf,left_lateral__C,left_lateral,C,6,271,1,0.4688156309032049,0
rf,left_lateral__C,left_lateral,C,7,251,0,0.03,0
rf,left_lateral__C,left_lateral,C,7,251,0,0.01,0
rf,left_lateral__C,left_lateral,C,7,251,0,0.015,0
rf,left_lateral__C,left_lateral,C,7,251,0,0.02,0
rf,left_lateral__C,left_lateral,C,7,251,0,0.04,0
rf,left_lateral__C,left_lateral,C,7,251,0,0.095,0
rf,left_lateral__C,left_lateral,C,7,251,0,0.135,0
rf,left_lateral__C,left_lateral,C,7,251,0,0.0,0
rf,left_lateral__C,left_lateral,C,7,251,0,0.04,0
rf,left_lateral__C,left_lateral,C,7,251,0,0.005,0
rf,left_lateral__C,left_lateral,C,7,251,0,0.015,0
rf,left_lateral__C,left_lateral,C,7,251,0,0.045,0
rf,left_lateral__C,left_lateral,C,7,251,0,0.185,0
rf,left_lateral__C,left_lateral,C,7,251,0,0.06,0
rf,left_lateral__C,left_lateral,C,7,251,1,0.21751004016064257,0
rf,left_lateral__C,left_lateral,C,7,251,1,0.13751004016064258,0
rf,left_lateral__C,left_lateral,C,7,251,1,0.125,0
rf,left_lateral__C,left_lateral,C,7,251,1,0.08,0
rf,left_lateral__C,left_lateral,C,7,251,1,0.06,0
rf,left_lateral__C,left_lateral,C,7,251,1,0.3132438171923203,0
rf,left_lateral__C,left_lateral,C,7,251,1,0.135,0
rf,left_lateral__C,left_lateral,C,7,251,1,0.1306382978723404,0
rf,left_lateral__C,left_lateral,C,7,251,1,0.18,0
rf,left_lateral__C,left_lateral,C,7,251,1,0.065,0
rf,left_lateral__C,left_lateral,C,7,251,1,0.1,0
rf,left_lateral__C,left_lateral,C,7,251,1,0.17440988444013153,0
rf,left_lateral__C,left_lateral,C,7,251,1,0.4548418406692786,0
rf,left_lateral__C,left_lateral,C,8,282,0,0.12,0
rf,left_lateral__C,left_lateral,C,8,282,0,0.09519648093841643,0
rf,left_lateral__C,left_lateral,C,8,282,0,0.09024731182795698,0
rf,left_lateral__C,left_lateral,C,8,282,0,0.24162875512692608,0
rf,left_lateral__C,left_lateral,C,8,282,0,0.135,0
rf,left_lateral__C,left_lateral,C,8,282,0,0.21125935162094764,0
rf,left_lateral__C,left_lateral,C,8,282,0,0.145247311827957,0
rf,left_lateral__C,left_lateral,C,8,282,0,0.11024731182795698,0
rf,left_lateral__C,left_lateral,C,8,282,0,0.0904437927663734,0
rf,left_lateral__C,left_lateral,C,8,282,0,0.13024731182795699,0
rf,left_lateral__C,left_lateral,C,8,282,0,0.2504108723135272,0
rf,left_lateral__C,left_lateral,C,8,282,0,0.09024731182795698,0
rf,left_lateral__C,left_lateral,C,8,282,0,0.3142303172737955,0
rf,left_lateral__C,left_lateral,C,8,282,0,0.15024731182795698,0
rf,left_lateral__C,left_lateral,C,8,282,1,0.6494179916891616,1
rf,left_lateral__C,left_lateral,C,8,282,1,0.6835669499415478,1
rf,left_lateral__C,left_lateral,C,8,282,1,0.5441394236863982,1
rf,left_lateral__C,left_lateral,C,8,282,1,0.5898382646985896,1
rf,left_lateral__C,left_lateral,C,8,282,1,0.7149308278825045,1
rf,left_lateral__C,left_lateral,C,8,282,1,0.60807801493984,1
rf,left_lateral__C,left_lateral,C,8,282,1,0.5221784497045159,1
rf,left_lateral__C,left_lateral,C,8,282,1,0.7412220062964946,1
rf,left_lateral__C,left_lateral,C,8,282,1,0.7605438471291364,1
rf,left_lateral__C,left_lateral,C,8,282,1,0.6425283423483263,1
rf,left_lateral__C,left_lateral,C,8,282,1,0.6764842072965653,1
rf,left_lateral__C,left_lateral,C,9,210,0,0.145,0
rf,left_lateral__C,left_lateral,C,9,210,0,0.145,0
rf,left_lateral__C,left_lateral,C,9,210,0,0.19680250783699058,0
rf,left_lateral__C,left_lateral,C,9,210,0,0.27440849220374686,0
rf,left_lateral__C,left_lateral,C,9,210,0,0.17719957051227714,0
rf,left_lateral__C,left_lateral,C,9,210,0,0.3684879498747782,0
rf,left_lateral__C,left_lateral,C,9,210,0,0.21459510357815442,0
rf,left_lateral__C,left_lateral,C,9,210,0,0.6688660328458224,1
rf,left_lateral__C,left_lateral,C,9,210,0,0.35408436649167735,0
rf,left_lateral__C,left_lateral,C,9,210,0,0.1365194805194805,0
rf,left_lateral__C,left_lateral,C,9,210,0,0.13,0
rf,left_lateral__C,left_lateral,C,9,210,0,0.1,0
rf,left_lateral__C,left_lateral,C,9,210,0,0.26412746585735963,0
rf,left_lateral__C,left_lateral,C,9,210,0,0.2237382325681387,0
rf,left_lateral__C,left_lateral,C,9,210,1,0.6111216510177662,1
rf,left_lateral__C,left_lateral,C,9,210,1,0.6438521362661739,1
rf,left_lateral__C,left_lateral,C,9,210,1,0.7297398239132596,1
rf,left_lateral__C,left_lateral,C,9,210,1,0.5922443258537041,1
rf,left_lateral__C,left_lateral,C,9,210,1,0.8288024965477375,1
rf,left_lateral__C,left_lateral,C,9,210,1,0.5730046787863295,1
rf,left_lateral__C,left_lateral,C,9,210,1,0.6468162767757514,1
rf,left_lateral__C,left_lateral,C,9,210,1,0.633056402186343,1
rf,left_lateral__C,left_lateral,C,9,210,1,0.700119591601639,1
rf,left_lateral__C,left_lateral,C,9,210,1,0.7300596188797251,1
rf,left_lateral__C,left_lateral,C,9,210,1,0.7597445055473264,1
rf,left_lateral__C,left_lateral,C,10,265,0,0.16954574182335283,0
rf,left_lateral__C,left_lateral,C,10,265,0,0.3126505011034137,0
rf,left_lateral__C,left_lateral,C,10,265,0,0.3575266517953388,0
rf,left_lateral__C,left_lateral,C,10,265,0,0.6139623401211773,1
rf,left_lateral__C,left_lateral,C,10,265,0,0.6632907802574995,1
rf,left_lateral__C,left_lateral,C,10,265,0,0.49422174372662914,0
rf,left_lateral__C,left_lateral,C,10,265,0,0.4456804585270931,0
rf,left_lateral__C,left_lateral,C,10,265,0,0.5696684562006837,1
rf,left_lateral__C,left_lateral,C,10,265,0,0.215,0
rf,left_lateral__C,left_lateral,C,10,265,0,0.3628935626898196,0
rf,left_lateral__C,left_lateral,C,10,265,0,0.3407495058951166,0
rf,left_lateral__C,left_lateral,C,10,265,0,0.22454574182335282,0
rf,left_lateral__C,left_lateral,C,10,265,0,0.30252665179533883,0
rf,left_lateral__C,left_lateral,C,10,265,1,0.215,0
rf,left_lateral__C,left_lateral,C,10,265,1,0.4620387575201956,0
rf,left_lateral__C,left_lateral,C,10,265,1,0.6248139091417989,1
rf,left_lateral__C,left_lateral,C,10,265,1,0.6975032596124442,1
rf,left_lateral__C,left_lateral,C,10,265,1,0.30335623571599085,0
rf,left_lateral__C,left_lateral,C,10,265,1,0.25,0
rf,left_lateral__C,left_lateral,C,10,265,1,0.2490625,0
rf,left_lateral__C,left_lateral,C,10,265,1,0.6772678503688476,1
rf,left_lateral__C,left_lateral,C,10,265,1,0.8566833290532081,1
rf,left_lateral__C,left_lateral,C,10,265,1,0.6253106514957326,1
rf,left_lateral__C,left_lateral,C,10,265,1,0.35811435523114354,0
rf,right_lateral__A,right_lateral,A,1,249,0,0.325,0
rf,right_lateral__A,right_lateral,A,1,249,0,0.549441724287558,1
rf,right_lateral__A,right_lateral,A,1,249,0,0.33624523230766185,0
rf,right_lateral__A,right_lateral,A,1,249,0,0.21950378469301934,0
rf,right_lateral__A,right_lateral,A,1,249,0,0.125,0
rf,right_lateral__A,right_lateral,A,1,249,0,0.31,0
rf,right_lateral__A,right_lateral,A,1,249,0,0.26,0
rf,right_lateral__A,right_lateral,A,1,249,0,0.265,0
rf,right_lateral__A,right_lateral,A,1,249,0,0.265,0
rf,right_lateral__A,right_lateral,A,1,249,0,0.29,0
rf,right_lateral__A,right_lateral,A,1,249,0,0.225,0
rf,right_lateral__A,right_lateral,A,1,249,0,0.36,0
rf,right_lateral__A,right_lateral,A,1,249,0,0.47982593345138885,0
rf,right_lateral__A,right_lateral,A,1,249,0,0.40509329712185616,0
rf,right_lateral__A,right_lateral,A,1,249,0,0.18,0
rf,right_lateral__A,right_lateral,A,1,249,1,0.6683222413478898,1
rf,right_lateral__A,right_lateral,A,1,249,1,0.7542282302244279,1
rf,right_lateral__A,right_lateral,A,1,249,1,0.7785736487563905,1
rf,right_lateral__A,right_lateral,A,1,249,1,0.9193764183159127,1
rf,right_lateral__A,right_lateral,A,1,249,1,0.7590152026260886,1
rf,right_lateral__A,right_lateral,A,1,249,1,0.4826229508196721,0
rf,right_lateral__A,right_lateral,A,1,249,1,0.7084402842266758,1
rf,right_lateral__A,right_lateral,A,1,249,1,0.7238630699140751,1
rf,right_lateral__A,right_lateral,A,1,249,1,0.8790152026260886,1
rf,right_lateral__A,right_lateral,A,1,249,1,0.5666697249169674,1
rf,right_lateral__A,right_lateral,A,1,249,1,0.5633535168183702,1
rf,right_lateral__A,right_lateral,A,1,249,1,0.5226395727557628,1
rf,right_lateral__A,right_lateral,A,1,249,1,0.544648518436854,1
rf,right_lateral__A,right_lateral,A,1,249,1,0.4645309905921417,0
rf,right_lateral__A,right_lateral,A,1,249,1,0.7177768888435441,1
rf,right_lateral__A,right_lateral,A,1,249,1,0.5841539382173153,1
rf,right_lateral__A,right_lateral,A,1,249,1,0.7293012943869526,1
rf,right_lateral__A,right_lateral,A,2,219,0,0.5,0
rf,right_lateral__A,right_lateral,A,2,219,0,0.64,1
rf,right_lateral__A,right_lateral,A,2,219,0,0.8,1
rf,right_lateral__A,right_lateral,A,2,219,0,0.8295275590551181,1
rf,right_lateral__A,right_lateral,A,2,219,0,0.715,1
rf,right_lateral__A,right_lateral,A,2,219,0,0.78,1
rf,right_lateral__A,right_lateral,A,2,219,0,0.615,1
rf,right_lateral__A,right_lateral,A,2,219,0,0.135,0
rf,right_lateral__A,right_lateral,A,2,219,0,0.8545275590551181,1
rf,right_lateral__A,right_lateral,A,2,219,0,0.37,0
rf,right_lateral__A,right_lateral,A,2,219,0,0.375,0
rf,right_lateral__A,right_lateral,A,2,219,0,0.37453636407755114,0
rf,right_lateral__A,right_lateral,A,2,219,0,0.37,0
rf,right_lateral__A,right_lateral,A,2,219,0,0.3715775401069519,0
rf,right_lateral__A,right_lateral,A,2,219,1,0.65,1
rf,right_lateral__A,right_lateral,A,2,219,1,0.645,1
rf,right_lateral__A,right_lateral,A,2,219,1,0.675,1
rf,right_lateral__A,right_lateral,A,2,219,1,0.605,1
rf,right_lateral__A,right_lateral,A,2,219,1,0.655,1
rf,right_lateral__A,right_lateral,A,2,219,1,0.635,1
rf,right_lateral__A,right_lateral,A,2,219,1,0.6,1
rf,right_lateral__A,right_lateral,A,2,219,1,0.635,1
rf,right_lateral__A,right_lateral,A,2,219,1,0.65,1
rf,right_lateral__A,right_lateral,A,2,219,1,0.62,1
rf,right_lateral__A,right_lateral,A,2,219,1,0.595,1
rf,right_lateral__A,right_lateral,A,2,219,1,0.61,1
rf,right_lateral__A,right_lateral,A,2,219,1,0.7,1
rf,right_lateral__A,right_lateral,A,2,219,1,0.635,1
rf,right_lateral__A,right_lateral,A,2,219,1,0.595,1
rf,right_lateral__A,right_lateral,A,2,219,1,0.605,1
rf,right_lateral__A,right_lateral,A,3,313,0,0.5439778751958086,1
rf,right_lateral__A,right_lateral,A,3,313,0,0.7019520438793463,1
rf,right_lateral__A,right_lateral,A,3,313,0,0.5548649083306529,1
rf,right_lateral__A,right_lateral,A,3,313,0,0.58,1
rf,right_lateral__A,right_lateral,A,3,313,0,0.7425295026405376,1
rf,right_lateral__A,right_lateral,A,3,313,0,0.5971726006383452,1
rf,right_lateral__A,right_lateral,A,3,313,0,0.5482151633314019,1
rf,right_lateral__A,right_lateral,A,3,313,0,0.5425988954789278,1
rf,right_lateral__A,right_lateral,A,3,313,0,0.4689778751958086,0
rf,right_lateral__A,right_lateral,A,3,313,0,0.7237116564417179,1
rf,right_lateral__A,right_lateral,A,3,313,0,0.41907876230661045,0
rf,right_lateral__A,right_lateral,A,3,313,0,0.4440787623066105,0
rf,right_lateral__A,right_lateral,A,3,313,0,0.5974928027055714,1
rf,right_lateral__A,right_lateral,A,3,313,0,0.5484599170111595,1
rf,right_lateral__A,right_lateral,A,3,313,0,0.5898649083306529,1
rf,right_lateral__A,right_lateral,A,3,313,1,0.6744365266614034,1
rf,right_lateral__A,right_lateral,A,3,313,1,0.49231914974423885,0
rf,right_lateral__A,right_lateral,A,3,313,1,0.6626769140990318,1
rf,right_lateral__A,right_lateral,A,3,313,1,0.5826769140990318,1
rf,right_lateral__A,right_lateral,A,3,313,1,0.6576769140990318,1
rf,right_lateral__A,right_lateral,A,3,313,1,0.6095716183307505,1
rf,right_lateral__A,right_lateral,A,3,313,1,0.5571572152906265,1
rf,right_lateral__A,right_lateral,A,3,313,1,0.6531052957682814,1
rf,right_lateral__A,right_lateral,A,3,313,1,0.7031052957682813,1
rf,right_lateral__A,right_lateral,A,3,313,1,0.5018907680749893,1
rf,right_lateral__A,right_lateral,A,3,313,1,0.5313864546143028,1
rf,right_lateral__A,right_lateral,A,3,313,1,0.45595807294505325,0
rf,right_lateral__A,right_lateral,A,3,313,1,0.5172611499682769,1
rf,right_lateral__A,right_lateral,A,3,313,1,0.5732403874376284,1
rf,right_lateral__A,right_lateral,A,4,318,0,0.63,1
rf,right_lateral__A,right_lateral,A,4,318,0,0.45,0
rf,right_lateral__A,right_lateral,A,4,318,0,0.495,0
rf,right_lateral__A,right_lateral,A,4,318,0,0.515,1
rf,right_lateral__A,right_lateral,A,4,318,0,0.7057971014492753,1
rf,right_lateral__A,right_lateral,A,4,318,0,0.355,0
rf,right_lateral__A,right_lateral,A,4,318,0,0.375,0
rf,right_lateral__A,right_lateral,A,4,318,0,0.15,0
rf,right_lateral__A,right_lateral,A,4,318,0,0.5107971014492754,1
rf,right_lateral__A,right_lateral,A,4,318,0,0.3707971014492753,0
rf,right_lateral__A,right_lateral,A,4,318,0,0.33,0
rf,right_lateral__A,right_lateral,A,4,318,0,0.3592929292929293,0
rf,right_lateral__A,right_lateral,A,4,318,0,0.375,0
rf,right_lateral__A,right_lateral,A,4,318,0,0.31,0
rf,right_lateral__A,right_lateral,A,4,318,1,0.09,0
rf,right_lateral__A,right_lateral,A,4,318,1,0.63,1
rf,right_lateral__A,right_lateral,A,4,318,1,0.4341676234213548,0
rf,right_lateral__A,right_lateral,A,4,318,1,0.5991676234213548,1
rf,right_lateral__A,right_lateral,A,4,318,1,0.5693446620479642,1
rf,right_lateral__A,right_lateral,A,4,318,1,0.445,0
rf,right_lateral__A,right_lateral,A,4,318,1,0.6793446620479642,1
rf,right_lateral__A,right_lateral,A,4,318,1,0.7391676234213549,1
rf,right_lateral__A,right_lateral,A,4,318,1,0.8141676234213548,1
rf,right_lateral__A,right_lateral,A,4,318,1,0.7693446620479643,1
rf,right_lateral__A,right_lateral,A,4,318,1,0.6248434237995825,1
rf,right_lateral__A,right_lateral,A,4,318,1,0.36997414007588475,0
rf,right_lateral__A,right_lateral,A,4,318,1,0.289,0
rf,right_lateral__A,right_lateral,A,4,318,1,0.4341676234213548,0
rf,right_lateral__A,right_lateral,A,5,300,0,0.6598858220810166,1
rf,right_lateral__A,right_lateral,A,5,300,0,0.8548858220810166,1
rf,right_lateral__A,right_lateral,A,5,300,0,0.7248858220810166,1
rf,right_lateral__A,right_lateral,A,5,300,0,0.86,1
rf,right_lateral__A,right_lateral,A,5,300,0,0.675,1
rf,right_lateral__A,right_lateral,A,5,300,0,0.6498858220810166,1
rf,right_lateral__A,right_lateral,A,5,300,0,0.7,1
rf,right_lateral__A,right_lateral,A,5,300,0,0.66,1
rf,right_lateral__A,right_lateral,A,5,300,0,0.725,1
rf,right_lateral__A,right_lateral,A,5,300,0,0.575,1
rf,right_lateral__A,right_lateral,A,5,300,0,0.685,1
rf,right_lateral__A,right_lateral,A,5,300,0,0.535,1
rf,right_lateral__A,right_lateral,A,5,300,0,0.695,1
rf,right_lateral__A,right_lateral,A,5,300,0,0.69,1
rf,right_lateral__A,right_lateral,A,5,300,1,0.72,1
rf,right_lateral__A,right_lateral,A,5,300,1,0.685,1
rf,right_lateral__A,right_lateral,A,5,300,1,0.63,1
rf,right_lateral__A,right_lateral,A,5,300,1,0.665,1
rf,right_lateral__A,right_lateral,A,5,300,1,0.685,1
rf,right_lateral__A,right_lateral,A,5,300,1,0.69,1
rf,right_lateral__A,right_lateral,A,5,300,1,0.685,1
rf,right_lateral__A,right_lateral,A,5,300,1,0.7,1
rf,right_lateral__A,right_lateral,A,5,300,1,0.685,1
rf,right_lateral__A,right_lateral,A,5,300,1,0.715,1
rf,right_lateral__A,right_lateral,A,5,300,1,0.68,1
rf,right_lateral__A,right_lateral,A,5,300,1,0.77,1
rf,right_lateral__A,right_lateral,A,5,300,1,0.64,1
rf,right_lateral__A,right_lateral,A,5,300,1,0.61,1
rf,right_lateral__A,right_lateral,A,6,271,0,0.38873175880431105,0
rf,right_lateral__A,right_lateral,A,6,271,0,0.30841060734094294,0
rf,right_lateral__A,right_lateral,A,6,271,0,0.2576611543868948,0
rf,right_lateral__A,right_lateral,A,6,271,0,0.256148844890998,0
rf,right_lateral__A,right_lateral,A,6,271,0,0.4126260712503714,0
rf,right_lateral__A,right_lateral,A,6,271,0,0.4885764162394701,0
rf,right_lateral__A,right_lateral,A,6,271,0,0.24074945295404812,0
rf,right_lateral__A,right_lateral,A,6,271,0,0.145,0
rf,right_lateral__A,right_lateral,A,6,271,0,0.16752966895690194,0
rf,right_lateral__A,right_lateral,A,6,271,0,0.2291875606364471,0
rf,right_lateral__A,right_lateral,A,6,271,0,0.23752966895690192,0
rf,right_lateral__A,right_lateral,A,6,271,0,0.1601314854299929,0
rf,right_lateral__A,right_lateral,A,6,271,0,0.1651314854299929,0
rf,right_lateral__A,right_lateral,A,6,271,0,0.23601735946100508,0
rf,right_lateral__A,right_lateral,A,6,271,1,0.415,0
rf,right_lateral__A,right_lateral,A,6,271,1,0.6539629318738878,1
rf,right_lateral__A,right_lateral,A,6,271,1,0.4241353456669913,0
rf,right_lateral__A,right_lateral,A,6,271,1,0.41177625894725944,0
rf,right_lateral__A,right_lateral,A,6,271,1,0.4573396063372778,0
rf,right_lateral__A,right_lateral,A,6,271,1,0.35746849948716475,0
rf,right_lateral__A,right_lateral,A,6,271,1,0.556603845154156,1
rf,right_lateral__A,right_lateral,A,6,271,1,0.32299625894725936,0
rf,right_lateral__A,right_lateral,A,6,271,1,0.6389629318738879,1
rf,right_lateral__A,right_lateral,A,6,271,1,0.46151377214259043,0
rf,right_lateral__A,right_lateral,A,6,271,1,0.517823845154156,1
rf,right_lateral__A,right_lateral,A,6,271,1,0.416603845154156,0
rf,right_lateral__A,right_lateral,A,6,271,1,0.5873726464478605,1
rf,right_lateral__A,right_lateral,A,6,271,1,0.4694379524412129,0
rf,right_lateral__A,right_lateral,A,7,251,0,0.065,0
rf,right_lateral__A,right_lateral,A,7,251,0,0.12,0
rf,right_lateral__A,right_lateral,A,7,251,0,0.02,0
rf,right_lateral__A,right_lateral,A,7,251,0,0.015,0
rf,right_lateral__A,right_lateral,A,7,251,0,0.02,0
rf,right_lateral__A,right_lateral,A,7,251,0,0.03,0
rf,right_lateral__A,right_lateral,A,7,251,0,0.09,0
rf,right_lateral__A,right_lateral,A,7,251,0,0.035,0
rf,right_lateral__A,right_lateral,A,7,251,0,0.095,0
rf,right_lateral__A,right_lateral,A,7,251,0,0.035,0
rf,right_lateral__A,right_lateral,A,7,251,0,0.025,0
rf,right_lateral__A,right_lateral,A,7,251,0,0.045,0
rf,right_lateral__A,right_lateral,A,7,251,0,0.02,0
rf,right_lateral__A,right_lateral,A,7,251,0,0.065,0
rf,right_lateral__A,right_lateral,A,7,251,1,0.085,0
rf,right_lateral__A,right_lateral,A,7,251,1,0.07,0
rf,right_lateral__A,right_lateral,A,7,251,1,0.085,0
rf,right_lateral__A,right_lateral,A,7,251,1,0.06,0
rf,right_lateral__A,right_lateral,A,7,251,1,0.115,0
rf,right_lateral__A,right_lateral,A,7,251,1,0.11248995983935743,0
rf,right_lateral__A,right_lateral,A,7,251,1,0.05,0
rf,right_lateral__A,right_lateral,A,7,251,1,0.09,0
rf,right_lateral__A,right_lateral,A,7,251,1,0.24,0
rf,right_lateral__A,right_lateral,A,7,251,1,0.065,0
rf,right_lateral__A,right_lateral,A,7,251,1,0.105,0
rf,right_lateral__A,right_lateral,A,7,251,1,0.13,0
rf,right_lateral__A,right_lateral,A,7,251,1,0.245,0
rf,right_lateral__A,right_lateral,A,8,282,0,0.1,0
rf,right_lateral__A,right_lateral,A,8,282,0,0.19,0
rf,right_lateral__A,right_lateral,A,8,282,0,0.195,0
rf,right_lateral__A,right_lateral,A,8,282,0,0.205,0
rf,right_lateral__A,right_lateral,A,8,282,0,0.135,0
rf,right_lateral__A,right_lateral,A,8,282,0,0.19,0
rf,right_lateral__A,right_lateral,A,8,282,0,0.23,0
rf,right_lateral__A,right_lateral,A,8,282,0,0.305,0
rf,right_lateral__A,right_lateral,A,8,282,0,0.295,0
rf,right_lateral__A,right_lateral,A,8,282,0,0.225,0
rf,right_lateral__A,right_lateral,A,8,282,0,0.2801922971491228,0
rf,right_lateral__A,right_lateral,A,8,282,0,0.22459510357815443,0
rf,right_lateral__A,right_lateral,A,8,282,0,0.155,0
rf,right_lateral__A,right_lateral,A,8,282,0,0.2505438596491228,0
rf,right_lateral__A,right_lateral,A,8,282,1,0.5060301155147302,1
rf,right_lateral__A,right_lateral,A,8,282,1,0.7752853641602411,1
rf,right_lateral__A,right_lateral,A,8,282,1,0.4921156418305197,0
rf,right_lateral__A,right_lateral,A,8,282,1,0.48346561191920523,0
rf,right_lateral__A,right_lateral,A,8,282,1,0.7784656119192053,1
rf,right_lateral__A,right_lateral,A,8,282,1,0.579542142600237,1
rf,right_lateral__A,right_lateral,A,8,282,1,0.3109132936655294,0
rf,right_lateral__A,right_lateral,A,8,282,1,0.5041202508230419,1
rf,right_lateral__A,right_lateral,A,8,282,1,0.6255065695872605,1
rf,right_lateral__A,right_lateral,A,8,282,1,0.823909239186491,1
rf,right_lateral__A,right_lateral,A,8,282,1,0.475,0
rf,right_lateral__A,right_lateral,A,9,210,0,0.555,1
rf,right_lateral__A,right_lateral,A,9,210,0,0.155,0
rf,right_lateral__A,right_lateral,A,9,210,0,0.37516110603290675,0
rf,right_lateral__A,right_lateral,A,9,210,0,0.519803264266063,1
rf,right_lateral__A,right_lateral,A,9,210,0,0.14629694240788327,0
rf,right_lateral__A,right_lateral,A,9,210,0,0.5996421582331563,1
rf,right_lateral__A,right_lateral,A,9,210,0,0.265,0
rf,right_lateral__A,right_lateral,A,9,210,0,0.5500969953700368,1
rf,right_lateral__A,right_lateral,A,9,210,0,0.47876472977236467,0
rf,right_lateral__A,right_lateral,A,9,210,0,0.35,0
rf,right_lateral__A,right_lateral,A,9,210,0,0.345,0
rf,right_lateral__A,right_lateral,A,9,210,0,0.15,0
rf,right_lateral__A,right_lateral,A,9,210,0,0.21016110603290677,0
rf,right_lateral__A,right_lateral,A,9,210,0,0.47964215823315626,0
rf,right_lateral__A,right_lateral,A,9,210,1,0.8099009138556673,1
rf,right_lateral__A,right_lateral,A,9,210,1,0.8234361625317632,1
rf,right_lateral__A,right_lateral,A,9,210,1,0.8918080764376854,1
rf,right_lateral__A,right_lateral,A,9,210,1,0.7761285711827722,1
rf,right_lateral__A,right_lateral,A,9,210,1,0.7472460928754928,1
rf,right_lateral__A,right_lateral,A,9,210,1,0.6963670503466691,1
rf,right_lateral__A,right_lateral,A,9,210,1,0.8058206398721094,1
rf,right_lateral__A,right_lateral,A,9,210,1,0.7636776381864787,1
rf,right_lateral__A,right_lateral,A,9,210,1,0.7225999824967384,1
rf,right_lateral__A,right_lateral,A,9,210,1,0.734933009278519,1
rf,right_lateral__A,right_lateral,A,9,210,1,0.8126912693677255,1
rf,right_lateral__A,right_lateral,A,10,265,0,0.37,0
rf,right_lateral__A,right_lateral,A,10,265,0,0.33901462241658037,0
rf,right_lateral__A,right_lateral,A,10,265,0,0.455,0
rf,right_lateral__A,right_lateral,A,10,265,0,0.4876611686409874,0
rf,right_lateral__A,right_lateral,A,10,265,0,0.5949273144605968,1
rf,right_lateral__A,right_lateral,A,10,265,0,0.7594882968510143,1
rf,right_lateral__A,right_lateral,A,10,265,0,0.245,0
rf,right_lateral__A,right_lateral,A,10,265,0,0.4194882968510143,0
rf,right_lateral__A,right_lateral,A,10,265,0,0.3743093703108654,0
rf,right_lateral__A,right_lateral,A,10,265,0,0.3487988069305837,0
rf,right_lateral__A,right_lateral,A,10,265,0,0.4297841845140033,0
rf,right_lateral__A,right_lateral,A,10,265,0,0.31,0
rf,right_lateral__A,right_lateral,A,10,265,0,0.365,0
rf,right_lateral__A,right_lateral,A,10,265,1,0.295,0
rf,right_lateral__A,right_lateral,A,10,265,1,0.27,0
rf,right_lateral__A,right_lateral,A,10,265,1,0.8991208634173262,1
rf,right_lateral__A,right_lateral,A,10,265,1,0.7643103786601264,1
rf,right_lateral__A,right_lateral,A,10,265,1,0.3228769841269841,0
rf,right_lateral__A,right_lateral,A,10,265,1,0.295,0
rf,right_lateral__A,right_lateral,A,10,265,1,0.35430937031086546,0
rf,right_lateral__A,right_lateral,A,10,265,1,0.6024832504500995,1
rf,right_lateral__A,right_lateral,A,10,265,1,0.592718253968254,1
rf,right_lateral__A,right_lateral,A,10,265,1,0.6093103786601264,1
rf,right_lateral__A,right_lateral,A,10,265,1,0.335,0
rf,right_lateral__B,right_lateral,B,1,249,0,0.6725238141054128,1
rf,right_lateral__B,right_lateral,B,1,249,0,0.46946608162976916,0
rf,right_lateral__B,right_lateral,B,1,249,0,0.5440561877199805,1
rf,right_lateral__B,right_lateral,B,1,249,0,0.3486077247556863,0
rf,right_lateral__B,right_lateral,B,1,249,0,0.441115104946055,0
rf,right_lateral__B,right_lateral,B,1,249,0,0.46664607458147633,0
rf,right_lateral__B,right_lateral,B,1,249,0,0.5572405618841626,1
rf,right_lateral__B,right_lateral,B,1,249,0,0.583020396877198,1
rf,right_lateral__B,right_lateral,B,1,249,0,0.45672490064748467,0
rf,right_lateral__B,right_lateral,B,1,249,0,0.3906617651652728,0
rf,right_lateral__B,right_lateral,B,1,249,0,0.5348085886799828,1
rf,right_lateral__B,right_lateral,B,1,249,0,0.46117988401191623,0
rf,right_lateral__B,right_lateral,B,1,249,0,0.4055985713709104,0
rf,right_lateral__B,right_lateral,B,1,249,0,0.47300790907534973,0
rf,right_lateral__B,right_lateral,B,1,249,0,0.41717727843870195,0
rf,right_lateral__B,right_lateral,B,1,249,1,0.3844978305511213,0
rf,right_lateral__B,right_lateral,B,1,249,1,0.5447588479184661,1
rf,right_lateral__B,right_lateral,B,1,249,1,0.4539799591597685,0
rf,right_lateral__B,right_lateral,B,1,249,1,0.3615564187083466,0
rf,right_lateral__B,right_lateral,B,1,249,1,0.6936932073086602,1
rf,right_lateral__B,right_lateral,B,1,249,1,0.4444241401795091,0
rf,right_lateral__B,right_lateral,B,1,249,1,0.6611531723213702,1
rf,right_lateral__B,right_lateral,B,1,249,1,0.32929747219733035,0
rf,right_lateral__B,right_lateral,B,1,249,1,0.3266138423512178,0
rf,right_lateral__B,right_lateral,B,1,249,1,0.412273582013048,0
rf,right_lateral__B,right_lateral,B,1,249,1,0.4666248069614985,0
rf,right_lateral__B,right_lateral,B,1,249,1,0.4923342246808445,0
rf,right_lateral__B,right_lateral,B,1,249,1,0.4054085538318369,0
rf,right_lateral__B,right_lateral,B,1,249,1,0.3050707145702074,0
rf,right_lateral__B,right_lateral,B,1,249,1,0.3605285735471221,0
rf,right_lateral__B,right_lateral,B,1,249,1,0.5023737283754358,1
rf,right_lateral__B,right_lateral,B,1,249,1,0.48421309829014475,0
rf,right_lateral__B,right_lateral,B,2,219,0,0.7541497975708502,1
rf,right_lateral__B,right_lateral,B,2,219,0,0.6971930726924004,1
rf,right_lateral__B,right_lateral,B,2,219,0,0.7365743720970934,1
rf,right_lateral__B,right_lateral,B,2,219,0,0.31514289466348816,0
rf,right_lateral__B,right_lateral,B,2,219,0,0.5436797134843276,1
rf,right_lateral__B,right_lateral,B,2,219,0,0.48431949114313755,0
rf,right_lateral__B,right_lateral,B,2,219,0,0.26016681202169417,0
rf,right_lateral__B,right_lateral,B,2,219,0,0.4827191653538314,0
rf,right_lateral__B,right_lateral,B,2,219,0,0.3474368736488556,0
rf,right_lateral__B,right_lateral,B,2,219,0,0.33925612770239566,0
rf,right_lateral__B,right_lateral,B,2,219,0,0.4377621398679913,0
rf,right_lateral__B,right_lateral,B,2,219,0,0.5699601840112123,1
rf,right_lateral__B,right_lateral,B,2,219,0,0.6163190323831997,1
rf,right_lateral__B,right_lateral,B,2,219,0,0.4120880758618805,0
rf,right_lateral__B,right_lateral,B,2,219,1,0.4502675670399231,0
rf,right_lateral__B,right_lateral,B,2,219,1,0.5533747447286467,1
rf,right_lateral__B,right_lateral,B,2,219,1,0.5647924377405379,1
rf,right_lateral__B,right_lateral,B,2,219,1,0.3850586351594449,0
rf,right_lateral__B,right_lateral,B,2,219,1,0.4544799893512195,0
rf,right_lateral__B,right_lateral,B,2,219,1,0.3675097564514752,0
rf,right_lateral__B,right_lateral,B,2,219,1,0.26085575734271954,0
rf,right_lateral__B,right_lateral,B,2,219,1,0.5054955015489607,1
rf,right_lateral__B,right_lateral,B,2,219,1,0.5019628784095851,1
rf,right_lateral__B,right_lateral,B,2,219,1,0.4279541028081247,0
rf,right_lateral__B,right_lateral,B,2,219,1,0.3836125136441881,0
rf,right_lateral__B,right_lateral,B,2,219,1,0.421152043862756,0
rf,right_lateral__B,right_lateral,B,2,219,1,0.31576384551191544,0
rf,right_lateral__B,right_lateral,B,2,219,1,0.41380087546641353,0
rf,right_lateral__B,right_lateral,B,2,219,1,0.43788621246539045,0
rf,right_lateral__B,right_lateral,B,2,219,1,0.40958132926857344,0
rf,right_lateral__B,right_lateral,B,3,313,0,0.4438148829682314,0
rf,right_lateral__B,right_lateral,B,3,313,0,0.5362618293442588,1
rf,right_lateral__B,right_lateral,B,3,313,0,0.45877581850180305,0
rf,right_lateral__B,right_lateral,B,3,313,0,0.38432883844747096,0
rf,right_lateral__B,right_lateral,B,3,313,0,0.42018730785618347,0
rf,right_lateral__B,right_lateral,B,3,313,0,0.5511909759862578,1
rf,right_lateral__B,right_lateral,B,3,313,0,0.7971003233879833,1
rf,right_lateral__B,right_lateral,B,3,313,0,0.4891564989052466,0
rf,right_lateral__B,right_lateral,B,3,313,0,0.542988647041765,1
rf,right_lateral__B,right_lateral,B,3,313,0,0.358968115672834,0
rf,right_lateral__B,right_lateral,B,3,313,0,0.47988349378152967,0
rf,right_lateral__B,right_lateral,B,3,313,0,0.44649177398908385,0
rf,right_lateral__B,right_lateral,B,3,313,0,0.42512457154320954,0
rf,right_lateral__B,right_lateral,B,3,313,0,0.4480653786989602,0
rf,right_lateral__B,right_lateral,B,3,313,0,0.39534039139496696,0
rf,right_lateral__B,right_lateral,B,3,313,1,0.4224809410773828,0
rf,right_lateral__B,right_lateral,B,3,313,1,0.39100563311474723,0
rf,right_lateral__B,right_lateral,B,3,313,1,0.4761800458806777,0
rf,right_lateral__B,right_lateral,B,3,313,1,0.44038823639207403,0
rf,right_lateral__B,right_lateral,B,3,313,1,0.4456690071732909,0
rf,right_lateral__B,right_lateral,B,3,313,1,0.5564218520140894,1
rf,right_lateral__B,right_lateral,B,3,313,1,0.48597044948485396,0
rf,right_lateral__B,right_lateral,B,3,313,1,0.5524277055889633,1
rf,right_lateral__B,right_lateral,B,3,313,1,0.4563311765331007,0
rf,right_lateral__B,right_lateral,B,3,313,1,0.3811307543746769,0
rf,right_lateral__B,right_lateral,B,3,313,1,0.5925257293349807,1
rf,right_lateral__B,right_lateral,B,3,313,1,0.4255897915137687,0
rf,right_lateral__B,right_lateral,B,3,313,1,0.5042584450292485,1
rf,right_lateral__B,right_lateral,B,3,313,1,0.37793857972480355,0
rf,right_lateral__B,right_lateral,B,4,318,0,0.6593970825626911,1
rf,right_lateral__B,right_lateral,B,4,318,0,0.561401962315648,1
rf,right_lateral__B,right_lateral,B,4,318,0,0.3925533903298309,0
rf,right_lateral__B,right_lateral,B,4,318,0,0.5165938078842722,1
rf,right_lateral__B,right_lateral,B,4,318,0,0.43505138236550744,0
rf,right_lateral__B,right_lateral,B,4,318,0,0.5202696458073308,1
rf,right_lateral__B,right_lateral,B,4,318,0,0.5048160001159732,1
rf,right_lateral__B,right_lateral,B,4,318,0,0.29934177536483675,0
rf,right_lateral__B,right_lateral,B,4,318,0,0.42827883900464747,0
rf,right_lateral__B,right_lateral,B,4,318,0,0.5533070269776407,1
rf,right_lateral__B,right_lateral,B,4,318,0,0.3931733389769814,0
rf,right_lateral__B,right_lateral,B,4,318,0,0.49218962493724,0
rf,right_lateral__B,right_lateral,B,4,318,0,0.451438866106412,0
rf,right_lateral__B,right_lateral,B,4,318,0,0.5885168128584869,1
rf,right_lateral__B,right_lateral,B,4,318,1,0.46165031220246866,0
rf,right_lateral__B,right_lateral,B,4,318,1,0.2893908902646139,0
rf,right_lateral__B,right_lateral,B,4,318,1,0.43546300439503,0
rf,right_lateral__B,right_lateral,B,4,318,1,0.3262973661250561,0
rf,right_lateral__B,right_lateral,B,4,318,1,0.4198805641894948,0
rf,right_lateral__B,right_lateral,B,4,318,1,0.49284312496333343,0
rf,right_lateral__B,right_lateral,B,4,318,1,0.3751846832103604,0
rf,right_lateral__B,right_lateral,B,4,318,1,0.5523975636494977,1
rf,right_lateral__B,right_lateral,B,4,318,1,0.5501939457167704,1
rf,right_lateral__B,right_lateral,B,4,318,1,0.5410899288736192,1
rf,right_lateral__B,right_lateral,B,4,318,1,0.32004791517508235,0
rf,right_lateral__B,right_lateral,B,4,318,1,0.5471607279695363,1
rf,right_lateral__B,right_lateral,B,4,318,1,0.31651358715661937,0
rf,right_lateral__B,right_lateral,B,4,318,1,0.5286159577331181,1
rf,right_lateral__B,right_lateral,B,5,300,0,0.5879954682668547,1
rf,right_lateral__B,right_lateral,B,5,300,0,0.4590030218747812,0
rf,right_lateral__B,right_lateral,B,5,300,0,0.4458725789701388,0
rf,right_lateral__B,right_lateral,B,5,300,0,0.44858162188599104,0
rf,right_lateral__B,right_lateral,B,5,300,0,0.4981916296777444,0
rf,right_lateral__B,right_lateral,B,5,300,0,0.39189554751658795,0
rf,right_lateral__B,right_lateral,B,5,300,0,0.4338471604572347,0
rf,right_lateral__B,right_lateral,B,5,300,0,0.4057090851429919,0
rf,right_lateral__B,right_lateral,B,5,300,0,0.5057836421713867,1
rf,right_lateral__B,right_lateral,B,5,300,0,0.38274642189863906,0
rf,right_lateral__B,right_lateral,B,5,300,0,0.564600608534231,1
rf,right_lateral__B,right_lateral,B,5,300,0,0.4560202380586341,0
rf,right_lateral__B,right_lateral,B,5,300,0,0.4084696502145831,0
rf,right_lateral__B,right_lateral,B,5,300,0,0.6327891006241694,1
rf,right_lateral__B,right_lateral,B,5,300,1,0.38755789400238944,0
rf,right_lateral__B,right_lateral,B,5,300,1,0.486859108619722,0
rf,right_lateral__B,right_lateral,B,5,300,1,0.4050138892425032,0
rf,right_lateral__B,right_lateral,B,5,300,1,0.5058236002613594,1
rf,right_lateral__B,right_lateral,B,5,300,1,0.36452784297728974,0
rf,right_lateral__B,right_lateral,B,5,300,1,0.3947544192049691,0
rf,right_lateral__B,right_lateral,B,5,300,1,0.3807718595529001,0
rf,right_lateral__B,right_lateral,B,5,300,1,0.33393642206568375,0
rf,right_lateral__B,right_lateral,B,5,300,1,0.44850610993263196,0
rf,right_lateral__B,right_lateral,B,5,300,1,0.33799756438631673,0
rf,right_lateral__B,right_lateral,B,5,300,1,0.3265955802244917,0
rf,right_lateral__B,right_lateral,B,5,300,1,0.4121901731559424,0
rf,right_lateral__B,right_lateral,B,5,300,1,0.5376825971998749,1
rf,right_lateral__B,right_lateral,B,5,300,1,0.4437216830615395,0
rf,right_lateral__B,right_lateral,B,6,271,0,0.5128843445883187,1
rf,right_lateral__B,right_lateral,B,6,271,0,0.46764260685301323,0
rf,right_lateral__B,right_lateral,B,6,271,0,0.2891584214220033,0
rf,right_lateral__B,right_lateral,B,6,271,0,0.3917564216847211,0
rf,right_lateral__B,right_lateral,B,6,271,0,0.4658429918570471,0
rf,right_lateral__B,right_lateral,B,6,271,0,0.517448530875862,1
rf,right_lateral__B,right_lateral,B,6,271,0,0.46840794486292336,0
rf,right_lateral__B,right_lateral,B,6,271,0,0.5049842041112168,1
rf,right_lateral__B,right_lateral,B,6,271,0,0.525607691706934,1
rf,right_lateral__B,right_lateral,B,6,271,0,0.47916275476946163,0
rf,right_lateral__B,right_lateral,B,6,271,0,0.575949146100141,1
rf,right_lateral__B,right_lateral,B,6,271,0,0.5638012757905206,1
rf,right_lateral__B,right_lateral,B,6,271,0,0.4556397595939255,0
rf,right_lateral__B,right_lateral,B,6,271,0,0.4821671840117191,0
rf,right_lateral__B,right_lateral,B,6,271,1,0.2901245433324526,0
rf,right_lateral__B,right_lateral,B,6,271,1,0.4247867883328862,0
rf,right_lateral__B,right_lateral,B,6,271,1,0.47279372509924494,0
rf,right_lateral__B,right_lateral,B,6,271,1,0.44043952703685313,0
rf,right_lateral__B,right_lateral,B,6,271,1,0.46264057549146265,0
rf,right_lateral__B,right_lateral,B,6,271,1,0.4015631881481985,0
rf,right_lateral__B,right_lateral,B,6,271,1,0.5613444502604836,1
rf,right_lateral__B,right_lateral,B,6,271,1,0.2990776235463732,0
rf,right_lateral__B,right_lateral,B,6,271,1,0.437328070228511,0
rf,right_lateral__B,right_lateral,B,6,271,1,0.41661877021279287,0
rf,right_lateral__B,right_lateral,B,6,271,1,0.3751645980721635,0
rf,right_lateral__B,right_lateral,B,6,271,1,0.4522713562116201,0
rf,right_lateral__B,right_lateral,B,6,271,1,0.34309596736395614,0
rf,right_lateral__B,right_lateral,B,6,271,1,0.3131085867300648,0
rf,right_lateral__B,right_lateral,B,7,251,0,0.5952167456912479,1
rf,right_lateral__B,right_lateral,B,7,251,0,0.6660262303932288,1
rf,right_lateral__B,right_lateral,B,7,251,0,0.6296206801839813,1
rf,right_lateral__B,right_lateral,B,7,251,0,0.6130551300087936,1
rf,right_lateral__B,right_lateral,B,7,251,0,0.6751977949490738,1
rf,right_lateral__B,right_lateral,B,7,251,0,0.5481071552822376,1
rf,right_lateral__B,right_lateral,B,7,251,0,0.5968109598925301,1
rf,right_lateral__B,right_lateral,B,7,251,0,0.5327361780503499,1
rf,right_lateral__B,right_lateral,B,7,251,0,0.4405601094959043,0
rf,right_lateral__B,right_lateral,B,7,251,0,0.5119242991601367,1
rf,right_lateral__B,right_lateral,B,7,251,0,0.6227284369146789,1
rf,right_lateral__B,right_lateral,B,7,251,0,0.6803920667120953,1
rf,right_lateral__B,right_lateral,B,7,251,0,0.5614468633380622,1
rf,right_lateral__B,right_lateral,B,7,251,0,0.6085393442188027,1
rf,right_lateral__B,right_lateral,B,7,251,1,0.5170172057721794,1
rf,right_lateral__B,right_lateral,B,7,251,1,0.5486767286261787,1
rf,right_lateral__B,right_lateral,B,7,251,1,0.6064820493506292,1
rf,right_lateral__B,right_lateral,B,7,251,1,0.5994370017328442,1
rf,right_lateral__B,right_lateral,B,7,251,1,0.6422204210772997,1
rf,right_lateral__B,right_lateral,B,7,251,1,0.5653296780688,1
rf,right_lateral__B,right_lateral,B,7,251,1,0.5254393506071324,1
rf,right_lateral__B,right_lateral,B,7,251,1,0.539498910821974,1
rf,right_lateral__B,right_lateral,B,7,251,1,0.49180076313620835,0
rf,right_lateral__B,right_lateral,B,7,251,1,0.5632263589131228,1
rf,right_lateral__B,right_lateral,B,7,251,1,0.5608797911774018,1
rf,right_lateral__B,right_lateral,B,7,251,1,0.48049605971825554,0
rf,right_lateral__B,right_lateral,B,7,251,1,0.5214387199708161,1
rf,right_lateral__B,right_lateral,B,8,282,0,0.494941072402299,0
rf,right_lateral__B,right_lateral,B,8,282,0,0.6391730888540667,1
rf,right_lateral__B,right_lateral,B,8,282,0,0.5131982062173375,1
rf,right_lateral__B,right_lateral,B,8,282,0,0.4322399590991984,0
rf,right_lateral__B,right_lateral,B,8,282,0,0.5595616804480242,1
rf,right_lateral__B,right_lateral,B,8,282,0,0.5915510638285327,1
rf,right_lateral__B,right_lateral,B,8,282,0,0.5509449567098208,1
rf,right_lateral__B,right_lateral,B,8,282,0,0.6155906314536445,1
rf,right_lateral__B,right_lateral,B,8,282,0,0.512202103743597,1
rf,right_lateral__B,right_lateral,B,8,282,0,0.6276269586786264,1
rf,right_lateral__B,right_lateral,B,8,282,0,0.5089087205849728,1
rf,right_lateral__B,right_lateral,B,8,282,0,0.4975443474122636,0
rf,right_lateral__B,right_lateral,B,8,282,0,0.5994370201871837,1
rf,right_lateral__B,right_lateral,B,8,282,0,0.458523963513674,0
rf,right_lateral__B,right_lateral,B,8,282,1,0.3949650394923562,0
rf,right_lateral__B,right_lateral,B,8,282,1,0.5147976764691946,1
rf,right_lateral__B,right_lateral,B,8,282,1,0.5723581760086563,1
rf,right_lateral__B,right_lateral,B,8,282,1,0.4780744129769758,0
rf,right_lateral__B,right_lateral,B,8,282,1,0.5336576529989574,1
rf,right_lateral__B,right_lateral,B,8,282,1,0.4857961031113574,0
rf,right_lateral__B,right_lateral,B,8,282,1,0.43075959118070395,0
rf,right_lateral__B,right_lateral,B,8,282,1,0.4502548957839899,0
rf,right_lateral__B,right_lateral,B,8,282,1,0.49390566147198856,0
rf,right_lateral__B,right_lateral,B,8,282,1,0.6689862990108822,1
rf,right_lateral__B,right_lateral,B,8,282,1,0.5410105557271518,1
rf,right_lateral__B,right_lateral,B,9,210,0,0.44200188710476884,0
rf,right_lateral__B,right_lateral,B,9,210,0,0.4918604587706771,0
rf,right_lateral__B,right_lateral,B,9,210,0,0.5339792695764409,1
rf,right_lateral__B,right_lateral,B,9,210,0,0.536370895413905,1
rf,right_lateral__B,right_lateral,B,9,210,0,0.553309460140648,1
rf,right_lateral__B,right_lateral,B,9,210,0,0.46041425619523424,0
rf,right_lateral__B,right_lateral,B,9,210,0,0.43017475104044406,0
rf,right_lateral__B,right_lateral,B,9,210,0,0.6077135418680298,1
rf,right_lateral__B,right_lateral,B,9,210,0,0.5262834546887188,1
rf,right_lateral__B,right_lateral,B,9,210,0,0.3498002424817143,0
rf,right_lateral__B,right_lateral,B,9,210,0,0.48305517006456855,0
rf,right_lateral__B,right_lateral,B,9,210,0,0.568015272169745,1
rf,right_lateral__B,right_lateral,B,9,210,0,0.4285654295923441,0
rf,right_lateral__B,right_lateral,B,9,210,0,0.5427834391432806,1
rf,right_lateral__B,right_lateral,B,9,210,1,0.5285561487193184,1
rf,right_lateral__B,right_lateral,B,9,210,1,0.4271154296417701,0
rf,right_lateral__B,right_lateral,B,9,210,1,0.5297575077772583,1
rf,right_lateral__B,right_lateral,B,9,210,1,0.37542139824498755,0
rf,right_lateral__B,right_lateral,B,9,210,1,0.49990629874976145,0
rf,right_lateral__B,right_lateral,B,9,210,1,0.4511374693717736,0
rf,right_lateral__B,right_lateral,B,9,210,1,0.40293022166996695,0
rf,right_lateral__B,right_lateral,B,9,210,1,0.456246445578992,0
rf,right_lateral__B,right_lateral,B,9,210,1,0.5181526213917927,1
rf,right_lateral__B,right_lateral,B,9,210,1,0.5997737018219785,1
rf,right_lateral__B,right_lateral,B,9,210,1,0.38897926765184737,0
rf,right_lateral__B,right_lateral,B,10,265,0,0.7319944771327235,1
rf,right_lateral__B,right_lateral,B,10,265,0,0.7502792402061131,1
rf,right_lateral__B,right_lateral,B,10,265,0,0.5516083314260741,1
rf,right_lateral__B,right_lateral,B,10,265,0,0.4302114854977848,0
rf,right_lateral__B,right_lateral,B,10,265,0,0.5272819850141125,1
rf,right_lateral__B,right_lateral,B,10,265,0,0.49157203686309553,0
rf,right_lateral__B,right_lateral,B,10,265,0,0.5379333482226761,1
rf,right_lateral__B,right_lateral,B,10,265,0,0.5092552682409993,1
rf,right_lateral__B,right_lateral,B,10,265,0,0.7784373783689107,1
rf,right_lateral__B,right_lateral,B,10,265,0,0.5570800996984431,1
rf,right_lateral__B,right_lateral,B,10,265,0,0.5557005665454183,1
rf,right_lateral__B,right_lateral,B,10,265,0,0.5117690323069498,1
rf,right_lateral__B,right_lateral,B,10,265,0,0.36365163881612267,0
rf,right_lateral__B,right_lateral,B,10,265,1,0.4776992745276156,0
rf,right_lateral__B,right_lateral,B,10,265,1,0.4544500840711663,0
rf,right_lateral__B,right_lateral,B,10,265,1,0.48461764646964517,0
rf,right_lateral__B,right_lateral,B,10,265,1,0.4484055193751086,0
rf,right_lateral__B,right_lateral,B,10,265,1,0.664039706318066,1
rf,right_lateral__B,right_lateral,B,10,265,1,0.4871762283181792,0
rf,right_lateral__B,right_lateral,B,10,265,1,0.42329485734336364,0
rf,right_lateral__B,right_lateral,B,10,265,1,0.4886048855390604,0
rf,right_lateral__B,right_lateral,B,10,265,1,0.3972554517130955,0
rf,right_lateral__B,right_lateral,B,10,265,1,0.4269786317410731,0
rf,right_lateral__B,right_lateral,B,10,265,1,0.5508523186016185,1
rf,right_lateral__C,right_lateral,C,1,249,0,0.37,0
rf,right_lateral__C,right_lateral,C,1,249,0,0.5121149688736785,1
rf,right_lateral__C,right_lateral,C,1,249,0,0.3962529158178026,0
rf,right_lateral__C,right_lateral,C,1,249,0,0.2942468024701427,0
rf,right_lateral__C,right_lateral,C,1,249,0,0.155,0
rf,right_lateral__C,right_lateral,C,1,249,0,0.3115437950076798,0
rf,right_lateral__C,right_lateral,C,1,249,0,0.3147883688919477,0
rf,right_lateral__C,right_lateral,C,1,249,0,0.3418156424581006,0
rf,right_lateral__C,right_lateral,C,1,249,0,0.32765432965267577,0
rf,right_lateral__C,right_lateral,C,1,249,0,0.2347883688919477,0
rf,right_lateral__C,right_lateral,C,1,249,0,0.27,0
rf,right_lateral__C,right_lateral,C,1,249,0,0.4533333424369212,0
rf,right_lateral__C,right_lateral,C,1,249,0,0.42854483192422504,0
rf,right_lateral__C,right_lateral,C,1,249,0,0.4728713526454697,0
rf,right_lateral__C,right_lateral,C,1,249,0,0.2543061297220242,0
rf,right_lateral__C,right_lateral,C,1,249,1,0.6800379842822446,1
rf,right_lateral__C,right_lateral,C,1,249,1,0.6996840341443453,1
rf,right_lateral__C,right_lateral,C,1,249,1,0.7078029722841024,1
rf,right_lateral__C,right_lateral,C,1,249,1,0.7616867921397074,1
rf,right_lateral__C,right_lateral,C,1,249,1,0.6744949780473553,1
rf,right_lateral__C,right_lateral,C,1,249,1,0.532207090614822,1
rf,right_lateral__C,right_lateral,C,1,249,1,0.6666239399437618,1
rf,right_lateral__C,right_lateral,C,1,249,1,0.6093868172844802,1
rf,right_lateral__C,right_lateral,C,1,249,1,0.6628157345116749,1
rf,right_lateral__C,right_lateral,C,1,249,1,0.6042893442217775,1
rf,right_lateral__C,right_lateral,C,1,249,1,0.5490360779119873,1
rf,right_lateral__C,right_lateral,C,1,249,1,0.5887041695139179,1
rf,right_lateral__C,right_lateral,C,1,249,1,0.5591825136416262,1
rf,right_lateral__C,right_lateral,C,1,249,1,0.5615248174650208,1
rf,right_lateral__C,right_lateral,C,1,249,1,0.6239658360911434,1
rf,right_lateral__C,right_lateral,C,1,249,1,0.6474602778425544,1
rf,right_lateral__C,right_lateral,C,1,249,1,0.7641701631975812,1
rf,right_lateral__C,right_lateral,C,2,219,0,0.53,1
rf,right_lateral__C,right_lateral,C,2,219,0,0.6494955019948424,1
rf,right_lateral__C,right_lateral,C,2,219,0,0.7003127369151492,1
rf,right_lateral__C,right_lateral,C,2,219,0,0.7690057448686312,1
rf,right_lateral__C,right_lateral,C,2,219,0,0.6856391168372938,1
rf,right_lateral__C,right_lateral,C,2,219,0,0.7589616769067534,1
rf,right_lateral__C,right_lateral,C,2,219,0,0.5497024990879598,1
rf,right_lateral__C,right_lateral,C,2,219,0,0.2800221866140762,0
rf,right_lateral__C,right_lateral,C,2,219,0,0.7142865278485208,1
rf,right_lateral__C,right_lateral,C,2,219,0,0.3814397905759162,0
rf,right_lateral__C,right_lateral,C,2,219,0,0.3297762849747319,0
rf,right_lateral__C,right_lateral,C,2,219,0,0.4101270665124656,0
rf,right_lateral__C,right_lateral,C,2,219,0,0.3947762849747319,0
rf,right_lateral__C,right_lateral,C,2,219,0,0.3597762849747319,0
rf,right_lateral__C,right_lateral,C,2,219,1,0.6637148016206487,1
rf,right_lateral__C,right_lateral,C,2,219,1,0.639532518575807,1
rf,right_lateral__C,right_lateral,C,2,219,1,0.6239233289211611,1
rf,right_lateral__C,right_lateral,C,2,219,1,0.5543861790191171,1
rf,right_lateral__C,right_lateral,C,2,219,1,0.6596098940443852,1
rf,right_lateral__C,right_lateral,C,2,219,1,0.6542703453817584,1
rf,right_lateral__C,right_lateral,C,2,219,1,0.6543340714152285,1
rf,right_lateral__C,right_lateral,C,2,219,1,0.6443861790191171,1
rf,right_lateral__C,right_lateral,C,2,219,1,0.6743861790191171,1
rf,right_lateral__C,right_lateral,C,2,219,1,0.6739791098314528,1
rf,right_lateral__C,right_lateral,C,2,219,1,0.6692854713435591,1
rf,right_lateral__C,right_lateral,C,2,219,1,0.614024036596719,1
rf,right_lateral__C,right_lateral,C,2,219,1,0.7986919143063002,1
rf,right_lateral__C,right_lateral,C,2,219,1,0.5758760677136637,1
rf,right_lateral__C,right_lateral,C,2,219,1,0.6282519515226926,1
rf,right_lateral__C,right_lateral,C,2,219,1,0.6438610253341227,1
rf,right_lateral__C,right_lateral,C,3,313,0,0.5482643736532237,1
rf,right_lateral__C,right_lateral,C,3,313,0,0.713537432298443,1
rf,right_lateral__C,right_lateral,C,3,313,0,0.6499612465261722,1
rf,right_lateral__C,right_lateral,C,3,313,0,0.5792836867144053,1
rf,right_lateral__C,right_lateral,C,3,313,0,0.6583445018398748,1
rf,right_lateral__C,right_lateral,C,3,313,0,0.6949963949008823,1
rf,right_lateral__C,right_lateral,C,3,313,0,0.6463708585754137,1
rf,right_lateral__C,right_lateral,C,3,313,0,0.43653886413533427,0
rf,right_lateral__C,right_lateral,C,3,313,0,0.5948826071083687,1
rf,right_lateral__C,right_lateral,C,3,313,0,0.6934846113657183,1
rf,right_lateral__C,right_lateral,C,3,313,0,0.504648980848321,1
rf,right_lateral__C,right_lateral,C,3,313,0,0.5537126904328933,1
rf,right_lateral__C,right_lateral,C,3,313,0,0.688609382137439,1
rf,right_lateral__C,right_lateral,C,3,313,0,0.5691244313461576,1
rf,right_lateral__C,right_lateral,C,3,313,0,0.7146186951209254,1
rf,right_lateral__C,right_lateral,C,3,313,1,0.6593104489085404,1
rf,right_lateral__C,right_lateral,C,3,313,1,0.5798451339069344,1
rf,right_lateral__C,right_lateral,C,3,313,1,0.725666921912455,1
rf,right_lateral__C,right_lateral,C,3,313,1,0.6199592679644814,1
rf,right_lateral__C,right_lateral,C,3,313,1,0.7404444405856124,1
rf,right_lateral__C,right_lateral,C,3,313,1,0.694774031563845,1
rf,right_lateral__C,right_lateral,C,3,313,1,0.715187766416231,1
rf,right_lateral__C,right_lateral,C,3,313,1,0.7369041835377989,1
rf,right_lateral__C,right_lateral,C,3,313,1,0.7494681778315047,1
rf,right_lateral__C,right_lateral,C,3,313,1,0.5535479809196718,1
rf,right_lateral__C,right_lateral,C,3,313,1,0.5000977184868518,1
rf,right_lateral__C,right_lateral,C,3,313,1,0.5184885714461113,1
rf,right_lateral__C,right_lateral,C,3,313,1,0.5555271811519231,1
rf,right_lateral__C,right_lateral,C,3,313,1,0.629770456496625,1
rf,right_lateral__C,right_lateral,C,4,318,0,0.5793731320669195,1
rf,right_lateral__C,right_lateral,C,4,318,0,0.38283859145482746,0
rf,right_lateral__C,right_lateral,C,4,318,0,0.5203238308551399,1
rf,right_lateral__C,right_lateral,C,4,318,0,0.5510997147119575,1
rf,right_lateral__C,right_lateral,C,4,318,0,0.6131250815181949,1
rf,right_lateral__C,right_lateral,C,4,318,0,0.33507590361445777,0
rf,right_lateral__C,right_lateral,C,4,318,0,0.30934079506011364,0
rf,right_lateral__C,right_lateral,C,4,318,0,0.13989019570015457,0
rf,right_lateral__C,right_lateral,C,4,318,0,0.4478665990058362,0
rf,right_lateral__C,right_lateral,C,4,318,0,0.40002531002679204,0
rf,right_lateral__C,right_lateral,C,4,318,0,0.31556137332473,0
rf,right_lateral__C,right_lateral,C,4,318,0,0.3738613133007204,0
rf,right_lateral__C,right_lateral,C,4,318,0,0.3491081096936962,0
rf,right_lateral__C,right_lateral,C,4,318,0,0.3284831251272682,0
rf,right_lateral__C,right_lateral,C,4,318,1,0.15395911045323887,0
rf,right_lateral__C,right_lateral,C,4,318,1,0.6353010222494982,1
rf,right_lateral__C,right_lateral,C,4,318,1,0.42298422780091877,0
rf,right_lateral__C,right_lateral,C,4,318,1,0.5347625736593369,1
rf,right_lateral__C,right_lateral,C,4,318,1,0.5329542545683178,1
rf,right_lateral__C,right_lateral,C,4,318,1,0.4947163280910322,0
rf,right_lateral__C,right_lateral,C,4,318,1,0.671039043977744,1
rf,right_lateral__C,right_lateral,C,4,318,1,0.7520046655261967,1
rf,right_lateral__C,right_lateral,C,4,318,1,0.84324495292208,1
rf,right_lateral__C,right_lateral,C,4,318,1,0.7571280440821547,1
rf,right_lateral__C,right_lateral,C,4,318,1,0.5823613297053556,1
rf,right_lateral__C,right_lateral,C,4,318,1,0.5185613354037266,1
rf,right_lateral__C,right_lateral,C,4,318,1,0.3135503194888179,0
rf,right_lateral__C,right_lateral,C,4,318,1,0.43513462369582084,0
rf,right_lateral__C,right_lateral,C,5,300,0,0.7335584415584415,1
rf,right_lateral__C,right_lateral,C,5,300,0,0.8761913522505383,1
rf,right_lateral__C,right_lateral,C,5,300,0,0.654906425452277,1
rf,right_lateral__C,right_lateral,C,5,300,0,0.7895191451469279,1
rf,right_lateral__C,right_lateral,C,5,300,0,0.8344255705992049,1
rf,right_lateral__C,right_lateral,C,5,300,0,0.685,1
rf,right_lateral__C,right_lateral,C,5,300,0,0.7027276258484717,1
rf,right_lateral__C,right_lateral,C,5,300,0,0.7435584415584415,1
rf,right_lateral__C,right_lateral,C,5,300,0,0.7190544556078596,1
rf,right_lateral__C,right_lateral,C,5,300,0,0.564906425452277,1
rf,right_lateral__C,right_lateral,C,5,300,0,0.764906425452277,1
rf,right_lateral__C,right_lateral,C,5,300,0,0.5341691842900302,1
rf,right_lateral__C,right_lateral,C,5,300,0,0.7040756097423072,1
rf,right_lateral__C,right_lateral,C,5,300,0,0.8026340513007487,1
rf,right_lateral__C,right_lateral,C,5,300,1,0.689906425452277,1
rf,right_lateral__C,right_lateral,C,5,300,1,0.6291691842900302,1
rf,right_lateral__C,right_lateral,C,5,300,1,0.66,1
rf,right_lateral__C,right_lateral,C,5,300,1,0.6791691842900301,1
rf,right_lateral__C,right_lateral,C,5,300,1,0.6941691842900302,1
rf,right_lateral__C,right_lateral,C,5,300,1,0.6991691842900302,1
rf,right_lateral__C,right_lateral,C,5,300,1,0.7491691842900302,1
rf,right_lateral__C,right_lateral,C,5,300,1,0.6,1
rf,right_lateral__C,right_lateral,C,5,300,1,0.7241691842900302,1
rf,right_lateral__C,right_lateral,C,5,300,1,0.725,1
rf,right_lateral__C,right_lateral,C,5,300,1,0.6391691842900302,1
rf,right_lateral__C,right_lateral,C,5,300,1,0.8036883294369581,1
rf,right_lateral__C,right_lateral,C,5,300,1,0.72,1
rf,right_lateral__C,right_lateral,C,5,300,1,0.635,1
rf,right_lateral__C,right_lateral,C,6,271,0,0.3764319158573808,0
rf,right_lateral__C,right_lateral,C,6,271,0,0.30728971844377395,0
rf,right_lateral__C,right_lateral,C,6,271,0,0.23156042190929654,0
rf,right_lateral__C,right_lateral,C,6,271,0,0.3247284659864315,0
rf,right_lateral__C,right_lateral,C,6,271,0,0.4199130672597354,0
rf,right_lateral__C,right_lateral,C,6,271,0,0.5109433074140066,1
rf,right_lateral__C,right_lateral,C,6,271,0,0.17879040693750842,0
rf,right_lateral__C,right_lateral,C,6,271,0,0.125,0
rf,right_lateral__C,right_lateral,C,6,271,0,0.11839549251837314,0
rf,right_lateral__C,right_lateral,C,6,271,0,0.33873771851997325,0
rf,right_lateral__C,right_lateral,C,6,271,0,0.2848244925282635,0
rf,right_lateral__C,right_lateral,C,6,271,0,0.1948689816150833,0
rf,right_lateral__C,right_lateral,C,6,271,0,0.155,0
rf,right_lateral__C,right_lateral,C,6,271,0,0.24770031968027342,0
rf,right_lateral__C,right_lateral,C,6,271,1,0.31945880972307056,0
rf,right_lateral__C,right_lateral,C,6,271,1,0.5220708081372145,1
rf,right_lateral__C,right_lateral,C,6,271,1,0.40841402731642273,0
rf,right_lateral__C,right_lateral,C,6,271,1,0.4259201223482229,0
rf,right_lateral__C,right_lateral,C,6,271,1,0.47399485128380286,0
rf,right_lateral__C,right_lateral,C,6,271,1,0.3351666403249356,0
rf,right_lateral__C,right_lateral,C,6,271,1,0.5589705154086894,1
rf,right_lateral__C,right_lateral,C,6,271,1,0.2528384214856119,0
rf,right_lateral__C,right_lateral,C,6,271,1,0.539392800717419,1
rf,right_lateral__C,right_lateral,C,6,271,1,0.38315411815656897,0
rf,right_lateral__C,right_lateral,C,6,271,1,0.4862114346211987,0
rf,right_lateral__C,right_lateral,C,6,271,1,0.33829512234822295,0
rf,right_lateral__C,right_lateral,C,6,271,1,0.5142283050156706,1
rf,right_lateral__C,right_lateral,C,6,271,1,0.33154799654738626,0
rf,right_lateral__C,right_lateral,C,7,251,0,0.225,0
rf,right_lateral__C,right_lateral,C,7,251,0,0.11,0
rf,right_lateral__C,right_lateral,C,7,251,0,0.095,0
rf,right_lateral__C,right_lateral,C,7,251,0,0.16,0
rf,right_lateral__C,right_lateral,C,7,251,0,0.11,0
rf,right_lateral__C,right_lateral,C,7,251,0,0.06,0
rf,right_lateral__C,right_lateral,C,7,251,0,0.18164000000000002,0
rf,right_lateral__C,right_lateral,C,7,251,0,0.09,0
rf,right_lateral__C,right_lateral,C,7,251,0,0.05761044176706827,0
rf,right_lateral__C,right_lateral,C,7,251,0,0.03,0
rf,right_lateral__C,right_lateral,C,7,251,0,0.09,0
rf,right_lateral__C,right_lateral,C,7,251,0,0.11,0
rf,right_lateral__C,right_lateral,C,7,251,0,0.115,0
rf,right_lateral__C,right_lateral,C,7,251,0,0.06261044176706827,0
rf,right_lateral__C,right_lateral,C,7,251,1,0.125,0
rf,right_lateral__C,right_lateral,C,7,251,1,0.14,0
rf,right_lateral__C,right_lateral,C,7,251,1,0.215,0
rf,right_lateral__C,right_lateral,C,7,251,1,0.06,0
rf,right_lateral__C,right_lateral,C,7,251,1,0.165,0
rf,right_lateral__C,right_lateral,C,7,251,1,0.23,0
rf,right_lateral__C,right_lateral,C,7,251,1,0.11261044176706828,0
rf,right_lateral__C,right_lateral,C,7,251,1,0.12,0
rf,right_lateral__C,right_lateral,C,7,251,1,0.245,0
rf,right_lateral__C,right_lateral,C,7,251,1,0.09,0
rf,right_lateral__C,right_lateral,C,7,251,1,0.16,0
rf,right_lateral__C,right_lateral,C,7,251,1,0.17,0
rf,right_lateral__C,right_lateral,C,7,251,1,0.13,0
rf,right_lateral__C,right_lateral,C,8,282,0,0.05596850393700788,0
rf,right_lateral__C,right_lateral,C,8,282,0,0.2639677419354839,0
rf,right_lateral__C,right_lateral,C,8,282,0,0.15249003984063744,0
rf,right_lateral__C,right_lateral,C,8,282,0,0.12863683828957959,0
rf,right_lateral__C,right_lateral,C,8,282,0,0.12096850393700788,0
rf,right_lateral__C,right_lateral,C,8,282,0,0.17,0
rf,right_lateral__C,right_lateral,C,8,282,0,0.27,0
rf,right_lateral__C,right_lateral,C,8,282,0,0.2615191297824456,0
rf,right_lateral__C,right_lateral,C,8,282,0,0.2725099601593626,0
rf,right_lateral__C,right_lateral,C,8,282,0,0.30878436084665867,0
rf,right_lateral__C,right_lateral,C,8,282,0,0.24255896000990165,0
rf,right_lateral__C,right_lateral,C,8,282,0,0.205,0
rf,right_lateral__C,right_lateral,C,8,282,0,0.19139802081994603,0
rf,right_lateral__C,right_lateral,C,8,282,0,0.24980617608409986,0
rf,right_lateral__C,right_lateral,C,8,282,1,0.4588904787148831,0
rf,right_lateral__C,right_lateral,C,8,282,1,0.6197577780289223,1
rf,right_lateral__C,right_lateral,C,8,282,1,0.5547288890145584,1
rf,right_lateral__C,right_lateral,C,8,282,1,0.4506757003866919,0
rf,right_lateral__C,right_lateral,C,8,282,1,0.8222753073916417,1
rf,right_lateral__C,right_lateral,C,8,282,1,0.5596344768953901,1
rf,right_lateral__C,right_lateral,C,8,282,1,0.2917155226470905,0
rf,right_lateral__C,right_lateral,C,8,282,1,0.4604095135226537,0
rf,right_lateral__C,right_lateral,C,8,282,1,0.5668503274112748,1
rf,right_lateral__C,right_lateral,C,8,282,1,0.699628592361436,1
rf,right_lateral__C,right_lateral,C,8,282,1,0.54023606975755,1
rf,right_lateral__C,right_lateral,C,9,210,0,0.5951468958146544,1
rf,right_lateral__C,right_lateral,C,9,210,0,0.21848051948051947,0
rf,right_lateral__C,right_lateral,C,9,210,0,0.4845091922454965,0
rf,right_lateral__C,right_lateral,C,9,210,0,0.5847677932237135,1
rf,right_lateral__C,right_lateral,C,9,210,0,0.2450717175432144,0
rf,right_lateral__C,right_lateral,C,9,210,0,0.57951703159146,1
rf,right_lateral__C,right_lateral,C,9,210,0,0.19525178584498407,0
rf,right_lateral__C,right_lateral,C,9,210,0,0.5870459189704375,1
rf,right_lateral__C,right_lateral,C,9,210,0,0.5478617125853622,1
rf,right_lateral__C,right_lateral,C,9,210,0,0.2927550180040113,0
rf,right_lateral__C,right_lateral,C,9,210,0,0.39,0
rf,right_lateral__C,right_lateral,C,9,210,0,0.2300717175432144,0
rf,right_lateral__C,right_lateral,C,9,210,0,0.22788901354347385,0
rf,right_lateral__C,right_lateral,C,9,210,0,0.5700254578793669,1
rf,right_lateral__C,right_lateral,C,9,210,1,0.7685413098267955,1
rf,right_lateral__C,right_lateral,C,9,210,1,0.7231461794635087,1
rf,right_lateral__C,right_lateral,C,9,210,1,0.8411530937720917,1
rf,right_lateral__C,right_lateral,C,9,210,1,0.5909917595031041,1
rf,right_lateral__C,right_lateral,C,9,210,1,0.6588188896407486,1
rf,right_lateral__C,right_lateral,C,9,210,1,0.6646411724660581,1
rf,right_lateral__C,right_lateral,C,9,210,1,0.6590330298198812,1
rf,right_lateral__C,right_lateral,C,9,210,1,0.745027273367579,1
rf,right_lateral__C,right_lateral,C,9,210,1,0.6329422291012813,1
rf,right_lateral__C,right_lateral,C,9,210,1,0.7024559718663873,1
rf,right_lateral__C,right_lateral,C,9,210,1,0.7152932905581089,1
rf,right_lateral__C,right_lateral,C,10,265,0,0.4596465229656391,0
rf,right_lateral__C,right_lateral,C,10,265,0,0.40589973949931923,0
rf,right_lateral__C,right_lateral,C,10,265,0,0.4089231797432821,0
rf,right_lateral__C,right_lateral,C,10,265,0,0.5134846196473809,1
rf,right_lateral__C,right_lateral,C,10,265,0,0.5682885481287658,1
rf,right_lateral__C,right_lateral,C,10,265,0,0.6445198961779391,1
rf,right_lateral__C,right_lateral,C,10,265,0,0.26005402427284013,0
rf,right_lateral__C,right_lateral,C,10,265,0,0.4248456134045735,0
rf,right_lateral__C,right_lateral,C,10,265,0,0.3754911208106335,0
rf,right_lateral__C,right_lateral,C,10,265,0,0.34981195919576646,0
rf,right_lateral__C,right_lateral,C,10,265,0,0.4300626324918096,0
rf,right_lateral__C,right_lateral,C,10,265,0,0.27495982875349184,0
rf,right_lateral__C,right_lateral,C,10,265,0,0.2852431824585584,0
rf,right_lateral__C,right_lateral,C,10,265,1,0.20495982875349184,0
rf,right_lateral__C,right_lateral,C,10,265,1,0.3739884177571487,0
rf,right_lateral__C,right_lateral,C,10,265,1,0.7781634493244899,1
rf,right_lateral__C,right_lateral,C,10,265,1,0.5534978743169905,1
rf,right_lateral__C,right_lateral,C,10,265,1,0.31826203208556153,0
rf,right_lateral__C,right_lateral,C,10,265,1,0.19495982875349185,0
rf,right_lateral__C,right_lateral,C,10,265,1,0.2851568280111579,0
rf,right_lateral__C,right_lateral,C,10,265,1,0.497425995984956,0
rf,right_lateral__C,right_lateral,C,10,265,1,0.4297455802699023,0
rf,right_lateral__C,right_lateral,C,10,265,1,0.5651776807355022,1
rf,right_lateral__C,right_lateral,C,10,265,1,0.35446580514618675,0
rf,both_lateral__A,both_lateral,A,1,249,0,0.21,0
rf,both_lateral__A,both_lateral,A,1,249,0,0.445,0
rf,both_lateral__A,both_lateral,A,1,249,0,0.7095371155328669,1
rf,both_lateral__A,both_lateral,A,1,249,0,0.195,0
rf,both_lateral__A,both_lateral,A,1,249,0,0.12,0
rf,both_lateral__A,both_lateral,A,1,249,0,0.34,0
rf,both_lateral__A,both_lateral,A,1,249,0,0.185,0
rf,both_lateral__A,both_lateral,A,1,249,0,0.215,0
rf,both_lateral__A,both_lateral,A,1,249,0,0.20446827524575514,0
rf,both_lateral__A,both_lateral,A,1,249,0,0.175,0
rf,both_lateral__A,both_lateral,A,1,249,0,0.155,0
rf,both_lateral__A,both_lateral,A,1,249,0,0.365,0
rf,both_lateral__A,both_lateral,A,1,249,0,0.515,1
rf,both_lateral__A,both_lateral,A,1,249,0,0.76,1
rf,both_lateral__A,both_lateral,A,1,249,0,0.155,0
rf,both_lateral__A,both_lateral,A,1,249,1,0.644810700876095,1
rf,both_lateral__A,both_lateral,A,1,249,1,0.6879278587874137,1
rf,both_lateral__A,both_lateral,A,1,249,1,0.78,1
rf,both_lateral__A,both_lateral,A,1,249,1,0.8481343114886052,1
rf,both_lateral__A,both_lateral,A,1,249,1,0.7628676315146865,1
rf,both_lateral__A,both_lateral,A,1,249,1,0.355,0
rf,both_lateral__A,both_lateral,A,1,249,1,0.585,1
rf,both_lateral__A,both_lateral,A,1,249,1,0.6706476951243177,1
rf,both_lateral__A,both_lateral,A,1,249,1,0.7810621702760188,1
rf,both_lateral__A,both_lateral,A,1,249,1,0.4970023812609344,0
rf,both_lateral__A,both_lateral,A,1,249,1,0.4738253012048193,0
rf,both_lateral__A,both_lateral,A,1,249,1,0.5047687747035573,1
rf,both_lateral__A,both_lateral,A,1,249,1,0.625,1
rf,both_lateral__A,both_lateral,A,1,249,1,0.6997085474308301,1
rf,both_lateral__A,both_lateral,A,1,249,1,0.6676779101643662,1
rf,both_lateral__A,both_lateral,A,1,249,1,0.672266161419873,1
rf,both_lateral__A,both_lateral,A,1,249,1,0.7784408602150538,1
rf,both_lateral__A,both_lateral,A,2,219,0,0.47,0
rf,both_lateral__A,both_lateral,A,2,219,0,0.765,1
rf,both_lateral__A,both_lateral,A,2,219,0,0.8186880165289255,1
rf,both_lateral__A,both_lateral,A,2,219,0,0.79,1
rf,both_lateral__A,both_lateral,A,2,219,0,0.71,1
rf,both_lateral__A,both_lateral,A,2,219,0,0.825,1
rf,both_lateral__A,both_lateral,A,2,219,0,0.71,1
rf,both_lateral__A,both_lateral,A,2,219,0,0.185,0
rf,both_lateral__A,both_lateral,A,2,219,0,0.845,1
rf,both_lateral__A,both_lateral,A,2,219,0,0.27,0
rf,both_lateral__A,both_lateral,A,2,219,0,0.31,0
rf,both_lateral__A,both_lateral,A,2,219,0,0.6548556045031816,1
rf,both_lateral__A,both_lateral,A,2,219,0,0.19,0
rf,both_lateral__A,both_lateral,A,2,219,0,0.435,0
rf,both_lateral__A,both_lateral,A,2,219,1,0.695,1
rf,both_lateral__A,both_lateral,A,2,219,1,0.73,1
rf,both_lateral__A,both_lateral,A,2,219,1,0.745,1
rf,both_lateral__A,both_lateral,A,2,219,1,0.7374531987151605,1
rf,both_lateral__A,both_lateral,A,2,219,1,0.6936880165289255,1
rf,both_lateral__A,both_lateral,A,2,219,1,0.6936880165289255,1
rf,both_lateral__A,both_lateral,A,2,219,1,0.6836880165289255,1
rf,both_lateral__A,both_lateral,A,2,219,1,0.745,1
rf,both_lateral__A,both_lateral,A,2,219,1,0.735,1
rf,both_lateral__A,both_lateral,A,2,219,1,0.715,1
rf,both_lateral__A,both_lateral,A,2,219,1,0.6786880165289255,1
rf,both_lateral__A,both_lateral,A,2,219,1,0.725,1
rf,both_lateral__A,both_lateral,A,2,219,1,0.8087651821862348,1
rf,both_lateral__A,both_lateral,A,2,219,1,0.6936880165289255,1
rf,both_lateral__A,both_lateral,A,2,219,1,0.7036880165289255,1
rf,both_lateral__A,both_lateral,A,2,219,1,0.74,1
rf,both_lateral__A,both_lateral,A,3,313,0,0.5489934631832599,1
rf,both_lateral__A,both_lateral,A,3,313,0,0.5094380840645621,1
rf,both_lateral__A,both_lateral,A,3,313,0,0.3789112073395568,0
rf,both_lateral__A,both_lateral,A,3,313,0,0.5176315789473684,1
rf,both_lateral__A,both_lateral,A,3,313,0,0.545,1
rf,both_lateral__A,both_lateral,A,3,313,0,0.5395553791186979,1
rf,both_lateral__A,both_lateral,A,3,313,0,0.42,0
rf,both_lateral__A,both_lateral,A,3,313,0,0.61,1
rf,both_lateral__A,both_lateral,A,3,313,0,0.3895553791186979,0
rf,both_lateral__A,both_lateral,A,3,313,0,0.5694701986754968,1
rf,both_lateral__A,both_lateral,A,3,313,0,0.325,0
rf,both_lateral__A,both_lateral,A,3,313,0,0.38,0
rf,both_lateral__A,both_lateral,A,3,313,0,0.505,1
rf,both_lateral__A,both_lateral,A,3,313,0,0.2789538714991763,0
rf,both_lateral__A,both_lateral,A,3,313,0,0.4343558282208589,0
rf,both_lateral__A,both_lateral,A,3,313,1,0.6095132398753894,1
rf,both_lateral__A,both_lateral,A,3,313,1,0.4693558282208589,0
rf,both_lateral__A,both_lateral,A,3,313,1,0.5993558282208589,1
rf,both_lateral__A,both_lateral,A,3,313,1,0.57,1
rf,both_lateral__A,both_lateral,A,3,313,1,0.5593558282208589,1
rf,both_lateral__A,both_lateral,A,3,313,1,0.5493558282208589,1
rf,both_lateral__A,both_lateral,A,3,313,1,0.54,1
rf,both_lateral__A,both_lateral,A,3,313,1,0.6292806724100316,1
rf,both_lateral__A,both_lateral,A,3,313,1,0.5842806724100317,1
rf,both_lateral__A,both_lateral,A,3,313,1,0.4793558282208589,0
rf,both_lateral__A,both_lateral,A,3,313,1,0.5744802233078705,1
rf,both_lateral__A,both_lateral,A,3,313,1,0.4795132398753894,0
rf,both_lateral__A,both_lateral,A,3,313,1,0.4345553791186979,0
rf,both_lateral__A,both_lateral,A,3,313,1,0.5393558282208589,1
rf,both_lateral__A,both_lateral,A,4,318,0,0.39,0
rf,both_lateral__A,both_lateral,A,4,318,0,0.35,0
rf,both_lateral__A,both_lateral,A,4,318,0,0.4142729591836735,0
rf,both_lateral__A,both_lateral,A,4,318,0,0.34,0
rf,both_lateral__A,both_lateral,A,4,318,0,0.5144342359767892,1
rf,both_lateral__A,both_lateral,A,4,318,0,0.28,0
rf,both_lateral__A,both_lateral,A,4,318,0,0.36,0
rf,both_lateral__A,both_lateral,A,4,318,0,0.085,0
rf,both_lateral__A,both_lateral,A,4,318,0,0.425,0
rf,both_lateral__A,both_lateral,A,4,318,0,0.4,0
rf,both_lateral__A,both_lateral,A,4,318,0,0.32,0
rf,both_lateral__A,both_lateral,A,4,318,0,0.29,0
rf,both_lateral__A,both_lateral,A,4,318,0,0.265,0
rf,both_lateral__A,both_lateral,A,4,318,0,0.355,0
rf,both_lateral__A,both_lateral,A,4,318,1,0.17,0
rf,both_lateral__A,both_lateral,A,4,318,1,0.5698916159082766,1
rf,both_lateral__A,both_lateral,A,4,318,1,0.495,0
rf,both_lateral__A,both_lateral,A,4,318,1,0.58,1
rf,both_lateral__A,both_lateral,A,4,318,1,0.6148916159082767,1
rf,both_lateral__A,both_lateral,A,4,318,1,0.41,0
rf,both_lateral__A,both_lateral,A,4,318,1,0.7695389461653629,1
rf,both_lateral__A,both_lateral,A,4,318,1,0.58,1
rf,both_lateral__A,both_lateral,A,4,318,1,0.6548916159082766,1
rf,both_lateral__A,both_lateral,A,4,318,1,0.7595389461653629,1
rf,both_lateral__A,both_lateral,A,4,318,1,0.5648916159082766,1
rf,both_lateral__A,both_lateral,A,4,318,1,0.45989161590827665,0
rf,both_lateral__A,both_lateral,A,4,318,1,0.39989161590827665,0
rf,both_lateral__A,both_lateral,A,4,318,1,0.535,1
rf,both_lateral__A,both_lateral,A,5,300,0,0.705,1
rf,both_lateral__A,both_lateral,A,5,300,0,0.76,1
rf,both_lateral__A,both_lateral,A,5,300,0,0.6338671875,1
rf,both_lateral__A,both_lateral,A,5,300,0,0.71,1
rf,both_lateral__A,both_lateral,A,5,300,0,0.7,1
rf,both_lateral__A,both_lateral,A,5,300,0,0.655,1
rf,both_lateral__A,both_lateral,A,5,300,0,0.64,1
rf,both_lateral__A,both_lateral,A,5,300,0,0.65,1
rf,both_lateral__A,both_lateral,A,5,300,0,0.65,1
rf,both_lateral__A,both_lateral,A,5,300,0,0.6,1
rf,both_lateral__A,both_lateral,A,5,300,0,0.695,1
rf,both_lateral__A,both_lateral,A,5,300,0,0.485,0
rf,both_lateral__A,both_lateral,A,5,300,0,0.635,1
rf,both_lateral__A,both_lateral,A,5,300,0,0.685,1
rf,both_lateral__A,both_lateral,A,5,300,1,0.645,1
rf,both_lateral__A,both_lateral,A,5,300,1,0.65,1
rf,both_lateral__A,both_lateral,A,5,300,1,0.585,1
rf,both_lateral__A,both_lateral,A,5,300,1,0.61,1
rf,both_lateral__A,both_lateral,A,5,300,1,0.61,1
rf,both_lateral__A,both_lateral,A,5,300,1,0.615,1
rf,both_lateral__A,both_lateral,A,5,300,1,0.605,1
rf,both_lateral__A,both_lateral,A,5,300,1,0.63,1
rf,both_lateral__A,both_lateral,A,5,300,1,0.645,1
rf,both_lateral__A,both_lateral,A,5,300,1,0.69,1
rf,both_lateral__A,both_lateral,A,5,300,1,0.63,1
rf,both_lateral__A,both_lateral,A,5,300,1,0.68,1
rf,both_lateral__A,both_lateral,A,5,300,1,0.63,1
rf,both_lateral__A,both_lateral,A,5,300,1,0.63,1
rf,both_lateral__A,both_lateral,A,6,271,0,0.3238953488372093,0
rf,both_lateral__A,both_lateral,A,6,271,0,0.3836316824450849,0
rf,both_lateral__A,both_lateral,A,6,271,0,0.30194677871148456,0
rf,both_lateral__A,both_lateral,A,6,271,0,0.455,0
rf,both_lateral__A,both_lateral,A,6,271,0,0.4088953488372093,0
rf,both_lateral__A,both_lateral,A,6,271,0,0.39,0
rf,both_lateral__A,both_lateral,A,6,271,0,0.285,0
rf,both_lateral__A,both_lateral,A,6,271,0,0.08,0
rf,both_lateral__A,both_lateral,A,6,271,0,0.045,0
rf,both_lateral__A,both_lateral,A,6,271,0,0.285,0
rf,both_lateral__A,both_lateral,A,6,271,0,0.2711771359532238,0
rf,both_lateral__A,both_lateral,A,6,271,0,0.115,0
rf,both_lateral__A,both_lateral,A,6,271,0,0.19,0
rf,both_lateral__A,both_lateral,A,6,271,0,0.25,0
rf,both_lateral__A,both_lateral,A,6,271,1,0.44,0
rf,both_lateral__A,both_lateral,A,6,271,1,0.7284956843403205,1
rf,both_lateral__A,both_lateral,A,6,271,1,0.38,0
rf,both_lateral__A,both_lateral,A,6,271,1,0.52,1
rf,both_lateral__A,both_lateral,A,6,271,1,0.4518131868131869,0
rf,both_lateral__A,both_lateral,A,6,271,1,0.44,0
rf,both_lateral__A,both_lateral,A,6,271,1,0.6,1
rf,both_lateral__A,both_lateral,A,6,271,1,0.3903804641122504,0
rf,both_lateral__A,both_lateral,A,6,271,1,0.5648380129589633,1
rf,both_lateral__A,both_lateral,A,6,271,1,0.53,1
rf,both_lateral__A,both_lateral,A,6,271,1,0.4418131868131869,0
rf,both_lateral__A,both_lateral,A,6,271,1,0.63,1
rf,both_lateral__A,both_lateral,A,6,271,1,0.725,1
rf,both_lateral__A,both_lateral,A,6,271,1,0.5453804641122504,1
rf,both_lateral__A,both_lateral,A,7,251,0,0.0,0
rf,both_lateral__A,both_lateral,A,7,251,0,0.05,0
rf,both_lateral__A,both_lateral,A,7,251,0,0.015,0
rf,both_lateral__A,both_lateral,A,7,251,0,0.015,0
rf,both_lateral__A,both_lateral,A,7,251,0,0.04,0
rf,both_lateral__A,both_lateral,A,7,251,0,0.03,0
rf,both_lateral__A,both_lateral,A,7,251,0,0.115,0
rf,both_lateral__A,both_lateral,A,7,251,0,0.005,0
rf,both_lateral__A,both_lateral,A,7,251,0,0.05,0
rf,both_lateral__A,both_lateral,A,7,251,0,0.06,0
rf,both_lateral__A,both_lateral,A,7,251,0,0.05,0
rf,both_lateral__A,both_lateral,A,7,251,0,0.035,0
rf,both_lateral__A,both_lateral,A,7,251,0,0.02,0
rf,both_lateral__A,both_lateral,A,7,251,0,0.025,0
rf,both_lateral__A,both_lateral,A,7,251,1,0.13,0
rf,both_lateral__A,both_lateral,A,7,251,1,0.13,0
rf,both_lateral__A,both_lateral,A,7,251,1,0.085,0
rf,both_lateral__A,both_lateral,A,7,251,1,0.055,0
rf,both_lateral__A,both_lateral,A,7,251,1,0.045,0
rf,both_lateral__A,both_lateral,A,7,251,1,0.2176328638382751,0
rf,both_lateral__A,both_lateral,A,7,251,1,0.085,0
rf,both_lateral__A,both_lateral,A,7,251,1,0.12053349875930522,0
rf,both_lateral__A,both_lateral,A,7,251,1,0.27334224598930484,0
rf,both_lateral__A,both_lateral,A,7,251,1,0.035,0
rf,both_lateral__A,both_lateral,A,7,251,1,0.045,0
rf,both_lateral__A,both_lateral,A,7,251,1,0.21,0
rf,both_lateral__A,both_lateral,A,7,251,1,0.35523683877020756,0
rf,both_lateral__A,both_lateral,A,8,282,0,0.005,0
rf,both_lateral__A,both_lateral,A,8,282,0,0.08,0
rf,both_lateral__A,both_lateral,A,8,282,0,0.1,0
rf,both_lateral__A,both_lateral,A,8,282,0,0.22,0
rf,both_lateral__A,both_lateral,A,8,282,0,0.135,0
rf,both_lateral__A,both_lateral,A,8,282,0,0.225,0
rf,both_lateral__A,both_lateral,A,8,282,0,0.15,0
rf,both_lateral__A,both_lateral,A,8,282,0,0.13,0
rf,both_lateral__A,both_lateral,A,8,282,0,0.13,0
rf,both_lateral__A,both_lateral,A,8,282,0,0.085,0
rf,both_lateral__A,both_lateral,A,8,282,0,0.2,0
rf,both_lateral__A,both_lateral,A,8,282,0,0.09,0
rf,both_lateral__A,both_lateral,A,8,282,0,0.19,0
rf,both_lateral__A,both_lateral,A,8,282,0,0.18,0
rf,both_lateral__A,both_lateral,A,8,282,1,0.5974833344841111,1
rf,both_lateral__A,both_lateral,A,8,282,1,0.7872490091776462,1
rf,both_lateral__A,both_lateral,A,8,282,1,0.4772490091776461,0
rf,both_lateral__A,both_lateral,A,8,282,1,0.582355316127798,1
rf,both_lateral__A,both_lateral,A,8,282,1,0.7396593677433831,1
rf,both_lateral__A,both_lateral,A,8,282,1,0.5772490091776461,1
rf,both_lateral__A,both_lateral,A,8,282,1,0.33420927467300826,0
rf,both_lateral__A,both_lateral,A,8,282,1,0.6969485728574112,1
rf,both_lateral__A,both_lateral,A,8,282,1,0.7048098278279391,1
rf,both_lateral__A,both_lateral,A,8,282,1,0.7548484171229731,1
rf,both_lateral__A,both_lateral,A,8,282,1,0.6124833344841111,1
rf,both_lateral__A,both_lateral,A,9,210,0,0.30971838068896157,0
rf,both_lateral__A,both_lateral,A,9,210,0,0.145,0
rf,both_lateral__A,both_lateral,A,9,210,0,0.38,0
rf,both_lateral__A,both_lateral,A,9,210,0,0.47438795656465943,0
rf,both_lateral__A,both_lateral,A,9,210,0,0.225,0
rf,both_lateral__A,both_lateral,A,9,210,0,0.6037168175607756,1
rf,both_lateral__A,both_lateral,A,9,210,0,0.09,0
rf,both_lateral__A,both_lateral,A,9,210,0,0.7222233280859303,1
rf,both_lateral__A,both_lateral,A,9,210,0,0.3692801871411005,0
rf,both_lateral__A,both_lateral,A,9,210,0,0.19294620080442543,0
rf,both_lateral__A,both_lateral,A,9,210,0,0.2743879565646594,0
rf,both_lateral__A,both_lateral,A,9,210,0,0.1,0
rf,both_lateral__A,both_lateral,A,9,210,0,0.155,0
rf,both_lateral__A,both_lateral,A,9,210,0,0.4626574958482246,0
rf,both_lateral__A,both_lateral,A,9,210,1,0.7716260395261991,1
rf,both_lateral__A,both_lateral,A,9,210,1,0.8082807279619983,1
rf,both_lateral__A,both_lateral,A,9,210,1,0.917910715145176,1
rf,both_lateral__A,both_lateral,A,9,210,1,0.7977228770168697,1
rf,both_lateral__A,both_lateral,A,9,210,1,0.8294802582317763,1
rf,both_lateral__A,both_lateral,A,9,210,1,0.7827228770168698,1
rf,both_lateral__A,both_lateral,A,9,210,1,0.698177812045098,1
rf,both_lateral__A,both_lateral,A,9,210,1,0.8462178391493107,1
rf,both_lateral__A,both_lateral,A,9,210,1,0.8739326344204831,1
rf,both_lateral__A,both_lateral,A,9,210,1,0.8368518687428541,1
rf,both_lateral__A,both_lateral,A,9,210,1,0.8849044414516031,1
rf,both_lateral__A,both_lateral,A,10,265,0,0.27,0
rf,both_lateral__A,both_lateral,A,10,265,0,0.325,0
rf,both_lateral__A,both_lateral,A,10,265,0,0.4,0
rf,both_lateral__A,both_lateral,A,10,265,0,0.6837966196332406,1
rf,both_lateral__A,both_lateral,A,10,265,0,0.8187966196332406,1
rf,both_lateral__A,both_lateral,A,10,265,0,0.6950793650793651,1
rf,both_lateral__A,both_lateral,A,10,265,0,0.31958328981759115,0
rf,both_lateral__A,both_lateral,A,10,265,0,0.6241452312495859,1
rf,both_lateral__A,both_lateral,A,10,265,0,0.22,0
rf,both_lateral__A,both_lateral,A,10,265,0,0.2596454993834772,0
rf,both_lateral__A,both_lateral,A,10,265,0,0.3096454993834772,0
rf,both_lateral__A,both_lateral,A,10,265,0,0.22,0
rf,both_lateral__A,both_lateral,A,10,265,0,0.325,0
rf,both_lateral__A,both_lateral,A,10,265,1,0.205,0
rf,both_lateral__A,both_lateral,A,10,265,1,0.320842323744704,0
rf,both_lateral__A,both_lateral,A,10,265,1,0.8815336971835057,1
rf,both_lateral__A,both_lateral,A,10,265,1,0.7249010864277606,1
rf,both_lateral__A,both_lateral,A,10,265,1,0.33,0
rf,both_lateral__A,both_lateral,A,10,265,1,0.17,0
rf,both_lateral__A,both_lateral,A,10,265,1,0.215,0
rf,both_lateral__A,both_lateral,A,10,265,1,0.6982186365737434,1
rf,both_lateral__A,both_lateral,A,10,265,1,0.6699744780500541,1
rf,both_lateral__A,both_lateral,A,10,265,1,0.6470446433075326,1
rf,both_lateral__A,both_lateral,A,10,265,1,0.23363534675615213,0
rf,both_lateral__B,both_lateral,B,1,249,0,0.5095498909607806,1
rf,both_lateral__B,both_lateral,B,1,249,0,0.47392555391092933,0
rf,both_lateral__B,both_lateral,B,1,249,0,0.5098407516445038,1
rf,both_lateral__B,both_lateral,B,1,249,0,0.5809623694839938,1
rf,both_lateral__B,both_lateral,B,1,249,0,0.7466993772639456,1
rf,both_lateral__B,both_lateral,B,1,249,0,0.4940564611133047,0
rf,both_lateral__B,both_lateral,B,1,249,0,0.6625988897025306,1
rf,both_lateral__B,both_lateral,B,1,249,0,0.47330324494417914,0
rf,both_lateral__B,both_lateral,B,1,249,0,0.4664691564080086,0
rf,both_lateral__B,both_lateral,B,1,249,0,0.4549889625854792,0
rf,both_lateral__B,both_lateral,B,1,249,0,0.39990160597320296,0
rf,both_lateral__B,both_lateral,B,1,249,0,0.5657917859118773,1
rf,both_lateral__B,both_lateral,B,1,249,0,0.5071754138132422,1
rf,both_lateral__B,both_lateral,B,1,249,0,0.5640206285337083,1
rf,both_lateral__B,both_lateral,B,1,249,0,0.4415500180755979,0
rf,both_lateral__B,both_lateral,B,1,249,1,0.3904932954784675,0
rf,both_lateral__B,both_lateral,B,1,249,1,0.622543880707621,1
rf,both_lateral__B,both_lateral,B,1,249,1,0.5611607612933838,1
rf,both_lateral__B,both_lateral,B,1,249,1,0.5273622624073441,1
rf,both_lateral__B,both_lateral,B,1,249,1,0.5568024364529875,1
rf,both_lateral__B,both_lateral,B,1,249,1,0.46902423501726803,0
rf,both_lateral__B,both_lateral,B,1,249,1,0.5441190511417056,1
rf,both_lateral__B,both_lateral,B,1,249,1,0.5195056276283749,1
rf,both_lateral__B,both_lateral,B,1,249,1,0.37809050753309736,0
rf,both_lateral__B,both_lateral,B,1,249,1,0.4285228347073779,0
rf,both_lateral__B,both_lateral,B,1,249,1,0.49669048043485453,0
rf,both_lateral__B,both_lateral,B,1,249,1,0.4655813639794235,0
rf,both_lateral__B,both_lateral,B,1,249,1,0.4548526221741877,0
rf,both_lateral__B,both_lateral,B,1,249,1,0.4748281896593572,0
rf,both_lateral__B,both_lateral,B,1,249,1,0.5565894134818161,1
rf,both_lateral__B,both_lateral,B,1,249,1,0.6282890361459312,1
rf,both_lateral__B,both_lateral,B,1,249,1,0.5707547716275552,1
rf,both_lateral__B,both_lateral,B,2,219,0,0.5267600465434722,1
rf,both_lateral__B,both_lateral,B,2,219,0,0.5636278291880678,1
rf,both_lateral__B,both_lateral,B,2,219,0,0.5115410749393458,1
rf,both_lateral__B,both_lateral,B,2,219,0,0.5565400757971976,1
rf,both_lateral__B,both_lateral,B,2,219,0,0.4776163779293923,0
rf,both_lateral__B,both_lateral,B,2,219,0,0.5285980171452703,1
rf,both_lateral__B,both_lateral,B,2,219,0,0.37267901774800466,0
rf,both_lateral__B,both_lateral,B,2,219,0,0.561112121974938,1
rf,both_lateral__B,both_lateral,B,2,219,0,0.3891641436780503,0
rf,both_lateral__B,both_lateral,B,2,219,0,0.5109875652489881,1
rf,both_lateral__B,both_lateral,B,2,219,0,0.4695615721106721,0
rf,both_lateral__B,both_lateral,B,2,219,0,0.5154510510226844,1
rf,both_lateral__B,both_lateral,B,2,219,0,0.5176097066368468,1
rf,both_lateral__B,both_lateral,B,2,219,0,0.3354669932025557,0
rf,both_lateral__B,both_lateral,B,2,219,1,0.5427914488838033,1
rf,both_lateral__B,both_lateral,B,2,219,1,0.5229543003022635,1
rf,both_lateral__B,both_lateral,B,2,219,1,0.6542701102232548,1
rf,both_lateral__B,both_lateral,B,2,219,1,0.41608857385903625,0
rf,both_lateral__B,both_lateral,B,2,219,1,0.6404794353551594,1
rf,both_lateral__B,both_lateral,B,2,219,1,0.4209798820958547,0
rf,both_lateral__B,both_lateral,B,2,219,1,0.41563361581383773,0
rf,both_lateral__B,both_lateral,B,2,219,1,0.4609260508529519,0
rf,both_lateral__B,both_lateral,B,2,219,1,0.45347212207913373,0
rf,both_lateral__B,both_lateral,B,2,219,1,0.47623679971164734,0
rf,both_lateral__B,both_lateral,B,2,219,1,0.36407630145745723,0
rf,both_lateral__B,both_lateral,B,2,219,1,0.389707490668759,0
rf,both_lateral__B,both_lateral,B,2,219,1,0.483387977528833,0
rf,both_lateral__B,both_lateral,B,2,219,1,0.449956357595693,0
rf,both_lateral__B,both_lateral,B,2,219,1,0.5189334757911482,1
rf,both_lateral__B,both_lateral,B,2,219,1,0.5060143720018214,1
rf,both_lateral__B,both_lateral,B,3,313,0,0.5697847118174496,1
rf,both_lateral__B,both_lateral,B,3,313,0,0.3982311892600526,0
rf,both_lateral__B,both_lateral,B,3,313,0,0.38791021313699425,0
rf,both_lateral__B,both_lateral,B,3,313,0,0.45608996004702484,0
rf,both_lateral__B,both_lateral,B,3,313,0,0.5313551622332835,1
rf,both_lateral__B,both_lateral,B,3,313,0,0.5493056052030881,1
rf,both_lateral__B,both_lateral,B,3,313,0,0.596161551831144,1
rf,both_lateral__B,both_lateral,B,3,313,0,0.5311905514982633,1
rf,both_lateral__B,both_lateral,B,3,313,0,0.603618871425924,1
rf,both_lateral__B,both_lateral,B,3,313,0,0.4485377528368889,0
rf,both_lateral__B,both_lateral,B,3,313,0,0.44064442796226766,0
rf,both_lateral__B,both_lateral,B,3,313,0,0.5417299179417053,1
rf,both_lateral__B,both_lateral,B,3,313,0,0.4681391937860869,0
rf,both_lateral__B,both_lateral,B,3,313,0,0.4642888151087245,0
rf,both_lateral__B,both_lateral,B,3,313,0,0.4671524703115572,0
rf,both_lateral__B,both_lateral,B,3,313,1,0.42959829706927344,0
rf,both_lateral__B,both_lateral,B,3,313,1,0.3778511996666123,0
rf,both_lateral__B,both_lateral,B,3,313,1,0.34266691435770247,0
rf,both_lateral__B,both_lateral,B,3,313,1,0.37538070971908916,0
rf,both_lateral__B,both_lateral,B,3,313,1,0.5156535444993097,1
rf,both_lateral__B,both_lateral,B,3,313,1,0.48953057136239514,0
rf,both_lateral__B,both_lateral,B,3,313,1,0.6276879066081278,1
rf,both_lateral__B,both_lateral,B,3,313,1,0.47484132441243654,0
rf,both_lateral__B,both_lateral,B,3,313,1,0.3680254722829812,0
rf,both_lateral__B,both_lateral,B,3,313,1,0.4869332057292731,0
rf,both_lateral__B,both_lateral,B,3,313,1,0.44891426252333033,0
rf,both_lateral__B,both_lateral,B,3,313,1,0.5497671945639275,1
rf,both_lateral__B,both_lateral,B,3,313,1,0.5340154820386858,1
rf,both_lateral__B,both_lateral,B,3,313,1,0.44439083702181575,0
rf,both_lateral__B,both_lateral,B,4,318,0,0.5425143157403631,1
rf,both_lateral__B,both_lateral,B,4,318,0,0.5549609822466471,1
rf,both_lateral__B,both_lateral,B,4,318,0,0.40124887938746795,0
rf,both_lateral__B,both_lateral,B,4,318,0,0.45052925462337584,0
rf,both_lateral__B,both_lateral,B,4,318,0,0.5879661261043664,1
rf,both_lateral__B,both_lateral,B,4,318,0,0.44417252182405975,0
rf,both_lateral__B,both_lateral,B,4,318,0,0.44631664474692967,0
rf,both_lateral__B,both_lateral,B,4,318,0,0.5572544786688843,1
rf,both_lateral__B,both_lateral,B,4,318,0,0.34212808091764496,0
rf,both_lateral__B,both_lateral,B,4,318,0,0.48383706379789454,0
rf,both_lateral__B,both_lateral,B,4,318,0,0.48632225468092377,0
rf,both_lateral__B,both_lateral,B,4,318,0,0.3790236184571662,0
rf,both_lateral__B,both_lateral,B,4,318,0,0.43909915397513316,0
rf,both_lateral__B,both_lateral,B,4,318,0,0.5034390354111771,1
rf,both_lateral__B,both_lateral,B,4,318,1,0.40118653552958755,0
rf,both_lateral__B,both_lateral,B,4,318,1,0.4315596488948732,0
rf,both_lateral__B,both_lateral,B,4,318,1,0.5305608845665573,1
rf,both_lateral__B,both_lateral,B,4,318,1,0.45189540505070463,0
rf,both_lateral__B,both_lateral,B,4,318,1,0.5194174797695972,1
rf,both_lateral__B,both_lateral,B,4,318,1,0.42356322183304923,0
rf,both_lateral__B,both_lateral,B,4,318,1,0.465339165020386,0
rf,both_lateral__B,both_lateral,B,4,318,1,0.4379872268892291,0
rf,both_lateral__B,both_lateral,B,4,318,1,0.6178662193897506,1
rf,both_lateral__B,both_lateral,B,4,318,1,0.4603794061455864,0
rf,both_lateral__B,both_lateral,B,4,318,1,0.34781486242409493,0
rf,both_lateral__B,both_lateral,B,4,318,1,0.47531030682044123,0
rf,both_lateral__B,both_lateral,B,4,318,1,0.39192035967430044,0
rf,both_lateral__B,both_lateral,B,4,318,1,0.39337853197228934,0
rf,both_lateral__B,both_lateral,B,5,300,0,0.40170467648811936,0
rf,both_lateral__B,both_lateral,B,5,300,0,0.4015706729197576,0
rf,both_lateral__B,both_lateral,B,5,300,0,0.530941149549704,1
rf,both_lateral__B,both_lateral,B,5,300,0,0.5067966102057364,1
rf,both_lateral__B,both_lateral,B,5,300,0,0.5138012538719089,1
rf,both_lateral__B,both_lateral,B,5,300,0,0.4588725837361821,0
rf,both_lateral__B,both_lateral,B,5,300,0,0.31223548539258933,0
rf,both_lateral__B,both_lateral,B,5,300,0,0.36342995036624826,0
rf,both_lateral__B,both_lateral,B,5,300,0,0.42352013878308015,0
rf,both_lateral__B,both_lateral,B,5,300,0,0.44333168643195153,0
rf,both_lateral__B,both_lateral,B,5,300,0,0.39984371186693934,0
rf,both_lateral__B,both_lateral,B,5,300,0,0.4028242416672003,0
rf,both_lateral__B,both_lateral,B,5,300,0,0.40682164838428575,0
rf,both_lateral__B,both_lateral,B,5,300,0,0.4797673881142833,0
rf,both_lateral__B,both_lateral,B,5,300,1,0.3438958541259035,0
rf,both_lateral__B,both_lateral,B,5,300,1,0.3724380205175877,0
rf,both_lateral__B,both_lateral,B,5,300,1,0.45822428716014324,0
rf,both_lateral__B,both_lateral,B,5,300,1,0.4973429730547162,0
rf,both_lateral__B,both_lateral,B,5,300,1,0.47050947055499287,0
rf,both_lateral__B,both_lateral,B,5,300,1,0.36100486581862584,0
rf,both_lateral__B,both_lateral,B,5,300,1,0.36359980491271054,0
rf,both_lateral__B,both_lateral,B,5,300,1,0.37641268751478235,0
rf,both_lateral__B,both_lateral,B,5,300,1,0.38622836934907184,0
rf,both_lateral__B,both_lateral,B,5,300,1,0.25977489074887855,0
rf,both_lateral__B,both_lateral,B,5,300,1,0.3170400559754389,0
rf,both_lateral__B,both_lateral,B,5,300,1,0.37904834657146486,0
rf,both_lateral__B,both_lateral,B,5,300,1,0.44510528173994535,0
rf,both_lateral__B,both_lateral,B,5,300,1,0.44739404445389097,0
rf,both_lateral__B,both_lateral,B,6,271,0,0.5415684682521184,1
rf,both_lateral__B,both_lateral,B,6,271,0,0.48916350371151557,0
rf,both_lateral__B,both_lateral,B,6,271,0,0.43893011824148453,0
rf,both_lateral__B,both_lateral,B,6,271,0,0.5372971368203784,1
rf,both_lateral__B,both_lateral,B,6,271,0,0.5374316797796054,1
rf,both_lateral__B,both_lateral,B,6,271,0,0.47651586316223515,0
rf,both_lateral__B,both_lateral,B,6,271,0,0.5268470310347242,1
rf,both_lateral__B,both_lateral,B,6,271,0,0.4421123856259968,0
rf,both_lateral__B,both_lateral,B,6,271,0,0.47479496533519217,0
rf,both_lateral__B,both_lateral,B,6,271,0,0.5051226731109218,1
rf,both_lateral__B,both_lateral,B,6,271,0,0.5249569783580198,1
rf,both_lateral__B,both_lateral,B,6,271,0,0.5672749655837921,1
rf,both_lateral__B,both_lateral,B,6,271,0,0.5762893592353623,1
rf,both_lateral__B,both_lateral,B,6,271,0,0.4369537519130825,0
rf,both_lateral__B,both_lateral,B,6,271,1,0.41466146907057533,0
rf,both_lateral__B,both_lateral,B,6,271,1,0.5590356412737473,1
rf,both_lateral__B,both_lateral,B,6,271,1,0.46295841174418073,0
rf,both_lateral__B,both_lateral,B,6,271,1,0.48103850634774326,0
rf,both_lateral__B,both_lateral,B,6,271,1,0.50544554486945,1
rf,both_lateral__B,both_lateral,B,6,271,1,0.4467405597493045,0
rf,both_lateral__B,both_lateral,B,6,271,1,0.4986219604763154,0
rf,both_lateral__B,both_lateral,B,6,271,1,0.5003831583053787,1
rf,both_lateral__B,both_lateral,B,6,271,1,0.42494304446793124,0
rf,both_lateral__B,both_lateral,B,6,271,1,0.5931522508411057,1
rf,both_lateral__B,both_lateral,B,6,271,1,0.47502528415720424,0
rf,both_lateral__B,both_lateral,B,6,271,1,0.44702815900122206,0
rf,both_lateral__B,both_lateral,B,6,271,1,0.5273512243796888,1
rf,both_lateral__B,both_lateral,B,6,271,1,0.46940315619492723,0
rf,both_lateral__B,both_lateral,B,7,251,0,0.40554135282548176,0
rf,both_lateral__B,both_lateral,B,7,251,0,0.44469465624737703,0
rf,both_lateral__B,both_lateral,B,7,251,0,0.43503048643079967,0
rf,both_lateral__B,both_lateral,B,7,251,0,0.4050275089498036,0
rf,both_lateral__B,both_lateral,B,7,251,0,0.5531530931734027,1
rf,both_lateral__B,both_lateral,B,7,251,0,0.3992683745172007,0
rf,both_lateral__B,both_lateral,B,7,251,0,0.5458880632240999,1
rf,both_lateral__B,both_lateral,B,7,251,0,0.4180368473417907,0
rf,both_lateral__B,both_lateral,B,7,251,0,0.39873468914875354,0
rf,both_lateral__B,both_lateral,B,7,251,0,0.47559646125385624,0
rf,both_lateral__B,both_lateral,B,7,251,0,0.631379300679428,1
rf,both_lateral__B,both_lateral,B,7,251,0,0.5132918326246505,1
rf,both_lateral__B,both_lateral,B,7,251,0,0.6642484064005623,1
rf,both_lateral__B,both_lateral,B,7,251,0,0.5571432617796063,1
rf,both_lateral__B,both_lateral,B,7,251,1,0.6077257543378678,1
rf,both_lateral__B,both_lateral,B,7,251,1,0.5016901772857142,1
rf,both_lateral__B,both_lateral,B,7,251,1,0.5615953797683896,1
rf,both_lateral__B,both_lateral,B,7,251,1,0.4952359061676395,0
rf,both_lateral__B,both_lateral,B,7,251,1,0.370906858025512,0
rf,both_lateral__B,both_lateral,B,7,251,1,0.3931638075732799,0
rf,both_lateral__B,both_lateral,B,7,251,1,0.5264498267447995,1
rf,both_lateral__B,both_lateral,B,7,251,1,0.3331175156567026,0
rf,both_lateral__B,both_lateral,B,7,251,1,0.5084260598186672,1
rf,both_lateral__B,both_lateral,B,7,251,1,0.5436582607842444,1
rf,both_lateral__B,both_lateral,B,7,251,1,0.34937984963921925,0
rf,both_lateral__B,both_lateral,B,7,251,1,0.4106413912197149,0
rf,both_lateral__B,both_lateral,B,7,251,1,0.5392505144599308,1
rf,both_lateral__B,both_lateral,B,8,282,0,0.4244487403992896,0
rf,both_lateral__B,both_lateral,B,8,282,0,0.6365487271606126,1
rf,both_lateral__B,both_lateral,B,8,282,0,0.44094807257006585,0
rf,both_lateral__B,both_lateral,B,8,282,0,0.42672059709549287,0
rf,both_lateral__B,both_lateral,B,8,282,0,0.5764997269913248,1
rf,both_lateral__B,both_lateral,B,8,282,0,0.5328827870884839,1
rf,both_lateral__B,both_lateral,B,8,282,0,0.4805288001409505,0
rf,both_lateral__B,both_lateral,B,8,282,0,0.2863326138295295,0
rf,both_lateral__B,both_lateral,B,8,282,0,0.4789077179540693,0
rf,both_lateral__B,both_lateral,B,8,282,0,0.5595699369676826,1
rf,both_lateral__B,both_lateral,B,8,282,0,0.48878786395470253,0
rf,both_lateral__B,both_lateral,B,8,282,0,0.42270378985953266,0
rf,both_lateral__B,both_lateral,B,8,282,0,0.5842112675497632,1
rf,both_lateral__B,both_lateral,B,8,282,0,0.4218114605099494,0
rf,both_lateral__B,both_lateral,B,8,282,1,0.6936594318921052,1
rf,both_lateral__B,both_lateral,B,8,282,1,0.5051481803731762,1
rf,both_lateral__B,both_lateral,B,8,282,1,0.5001488965278772,1
rf,both_lateral__B,both_lateral,B,8,282,1,0.44077626813723436,0
rf,both_lateral__B,both_lateral,B,8,282,1,0.4852472902294881,0
rf,both_lateral__B,both_lateral,B,8,282,1,0.49964344732055777,0
rf,both_lateral__B,both_lateral,B,8,282,1,0.5372172793830954,1
rf,both_lateral__B,both_lateral,B,8,282,1,0.4849751623779641,0
rf,both_lateral__B,both_lateral,B,8,282,1,0.5003192315340411,1
rf,both_lateral__B,both_lateral,B,8,282,1,0.3965558156667075,0
rf,both_lateral__B,both_lateral,B,8,282,1,0.40558561192632103,0
rf,both_lateral__B,both_lateral,B,9,210,0,0.5067779453693035,1
rf,both_lateral__B,both_lateral,B,9,210,0,0.422993183902638,0
rf,both_lateral__B,both_lateral,B,9,210,0,0.4204072584080925,0
rf,both_lateral__B,both_lateral,B,9,210,0,0.4756699437818228,0
rf,both_lateral__B,both_lateral,B,9,210,0,0.49759726814164634,0
rf,both_lateral__B,both_lateral,B,9,210,0,0.4899271946912746,0
rf,both_lateral__B,both_lateral,B,9,210,0,0.5067442869296849,1
rf,both_lateral__B,both_lateral,B,9,210,0,0.5050487889864658,1
rf,both_lateral__B,both_lateral,B,9,210,0,0.5183163330166044,1
rf,both_lateral__B,both_lateral,B,9,210,0,0.3653323185800123,0
rf,both_lateral__B,both_lateral,B,9,210,0,0.32097189942198623,0
rf,both_lateral__B,both_lateral,B,9,210,0,0.49793046150389586,0
rf,both_lateral__B,both_lateral,B,9,210,0,0.6410723166643828,1
rf,both_lateral__B,both_lateral,B,9,210,0,0.46847306658181576,0
rf,both_lateral__B,both_lateral,B,9,210,1,0.4589823940189581,0
rf,both_lateral__B,both_lateral,B,9,210,1,0.5120239116038177,1
rf,both_lateral__B,both_lateral,B,9,210,1,0.5043344544777095,1
rf,both_lateral__B,both_lateral,B,9,210,1,0.5214562281792311,1
rf,both_lateral__B,both_lateral,B,9,210,1,0.5946707462444014,1
rf,both_lateral__B,both_lateral,B,9,210,1,0.5028449793874914,1
rf,both_lateral__B,both_lateral,B,9,210,1,0.42571100839310416,0
rf,both_lateral__B,both_lateral,B,9,210,1,0.42657050214003084,0
rf,both_lateral__B,both_lateral,B,9,210,1,0.45189903412681,0
rf,both_lateral__B,both_lateral,B,9,210,1,0.5473870119952173,1
rf,both_lateral__B,both_lateral,B,9,210,1,0.45952443402930937,0
rf,both_lateral__B,both_lateral,B,10,265,0,0.5598034791951517,1
rf,both_lateral__B,both_lateral,B,10,265,0,0.5638565961891661,1
rf,both_lateral__B,both_lateral,B,10,265,0,0.6040039659998948,1
rf,both_lateral__B,both_lateral,B,10,265,0,0.4340649513260397,0
rf,both_lateral__B,both_lateral,B,10,265,0,0.44127241369581666,0
rf,both_lateral__B,both_lateral,B,10,265,0,0.4879283131092674,0
rf,both_lateral__B,both_lateral,B,10,265,0,0.5630400680316116,1
rf,both_lateral__B,both_lateral,B,10,265,0,0.4381358747462235,0
rf,both_lateral__B,both_lateral,B,10,265,0,0.6886705309367644,1
rf,both_lateral__B,both_lateral,B,10,265,0,0.45737345182952965,0
rf,both_lateral__B,both_lateral,B,10,265,0,0.48610433243389933,0
rf,both_lateral__B,both_lateral,B,10,265,0,0.39220278685536153,0
rf,both_lateral__B,both_lateral,B,10,265,0,0.4968830749354005,0
rf,both_lateral__B,both_lateral,B,10,265,1,0.4392857862502535,0
rf,both_lateral__B,both_lateral,B,10,265,1,0.4061457376207836,0
rf,both_lateral__B,both_lateral,B,10,265,1,0.5237373571240781,1
rf,both_lateral__B,both_lateral,B,10,265,1,0.5940858929028238,1
rf,both_lateral__B,both_lateral,B,10,265,1,0.38685021268032593,0
rf,both_lateral__B,both_lateral,B,10,265,1,0.5437795421697664,1
rf,both_lateral__B,both_lateral,B,10,265,1,0.3968178927535835,0
rf,both_lateral__B,both_lateral,B,10,265,1,0.46010705402754,0
rf,both_lateral__B,both_lateral,B,10,265,1,0.5090919466951351,1
rf,both_lateral__B,both_lateral,B,10,265,1,0.5479199204267471,1
rf,both_lateral__B,both_lateral,B,10,265,1,0.5805081311850251,1
rf,both_lateral__C,both_lateral,C,1,249,0,0.2496930398649383,0
rf,both_lateral__C,both_lateral,C,1,249,0,0.489381126886968,0
rf,both_lateral__C,both_lateral,C,1,249,0,0.5545041044988048,1
rf,both_lateral__C,both_lateral,C,1,249,0,0.375,0
rf,both_lateral__C,both_lateral,C,1,249,0,0.305,0
rf,both_lateral__C,both_lateral,C,1,249,0,0.4443824882896741,0
rf,both_lateral__C,both_lateral,C,1,249,0,0.4344736783775296,0
rf,both_lateral__C,both_lateral,C,1,249,0,0.2749493358310627,0
rf,both_lateral__C,both_lateral,C,1,249,0,0.3996930398649383,0
rf,both_lateral__C,both_lateral,C,1,249,0,0.29494933583106264,0
rf,both_lateral__C,both_lateral,C,1,249,0,0.23,0
rf,both_lateral__C,both_lateral,C,1,249,0,0.45442988577883986,0
rf,both_lateral__C,both_lateral,C,1,249,0,0.5142768544868572,1
rf,both_lateral__C,both_lateral,C,1,249,0,0.6639646893547635,1
rf,both_lateral__C,both_lateral,C,1,249,0,0.23,0
rf,both_lateral__C,both_lateral,C,1,249,1,0.6186786399717081,1
rf,both_lateral__C,both_lateral,C,1,249,1,0.6938727998544367,1
rf,both_lateral__C,both_lateral,C,1,249,1,0.722524272340177,1
rf,both_lateral__C,both_lateral,C,1,249,1,0.7617306100981578,1
rf,both_lateral__C,both_lateral,C,1,249,1,0.6492520455209407,1
rf,both_lateral__C,both_lateral,C,1,249,1,0.48268249091039833,0
rf,both_lateral__C,both_lateral,C,1,249,1,0.5879408463083153,1
rf,both_lateral__C,both_lateral,C,1,249,1,0.6182361098909135,1
rf,both_lateral__C,both_lateral,C,1,249,1,0.6341477783129207,1
rf,both_lateral__C,both_lateral,C,1,249,1,0.599471223845924,1
rf,both_lateral__C,both_lateral,C,1,249,1,0.5181122717268274,1
rf,both_lateral__C,both_lateral,C,1,249,1,0.5697119627074548,1
rf,both_lateral__C,both_lateral,C,1,249,1,0.6036573907236735,1
rf,both_lateral__C,both_lateral,C,1,249,1,0.6339018475977515,1
rf,both_lateral__C,both_lateral,C,1,249,1,0.6143223761211131,1
rf,both_lateral__C,both_lateral,C,1,249,1,0.643696346312701,1
rf,both_lateral__C,both_lateral,C,1,249,1,0.7188539132513574,1
rf,both_lateral__C,both_lateral,C,2,219,0,0.47,0
rf,both_lateral__C,both_lateral,C,2,219,0,0.5994395173733751,1
rf,both_lateral__C,both_lateral,C,2,219,0,0.6966128572334775,1
rf,both_lateral__C,both_lateral,C,2,219,0,0.7134384331527898,1
rf,both_lateral__C,both_lateral,C,2,219,0,0.6339388246820027,1
rf,both_lateral__C,both_lateral,C,2,219,0,0.7618927722665642,1
rf,both_lateral__C,both_lateral,C,2,219,0,0.5117589580412489,1
rf,both_lateral__C,both_lateral,C,2,219,0,0.2550602205258694,0
rf,both_lateral__C,both_lateral,C,2,219,0,0.7861169998680083,1
rf,both_lateral__C,both_lateral,C,2,219,0,0.315,0
rf,both_lateral__C,both_lateral,C,2,219,0,0.3075813008130081,0
rf,both_lateral__C,both_lateral,C,2,219,0,0.5048518775227131,1
rf,both_lateral__C,both_lateral,C,2,219,0,0.2600602205258694,0
rf,both_lateral__C,both_lateral,C,2,219,0,0.4100602205258694,0
rf,both_lateral__C,both_lateral,C,2,219,1,0.5711298597704075,1
rf,both_lateral__C,both_lateral,C,2,219,1,0.6548473529519754,1
rf,both_lateral__C,both_lateral,C,2,219,1,0.6596420690444309,1
rf,both_lateral__C,both_lateral,C,2,219,1,0.6093599709125975,1
rf,both_lateral__C,both_lateral,C,2,219,1,0.6895777480526898,1
rf,both_lateral__C,both_lateral,C,2,219,1,0.6447866406589873,1
rf,both_lateral__C,both_lateral,C,2,219,1,0.6315452780026802,1
rf,both_lateral__C,both_lateral,C,2,219,1,0.6291730624518338,1
rf,both_lateral__C,both_lateral,C,2,219,1,0.6023679414719955,1
rf,both_lateral__C,both_lateral,C,2,219,1,0.6396966585020423,1
rf,both_lateral__C,both_lateral,C,2,219,1,0.5697778795615973,1
rf,both_lateral__C,both_lateral,C,2,219,1,0.6598641894828335,1
rf,both_lateral__C,both_lateral,C,2,219,1,0.6715647175962981,1
rf,both_lateral__C,both_lateral,C,2,219,1,0.5774170274571004,1
rf,both_lateral__C,both_lateral,C,2,219,1,0.6349479075468394,1
rf,both_lateral__C,both_lateral,C,2,219,1,0.6597778795615973,1
rf,both_lateral__C,both_lateral,C,3,313,0,0.5842361996769835,1
rf,both_lateral__C,both_lateral,C,3,313,0,0.5845562062687255,1
rf,both_lateral__C,both_lateral,C,3,313,0,0.5147050207836155,1
rf,both_lateral__C,both_lateral,C,3,313,0,0.5495186853798887,1
rf,both_lateral__C,both_lateral,C,3,313,0,0.6338854347485721,1
rf,both_lateral__C,both_lateral,C,3,313,0,0.5778067288581495,1
rf,both_lateral__C,both_lateral,C,3,313,0,0.6143675064617196,1
rf,both_lateral__C,both_lateral,C,3,313,0,0.6742115295893248,1
rf,both_lateral__C,both_lateral,C,3,313,0,0.6038854058177673,1
rf,both_lateral__C,both_lateral,C,3,313,0,0.5647050207836154,1
rf,both_lateral__C,both_lateral,C,3,313,0,0.4197983273844791,0
rf,both_lateral__C,both_lateral,C,3,313,0,0.6393875718047921,1
rf,both_lateral__C,both_lateral,C,3,313,0,0.5314032140328907,1
rf,both_lateral__C,both_lateral,C,3,313,0,0.4449046067938576,0
rf,both_lateral__C,both_lateral,C,3,313,0,0.5235898629103647,1
rf,both_lateral__C,both_lateral,C,3,313,1,0.6045443541869464,1
rf,both_lateral__C,both_lateral,C,3,313,1,0.5125643366302409,1
rf,both_lateral__C,both_lateral,C,3,313,1,0.6093315928831259,1
rf,both_lateral__C,both_lateral,C,3,313,1,0.5891962129894892,1
rf,both_lateral__C,both_lateral,C,3,313,1,0.6593428569860194,1
rf,both_lateral__C,both_lateral,C,3,313,1,0.5740532089256094,1
rf,both_lateral__C,both_lateral,C,3,313,1,0.6061835792787658,1
rf,both_lateral__C,both_lateral,C,3,313,1,0.6148488210818308,1
rf,both_lateral__C,both_lateral,C,3,313,1,0.5394689879168726,1
rf,both_lateral__C,both_lateral,C,3,313,1,0.6444361635868832,1
rf,both_lateral__C,both_lateral,C,3,313,1,0.6022480251021531,1
rf,both_lateral__C,both_lateral,C,3,313,1,0.629362708507494,1
rf,both_lateral__C,both_lateral,C,3,313,1,0.6037653631359249,1
rf,both_lateral__C,both_lateral,C,3,313,1,0.6093069227954672,1
rf,both_lateral__C,both_lateral,C,4,318,0,0.46459318164896407,0
rf,both_lateral__C,both_lateral,C,4,318,0,0.3949029952348536,0
rf,both_lateral__C,both_lateral,C,4,318,0,0.4397827165449027,0
rf,both_lateral__C,both_lateral,C,4,318,0,0.4298793582421524,0
rf,both_lateral__C,both_lateral,C,4,318,0,0.534295393917479,1
rf,both_lateral__C,both_lateral,C,4,318,0,0.3348861138861139,0
rf,both_lateral__C,both_lateral,C,4,318,0,0.36493647912885663,0
rf,both_lateral__C,both_lateral,C,4,318,0,0.1,0
rf,both_lateral__C,both_lateral,C,4,318,0,0.42468282500388427,0
rf,both_lateral__C,both_lateral,C,4,318,0,0.40991163195082636,0
rf,both_lateral__C,both_lateral,C,4,318,0,0.3399029952348536,0
rf,both_lateral__C,both_lateral,C,4,318,0,0.24995277987232878,0
rf,both_lateral__C,both_lateral,C,4,318,0,0.2998350504550261,0
rf,both_lateral__C,both_lateral,C,4,318,0,0.40950977122519766,0
rf,both_lateral__C,both_lateral,C,4,318,1,0.27479256839526334,0
rf,both_lateral__C,both_lateral,C,4,318,1,0.5492803873341808,1
rf,both_lateral__C,both_lateral,C,4,318,1,0.5782892483752322,1
rf,both_lateral__C,both_lateral,C,4,318,1,0.5233103326458235,1
rf,both_lateral__C,both_lateral,C,4,318,1,0.6282893983215527,1
rf,both_lateral__C,both_lateral,C,4,318,1,0.41930436009304123,0
rf,both_lateral__C,both_lateral,C,4,318,1,0.6792825451501497,1
rf,both_lateral__C,both_lateral,C,4,318,1,0.48183977200987377,0
rf,both_lateral__C,both_lateral,C,4,318,1,0.6029560955567378,1
rf,both_lateral__C,both_lateral,C,4,318,1,0.5149297234848952,1
rf,both_lateral__C,both_lateral,C,4,318,1,0.5497417799447577,1
rf,both_lateral__C,both_lateral,C,4,318,1,0.4596412090633415,0
rf,both_lateral__C,both_lateral,C,4,318,1,0.4481731222312672,0
rf,both_lateral__C,both_lateral,C,4,318,1,0.48968182739644883,0
rf,both_lateral__C,both_lateral,C,5,300,0,0.7197860680243935,1
rf,both_lateral__C,both_lateral,C,5,300,0,0.7795909776714752,1
rf,both_lateral__C,both_lateral,C,5,300,0,0.6676297533025732,1
rf,both_lateral__C,both_lateral,C,5,300,0,0.6609098911362327,1
rf,both_lateral__C,both_lateral,C,5,300,0,0.7801170232342229,1
rf,both_lateral__C,both_lateral,C,5,300,0,0.7499374389919248,1
rf,both_lateral__C,both_lateral,C,5,300,0,0.685285355266164,1
rf,both_lateral__C,both_lateral,C,5,300,0,0.6952776942355889,1
rf,both_lateral__C,both_lateral,C,5,300,0,0.6935311433264931,1
rf,both_lateral__C,both_lateral,C,5,300,0,0.7361610680243935,1
rf,both_lateral__C,both_lateral,C,5,300,0,0.7335236566768758,1
rf,both_lateral__C,both_lateral,C,5,300,0,0.6401249085293498,1
rf,both_lateral__C,both_lateral,C,5,300,0,0.7229419970161957,1
rf,both_lateral__C,both_lateral,C,5,300,0,0.7445833166409002,1
rf,both_lateral__C,both_lateral,C,5,300,1,0.6496535386795504,1
rf,both_lateral__C,both_lateral,C,5,300,1,0.6399520219328307,1
rf,both_lateral__C,both_lateral,C,5,300,1,0.6635670846054768,1
rf,both_lateral__C,both_lateral,C,5,300,1,0.7085908937149042,1
rf,both_lateral__C,both_lateral,C,5,300,1,0.7562167071221378,1
rf,both_lateral__C,both_lateral,C,5,300,1,0.743308523449362,1
rf,both_lateral__C,both_lateral,C,5,300,1,0.7249520219328306,1
rf,both_lateral__C,both_lateral,C,5,300,1,0.7062740683990948,1
rf,both_lateral__C,both_lateral,C,5,300,1,0.7445353385737308,1
rf,both_lateral__C,both_lateral,C,5,300,1,0.7452376014635463,1
rf,both_lateral__C,both_lateral,C,5,300,1,0.6869347418849301,1
rf,both_lateral__C,both_lateral,C,5,300,1,0.7516093043898577,1
rf,both_lateral__C,both_lateral,C,5,300,1,0.7247984971063473,1
rf,both_lateral__C,both_lateral,C,5,300,1,0.7382945643205762,1
rf,both_lateral__C,both_lateral,C,6,271,0,0.3747654761703237,0
rf,both_lateral__C,both_lateral,C,6,271,0,0.3246118726414784,0
rf,both_lateral__C,both_lateral,C,6,271,0,0.24,0
rf,both_lateral__C,both_lateral,C,6,271,0,0.34445233087499216,0
rf,both_lateral__C,both_lateral,C,6,271,0,0.36718512652701135,0
rf,both_lateral__C,both_lateral,C,6,271,0,0.40460407463157355,0
rf,both_lateral__C,both_lateral,C,6,271,0,0.2648268958689559,0
rf,both_lateral__C,both_lateral,C,6,271,0,0.065,0
rf,both_lateral__C,both_lateral,C,6,271,0,0.08507755102040816,0
rf,both_lateral__C,both_lateral,C,6,271,0,0.334577812297002,0
rf,both_lateral__C,both_lateral,C,6,271,0,0.35343699915504145,0
rf,both_lateral__C,both_lateral,C,6,271,0,0.23576664447182094,0
rf,both_lateral__C,both_lateral,C,6,271,0,0.2550775510204082,0
rf,both_lateral__C,both_lateral,C,6,271,0,0.23,0
rf,both_lateral__C,both_lateral,C,6,271,1,0.3945874311140083,0
rf,both_lateral__C,both_lateral,C,6,271,1,0.6451186408486151,1
rf,both_lateral__C,both_lateral,C,6,271,1,0.3797142394708608,0
rf,both_lateral__C,both_lateral,C,6,271,1,0.44432690319157364,0
rf,both_lateral__C,both_lateral,C,6,271,1,0.36958743111400827,0
rf,both_lateral__C,both_lateral,C,6,271,1,0.45974622274840016,0
rf,both_lateral__C,both_lateral,C,6,271,1,0.5502553219764501,1
rf,both_lateral__C,both_lateral,C,6,271,1,0.37474622274840014,0
rf,both_lateral__C,both_lateral,C,6,271,1,0.5295321345112094,1
rf,both_lateral__C,both_lateral,C,6,271,1,0.4727315971889444,0
rf,both_lateral__C,both_lateral,C,6,271,1,0.39813253456040343,0
rf,both_lateral__C,both_lateral,C,6,271,1,0.5845775583430259,1
rf,both_lateral__C,both_lateral,C,6,271,1,0.599418766708634,1
rf,both_lateral__C,both_lateral,C,6,271,1,0.4643502973799737,0
rf,both_lateral__C,both_lateral,C,7,251,0,0.125,0
rf,both_lateral__C,both_lateral,C,7,251,0,0.07,0
rf,both_lateral__C,both_lateral,C,7,251,0,0.045,0
rf,both_lateral__C,both_lateral,C,7,251,0,0.085,0
rf,both_lateral__C,both_lateral,C,7,251,0,0.075,0
rf,both_lateral__C,both_lateral,C,7,251,0,0.07974717927287923,0
rf,both_lateral__C,both_lateral,C,7,251,0,0.2198752664710219,0
rf,both_lateral__C,both_lateral,C,7,251,0,0.1,0
rf,both_lateral__C,both_lateral,C,7,251,0,0.04,0
rf,both_lateral__C,both_lateral,C,7,251,0,0.04,0
rf,both_lateral__C,both_lateral,C,7,251,0,0.065,0
rf,both_lateral__C,both_lateral,C,7,251,0,0.08,0
rf,both_lateral__C,both_lateral,C,7,251,0,0.225,0
rf,both_lateral__C,both_lateral,C,7,251,0,0.1,0
rf,both_lateral__C,both_lateral,C,7,251,1,0.17474717927287922,0
rf,both_lateral__C,both_lateral,C,7,251,1,0.155,0
rf,both_lateral__C,both_lateral,C,7,251,1,0.165,0
rf,both_lateral__C,both_lateral,C,7,251,1,0.07474717927287923,0
rf,both_lateral__C,both_lateral,C,7,251,1,0.12,0
rf,both_lateral__C,both_lateral,C,7,251,1,0.24143344813097595,0
rf,both_lateral__C,both_lateral,C,7,251,1,0.16,0
rf,both_lateral__C,both_lateral,C,7,251,1,0.12474717927287923,0
rf,both_lateral__C,both_lateral,C,7,251,1,0.264685174121682,0
rf,both_lateral__C,both_lateral,C,7,251,1,0.075,0
rf,both_lateral__C,both_lateral,C,7,251,1,0.14,0
rf,both_lateral__C,both_lateral,C,7,251,1,0.13993747996152614,0
rf,both_lateral__C,both_lateral,C,7,251,1,0.34467375843841436,0
rf,both_lateral__C,both_lateral,C,8,282,0,0.06508171007514409,0
rf,both_lateral__C,both_lateral,C,8,282,0,0.10759167023450665,0
rf,both_lateral__C,both_lateral,C,8,282,0,0.11508171007514409,0
rf,both_lateral__C,both_lateral,C,8,282,0,0.14773464374604184,0
rf,both_lateral__C,both_lateral,C,8,282,0,0.12021176513495042,0
rf,both_lateral__C,both_lateral,C,8,282,0,0.2150817100751441,0
rf,both_lateral__C,both_lateral,C,8,282,0,0.15112828056144773,0
rf,both_lateral__C,both_lateral,C,8,282,0,0.1754924514737599,0
rf,both_lateral__C,both_lateral,C,8,282,0,0.12832890279247802,0
rf,both_lateral__C,both_lateral,C,8,282,0,0.2100817100751441,0
rf,both_lateral__C,both_lateral,C,8,282,0,0.24374376684812193,0
rf,both_lateral__C,both_lateral,C,8,282,0,0.09,0
rf,both_lateral__C,both_lateral,C,8,282,0,0.1950817100751441,0
rf,both_lateral__C,both_lateral,C,8,282,0,0.1650817100751441,0
rf,both_lateral__C,both_lateral,C,8,282,1,0.723222809267453,1
rf,both_lateral__C,both_lateral,C,8,282,1,0.6746430113631914,1
rf,both_lateral__C,both_lateral,C,8,282,1,0.6108488070595764,1
rf,both_lateral__C,both_lateral,C,8,282,1,0.5928953857854854,1
rf,both_lateral__C,both_lateral,C,8,282,1,0.7264168337390506,1
rf,both_lateral__C,both_lateral,C,8,282,1,0.6027937972951064,1
rf,both_lateral__C,both_lateral,C,8,282,1,0.32676364445523326,0
rf,both_lateral__C,both_lateral,C,8,282,1,0.5003410509976873,1
rf,both_lateral__C,both_lateral,C,8,282,1,0.6869583835351919,1
rf,both_lateral__C,both_lateral,C,8,282,1,0.5602704255458927,1
rf,both_lateral__C,both_lateral,C,8,282,1,0.5559578214416915,1
rf,both_lateral__C,both_lateral,C,9,210,0,0.3483775380465376,0
rf,both_lateral__C,both_lateral,C,9,210,0,0.15,0
rf,both_lateral__C,both_lateral,C,9,210,0,0.3241310220654144,0
rf,both_lateral__C,both_lateral,C,9,210,0,0.47438421409825327,0
rf,both_lateral__C,both_lateral,C,9,210,0,0.16465479035557437,0
rf,both_lateral__C,both_lateral,C,9,210,0,0.3445172179733778,0
rf,both_lateral__C,both_lateral,C,9,210,0,0.21997411126573863,0
rf,both_lateral__C,both_lateral,C,9,210,0,0.5484773979640678,1
rf,both_lateral__C,both_lateral,C,9,210,0,0.38252306338836733,0
rf,both_lateral__C,both_lateral,C,9,210,0,0.22648384223819115,0
rf,both_lateral__C,both_lateral,C,9,210,0,0.22497411126573863,0
rf,both_lateral__C,both_lateral,C,9,210,0,0.15,0
rf,both_lateral__C,both_lateral,C,9,210,0,0.3398983528394924,0
rf,both_lateral__C,both_lateral,C,9,210,0,0.39992488090875783,0
rf,both_lateral__C,both_lateral,C,9,210,1,0.678716621495482,1
rf,both_lateral__C,both_lateral,C,9,210,1,0.6944281039991246,1
rf,both_lateral__C,both_lateral,C,9,210,1,0.8174565281398465,1
rf,both_lateral__C,both_lateral,C,9,210,1,0.6836350255436128,1
rf,both_lateral__C,both_lateral,C,9,210,1,0.7567523000478199,1
rf,both_lateral__C,both_lateral,C,9,210,1,0.7268916115003848,1
rf,both_lateral__C,both_lateral,C,9,210,1,0.5794876459243226,1
rf,both_lateral__C,both_lateral,C,9,210,1,0.6869466915386496,1
rf,both_lateral__C,both_lateral,C,9,210,1,0.709475749386544,1
rf,both_lateral__C,both_lateral,C,9,210,1,0.7249611915323783,1
rf,both_lateral__C,both_lateral,C,9,210,1,0.7183286896405605,1
rf,both_lateral__C,both_lateral,C,10,265,0,0.3899418604651163,0
rf,both_lateral__C,both_lateral,C,10,265,0,0.3999418604651163,0
rf,both_lateral__C,both_lateral,C,10,265,0,0.465,0
rf,both_lateral__C,both_lateral,C,10,265,0,0.5848907452234806,1
rf,both_lateral__C,both_lateral,C,10,265,0,0.6237490431810386,1
rf,both_lateral__C,both_lateral,C,10,265,0,0.5399418604651163,1
rf,both_lateral__C,both_lateral,C,10,265,0,0.4536393794021095,0
rf,both_lateral__C,both_lateral,C,10,265,0,0.5222735830787856,1
rf,both_lateral__C,both_lateral,C,10,265,0,0.30721786682152535,0
rf,both_lateral__C,both_lateral,C,10,265,0,0.3601630765896076,0
rf,both_lateral__C,both_lateral,C,10,265,0,0.3746489782848117,0
rf,both_lateral__C,both_lateral,C,10,265,0,0.25,0
rf,both_lateral__C,both_lateral,C,10,265,0,0.3656758054192447,0
rf,both_lateral__C,both_lateral,C,10,265,1,0.3147994819056523,0
rf,both_lateral__C,both_lateral,C,10,265,1,0.39919397198351464,0
rf,both_lateral__C,both_lateral,C,10,265,1,0.7132405890918876,1
rf,both_lateral__C,both_lateral,C,10,265,1,0.7240217289848904,1
rf,both_lateral__C,both_lateral,C,10,265,1,0.3304847755189125,0
rf,both_lateral__C,both_lateral,C,10,265,1,0.3756758054192447,0
rf,both_lateral__C,both_lateral,C,10,265,1,0.32,0
rf,both_lateral__C,both_lateral,C,10,265,1,0.5727688026556407,1
rf,both_lateral__C,both_lateral,C,10,265,1,0.664135832448631,1
rf,both_lateral__C,both_lateral,C,10,265,1,0.6339610275570986,1
rf,both_lateral__C,both_lateral,C,10,265,1,0.3422306307901104,0
rf,bis_quatro__A,bis_quatro,A,1,249,0,0.185,0
rf,bis_quatro__A,bis_quatro,A,1,249,0,0.5514107511252985,1
rf,bis_quatro__A,bis_quatro,A,1,249,0,0.9448073180276466,1
rf,bis_quatro__A,bis_quatro,A,1,249,0,0.155,0
rf,bis_quatro__A,bis_quatro,A,1,249,0,0.195,0
rf,bis_quatro__A,bis_quatro,A,1,249,0,0.6293603557212893,1
rf,bis_quatro__A,bis_quatro,A,1,249,0,0.155,0
rf,bis_quatro__A,bis_quatro,A,1,249,0,0.15,0
rf,bis_quatro__A,bis_quatro,A,1,249,0,0.10842318059299191,0
rf,bis_quatro__A,bis_quatro,A,1,249,0,0.2,0
rf,bis_quatro__A,bis_quatro,A,1,249,0,0.06,0
rf,bis_quatro__A,bis_quatro,A,1,249,0,0.2721436905112319,0
rf,bis_quatro__A,bis_quatro,A,1,249,0,0.8572703082054564,1
rf,bis_quatro__A,bis_quatro,A,1,249,0,0.5659013422411211,1
rf,bis_quatro__A,bis_quatro,A,1,249,0,0.13,0
rf,bis_quatro__A,bis_quatro,A,1,249,1,0.41649972987495504,0
rf,bis_quatro__A,bis_quatro,A,1,249,1,0.32236285302587947,0
rf,bis_quatro__A,bis_quatro,A,1,249,1,0.6292264584183307,1
rf,bis_quatro__A,bis_quatro,A,1,249,1,0.6686739155843514,1
rf,bis_quatro__A,bis_quatro,A,1,249,1,0.7399058468904347,1
rf,bis_quatro__A,bis_quatro,A,1,249,1,0.27,0
rf,bis_quatro__A,bis_quatro,A,1,249,1,0.5825648603413339,1
rf,bis_quatro__A,bis_quatro,A,1,249,1,0.3092264584183307,0
rf,bis_quatro__A,bis_quatro,A,1,249,1,0.5892264584183307,1
rf,bis_quatro__A,bis_quatro,A,1,249,1,0.42435689320093944,0
rf,bis_quatro__A,bis_quatro,A,1,249,1,0.34,0
rf,bis_quatro__A,bis_quatro,A,1,249,1,0.4247924756853383,0
rf,bis_quatro__A,bis_quatro,A,1,249,1,0.6595213337943039,1
rf,bis_quatro__A,bis_quatro,A,1,249,1,0.31416751312293567,0
rf,bis_quatro__A,bis_quatro,A,1,249,1,0.44910309375189933,0
rf,bis_quatro__A,bis_quatro,A,1,249,1,0.3567179966248794,0
rf,bis_quatro__A,bis_quatro,A,1,249,1,0.6293035479503837,1
rf,bis_quatro__A,bis_quatro,A,2,219,0,0.5539382239382239,1
rf,bis_quatro__A,bis_quatro,A,2,219,0,0.39029805657420724,0
rf,bis_quatro__A,bis_quatro,A,2,219,0,0.769982241188438,1
rf,bis_quatro__A,bis_quatro,A,2,219,0,0.685,1
rf,bis_quatro__A,bis_quatro,A,2,219,0,0.7532369594589781,1
rf,bis_quatro__A,bis_quatro,A,2,219,0,0.6817629534733521,1
rf,bis_quatro__A,bis_quatro,A,2,219,0,0.381847847436813,0
rf,bis_quatro__A,bis_quatro,A,2,219,0,0.20135983263598325,0
rf,bis_quatro__A,bis_quatro,A,2,219,0,0.6927724304814126,1
rf,bis_quatro__A,bis_quatro,A,2,219,0,0.12635983263598327,0
rf,bis_quatro__A,bis_quatro,A,2,219,0,0.105,0
rf,bis_quatro__A,bis_quatro,A,2,219,0,0.4038456605250228,0
rf,bis_quatro__A,bis_quatro,A,2,219,0,0.06135983263598327,0
rf,bis_quatro__A,bis_quatro,A,2,219,0,0.39,0
rf,bis_quatro__A,bis_quatro,A,2,219,1,0.275,0
rf,bis_quatro__A,bis_quatro,A,2,219,1,0.4169070266034709,0
rf,bis_quatro__A,bis_quatro,A,2,219,1,0.48,0
rf,bis_quatro__A,bis_quatro,A,2,219,1,0.4561645783517337,0
rf,bis_quatro__A,bis_quatro,A,2,219,1,0.45320282523409866,0
rf,bis_quatro__A,bis_quatro,A,2,219,1,0.29278771911674534,0
rf,bis_quatro__A,bis_quatro,A,2,219,1,0.335,0
rf,bis_quatro__A,bis_quatro,A,2,219,1,0.6046565774155995,1
rf,bis_quatro__A,bis_quatro,A,2,219,1,0.5246565774155996,1
rf,bis_quatro__A,bis_quatro,A,2,219,1,0.42320282523409863,0
rf,bis_quatro__A,bis_quatro,A,2,219,1,0.33,0
rf,bis_quatro__A,bis_quatro,A,2,219,1,0.26,0
rf,bis_quatro__A,bis_quatro,A,2,219,1,0.5948336018976396,1
rf,bis_quatro__A,bis_quatro,A,2,219,1,0.455,0
rf,bis_quatro__A,bis_quatro,A,2,219,1,0.315,0
rf,bis_quatro__A,bis_quatro,A,2,219,1,0.535,1
rf,bis_quatro__A,bis_quatro,A,3,313,0,0.5727087754263854,1
rf,bis_quatro__A,bis_quatro,A,3,313,0,0.6286333069160481,1
rf,bis_quatro__A,bis_quatro,A,3,313,0,0.5213630677966054,1
rf,bis_quatro__A,bis_quatro,A,3,313,0,0.6186114755377681,1
rf,bis_quatro__A,bis_quatro,A,3,313,0,0.4546260176445875,0
rf,bis_quatro__A,bis_quatro,A,3,313,0,0.6843119319712446,1
rf,bis_quatro__A,bis_quatro,A,3,313,0,0.630926746777958,1
rf,bis_quatro__A,bis_quatro,A,3,313,0,0.7477437511355924,1
rf,bis_quatro__A,bis_quatro,A,3,313,0,0.5714864678475517,1
rf,bis_quatro__A,bis_quatro,A,3,313,0,0.6551696523521652,1
rf,bis_quatro__A,bis_quatro,A,3,313,0,0.6082364920076228,1
rf,bis_quatro__A,bis_quatro,A,3,313,0,0.5420739176941374,1
rf,bis_quatro__A,bis_quatro,A,3,313,0,0.484884834711648,0
rf,bis_quatro__A,bis_quatro,A,3,313,0,0.6782588272729377,1
rf,bis_quatro__A,bis_quatro,A,3,313,0,0.5681749075325933,1
rf,bis_quatro__A,bis_quatro,A,3,313,1,0.6242486679565638,1
rf,bis_quatro__A,bis_quatro,A,3,313,1,0.5896512184011317,1
rf,bis_quatro__A,bis_quatro,A,3,313,1,0.5372722451782163,1
rf,bis_quatro__A,bis_quatro,A,3,313,1,0.698148078824251,1
rf,bis_quatro__A,bis_quatro,A,3,313,1,0.7822988028597395,1
rf,bis_quatro__A,bis_quatro,A,3,313,1,0.512736210765553,1
rf,bis_quatro__A,bis_quatro,A,3,313,1,0.5671047720383109,1
rf,bis_quatro__A,bis_quatro,A,3,313,1,0.7706874196671423,1
rf,bis_quatro__A,bis_quatro,A,3,313,1,0.7896093159512837,1
rf,bis_quatro__A,bis_quatro,A,3,313,1,0.5903086936383953,1
rf,bis_quatro__A,bis_quatro,A,3,313,1,0.6171420546629723,1
rf,bis_quatro__A,bis_quatro,A,3,313,1,0.6908177193039421,1
rf,bis_quatro__A,bis_quatro,A,3,313,1,0.6626669572061697,1
rf,bis_quatro__A,bis_quatro,A,3,313,1,0.7453661091382834,1
rf,bis_quatro__A,bis_quatro,A,4,318,0,0.6601312126780985,1
rf,bis_quatro__A,bis_quatro,A,4,318,0,0.7252827686064411,1
rf,bis_quatro__A,bis_quatro,A,4,318,0,0.6219410611949834,1
rf,bis_quatro__A,bis_quatro,A,4,318,0,0.49601883347465503,0
rf,bis_quatro__A,bis_quatro,A,4,318,0,0.7425654083206138,1
rf,bis_quatro__A,bis_quatro,A,4,318,0,0.5436458923129881,1
rf,bis_quatro__A,bis_quatro,A,4,318,0,0.4905570724453057,0
rf,bis_quatro__A,bis_quatro,A,4,318,0,0.08,0
rf,bis_quatro__A,bis_quatro,A,4,318,0,0.3028227258573251,0
rf,bis_quatro__A,bis_quatro,A,4,318,0,0.5552166327542141,1
rf,bis_quatro__A,bis_quatro,A,4,318,0,0.27533837714151077,0
rf,bis_quatro__A,bis_quatro,A,4,318,0,0.4867049943765737,0
rf,bis_quatro__A,bis_quatro,A,4,318,0,0.1898402382886542,0
rf,bis_quatro__A,bis_quatro,A,4,318,0,0.41857107046025654,0
rf,bis_quatro__A,bis_quatro,A,4,318,1,0.2553269676816854,0
rf,bis_quatro__A,bis_quatro,A,4,318,1,0.3766325442614017,0
rf,bis_quatro__A,bis_quatro,A,4,318,1,0.3736008038690957,0
rf,bis_quatro__A,bis_quatro,A,4,318,1,0.2776992249046824,0
rf,bis_quatro__A,bis_quatro,A,4,318,1,0.645893761449673,1
rf,bis_quatro__A,bis_quatro,A,4,318,1,0.41228475318401847,0
rf,bis_quatro__A,bis_quatro,A,4,318,1,0.7590915009284757,1
rf,bis_quatro__A,bis_quatro,A,4,318,1,0.33406219282647276,0
rf,bis_quatro__A,bis_quatro,A,4,318,1,0.7098137538752988,1
rf,bis_quatro__A,bis_quatro,A,4,318,1,0.6657529358729357,1
rf,bis_quatro__A,bis_quatro,A,4,318,1,0.43105627425044374,0
rf,bis_quatro__A,bis_quatro,A,4,318,1,0.5374972344012204,1
rf,bis_quatro__A,bis_quatro,A,4,318,1,0.4138807694653252,0
rf,bis_quatro__A,bis_quatro,A,4,318,1,0.49584172662762105,0
rf,bis_quatro__A,bis_quatro,A,5,300,0,0.515,1
rf,bis_quatro__A,bis_quatro,A,5,300,0,0.3675403225806451,0
rf,bis_quatro__A,bis_quatro,A,5,300,0,0.49933557060648665,0
rf,bis_quatro__A,bis_quatro,A,5,300,0,0.574103754728238,1
rf,bis_quatro__A,bis_quatro,A,5,300,0,0.48,0
rf,bis_quatro__A,bis_quatro,A,5,300,0,0.555,1
rf,bis_quatro__A,bis_quatro,A,5,300,0,0.495,0
rf,bis_quatro__A,bis_quatro,A,5,300,0,0.55,1
rf,bis_quatro__A,bis_quatro,A,5,300,0,0.49975159525979945,0
rf,bis_quatro__A,bis_quatro,A,5,300,0,0.4795839753466872,0
rf,bis_quatro__A,bis_quatro,A,5,300,0,0.5743355706064867,1
rf,bis_quatro__A,bis_quatro,A,5,300,0,0.33254032258064514,0
rf,bis_quatro__A,bis_quatro,A,5,300,0,0.505,1
rf,bis_quatro__A,bis_quatro,A,5,300,0,0.53,1
rf,bis_quatro__A,bis_quatro,A,5,300,1,0.435,0
rf,bis_quatro__A,bis_quatro,A,5,300,1,0.535,1
rf,bis_quatro__A,bis_quatro,A,5,300,1,0.3125403225806452,0
rf,bis_quatro__A,bis_quatro,A,5,300,1,0.515,1
rf,bis_quatro__A,bis_quatro,A,5,300,1,0.52,1
rf,bis_quatro__A,bis_quatro,A,5,300,1,0.48,0
rf,bis_quatro__A,bis_quatro,A,5,300,1,0.495,0
rf,bis_quatro__A,bis_quatro,A,5,300,1,0.455,0
rf,bis_quatro__A,bis_quatro,A,5,300,1,0.48,0
rf,bis_quatro__A,bis_quatro,A,5,300,1,0.5,0
rf,bis_quatro__A,bis_quatro,A,5,300,1,0.48,0
rf,bis_quatro__A,bis_quatro,A,5,300,1,0.48,0
rf,bis_quatro__A,bis_quatro,A,5,300,1,0.475,0
rf,bis_quatro__A,bis_quatro,A,5,300,1,0.48,0
rf,bis_quatro__A,bis_quatro,A,6,271,0,0.6481595037463203,1
rf,bis_quatro__A,bis_quatro,A,6,271,0,0.1407346995992561,0
rf,bis_quatro__A,bis_quatro,A,6,271,0,0.33396387832699614,0
rf,bis_quatro__A,bis_quatro,A,6,271,0,0.5624295365005628,1
rf,bis_quatro__A,bis_quatro,A,6,271,0,0.7945014536987354,1
rf,bis_quatro__A,bis_quatro,A,6,271,0,0.763376148151641,1
rf,bis_quatro__A,bis_quatro,A,6,271,0,0.5390353557202867,1
rf,bis_quatro__A,bis_quatro,A,6,271,0,0.105,0
rf,bis_quatro__A,bis_quatro,A,6,271,0,0.11818681318681318,0
rf,bis_quatro__A,bis_quatro,A,6,271,0,0.4194998965831631,0
rf,bis_quatro__A,bis_quatro,A,6,271,0,0.44431966975922504,0
rf,bis_quatro__A,bis_quatro,A,6,271,0,0.2889638783269962,0
rf,bis_quatro__A,bis_quatro,A,6,271,0,0.1832318267320408,0
rf,bis_quatro__A,bis_quatro,A,6,271,0,0.2663958647027797,0
rf,bis_quatro__A,bis_quatro,A,6,271,1,0.6997911860022739,1
rf,bis_quatro__A,bis_quatro,A,6,271,1,0.8388317959264713,1
rf,bis_quatro__A,bis_quatro,A,6,271,1,0.6617217894087295,1
rf,bis_quatro__A,bis_quatro,A,6,271,1,0.8025440932793471,1
rf,bis_quatro__A,bis_quatro,A,6,271,1,0.6392044046748291,1
rf,bis_quatro__A,bis_quatro,A,6,271,1,0.8066654664739079,1
rf,bis_quatro__A,bis_quatro,A,6,271,1,0.8280416605883799,1
rf,bis_quatro__A,bis_quatro,A,6,271,1,0.5624683365360947,1
rf,bis_quatro__A,bis_quatro,A,6,271,1,0.8013729211333015,1
rf,bis_quatro__A,bis_quatro,A,6,271,1,0.6171873548537307,1
rf,bis_quatro__A,bis_quatro,A,6,271,1,0.5866328672975175,1
rf,bis_quatro__A,bis_quatro,A,6,271,1,0.664874129600497,1
rf,bis_quatro__A,bis_quatro,A,6,271,1,0.8222360181193763,1
rf,bis_quatro__A,bis_quatro,A,6,271,1,0.6960927618649814,1
rf,bis_quatro__A,bis_quatro,A,7,251,0,0.045,0
rf,bis_quatro__A,bis_quatro,A,7,251,0,0.035,0
rf,bis_quatro__A,bis_quatro,A,7,251,0,0.025,0
rf,bis_quatro__A,bis_quatro,A,7,251,0,0.075,0
rf,bis_quatro__A,bis_quatro,A,7,251,0,0.055,0
rf,bis_quatro__A,bis_quatro,A,7,251,0,0.03,0
rf,bis_quatro__A,bis_quatro,A,7,251,0,0.1785210601041174,0
rf,bis_quatro__A,bis_quatro,A,7,251,0,0.015,0
rf,bis_quatro__A,bis_quatro,A,7,251,0,0.035,0
rf,bis_quatro__A,bis_quatro,A,7,251,0,0.01,0
rf,bis_quatro__A,bis_quatro,A,7,251,0,0.03,0
rf,bis_quatro__A,bis_quatro,A,7,251,0,0.02,0
rf,bis_quatro__A,bis_quatro,A,7,251,0,0.015,0
rf,bis_quatro__A,bis_quatro,A,7,251,0,0.035,0
rf,bis_quatro__A,bis_quatro,A,7,251,1,0.3080352071594713,0
rf,bis_quatro__A,bis_quatro,A,7,251,1,0.125,0
rf,bis_quatro__A,bis_quatro,A,7,251,1,0.215,0
rf,bis_quatro__A,bis_quatro,A,7,251,1,0.165,0
rf,bis_quatro__A,bis_quatro,A,7,251,1,0.04,0
rf,bis_quatro__A,bis_quatro,A,7,251,1,0.37966478944604987,0
rf,bis_quatro__A,bis_quatro,A,7,251,1,0.05,0
rf,bis_quatro__A,bis_quatro,A,7,251,1,0.353057483945177,0
rf,bis_quatro__A,bis_quatro,A,7,251,1,0.325,0
rf,bis_quatro__A,bis_quatro,A,7,251,1,0.11,0
rf,bis_quatro__A,bis_quatro,A,7,251,1,0.15,0
rf,bis_quatro__A,bis_quatro,A,7,251,1,0.09,0
rf,bis_quatro__A,bis_quatro,A,7,251,1,0.24238955823293173,0
rf,bis_quatro__A,bis_quatro,A,8,282,0,0.03,0
rf,bis_quatro__A,bis_quatro,A,8,282,0,0.07,0
rf,bis_quatro__A,bis_quatro,A,8,282,0,0.03,0
rf,bis_quatro__A,bis_quatro,A,8,282,0,0.040705095751705916,0
rf,bis_quatro__A,bis_quatro,A,8,282,0,0.04,0
rf,bis_quatro__A,bis_quatro,A,8,282,0,0.015,0
rf,bis_quatro__A,bis_quatro,A,8,282,0,0.065,0
rf,bis_quatro__A,bis_quatro,A,8,282,0,0.055,0
rf,bis_quatro__A,bis_quatro,A,8,282,0,0.08053477024072939,0
rf,bis_quatro__A,bis_quatro,A,8,282,0,0.07646252433700061,0
rf,bis_quatro__A,bis_quatro,A,8,282,0,0.09263563166264284,0
rf,bis_quatro__A,bis_quatro,A,8,282,0,0.03,0
rf,bis_quatro__A,bis_quatro,A,8,282,0,0.014256670902160103,0
rf,bis_quatro__A,bis_quatro,A,8,282,0,0.05,0
rf,bis_quatro__A,bis_quatro,A,8,282,1,0.7859596103472889,1
rf,bis_quatro__A,bis_quatro,A,8,282,1,0.739510046775258,1
rf,bis_quatro__A,bis_quatro,A,8,282,1,0.6012938296929197,1
rf,bis_quatro__A,bis_quatro,A,8,282,1,0.6602722916358613,1
rf,bis_quatro__A,bis_quatro,A,8,282,1,0.833019497904154,1
rf,bis_quatro__A,bis_quatro,A,8,282,1,0.7164292590149413,1
rf,bis_quatro__A,bis_quatro,A,8,282,1,0.26698718938955207,0
rf,bis_quatro__A,bis_quatro,A,8,282,1,0.7915908524150148,1
rf,bis_quatro__A,bis_quatro,A,8,282,1,0.8589320419120657,1
rf,bis_quatro__A,bis_quatro,A,8,282,1,0.683585985436734,1
rf,bis_quatro__A,bis_quatro,A,8,282,1,0.7228663460494308,1
rf,bis_quatro__A,bis_quatro,A,9,210,0,0.02,0
rf,bis_quatro__A,bis_quatro,A,9,210,0,0.145626314208471,0
rf,bis_quatro__A,bis_quatro,A,9,210,0,0.6341660771815262,1
rf,bis_quatro__A,bis_quatro,A,9,210,0,0.5391091874610626,1
rf,bis_quatro__A,bis_quatro,A,9,210,0,0.192249005501347,0
rf,bis_quatro__A,bis_quatro,A,9,210,0,0.6768088246949895,1
rf,bis_quatro__A,bis_quatro,A,9,210,0,0.04062631420847101,0
rf,bis_quatro__A,bis_quatro,A,9,210,0,0.6505086799063209,1
rf,bis_quatro__A,bis_quatro,A,9,210,0,0.3355931283497185,0
rf,bis_quatro__A,bis_quatro,A,9,210,0,0.08292870724690467,0
rf,bis_quatro__A,bis_quatro,A,9,210,0,0.07,0
rf,bis_quatro__A,bis_quatro,A,9,210,0,0.01,0
rf,bis_quatro__A,bis_quatro,A,9,210,0,0.04,0
rf,bis_quatro__A,bis_quatro,A,9,210,0,0.29184469150452264,0
rf,bis_quatro__A,bis_quatro,A,9,210,1,0.45800856506030935,0
rf,bis_quatro__A,bis_quatro,A,9,210,1,0.6390314176154569,1
rf,bis_quatro__A,bis_quatro,A,9,210,1,0.7665351211635735,1
rf,bis_quatro__A,bis_quatro,A,9,210,1,0.7946541833156505,1
rf,bis_quatro__A,bis_quatro,A,9,210,1,0.7831093599620996,1
rf,bis_quatro__A,bis_quatro,A,9,210,1,0.8295478852758316,1
rf,bis_quatro__A,bis_quatro,A,9,210,1,0.6103507096269115,1
rf,bis_quatro__A,bis_quatro,A,9,210,1,0.7057657476776319,1
rf,bis_quatro__A,bis_quatro,A,9,210,1,0.9400313630835012,1
rf,bis_quatro__A,bis_quatro,A,9,210,1,0.9570057470044473,1
rf,bis_quatro__A,bis_quatro,A,9,210,1,0.6987293826096359,1
rf,bis_quatro__A,bis_quatro,A,10,265,0,0.5285806570646352,1
rf,bis_quatro__A,bis_quatro,A,10,265,0,0.6385806570646352,1
rf,bis_quatro__A,bis_quatro,A,10,265,0,0.7684784339694829,1
rf,bis_quatro__A,bis_quatro,A,10,265,0,0.8512024934036815,1
rf,bis_quatro__A,bis_quatro,A,10,265,0,0.946662156618968,1
rf,bis_quatro__A,bis_quatro,A,10,265,0,0.9284605987935011,1
rf,bis_quatro__A,bis_quatro,A,10,265,0,0.8112646272097531,1
rf,bis_quatro__A,bis_quatro,A,10,265,0,0.9260616069416413,1
rf,bis_quatro__A,bis_quatro,A,10,265,0,0.4011997046836828,0
rf,bis_quatro__A,bis_quatro,A,10,265,0,0.6531337942500304,1
rf,bis_quatro__A,bis_quatro,A,10,265,0,0.801533487684625,1
rf,bis_quatro__A,bis_quatro,A,10,265,0,0.3958523235729412,0
rf,bis_quatro__A,bis_quatro,A,10,265,0,0.6267691410061825,1
rf,bis_quatro__A,bis_quatro,A,10,265,1,0.5516319627481989,1
rf,bis_quatro__A,bis_quatro,A,10,265,1,0.5517859585889654,1
rf,bis_quatro__A,bis_quatro,A,10,265,1,0.9379612767707846,1
rf,bis_quatro__A,bis_quatro,A,10,265,1,0.9345953002610966,1
rf,bis_quatro__A,bis_quatro,A,10,265,1,0.6435806570646352,1
rf,bis_quatro__A,bis_quatro,A,10,265,1,0.495,0
rf,bis_quatro__A,bis_quatro,A,10,265,1,0.5957225421521761,1
rf,bis_quatro__A,bis_quatro,A,10,265,1,0.8664939297551365,1
rf,bis_quatro__A,bis_quatro,A,10,265,1,0.6652544931898966,1
rf,bis_quatro__A,bis_quatro,A,10,265,1,0.8875794302916706,1
rf,bis_quatro__A,bis_quatro,A,10,265,1,0.6040129151291513,1
rf,bis_quatro__B,bis_quatro,B,1,249,0,0.3515447628276285,0
rf,bis_quatro__B,bis_quatro,B,1,249,0,0.6364056641057836,1
rf,bis_quatro__B,bis_quatro,B,1,249,0,0.7220461291586241,1
rf,bis_quatro__B,bis_quatro,B,1,249,0,0.4427889314736336,0
rf,bis_quatro__B,bis_quatro,B,1,249,0,0.6582858250903252,1
rf,bis_quatro__B,bis_quatro,B,1,249,0,0.3929806946689088,0
rf,bis_quatro__B,bis_quatro,B,1,249,0,0.497881340100786,0
rf,bis_quatro__B,bis_quatro,B,1,249,0,0.4723135601618693,0
rf,bis_quatro__B,bis_quatro,B,1,249,0,0.5751515712649892,1
rf,bis_quatro__B,bis_quatro,B,1,249,0,0.4424898610038106,0
rf,bis_quatro__B,bis_quatro,B,1,249,0,0.35719193646581743,0
rf,bis_quatro__B,bis_quatro,B,1,249,0,0.5829946650135289,1
rf,bis_quatro__B,bis_quatro,B,1,249,0,0.46718015040625555,0
rf,bis_quatro__B,bis_quatro,B,1,249,0,0.596000830822481,1
rf,bis_quatro__B,bis_quatro,B,1,249,0,0.4937873730056105,0
rf,bis_quatro__B,bis_quatro,B,1,249,1,0.647703883420723,1
rf,bis_quatro__B,bis_quatro,B,1,249,1,0.27355033259715156,0
rf,bis_quatro__B,bis_quatro,B,1,249,1,0.45779170706153816,0
rf,bis_quatro__B,bis_quatro,B,1,249,1,0.392844715684274,0
rf,bis_quatro__B,bis_quatro,B,1,249,1,0.5041042157506197,1
rf,bis_quatro__B,bis_quatro,B,1,249,1,0.28591465465921173,0
rf,bis_quatro__B,bis_quatro,B,1,249,1,0.4019613476792665,0
rf,bis_quatro__B,bis_quatro,B,1,249,1,0.5689123466661835,1
rf,bis_quatro__B,bis_quatro,B,1,249,1,0.5578605303901726,1
rf,bis_quatro__B,bis_quatro,B,1,249,1,0.4467856181590921,0
rf,bis_quatro__B,bis_quatro,B,1,249,1,0.4246069157016488,0
rf,bis_quatro__B,bis_quatro,B,1,249,1,0.4928671706211483,0
rf,bis_quatro__B,bis_quatro,B,1,249,1,0.34524903500995585,0
rf,bis_quatro__B,bis_quatro,B,1,249,1,0.48442958919821755,0
rf,bis_quatro__B,bis_quatro,B,1,249,1,0.5180506346379928,1
rf,bis_quatro__B,bis_quatro,B,1,249,1,0.5984863748277206,1
rf,bis_quatro__B,bis_quatro,B,1,249,1,0.4242850470486384,0
rf,bis_quatro__B,bis_quatro,B,2,219,0,0.5080514792002583,1
rf,bis_quatro__B,bis_quatro,B,2,219,0,0.46798350804956224,0
rf,bis_quatro__B,bis_quatro,B,2,219,0,0.5493911518339667,1
rf,bis_quatro__B,bis_quatro,B,2,219,0,0.3979736556849525,0
rf,bis_quatro__B,bis_quatro,B,2,219,0,0.3916388286197135,0
rf,bis_quatro__B,bis_quatro,B,2,219,0,0.6099617093626534,1
rf,bis_quatro__B,bis_quatro,B,2,219,0,0.5657395891590344,1
rf,bis_quatro__B,bis_quatro,B,2,219,0,0.5508917512174488,1
rf,bis_quatro__B,bis_quatro,B,2,219,0,0.36865502934017563,0
rf,bis_quatro__B,bis_quatro,B,2,219,0,0.4553145670406756,0
rf,bis_quatro__B,bis_quatro,B,2,219,0,0.5511604617197624,1
rf,bis_quatro__B,bis_quatro,B,2,219,0,0.3758128475227248,0
rf,bis_quatro__B,bis_quatro,B,2,219,0,0.4997114300091629,0
rf,bis_quatro__B,bis_quatro,B,2,219,0,0.5631652778442034,1
rf,bis_quatro__B,bis_quatro,B,2,219,1,0.5050430545410451,1
rf,bis_quatro__B,bis_quatro,B,2,219,1,0.4264157084318962,0
rf,bis_quatro__B,bis_quatro,B,2,219,1,0.6141753773097123,1
rf,bis_quatro__B,bis_quatro,B,2,219,1,0.6263459083260535,1
rf,bis_quatro__B,bis_quatro,B,2,219,1,0.5617927947997636,1
rf,bis_quatro__B,bis_quatro,B,2,219,1,0.5368666406339185,1
rf,bis_quatro__B,bis_quatro,B,2,219,1,0.36869799838879663,0
rf,bis_quatro__B,bis_quatro,B,2,219,1,0.6645574485541798,1
rf,bis_quatro__B,bis_quatro,B,2,219,1,0.5059828501169885,1
rf,bis_quatro__B,bis_quatro,B,2,219,1,0.5432045178636561,1
rf,bis_quatro__B,bis_quatro,B,2,219,1,0.5376959131208858,1
rf,bis_quatro__B,bis_quatro,B,2,219,1,0.5009637955876083,1
rf,bis_quatro__B,bis_quatro,B,2,219,1,0.3833594706143578,0
rf,bis_quatro__B,bis_quatro,B,2,219,1,0.48857990918587085,0
rf,bis_quatro__B,bis_quatro,B,2,219,1,0.6496139200741748,1
rf,bis_quatro__B,bis_quatro,B,2,219,1,0.5946611296149402,1
rf,bis_quatro__B,bis_quatro,B,3,313,0,0.4037255563413954,0
rf,bis_quatro__B,bis_quatro,B,3,313,0,0.49829051688315096,0
rf,bis_quatro__B,bis_quatro,B,3,313,0,0.547633883541596,1
rf,bis_quatro__B,bis_quatro,B,3,313,0,0.6095091152053828,1
rf,bis_quatro__B,bis_quatro,B,3,313,0,0.5123652450306271,1
rf,bis_quatro__B,bis_quatro,B,3,313,0,0.5136722992834168,1
rf,bis_quatro__B,bis_quatro,B,3,313,0,0.39374944198110023,0
rf,bis_quatro__B,bis_quatro,B,3,313,0,0.32520379477015615,0
rf,bis_quatro__B,bis_quatro,B,3,313,0,0.5728637944248136,1
rf,bis_quatro__B,bis_quatro,B,3,313,0,0.5351711605859191,1
rf,bis_quatro__B,bis_quatro,B,3,313,0,0.4697593175787527,0
rf,bis_quatro__B,bis_quatro,B,3,313,0,0.5349170714748733,1
rf,bis_quatro__B,bis_quatro,B,3,313,0,0.4831233625764698,0
rf,bis_quatro__B,bis_quatro,B,3,313,0,0.37327686799775966,0
rf,bis_quatro__B,bis_quatro,B,3,313,0,0.463396671248079,0
rf,bis_quatro__B,bis_quatro,B,3,313,1,0.6276825739213101,1
rf,bis_quatro__B,bis_quatro,B,3,313,1,0.6519136436165063,1
rf,bis_quatro__B,bis_quatro,B,3,313,1,0.31559990940365723,0
rf,bis_quatro__B,bis_quatro,B,3,313,1,0.4151648737664497,0
rf,bis_quatro__B,bis_quatro,B,3,313,1,0.3656439256782151,0
rf,bis_quatro__B,bis_quatro,B,3,313,1,0.6694836259699861,1
rf,bis_quatro__B,bis_quatro,B,3,313,1,0.4519776273026834,0
rf,bis_quatro__B,bis_quatro,B,3,313,1,0.5769669191222212,1
rf,bis_quatro__B,bis_quatro,B,3,313,1,0.4549115215960351,0
rf,bis_quatro__B,bis_quatro,B,3,313,1,0.4368380757620917,0
rf,bis_quatro__B,bis_quatro,B,3,313,1,0.531999639879221,1
rf,bis_quatro__B,bis_quatro,B,3,313,1,0.5584484355143605,1
rf,bis_quatro__B,bis_quatro,B,3,313,1,0.5302079685899234,1
rf,bis_quatro__B,bis_quatro,B,3,313,1,0.4087225707448619,0
rf,bis_quatro__B,bis_quatro,B,4,318,0,0.311005018985612,0
rf,bis_quatro__B,bis_quatro,B,4,318,0,0.4847588501700047,0
rf,bis_quatro__B,bis_quatro,B,4,318,0,0.43273330773064006,0
rf,bis_quatro__B,bis_quatro,B,4,318,0,0.5052666341100497,1
rf,bis_quatro__B,bis_quatro,B,4,318,0,0.4365844923057584,0
rf,bis_quatro__B,bis_quatro,B,4,318,0,0.4992074210583139,0
rf,bis_quatro__B,bis_quatro,B,4,318,0,0.339586442241942,0
rf,bis_quatro__B,bis_quatro,B,4,318,0,0.4577553106970001,0
rf,bis_quatro__B,bis_quatro,B,4,318,0,0.6079471054245031,1
rf,bis_quatro__B,bis_quatro,B,4,318,0,0.18422566874537247,0
rf,bis_quatro__B,bis_quatro,B,4,318,0,0.5190046090647567,1
rf,bis_quatro__B,bis_quatro,B,4,318,0,0.51683287721347,1
rf,bis_quatro__B,bis_quatro,B,4,318,0,0.42310417451819093,0
rf,bis_quatro__B,bis_quatro,B,4,318,0,0.5733070276362566,1
rf,bis_quatro__B,bis_quatro,B,4,318,1,0.31067601246002374,0
rf,bis_quatro__B,bis_quatro,B,4,318,1,0.4821038029188612,0
rf,bis_quatro__B,bis_quatro,B,4,318,1,0.37375279457499483,0
rf,bis_quatro__B,bis_quatro,B,4,318,1,0.4772960630656886,0
rf,bis_quatro__B,bis_quatro,B,4,318,1,0.34551117101259654,0
rf,bis_quatro__B,bis_quatro,B,4,318,1,0.48255585992468397,0
rf,bis_quatro__B,bis_quatro,B,4,318,1,0.3433738598458239,0
rf,bis_quatro__B,bis_quatro,B,4,318,1,0.5703709667008203,1
rf,bis_quatro__B,bis_quatro,B,4,318,1,0.6164713112931025,1
rf,bis_quatro__B,bis_quatro,B,4,318,1,0.5449536295879294,1
rf,bis_quatro__B,bis_quatro,B,4,318,1,0.3511785276146591,0
rf,bis_quatro__B,bis_quatro,B,4,318,1,0.32240716157481214,0
rf,bis_quatro__B,bis_quatro,B,4,318,1,0.4491798264459448,0
rf,bis_quatro__B,bis_quatro,B,4,318,1,0.4324489613588811,0
rf,bis_quatro__B,bis_quatro,B,5,300,0,0.5169839537034747,1
rf,bis_quatro__B,bis_quatro,B,5,300,0,0.6171749949054471,1
rf,bis_quatro__B,bis_quatro,B,5,300,0,0.42017657828499044,0
rf,bis_quatro__B,bis_quatro,B,5,300,0,0.3050303222560942,0
rf,bis_quatro__B,bis_quatro,B,5,300,0,0.6040827398830948,1
rf,bis_quatro__B,bis_quatro,B,5,300,0,0.5385890701202781,1
rf,bis_quatro__B,bis_quatro,B,5,300,0,0.5295861026953179,1
rf,bis_quatro__B,bis_quatro,B,5,300,0,0.6442833090013254,1
rf,bis_quatro__B,bis_quatro,B,5,300,0,0.49528114231734904,0
rf,bis_quatro__B,bis_quatro,B,5,300,0,0.5357936993616157,1
rf,bis_quatro__B,bis_quatro,B,5,300,0,0.38434916459451735,0
rf,bis_quatro__B,bis_quatro,B,5,300,0,0.5372326996354309,1
rf,bis_quatro__B,bis_quatro,B,5,300,0,0.5167204199994871,1
rf,bis_quatro__B,bis_quatro,B,5,300,0,0.5809377512991339,1
rf,bis_quatro__B,bis_quatro,B,5,300,1,0.452650168368783,0
rf,bis_quatro__B,bis_quatro,B,5,300,1,0.6661494903533783,1
rf,bis_quatro__B,bis_quatro,B,5,300,1,0.5954158040026223,1
rf,bis_quatro__B,bis_quatro,B,5,300,1,0.4140771738508569,0
rf,bis_quatro__B,bis_quatro,B,5,300,1,0.36694244275670185,0
rf,bis_quatro__B,bis_quatro,B,5,300,1,0.5159799650823369,1
rf,bis_quatro__B,bis_quatro,B,5,300,1,0.5343407495832702,1
rf,bis_quatro__B,bis_quatro,B,5,300,1,0.45067049438717455,0
rf,bis_quatro__B,bis_quatro,B,5,300,1,0.39892438938713476,0
rf,bis_quatro__B,bis_quatro,B,5,300,1,0.638226543798741,1
rf,bis_quatro__B,bis_quatro,B,5,300,1,0.5607556808410531,1
rf,bis_quatro__B,bis_quatro,B,5,300,1,0.3213809444914453,0
rf,bis_quatro__B,bis_quatro,B,5,300,1,0.386838211316036,0
rf,bis_quatro__B,bis_quatro,B,5,300,1,0.4470703081147407,0
rf,bis_quatro__B,bis_quatro,B,6,271,0,0.5991615123485909,1
rf,bis_quatro__B,bis_quatro,B,6,271,0,0.386569590670627,0
rf,bis_quatro__B,bis_quatro,B,6,271,0,0.637583123323007,1
rf,bis_quatro__B,bis_quatro,B,6,271,0,0.2990437852238824,0
rf,bis_quatro__B,bis_quatro,B,6,271,0,0.6054226324317269,1
rf,bis_quatro__B,bis_quatro,B,6,271,0,0.411648982275259,0
rf,bis_quatro__B,bis_quatro,B,6,271,0,0.6451739549721986,1
rf,bis_quatro__B,bis_quatro,B,6,271,0,0.5740097893203228,1
rf,bis_quatro__B,bis_quatro,B,6,271,0,0.6879509044168043,1
rf,bis_quatro__B,bis_quatro,B,6,271,0,0.48911822610740335,0
rf,bis_quatro__B,bis_quatro,B,6,271,0,0.49403272327603615,0
rf,bis_quatro__B,bis_quatro,B,6,271,0,0.3241456312717471,0
rf,bis_quatro__B,bis_quatro,B,6,271,0,0.3915658842905853,0
rf,bis_quatro__B,bis_quatro,B,6,271,0,0.6312716051751616,1
rf,bis_quatro__B,bis_quatro,B,6,271,1,0.6731538769759211,1
rf,bis_quatro__B,bis_quatro,B,6,271,1,0.4757579849251304,0
rf,bis_quatro__B,bis_quatro,B,6,271,1,0.5290464028189309,1
rf,bis_quatro__B,bis_quatro,B,6,271,1,0.6185137142065653,1
rf,bis_quatro__B,bis_quatro,B,6,271,1,0.31106785124034514,0
rf,bis_quatro__B,bis_quatro,B,6,271,1,0.4130731566820276,0
rf,bis_quatro__B,bis_quatro,B,6,271,1,0.5792033503570085,1
rf,bis_quatro__B,bis_quatro,B,6,271,1,0.453764576470912,0
rf,bis_quatro__B,bis_quatro,B,6,271,1,0.4173574756583627,0
rf,bis_quatro__B,bis_quatro,B,6,271,1,0.686093951087547,1
rf,bis_quatro__B,bis_quatro,B,6,271,1,0.3719805445851771,0
rf,bis_quatro__B,bis_quatro,B,6,271,1,0.48252697644632503,0
rf,bis_quatro__B,bis_quatro,B,6,271,1,0.34959703928988906,0
rf,bis_quatro__B,bis_quatro,B,6,271,1,0.46036360467539644,0
rf,bis_quatro__B,bis_quatro,B,7,251,0,0.4868455973360162,0
rf,bis_quatro__B,bis_quatro,B,7,251,0,0.5280980809542765,1
rf,bis_quatro__B,bis_quatro,B,7,251,0,0.45539927638324273,0
rf,bis_quatro__B,bis_quatro,B,7,251,0,0.5930027181784543,1
rf,bis_quatro__B,bis_quatro,B,7,251,0,0.4425556765063366,0
rf,bis_quatro__B,bis_quatro,B,7,251,0,0.6081391354419341,1
rf,bis_quatro__B,bis_quatro,B,7,251,0,0.3928607500757787,0
rf,bis_quatro__B,bis_quatro,B,7,251,0,0.41197690027637757,0
rf,bis_quatro__B,bis_quatro,B,7,251,0,0.4611195921460029,0
rf,bis_quatro__B,bis_quatro,B,7,251,0,0.3305409712784392,0
rf,bis_quatro__B,bis_quatro,B,7,251,0,0.40616461323293296,0
rf,bis_quatro__B,bis_quatro,B,7,251,0,0.4839093605183684,0
rf,bis_quatro__B,bis_quatro,B,7,251,0,0.6702543709409133,1
rf,bis_quatro__B,bis_quatro,B,7,251,0,0.5171719712280332,1
rf,bis_quatro__B,bis_quatro,B,7,251,1,0.22614266868797195,0
rf,bis_quatro__B,bis_quatro,B,7,251,1,0.38143224170257417,0
rf,bis_quatro__B,bis_quatro,B,7,251,1,0.5441271235892291,1
rf,bis_quatro__B,bis_quatro,B,7,251,1,0.2891928001654621,0
rf,bis_quatro__B,bis_quatro,B,7,251,1,0.3209528658430309,0
rf,bis_quatro__B,bis_quatro,B,7,251,1,0.45572960482844205,0
rf,bis_quatro__B,bis_quatro,B,7,251,1,0.5185310080494585,1
rf,bis_quatro__B,bis_quatro,B,7,251,1,0.46348387358626036,0
rf,bis_quatro__B,bis_quatro,B,7,251,1,0.33083329937329625,0
rf,bis_quatro__B,bis_quatro,B,7,251,1,0.4631844019328106,0
rf,bis_quatro__B,bis_quatro,B,7,251,1,0.4847610492303241,0
rf,bis_quatro__B,bis_quatro,B,7,251,1,0.40749453067738245,0
rf,bis_quatro__B,bis_quatro,B,7,251,1,0.5148252110958655,1
rf,bis_quatro__B,bis_quatro,B,8,282,0,0.4270303011413424,0
rf,bis_quatro__B,bis_quatro,B,8,282,0,0.3583136281814026,0
rf,bis_quatro__B,bis_quatro,B,8,282,0,0.43523603390570614,0
rf,bis_quatro__B,bis_quatro,B,8,282,0,0.5673632371606553,1
rf,bis_quatro__B,bis_quatro,B,8,282,0,0.5252886468429554,1
rf,bis_quatro__B,bis_quatro,B,8,282,0,0.5607504488582555,1
rf,bis_quatro__B,bis_quatro,B,8,282,0,0.5061042034876407,1
rf,bis_quatro__B,bis_quatro,B,8,282,0,0.5273156491004396,1
rf,bis_quatro__B,bis_quatro,B,8,282,0,0.6184869892038449,1
rf,bis_quatro__B,bis_quatro,B,8,282,0,0.5661719619087267,1
rf,bis_quatro__B,bis_quatro,B,8,282,0,0.5192510406916501,1
rf,bis_quatro__B,bis_quatro,B,8,282,0,0.5688220077866655,1
rf,bis_quatro__B,bis_quatro,B,8,282,0,0.39338407756878097,0
rf,bis_quatro__B,bis_quatro,B,8,282,0,0.40910727442269,0
rf,bis_quatro__B,bis_quatro,B,8,282,1,0.5548285322576855,1
rf,bis_quatro__B,bis_quatro,B,8,282,1,0.5991720165522643,1
rf,bis_quatro__B,bis_quatro,B,8,282,1,0.3594773540454978,0
rf,bis_quatro__B,bis_quatro,B,8,282,1,0.42736813001132995,0
rf,bis_quatro__B,bis_quatro,B,8,282,1,0.589707850421904,1
rf,bis_quatro__B,bis_quatro,B,8,282,1,0.5793156130605064,1
rf,bis_quatro__B,bis_quatro,B,8,282,1,0.4996612011710279,0
rf,bis_quatro__B,bis_quatro,B,8,282,1,0.4117265902060398,0
rf,bis_quatro__B,bis_quatro,B,8,282,1,0.47537372421194407,0
rf,bis_quatro__B,bis_quatro,B,8,282,1,0.5540721483766883,1
rf,bis_quatro__B,bis_quatro,B,8,282,1,0.3674634913000703,0
rf,bis_quatro__B,bis_quatro,B,9,210,0,0.4014659038609317,0
rf,bis_quatro__B,bis_quatro,B,9,210,0,0.46738817692262175,0
rf,bis_quatro__B,bis_quatro,B,9,210,0,0.44448605013244724,0
rf,bis_quatro__B,bis_quatro,B,9,210,0,0.5829606013877886,1
rf,bis_quatro__B,bis_quatro,B,9,210,0,0.4060393671745101,0
rf,bis_quatro__B,bis_quatro,B,9,210,0,0.3351260300331061,0
rf,bis_quatro__B,bis_quatro,B,9,210,0,0.5511056068378293,1
rf,bis_quatro__B,bis_quatro,B,9,210,0,0.7451260118838385,1
rf,bis_quatro__B,bis_quatro,B,9,210,0,0.47519898649688047,0
rf,bis_quatro__B,bis_quatro,B,9,210,0,0.6124996731010961,1
rf,bis_quatro__B,bis_quatro,B,9,210,0,0.4103737934994032,0
rf,bis_quatro__B,bis_quatro,B,9,210,0,0.40241322442677296,0
rf,bis_quatro__B,bis_quatro,B,9,210,0,0.6782715409637678,1
rf,bis_quatro__B,bis_quatro,B,9,210,0,0.541491427558119,1
rf,bis_quatro__B,bis_quatro,B,9,210,1,0.5409472478680799,1
rf,bis_quatro__B,bis_quatro,B,9,210,1,0.40676397720652785,0
rf,bis_quatro__B,bis_quatro,B,9,210,1,0.6426937140291584,1
rf,bis_quatro__B,bis_quatro,B,9,210,1,0.5870276456178223,1
rf,bis_quatro__B,bis_quatro,B,9,210,1,0.5246381999291058,1
rf,bis_quatro__B,bis_quatro,B,9,210,1,0.455,0
rf,bis_quatro__B,bis_quatro,B,9,210,1,0.4978185099480904,0
rf,bis_quatro__B,bis_quatro,B,9,210,1,0.3798357843424887,0
rf,bis_quatro__B,bis_quatro,B,9,210,1,0.48623482639780546,0
rf,bis_quatro__B,bis_quatro,B,9,210,1,0.5624082700360369,1
rf,bis_quatro__B,bis_quatro,B,9,210,1,0.5264370366200152,1
rf,bis_quatro__B,bis_quatro,B,10,265,0,0.492939988117772,0
rf,bis_quatro__B,bis_quatro,B,10,265,0,0.5126898131447202,1
rf,bis_quatro__B,bis_quatro,B,10,265,0,0.5688950753049198,1
rf,bis_quatro__B,bis_quatro,B,10,265,0,0.5254208845932977,1
rf,bis_quatro__B,bis_quatro,B,10,265,0,0.443753119693157,0
rf,bis_quatro__B,bis_quatro,B,10,265,0,0.47668653509414044,0
rf,bis_quatro__B,bis_quatro,B,10,265,0,0.4729404188074788,0
rf,bis_quatro__B,bis_quatro,B,10,265,0,0.43198684465644777,0
rf,bis_quatro__B,bis_quatro,B,10,265,0,0.4389171042114484,0
rf,bis_quatro__B,bis_quatro,B,10,265,0,0.5548792941560265,1
rf,bis_quatro__B,bis_quatro,B,10,265,0,0.5462751702530383,1
rf,bis_quatro__B,bis_quatro,B,10,265,0,0.48937600729834324,0
rf,bis_quatro__B,bis_quatro,B,10,265,0,0.4563172559451872,0
rf,bis_quatro__B,bis_quatro,B,10,265,1,0.6021346465740005,1
rf,bis_quatro__B,bis_quatro,B,10,265,1,0.41232292166713663,0
rf,bis_quatro__B,bis_quatro,B,10,265,1,0.6920409418867912,1
rf,bis_quatro__B,bis_quatro,B,10,265,1,0.6431891644292704,1
rf,bis_quatro__B,bis_quatro,B,10,265,1,0.4864172524776911,0
rf,bis_quatro__B,bis_quatro,B,10,265,1,0.665952587848968,1
rf,bis_quatro__B,bis_quatro,B,10,265,1,0.5183372203557209,1
rf,bis_quatro__B,bis_quatro,B,10,265,1,0.7004229617769977,1
rf,bis_quatro__B,bis_quatro,B,10,265,1,0.5512016477535739,1
rf,bis_quatro__B,bis_quatro,B,10,265,1,0.34962754330589596,0
rf,bis_quatro__B,bis_quatro,B,10,265,1,0.5920103290807265,1
rf,bis_quatro__C,bis_quatro,C,1,249,0,0.22491945938013413,0
rf,bis_quatro__C,bis_quatro,C,1,249,0,0.633486770044807,1
rf,bis_quatro__C,bis_quatro,C,1,249,0,0.9040774078089435,1
rf,bis_quatro__C,bis_quatro,C,1,249,0,0.1955936504259294,0
rf,bis_quatro__C,bis_quatro,C,1,249,0,0.18,0
rf,bis_quatro__C,bis_quatro,C,1,249,0,0.5695436077068959,1
rf,bis_quatro__C,bis_quatro,C,1,249,0,0.23214557983532644,0
rf,bis_quatro__C,bis_quatro,C,1,249,0,0.2345610626102067,0
rf,bis_quatro__C,bis_quatro,C,1,249,0,0.18661578690718497,0
rf,bis_quatro__C,bis_quatro,C,1,249,0,0.21969196648595368,0
rf,bis_quatro__C,bis_quatro,C,1,249,0,0.10006819331256217,0
rf,bis_quatro__C,bis_quatro,C,1,249,0,0.29987024434996973,0
rf,bis_quatro__C,bis_quatro,C,1,249,0,0.7429909989432193,1
rf,bis_quatro__C,bis_quatro,C,1,249,0,0.5936781119578171,1
rf,bis_quatro__C,bis_quatro,C,1,249,0,0.14762295081967214,0
rf,bis_quatro__C,bis_quatro,C,1,249,1,0.5771145061389993,1
rf,bis_quatro__C,bis_quatro,C,1,249,1,0.3974123060810527,0
rf,bis_quatro__C,bis_quatro,C,1,249,1,0.5645329686582681,1
rf,bis_quatro__C,bis_quatro,C,1,249,1,0.7344530991366639,1
rf,bis_quatro__C,bis_quatro,C,1,249,1,0.6365500391560773,1
rf,bis_quatro__C,bis_quatro,C,1,249,1,0.3156887762146652,0
rf,bis_quatro__C,bis_quatro,C,1,249,1,0.56432703254869,1
rf,bis_quatro__C,bis_quatro,C,1,249,1,0.40863230515883336,0
rf,bis_quatro__C,bis_quatro,C,1,249,1,0.6601189101511225,1
rf,bis_quatro__C,bis_quatro,C,1,249,1,0.3725872741167943,0
rf,bis_quatro__C,bis_quatro,C,1,249,1,0.38,0
rf,bis_quatro__C,bis_quatro,C,1,249,1,0.5152322804864533,1
rf,bis_quatro__C,bis_quatro,C,1,249,1,0.5967469215226587,1
rf,bis_quatro__C,bis_quatro,C,1,249,1,0.3834443360664686,0
rf,bis_quatro__C,bis_quatro,C,1,249,1,0.5339719060032205,1
rf,bis_quatro__C,bis_quatro,C,1,249,1,0.38727927011013774,0
rf,bis_quatro__C,bis_quatro,C,1,249,1,0.6072374816009789,1
rf,bis_quatro__C,bis_quatro,C,2,219,0,0.5327642276422765,1
rf,bis_quatro__C,bis_quatro,C,2,219,0,0.5148623084291188,1
rf,bis_quatro__C,bis_quatro,C,2,219,0,0.6934417048643806,1
rf,bis_quatro__C,bis_quatro,C,2,219,0,0.6494032723772858,1
rf,bis_quatro__C,bis_quatro,C,2,219,0,0.6744032723772858,1
rf,bis_quatro__C,bis_quatro,C,2,219,0,0.7175569357121677,1
rf,bis_quatro__C,bis_quatro,C,2,219,0,0.49861937819382196,0
rf,bis_quatro__C,bis_quatro,C,2,219,0,0.255,0
rf,bis_quatro__C,bis_quatro,C,2,219,0,0.7293582488389209,1
rf,bis_quatro__C,bis_quatro,C,2,219,0,0.14850981671455873,0
rf,bis_quatro__C,bis_quatro,C,2,219,0,0.185,0
rf,bis_quatro__C,bis_quatro,C,2,219,0,0.45922828822924705,0
rf,bis_quatro__C,bis_quatro,C,2,219,0,0.1007455890722823,0
rf,bis_quatro__C,bis_quatro,C,2,219,0,0.325,0
rf,bis_quatro__C,bis_quatro,C,2,219,1,0.29,0
rf,bis_quatro__C,bis_quatro,C,2,219,1,0.4109457769803959,0
rf,bis_quatro__C,bis_quatro,C,2,219,1,0.42,0
rf,bis_quatro__C,bis_quatro,C,2,219,1,0.4794950988827427,0
rf,bis_quatro__C,bis_quatro,C,2,219,1,0.3860671517775245,0
rf,bis_quatro__C,bis_quatro,C,2,219,1,0.22479270806989113,0
rf,bis_quatro__C,bis_quatro,C,2,219,1,0.3510671517775245,0
rf,bis_quatro__C,bis_quatro,C,2,219,1,0.4915978646708323,0
rf,bis_quatro__C,bis_quatro,C,2,219,1,0.42071421692548455,0
rf,bis_quatro__C,bis_quatro,C,2,219,1,0.47150091380337095,0
rf,bis_quatro__C,bis_quatro,C,2,219,1,0.23944282945736434,0
rf,bis_quatro__C,bis_quatro,C,2,219,1,0.2348623084291188,0
rf,bis_quatro__C,bis_quatro,C,2,219,1,0.49793623692211314,0
rf,bis_quatro__C,bis_quatro,C,2,219,1,0.345,0
rf,bis_quatro__C,bis_quatro,C,2,219,1,0.325,0
rf,bis_quatro__C,bis_quatro,C,2,219,1,0.43,0
rf,bis_quatro__C,bis_quatro,C,3,313,0,0.4764099208709239,0
rf,bis_quatro__C,bis_quatro,C,3,313,0,0.5958965513191934,1
rf,bis_quatro__C,bis_quatro,C,3,313,0,0.5774068983409477,1
rf,bis_quatro__C,bis_quatro,C,3,313,0,0.6014277078682262,1
rf,bis_quatro__C,bis_quatro,C,3,313,0,0.6365322339635963,1
rf,bis_quatro__C,bis_quatro,C,3,313,0,0.7104548813368224,1
rf,bis_quatro__C,bis_quatro,C,3,313,0,0.5887672326396259,1
rf,bis_quatro__C,bis_quatro,C,3,313,0,0.6915860271137048,1
rf,bis_quatro__C,bis_quatro,C,3,313,0,0.573569862746312,1
rf,bis_quatro__C,bis_quatro,C,3,313,0,0.5652423159046116,1
rf,bis_quatro__C,bis_quatro,C,3,313,0,0.5353917549849828,1
rf,bis_quatro__C,bis_quatro,C,3,313,0,0.5511583457620255,1
rf,bis_quatro__C,bis_quatro,C,3,313,0,0.5815914369953648,1
rf,bis_quatro__C,bis_quatro,C,3,313,0,0.6912805786247048,1
rf,bis_quatro__C,bis_quatro,C,3,313,0,0.5916237394434752,1
rf,bis_quatro__C,bis_quatro,C,3,313,1,0.6974983787843025,1
rf,bis_quatro__C,bis_quatro,C,3,313,1,0.661474899707357,1
rf,bis_quatro__C,bis_quatro,C,3,313,1,0.468321496394081,0
rf,bis_quatro__C,bis_quatro,C,3,313,1,0.5846502047276182,1
rf,bis_quatro__C,bis_quatro,C,3,313,1,0.7535912135727406,1
rf,bis_quatro__C,bis_quatro,C,3,313,1,0.6423417766835879,1
rf,bis_quatro__C,bis_quatro,C,3,313,1,0.6920754224960242,1
rf,bis_quatro__C,bis_quatro,C,3,313,1,0.7737135269524994,1
rf,bis_quatro__C,bis_quatro,C,3,313,1,0.6585603904543227,1
rf,bis_quatro__C,bis_quatro,C,3,313,1,0.6819030970013911,1
rf,bis_quatro__C,bis_quatro,C,3,313,1,0.5566219839142091,1
rf,bis_quatro__C,bis_quatro,C,3,313,1,0.6683445514941014,1
rf,bis_quatro__C,bis_quatro,C,3,313,1,0.5848335511334745,1
rf,bis_quatro__C,bis_quatro,C,3,313,1,0.6807671883393818,1
rf,bis_quatro__C,bis_quatro,C,4,318,0,0.5804039891178547,1
rf,bis_quatro__C,bis_quatro,C,4,318,0,0.6176612903225807,1
rf,bis_quatro__C,bis_quatro,C,4,318,0,0.5652344884642526,1
rf,bis_quatro__C,bis_quatro,C,4,318,0,0.5141371049178237,1
rf,bis_quatro__C,bis_quatro,C,4,318,0,0.6250596693882629,1
rf,bis_quatro__C,bis_quatro,C,4,318,0,0.530218146169584,1
rf,bis_quatro__C,bis_quatro,C,4,318,0,0.5258508753169163,1
rf,bis_quatro__C,bis_quatro,C,4,318,0,0.12277923387096773,0
rf,bis_quatro__C,bis_quatro,C,4,318,0,0.40461202111146116,0
rf,bis_quatro__C,bis_quatro,C,4,318,0,0.4559831308375101,0
rf,bis_quatro__C,bis_quatro,C,4,318,0,0.31994066659787435,0
rf,bis_quatro__C,bis_quatro,C,4,318,0,0.6246561384155389,1
rf,bis_quatro__C,bis_quatro,C,4,318,0,0.32557758620689653,0
rf,bis_quatro__C,bis_quatro,C,4,318,0,0.5011119289278629,1
rf,bis_quatro__C,bis_quatro,C,4,318,1,0.30592476489028214,0
rf,bis_quatro__C,bis_quatro,C,4,318,1,0.497616575776245,0
rf,bis_quatro__C,bis_quatro,C,4,318,1,0.35315103310702484,0
rf,bis_quatro__C,bis_quatro,C,4,318,1,0.3755132592156386,0
rf,bis_quatro__C,bis_quatro,C,4,318,1,0.5442852777225472,1
rf,bis_quatro__C,bis_quatro,C,4,318,1,0.49868102403738573,0
rf,bis_quatro__C,bis_quatro,C,4,318,1,0.6148351236764357,1
rf,bis_quatro__C,bis_quatro,C,4,318,1,0.41612047783503897,0
rf,bis_quatro__C,bis_quatro,C,4,318,1,0.740906194916173,1
rf,bis_quatro__C,bis_quatro,C,4,318,1,0.5942333068210119,1
rf,bis_quatro__C,bis_quatro,C,4,318,1,0.46246943838899973,0
rf,bis_quatro__C,bis_quatro,C,4,318,1,0.4874929295841858,0
rf,bis_quatro__C,bis_quatro,C,4,318,1,0.47061233243675843,0
rf,bis_quatro__C,bis_quatro,C,4,318,1,0.49042703097158724,0
rf,bis_quatro__C,bis_quatro,C,5,300,0,0.5871727420991196,1
rf,bis_quatro__C,bis_quatro,C,5,300,0,0.4045815814978668,0
rf,bis_quatro__C,bis_quatro,C,5,300,0,0.5407244947078933,1
rf,bis_quatro__C,bis_quatro,C,5,300,0,0.5159307848668382,1
rf,bis_quatro__C,bis_quatro,C,5,300,0,0.5244984088058577,1
rf,bis_quatro__C,bis_quatro,C,5,300,0,0.592098115233448,1
rf,bis_quatro__C,bis_quatro,C,5,300,0,0.504363246845989,1
rf,bis_quatro__C,bis_quatro,C,5,300,0,0.5707709547396208,1
rf,bis_quatro__C,bis_quatro,C,5,300,0,0.5012133008583093,1
rf,bis_quatro__C,bis_quatro,C,5,300,0,0.4497190829753835,0
rf,bis_quatro__C,bis_quatro,C,5,300,0,0.5756498678422216,1
rf,bis_quatro__C,bis_quatro,C,5,300,0,0.40090695252564834,0
rf,bis_quatro__C,bis_quatro,C,5,300,0,0.514877952728342,1
rf,bis_quatro__C,bis_quatro,C,5,300,0,0.5348591244039879,1
rf,bis_quatro__C,bis_quatro,C,5,300,1,0.4567051820728292,0
rf,bis_quatro__C,bis_quatro,C,5,300,1,0.6097190829753835,1
rf,bis_quatro__C,bis_quatro,C,5,300,1,0.46549087354116314,0
rf,bis_quatro__C,bis_quatro,C,5,300,1,0.5115359889451088,1
rf,bis_quatro__C,bis_quatro,C,5,300,1,0.5105147058823529,1
rf,bis_quatro__C,bis_quatro,C,5,300,1,0.5997937098410552,1
rf,bis_quatro__C,bis_quatro,C,5,300,1,0.5990160810910321,1
rf,bis_quatro__C,bis_quatro,C,5,300,1,0.4155147058823529,0
rf,bis_quatro__C,bis_quatro,C,5,300,1,0.5091477443843053,1
rf,bis_quatro__C,bis_quatro,C,5,300,1,0.5740160810910321,1
rf,bis_quatro__C,bis_quatro,C,5,300,1,0.515,1
rf,bis_quatro__C,bis_quatro,C,5,300,1,0.549652834245043,1
rf,bis_quatro__C,bis_quatro,C,5,300,1,0.5252337888577364,1
rf,bis_quatro__C,bis_quatro,C,5,300,1,0.524877952728342,1
rf,bis_quatro__C,bis_quatro,C,6,271,0,0.6342580207421156,1
rf,bis_quatro__C,bis_quatro,C,6,271,0,0.2129112560910432,0
rf,bis_quatro__C,bis_quatro,C,6,271,0,0.4330949134844706,0
rf,bis_quatro__C,bis_quatro,C,6,271,0,0.5469580850979289,1
rf,bis_quatro__C,bis_quatro,C,6,271,0,0.8304066141159061,1
rf,bis_quatro__C,bis_quatro,C,6,271,0,0.709961719420054,1
rf,bis_quatro__C,bis_quatro,C,6,271,0,0.6038042121342929,1
rf,bis_quatro__C,bis_quatro,C,6,271,0,0.2046765641569459,0
rf,bis_quatro__C,bis_quatro,C,6,271,0,0.1280983148200759,0
rf,bis_quatro__C,bis_quatro,C,6,271,0,0.5627848730917346,1
rf,bis_quatro__C,bis_quatro,C,6,271,0,0.4047182086486951,0
rf,bis_quatro__C,bis_quatro,C,6,271,0,0.3332341310831532,0
rf,bis_quatro__C,bis_quatro,C,6,271,0,0.2434489739929282,0
rf,bis_quatro__C,bis_quatro,C,6,271,0,0.35348742710246533,0
rf,bis_quatro__C,bis_quatro,C,6,271,1,0.6971165328891955,1
rf,bis_quatro__C,bis_quatro,C,6,271,1,0.676483809679788,1
rf,bis_quatro__C,bis_quatro,C,6,271,1,0.6126972473019667,1
rf,bis_quatro__C,bis_quatro,C,6,271,1,0.832882504750484,1
rf,bis_quatro__C,bis_quatro,C,6,271,1,0.4902781038603124,0
rf,bis_quatro__C,bis_quatro,C,6,271,1,0.5716980762588119,1
rf,bis_quatro__C,bis_quatro,C,6,271,1,0.6855914029317083,1
rf,bis_quatro__C,bis_quatro,C,6,271,1,0.5424030216931531,1
rf,bis_quatro__C,bis_quatro,C,6,271,1,0.7605683337124535,1
rf,bis_quatro__C,bis_quatro,C,6,271,1,0.5988027204513672,1
rf,bis_quatro__C,bis_quatro,C,6,271,1,0.6036176502915742,1
rf,bis_quatro__C,bis_quatro,C,6,271,1,0.578864099473246,1
rf,bis_quatro__C,bis_quatro,C,6,271,1,0.7791450178978852,1
rf,bis_quatro__C,bis_quatro,C,6,271,1,0.6479528338371696,1
rf,bis_quatro__C,bis_quatro,C,7,251,0,0.115,0
rf,bis_quatro__C,bis_quatro,C,7,251,0,0.055,0
rf,bis_quatro__C,bis_quatro,C,7,251,0,0.025,0
rf,bis_quatro__C,bis_quatro,C,7,251,0,0.05,0
rf,bis_quatro__C,bis_quatro,C,7,251,0,0.085,0
rf,bis_quatro__C,bis_quatro,C,7,251,0,0.045,0
rf,bis_quatro__C,bis_quatro,C,7,251,0,0.1313639186442675,0
rf,bis_quatro__C,bis_quatro,C,7,251,0,0.055,0
rf,bis_quatro__C,bis_quatro,C,7,251,0,0.065,0
rf,bis_quatro__C,bis_quatro,C,7,251,0,0.075,0
rf,bis_quatro__C,bis_quatro,C,7,251,0,0.045,0
rf,bis_quatro__C,bis_quatro,C,7,251,0,0.035,0
rf,bis_quatro__C,bis_quatro,C,7,251,0,0.04,0
rf,bis_quatro__C,bis_quatro,C,7,251,0,0.025,0
rf,bis_quatro__C,bis_quatro,C,7,251,1,0.1990692032337177,0
rf,bis_quatro__C,bis_quatro,C,7,251,1,0.07595925297113752,0
rf,bis_quatro__C,bis_quatro,C,7,251,1,0.3594026209858253,0
rf,bis_quatro__C,bis_quatro,C,7,251,1,0.135,0
rf,bis_quatro__C,bis_quatro,C,7,251,1,0.07595925297113752,0
rf,bis_quatro__C,bis_quatro,C,7,251,1,0.3934733795042727,0
rf,bis_quatro__C,bis_quatro,C,7,251,1,0.135,0
rf,bis_quatro__C,bis_quatro,C,7,251,1,0.3510450064190034,0
rf,bis_quatro__C,bis_quatro,C,7,251,1,0.23783801836390508,0
rf,bis_quatro__C,bis_quatro,C,7,251,1,0.125,0
rf,bis_quatro__C,bis_quatro,C,7,251,1,0.145,0
rf,bis_quatro__C,bis_quatro,C,7,251,1,0.205,0
rf,bis_quatro__C,bis_quatro,C,7,251,1,0.3684952731897657,0
rf,bis_quatro__C,bis_quatro,C,8,282,0,0.045,0
rf,bis_quatro__C,bis_quatro,C,8,282,0,0.06,0
rf,bis_quatro__C,bis_quatro,C,8,282,0,0.08517551755175518,0
rf,bis_quatro__C,bis_quatro,C,8,282,0,0.07954788782941413,0
rf,bis_quatro__C,bis_quatro,C,8,282,0,0.135,0
rf,bis_quatro__C,bis_quatro,C,8,282,0,0.095,0
rf,bis_quatro__C,bis_quatro,C,8,282,0,0.07,0
rf,bis_quatro__C,bis_quatro,C,8,282,0,0.09035880500399365,0
rf,bis_quatro__C,bis_quatro,C,8,282,0,0.18390725742301606,0
rf,bis_quatro__C,bis_quatro,C,8,282,0,0.12231599235425987,0
rf,bis_quatro__C,bis_quatro,C,8,282,0,0.1989144736842105,0
rf,bis_quatro__C,bis_quatro,C,8,282,0,0.11,0
rf,bis_quatro__C,bis_quatro,C,8,282,0,0.08,0
rf,bis_quatro__C,bis_quatro,C,8,282,0,0.06017551755175518,0
rf,bis_quatro__C,bis_quatro,C,8,282,1,0.7348925723562963,1
rf,bis_quatro__C,bis_quatro,C,8,282,1,0.690329262155303,1
rf,bis_quatro__C,bis_quatro,C,8,282,1,0.5530632528247693,1
rf,bis_quatro__C,bis_quatro,C,8,282,1,0.5264096833533967,1
rf,bis_quatro__C,bis_quatro,C,8,282,1,0.7675411471318787,1
rf,bis_quatro__C,bis_quatro,C,8,282,1,0.7163707934434718,1
rf,bis_quatro__C,bis_quatro,C,8,282,1,0.3498842145932814,0
rf,bis_quatro__C,bis_quatro,C,8,282,1,0.7405668845290372,1
rf,bis_quatro__C,bis_quatro,C,8,282,1,0.7551208521683546,1
rf,bis_quatro__C,bis_quatro,C,8,282,1,0.5849195093862618,1
rf,bis_quatro__C,bis_quatro,C,8,282,1,0.6224618938195158,1
rf,bis_quatro__C,bis_quatro,C,9,210,0,0.08964020559680183,0
rf,bis_quatro__C,bis_quatro,C,9,210,0,0.12393927576710707,0
rf,bis_quatro__C,bis_quatro,C,9,210,0,0.48911083307110664,0
rf,bis_quatro__C,bis_quatro,C,9,210,0,0.47245766305477327,0
rf,bis_quatro__C,bis_quatro,C,9,210,0,0.1647138317346743,0
rf,bis_quatro__C,bis_quatro,C,9,210,0,0.5798983865794262,1
rf,bis_quatro__C,bis_quatro,C,9,210,0,0.065,0
rf,bis_quatro__C,bis_quatro,C,9,210,0,0.6503668721884562,1
rf,bis_quatro__C,bis_quatro,C,9,210,0,0.3087306925144572,0
rf,bis_quatro__C,bis_quatro,C,9,210,0,0.08465655097219699,0
rf,bis_quatro__C,bis_quatro,C,9,210,0,0.09448731555364154,0
rf,bis_quatro__C,bis_quatro,C,9,210,0,0.02,0
rf,bis_quatro__C,bis_quatro,C,9,210,0,0.115,0
rf,bis_quatro__C,bis_quatro,C,9,210,0,0.33986209872617734,0
rf,bis_quatro__C,bis_quatro,C,9,210,1,0.45720580030940583,0
rf,bis_quatro__C,bis_quatro,C,9,210,1,0.5799324502025133,1
rf,bis_quatro__C,bis_quatro,C,9,210,1,0.7794572336904708,1
rf,bis_quatro__C,bis_quatro,C,9,210,1,0.7027413129871672,1
rf,bis_quatro__C,bis_quatro,C,9,210,1,0.662535272754537,1
rf,bis_quatro__C,bis_quatro,C,9,210,1,0.48118497846422925,0
rf,bis_quatro__C,bis_quatro,C,9,210,1,0.5099313991603518,1
rf,bis_quatro__C,bis_quatro,C,9,210,1,0.4834731313775994,0
rf,bis_quatro__C,bis_quatro,C,9,210,1,0.7595633851082252,1
rf,bis_quatro__C,bis_quatro,C,9,210,1,0.7136573275210385,1
rf,bis_quatro__C,bis_quatro,C,9,210,1,0.6698678624891906,1
rf,bis_quatro__C,bis_quatro,C,10,265,0,0.495,0
rf,bis_quatro__C,bis_quatro,C,10,265,0,0.53,1
rf,bis_quatro__C,bis_quatro,C,10,265,0,0.685,1
rf,bis_quatro__C,bis_quatro,C,10,265,0,0.7730998586805917,1
rf,bis_quatro__C,bis_quatro,C,10,265,0,0.8426561331070076,1
rf,bis_quatro__C,bis_quatro,C,10,265,0,0.8334916412185361,1
rf,bis_quatro__C,bis_quatro,C,10,265,0,0.6372056939903171,1
rf,bis_quatro__C,bis_quatro,C,10,265,0,0.8111374439730258,1
rf,bis_quatro__C,bis_quatro,C,10,265,0,0.29,0
rf,bis_quatro__C,bis_quatro,C,10,265,0,0.6947759000734754,1
rf,bis_quatro__C,bis_quatro,C,10,265,0,0.7817763012261361,1
rf,bis_quatro__C,bis_quatro,C,10,265,0,0.355,0
rf,bis_quatro__C,bis_quatro,C,10,265,0,0.665,1
rf,bis_quatro__C,bis_quatro,C,10,265,1,0.515,1
rf,bis_quatro__C,bis_quatro,C,10,265,1,0.5181032788864897,1
rf,bis_quatro__C,bis_quatro,C,10,265,1,0.8223660001216402,1
rf,bis_quatro__C,bis_quatro,C,10,265,1,0.8843068232032067,1
rf,bis_quatro__C,bis_quatro,C,10,265,1,0.6143664596273292,1
rf,bis_quatro__C,bis_quatro,C,10,265,1,0.47242063492063496,0
rf,bis_quatro__C,bis_quatro,C,10,265,1,0.5634203655352481,1
rf,bis_quatro__C,bis_quatro,C,10,265,1,0.7659915811101388,1
rf,bis_quatro__C,bis_quatro,C,10,265,1,0.6979021317263253,1
rf,bis_quatro__C,bis_quatro,C,10,265,1,0.8044213679236176,1
rf,bis_quatro__C,bis_quatro,C,10,265,1,0.5482108145061669,1
svm,left_lateral__A,left_lateral,A,1,249,0,-0.9788130842845483,0
svm,left_lateral__A,left_lateral,A,1,249,0,-0.11242859454534448,0
svm,left_lateral__A,left_lateral,A,1,249,0,0.5746421017204828,1
svm,left_lateral__A,left_lateral,A,1,249,0,-1.388892637322467,0
svm,left_lateral__A,left_lateral,A,1,249,0,-2.16848920854345,0
svm,left_lateral__A,left_lateral,A,1,249,0,0.1781502980071965,1
svm,left_lateral__A,left_lateral,A,1,249,0,-1.0799617892919129,0
svm,left_lateral__A,left_lateral,A,1,249,0,-1.4633789718516614,0
svm,left_lateral__A,left_lateral,A,1,249,0,-1.0769081379087584,0
svm,left_lateral__A,left_lateral,A,1,249,0,-2.305614597449035,0
svm,left_lateral__A,left_lateral,A,1,249,0,-2.0345597458845983,0
svm,left_lateral__A,left_lateral,A,1,249,0,-0.45091227471625817,0
svm,left_lateral__A,left_lateral,A,1,249,0,-0.5289256130704425,0
svm,left_lateral__A,left_lateral,A,1,249,0,1.3996634420191065,1
svm,left_lateral__A,left_lateral,A,1,249,0,-1.8386626344519175,0
svm,left_lateral__A,left_lateral,A,1,249,1,-0.8170911894393957,0
svm,left_lateral__A,left_lateral,A,1,249,1,0.14921480146618882,1
svm,left_lateral__A,left_lateral,A,1,249,1,0.9224229385331797,1
svm,left_lateral__A,left_lateral,A,1,249,1,0.8190664465668598,1
svm,left_lateral__A,left_lateral,A,1,249,1,0.7675686820785792,1
svm,left_lateral__A,left_lateral,A,1,249,1,-0.5972181171726798,0
svm,left_lateral__A,left_lateral,A,1,249,1,-0.4878899769393956,0
svm,left_lateral__A,left_lateral,A,1,249,1,-0.26293422530272625,0
svm,left_lateral__A,left_lateral,A,1,249,1,0.2599596978238541,1
svm,left_lateral__A,left_lateral,A,1,249,1,-0.4649248770950818,0
svm,left_lateral__A,left_lateral,A,1,249,1,-0.9182581299826136,0
svm,left_lateral__A,left_lateral,A,1,249,1,-0.747079298992531,0
svm,left_lateral__A,left_lateral,A,1,249,1,0.41245169354388345,1
svm,left_lateral__A,left_lateral,A,1,249,1,0.14349728894615887,1
svm,left_lateral__A,left_lateral,A,1,249,1,-0.21824874199134003,0
svm,left_lateral__A,left_lateral,A,1,249,1,0.5019344588747066,1
svm,left_lateral__A,left_lateral,A,1,249,1,0.9210934186036761,1
svm,left_lateral__A,left_lateral,A,2,219,0,0.34777024356129616,1
svm,left_lateral__A,left_lateral,A,2,219,0,0.5881185364478819,1
svm,left_lateral__A,left_lateral,A,2,219,0,1.0953165636410769,1
svm,left_lateral__A,left_lateral,A,2,219,0,1.1268383316066064,1
svm,left_lateral__A,left_lateral,A,2,219,0,1.4569826683131542,1
svm,left_lateral__A,left_lateral,A,2,219,0,1.3008715932027264,1
svm,left_lateral__A,left_lateral,A,2,219,0,1.0870131204817786,1
svm,left_lateral__A,left_lateral,A,2,219,0,-1.2564823039485038,0
svm,left_lateral__A,left_lateral,A,2,219,0,1.018520643293976,1
svm,left_lateral__A,left_lateral,A,2,219,0,-1.2033553973028068,0
svm,left_lateral__A,left_lateral,A,2,219,0,0.3719017065718643,1
svm,left_lateral__A,left_lateral,A,2,219,0,0.43435642339076164,1
svm,left_lateral__A,left_lateral,A,2,219,0,-1.7990561885248497,0
svm,left_lateral__A,left_lateral,A,2,219,0,0.24424639486801525,1
svm,left_lateral__A,left_lateral,A,2,219,1,0.8885542221348574,1
svm,left_lateral__A,left_lateral,A,2,219,1,1.0943522902711376,1
svm,left_lateral__A,left_lateral,A,2,219,1,0.6231838019188821,1
svm,left_lateral__A,left_lateral,A,2,219,1,1.3582557618970306,1
svm,left_lateral__A,left_lateral,A,2,219,1,0.6086967866542545,1
svm,left_lateral__A,left_lateral,A,2,219,1,0.6210742629777904,1
svm,left_lateral__A,left_lateral,A,2,219,1,1.143260580055851,1
svm,left_lateral__A,left_lateral,A,2,219,1,1.1061460629783286,1
svm,left_lateral__A,left_lateral,A,2,219,1,1.1082599460940874,1
svm,left_lateral__A,left_lateral,A,2,219,1,1.1777231676709823,1
svm,left_lateral__A,left_lateral,A,2,219,1,0.8458583843125324,1
svm,left_lateral__A,left_lateral,A,2,219,1,0.6768663961547566,1
svm,left_lateral__A,left_lateral,A,2,219,1,1.611005494759807,1
svm,left_lateral__A,left_lateral,A,2,219,1,0.9835042252904348,1
svm,left_lateral__A,left_lateral,A,2,219,1,0.644108333440891,1
svm,left_lateral__A,left_lateral,A,2,219,1,0.783044925069205,1
svm,left_lateral__A,left_lateral,A,3,313,0,0.31763118742386154,1
svm,left_lateral__A,left_lateral,A,3,313,0,0.6160209749369632,1
svm,left_lateral__A,left_lateral,A,3,313,0,-1.267309554404918,0
svm,left_lateral__A,left_lateral,A,3,313,0,0.4172871531307003,1
svm,left_lateral__A,left_lateral,A,3,313,0,-0.6683591114878775,0
svm,left_lateral__A,left_lateral,A,3,313,0,0.21163422977742033,1
svm,left_lateral__A,left_lateral,A,3,313,0,0.7666744131839758,1
svm,left_lateral__A,left_lateral,A,3,313,0,0.9780226230874378,1
svm,left_lateral__A,left_lateral,A,3,313,0,0.49522759442535436,1
svm,left_lateral__A,left_lateral,A,3,313,0,0.5883468478061326,1
svm,left_lateral__A,left_lateral,A,3,313,0,0.06664007015732001,1
svm,left_lateral__A,left_lateral,A,3,313,0,0.6612531236199845,1
svm,left_lateral__A,left_lateral,A,3,313,0,-0.2678220583228401,0
svm,left_lateral__A,left_lateral,A,3,313,0,-0.6763829776232455,0
svm,left_lateral__A,left_lateral,A,3,313,0,-0.9641304480757706,0
svm,left_lateral__A,left_lateral,A,3,313,1,-0.7574061557877996,0
svm,left_lateral__A,left_lateral,A,3,313,1,-1.6086335061021484,0
svm,left_lateral__A,left_lateral,A,3,313,1,-0.5874089313134567,0
svm,left_lateral__A,left_lateral,A,3,313,1,-0.3609655860118335,0
svm,left_lateral__A,left_lateral,A,3,313,1,-0.2840603266094781,0
svm,left_lateral__A,left_lateral,A,3,313,1,-0.04413446583707567,0
svm,left_lateral__A,left_lateral,A,3,313,1,0.022502730037397473,1
svm,left_lateral__A,left_lateral,A,3,313,1,1.2373386199070322,1
svm,left_lateral__A,left_lateral,A,3,313,1,-0.18672127344603615,0
svm,left_lateral__A,left_lateral,A,3,313,1,-0.6201125688656663,0
svm,left_lateral__A,left_lateral,A,3,313,1,2.1723799483341706,1
svm,left_lateral__A,left_lateral,A,3,313,1,0.43124246976082126,1
svm,left_lateral__A,left_lateral,A,3,313,1,-0.006932290108460942,0
svm,left_lateral__A,left_lateral,A,3,313,1,-0.8953445210551925,0
svm,left_lateral__A,left_lateral,A,4,318,0,-0.020243545137303642,0
svm,left_lateral__A,left_lateral,A,4,318,0,-0.1534178832949067,0
svm,left_lateral__A,left_lateral,A,4,318,0,-0.9668689884184462,0
svm,left_lateral__A,left_lateral,A,4,318,0,-0.08193073604246293,0
svm,left_lateral__A,left_lateral,A,4,318,0,1.0350141643715642,1
svm,left_lateral__A,left_lateral,A,4,318,0,-0.5657659550990194,0
svm,left_lateral__A,left_lateral,A,4,318,0,-0.3369282520629767,0
svm,left_lateral__A,left_lateral,A,4,318,0,-2.960948049923014,0
svm,left_lateral__A,left_lateral,A,4,318,0,-0.5867720642028803,0
svm,left_lateral__A,left_lateral,A,4,318,0,-0.19916131403610715,0
svm,left_lateral__A,left_lateral,A,4,318,0,-0.5714029739663459,0
svm,left_lateral__A,left_lateral,A,4,318,0,-1.064209269355934,0
svm,left_lateral__A,left_lateral,A,4,318,0,-1.583679353030858,0
svm,left_lateral__A,left_lateral,A,4,318,0,-0.7499132787267216,0
svm,left_lateral__A,left_lateral,A,4,318,1,-0.20701864035649076,0
svm,left_lateral__A,left_lateral,A,4,318,1,-1.0036464084396948,0
svm,left_lateral__A,left_lateral,A,4,318,1,-0.3068713334823038,0
svm,left_lateral__A,left_lateral,A,4,318,1,-1.4990279123660337,0
svm,left_lateral__A,left_lateral,A,4,318,1,-0.5120084484859456,0
svm,left_lateral__A,left_lateral,A,4,318,1,-0.9598422857187755,0
svm,left_lateral__A,left_lateral,A,4,318,1,-0.20144360350039625,0
svm,left_lateral__A,left_lateral,A,4,318,1,-0.876317837163935,0
svm,left_lateral__A,left_lateral,A,4,318,1,-0.5112375915302675,0
svm,left_lateral__A,left_lateral,A,4,318,1,-0.5827814940586556,0
svm,left_lateral__A,left_lateral,A,4,318,1,-0.6386223502401297,0
svm,left_lateral__A,left_lateral,A,4,318,1,-0.46330134616655994,0
svm,left_lateral__A,left_lateral,A,4,318,1,-0.4189478070600462,0
svm,left_lateral__A,left_lateral,A,4,318,1,-0.12088874062988053,0
svm,left_lateral__A,left_lateral,A,5,300,0,0.08574719321342061,1
svm,left_lateral__A,left_lateral,A,5,300,0,0.3354688831835758,1
svm,left_lateral__A,left_lateral,A,5,300,0,0.34532603095365166,1
svm,left_lateral__A,left_lateral,A,5,300,0,0.08369650785220606,1
svm,left_lateral__A,left_lateral,A,5,300,0,-0.10235329338576288,0
svm,left_lateral__A,left_lateral,A,5,300,0,0.1133598224634963,1
svm,left_lateral__A,left_lateral,A,5,300,0,-0.14008865248594027,0
svm,left_lateral__A,left_lateral,A,5,300,0,-0.04745976047284739,0
svm,left_lateral__A,left_lateral,A,5,300,0,-0.0077367415871386624,0
svm,left_lateral__A,left_lateral,A,5,300,0,-0.09853956278549092,0
svm,left_lateral__A,left_lateral,A,5,300,0,-0.2109332975120713,0
svm,left_lateral__A,left_lateral,A,5,300,0,-0.3822721920846372,0
svm,left_lateral__A,left_lateral,A,5,300,0,-0.25160167222541985,0
svm,left_lateral__A,left_lateral,A,5,300,0,-0.07331768741921185,0
svm,left_lateral__A,left_lateral,A,5,300,1,-0.2769703495164801,0
svm,left_lateral__A,left_lateral,A,5,300,1,-0.26210432197343764,0
svm,left_lateral__A,left_lateral,A,5,300,1,-0.16136143621828586,0
svm,left_lateral__A,left_lateral,A,5,300,1,-0.40905809556153927,0
svm,left_lateral__A,left_lateral,A,5,300,1,-0.17939456868203368,0
svm,left_lateral__A,left_lateral,A,5,300,1,-0.3587727599023324,0
svm,left_lateral__A,left_lateral,A,5,300,1,-0.274355829771977,0
svm,left_lateral__A,left_lateral,A,5,300,1,-0.3742466001128293,0
svm,left_lateral__A,left_lateral,A,5,300,1,-0.1672152883029358,0
svm,left_lateral__A,left_lateral,A,5,300,1,-0.29741743387481395,0
svm,left_lateral__A,left_lateral,A,5,300,1,-0.300899657711772,0
svm,left_lateral__A,left_lateral,A,5,300,1,-0.2920173390155195,0
svm,left_lateral__A,left_lateral,A,5,300,1,-0.3798357653099961,0
svm,left_lateral__A,left_lateral,A,5,300,1,-0.27612370307248457,0
svm,left_lateral__A,left_lateral,A,6,271,0,-1.1302605216488661,0
svm,left_lateral__A,left_lateral,A,6,271,0,-0.16037989345674225,0
svm,left_lateral__A,left_lateral,A,6,271,0,-1.2806115671382683,0
svm,left_lateral__A,left_lateral,A,6,271,0,-0.07574582980713374,0
svm,left_lateral__A,left_lateral,A,6,271,0,-0.8579797715430406,0
svm,left_lateral__A,left_lateral,A,6,271,0,-0.8581161486575525,0
svm,left_lateral__A,left_lateral,A,6,271,0,0.031548557325348225,1
svm,left_lateral__A,left_lateral,A,6,271,0,-1.213584330441431,0
svm,left_lateral__A,left_lateral,A,6,271,0,-2.113150383570378,0
svm,left_lateral__A,left_lateral,A,6,271,0,0.17761753478520526,1
svm,left_lateral__A,left_lateral,A,6,271,0,-0.7419513216100843,0
svm,left_lateral__A,left_lateral,A,6,271,0,-2.4419201211916883,0
svm,left_lateral__A,left_lateral,A,6,271,0,-1.772091891098777,0
svm,left_lateral__A,left_lateral,A,6,271,0,-1.0950801284821612,0
svm,left_lateral__A,left_lateral,A,6,271,1,0.4302999801873425,1
svm,left_lateral__A,left_lateral,A,6,271,1,2.480214790673354,1
svm,left_lateral__A,left_lateral,A,6,271,1,0.5246080164417202,1
svm,left_lateral__A,left_lateral,A,6,271,1,1.540392022498632,1
svm,left_lateral__A,left_lateral,A,6,271,1,0.2521533582804858,1
svm,left_lateral__A,left_lateral,A,6,271,1,-0.48496926842741506,0
svm,left_lateral__A,left_lateral,A,6,271,1,1.93981623743989,1
svm,left_lateral__A,left_lateral,A,6,271,1,0.8256505383815838,1
svm,left_lateral__A,left_lateral,A,6,271,1,0.28205679371847614,1
svm,left_lateral__A,left_lateral,A,6,271,1,0.9823621474098501,1
svm,left_lateral__A,left_lateral,A,6,271,1,0.17905013295741123,1
svm,left_lateral__A,left_lateral,A,6,271,1,1.3045395024528996,1
svm,left_lateral__A,left_lateral,A,6,271,1,1.4433679879826662,1
svm,left_lateral__A,left_lateral,A,6,271,1,0.8686896169195504,1
svm,left_lateral__A,left_lateral,A,7,251,0,-1.9221814269046087,0
svm,left_lateral__A,left_lateral,A,7,251,0,-0.905294330612731,0
svm,left_lateral__A,left_lateral,A,7,251,0,-1.0259451289698596,0
svm,left_lateral__A,left_lateral,A,7,251,0,-1.9069477397329622,0
svm,left_lateral__A,left_lateral,A,7,251,0,-1.0343600435044205,0
svm,left_lateral__A,left_lateral,A,7,251,0,-1.0868238977466964,0
svm,left_lateral__A,left_lateral,A,7,251,0,-1.2947669158921307,0
svm,left_lateral__A,left_lateral,A,7,251,0,-1.225137630985742,0
svm,left_lateral__A,left_lateral,A,7,251,0,-0.5690673657111582,0
svm,left_lateral__A,left_lateral,A,7,251,0,-0.7493384048504919,0
svm,left_lateral__A,left_lateral,A,7,251,0,-0.8185176964329689,0
svm,left_lateral__A,left_lateral,A,7,251,0,-0.5307778005536605,0
svm,left_lateral__A,left_lateral,A,7,251,0,-0.8876289997199776,0
svm,left_lateral__A,left_lateral,A,7,251,0,-0.8238615298296552,0
svm,left_lateral__A,left_lateral,A,7,251,1,-0.10549501702621339,0
svm,left_lateral__A,left_lateral,A,7,251,1,-1.302812377170544,0
svm,left_lateral__A,left_lateral,A,7,251,1,0.23030562934468812,1
svm,left_lateral__A,left_lateral,A,7,251,1,-1.6709256167929376,0
svm,left_lateral__A,left_lateral,A,7,251,1,-1.1406920068874264,0
svm,left_lateral__A,left_lateral,A,7,251,1,-1.5738235553327966,0
svm,left_lateral__A,left_lateral,A,7,251,1,-0.9736244806722929,0
svm,left_lateral__A,left_lateral,A,7,251,1,-3.078450616300493,0
svm,left_lateral__A,left_lateral,A,7,251,1,0.028320830739870295,1
svm,left_lateral__A,left_lateral,A,7,251,1,-0.7792500205884323,0
svm,left_lateral__A,left_lateral,A,7,251,1,-1.5527088534727658,0
svm,left_lateral__A,left_lateral,A,7,251,1,-1.4785414399649017,0
svm,left_lateral__A,left_lateral,A,7,251,1,0.7674968182234968,1
svm,left_lateral__A,left_lateral,A,8,282,0,-2.3297029800124847,0
svm,left_lateral__A,left_lateral,A,8,282,0,-0.6252467532028579,0
svm,left_lateral__A,left_lateral,A,8,282,0,-2.548177136740947,0
svm,left_lateral__A,left_lateral,A,8,282,0,-1.8633914701163876,0
svm,left_lateral__A,left_lateral,A,8,282,0,-0.9801223208609211,0
svm,left_lateral__A,left_lateral,A,8,282,0,-1.31936661141463,0
svm,left_lateral__A,left_lateral,A,8,282,0,-0.9390567761265871,0
svm,left_lateral__A,left_lateral,A,8,282,0,-2.4442735322530655,0
svm,left_lateral__A,left_lateral,A,8,282,0,-1.8995857555306046,0
svm,left_lateral__A,left_lateral,A,8,282,0,-2.2630750147745244,0
svm,left_lateral__A,left_lateral,A,8,282,0,-1.8275931369284024,0
svm,left_lateral__A,left_lateral,A,8,282,0,-3.45152893633153,0
svm,left_lateral__A,left_lateral,A,8,282,0,-1.48967359649392,0
svm,left_lateral__A,left_lateral,A,8,282,0,-1.580191386844358,0
svm,left_lateral__A,left_lateral,A,8,282,1,1.365428369671128,1
svm,left_lateral__A,left_lateral,A,8,282,1,1.1544762295288353,1
svm,left_lateral__A,left_lateral,A,8,282,1,0.16259068181636538,1
svm,left_lateral__A,left_lateral,A,8,282,1,1.3942866616568437,1
svm,left_lateral__A,left_lateral,A,8,282,1,0.7266600020674754,1
svm,left_lateral__A,left_lateral,A,8,282,1,0.9710656214813138,1
svm,left_lateral__A,left_lateral,A,8,282,1,0.5570371434610943,1
svm,left_lateral__A,left_lateral,A,8,282,1,2.197568853532313,1
svm,left_lateral__A,left_lateral,A,8,282,1,1.7008753912151335,1
svm,left_lateral__A,left_lateral,A,8,282,1,1.274927125251819,1
svm,left_lateral__A,left_lateral,A,8,282,1,1.194496568953201,1
svm,left_lateral__A,left_lateral,A,9,210,0,-0.868646459827329,0
svm,left_lateral__A,left_lateral,A,9,210,0,-1.3626769369360507,0
svm,left_lateral__A,left_lateral,A,9,210,0,-0.4089690298733559,0
svm,left_lateral__A,left_lateral,A,9,210,0,-0.18904804964681288,0
svm,left_lateral__A,left_lateral,A,9,210,0,-0.9425608115527182,0
svm,left_lateral__A,left_lateral,A,9,210,0,0.42593575775633075,1
svm,left_lateral__A,left_lateral,A,9,210,0,-0.7426413741444604,0
svm,left_lateral__A,left_lateral,A,9,210,0,0.8531961630821163,1
svm,left_lateral__A,left_lateral,A,9,210,0,-0.671547227166436,0
svm,left_lateral__A,left_lateral,A,9,210,0,-0.9118862709504976,0
svm,left_lateral__A,left_lateral,A,9,210,0,-1.1730493452919006,0
svm,left_lateral__A,left_lateral,A,9,210,0,-2.1432178722856947,0
svm,left_lateral__A,left_lateral,A,9,210,0,-1.4024741254543838,0
svm,left_lateral__A,left_lateral,A,9,210,0,-1.050917213795481,0
svm,left_lateral__A,left_lateral,A,9,210,1,2.528480467532936,1
svm,left_lateral__A,left_lateral,A,9,210,1,3.060555345069007,1
svm,left_lateral__A,left_lateral,A,9,210,1,1.6771891319336254,1
svm,left_lateral__A,left_lateral,A,9,210,1,2.620441569755691,1
svm,left_lateral__A,left_lateral,A,9,210,1,2.0206892477222542,1
svm,left_lateral__A,left_lateral,A,9,210,1,1.3875739379043754,1
svm,left_lateral__A,left_lateral,A,9,210,1,0.8604219220925899,1
svm,left_lateral__A,left_lateral,A,9,210,1,1.3406124506693844,1
svm,left_lateral__A,left_lateral,A,9,210,1,2.232785806162024,1
svm,left_lateral__A,left_lateral,A,9,210,1,2.0299957342005897,1
svm,left_lateral__A,left_lateral,A,9,210,1,0.9579366885924814,1
svm,left_lateral__A,left_lateral,A,10,265,0,-1.3529268655822015,0
svm,left_lateral__A,left_lateral,A,10,265,0,-0.7778378515394245,0
svm,left_lateral__A,left_lateral,A,10,265,0,-0.3270980370104003,0
svm,left_lateral__A,left_lateral,A,10,265,0,0.18632652890808643,1
svm,left_lateral__A,left_lateral,A,10,265,0,0.7219232545680412,1
svm,left_lateral__A,left_lateral,A,10,265,0,-0.23164506129334939,0
svm,left_lateral__A,left_lateral,A,10,265,0,-0.28903090986886326,0
svm,left_lateral__A,left_lateral,A,10,265,0,0.47905982922792956,1
svm,left_lateral__A,left_lateral,A,10,265,0,-1.1377247309475689,0
svm,left_lateral__A,left_lateral,A,10,265,0,-0.0425217039391958,0
svm,left_lateral__A,left_lateral,A,10,265,0,-0.2637372334726221,0
svm,left_lateral__A,left_lateral,A,10,265,0,-0.7482527563242867,0
svm,left_lateral__A,left_lateral,A,10,265,0,-0.21610630802292496,0
svm,left_lateral__A,left_lateral,A,10,265,1,-1.004687892690858,0
svm,left_lateral__A,left_lateral,A,10,265,1,-0.22919946723198276,0
svm,left_lateral__A,left_lateral,A,10,265,1,0.19913948503167256,1
svm,left_lateral__A,left_lateral,A,10,265,1,0.6333615357656064,1
svm,left_lateral__A,left_lateral,A,10,265,1,-0.6764943816500588,0
svm,left_lateral__A,left_lateral,A,10,265,1,-0.8575843079750568,0
svm,left_lateral__A,left_lateral,A,10,265,1,-0.6862300537764663,0
svm,left_lateral__A,left_lateral,A,10,265,1,-0.022879639553681275,0
svm,left_lateral__A,left_lateral,A,10,265,1,1.122637387422173,1
svm,left_lateral__A,left_lateral,A,10,265,1,0.47112716599095394,1
svm,left_lateral__A,left_lateral,A,10,265,1,-0.4181685367489356,0
svm,left_lateral__B,left_lateral,B,1,249,0,-0.5520094114634677,0
svm,left_lateral__B,left_lateral,B,1,249,0,0.2783167171494501,1
svm,left_lateral__B,left_lateral,B,1,249,0,-0.5911156970382452,0
svm,left_lateral__B,left_lateral,B,1,249,0,0.8532748896563538,1
svm,left_lateral__B,left_lateral,B,1,249,0,1.3702484112797155,1
svm,left_lateral__B,left_lateral,B,1,249,0,0.2308523928050784,1
svm,left_lateral__B,left_lateral,B,1,249,0,-0.5236457020093015,0
svm,left_lateral__B,left_lateral,B,1,249,0,0.7550297829253636,1
svm,left_lateral__B,left_lateral,B,1,249,0,0.06091767111788671,1
svm,left_lateral__B,left_lateral,B,1,249,0,0.0921443695397067,1
svm,left_lateral__B,left_lateral,B,1,249,0,-1.1693398684579832,0
svm,left_lateral__B,left_lateral,B,1,249,0,0.9904294772348781,1
svm,left_lateral__B,left_lateral,B,1,249,0,-0.9087026103393092,0
svm,left_lateral__B,left_lateral,B,1,249,0,0.4113231480933544,1
svm,left_lateral__B,left_lateral,B,1,249,0,-0.03290580151348982,0
svm,left_lateral__B,left_lateral,B,1,249,1,-0.954735793280548,0
svm,left_lateral__B,left_lateral,B,1,249,1,-0.031228468067016124,0
svm,left_lateral__B,left_lateral,B,1,249,1,-0.6911363964434278,0
svm,left_lateral__B,left_lateral,B,1,249,1,0.0030855457219176596,1
svm,left_lateral__B,left_lateral,B,1,249,1,0.3557318219645329,1
svm,left_lateral__B,left_lateral,B,1,249,1,-0.022892095155929826,0
svm,left_lateral__B,left_lateral,B,1,249,1,0.2679419476791346,1
svm,left_lateral__B,left_lateral,B,1,249,1,-0.10729613285299078,0
svm,left_lateral__B,left_lateral,B,1,249,1,-0.0784565875981797,0
svm,left_lateral__B,left_lateral,B,1,249,1,-1.3329325512255266,0
svm,left_lateral__B,left_lateral,B,1,249,1,-0.11694174717648459,0
svm,left_lateral__B,left_lateral,B,1,249,1,-0.04467689112226053,0
svm,left_lateral__B,left_lateral,B,1,249,1,0.2618065967960362,1
svm,left_lateral__B,left_lateral,B,1,249,1,0.38735583039159865,1
svm,left_lateral__B,left_lateral,B,1,249,1,0.3313528678211078,1
svm,left_lateral__B,left_lateral,B,1,249,1,0.09314763045307212,1
svm,left_lateral__B,left_lateral,B,1,249,1,0.30799298023153654,1
svm,left_lateral__B,left_lateral,B,2,219,0,0.5065098423386596,1
svm,left_lateral__B,left_lateral,B,2,219,0,0.5693212296988726,1
svm,left_lateral__B,left_lateral,B,2,219,0,-0.14199187465071988,0
svm,left_lateral__B,left_lateral,B,2,219,0,0.6769755024295145,1
svm,left_lateral__B,left_lateral,B,2,219,0,0.2517175455655145,1
svm,left_lateral__B,left_lateral,B,2,219,0,0.8309590320649041,1
svm,left_lateral__B,left_lateral,B,2,219,0,-0.3998918665702193,0
svm,left_lateral__B,left_lateral,B,2,219,0,0.06716761172347857,1
svm,left_lateral__B,left_lateral,B,2,219,0,-0.5486704988396331,0
svm,left_lateral__B,left_lateral,B,2,219,0,0.38385261866143494,1
svm,left_lateral__B,left_lateral,B,2,219,0,1.0987176650247512,1
svm,left_lateral__B,left_lateral,B,2,219,0,-0.6101502175193931,0
svm,left_lateral__B,left_lateral,B,2,219,0,0.6490752416362364,1
svm,left_lateral__B,left_lateral,B,2,219,0,-0.7182074267374494,0
svm,left_lateral__B,left_lateral,B,2,219,1,0.0897207543198239,1
svm,left_lateral__B,left_lateral,B,2,219,1,0.523424279595228,1
svm,left_lateral__B,left_lateral,B,2,219,1,0.44237491423912434,1
svm,left_lateral__B,left_lateral,B,2,219,1,0.0017737303034712215,1
svm,left_lateral__B,left_lateral,B,2,219,1,0.8865549774487482,1
svm,left_lateral__B,left_lateral,B,2,219,1,-0.30776089638440846,0
svm,left_lateral__B,left_lateral,B,2,219,1,0.12706502276628523,1
svm,left_lateral__B,left_lateral,B,2,219,1,-1.0652199515157812,0
svm,left_lateral__B,left_lateral,B,2,219,1,-0.14528618175030789,0
svm,left_lateral__B,left_lateral,B,2,219,1,-0.2370113549454636,0
svm,left_lateral__B,left_lateral,B,2,219,1,-0.23606194443295275,0
svm,left_lateral__B,left_lateral,B,2,219,1,-0.6715117958044257,0
svm,left_lateral__B,left_lateral,B,2,219,1,-0.3007825349009679,0
svm,left_lateral__B,left_lateral,B,2,219,1,-0.3937362702707093,0
svm,left_lateral__B,left_lateral,B,2,219,1,-0.01355337601646861,0
svm,left_lateral__B,left_lateral,B,2,219,1,-0.566641953655346,0
svm,left_lateral__B,left_lateral,B,3,313,0,-0.3761770570757157,0
svm,left_lateral__B,left_lateral,B,3,313,0,-0.3340663721448808,0
svm,left_lateral__B,left_lateral,B,3,313,0,-0.5099909283494485,0
svm,left_lateral__B,left_lateral,B,3,313,0,0.41053528678783413,1
svm,left_lateral__B,left_lateral,B,3,313,0,0.49048335894364836,1
svm,left_lateral__B,left_lateral,B,3,313,0,1.1445179423989154,1
svm,left_lateral__B,left_lateral,B,3,313,0,0.9941974333267067,1
svm,left_lateral__B,left_lateral,B,3,313,0,0.48452234530399885,1
svm,left_lateral__B,left_lateral,B,3,313,0,0.9022731992695551,1
svm,left_lateral__B,left_lateral,B,3,313,0,-0.2716071318082275,0
svm,left_lateral__B,left_lateral,B,3,313,0,0.5287136076211724,1
svm,left_lateral__B,left_lateral,B,3,313,0,-0.2665558853862938,0
svm,left_lateral__B,left_lateral,B,3,313,0,0.07878673634634906,1
svm,left_lateral__B,left_lateral,B,3,313,0,0.20641977781614185,1
svm,left_lateral__B,left_lateral,B,3,313,0,-0.560405804930878,0
svm,left_lateral__B,left_lateral,B,3,313,1,0.6403442349375074,1
svm,left_lateral__B,left_lateral,B,3,313,1,-0.04018230751197285,0
svm,left_lateral__B,left_lateral,B,3,313,1,-0.42551748565836467,0
svm,left_lateral__B,left_lateral,B,3,313,1,-0.31825442779337054,0
svm,left_lateral__B,left_lateral,B,3,313,1,0.7645647426937375,1
svm,left_lateral__B,left_lateral,B,3,313,1,0.7223033700333016,1
svm,left_lateral__B,left_lateral,B,3,313,1,0.9112623879722078,1
svm,left_lateral__B,left_lateral,B,3,313,1,0.11387755039256361,1
svm,left_lateral__B,left_lateral,B,3,313,1,-0.9406875810939728,0
svm,left_lateral__B,left_lateral,B,3,313,1,0.5620673846360836,1
svm,left_lateral__B,left_lateral,B,3,313,1,0.04098099680056694,1
svm,left_lateral__B,left_lateral,B,3,313,1,0.8234890543918775,1
svm,left_lateral__B,left_lateral,B,3,313,1,0.8847329925001299,1
svm,left_lateral__B,left_lateral,B,3,313,1,0.546780218826847,1
svm,left_lateral__B,left_lateral,B,4,318,0,0.38263091702129487,1
svm,left_lateral__B,left_lateral,B,4,318,0,-0.29682082880687777,0
svm,left_lateral__B,left_lateral,B,4,318,0,0.16109452277443875,1
svm,left_lateral__B,left_lateral,B,4,318,0,-0.48260060480460254,0
svm,left_lateral__B,left_lateral,B,4,318,0,-0.8241910510995528,0
svm,left_lateral__B,left_lateral,B,4,318,0,0.22058293170546964,1
svm,left_lateral__B,left_lateral,B,4,318,0,-0.7942439780880807,0
svm,left_lateral__B,left_lateral,B,4,318,0,-0.10255010042599666,0
svm,left_lateral__B,left_lateral,B,4,318,0,-0.7886210533578849,0
svm,left_lateral__B,left_lateral,B,4,318,0,-0.04903394234378844,0
svm,left_lateral__B,left_lateral,B,4,318,0,0.29080629691179294,1
svm,left_lateral__B,left_lateral,B,4,318,0,-0.5787495409170949,0
svm,left_lateral__B,left_lateral,B,4,318,0,0.220569179937292,1
svm,left_lateral__B,left_lateral,B,4,318,0,0.29540584054703223,1
svm,left_lateral__B,left_lateral,B,4,318,1,-0.08535248817270602,0
svm,left_lateral__B,left_lateral,B,4,318,1,0.2849005648138632,1
svm,left_lateral__B,left_lateral,B,4,318,1,0.12667543238942247,1
svm,left_lateral__B,left_lateral,B,4,318,1,0.6384598411272698,1
svm,left_lateral__B,left_lateral,B,4,318,1,-0.1619578420897541,0
svm,left_lateral__B,left_lateral,B,4,318,1,-0.5028005565897646,0
svm,left_lateral__B,left_lateral,B,4,318,1,0.304585721861668,1
svm,left_lateral__B,left_lateral,B,4,318,1,-0.7908387090868824,0
svm,left_lateral__B,left_lateral,B,4,318,1,0.19442263387534775,1
svm,left_lateral__B,left_lateral,B,4,318,1,0.23678560655840697,1
svm,left_lateral__B,left_lateral,B,4,318,1,0.4110644603767909,1
svm,left_lateral__B,left_lateral,B,4,318,1,0.07601089737050137,1
svm,left_lateral__B,left_lateral,B,4,318,1,-0.25234518532330585,0
svm,left_lateral__B,left_lateral,B,4,318,1,-0.30011024945817466,0
svm,left_lateral__B,left_lateral,B,5,300,0,0.017656591784628,1
svm,left_lateral__B,left_lateral,B,5,300,0,0.8235098043450061,1
svm,left_lateral__B,left_lateral,B,5,300,0,-0.4506947378643844,0
svm,left_lateral__B,left_lateral,B,5,300,0,0.1727905535956286,1
svm,left_lateral__B,left_lateral,B,5,300,0,-0.24668067332880797,0
svm,left_lateral__B,left_lateral,B,5,300,0,-0.02378157285749191,0
svm,left_lateral__B,left_lateral,B,5,300,0,-0.8369233224044011,0
svm,left_lateral__B,left_lateral,B,5,300,0,-0.554407088973411,0
svm,left_lateral__B,left_lateral,B,5,300,0,-0.3616475889706675,0
svm,left_lateral__B,left_lateral,B,5,300,0,-0.7503345930066969,0
svm,left_lateral__B,left_lateral,B,5,300,0,0.8277641237575128,1
svm,left_lateral__B,left_lateral,B,5,300,0,0.3819013257441316,1
svm,left_lateral__B,left_lateral,B,5,300,0,-0.4504945955892413,0
svm,left_lateral__B,left_lateral,B,5,300,0,-1.0095866142147745,0
svm,left_lateral__B,left_lateral,B,5,300,1,-0.42666621061031496,0
svm,left_lateral__B,left_lateral,B,5,300,1,-0.7061247897170937,0
svm,left_lateral__B,left_lateral,B,5,300,1,-0.0377920593237446,0
svm,left_lateral__B,left_lateral,B,5,300,1,-0.23944022302386433,0
svm,left_lateral__B,left_lateral,B,5,300,1,0.917179019950624,1
svm,left_lateral__B,left_lateral,B,5,300,1,0.5628152589052667,1
svm,left_lateral__B,left_lateral,B,5,300,1,0.8611156795246435,1
svm,left_lateral__B,left_lateral,B,5,300,1,-0.1386675796613008,0
svm,left_lateral__B,left_lateral,B,5,300,1,0.9387796545831906,1
svm,left_lateral__B,left_lateral,B,5,300,1,-0.03382121356291237,0
svm,left_lateral__B,left_lateral,B,5,300,1,-0.8057712977056537,0
svm,left_lateral__B,left_lateral,B,5,300,1,-0.33917194897939973,0
svm,left_lateral__B,left_lateral,B,5,300,1,-0.4370350816978852,0
svm,left_lateral__B,left_lateral,B,5,300,1,-1.317014159124125,0
svm,left_lateral__B,left_lateral,B,6,271,0,1.336655101919024,1
svm,left_lateral__B,left_lateral,B,6,271,0,0.8058362832834065,1
svm,left_lateral__B,left_lateral,B,6,271,0,-0.36095794358255895,0
svm,left_lateral__B,left_lateral,B,6,271,0,0.4577097060751324,1
svm,left_lateral__B,left_lateral,B,6,271,0,-1.4783076110198041,0
svm,left_lateral__B,left_lateral,B,6,271,0,-0.8479593591847497,0
svm,left_lateral__B,left_lateral,B,6,271,0,0.7926827987020173,1
svm,left_lateral__B,left_lateral,B,6,271,0,0.14821266159453392,1
svm,left_lateral__B,left_lateral,B,6,271,0,0.21610077086697596,1
svm,left_lateral__B,left_lateral,B,6,271,0,0.05166346369063797,1
svm,left_lateral__B,left_lateral,B,6,271,0,-0.24022628048994324,0
svm,left_lateral__B,left_lateral,B,6,271,0,0.5602446043683983,1
svm,left_lateral__B,left_lateral,B,6,271,0,-0.12912291177908095,0
svm,left_lateral__B,left_lateral,B,6,271,0,-0.47235669331107866,0
svm,left_lateral__B,left_lateral,B,6,271,1,-0.14210716157652703,0
svm,left_lateral__B,left_lateral,B,6,271,1,-0.2304612593618162,0
svm,left_lateral__B,left_lateral,B,6,271,1,-0.6151580270722301,0
svm,left_lateral__B,left_lateral,B,6,271,1,-0.7003416877642278,0
svm,left_lateral__B,left_lateral,B,6,271,1,-0.3898891107982818,0
svm,left_lateral__B,left_lateral,B,6,271,1,0.281300195776224,1
svm,left_lateral__B,left_lateral,B,6,271,1,0.5995271167060522,1
svm,left_lateral__B,left_lateral,B,6,271,1,-0.06477475235967428,0
svm,left_lateral__B,left_lateral,B,6,271,1,0.42650630694659897,1
svm,left_lateral__B,left_lateral,B,6,271,1,0.456856226729383,1
svm,left_lateral__B,left_lateral,B,6,271,1,-0.1122306926561146,0
svm,left_lateral__B,left_lateral,B,6,271,1,0.38829694193473396,1
svm,left_lateral__B,left_lateral,B,6,271,1,0.11553385318053708,1
svm,left_lateral__B,left_lateral,B,6,271,1,0.8781965194043695,1
svm,left_lateral__B,left_lateral,B,7,251,0,0.07898475888841841,1
svm,left_lateral__B,left_lateral,B,7,251,0,0.4999499512631508,1
svm,left_lateral__B,left_lateral,B,7,251,0,-1.2464666821727628,0
svm,left_lateral__B,left_lateral,B,7,251,0,-0.6660413497067391,0
svm,left_lateral__B,left_lateral,B,7,251,0,0.33261183058590615,1
svm,left_lateral__B,left_lateral,B,7,251,0,-0.435890854105489,0
svm,left_lateral__B,left_lateral,B,7,251,0,-0.2912181081574762,0
svm,left_lateral__B,left_lateral,B,7,251,0,-0.15930405524771332,0
svm,left_lateral__B,left_lateral,B,7,251,0,0.899495405650907,1
svm,left_lateral__B,left_lateral,B,7,251,0,0.11088912098720252,1
svm,left_lateral__B,left_lateral,B,7,251,0,0.004242486357603742,1
svm,left_lateral__B,left_lateral,B,7,251,0,0.542272671596678,1
svm,left_lateral__B,left_lateral,B,7,251,0,0.28036564215787263,1
svm,left_lateral__B,left_lateral,B,7,251,0,0.28883645352626675,1
svm,left_lateral__B,left_lateral,B,7,251,1,-0.7667412540609287,0
svm,left_lateral__B,left_lateral,B,7,251,1,-1.1815029562537953,0
svm,left_lateral__B,left_lateral,B,7,251,1,-1.0563342290906055,0
svm,left_lateral__B,left_lateral,B,7,251,1,-0.16475913892886548,0
svm,left_lateral__B,left_lateral,B,7,251,1,-0.8375959957857656,0
svm,left_lateral__B,left_lateral,B,7,251,1,-0.5762588766260975,0
svm,left_lateral__B,left_lateral,B,7,251,1,0.05493930886061893,1
svm,left_lateral__B,left_lateral,B,7,251,1,-1.1509061828047529,0
svm,left_lateral__B,left_lateral,B,7,251,1,-0.1964565551706924,0
svm,left_lateral__B,left_lateral,B,7,251,1,0.38388166648952504,1
svm,left_lateral__B,left_lateral,B,7,251,1,-0.6217172664046281,0
svm,left_lateral__B,left_lateral,B,7,251,1,-0.6973653823896132,0
svm,left_lateral__B,left_lateral,B,7,251,1,-0.21994944156912086,0
svm,left_lateral__B,left_lateral,B,8,282,0,-0.539365097184253,0
svm,left_lateral__B,left_lateral,B,8,282,0,-0.08174671679271589,0
svm,left_lateral__B,left_lateral,B,8,282,0,-0.4853371054529908,0
svm,left_lateral__B,left_lateral,B,8,282,0,-0.9562596900584898,0
svm,left_lateral__B,left_lateral,B,8,282,0,1.2644396145289813,1
svm,left_lateral__B,left_lateral,B,8,282,0,0.10018662006476786,1
svm,left_lateral__B,left_lateral,B,8,282,0,0.31619484595951036,1
svm,left_lateral__B,left_lateral,B,8,282,0,-0.30549884113812686,0
svm,left_lateral__B,left_lateral,B,8,282,0,-0.23813946798693864,0
svm,left_lateral__B,left_lateral,B,8,282,0,-0.5623864276502439,0
svm,left_lateral__B,left_lateral,B,8,282,0,1.137518354820862,1
svm,left_lateral__B,left_lateral,B,8,282,0,-0.621119690455915,0
svm,left_lateral__B,left_lateral,B,8,282,0,-0.3063380444916429,0
svm,left_lateral__B,left_lateral,B,8,282,0,-0.5328323939405221,0
svm,left_lateral__B,left_lateral,B,8,282,1,0.23284283909873535,1
svm,left_lateral__B,left_lateral,B,8,282,1,-0.11476857677555707,0
svm,left_lateral__B,left_lateral,B,8,282,1,0.23528039816650254,1
svm,left_lateral__B,left_lateral,B,8,282,1,-0.02616229360703337,0
svm,left_lateral__B,left_lateral,B,8,282,1,0.015120209470063706,1
svm,left_lateral__B,left_lateral,B,8,282,1,0.42937229659166815,1
svm,left_lateral__B,left_lateral,B,8,282,1,0.6118366360524816,1
svm,left_lateral__B,left_lateral,B,8,282,1,0.38479061591237307,1
svm,left_lateral__B,left_lateral,B,8,282,1,-0.600071632035026,0
svm,left_lateral__B,left_lateral,B,8,282,1,-0.47015997043194646,0
svm,left_lateral__B,left_lateral,B,8,282,1,0.29394589168276364,1
svm,left_lateral__B,left_lateral,B,9,210,0,-0.36687194736807605,0
svm,left_lateral__B,left_lateral,B,9,210,0,0.5532653370067344,1
svm,left_lateral__B,left_lateral,B,9,210,0,-0.6102345672029683,0
svm,left_lateral__B,left_lateral,B,9,210,0,-0.8745216079205032,0
svm,left_lateral__B,left_lateral,B,9,210,0,-0.4702379523013849,0
svm,left_lateral__B,left_lateral,B,9,210,0,-0.18423562621812375,0
svm,left_lateral__B,left_lateral,B,9,210,0,0.48800346057367194,1
svm,left_lateral__B,left_lateral,B,9,210,0,0.6743641529480033,1
svm,left_lateral__B,left_lateral,B,9,210,0,-0.402850129527938,0
svm,left_lateral__B,left_lateral,B,9,210,0,-1.5692466290541942,0
svm,left_lateral__B,left_lateral,B,9,210,0,-1.230833225312098,0
svm,left_lateral__B,left_lateral,B,9,210,0,-0.5970424193396007,0
svm,left_lateral__B,left_lateral,B,9,210,0,-0.18323801838625717,0
svm,left_lateral__B,left_lateral,B,9,210,0,-0.8139702055554003,0
svm,left_lateral__B,left_lateral,B,9,210,1,-0.31795599829600907,0
svm,left_lateral__B,left_lateral,B,9,210,1,-0.13797161234027502,0
svm,left_lateral__B,left_lateral,B,9,210,1,-0.20749129030537986,0
svm,left_lateral__B,left_lateral,B,9,210,1,-0.2649933243902026,0
svm,left_lateral__B,left_lateral,B,9,210,1,0.03446890061416627,1
svm,left_lateral__B,left_lateral,B,9,210,1,-0.29864677149699315,0
svm,left_lateral__B,left_lateral,B,9,210,1,0.2804671053194031,1
svm,left_lateral__B,left_lateral,B,9,210,1,0.13145086689576374,1
svm,left_lateral__B,left_lateral,B,9,210,1,-0.8349328668791685,0
svm,left_lateral__B,left_lateral,B,9,210,1,-0.547077558303426,0
svm,left_lateral__B,left_lateral,B,9,210,1,0.010647111055256703,1
svm,left_lateral__B,left_lateral,B,10,265,0,-0.694077232645772,0
svm,left_lateral__B,left_lateral,B,10,265,0,-0.33844460717985947,0
svm,left_lateral__B,left_lateral,B,10,265,0,-0.5352226127409565,0
svm,left_lateral__B,left_lateral,B,10,265,0,-0.5337217821887095,0
svm,left_lateral__B,left_lateral,B,10,265,0,-0.6049720271056573,0
svm,left_lateral__B,left_lateral,B,10,265,0,-0.402849606034541,0
svm,left_lateral__B,left_lateral,B,10,265,0,0.3778297034871526,1
svm,left_lateral__B,left_lateral,B,10,265,0,-1.0671608361738458,0
svm,left_lateral__B,left_lateral,B,10,265,0,0.29427530223445997,1
svm,left_lateral__B,left_lateral,B,10,265,0,-0.34905409981061064,0
svm,left_lateral__B,left_lateral,B,10,265,0,0.07891716307609817,1
svm,left_lateral__B,left_lateral,B,10,265,0,-1.3301216185881901,0
svm,left_lateral__B,left_lateral,B,10,265,0,-0.46743163323645165,0
svm,left_lateral__B,left_lateral,B,10,265,1,-0.3852982725291868,0
svm,left_lateral__B,left_lateral,B,10,265,1,-1.2012801477186787,0
svm,left_lateral__B,left_lateral,B,10,265,1,-0.20403307842591153,0
svm,left_lateral__B,left_lateral,B,10,265,1,0.20730311296017212,1
svm,left_lateral__B,left_lateral,B,10,265,1,-0.11153468834583388,0
svm,left_lateral__B,left_lateral,B,10,265,1,0.30884084808454326,1
svm,left_lateral__B,left_lateral,B,10,265,1,-0.27318976113682525,0
svm,left_lateral__B,left_lateral,B,10,265,1,0.360358016896968,1
svm,left_lateral__B,left_lateral,B,10,265,1,-0.04664765837117976,0
svm,left_lateral__B,left_lateral,B,10,265,1,-0.24256921531812045,0
svm,left_lateral__B,left_lateral,B,10,265,1,0.4144096943921328,1
svm,left_lateral__C,left_lateral,C,1,249,0,-0.5420999282202587,0
svm,left_lateral__C,left_lateral,C,1,249,0,-0.18002621323693685,0
svm,left_lateral__C,left_lateral,C,1,249,0,0.33969281963069864,1
svm,left_lateral__C,left_lateral,C,1,249,0,0.1404985586179071,1
svm,left_lateral__C,left_lateral,C,1,249,0,0.09101846943161088,1
svm,left_lateral__C,left_lateral,C,1,249,0,0.4176783075346312,1
svm,left_lateral__C,left_lateral,C,1,249,0,0.0784317847426767,1
svm,left_lateral__C,left_lateral,C,1,249,0,0.14755707796719714,1
svm,left_lateral__C,left_lateral,C,1,249,0,0.31977381461890253,1
svm,left_lateral__C,left_lateral,C,1,249,0,-0.6035026366810947,0
svm,left_lateral__C,left_lateral,C,1,249,0,-0.48907620662019274,0
svm,left_lateral__C,left_lateral,C,1,249,0,1.0508368255512497,1
svm,left_lateral__C,left_lateral,C,1,249,0,-0.6448187420284226,0
svm,left_lateral__C,left_lateral,C,1,249,0,1.0387180632076294,1
svm,left_lateral__C,left_lateral,C,1,249,0,-0.32975311326515977,0
svm,left_lateral__C,left_lateral,C,1,249,1,0.19202262968825973,1
svm,left_lateral__C,left_lateral,C,1,249,1,0.44882241433199876,1
svm,left_lateral__C,left_lateral,C,1,249,1,0.42059788203007087,1
svm,left_lateral__C,left_lateral,C,1,249,1,0.44738308897698686,1
svm,left_lateral__C,left_lateral,C,1,249,1,0.696319880813731,1
svm,left_lateral__C,left_lateral,C,1,249,1,-0.1770126469319805,0
svm,left_lateral__C,left_lateral,C,1,249,1,0.027096175131962635,1
svm,left_lateral__C,left_lateral,C,1,249,1,0.16142913793353808,1
svm,left_lateral__C,left_lateral,C,1,249,1,0.36155724833312597,1
svm,left_lateral__C,left_lateral,C,1,249,1,0.02823019321653683,1
svm,left_lateral__C,left_lateral,C,1,249,1,0.09322773082335584,1
svm,left_lateral__C,left_lateral,C,1,249,1,-0.2279347366185709,0
svm,left_lateral__C,left_lateral,C,1,249,1,0.5129858180061643,1
svm,left_lateral__C,left_lateral,C,1,249,1,-0.00324541956598276,0
svm,left_lateral__C,left_lateral,C,1,249,1,0.45810041825597614,1
svm,left_lateral__C,left_lateral,C,1,249,1,0.9518283589490586,1
svm,left_lateral__C,left_lateral,C,1,249,1,0.5332388237020658,1
svm,left_lateral__C,left_lateral,C,2,219,0,0.4464051242862813,1
svm,left_lateral__C,left_lateral,C,2,219,0,0.6972251123216141,1
svm,left_lateral__C,left_lateral,C,2,219,0,1.4313672517220248,1
svm,left_lateral__C,left_lateral,C,2,219,0,1.163491867220076,1
svm,left_lateral__C,left_lateral,C,2,219,0,0.8796137162321821,1
svm,left_lateral__C,left_lateral,C,2,219,0,1.237049678694457,1
svm,left_lateral__C,left_lateral,C,2,219,0,-0.013396174559950152,0
svm,left_lateral__C,left_lateral,C,2,219,0,-0.6395968106829585,0
svm,left_lateral__C,left_lateral,C,2,219,0,1.1023559491886892,1
svm,left_lateral__C,left_lateral,C,2,219,0,-0.034518514233107506,0
svm,left_lateral__C,left_lateral,C,2,219,0,0.6288117852312654,1
svm,left_lateral__C,left_lateral,C,2,219,0,-0.0010062647527976087,0
svm,left_lateral__C,left_lateral,C,2,219,0,0.03840078258831306,1
svm,left_lateral__C,left_lateral,C,2,219,0,0.08376272688720529,1
svm,left_lateral__C,left_lateral,C,2,219,1,0.6741618975430431,1
svm,left_lateral__C,left_lateral,C,2,219,1,1.544625537900011,1
svm,left_lateral__C,left_lateral,C,2,219,1,0.9655926971383706,1
svm,left_lateral__C,left_lateral,C,2,219,1,1.7312915928322268,1
svm,left_lateral__C,left_lateral,C,2,219,1,1.7004433318252394,1
svm,left_lateral__C,left_lateral,C,2,219,1,0.9849455467090368,1
svm,left_lateral__C,left_lateral,C,2,219,1,1.2652656251915804,1
svm,left_lateral__C,left_lateral,C,2,219,1,0.9373877342090259,1
svm,left_lateral__C,left_lateral,C,2,219,1,1.183574505804731,1
svm,left_lateral__C,left_lateral,C,2,219,1,0.9835753009016975,1
svm,left_lateral__C,left_lateral,C,2,219,1,0.7576715691174524,1
svm,left_lateral__C,left_lateral,C,2,219,1,1.2375095870415345,1
svm,left_lateral__C,left_lateral,C,2,219,1,0.5780637278267589,1
svm,left_lateral__C,left_lateral,C,2,219,1,0.6194204971165088,1
svm,left_lateral__C,left_lateral,C,2,219,1,0.7704647243093727,1
svm,left_lateral__C,left_lateral,C,2,219,1,1.2806555353630835,1
svm,left_lateral__C,left_lateral,C,3,313,0,-0.3536951865721508,0
svm,left_lateral__C,left_lateral,C,3,313,0,0.6723635381931532,1
svm,left_lateral__C,left_lateral,C,3,313,0,-0.4459341509641279,0
svm,left_lateral__C,left_lateral,C,3,313,0,-0.2292204936200537,0
svm,left_lateral__C,left_lateral,C,3,313,0,0.47611660463073174,1
svm,left_lateral__C,left_lateral,C,3,313,0,0.619395502634301,1
svm,left_lateral__C,left_lateral,C,3,313,0,0.12989154363174527,1
svm,left_lateral__C,left_lateral,C,3,313,0,0.26244868246011754,1
svm,left_lateral__C,left_lateral,C,3,313,0,0.3892569499867972,1
svm,left_lateral__C,left_lateral,C,3,313,0,-0.9490243938097636,0
svm,left_lateral__C,left_lateral,C,3,313,0,-0.34038325774139516,0
svm,left_lateral__C,left_lateral,C,3,313,0,-0.0021901294295509355,0
svm,left_lateral__C,left_lateral,C,3,313,0,-0.1919099126981822,0
svm,left_lateral__C,left_lateral,C,3,313,0,-0.14389930113438718,0
svm,left_lateral__C,left_lateral,C,3,313,0,0.058357175717216686,1
svm,left_lateral__C,left_lateral,C,3,313,1,0.5428147937657857,1
svm,left_lateral__C,left_lateral,C,3,313,1,-0.009330864681968531,0
svm,left_lateral__C,left_lateral,C,3,313,1,-0.06121208714568885,0
svm,left_lateral__C,left_lateral,C,3,313,1,0.007349675381308873,1
svm,left_lateral__C,left_lateral,C,3,313,1,0.42030402854094157,1
svm,left_lateral__C,left_lateral,C,3,313,1,0.7034679848785856,1
svm,left_lateral__C,left_lateral,C,3,313,1,0.8480469464867846,1
svm,left_lateral__C,left_lateral,C,3,313,1,0.49882288960451554,1
svm,left_lateral__C,left_lateral,C,3,313,1,0.09649755718110942,1
svm,left_lateral__C,left_lateral,C,3,313,1,0.8437915299457,1
svm,left_lateral__C,left_lateral,C,3,313,1,0.1237192137497336,1
svm,left_lateral__C,left_lateral,C,3,313,1,0.3851999724649831,1
svm,left_lateral__C,left_lateral,C,3,313,1,0.9741404222162606,1
svm,left_lateral__C,left_lateral,C,3,313,1,0.950512923974538,1
svm,left_lateral__C,left_lateral,C,4,318,0,-0.32501409244548113,0
svm,left_lateral__C,left_lateral,C,4,318,0,-0.5457413834560125,0
svm,left_lateral__C,left_lateral,C,4,318,0,-0.541462492566885,0
svm,left_lateral__C,left_lateral,C,4,318,0,0.23387117905240898,1
svm,left_lateral__C,left_lateral,C,4,318,0,-0.3731888343146378,0
svm,left_lateral__C,left_lateral,C,4,318,0,-0.5400127117853379,0
svm,left_lateral__C,left_lateral,C,4,318,0,-0.615893844365206,0
svm,left_lateral__C,left_lateral,C,4,318,0,-1.491000338535356,0
svm,left_lateral__C,left_lateral,C,4,318,0,-0.6898108209692431,0
svm,left_lateral__C,left_lateral,C,4,318,0,-0.5852685568532912,0
svm,left_lateral__C,left_lateral,C,4,318,0,-0.43977647896983696,0
svm,left_lateral__C,left_lateral,C,4,318,0,-0.707018085415309,0
svm,left_lateral__C,left_lateral,C,4,318,0,-0.6259895464733574,0
svm,left_lateral__C,left_lateral,C,4,318,0,-0.4826067899326917,0
svm,left_lateral__C,left_lateral,C,4,318,1,-0.6601897620107879,0
svm,left_lateral__C,left_lateral,C,4,318,1,0.5321899635553065,1
svm,left_lateral__C,left_lateral,C,4,318,1,-0.26719670008723223,0
svm,left_lateral__C,left_lateral,C,4,318,1,0.42245458344647896,1
svm,left_lateral__C,left_lateral,C,4,318,1,-0.10603295097197825,0
svm,left_lateral__C,left_lateral,C,4,318,1,-0.34418439595929523,0
svm,left_lateral__C,left_lateral,C,4,318,1,0.40506205396421796,1
svm,left_lateral__C,left_lateral,C,4,318,1,-0.7803290863251784,0
svm,left_lateral__C,left_lateral,C,4,318,1,0.32537556731124356,1
svm,left_lateral__C,left_lateral,C,4,318,1,0.6068077863706425,1
svm,left_lateral__C,left_lateral,C,4,318,1,0.6788399482185922,1
svm,left_lateral__C,left_lateral,C,4,318,1,0.16624512549332934,1
svm,left_lateral__C,left_lateral,C,4,318,1,0.3305881846918142,1
svm,left_lateral__C,left_lateral,C,4,318,1,-0.08989220715271311,0
svm,left_lateral__C,left_lateral,C,5,300,0,0.5177903126987194,1
svm,left_lateral__C,left_lateral,C,5,300,0,0.6548260629808058,1
svm,left_lateral__C,left_lateral,C,5,300,0,0.4597466055284738,1
svm,left_lateral__C,left_lateral,C,5,300,0,0.32301989027542216,1
svm,left_lateral__C,left_lateral,C,5,300,0,0.6957521426542865,1
svm,left_lateral__C,left_lateral,C,5,300,0,0.6713771190832792,1
svm,left_lateral__C,left_lateral,C,5,300,0,0.34483741077446406,1
svm,left_lateral__C,left_lateral,C,5,300,0,0.7270087330553449,1
svm,left_lateral__C,left_lateral,C,5,300,0,0.414919364811942,1
svm,left_lateral__C,left_lateral,C,5,300,0,0.20506758117315693,1
svm,left_lateral__C,left_lateral,C,5,300,0,0.4464507794867525,1
svm,left_lateral__C,left_lateral,C,5,300,0,0.5227951858167139,1
svm,left_lateral__C,left_lateral,C,5,300,0,0.41515065851194344,1
svm,left_lateral__C,left_lateral,C,5,300,0,-0.21164294169660303,0
svm,left_lateral__C,left_lateral,C,5,300,1,0.22683860041846438,1
svm,left_lateral__C,left_lateral,C,5,300,1,0.2940880965722168,1
svm,left_lateral__C,left_lateral,C,5,300,1,0.45820832592500405,1
svm,left_lateral__C,left_lateral,C,5,300,1,0.4963727471169419,1
svm,left_lateral__C,left_lateral,C,5,300,1,1.086546670036128,1
svm,left_lateral__C,left_lateral,C,5,300,1,0.21534410696730555,1
svm,left_lateral__C,left_lateral,C,5,300,1,0.5024541559629315,1
svm,left_lateral__C,left_lateral,C,5,300,1,0.40257223723216407,1
svm,left_lateral__C,left_lateral,C,5,300,1,0.4214134489652934,1
svm,left_lateral__C,left_lateral,C,5,300,1,0.3117072264440744,1
svm,left_lateral__C,left_lateral,C,5,300,1,0.43985563815815043,1
svm,left_lateral__C,left_lateral,C,5,300,1,0.536137087619331,1
svm,left_lateral__C,left_lateral,C,5,300,1,0.33274170260521174,1
svm,left_lateral__C,left_lateral,C,5,300,1,0.41670404989542476,1
svm,left_lateral__C,left_lateral,C,6,271,0,-0.19187206838485515,0
svm,left_lateral__C,left_lateral,C,6,271,0,-0.36311632428583285,0
svm,left_lateral__C,left_lateral,C,6,271,0,-0.8071204351293422,0
svm,left_lateral__C,left_lateral,C,6,271,0,-0.025468202056113,0
svm,left_lateral__C,left_lateral,C,6,271,0,-0.9136274827235873,0
svm,left_lateral__C,left_lateral,C,6,271,0,-0.628207736288434,0
svm,left_lateral__C,left_lateral,C,6,271,0,-0.6668274949380157,0
svm,left_lateral__C,left_lateral,C,6,271,0,-1.0643065964041025,0
svm,left_lateral__C,left_lateral,C,6,271,0,-1.119494538353853,0
svm,left_lateral__C,left_lateral,C,6,271,0,-0.29974405280536165,0
svm,left_lateral__C,left_lateral,C,6,271,0,-0.3725230559842405,0
svm,left_lateral__C,left_lateral,C,6,271,0,-0.2813694601229816,0
svm,left_lateral__C,left_lateral,C,6,271,0,-1.2702612112712908,0
svm,left_lateral__C,left_lateral,C,6,271,0,-1.0009203034588048,0
svm,left_lateral__C,left_lateral,C,6,271,1,-0.43230644973723203,0
svm,left_lateral__C,left_lateral,C,6,271,1,0.22105405925964566,1
svm,left_lateral__C,left_lateral,C,6,271,1,-0.615507189138059,0
svm,left_lateral__C,left_lateral,C,6,271,1,-0.27593036306036356,0
svm,left_lateral__C,left_lateral,C,6,271,1,-0.47898631099028954,0
svm,left_lateral__C,left_lateral,C,6,271,1,-0.5135379896898995,0
svm,left_lateral__C,left_lateral,C,6,271,1,0.39961716125055974,1
svm,left_lateral__C,left_lateral,C,6,271,1,-0.48033515865258436,0
svm,left_lateral__C,left_lateral,C,6,271,1,0.2535655557066458,1
svm,left_lateral__C,left_lateral,C,6,271,1,0.006328750608458722,1
svm,left_lateral__C,left_lateral,C,6,271,1,-0.36807196218180394,0
svm,left_lateral__C,left_lateral,C,6,271,1,0.2713765158221509,1
svm,left_lateral__C,left_lateral,C,6,271,1,0.09872440423246404,1
svm,left_lateral__C,left_lateral,C,6,271,1,0.2900812544343431,1
svm,left_lateral__C,left_lateral,C,7,251,0,-1.3345666369465283,0
svm,left_lateral__C,left_lateral,C,7,251,0,-1.0320917909161778,0
svm,left_lateral__C,left_lateral,C,7,251,0,-1.354038040195587,0
svm,left_lateral__C,left_lateral,C,7,251,0,-1.7653378285218577,0
svm,left_lateral__C,left_lateral,C,7,251,0,-0.9628353459084267,0
svm,left_lateral__C,left_lateral,C,7,251,0,-1.0472898179956776,0
svm,left_lateral__C,left_lateral,C,7,251,0,-1.3565349510971376,0
svm,left_lateral__C,left_lateral,C,7,251,0,-1.459496970816837,0
svm,left_lateral__C,left_lateral,C,7,251,0,-0.9222289124737175,0
svm,left_lateral__C,left_lateral,C,7,251,0,-0.9186976134371583,0
svm,left_lateral__C,left_lateral,C,7,251,0,-1.3368718438008185,0
svm,left_lateral__C,left_lateral,C,7,251,0,-0.5492289892798433,0
svm,left_lateral__C,left_lateral,C,7,251,0,-0.710404400277974,0
svm,left_lateral__C,left_lateral,C,7,251,0,-1.0312461930887222,0
svm,left_lateral__C,left_lateral,C,7,251,1,-1.0836944450965265,0
svm,left_lateral__C,left_lateral,C,7,251,1,-1.3824287152194776,0
svm,left_lateral__C,left_lateral,C,7,251,1,-1.1299024739340127,0
svm,left_lateral__C,left_lateral,C,7,251,1,-0.9757048273446421,0
svm,left_lateral__C,left_lateral,C,7,251,1,-1.0386148955392844,0
svm,left_lateral__C,left_lateral,C,7,251,1,-0.7247638808821746,0
svm,left_lateral__C,left_lateral,C,7,251,1,-0.8297127313237802,0
svm,left_lateral__C,left_lateral,C,7,251,1,-1.0785128727054776,0
svm,left_lateral__C,left_lateral,C,7,251,1,-0.7859944576837711,0
svm,left_lateral__C,left_lateral,C,7,251,1,-1.291598695636599,0
svm,left_lateral__C,left_lateral,C,7,251,1,-1.1075856346529862,0
svm,left_lateral__C,left_lateral,C,7,251,1,-1.0074685185858865,0
svm,left_lateral__C,left_lateral,C,7,251,1,0.07587110391880646,1
svm,left_lateral__C,left_lateral,C,8,282,0,-0.773054500504055,0
svm,left_lateral__C,left_lateral,C,8,282,0,-0.7838569726635136,0
svm,left_lateral__C,left_lateral,C,8,282,0,-1.0667138110488281,0
svm,left_lateral__C,left_lateral,C,8,282,0,-1.2982482551339747,0
svm,left_lateral__C,left_lateral,C,8,282,0,-1.0378246648933613,0
svm,left_lateral__C,left_lateral,C,8,282,0,-0.48574799912431965,0
svm,left_lateral__C,left_lateral,C,8,282,0,-0.48550389623275403,0
svm,left_lateral__C,left_lateral,C,8,282,0,-1.0776439475425024,0
svm,left_lateral__C,left_lateral,C,8,282,0,-0.7955934265604712,0
svm,left_lateral__C,left_lateral,C,8,282,0,-0.6692528082415414,0
svm,left_lateral__C,left_lateral,C,8,282,0,0.1949381912482765,1
svm,left_lateral__C,left_lateral,C,8,282,0,-1.670240796801378,0
svm,left_lateral__C,left_lateral,C,8,282,0,-0.5313599266129422,0
svm,left_lateral__C,left_lateral,C,8,282,0,-0.9835676729540512,0
svm,left_lateral__C,left_lateral,C,8,282,1,1.1115328306538628,1
svm,left_lateral__C,left_lateral,C,8,282,1,0.8763271948706373,1
svm,left_lateral__C,left_lateral,C,8,282,1,0.7743378087339509,1
svm,left_lateral__C,left_lateral,C,8,282,1,1.3713958091417906,1
svm,left_lateral__C,left_lateral,C,8,282,1,0.9919136267116448,1
svm,left_lateral__C,left_lateral,C,8,282,1,0.48971048650378335,1
svm,left_lateral__C,left_lateral,C,8,282,1,0.12486675925092518,1
svm,left_lateral__C,left_lateral,C,8,282,1,0.8134085807632966,1
svm,left_lateral__C,left_lateral,C,8,282,1,0.8712735752743881,1
svm,left_lateral__C,left_lateral,C,8,282,1,0.2748297491218644,1
svm,left_lateral__C,left_lateral,C,8,282,1,0.94773082381941,1
svm,left_lateral__C,left_lateral,C,9,210,0,-0.4683612796282759,0
svm,left_lateral__C,left_lateral,C,9,210,0,-0.6480489863314561,0
svm,left_lateral__C,left_lateral,C,9,210,0,-0.6458502446633677,0
svm,left_lateral__C,left_lateral,C,9,210,0,0.10113993289453714,1
svm,left_lateral__C,left_lateral,C,9,210,0,-0.9997284009104075,0
svm,left_lateral__C,left_lateral,C,9,210,0,-0.5524249972453129,0
svm,left_lateral__C,left_lateral,C,9,210,0,-0.029140184551327247,0
svm,left_lateral__C,left_lateral,C,9,210,0,0.05923396151749154,1
svm,left_lateral__C,left_lateral,C,9,210,0,-0.08307055845571322,0
svm,left_lateral__C,left_lateral,C,9,210,0,-0.8128724122930625,0
svm,left_lateral__C,left_lateral,C,9,210,0,-0.6600798101847382,0
svm,left_lateral__C,left_lateral,C,9,210,0,-0.6694487306691499,0
svm,left_lateral__C,left_lateral,C,9,210,0,-0.5619989939158685,0
svm,left_lateral__C,left_lateral,C,9,210,0,-0.6008646339478559,0
svm,left_lateral__C,left_lateral,C,9,210,1,0.17500881668133278,1
svm,left_lateral__C,left_lateral,C,9,210,1,0.6455804538088136,1
svm,left_lateral__C,left_lateral,C,9,210,1,1.2288451624502552,1
svm,left_lateral__C,left_lateral,C,9,210,1,0.20191238849934823,1
svm,left_lateral__C,left_lateral,C,9,210,1,1.2407340885296216,1
svm,left_lateral__C,left_lateral,C,9,210,1,0.1853538621842339,1
svm,left_lateral__C,left_lateral,C,9,210,1,0.5925580044091535,1
svm,left_lateral__C,left_lateral,C,9,210,1,0.38810918442459647,1
svm,left_lateral__C,left_lateral,C,9,210,1,0.6899217802005356,1
svm,left_lateral__C,left_lateral,C,9,210,1,0.5085798675804926,1
svm,left_lateral__C,left_lateral,C,9,210,1,1.0069223846344086,1
svm,left_lateral__C,left_lateral,C,10,265,0,-1.2105957759562698,0
svm,left_lateral__C,left_lateral,C,10,265,0,-0.8685563862356034,0
svm,left_lateral__C,left_lateral,C,10,265,0,-0.45751866048735795,0
svm,left_lateral__C,left_lateral,C,10,265,0,-0.5882668541746239,0
svm,left_lateral__C,left_lateral,C,10,265,0,-0.24282547617635658,0
svm,left_lateral__C,left_lateral,C,10,265,0,-0.34330262439118125,0
svm,left_lateral__C,left_lateral,C,10,265,0,-0.4883997228073145,0
svm,left_lateral__C,left_lateral,C,10,265,0,-0.21922954546585988,0
svm,left_lateral__C,left_lateral,C,10,265,0,-0.28809659702419704,0
svm,left_lateral__C,left_lateral,C,10,265,0,-0.33441376838351156,0
svm,left_lateral__C,left_lateral,C,10,265,0,-0.4314059970937785,0
svm,left_lateral__C,left_lateral,C,10,265,0,-0.8286601041571539,0
svm,left_lateral__C,left_lateral,C,10,265,0,-0.5659912329853463,0
svm,left_lateral__C,left_lateral,C,10,265,1,-0.7442169285876145,0
svm,left_lateral__C,left_lateral,C,10,265,1,-0.4236446644974314,0
svm,left_lateral__C,left_lateral,C,10,265,1,-0.05521035430875769,0
svm,left_lateral__C,left_lateral,C,10,265,1,0.5334417267916971,1
svm,left_lateral__C,left_lateral,C,10,265,1,-0.3366315173210885,0
svm,left_lateral__C,left_lateral,C,10,265,1,-0.46752937514341847,0
svm,left_lateral__C,left_lateral,C,10,265,1,-0.5486872157863087,0
svm,left_lateral__C,left_lateral,C,10,265,1,-0.34353949757198105,0
svm,left_lateral__C,left_lateral,C,10,265,1,0.5824020109603296,1
svm,left_lateral__C,left_lateral,C,10,265,1,-0.18766407473602953,0
svm,left_lateral__C,left_lateral,C,10,265,1,0.08128125208173527,1
svm,right_lateral__A,right_lateral,A,1,249,0,-0.6388122257102934,0
svm,right_lateral__A,right_lateral,A,1,249,0,0.7764009384972131,1
svm,right_lateral__A,right_lateral,A,1,249,0,-0.15930878115038138,0
svm,right_lateral__A,right_lateral,A,1,249,0,-0.4893042318847314,0
svm,right_lateral__A,right_lateral,A,1,249,0,-1.407433324846099,0
svm,right_lateral__A,right_lateral,A,1,249,0,-0.18337717876897452,0
svm,right_lateral__A,right_lateral,A,1,249,0,-0.4920019969277443,0
svm,right_lateral__A,right_lateral,A,1,249,0,-0.8382191326842325,0
svm,right_lateral__A,right_lateral,A,1,249,0,-0.520961978863975,0
svm,right_lateral__A,right_lateral,A,1,249,0,-0.5162295443078042,0
svm,right_lateral__A,right_lateral,A,1,249,0,-1.3189010153588543,0
svm,right_lateral__A,right_lateral,A,1,249,0,-0.4341999560015503,0
svm,right_lateral__A,right_lateral,A,1,249,0,-0.12446855878496738,0
svm,right_lateral__A,right_lateral,A,1,249,0,0.33950647175598625,1
svm,right_lateral__A,right_lateral,A,1,249,0,-1.2880002433426023,0
svm,right_lateral__A,right_lateral,A,1,249,1,0.7595723398646937,1
svm,right_lateral__A,right_lateral,A,1,249,1,1.1813558199398506,1
svm,right_lateral__A,right_lateral,A,1,249,1,1.0838423607670356,1
svm,right_lateral__A,right_lateral,A,1,249,1,1.3147278997498937,1
svm,right_lateral__A,right_lateral,A,1,249,1,1.3008128470989124,1
svm,right_lateral__A,right_lateral,A,1,249,1,0.46846344512889393,1
svm,right_lateral__A,right_lateral,A,1,249,1,1.298921025354756,1
svm,right_lateral__A,right_lateral,A,1,249,1,1.2239660570918263,1
svm,right_lateral__A,right_lateral,A,1,249,1,1.035545581272907,1
svm,right_lateral__A,right_lateral,A,1,249,1,0.5290958486468879,1
svm,right_lateral__A,right_lateral,A,1,249,1,0.4158666385719124,1
svm,right_lateral__A,right_lateral,A,1,249,1,0.5146707536985524,1
svm,right_lateral__A,right_lateral,A,1,249,1,0.7869700576728232,1
svm,right_lateral__A,right_lateral,A,1,249,1,0.20081209904993613,1
svm,right_lateral__A,right_lateral,A,1,249,1,0.9487562331460909,1
svm,right_lateral__A,right_lateral,A,1,249,1,0.4853948539168941,1
svm,right_lateral__A,right_lateral,A,1,249,1,0.44872225710747693,1
svm,right_lateral__A,right_lateral,A,2,219,0,0.46889941778225225,1
svm,right_lateral__A,right_lateral,A,2,219,0,0.38051468010781336,1
svm,right_lateral__A,right_lateral,A,2,219,0,0.6322076804916594,1
svm,right_lateral__A,right_lateral,A,2,219,0,1.0852993042446668,1
svm,right_lateral__A,right_lateral,A,2,219,0,0.44797509662638973,1
svm,right_lateral__A,right_lateral,A,2,219,0,0.9892004153201677,1
svm,right_lateral__A,right_lateral,A,2,219,0,0.8921479073034271,1
svm,right_lateral__A,right_lateral,A,2,219,0,-1.5047349816769118,0
svm,right_lateral__A,right_lateral,A,2,219,0,1.038057219597934,1
svm,right_lateral__A,right_lateral,A,2,219,0,-0.44737546647695103,0
svm,right_lateral__A,right_lateral,A,2,219,0,-0.4922873099493899,0
svm,right_lateral__A,right_lateral,A,2,219,0,-0.2666727772047794,0
svm,right_lateral__A,right_lateral,A,2,219,0,-0.8447191949942265,0
svm,right_lateral__A,right_lateral,A,2,219,0,0.020500223980476073,1
svm,right_lateral__A,right_lateral,A,2,219,1,1.4542580626983537,1
svm,right_lateral__A,right_lateral,A,2,219,1,1.1193057494842946,1
svm,right_lateral__A,right_lateral,A,2,219,1,1.3256019881140029,1
svm,right_lateral__A,right_lateral,A,2,219,1,1.1059745628027167,1
svm,right_lateral__A,right_lateral,A,2,219,1,1.3578374185781676,1
svm,right_lateral__A,right_lateral,A,2,219,1,1.3129314764153872,1
svm,right_lateral__A,right_lateral,A,2,219,1,1.1089750286579616,1
svm,right_lateral__A,right_lateral,A,2,219,1,1.1309409297760784,1
svm,right_lateral__A,right_lateral,A,2,219,1,1.3163339079927852,1
svm,right_lateral__A,right_lateral,A,2,219,1,1.4147068792716255,1
svm,right_lateral__A,right_lateral,A,2,219,1,1.1911200506429467,1
svm,right_lateral__A,right_lateral,A,2,219,1,1.013472558247072,1
svm,right_lateral__A,right_lateral,A,2,219,1,1.2821593420523976,1
svm,right_lateral__A,right_lateral,A,2,219,1,1.2074654096886617,1
svm,right_lateral__A,right_lateral,A,2,219,1,0.6936808587786654,1
svm,right_lateral__A,right_lateral,A,2,219,1,0.9571006893422103,1
svm,right_lateral__A,right_lateral,A,3,313,0,0.17719769318198814,1
svm,right_lateral__A,right_lateral,A,3,313,0,0.7233115205419709,1
svm,right_lateral__A,right_lateral,A,3,313,0,0.39048249953211306,1
svm,right_lateral__A,right_lateral,A,3,313,0,0.1583624851805659,1
svm,right_lateral__A,right_lateral,A,3,313,0,0.6756930092559672,1
svm,right_lateral__A,right_lateral,A,3,313,0,0.25752460624811585,1
svm,right_lateral__A,right_lateral,A,3,313,0,0.25207634083826586,1
svm,right_lateral__A,right_lateral,A,3,313,0,0.25908189479432525,1
svm,right_lateral__A,right_lateral,A,3,313,0,-0.08841171352446148,0
svm,right_lateral__A,right_lateral,A,3,313,0,1.0661642626234384,1
svm,right_lateral__A,right_lateral,A,3,313,0,-0.053332997363910895,0
svm,right_lateral__A,right_lateral,A,3,313,0,-0.07566115602135354,0
svm,right_lateral__A,right_lateral,A,3,313,0,0.33116769418978637,1
svm,right_lateral__A,right_lateral,A,3,313,0,-0.07005995766982936,0
svm,right_lateral__A,right_lateral,A,3,313,0,0.19167265630668257,1
svm,right_lateral__A,right_lateral,A,3,313,1,0.3605348826880517,1
svm,right_lateral__A,right_lateral,A,3,313,1,-0.23043125101185624,0
svm,right_lateral__A,right_lateral,A,3,313,1,0.6972524765929442,1
svm,right_lateral__A,right_lateral,A,3,313,1,0.3787281847097808,1
svm,right_lateral__A,right_lateral,A,3,313,1,0.4773421568001957,1
svm,right_lateral__A,right_lateral,A,3,313,1,0.2362871188022762,1
svm,right_lateral__A,right_lateral,A,3,313,1,-0.036018652662822837,0
svm,right_lateral__A,right_lateral,A,3,313,1,0.37114223668677476,1
svm,right_lateral__A,right_lateral,A,3,313,1,0.8491862147916407,1
svm,right_lateral__A,right_lateral,A,3,313,1,0.2660782422005285,1
svm,right_lateral__A,right_lateral,A,3,313,1,-0.11110422358027344,0
svm,right_lateral__A,right_lateral,A,3,313,1,-0.03202753900470556,0
svm,right_lateral__A,right_lateral,A,3,313,1,0.2871884919561059,1
svm,right_lateral__A,right_lateral,A,3,313,1,0.22591161133984344,1
svm,right_lateral__A,right_lateral,A,4,318,0,0.6771281036233984,1
svm,right_lateral__A,right_lateral,A,4,318,0,-0.2654365951005023,0
svm,right_lateral__A,right_lateral,A,4,318,0,0.11358541788674353,1
svm,right_lateral__A,right_lateral,A,4,318,0,0.5368570015450181,1
svm,right_lateral__A,right_lateral,A,4,318,0,0.12352282851495666,1
svm,right_lateral__A,right_lateral,A,4,318,0,-0.9341989955743842,0
svm,right_lateral__A,right_lateral,A,4,318,0,-0.43276613698977356,0
svm,right_lateral__A,right_lateral,A,4,318,0,-1.4047037377038487,0
svm,right_lateral__A,right_lateral,A,4,318,0,-0.3200574863642081,0
svm,right_lateral__A,right_lateral,A,4,318,0,-0.02645459633639713,0
svm,right_lateral__A,right_lateral,A,4,318,0,-1.0939032170573015,0
svm,right_lateral__A,right_lateral,A,4,318,0,-0.5075558131805578,0
svm,right_lateral__A,right_lateral,A,4,318,0,-0.8746856455312947,0
svm,right_lateral__A,right_lateral,A,4,318,0,-0.7683206265554695,0
svm,right_lateral__A,right_lateral,A,4,318,1,-0.6138912299227735,0
svm,right_lateral__A,right_lateral,A,4,318,1,0.06221496494641293,1
svm,right_lateral__A,right_lateral,A,4,318,1,-0.8552875193839798,0
svm,right_lateral__A,right_lateral,A,4,318,1,-0.12525355275728545,0
svm,right_lateral__A,right_lateral,A,4,318,1,-0.33340625378194777,0
svm,right_lateral__A,right_lateral,A,4,318,1,-0.34637722462275056,0
svm,right_lateral__A,right_lateral,A,4,318,1,0.02665989000300162,1
svm,right_lateral__A,right_lateral,A,4,318,1,0.08255943019737444,1
svm,right_lateral__A,right_lateral,A,4,318,1,0.815477825552703,1
svm,right_lateral__A,right_lateral,A,4,318,1,0.27582478648882536,1
svm,right_lateral__A,right_lateral,A,4,318,1,0.1451876196968256,1
svm,right_lateral__A,right_lateral,A,4,318,1,-0.07626266084249739,0
svm,right_lateral__A,right_lateral,A,4,318,1,-0.12874568142150744,0
svm,right_lateral__A,right_lateral,A,4,318,1,-0.5094869348294877,0
svm,right_lateral__A,right_lateral,A,5,300,0,0.10777683061482812,1
svm,right_lateral__A,right_lateral,A,5,300,0,0.5415663054839862,1
svm,right_lateral__A,right_lateral,A,5,300,0,0.36736482256388514,1
svm,right_lateral__A,right_lateral,A,5,300,0,1.2138694989631689,1
svm,right_lateral__A,right_lateral,A,5,300,0,-0.018769462149711647,0
svm,right_lateral__A,right_lateral,A,5,300,0,0.09741083706383052,1
svm,right_lateral__A,right_lateral,A,5,300,0,0.059533713298301094,1
svm,right_lateral__A,right_lateral,A,5,300,0,0.17228712530373824,1
svm,right_lateral__A,right_lateral,A,5,300,0,0.48084272546566376,1
svm,right_lateral__A,right_lateral,A,5,300,0,0.21177622786929695,1
svm,right_lateral__A,right_lateral,A,5,300,0,0.052388793778711085,1
svm,right_lateral__A,right_lateral,A,5,300,0,-0.17410803735602948,0
svm,right_lateral__A,right_lateral,A,5,300,0,0.139975988570597,1
svm,right_lateral__A,right_lateral,A,5,300,0,0.21842502030932587,1
svm,right_lateral__A,right_lateral,A,5,300,1,-0.2290956005645526,0
svm,right_lateral__A,right_lateral,A,5,300,1,0.20348009497048314,1
svm,right_lateral__A,right_lateral,A,5,300,1,-0.02146172355180087,0
svm,right_lateral__A,right_lateral,A,5,300,1,-0.1258175553059937,0
svm,right_lateral__A,right_lateral,A,5,300,1,-0.019571607592318352,0
svm,right_lateral__A,right_lateral,A,5,300,1,-0.17643596202826486,0
svm,right_lateral__A,right_lateral,A,5,300,1,-0.08790939956965638,0
svm,right_lateral__A,right_lateral,A,5,300,1,-0.274499113988249,0
svm,right_lateral__A,right_lateral,A,5,300,1,0.1250646116313343,1
svm,right_lateral__A,right_lateral,A,5,300,1,0.021075822288065815,1
svm,right_lateral__A,right_lateral,A,5,300,1,0.035857644561146484,1
svm,right_lateral__A,right_lateral,A,5,300,1,0.018568585395936477,1
svm,right_lateral__A,right_lateral,A,5,300,1,-0.16234059336278417,0
svm,right_lateral__A,right_lateral,A,5,300,1,-0.2578066114895513,0
svm,right_lateral__A,right_lateral,A,6,271,0,-0.5583816859985172,0
svm,right_lateral__A,right_lateral,A,6,271,0,-0.4392804198044815,0
svm,right_lateral__A,right_lateral,A,6,271,0,-0.62426239107283,0
svm,right_lateral__A,right_lateral,A,6,271,0,-0.7415273638572915,0
svm,right_lateral__A,right_lateral,A,6,271,0,-0.5178980315515687,0
svm,right_lateral__A,right_lateral,A,6,271,0,-0.733733703595163,0
svm,right_lateral__A,right_lateral,A,6,271,0,-1.1801536376074173,0
svm,right_lateral__A,right_lateral,A,6,271,0,-1.16202097839464,0
svm,right_lateral__A,right_lateral,A,6,271,0,-0.89370176388445,0
svm,right_lateral__A,right_lateral,A,6,271,0,-1.0022227622877162,0
svm,right_lateral__A,right_lateral,A,6,271,0,-0.7418091915548229,0
svm,right_lateral__A,right_lateral,A,6,271,0,-0.9602013358252894,0
svm,right_lateral__A,right_lateral,A,6,271,0,-0.9574805461601839,0
svm,right_lateral__A,right_lateral,A,6,271,0,-1.0756473383881997,0
svm,right_lateral__A,right_lateral,A,6,271,1,-0.09970521629904094,0
svm,right_lateral__A,right_lateral,A,6,271,1,0.7722840778278331,1
svm,right_lateral__A,right_lateral,A,6,271,1,-0.2212330589070839,0
svm,right_lateral__A,right_lateral,A,6,271,1,0.07333806242666363,1
svm,right_lateral__A,right_lateral,A,6,271,1,0.0035360708902315574,1
svm,right_lateral__A,right_lateral,A,6,271,1,-0.2871372816063318,0
svm,right_lateral__A,right_lateral,A,6,271,1,0.3735766388156424,1
svm,right_lateral__A,right_lateral,A,6,271,1,-0.6547177822368697,0
svm,right_lateral__A,right_lateral,A,6,271,1,0.9751216395629235,1
svm,right_lateral__A,right_lateral,A,6,271,1,0.06699541402123022,1
svm,right_lateral__A,right_lateral,A,6,271,1,-0.0038851110920390397,0
svm,right_lateral__A,right_lateral,A,6,271,1,0.06104301256292499,1
svm,right_lateral__A,right_lateral,A,6,271,1,1.0398482557390643,1
svm,right_lateral__A,right_lateral,A,6,271,1,0.041465239019768396,1
svm,right_lateral__A,right_lateral,A,7,251,0,-1.579880928113345,0
svm,right_lateral__A,right_lateral,A,7,251,0,-0.6245721605710799,0
svm,right_lateral__A,right_lateral,A,7,251,0,-0.8595246183825734,0
svm,right_lateral__A,right_lateral,A,7,251,0,-1.6199775637919975,0
svm,right_lateral__A,right_lateral,A,7,251,0,-1.18836625342917,0
svm,right_lateral__A,right_lateral,A,7,251,0,-1.4855979112088677,0
svm,right_lateral__A,right_lateral,A,7,251,0,-1.3622557782311873,0
svm,right_lateral__A,right_lateral,A,7,251,0,-1.0595078792282524,0
svm,right_lateral__A,right_lateral,A,7,251,0,-0.7368947726808386,0
svm,right_lateral__A,right_lateral,A,7,251,0,-0.837726129539623,0
svm,right_lateral__A,right_lateral,A,7,251,0,-0.9612728412071516,0
svm,right_lateral__A,right_lateral,A,7,251,0,-0.6260032534509709,0
svm,right_lateral__A,right_lateral,A,7,251,0,-1.1874121625051277,0
svm,right_lateral__A,right_lateral,A,7,251,0,-0.8049529292964783,0
svm,right_lateral__A,right_lateral,A,7,251,1,-1.2503279044979068,0
svm,right_lateral__A,right_lateral,A,7,251,1,-1.2682200247040258,0
svm,right_lateral__A,right_lateral,A,7,251,1,-1.300623207654956,0
svm,right_lateral__A,right_lateral,A,7,251,1,-1.619968637999302,0
svm,right_lateral__A,right_lateral,A,7,251,1,-0.8983113828964784,0
svm,right_lateral__A,right_lateral,A,7,251,1,-1.0962074850935064,0
svm,right_lateral__A,right_lateral,A,7,251,1,-1.1159145344066639,0
svm,right_lateral__A,right_lateral,A,7,251,1,-1.4149867846581383,0
svm,right_lateral__A,right_lateral,A,7,251,1,-1.0999298049046793,0
svm,right_lateral__A,right_lateral,A,7,251,1,-1.3636638182342244,0
svm,right_lateral__A,right_lateral,A,7,251,1,-1.3073896773240656,0
svm,right_lateral__A,right_lateral,A,7,251,1,-1.327529424707444,0
svm,right_lateral__A,right_lateral,A,7,251,1,-0.7687839407251211,0
svm,right_lateral__A,right_lateral,A,8,282,0,-2.158708432346507,0
svm,right_lateral__A,right_lateral,A,8,282,0,-1.7164022859223498,0
svm,right_lateral__A,right_lateral,A,8,282,0,-1.7824098130652817,0
svm,right_lateral__A,right_lateral,A,8,282,0,-1.4290126167944521,0
svm,right_lateral__A,right_lateral,A,8,282,0,-1.6306413645138926,0
svm,right_lateral__A,right_lateral,A,8,282,0,-1.4405996079955057,0
svm,right_lateral__A,right_lateral,A,8,282,0,-1.6962176130908726,0
svm,right_lateral__A,right_lateral,A,8,282,0,-1.9266752913996745,0
svm,right_lateral__A,right_lateral,A,8,282,0,-1.1386736085492075,0
svm,right_lateral__A,right_lateral,A,8,282,0,-1.1474933780974168,0
svm,right_lateral__A,right_lateral,A,8,282,0,-1.678792160683545,0
svm,right_lateral__A,right_lateral,A,8,282,0,-1.6710154457083937,0
svm,right_lateral__A,right_lateral,A,8,282,0,-1.7929944454192008,0
svm,right_lateral__A,right_lateral,A,8,282,0,-1.2587359953959238,0
svm,right_lateral__A,right_lateral,A,8,282,1,-1.3681641595539462,0
svm,right_lateral__A,right_lateral,A,8,282,1,-0.10915539285967751,0
svm,right_lateral__A,right_lateral,A,8,282,1,-0.4673121980730008,0
svm,right_lateral__A,right_lateral,A,8,282,1,-0.5665790462408595,0
svm,right_lateral__A,right_lateral,A,8,282,1,0.6464262261558067,1
svm,right_lateral__A,right_lateral,A,8,282,1,0.4042180790443091,1
svm,right_lateral__A,right_lateral,A,8,282,1,-0.003980553247523166,0
svm,right_lateral__A,right_lateral,A,8,282,1,0.09233572875963736,1
svm,right_lateral__A,right_lateral,A,8,282,1,-0.04314441702536781,0
svm,right_lateral__A,right_lateral,A,8,282,1,0.2622715857181986,1
svm,right_lateral__A,right_lateral,A,8,282,1,-1.0819436885126423,0
svm,right_lateral__A,right_lateral,A,9,210,0,0.27847446482267996,1
svm,right_lateral__A,right_lateral,A,9,210,0,-0.8990999900125811,0
svm,right_lateral__A,right_lateral,A,9,210,0,-0.15711145223453155,0
svm,right_lateral__A,right_lateral,A,9,210,0,-0.5637790071536466,0
svm,right_lateral__A,right_lateral,A,9,210,0,-0.20504250786925332,0
svm,right_lateral__A,right_lateral,A,9,210,0,0.06329733557005784,1
svm,right_lateral__A,right_lateral,A,9,210,0,0.12252698988361915,1
svm,right_lateral__A,right_lateral,A,9,210,0,-0.15547487137113475,0
svm,right_lateral__A,right_lateral,A,9,210,0,0.3405787669806914,1
svm,right_lateral__A,right_lateral,A,9,210,0,-0.5161801621319531,0
svm,right_lateral__A,right_lateral,A,9,210,0,-0.02080613924876068,0
svm,right_lateral__A,right_lateral,A,9,210,0,-1.0212215742043282,0
svm,right_lateral__A,right_lateral,A,9,210,0,-0.649254235237648,0
svm,right_lateral__A,right_lateral,A,9,210,0,-0.3501963086432036,0
svm,right_lateral__A,right_lateral,A,9,210,1,1.3880302631157584,1
svm,right_lateral__A,right_lateral,A,9,210,1,1.4826017638970832,1
svm,right_lateral__A,right_lateral,A,9,210,1,1.8723504231776753,1
svm,right_lateral__A,right_lateral,A,9,210,1,0.7760040004996818,1
svm,right_lateral__A,right_lateral,A,9,210,1,0.7878810910058511,1
svm,right_lateral__A,right_lateral,A,9,210,1,0.8589677015566608,1
svm,right_lateral__A,right_lateral,A,9,210,1,0.8613515593431782,1
svm,right_lateral__A,right_lateral,A,9,210,1,1.078770928168107,1
svm,right_lateral__A,right_lateral,A,9,210,1,0.1253189835624297,1
svm,right_lateral__A,right_lateral,A,9,210,1,0.8128452241698021,1
svm,right_lateral__A,right_lateral,A,9,210,1,1.5029839962851226,1
svm,right_lateral__A,right_lateral,A,10,265,0,-0.8645442551891391,0
svm,right_lateral__A,right_lateral,A,10,265,0,-0.7371633421612414,0
svm,right_lateral__A,right_lateral,A,10,265,0,-0.34810136044028006,0
svm,right_lateral__A,right_lateral,A,10,265,0,-0.004912455378620673,0
svm,right_lateral__A,right_lateral,A,10,265,0,0.2784833201460242,1
svm,right_lateral__A,right_lateral,A,10,265,0,0.7732421938407443,1
svm,right_lateral__A,right_lateral,A,10,265,0,-0.5763903185413969,0
svm,right_lateral__A,right_lateral,A,10,265,0,-0.13481833198405352,0
svm,right_lateral__A,right_lateral,A,10,265,0,-0.3373379987683099,0
svm,right_lateral__A,right_lateral,A,10,265,0,-0.2033703889872049,0
svm,right_lateral__A,right_lateral,A,10,265,0,0.14003505678374645,1
svm,right_lateral__A,right_lateral,A,10,265,0,-0.7180712722125341,0
svm,right_lateral__A,right_lateral,A,10,265,0,-0.4481378936398185,0
svm,right_lateral__A,right_lateral,A,10,265,1,-0.881375000388092,0
svm,right_lateral__A,right_lateral,A,10,265,1,-0.41551262863168886,0
svm,right_lateral__A,right_lateral,A,10,265,1,0.52344669065655,1
svm,right_lateral__A,right_lateral,A,10,265,1,0.09147135729156392,1
svm,right_lateral__A,right_lateral,A,10,265,1,-0.715471244027401,0
svm,right_lateral__A,right_lateral,A,10,265,1,-0.7813697715190544,0
svm,right_lateral__A,right_lateral,A,10,265,1,-0.6398767909574207,0
svm,right_lateral__A,right_lateral,A,10,265,1,-0.2672315941463755,0
svm,right_lateral__A,right_lateral,A,10,265,1,0.25232322389924816,1
svm,right_lateral__A,right_lateral,A,10,265,1,0.07891124422226331,1
svm,right_lateral__A,right_lateral,A,10,265,1,-0.8498832784209472,0
svm,right_lateral__B,right_lateral,B,1,249,0,1.2810949575468962,1
svm,right_lateral__B,right_lateral,B,1,249,0,0.04392645277216834,1
svm,right_lateral__B,right_lateral,B,1,249,0,-0.24783709871128456,0
svm,right_lateral__B,right_lateral,B,1,249,0,-0.49030437850863184,0
svm,right_lateral__B,right_lateral,B,1,249,0,0.04443624402254182,1
svm,right_lateral__B,right_lateral,B,1,249,0,0.1606407001550651,1
svm,right_lateral__B,right_lateral,B,1,249,0,0.9757965465430274,1
svm,right_lateral__B,right_lateral,B,1,249,0,1.2417004087380534,1
svm,right_lateral__B,right_lateral,B,1,249,0,0.8080054238279046,1
svm,right_lateral__B,right_lateral,B,1,249,0,-0.6954082624978507,0
svm,right_lateral__B,right_lateral,B,1,249,0,0.15002476023986128,1
svm,right_lateral__B,right_lateral,B,1,249,0,0.6533487863541122,1
svm,right_lateral__B,right_lateral,B,1,249,0,-0.26678073146825093,0
svm,right_lateral__B,right_lateral,B,1,249,0,0.2873678800777107,1
svm,right_lateral__B,right_lateral,B,1,249,0,-0.6632381276254049,0
svm,right_lateral__B,right_lateral,B,1,249,1,-0.5716587679299552,0
svm,right_lateral__B,right_lateral,B,1,249,1,0.3979904886924739,1
svm,right_lateral__B,right_lateral,B,1,249,1,0.4834046335127032,1
svm,right_lateral__B,right_lateral,B,1,249,1,-0.7634846146565957,0
svm,right_lateral__B,right_lateral,B,1,249,1,1.2506929687190669,1
svm,right_lateral__B,right_lateral,B,1,249,1,-0.1373217947602587,0
svm,right_lateral__B,right_lateral,B,1,249,1,1.6669687053481665,1
svm,right_lateral__B,right_lateral,B,1,249,1,-0.6363728200161829,0
svm,right_lateral__B,right_lateral,B,1,249,1,-0.3775345536304863,0
svm,right_lateral__B,right_lateral,B,1,249,1,-1.1662578393212444,0
svm,right_lateral__B,right_lateral,B,1,249,1,0.12876198551873724,1
svm,right_lateral__B,right_lateral,B,1,249,1,0.7342116880398482,1
svm,right_lateral__B,right_lateral,B,1,249,1,-0.7773226306856719,0
svm,right_lateral__B,right_lateral,B,1,249,1,-0.6365600950166459,0
svm,right_lateral__B,right_lateral,B,1,249,1,-0.20858470227569842,0
svm,right_lateral__B,right_lateral,B,1,249,1,-0.43773633505396126,0
svm,right_lateral__B,right_lateral,B,1,249,1,0.34519632489950836,1
svm,right_lateral__B,right_lateral,B,2,219,0,0.14104195363272193,1
svm,right_lateral__B,right_lateral,B,2,219,0,0.052808964743035494,1
svm,right_lateral__B,right_lateral,B,2,219,0,0.1434001816548151,1
svm,right_lateral__B,right_lateral,B,2,219,0,-1.6864859359771296,0
svm,right_lateral__B,right_lateral,B,2,219,0,0.4437329369799175,1
svm,right_lateral__B,right_lateral,B,2,219,0,0.5240698358605246,1
svm,right_lateral__B,right_lateral,B,2,219,0,-0.8100784228501487,0
svm,right_lateral__B,right_lateral,B,2,219,0,-0.037580379611098405,0
svm,right_lateral__B,right_lateral,B,2,219,0,-1.5810877345170689,0
svm,right_lateral__B,right_lateral,B,2,219,0,-0.9769096166259175,0
svm,right_lateral__B,right_lateral,B,2,219,0,0.5248707022800697,1
svm,right_lateral__B,right_lateral,B,2,219,0,0.6728146113030414,1
svm,right_lateral__B,right_lateral,B,2,219,0,0.448669656244815,1
svm,right_lateral__B,right_lateral,B,2,219,0,0.21734861743783945,1
svm,right_lateral__B,right_lateral,B,2,219,1,-0.19722651567523036,0
svm,right_lateral__B,right_lateral,B,2,219,1,-0.7394128584672941,0
svm,right_lateral__B,right_lateral,B,2,219,1,-0.24116574312641437,0
svm,right_lateral__B,right_lateral,B,2,219,1,-0.41376426952869133,0
svm,right_lateral__B,right_lateral,B,2,219,1,0.07855589408878937,1
svm,right_lateral__B,right_lateral,B,2,219,1,0.45033665530811334,1
svm,right_lateral__B,right_lateral,B,2,219,1,-1.2083521902420518,0
svm,right_lateral__B,right_lateral,B,2,219,1,-0.23854453585423968,0
svm,right_lateral__B,right_lateral,B,2,219,1,0.9026621323184219,1
svm,right_lateral__B,right_lateral,B,2,219,1,0.25532542459504753,1
svm,right_lateral__B,right_lateral,B,2,219,1,0.062409019648542216,1
svm,right_lateral__B,right_lateral,B,2,219,1,0.1548000199557939,1
svm,right_lateral__B,right_lateral,B,2,219,1,-1.2559279531903929,0
svm,right_lateral__B,right_lateral,B,2,219,1,-1.6193295840594912,0
svm,right_lateral__B,right_lateral,B,2,219,1,-0.7900156193887145,0
svm,right_lateral__B,right_lateral,B,2,219,1,-0.48486733970472934,0
svm,right_lateral__B,right_lateral,B,3,313,0,0.7388355906112776,1
svm,right_lateral__B,right_lateral,B,3,313,0,-0.13771335616742944,0
svm,right_lateral__B,right_lateral,B,3,313,0,-0.30335451127929736,0
svm,right_lateral__B,right_lateral,B,3,313,0,-0.6048173107532936,0
svm,right_lateral__B,right_lateral,B,3,313,0,0.2529730195809391,1
svm,right_lateral__B,right_lateral,B,3,313,0,0.1494823582033624,1
svm,right_lateral__B,right_lateral,B,3,313,0,0.6689858950157409,1
svm,right_lateral__B,right_lateral,B,3,313,0,-0.055283517272568555,0
svm,right_lateral__B,right_lateral,B,3,313,0,0.593271052561806,1
svm,right_lateral__B,right_lateral,B,3,313,0,-0.11085520304352844,0
svm,right_lateral__B,right_lateral,B,3,313,0,-0.28641217496463933,0
svm,right_lateral__B,right_lateral,B,3,313,0,0.22373030230839663,1
svm,right_lateral__B,right_lateral,B,3,313,0,0.12782270886854913,1
svm,right_lateral__B,right_lateral,B,3,313,0,0.19407376063558923,1
svm,right_lateral__B,right_lateral,B,3,313,0,0.06897771698359588,1
svm,right_lateral__B,right_lateral,B,3,313,1,-0.8256187007608652,0
svm,right_lateral__B,right_lateral,B,3,313,1,-0.49054046015407404,0
svm,right_lateral__B,right_lateral,B,3,313,1,-0.07375238498602801,0
svm,right_lateral__B,right_lateral,B,3,313,1,-0.20892257737869255,0
svm,right_lateral__B,right_lateral,B,3,313,1,0.007433332531320641,1
svm,right_lateral__B,right_lateral,B,3,313,1,0.2110789603623679,1
svm,right_lateral__B,right_lateral,B,3,313,1,-0.5876098674965494,0
svm,right_lateral__B,right_lateral,B,3,313,1,0.12958013099441554,1
svm,right_lateral__B,right_lateral,B,3,313,1,-0.6738873814769734,0
svm,right_lateral__B,right_lateral,B,3,313,1,-0.6104852707543994,0
svm,right_lateral__B,right_lateral,B,3,313,1,0.2422395216256341,1
svm,right_lateral__B,right_lateral,B,3,313,1,-0.08932038634996717,0
svm,right_lateral__B,right_lateral,B,3,313,1,0.06652180661192965,1
svm,right_lateral__B,right_lateral,B,3,313,1,-0.6251133893390352,0
svm,right_lateral__B,right_lateral,B,4,318,0,0.8594132244796382,1
svm,right_lateral__B,right_lateral,B,4,318,0,1.1615573089486586,1
svm,right_lateral__B,right_lateral,B,4,318,0,0.26065075819373207,1
svm,right_lateral__B,right_lateral,B,4,318,0,1.1082583280840865,1
svm,right_lateral__B,right_lateral,B,4,318,0,-0.8377918260389267,0
svm,right_lateral__B,right_lateral,B,4,318,0,0.41217454100958034,1
svm,right_lateral__B,right_lateral,B,4,318,0,0.4264081254600452,1
svm,right_lateral__B,right_lateral,B,4,318,0,-0.9118477653247836,0
svm,right_lateral__B,right_lateral,B,4,318,0,0.2034422810951836,1
svm,right_lateral__B,right_lateral,B,4,318,0,0.08883634813187416,1
svm,right_lateral__B,right_lateral,B,4,318,0,0.9530204628944889,1
svm,right_lateral__B,right_lateral,B,4,318,0,-0.7310759306769123,0
svm,right_lateral__B,right_lateral,B,4,318,0,-0.20115798074760335,0
svm,right_lateral__B,right_lateral,B,4,318,0,0.556521785629171,1
svm,right_lateral__B,right_lateral,B,4,318,1,0.4928401309152557,1
svm,right_lateral__B,right_lateral,B,4,318,1,-0.07201312913398525,0
svm,right_lateral__B,right_lateral,B,4,318,1,-0.6277269665639227,0
svm,right_lateral__B,right_lateral,B,4,318,1,-0.7389461880017564,0
svm,right_lateral__B,right_lateral,B,4,318,1,-0.22325146886449063,0
svm,right_lateral__B,right_lateral,B,4,318,1,-0.2660789896230191,0
svm,right_lateral__B,right_lateral,B,4,318,1,0.2762610233545836,1
svm,right_lateral__B,right_lateral,B,4,318,1,0.04595341070557992,1
svm,right_lateral__B,right_lateral,B,4,318,1,0.04511572768214913,1
svm,right_lateral__B,right_lateral,B,4,318,1,-0.09100551122839226,0
svm,right_lateral__B,right_lateral,B,4,318,1,-1.5323694862089023,0
svm,right_lateral__B,right_lateral,B,4,318,1,0.28517256966066284,1
svm,right_lateral__B,right_lateral,B,4,318,1,-0.6369797003305897,0
svm,right_lateral__B,right_lateral,B,4,318,1,-0.23187041115330934,0
svm,right_lateral__B,right_lateral,B,5,300,0,0.5349784654563152,1
svm,right_lateral__B,right_lateral,B,5,300,0,0.2473318866730727,1
svm,right_lateral__B,right_lateral,B,5,300,0,0.06587567293982433,1
svm,right_lateral__B,right_lateral,B,5,300,0,-0.04986470418967559,0
svm,right_lateral__B,right_lateral,B,5,300,0,-0.3148647813832801,0
svm,right_lateral__B,right_lateral,B,5,300,0,-0.4394450201193565,0
svm,right_lateral__B,right_lateral,B,5,300,0,-0.8558838968419856,0
svm,right_lateral__B,right_lateral,B,5,300,0,0.4164830692207465,1
svm,right_lateral__B,right_lateral,B,5,300,0,0.22909937421492038,1
svm,right_lateral__B,right_lateral,B,5,300,0,-0.6343298110086136,0
svm,right_lateral__B,right_lateral,B,5,300,0,0.11849937023670792,1
svm,right_lateral__B,right_lateral,B,5,300,0,-0.69755804105532,0
svm,right_lateral__B,right_lateral,B,5,300,0,-0.5262759093268137,0
svm,right_lateral__B,right_lateral,B,5,300,0,0.9190936240341259,1
svm,right_lateral__B,right_lateral,B,5,300,1,-0.4449088979755179,0
svm,right_lateral__B,right_lateral,B,5,300,1,-0.23119577532271327,0
svm,right_lateral__B,right_lateral,B,5,300,1,-0.4899337488460762,0
svm,right_lateral__B,right_lateral,B,5,300,1,-0.4408475674898681,0
svm,right_lateral__B,right_lateral,B,5,300,1,-1.0984947256880557,0
svm,right_lateral__B,right_lateral,B,5,300,1,-1.3071819358365617,0
svm,right_lateral__B,right_lateral,B,5,300,1,-0.3365847891124283,0
svm,right_lateral__B,right_lateral,B,5,300,1,-1.032670764161408,0
svm,right_lateral__B,right_lateral,B,5,300,1,-0.4656619886723735,0
svm,right_lateral__B,right_lateral,B,5,300,1,-1.0548236467578893,0
svm,right_lateral__B,right_lateral,B,5,300,1,-1.3815325083451535,0
svm,right_lateral__B,right_lateral,B,5,300,1,-0.7973132401528503,0
svm,right_lateral__B,right_lateral,B,5,300,1,-0.2821175381198452,0
svm,right_lateral__B,right_lateral,B,5,300,1,-0.9867797055509465,0
svm,right_lateral__B,right_lateral,B,6,271,0,-0.40904516327869306,0
svm,right_lateral__B,right_lateral,B,6,271,0,0.7433604047453573,1
svm,right_lateral__B,right_lateral,B,6,271,0,-0.3671889407451484,0
svm,right_lateral__B,right_lateral,B,6,271,0,-0.10862883663989142,0
svm,right_lateral__B,right_lateral,B,6,271,0,-0.025623474860321627,0
svm,right_lateral__B,right_lateral,B,6,271,0,0.2104601150642748,1
svm,right_lateral__B,right_lateral,B,6,271,0,-0.7590660689537752,0
svm,right_lateral__B,right_lateral,B,6,271,0,-0.030297835393639477,0
svm,right_lateral__B,right_lateral,B,6,271,0,0.004119004501291823,1
svm,right_lateral__B,right_lateral,B,6,271,0,0.03856661838988101,1
svm,right_lateral__B,right_lateral,B,6,271,0,-0.11070670729061866,0
svm,right_lateral__B,right_lateral,B,6,271,0,0.13005775841549333,1
svm,right_lateral__B,right_lateral,B,6,271,0,0.32685270050537646,1
svm,right_lateral__B,right_lateral,B,6,271,0,0.1763658162225858,1
svm,right_lateral__B,right_lateral,B,6,271,1,-1.122485653597533,0
svm,right_lateral__B,right_lateral,B,6,271,1,-0.21242681021997295,0
svm,right_lateral__B,right_lateral,B,6,271,1,-0.7621092249095378,0
svm,right_lateral__B,right_lateral,B,6,271,1,-0.5838541663454571,0
svm,right_lateral__B,right_lateral,B,6,271,1,-0.6367240875913022,0
svm,right_lateral__B,right_lateral,B,6,271,1,-0.3510314736020953,0
svm,right_lateral__B,right_lateral,B,6,271,1,0.30156852093885417,1
svm,right_lateral__B,right_lateral,B,6,271,1,-0.5192298186067161,0
svm,right_lateral__B,right_lateral,B,6,271,1,-0.06329389175038497,0
svm,right_lateral__B,right_lateral,B,6,271,1,-0.7136280321947388,0
svm,right_lateral__B,right_lateral,B,6,271,1,-0.5153100800318843,0
svm,right_lateral__B,right_lateral,B,6,271,1,-0.5837192450663906,0
svm,right_lateral__B,right_lateral,B,6,271,1,-0.724041837213873,0
svm,right_lateral__B,right_lateral,B,6,271,1,-0.5732033091748582,0
svm,right_lateral__B,right_lateral,B,7,251,0,1.4962412884918308,1
svm,right_lateral__B,right_lateral,B,7,251,0,0.42376889505368087,1
svm,right_lateral__B,right_lateral,B,7,251,0,0.9585193400434778,1
svm,right_lateral__B,right_lateral,B,7,251,0,0.09231101747919784,1
svm,right_lateral__B,right_lateral,B,7,251,0,0.5192143610042166,1
svm,right_lateral__B,right_lateral,B,7,251,0,0.1404020087118741,1
svm,right_lateral__B,right_lateral,B,7,251,0,0.21648946648641196,1
svm,right_lateral__B,right_lateral,B,7,251,0,0.6405176831284859,1
svm,right_lateral__B,right_lateral,B,7,251,0,0.22533563894243722,1
svm,right_lateral__B,right_lateral,B,7,251,0,-0.11539378861267399,0
svm,right_lateral__B,right_lateral,B,7,251,0,-0.34772747235058876,0
svm,right_lateral__B,right_lateral,B,7,251,0,0.5189713687233076,1
svm,right_lateral__B,right_lateral,B,7,251,0,-0.049352044006637924,0
svm,right_lateral__B,right_lateral,B,7,251,0,0.33445779144025967,1
svm,right_lateral__B,right_lateral,B,7,251,1,0.6029477673425934,1
svm,right_lateral__B,right_lateral,B,7,251,1,-0.25633484610870794,0
svm,right_lateral__B,right_lateral,B,7,251,1,0.32954680076288373,1
svm,right_lateral__B,right_lateral,B,7,251,1,1.3770830581102675,1
svm,right_lateral__B,right_lateral,B,7,251,1,0.538687440422984,1
svm,right_lateral__B,right_lateral,B,7,251,1,0.6246417678031033,1
svm,right_lateral__B,right_lateral,B,7,251,1,0.38236741587204975,1
svm,right_lateral__B,right_lateral,B,7,251,1,0.39649212121623,1
svm,right_lateral__B,right_lateral,B,7,251,1,0.29289305664332455,1
svm,right_lateral__B,right_lateral,B,7,251,1,1.0190585356187436,1
svm,right_lateral__B,right_lateral,B,7,251,1,0.15663416847056602,1
svm,right_lateral__B,right_lateral,B,7,251,1,-0.15799408629959236,0
svm,right_lateral__B,right_lateral,B,7,251,1,0.3625008599672438,1
svm,right_lateral__B,right_lateral,B,8,282,0,-0.7954580503511643,0
svm,right_lateral__B,right_lateral,B,8,282,0,-0.6730811008203329,0
svm,right_lateral__B,right_lateral,B,8,282,0,-0.02002058993977196,0
svm,right_lateral__B,right_lateral,B,8,282,0,-1.0566875172154337,0
svm,right_lateral__B,right_lateral,B,8,282,0,0.2668639128326642,1
svm,right_lateral__B,right_lateral,B,8,282,0,0.4372986017637963,1
svm,right_lateral__B,right_lateral,B,8,282,0,1.0909752941127886,1
svm,right_lateral__B,right_lateral,B,8,282,0,1.0210750348405755,1
svm,right_lateral__B,right_lateral,B,8,282,0,-0.23106603048134866,0
svm,right_lateral__B,right_lateral,B,8,282,0,-0.3743114357540348,0
svm,right_lateral__B,right_lateral,B,8,282,0,-0.7778677165413859,0
svm,right_lateral__B,right_lateral,B,8,282,0,-0.7965208984240121,0
svm,right_lateral__B,right_lateral,B,8,282,0,-0.14194038519927998,0
svm,right_lateral__B,right_lateral,B,8,282,0,-0.010026925080092286,0
svm,right_lateral__B,right_lateral,B,8,282,1,-0.328861352641016,0
svm,right_lateral__B,right_lateral,B,8,282,1,0.23923519077360877,1
svm,right_lateral__B,right_lateral,B,8,282,1,0.30650450197131085,1
svm,right_lateral__B,right_lateral,B,8,282,1,-0.6091984247347362,0
svm,right_lateral__B,right_lateral,B,8,282,1,-0.08673775072824483,0
svm,right_lateral__B,right_lateral,B,8,282,1,0.2781312039573483,1
svm,right_lateral__B,right_lateral,B,8,282,1,-0.2494651529922588,0
svm,right_lateral__B,right_lateral,B,8,282,1,-0.6488859708919813,0
svm,right_lateral__B,right_lateral,B,8,282,1,0.2883521439440565,1
svm,right_lateral__B,right_lateral,B,8,282,1,1.212738003433481,1
svm,right_lateral__B,right_lateral,B,8,282,1,0.4785280909267807,1
svm,right_lateral__B,right_lateral,B,9,210,0,-0.05544603774738509,0
svm,right_lateral__B,right_lateral,B,9,210,0,0.41464448813875876,1
svm,right_lateral__B,right_lateral,B,9,210,0,0.627323261020253,1
svm,right_lateral__B,right_lateral,B,9,210,0,-0.7877949974278701,0
svm,right_lateral__B,right_lateral,B,9,210,0,-0.25740600351484405,0
svm,right_lateral__B,right_lateral,B,9,210,0,0.10669434965324621,1
svm,right_lateral__B,right_lateral,B,9,210,0,0.11046971154208464,1
svm,right_lateral__B,right_lateral,B,9,210,0,0.09900230726299396,1
svm,right_lateral__B,right_lateral,B,9,210,0,-0.5060834693791068,0
svm,right_lateral__B,right_lateral,B,9,210,0,-0.539698517953417,0
svm,right_lateral__B,right_lateral,B,9,210,0,-0.3532225313098231,0
svm,right_lateral__B,right_lateral,B,9,210,0,0.4326751259495882,1
svm,right_lateral__B,right_lateral,B,9,210,0,0.1517243576067688,1
svm,right_lateral__B,right_lateral,B,9,210,0,-0.29584910891859656,0
svm,right_lateral__B,right_lateral,B,9,210,1,0.5013200596387744,1
svm,right_lateral__B,right_lateral,B,9,210,1,-0.8712966332139394,0
svm,right_lateral__B,right_lateral,B,9,210,1,-0.3480075895658068,0
svm,right_lateral__B,right_lateral,B,9,210,1,-0.5995461589548193,0
svm,right_lateral__B,right_lateral,B,9,210,1,0.17610353234891982,1
svm,right_lateral__B,right_lateral,B,9,210,1,-0.2356695839661627,0
svm,right_lateral__B,right_lateral,B,9,210,1,-0.13512311256909373,0
svm,right_lateral__B,right_lateral,B,9,210,1,-0.013450888430234884,0
svm,right_lateral__B,right_lateral,B,9,210,1,0.04208280398277213,1
svm,right_lateral__B,right_lateral,B,9,210,1,-0.3966199728563117,0
svm,right_lateral__B,right_lateral,B,9,210,1,-0.35525589200720625,0
svm,right_lateral__B,right_lateral,B,10,265,0,0.8920152239225917,1
svm,right_lateral__B,right_lateral,B,10,265,0,1.1718917006310252,1
svm,right_lateral__B,right_lateral,B,10,265,0,0.6006198332291224,1
svm,right_lateral__B,right_lateral,B,10,265,0,-0.2605451870381169,0
svm,right_lateral__B,right_lateral,B,10,265,0,0.6845761992052917,1
svm,right_lateral__B,right_lateral,B,10,265,0,0.3342765266586188,1
svm,right_lateral__B,right_lateral,B,10,265,0,0.3278710101900455,1
svm,right_lateral__B,right_lateral,B,10,265,0,0.029315260507887964,1
svm,right_lateral__B,right_lateral,B,10,265,0,1.0928054385158235,1
svm,right_lateral__B,right_lateral,B,10,265,0,0.19828343000312762,1
svm,right_lateral__B,right_lateral,B,10,265,0,0.4355879327373524,1
svm,right_lateral__B,right_lateral,B,10,265,0,0.33816317865169143,1
svm,right_lateral__B,right_lateral,B,10,265,0,0.09206953336869075,1
svm,right_lateral__B,right_lateral,B,10,265,1,-0.811772329304238,0
svm,right_lateral__B,right_lateral,B,10,265,1,-0.5086193018836991,0
svm,right_lateral__B,right_lateral,B,10,265,1,0.059510756993155584,1
svm,right_lateral__B,right_lateral,B,10,265,1,-0.016978822979722252,0
svm,right_lateral__B,right_lateral,B,10,265,1,0.9744601332619464,1
svm,right_lateral__B,right_lateral,B,10,265,1,-0.15469920972459417,0
svm,right_lateral__B,right_lateral,B,10,265,1,0.2508046719504667,1
svm,right_lateral__B,right_lateral,B,10,265,1,0.23592733035065516,1
svm,right_lateral__B,right_lateral,B,10,265,1,-0.512228137443794,0
svm,right_lateral__B,right_lateral,B,10,265,1,0.17219268329282725,1
svm,right_lateral__B,right_lateral,B,10,265,1,0.04665746075710159,1
svm,right_lateral__C,right_lateral,C,1,249,0,0.21728174068153183,1
svm,right_lateral__C,right_lateral,C,1,249,0,0.005925658992871702,1
svm,right_lateral__C,right_lateral,C,1,249,0,-0.02806882359554269,0
svm,right_lateral__C,right_lateral,C,1,249,0,-0.5470260853456428,0
svm,right_lateral__C,right_lateral,C,1,249,0,-0.727638832218553,0
svm,right_lateral__C,right_lateral,C,1,249,0,0.1468992335609211,1
svm,right_lateral__C,right_lateral,C,1,249,0,0.0008550575030949192,1
svm,right_lateral__C,right_lateral,C,1,249,0,-0.22950822095465467,0
svm,right_lateral__C,right_lateral,C,1,249,0,0.07594401559530681,1
svm,right_lateral__C,right_lateral,C,1,249,0,-0.5701241588234506,0
svm,right_lateral__C,right_lateral,C,1,249,0,-0.7199132092391451,0
svm,right_lateral__C,right_lateral,C,1,249,0,0.1517178827212281,1
svm,right_lateral__C,right_lateral,C,1,249,0,-0.610609376385598,0
svm,right_lateral__C,right_lateral,C,1,249,0,0.11701485807812123,1
svm,right_lateral__C,right_lateral,C,1,249,0,-1.0984079690674977,0
svm,right_lateral__C,right_lateral,C,1,249,1,0.4933162896274546,1
svm,right_lateral__C,right_lateral,C,1,249,1,0.8746042214504552,1
svm,right_lateral__C,right_lateral,C,1,249,1,1.0036809582463424,1
svm,right_lateral__C,right_lateral,C,1,249,1,0.7367567012447536,1
svm,right_lateral__C,right_lateral,C,1,249,1,0.9227131714825456,1
svm,right_lateral__C,right_lateral,C,1,249,1,0.6338375957177869,1
svm,right_lateral__C,right_lateral,C,1,249,1,1.0325082162493582,1
svm,right_lateral__C,right_lateral,C,1,249,1,-0.10452607061775387,0
svm,right_lateral__C,right_lateral,C,1,249,1,0.5730395585282193,1
svm,right_lateral__C,right_lateral,C,1,249,1,0.656314557948072,1
svm,right_lateral__C,right_lateral,C,1,249,1,0.31447234230292925,1
svm,right_lateral__C,right_lateral,C,1,249,1,0.4478119496901684,1
svm,right_lateral__C,right_lateral,C,1,249,1,0.7063828082853807,1
svm,right_lateral__C,right_lateral,C,1,249,1,-0.14749514100231084,0
svm,right_lateral__C,right_lateral,C,1,249,1,0.15271964299885854,1
svm,right_lateral__C,right_lateral,C,1,249,1,0.42555848932957624,1
svm,right_lateral__C,right_lateral,C,1,249,1,0.7176416487168362,1
svm,right_lateral__C,right_lateral,C,2,219,0,0.3448559099602186,1
svm,right_lateral__C,right_lateral,C,2,219,0,-0.024769114793671297,0
svm,right_lateral__C,right_lateral,C,2,219,0,0.14713267914415612,1
svm,right_lateral__C,right_lateral,C,2,219,0,0.8177168437543638,1
svm,right_lateral__C,right_lateral,C,2,219,0,0.3150727474232415,1
svm,right_lateral__C,right_lateral,C,2,219,0,0.6050198139043697,1
svm,right_lateral__C,right_lateral,C,2,219,0,0.39496151381911904,1
svm,right_lateral__C,right_lateral,C,2,219,0,-0.6170755822777185,0
svm,right_lateral__C,right_lateral,C,2,219,0,0.9323910103175235,1
svm,right_lateral__C,right_lateral,C,2,219,0,-0.3435903230740421,0
svm,right_lateral__C,right_lateral,C,2,219,0,-0.3698200835552169,0
svm,right_lateral__C,right_lateral,C,2,219,0,-0.0693396756202331,0
svm,right_lateral__C,right_lateral,C,2,219,0,-0.2961180892186332,0
svm,right_lateral__C,right_lateral,C,2,219,0,-0.08897586750451272,0
svm,right_lateral__C,right_lateral,C,2,219,1,1.1159754672914446,1
svm,right_lateral__C,right_lateral,C,2,219,1,1.2939560410681554,1
svm,right_lateral__C,right_lateral,C,2,219,1,0.8078304859834383,1
svm,right_lateral__C,right_lateral,C,2,219,1,0.9904657848434475,1
svm,right_lateral__C,right_lateral,C,2,219,1,1.1801440222580615,1
svm,right_lateral__C,right_lateral,C,2,219,1,1.1274566258383674,1
svm,right_lateral__C,right_lateral,C,2,219,1,0.610567066503434,1
svm,right_lateral__C,right_lateral,C,2,219,1,1.2363450343753803,1
svm,right_lateral__C,right_lateral,C,2,219,1,1.1646076883129417,1
svm,right_lateral__C,right_lateral,C,2,219,1,1.0323694506929442,1
svm,right_lateral__C,right_lateral,C,2,219,1,0.9644142496251622,1
svm,right_lateral__C,right_lateral,C,2,219,1,0.8530806210921156,1
svm,right_lateral__C,right_lateral,C,2,219,1,1.0268782692354983,1
svm,right_lateral__C,right_lateral,C,2,219,1,0.604532497892315,1
svm,right_lateral__C,right_lateral,C,2,219,1,0.4468593053516579,1
svm,right_lateral__C,right_lateral,C,2,219,1,0.8660012311376823,1
svm,right_lateral__C,right_lateral,C,3,313,0,0.48855467150714843,1
svm,right_lateral__C,right_lateral,C,3,313,0,1.0826352884240749,1
svm,right_lateral__C,right_lateral,C,3,313,0,0.7914821703882211,1
svm,right_lateral__C,right_lateral,C,3,313,0,-0.07430205115830829,0
svm,right_lateral__C,right_lateral,C,3,313,0,1.0155691087536867,1
svm,right_lateral__C,right_lateral,C,3,313,0,0.6503642495188875,1
svm,right_lateral__C,right_lateral,C,3,313,0,0.2744453251139599,1
svm,right_lateral__C,right_lateral,C,3,313,0,0.989270447237866,1
svm,right_lateral__C,right_lateral,C,3,313,0,0.1570358078181241,1
svm,right_lateral__C,right_lateral,C,3,313,0,0.9430842103157144,1
svm,right_lateral__C,right_lateral,C,3,313,0,-0.06499717219557205,0
svm,right_lateral__C,right_lateral,C,3,313,0,0.3344311919872708,1
svm,right_lateral__C,right_lateral,C,3,313,0,0.4929288518198946,1
svm,right_lateral__C,right_lateral,C,3,313,0,0.9026085950517466,1
svm,right_lateral__C,right_lateral,C,3,313,0,0.5334497758546775,1
svm,right_lateral__C,right_lateral,C,3,313,1,-0.19694818113296336,0
svm,right_lateral__C,right_lateral,C,3,313,1,0.4792923112958026,1
svm,right_lateral__C,right_lateral,C,3,313,1,0.812658925449383,1
svm,right_lateral__C,right_lateral,C,3,313,1,0.442913186511918,1
svm,right_lateral__C,right_lateral,C,3,313,1,0.6717406979041161,1
svm,right_lateral__C,right_lateral,C,3,313,1,0.6160908124827449,1
svm,right_lateral__C,right_lateral,C,3,313,1,-0.22624906623858038,0
svm,right_lateral__C,right_lateral,C,3,313,1,0.9172592989376251,1
svm,right_lateral__C,right_lateral,C,3,313,1,0.5445368199947869,1
svm,right_lateral__C,right_lateral,C,3,313,1,0.3006057866026341,1
svm,right_lateral__C,right_lateral,C,3,313,1,-0.12930146807109327,0
svm,right_lateral__C,right_lateral,C,3,313,1,-0.3062923629178846,0
svm,right_lateral__C,right_lateral,C,3,313,1,0.38091316701557426,1
svm,right_lateral__C,right_lateral,C,3,313,1,-0.19629886420436365,0
svm,right_lateral__C,right_lateral,C,4,318,0,1.0389699103026022,1
svm,right_lateral__C,right_lateral,C,4,318,0,-0.4110664030561979,0
svm,right_lateral__C,right_lateral,C,4,318,0,0.5100777788378247,1
svm,right_lateral__C,right_lateral,C,4,318,0,0.5397369026363813,1
svm,right_lateral__C,right_lateral,C,4,318,0,0.05061539020335695,1
svm,right_lateral__C,right_lateral,C,4,318,0,-0.22705132494910282,0
svm,right_lateral__C,right_lateral,C,4,318,0,-0.3499191923164944,0
svm,right_lateral__C,right_lateral,C,4,318,0,-1.689789220874939,0
svm,right_lateral__C,right_lateral,C,4,318,0,-0.26513869009954505,0
svm,right_lateral__C,right_lateral,C,4,318,0,0.13646534558961557,1
svm,right_lateral__C,right_lateral,C,4,318,0,-0.1420617502450133,0
svm,right_lateral__C,right_lateral,C,4,318,0,-0.29925021454705314,0
svm,right_lateral__C,right_lateral,C,4,318,0,-0.9113906015215995,0
svm,right_lateral__C,right_lateral,C,4,318,0,-0.2191275778270235,0
svm,right_lateral__C,right_lateral,C,4,318,1,-0.11243275388245774,0
svm,right_lateral__C,right_lateral,C,4,318,1,0.12539959791499636,1
svm,right_lateral__C,right_lateral,C,4,318,1,-0.43835616060915783,0
svm,right_lateral__C,right_lateral,C,4,318,1,-0.6726528006686568,0
svm,right_lateral__C,right_lateral,C,4,318,1,-0.5596472266868092,0
svm,right_lateral__C,right_lateral,C,4,318,1,-0.24698160490091645,0
svm,right_lateral__C,right_lateral,C,4,318,1,-0.0855628633873787,0
svm,right_lateral__C,right_lateral,C,4,318,1,0.2526883561467692,1
svm,right_lateral__C,right_lateral,C,4,318,1,-0.03260761519175168,0
svm,right_lateral__C,right_lateral,C,4,318,1,0.30837068644048726,1
svm,right_lateral__C,right_lateral,C,4,318,1,-0.9382182763845727,0
svm,right_lateral__C,right_lateral,C,4,318,1,0.2804110989755281,1
svm,right_lateral__C,right_lateral,C,4,318,1,-0.5203234928448345,0
svm,right_lateral__C,right_lateral,C,4,318,1,-0.4035065248243226,0
svm,right_lateral__C,right_lateral,C,5,300,0,0.618869847800553,1
svm,right_lateral__C,right_lateral,C,5,300,0,0.9528019984881727,1
svm,right_lateral__C,right_lateral,C,5,300,0,0.4542242300040753,1
svm,right_lateral__C,right_lateral,C,5,300,0,0.6389159329998996,1
svm,right_lateral__C,right_lateral,C,5,300,0,0.8479766775398337,1
svm,right_lateral__C,right_lateral,C,5,300,0,0.5028497497342583,1
svm,right_lateral__C,right_lateral,C,5,300,0,0.6664923283097404,1
svm,right_lateral__C,right_lateral,C,5,300,0,0.8784167723870325,1
svm,right_lateral__C,right_lateral,C,5,300,0,0.9971864643562869,1
svm,right_lateral__C,right_lateral,C,5,300,0,0.5961228252311013,1
svm,right_lateral__C,right_lateral,C,5,300,0,0.5004496668120786,1
svm,right_lateral__C,right_lateral,C,5,300,0,0.3815190997615834,1
svm,right_lateral__C,right_lateral,C,5,300,0,0.7445798826592294,1
svm,right_lateral__C,right_lateral,C,5,300,0,0.980834212324154,1
svm,right_lateral__C,right_lateral,C,5,300,1,0.23503104491039586,1
svm,right_lateral__C,right_lateral,C,5,300,1,0.528114414822033,1
svm,right_lateral__C,right_lateral,C,5,300,1,0.6740830530875611,1
svm,right_lateral__C,right_lateral,C,5,300,1,0.603701369738539,1
svm,right_lateral__C,right_lateral,C,5,300,1,0.5603976515417259,1
svm,right_lateral__C,right_lateral,C,5,300,1,0.6125546653145623,1
svm,right_lateral__C,right_lateral,C,5,300,1,0.8033525609849876,1
svm,right_lateral__C,right_lateral,C,5,300,1,0.2234664101570712,1
svm,right_lateral__C,right_lateral,C,5,300,1,0.902103870418687,1
svm,right_lateral__C,right_lateral,C,5,300,1,0.7575489338460217,1
svm,right_lateral__C,right_lateral,C,5,300,1,0.5037625121435971,1
svm,right_lateral__C,right_lateral,C,5,300,1,0.7350804757266488,1
svm,right_lateral__C,right_lateral,C,5,300,1,0.6370132503404866,1
svm,right_lateral__C,right_lateral,C,5,300,1,0.4411348366355883,1
svm,right_lateral__C,right_lateral,C,6,271,0,-0.2571239549967441,0
svm,right_lateral__C,right_lateral,C,6,271,0,-0.6477082009561119,0
svm,right_lateral__C,right_lateral,C,6,271,0,-1.0410747127969278,0
svm,right_lateral__C,right_lateral,C,6,271,0,-0.5920099711782838,0
svm,right_lateral__C,right_lateral,C,6,271,0,-0.2065843635311561,0
svm,right_lateral__C,right_lateral,C,6,271,0,-0.09944869873468176,0
svm,right_lateral__C,right_lateral,C,6,271,0,-0.8891160430885758,0
svm,right_lateral__C,right_lateral,C,6,271,0,-1.1144925692751013,0
svm,right_lateral__C,right_lateral,C,6,271,0,-1.3723265773693625,0
svm,right_lateral__C,right_lateral,C,6,271,0,-0.576764757632219,0
svm,right_lateral__C,right_lateral,C,6,271,0,-0.7935838447041645,0
svm,right_lateral__C,right_lateral,C,6,271,0,-0.7652589864411101,0
svm,right_lateral__C,right_lateral,C,6,271,0,-1.0123323526864831,0
svm,right_lateral__C,right_lateral,C,6,271,0,-0.9755468301967116,0
svm,right_lateral__C,right_lateral,C,6,271,1,-0.5753923592681178,0
svm,right_lateral__C,right_lateral,C,6,271,1,-0.11802990487025192,0
svm,right_lateral__C,right_lateral,C,6,271,1,-0.3956990097624331,0
svm,right_lateral__C,right_lateral,C,6,271,1,-0.22196532924259013,0
svm,right_lateral__C,right_lateral,C,6,271,1,-0.21966800324414565,0
svm,right_lateral__C,right_lateral,C,6,271,1,-0.6649169237436309,0
svm,right_lateral__C,right_lateral,C,6,271,1,-0.10340162077527154,0
svm,right_lateral__C,right_lateral,C,6,271,1,-0.4263920953563566,0
svm,right_lateral__C,right_lateral,C,6,271,1,0.17666823576449392,1
svm,right_lateral__C,right_lateral,C,6,271,1,-0.44998528525907344,0
svm,right_lateral__C,right_lateral,C,6,271,1,-0.6262951562746306,0
svm,right_lateral__C,right_lateral,C,6,271,1,-0.5126817798326652,0
svm,right_lateral__C,right_lateral,C,6,271,1,0.04581077157435659,1
svm,right_lateral__C,right_lateral,C,6,271,1,-0.22305980142765275,0
svm,right_lateral__C,right_lateral,C,7,251,0,-0.8851926725158467,0
svm,right_lateral__C,right_lateral,C,7,251,0,-0.6073264169448418,0
svm,right_lateral__C,right_lateral,C,7,251,0,-0.759048573286867,0
svm,right_lateral__C,right_lateral,C,7,251,0,-0.717526622492935,0
svm,right_lateral__C,right_lateral,C,7,251,0,-1.0425228736134495,0
svm,right_lateral__C,right_lateral,C,7,251,0,-1.1458246109004437,0
svm,right_lateral__C,right_lateral,C,7,251,0,-0.6422821296756176,0
svm,right_lateral__C,right_lateral,C,7,251,0,-0.9315013165759556,0
svm,right_lateral__C,right_lateral,C,7,251,0,-0.8497436323990186,0
svm,right_lateral__C,right_lateral,C,7,251,0,-1.0119315074999484,0
svm,right_lateral__C,right_lateral,C,7,251,0,-1.0804502451506348,0
svm,right_lateral__C,right_lateral,C,7,251,0,-0.5304419709299628,0
svm,right_lateral__C,right_lateral,C,7,251,0,-0.959437398014815,0
svm,right_lateral__C,right_lateral,C,7,251,0,-0.8598017606206008,0
svm,right_lateral__C,right_lateral,C,7,251,1,-0.8058514184020648,0
svm,right_lateral__C,right_lateral,C,7,251,1,-0.8472314985282897,0
svm,right_lateral__C,right_lateral,C,7,251,1,-0.7129966665204117,0
svm,right_lateral__C,right_lateral,C,7,251,1,-1.1736988293897699,0
svm,right_lateral__C,right_lateral,C,7,251,1,-0.8556347230018077,0
svm,right_lateral__C,right_lateral,C,7,251,1,-0.5972420334146518,0
svm,right_lateral__C,right_lateral,C,7,251,1,-0.8235314547559703,0
svm,right_lateral__C,right_lateral,C,7,251,1,-1.095377471922199,0
svm,right_lateral__C,right_lateral,C,7,251,1,-0.7079489125805566,0
svm,right_lateral__C,right_lateral,C,7,251,1,-1.1118833774396248,0
svm,right_lateral__C,right_lateral,C,7,251,1,-0.9534190797541442,0
svm,right_lateral__C,right_lateral,C,7,251,1,-1.0495639031293005,0
svm,right_lateral__C,right_lateral,C,7,251,1,-0.4123019339598282,0
svm,right_lateral__C,right_lateral,C,8,282,0,-1.409142186164085,0
svm,right_lateral__C,right_lateral,C,8,282,0,-0.9002960404477753,0
svm,right_lateral__C,right_lateral,C,8,282,0,-0.9224072671489078,0
svm,right_lateral__C,right_lateral,C,8,282,0,-1.2251896241732856,0
svm,right_lateral__C,right_lateral,C,8,282,0,-1.2006015876629175,0
svm,right_lateral__C,right_lateral,C,8,282,0,-0.7271202913041356,0
svm,right_lateral__C,right_lateral,C,8,282,0,-0.7431210502248742,0
svm,right_lateral__C,right_lateral,C,8,282,0,-0.6738456678338826,0
svm,right_lateral__C,right_lateral,C,8,282,0,-0.706482582872284,0
svm,right_lateral__C,right_lateral,C,8,282,0,-0.16657252429893377,0
svm,right_lateral__C,right_lateral,C,8,282,0,-0.9198706063311379,0
svm,right_lateral__C,right_lateral,C,8,282,0,-1.1464230853674942,0
svm,right_lateral__C,right_lateral,C,8,282,0,-0.6454967818535295,0
svm,right_lateral__C,right_lateral,C,8,282,0,-1.0354738670154764,0
svm,right_lateral__C,right_lateral,C,8,282,1,-0.03189419849762379,0
svm,right_lateral__C,right_lateral,C,8,282,1,0.5439408628680731,1
svm,right_lateral__C,right_lateral,C,8,282,1,0.7715589366826182,1
svm,right_lateral__C,right_lateral,C,8,282,1,0.3344315576209348,1
svm,right_lateral__C,right_lateral,C,8,282,1,1.0760569390416326,1
svm,right_lateral__C,right_lateral,C,8,282,1,0.37324812709603716,1
svm,right_lateral__C,right_lateral,C,8,282,1,-0.557455521807735,0
svm,right_lateral__C,right_lateral,C,8,282,1,0.5275902323594975,1
svm,right_lateral__C,right_lateral,C,8,282,1,0.12625851860236662,1
svm,right_lateral__C,right_lateral,C,8,282,1,0.7487293075085313,1
svm,right_lateral__C,right_lateral,C,8,282,1,-0.15076744414053658,0
svm,right_lateral__C,right_lateral,C,9,210,0,0.39681162989795915,1
svm,right_lateral__C,right_lateral,C,9,210,0,0.08375955369079083,1
svm,right_lateral__C,right_lateral,C,9,210,0,0.4725243055258318,1
svm,right_lateral__C,right_lateral,C,9,210,0,-0.005901421836566181,0
svm,right_lateral__C,right_lateral,C,9,210,0,-0.7197085594900037,0
svm,right_lateral__C,right_lateral,C,9,210,0,0.455895421389368,1
svm,right_lateral__C,right_lateral,C,9,210,0,0.32873339094995774,1
svm,right_lateral__C,right_lateral,C,9,210,0,0.08346112901615846,1
svm,right_lateral__C,right_lateral,C,9,210,0,-0.010409337754687442,0
svm,right_lateral__C,right_lateral,C,9,210,0,-0.787427185695351,0
svm,right_lateral__C,right_lateral,C,9,210,0,0.6318023422803671,1
svm,right_lateral__C,right_lateral,C,9,210,0,-0.025902070875264728,0
svm,right_lateral__C,right_lateral,C,9,210,0,0.08491976685161279,1
svm,right_lateral__C,right_lateral,C,9,210,0,0.16547344167680217,1
svm,right_lateral__C,right_lateral,C,9,210,1,0.7360647675786436,1
svm,right_lateral__C,right_lateral,C,9,210,1,0.02116790057232408,1
svm,right_lateral__C,right_lateral,C,9,210,1,0.7149666478233342,1
svm,right_lateral__C,right_lateral,C,9,210,1,0.29813447201832427,1
svm,right_lateral__C,right_lateral,C,9,210,1,0.9952921303231945,1
svm,right_lateral__C,right_lateral,C,9,210,1,0.8830860867975393,1
svm,right_lateral__C,right_lateral,C,9,210,1,0.43906401713122745,1
svm,right_lateral__C,right_lateral,C,9,210,1,1.162571917217296,1
svm,right_lateral__C,right_lateral,C,9,210,1,-0.2120265102106708,0
svm,right_lateral__C,right_lateral,C,9,210,1,0.20181230851838072,1
svm,right_lateral__C,right_lateral,C,9,210,1,0.8591291069449533,1
svm,right_lateral__C,right_lateral,C,10,265,0,0.13003242729197714,1
svm,right_lateral__C,right_lateral,C,10,265,0,0.23359840012880878,1
svm,right_lateral__C,right_lateral,C,10,265,0,0.2586797738377142,1
svm,right_lateral__C,right_lateral,C,10,265,0,-0.5960219118678833,0
svm,right_lateral__C,right_lateral,C,10,265,0,0.30018821624801023,1
svm,right_lateral__C,right_lateral,C,10,265,0,0.2801287777505221,1
svm,right_lateral__C,right_lateral,C,10,265,0,-0.08873964388722975,0
svm,right_lateral__C,right_lateral,C,10,265,0,-0.08637621906732615,0
svm,right_lateral__C,right_lateral,C,10,265,0,0.3082772888753002,1
svm,right_lateral__C,right_lateral,C,10,265,0,-0.2467307636172171,0
svm,right_lateral__C,right_lateral,C,10,265,0,0.1665347805933059,1
svm,right_lateral__C,right_lateral,C,10,265,0,-0.46433852343960014,0
svm,right_lateral__C,right_lateral,C,10,265,0,-0.7818507938256165,0
svm,right_lateral__C,right_lateral,C,10,265,1,-0.7036222464721931,0
svm,right_lateral__C,right_lateral,C,10,265,1,-0.4099279026531855,0
svm,right_lateral__C,right_lateral,C,10,265,1,0.40020720345861577,1
svm,right_lateral__C,right_lateral,C,10,265,1,0.03845244199150746,1
svm,right_lateral__C,right_lateral,C,10,265,1,-0.3235539417079342,0
svm,right_lateral__C,right_lateral,C,10,265,1,-0.8020433335393575,0
svm,right_lateral__C,right_lateral,C,10,265,1,-0.37550783599858434,0
svm,right_lateral__C,right_lateral,C,10,265,1,-0.1650424142600625,0
svm,right_lateral__C,right_lateral,C,10,265,1,0.26328745522058405,1
svm,right_lateral__C,right_lateral,C,10,265,1,-0.007171088306352269,0
svm,right_lateral__C,right_lateral,C,10,265,1,-0.6153596783539468,0
svm,both_lateral__A,both_lateral,A,1,249,0,-0.9256835021455188,0
svm,both_lateral__A,both_lateral,A,1,249,0,0.48115055688132885,1
svm,both_lateral__A,both_lateral,A,1,249,0,0.37500324013632597,1
svm,both_lateral__A,both_lateral,A,1,249,0,-1.168186743156231,0
svm,both_lateral__A,both_lateral,A,1,249,0,-1.8132205283415228,0
svm,both_lateral__A,both_lateral,A,1,249,0,-0.012937342722121992,0
svm,both_lateral__A,both_lateral,A,1,249,0,-0.8561978484219004,0
svm,both_lateral__A,both_lateral,A,1,249,0,-1.219145873994287,0
svm,both_lateral__A,both_lateral,A,1,249,0,-0.5594664905755617,0
svm,both_lateral__A,both_lateral,A,1,249,0,-1.3422225055952846,0
svm,both_lateral__A,both_lateral,A,1,249,0,-1.623066144839371,0
svm,both_lateral__A,both_lateral,A,1,249,0,-0.4235431102791228,0
svm,both_lateral__A,both_lateral,A,1,249,0,-0.8267654356661647,0
svm,both_lateral__A,both_lateral,A,1,249,0,0.7684850947600124,1
svm,both_lateral__A,both_lateral,A,1,249,0,-2.022366272780833,0
svm,both_lateral__A,both_lateral,A,1,249,1,-0.13937461002385704,0
svm,both_lateral__A,both_lateral,A,1,249,1,0.7931613015330106,1
svm,both_lateral__A,both_lateral,A,1,249,1,1.046569105786378,1
svm,both_lateral__A,both_lateral,A,1,249,1,1.3314989251523888,1
svm,both_lateral__A,both_lateral,A,1,249,1,1.2559598903482891,1
svm,both_lateral__A,both_lateral,A,1,249,1,-0.34550680440970755,0
svm,both_lateral__A,both_lateral,A,1,249,1,-0.424579791857379,0
svm,both_lateral__A,both_lateral,A,1,249,1,0.419983550915547,1
svm,both_lateral__A,both_lateral,A,1,249,1,0.6135698317594975,1
svm,both_lateral__A,both_lateral,A,1,249,1,-0.034946897843506075,0
svm,both_lateral__A,both_lateral,A,1,249,1,-0.40144513714554736,0
svm,both_lateral__A,both_lateral,A,1,249,1,-0.44156563438294855,0
svm,both_lateral__A,both_lateral,A,1,249,1,0.603355410478265,1
svm,both_lateral__A,both_lateral,A,1,249,1,0.45004586978705025,1
svm,both_lateral__A,both_lateral,A,1,249,1,0.286337379818789,1
svm,both_lateral__A,both_lateral,A,1,249,1,0.38867177978804374,1
svm,both_lateral__A,both_lateral,A,1,249,1,0.8021107844860393,1
svm,both_lateral__A,both_lateral,A,2,219,0,0.541099581286235,1
svm,both_lateral__A,both_lateral,A,2,219,0,0.567993021494635,1
svm,both_lateral__A,both_lateral,A,2,219,0,0.7518666571003291,1
svm,both_lateral__A,both_lateral,A,2,219,0,1.1937353262287806,1
svm,both_lateral__A,both_lateral,A,2,219,0,0.5814106590595856,1
svm,both_lateral__A,both_lateral,A,2,219,0,1.2840409182921284,1
svm,both_lateral__A,both_lateral,A,2,219,0,1.1329050535427263,1
svm,both_lateral__A,both_lateral,A,2,219,0,-1.715193145818675,0
svm,both_lateral__A,both_lateral,A,2,219,0,0.9759941816225118,1
svm,both_lateral__A,both_lateral,A,2,219,0,-1.1754655865970167,0
svm,both_lateral__A,both_lateral,A,2,219,0,-0.450467346541158,0
svm,both_lateral__A,both_lateral,A,2,219,0,0.5238368623003218,1
svm,both_lateral__A,both_lateral,A,2,219,0,-1.549198354344334,0
svm,both_lateral__A,both_lateral,A,2,219,0,-0.5963095493559475,0
svm,both_lateral__A,both_lateral,A,2,219,1,1.3667336841789681,1
svm,both_lateral__A,both_lateral,A,2,219,1,1.254845886873452,1
svm,both_lateral__A,both_lateral,A,2,219,1,1.2562770351610233,1
svm,both_lateral__A,both_lateral,A,2,219,1,1.336071885777949,1
svm,both_lateral__A,both_lateral,A,2,219,1,1.3271824842414386,1
svm,both_lateral__A,both_lateral,A,2,219,1,1.3265733168165108,1
svm,both_lateral__A,both_lateral,A,2,219,1,1.2796059572639866,1
svm,both_lateral__A,both_lateral,A,2,219,1,1.3083479591345926,1
svm,both_lateral__A,both_lateral,A,2,219,1,1.2334006929190642,1
svm,both_lateral__A,both_lateral,A,2,219,1,1.3439843766615986,1
svm,both_lateral__A,both_lateral,A,2,219,1,1.2317026830350353,1
svm,both_lateral__A,both_lateral,A,2,219,1,1.243178004635488,1
svm,both_lateral__A,both_lateral,A,2,219,1,1.492338067566068,1
svm,both_lateral__A,both_lateral,A,2,219,1,0.9111033289508025,1
svm,both_lateral__A,both_lateral,A,2,219,1,0.5050482881145851,1
svm,both_lateral__A,both_lateral,A,2,219,1,1.1313389182489728,1
svm,both_lateral__A,both_lateral,A,3,313,0,0.2884002628087049,1
svm,both_lateral__A,both_lateral,A,3,313,0,0.5724303261582779,1
svm,both_lateral__A,both_lateral,A,3,313,0,-0.24714789760281103,0
svm,both_lateral__A,both_lateral,A,3,313,0,-0.06672107357769011,0
svm,both_lateral__A,both_lateral,A,3,313,0,0.1403322088731519,1
svm,both_lateral__A,both_lateral,A,3,313,0,0.2596366760234883,1
svm,both_lateral__A,both_lateral,A,3,313,0,0.1475120937013361,1
svm,both_lateral__A,both_lateral,A,3,313,0,0.2276015398722141,1
svm,both_lateral__A,both_lateral,A,3,313,0,-0.17749426228043777,0
svm,both_lateral__A,both_lateral,A,3,313,0,0.6488964300133072,1
svm,both_lateral__A,both_lateral,A,3,313,0,-0.17973285523537416,0
svm,both_lateral__A,both_lateral,A,3,313,0,-0.20643696091580035,0
svm,both_lateral__A,both_lateral,A,3,313,0,-0.14347866391938185,0
svm,both_lateral__A,both_lateral,A,3,313,0,-0.6972010843262235,0
svm,both_lateral__A,both_lateral,A,3,313,0,-0.22070596981139184,0
svm,both_lateral__A,both_lateral,A,3,313,1,-0.28625120628022105,0
svm,both_lateral__A,both_lateral,A,3,313,1,-0.6279566746313268,0
svm,both_lateral__A,both_lateral,A,3,313,1,0.29233405648740407,1
svm,both_lateral__A,both_lateral,A,3,313,1,-0.09250344066193711,0
svm,both_lateral__A,both_lateral,A,3,313,1,-0.1863158169204429,0
svm,both_lateral__A,both_lateral,A,3,313,1,-0.12759881374508664,0
svm,both_lateral__A,both_lateral,A,3,313,1,-0.13563216667324213,0
svm,both_lateral__A,both_lateral,A,3,313,1,0.6925500684768764,1
svm,both_lateral__A,both_lateral,A,3,313,1,0.3986888011755637,1
svm,both_lateral__A,both_lateral,A,3,313,1,-0.1409407402433156,0
svm,both_lateral__A,both_lateral,A,3,313,1,0.5197445403342795,1
svm,both_lateral__A,both_lateral,A,3,313,1,-0.06461692064238098,0
svm,both_lateral__A,both_lateral,A,3,313,1,0.054830967837572075,1
svm,both_lateral__A,both_lateral,A,3,313,1,-0.10922470471802093,0
svm,both_lateral__A,both_lateral,A,4,318,0,-0.031087271078811374,0
svm,both_lateral__A,both_lateral,A,4,318,0,-0.4350342917138978,0
svm,both_lateral__A,both_lateral,A,4,318,0,-0.45588653462675544,0
svm,both_lateral__A,both_lateral,A,4,318,0,0.48487286111198225,1
svm,both_lateral__A,both_lateral,A,4,318,0,0.12188772972678447,1
svm,both_lateral__A,both_lateral,A,4,318,0,-0.773977524385134,0
svm,both_lateral__A,both_lateral,A,4,318,0,-0.4562468992832931,0
svm,both_lateral__A,both_lateral,A,4,318,0,-1.3882197325974541,0
svm,both_lateral__A,both_lateral,A,4,318,0,-0.49985787766972933,0
svm,both_lateral__A,both_lateral,A,4,318,0,-0.43661056404422693,0
svm,both_lateral__A,both_lateral,A,4,318,0,-0.9035411696301291,0
svm,both_lateral__A,both_lateral,A,4,318,0,-0.7276618246229881,0
svm,both_lateral__A,both_lateral,A,4,318,0,-0.9386856486396126,0
svm,both_lateral__A,both_lateral,A,4,318,0,-0.6563352165251857,0
svm,both_lateral__A,both_lateral,A,4,318,1,-0.5930815453331085,0
svm,both_lateral__A,both_lateral,A,4,318,1,-0.22815609203760584,0
svm,both_lateral__A,both_lateral,A,4,318,1,-0.45872092484665233,0
svm,both_lateral__A,both_lateral,A,4,318,1,-0.5131565849407624,0
svm,both_lateral__A,both_lateral,A,4,318,1,-0.2662927893213408,0
svm,both_lateral__A,both_lateral,A,4,318,1,-0.689012154397147,0
svm,both_lateral__A,both_lateral,A,4,318,1,0.1161988126751956,1
svm,both_lateral__A,both_lateral,A,4,318,1,-0.476984826930052,0
svm,both_lateral__A,both_lateral,A,4,318,1,0.12171154298017361,1
svm,both_lateral__A,both_lateral,A,4,318,1,0.15338067837700503,1
svm,both_lateral__A,both_lateral,A,4,318,1,-0.1013700915560678,0
svm,both_lateral__A,both_lateral,A,4,318,1,-0.13584493937400693,0
svm,both_lateral__A,both_lateral,A,4,318,1,-0.017206070276250207,0
svm,both_lateral__A,both_lateral,A,4,318,1,-0.197062948714826,0
svm,both_lateral__A,both_lateral,A,5,300,0,-0.34608341695368555,0
svm,both_lateral__A,both_lateral,A,5,300,0,0.2841098293386711,1
svm,both_lateral__A,both_lateral,A,5,300,0,-0.07292051997039084,0
svm,both_lateral__A,both_lateral,A,5,300,0,0.3713554820046723,1
svm,both_lateral__A,both_lateral,A,5,300,0,-0.7869625188826529,0
svm,both_lateral__A,both_lateral,A,5,300,0,-0.6116286301971605,0
svm,both_lateral__A,both_lateral,A,5,300,0,-0.689347627727273,0
svm,both_lateral__A,both_lateral,A,5,300,0,-0.7633152035159236,0
svm,both_lateral__A,both_lateral,A,5,300,0,-0.40666503128365306,0
svm,both_lateral__A,both_lateral,A,5,300,0,-0.13339391789598104,0
svm,both_lateral__A,both_lateral,A,5,300,0,-0.726303233760494,0
svm,both_lateral__A,both_lateral,A,5,300,0,-1.107551618779964,0
svm,both_lateral__A,both_lateral,A,5,300,0,-0.8050830753202018,0
svm,both_lateral__A,both_lateral,A,5,300,0,-0.2965987141091696,0
svm,both_lateral__A,both_lateral,A,5,300,1,-0.46054027209584636,0
svm,both_lateral__A,both_lateral,A,5,300,1,-0.44562652488372867,0
svm,both_lateral__A,both_lateral,A,5,300,1,-0.872605977998524,0
svm,both_lateral__A,both_lateral,A,5,300,1,-0.7939650442269721,0
svm,both_lateral__A,both_lateral,A,5,300,1,-0.6937450587906995,0
svm,both_lateral__A,both_lateral,A,5,300,1,-0.6688051048124167,0
svm,both_lateral__A,both_lateral,A,5,300,1,-0.77031846277224,0
svm,both_lateral__A,both_lateral,A,5,300,1,-0.57819402939132,0
svm,both_lateral__A,both_lateral,A,5,300,1,-0.5328724047363991,0
svm,both_lateral__A,both_lateral,A,5,300,1,-0.7561942681361629,0
svm,both_lateral__A,both_lateral,A,5,300,1,-0.6254581437073455,0
svm,both_lateral__A,both_lateral,A,5,300,1,-0.5983490885907512,0
svm,both_lateral__A,both_lateral,A,5,300,1,-0.8744887806597532,0
svm,both_lateral__A,both_lateral,A,5,300,1,-0.8366727641902015,0
svm,both_lateral__A,both_lateral,A,6,271,0,-1.135008817006518,0
svm,both_lateral__A,both_lateral,A,6,271,0,0.13970204749601484,1
svm,both_lateral__A,both_lateral,A,6,271,0,-0.6394540053878868,0
svm,both_lateral__A,both_lateral,A,6,271,0,-0.052489994418222274,0
svm,both_lateral__A,both_lateral,A,6,271,0,-0.8320224209909639,0
svm,both_lateral__A,both_lateral,A,6,271,0,-0.7032305979340197,0
svm,both_lateral__A,both_lateral,A,6,271,0,-0.3966047348736971,0
svm,both_lateral__A,both_lateral,A,6,271,0,-0.9877193804365396,0
svm,both_lateral__A,both_lateral,A,6,271,0,-1.4382035010706276,0
svm,both_lateral__A,both_lateral,A,6,271,0,-0.0759151394531023,0
svm,both_lateral__A,both_lateral,A,6,271,0,-0.05255116528577913,0
svm,both_lateral__A,both_lateral,A,6,271,0,-1.5520759948257694,0
svm,both_lateral__A,both_lateral,A,6,271,0,-1.198543041312134,0
svm,both_lateral__A,both_lateral,A,6,271,0,-0.9345318341898998,0
svm,both_lateral__A,both_lateral,A,6,271,1,0.061131422640160527,1
svm,both_lateral__A,both_lateral,A,6,271,1,1.1116652204619577,1
svm,both_lateral__A,both_lateral,A,6,271,1,0.006245462471493102,1
svm,both_lateral__A,both_lateral,A,6,271,1,0.7387125660400105,1
svm,both_lateral__A,both_lateral,A,6,271,1,0.36274793187333093,1
svm,both_lateral__A,both_lateral,A,6,271,1,-0.04094472738642979,0
svm,both_lateral__A,both_lateral,A,6,271,1,1.5370148011342064,1
svm,both_lateral__A,both_lateral,A,6,271,1,-0.2307779326665429,0
svm,both_lateral__A,both_lateral,A,6,271,1,0.5974337331560418,1
svm,both_lateral__A,both_lateral,A,6,271,1,0.24157377836949007,1
svm,both_lateral__A,both_lateral,A,6,271,1,-0.18164121956888218,0
svm,both_lateral__A,both_lateral,A,6,271,1,1.0591099836546898,1
svm,both_lateral__A,both_lateral,A,6,271,1,1.7134748802008293,1
svm,both_lateral__A,both_lateral,A,6,271,1,0.975381954163111,1
svm,both_lateral__A,both_lateral,A,7,251,0,-1.7597296945643341,0
svm,both_lateral__A,both_lateral,A,7,251,0,-0.5114747167016238,0
svm,both_lateral__A,both_lateral,A,7,251,0,-0.9402466619342765,0
svm,both_lateral__A,both_lateral,A,7,251,0,-2.014275159475229,0
svm,both_lateral__A,both_lateral,A,7,251,0,-1.0133419442898983,0
svm,both_lateral__A,both_lateral,A,7,251,0,-1.9557022373799495,0
svm,both_lateral__A,both_lateral,A,7,251,0,-1.6989794374437102,0
svm,both_lateral__A,both_lateral,A,7,251,0,-1.1951923323736162,0
svm,both_lateral__A,both_lateral,A,7,251,0,-0.5031463666549969,0
svm,both_lateral__A,both_lateral,A,7,251,0,-0.6477291544453503,0
svm,both_lateral__A,both_lateral,A,7,251,0,-0.8507300032205954,0
svm,both_lateral__A,both_lateral,A,7,251,0,-0.37871042180076087,0
svm,both_lateral__A,both_lateral,A,7,251,0,-1.1723918252198717,0
svm,both_lateral__A,both_lateral,A,7,251,0,-0.7449048658546523,0
svm,both_lateral__A,both_lateral,A,7,251,1,-1.2504050989503241,0
svm,both_lateral__A,both_lateral,A,7,251,1,-1.6489517118153398,0
svm,both_lateral__A,both_lateral,A,7,251,1,-0.9444324873572828,0
svm,both_lateral__A,both_lateral,A,7,251,1,-1.8521401310619474,0
svm,both_lateral__A,both_lateral,A,7,251,1,-1.2488992630876883,0
svm,both_lateral__A,both_lateral,A,7,251,1,-1.3097527915506415,0
svm,both_lateral__A,both_lateral,A,7,251,1,-1.497694072212823,0
svm,both_lateral__A,both_lateral,A,7,251,1,-2.145728124381696,0
svm,both_lateral__A,both_lateral,A,7,251,1,-0.7431969249430181,0
svm,both_lateral__A,both_lateral,A,7,251,1,-1.4543377260741246,0
svm,both_lateral__A,both_lateral,A,7,251,1,-1.7221527314343907,0
svm,both_lateral__A,both_lateral,A,7,251,1,-1.4552682519657734,0
svm,both_lateral__A,both_lateral,A,7,251,1,0.4755172191477677,1
svm,both_lateral__A,both_lateral,A,8,282,0,-2.5322517894821495,0
svm,both_lateral__A,both_lateral,A,8,282,0,-1.3873239643317015,0
svm,both_lateral__A,both_lateral,A,8,282,0,-2.3015235820095783,0
svm,both_lateral__A,both_lateral,A,8,282,0,-1.8328834357097097,0
svm,both_lateral__A,both_lateral,A,8,282,0,-1.6200942976047386,0
svm,both_lateral__A,both_lateral,A,8,282,0,-1.7941869275921265,0
svm,both_lateral__A,both_lateral,A,8,282,0,-1.7620457532846878,0
svm,both_lateral__A,both_lateral,A,8,282,0,-2.2469373252586573,0
svm,both_lateral__A,both_lateral,A,8,282,0,-1.548417701441217,0
svm,both_lateral__A,both_lateral,A,8,282,0,-2.027998819213109,0
svm,both_lateral__A,both_lateral,A,8,282,0,-1.9619899373570366,0
svm,both_lateral__A,both_lateral,A,8,282,0,-2.483111268521629,0
svm,both_lateral__A,both_lateral,A,8,282,0,-2.0216816585163184,0
svm,both_lateral__A,both_lateral,A,8,282,0,-1.6786534870428644,0
svm,both_lateral__A,both_lateral,A,8,282,1,0.026378748217813913,1
svm,both_lateral__A,both_lateral,A,8,282,1,0.7813120360357961,1
svm,both_lateral__A,both_lateral,A,8,282,1,-0.17572966744096943,0
svm,both_lateral__A,both_lateral,A,8,282,1,0.9560879165295015,1
svm,both_lateral__A,both_lateral,A,8,282,1,0.7713220286209614,1
svm,both_lateral__A,both_lateral,A,8,282,1,1.0883509115432994,1
svm,both_lateral__A,both_lateral,A,8,282,1,0.47616266902436266,1
svm,both_lateral__A,both_lateral,A,8,282,1,0.41362625291536514,1
svm,both_lateral__A,both_lateral,A,8,282,1,1.0574551326841994,1
svm,both_lateral__A,both_lateral,A,8,282,1,0.779770011845349,1
svm,both_lateral__A,both_lateral,A,8,282,1,0.7123762561860856,1
svm,both_lateral__A,both_lateral,A,9,210,0,-0.08505329580618554,0
svm,both_lateral__A,both_lateral,A,9,210,0,-0.8153872306383296,0
svm,both_lateral__A,both_lateral,A,9,210,0,-0.17919410248184142,0
svm,both_lateral__A,both_lateral,A,9,210,0,-0.0344852541013686,0
svm,both_lateral__A,both_lateral,A,9,210,0,-0.4502537662669224,0
svm,both_lateral__A,both_lateral,A,9,210,0,0.5048812918285399,1
svm,both_lateral__A,both_lateral,A,9,210,0,-0.12715197044384746,0
svm,both_lateral__A,both_lateral,A,9,210,0,0.4814698952619427,1
svm,both_lateral__A,both_lateral,A,9,210,0,-0.01912943501707909,0
svm,both_lateral__A,both_lateral,A,9,210,0,-0.22467950764212385,0
svm,both_lateral__A,both_lateral,A,9,210,0,-0.0049596324189830066,0
svm,both_lateral__A,both_lateral,A,9,210,0,-0.8851231476945691,0
svm,both_lateral__A,both_lateral,A,9,210,0,-0.5934667260194088,0
svm,both_lateral__A,both_lateral,A,9,210,0,-0.11047493232618194,0
svm,both_lateral__A,both_lateral,A,9,210,1,1.3665882461350534,1
svm,both_lateral__A,both_lateral,A,9,210,1,1.3626916331916323,1
svm,both_lateral__A,both_lateral,A,9,210,1,1.762896754691956,1
svm,both_lateral__A,both_lateral,A,9,210,1,1.2474963772976233,1
svm,both_lateral__A,both_lateral,A,9,210,1,1.5041657868958371,1
svm,both_lateral__A,both_lateral,A,9,210,1,1.1915688093951065,1
svm,both_lateral__A,both_lateral,A,9,210,1,1.0212993644726653,1
svm,both_lateral__A,both_lateral,A,9,210,1,1.3472478249074595,1
svm,both_lateral__A,both_lateral,A,9,210,1,1.076627420521227,1
svm,both_lateral__A,both_lateral,A,9,210,1,1.2062982676791671,1
svm,both_lateral__A,both_lateral,A,9,210,1,1.5934501414350493,1
svm,both_lateral__A,both_lateral,A,10,265,0,-1.0579718540898064,0
svm,both_lateral__A,both_lateral,A,10,265,0,-0.7276814967357905,0
svm,both_lateral__A,both_lateral,A,10,265,0,-0.4573384932910821,0
svm,both_lateral__A,both_lateral,A,10,265,0,0.06686737698262984,1
svm,both_lateral__A,both_lateral,A,10,265,0,0.4725245849007384,1
svm,both_lateral__A,both_lateral,A,10,265,0,0.25001290419019356,1
svm,both_lateral__A,both_lateral,A,10,265,0,-0.30418047075368804,0
svm,both_lateral__A,both_lateral,A,10,265,0,-0.04195646569358841,0
svm,both_lateral__A,both_lateral,A,10,265,0,-0.6091587316533601,0
svm,both_lateral__A,both_lateral,A,10,265,0,-0.15746673609759437,0
svm,both_lateral__A,both_lateral,A,10,265,0,-0.37528905074681285,0
svm,both_lateral__A,both_lateral,A,10,265,0,-0.7638060869154939,0
svm,both_lateral__A,both_lateral,A,10,265,0,-0.4530940814212121,0
svm,both_lateral__A,both_lateral,A,10,265,1,-1.0915181084350571,0
svm,both_lateral__A,both_lateral,A,10,265,1,-0.5653678818671476,0
svm,both_lateral__A,both_lateral,A,10,265,1,0.19771567928514117,1
svm,both_lateral__A,both_lateral,A,10,265,1,0.1609650950819082,1
svm,both_lateral__A,both_lateral,A,10,265,1,-0.9084547468056423,0
svm,both_lateral__A,both_lateral,A,10,265,1,-0.8136304831978092,0
svm,both_lateral__A,both_lateral,A,10,265,1,-1.1209874190429778,0
svm,both_lateral__A,both_lateral,A,10,265,1,-0.5130914004862233,0
svm,both_lateral__A,both_lateral,A,10,265,1,0.6260605439137144,1
svm,both_lateral__A,both_lateral,A,10,265,1,-0.043684759023381925,0
svm,both_lateral__A,both_lateral,A,10,265,1,-0.7467368842032298,0
svm,both_lateral__B,both_lateral,B,1,249,0,-0.029544952822636028,0
svm,both_lateral__B,both_lateral,B,1,249,0,-0.16121251351378701,0
svm,both_lateral__B,both_lateral,B,1,249,0,0.028794420548976574,1
svm,both_lateral__B,both_lateral,B,1,249,0,-0.08321009813299583,0
svm,both_lateral__B,both_lateral,B,1,249,0,1.0323474938562167,1
svm,both_lateral__B,both_lateral,B,1,249,0,0.32175912354372194,1
svm,both_lateral__B,both_lateral,B,1,249,0,0.36177465134228604,1
svm,both_lateral__B,both_lateral,B,1,249,0,0.17490836906013607,1
svm,both_lateral__B,both_lateral,B,1,249,0,-0.15036109811287687,0
svm,both_lateral__B,both_lateral,B,1,249,0,-0.8947291680189613,0
svm,both_lateral__B,both_lateral,B,1,249,0,-0.31779245634004,0
svm,both_lateral__B,both_lateral,B,1,249,0,0.2718309345762632,1
svm,both_lateral__B,both_lateral,B,1,249,0,-0.4851256003486547,0
svm,both_lateral__B,both_lateral,B,1,249,0,0.28222673023891853,1
svm,both_lateral__B,both_lateral,B,1,249,0,-0.1311274552425657,0
svm,both_lateral__B,both_lateral,B,1,249,1,-0.4311047949148158,0
svm,both_lateral__B,both_lateral,B,1,249,1,0.13695193481102813,1
svm,both_lateral__B,both_lateral,B,1,249,1,-0.11039437934683423,0
svm,both_lateral__B,both_lateral,B,1,249,1,0.1923271310393841,1
svm,both_lateral__B,both_lateral,B,1,249,1,0.07442878897266747,1
svm,both_lateral__B,both_lateral,B,1,249,1,-0.46091175623604974,0
svm,both_lateral__B,both_lateral,B,1,249,1,0.2748933889761811,1
svm,both_lateral__B,both_lateral,B,1,249,1,-0.1748460078762083,0
svm,both_lateral__B,both_lateral,B,1,249,1,-0.1258654212422879,0
svm,both_lateral__B,both_lateral,B,1,249,1,-0.8100964289862387,0
svm,both_lateral__B,both_lateral,B,1,249,1,0.3858174162363984,1
svm,both_lateral__B,both_lateral,B,1,249,1,-0.458087170579048,0
svm,both_lateral__B,both_lateral,B,1,249,1,-0.14157318755816534,0
svm,both_lateral__B,both_lateral,B,1,249,1,-0.3087512442614194,0
svm,both_lateral__B,both_lateral,B,1,249,1,-0.307048280162006,0
svm,both_lateral__B,both_lateral,B,1,249,1,0.19446736683712607,1
svm,both_lateral__B,both_lateral,B,1,249,1,0.5027007158089989,1
svm,both_lateral__B,both_lateral,B,2,219,0,0.40174413579734614,1
svm,both_lateral__B,both_lateral,B,2,219,0,0.07293854648852041,1
svm,both_lateral__B,both_lateral,B,2,219,0,0.3573949046996189,1
svm,both_lateral__B,both_lateral,B,2,219,0,0.21203838683867587,1
svm,both_lateral__B,both_lateral,B,2,219,0,-0.05462368342018599,0
svm,both_lateral__B,both_lateral,B,2,219,0,0.846485897816237,1
svm,both_lateral__B,both_lateral,B,2,219,0,-0.6899539105984919,0
svm,both_lateral__B,both_lateral,B,2,219,0,0.1676826681602156,1
svm,both_lateral__B,both_lateral,B,2,219,0,-0.5801653124083114,0
svm,both_lateral__B,both_lateral,B,2,219,0,0.29473826779366585,1
svm,both_lateral__B,both_lateral,B,2,219,0,0.5839656163411708,1
svm,both_lateral__B,both_lateral,B,2,219,0,-0.03830291279115354,0
svm,both_lateral__B,both_lateral,B,2,219,0,0.19599541266333098,1
svm,both_lateral__B,both_lateral,B,2,219,0,-0.56357853938434,0
svm,both_lateral__B,both_lateral,B,2,219,1,0.03957358545827862,1
svm,both_lateral__B,both_lateral,B,2,219,1,0.41759106209659697,1
svm,both_lateral__B,both_lateral,B,2,219,1,0.8129184370822569,1
svm,both_lateral__B,both_lateral,B,2,219,1,-0.4255009076527984,0
svm,both_lateral__B,both_lateral,B,2,219,1,0.8455213188191458,1
svm,both_lateral__B,both_lateral,B,2,219,1,-0.762791484342361,0
svm,both_lateral__B,both_lateral,B,2,219,1,-0.30415817066773704,0
svm,both_lateral__B,both_lateral,B,2,219,1,-0.04391000721032755,0
svm,both_lateral__B,both_lateral,B,2,219,1,-0.35838114174047425,0
svm,both_lateral__B,both_lateral,B,2,219,1,-0.39727204848663905,0
svm,both_lateral__B,both_lateral,B,2,219,1,-0.6121883808720154,0
svm,both_lateral__B,both_lateral,B,2,219,1,0.03881168570955902,1
svm,both_lateral__B,both_lateral,B,2,219,1,-0.753590885110071,0
svm,both_lateral__B,both_lateral,B,2,219,1,-0.495982031994258,0
svm,both_lateral__B,both_lateral,B,2,219,1,0.38598029012428475,1
svm,both_lateral__B,both_lateral,B,2,219,1,0.09074588612829869,1
svm,both_lateral__B,both_lateral,B,3,313,0,0.9379577253706801,1
svm,both_lateral__B,both_lateral,B,3,313,0,-0.5701445661005359,0
svm,both_lateral__B,both_lateral,B,3,313,0,-0.2211757554699042,0
svm,both_lateral__B,both_lateral,B,3,313,0,-0.07475768231600545,0
svm,both_lateral__B,both_lateral,B,3,313,0,0.31081314839132196,1
svm,both_lateral__B,both_lateral,B,3,313,0,0.22337874450896084,1
svm,both_lateral__B,both_lateral,B,3,313,0,0.619637644131168,1
svm,both_lateral__B,both_lateral,B,3,313,0,-0.050182632839170724,0
svm,both_lateral__B,both_lateral,B,3,313,0,0.7524577933115123,1
svm,both_lateral__B,both_lateral,B,3,313,0,-0.014930124829449429,0
svm,both_lateral__B,both_lateral,B,3,313,0,0.037655795224540614,1
svm,both_lateral__B,both_lateral,B,3,313,0,0.6095147773229185,1
svm,both_lateral__B,both_lateral,B,3,313,0,0.14426500163532263,1
svm,both_lateral__B,both_lateral,B,3,313,0,0.19483050502265248,1
svm,both_lateral__B,both_lateral,B,3,313,0,-0.296447771099509,0
svm,both_lateral__B,both_lateral,B,3,313,1,0.022378473010817232,1
svm,both_lateral__B,both_lateral,B,3,313,1,-0.5736183541695268,0
svm,both_lateral__B,both_lateral,B,3,313,1,-0.5597610192734674,0
svm,both_lateral__B,both_lateral,B,3,313,1,-0.3179054196495646,0
svm,both_lateral__B,both_lateral,B,3,313,1,0.6424455083029862,1
svm,both_lateral__B,both_lateral,B,3,313,1,0.43941440931383796,1
svm,both_lateral__B,both_lateral,B,3,313,1,0.46627122762762024,1
svm,both_lateral__B,both_lateral,B,3,313,1,-0.1428550074400256,0
svm,both_lateral__B,both_lateral,B,3,313,1,-0.6173278341159503,0
svm,both_lateral__B,both_lateral,B,3,313,1,0.2653194282944597,1
svm,both_lateral__B,both_lateral,B,3,313,1,-0.14471218860203222,0
svm,both_lateral__B,both_lateral,B,3,313,1,0.45214699921220086,1
svm,both_lateral__B,both_lateral,B,3,313,1,0.022845034050797422,1
svm,both_lateral__B,both_lateral,B,3,313,1,-0.10882901099151505,0
svm,both_lateral__B,both_lateral,B,4,318,0,0.25083647031491446,1
svm,both_lateral__B,both_lateral,B,4,318,0,-0.46783148881167375,0
svm,both_lateral__B,both_lateral,B,4,318,0,-0.13782442491358277,0
svm,both_lateral__B,both_lateral,B,4,318,0,-0.7028265369624755,0
svm,both_lateral__B,both_lateral,B,4,318,0,-0.4451449360946435,0
svm,both_lateral__B,both_lateral,B,4,318,0,0.07125706991371716,1
svm,both_lateral__B,both_lateral,B,4,318,0,-0.5053688843475388,0
svm,both_lateral__B,both_lateral,B,4,318,0,0.07884455598581741,1
svm,both_lateral__B,both_lateral,B,4,318,0,0.05096649649807711,1
svm,both_lateral__B,both_lateral,B,4,318,0,-0.3289122657408617,0
svm,both_lateral__B,both_lateral,B,4,318,0,-0.1997650017906516,0
svm,both_lateral__B,both_lateral,B,4,318,0,-0.42003193486688417,0
svm,both_lateral__B,both_lateral,B,4,318,0,0.17537364753939805,1
svm,both_lateral__B,both_lateral,B,4,318,0,1.046414752505612,1
svm,both_lateral__B,both_lateral,B,4,318,1,-0.5021206386931657,0
svm,both_lateral__B,both_lateral,B,4,318,1,-0.40393289814870764,0
svm,both_lateral__B,both_lateral,B,4,318,1,-0.10686198139076908,0
svm,both_lateral__B,both_lateral,B,4,318,1,-0.48350245003451003,0
svm,both_lateral__B,both_lateral,B,4,318,1,-0.17078860277535335,0
svm,both_lateral__B,both_lateral,B,4,318,1,-0.835064648797939,0
svm,both_lateral__B,both_lateral,B,4,318,1,0.4480857902644173,1
svm,both_lateral__B,both_lateral,B,4,318,1,-0.5076666337161887,0
svm,both_lateral__B,both_lateral,B,4,318,1,0.054045029275058665,1
svm,both_lateral__B,both_lateral,B,4,318,1,0.5940740400447082,1
svm,both_lateral__B,both_lateral,B,4,318,1,-0.18882904898491376,0
svm,both_lateral__B,both_lateral,B,4,318,1,0.29517872317174493,1
svm,both_lateral__B,both_lateral,B,4,318,1,-0.19753291894741914,0
svm,both_lateral__B,both_lateral,B,4,318,1,-0.22593082824757205,0
svm,both_lateral__B,both_lateral,B,5,300,0,0.11998349199242653,1
svm,both_lateral__B,both_lateral,B,5,300,0,-0.16748742622948004,0
svm,both_lateral__B,both_lateral,B,5,300,0,0.13004109070627762,1
svm,both_lateral__B,both_lateral,B,5,300,0,0.365641444401141,1
svm,both_lateral__B,both_lateral,B,5,300,0,0.6899764784783018,1
svm,both_lateral__B,both_lateral,B,5,300,0,-0.14913668414647063,0
svm,both_lateral__B,both_lateral,B,5,300,0,-0.7062685489248917,0
svm,both_lateral__B,both_lateral,B,5,300,0,-0.12580436516332238,0
svm,both_lateral__B,both_lateral,B,5,300,0,-0.10056204351475442,0
svm,both_lateral__B,both_lateral,B,5,300,0,-0.09688043285056258,0
svm,both_lateral__B,both_lateral,B,5,300,0,-0.11140391212142065,0
svm,both_lateral__B,both_lateral,B,5,300,0,-0.3754001435997758,0
svm,both_lateral__B,both_lateral,B,5,300,0,-0.39968723603605366,0
svm,both_lateral__B,both_lateral,B,5,300,0,0.02749909970038033,1
svm,both_lateral__B,both_lateral,B,5,300,1,-0.31065643706335566,0
svm,both_lateral__B,both_lateral,B,5,300,1,-0.9303210419065446,0
svm,both_lateral__B,both_lateral,B,5,300,1,0.08653969309189294,1
svm,both_lateral__B,both_lateral,B,5,300,1,0.44236002564552823,1
svm,both_lateral__B,both_lateral,B,5,300,1,0.28822354652546983,1
svm,both_lateral__B,both_lateral,B,5,300,1,-0.5008409988411643,0
svm,both_lateral__B,both_lateral,B,5,300,1,-0.15447852203433965,0
svm,both_lateral__B,both_lateral,B,5,300,1,-0.5278055019147797,0
svm,both_lateral__B,both_lateral,B,5,300,1,-0.4803887948750113,0
svm,both_lateral__B,both_lateral,B,5,300,1,-0.7157021135758824,0
svm,both_lateral__B,both_lateral,B,5,300,1,-0.8105096995339127,0
svm,both_lateral__B,both_lateral,B,5,300,1,-0.5125819935564135,0
svm,both_lateral__B,both_lateral,B,5,300,1,-0.07217496156871228,0
svm,both_lateral__B,both_lateral,B,5,300,1,-0.8660753879853827,0
svm,both_lateral__B,both_lateral,B,6,271,0,0.9800840509155775,1
svm,both_lateral__B,both_lateral,B,6,271,0,-0.20390056564139886,0
svm,both_lateral__B,both_lateral,B,6,271,0,0.11639713899073773,1
svm,both_lateral__B,both_lateral,B,6,271,0,0.1395389729841468,1
svm,both_lateral__B,both_lateral,B,6,271,0,-0.1822005871396882,0
svm,both_lateral__B,both_lateral,B,6,271,0,0.07326339810069876,1
svm,both_lateral__B,both_lateral,B,6,271,0,0.30030449733110515,1
svm,both_lateral__B,both_lateral,B,6,271,0,0.2778017335322655,1
svm,both_lateral__B,both_lateral,B,6,271,0,-0.08120893407062635,0
svm,both_lateral__B,both_lateral,B,6,271,0,0.4520005183386478,1
svm,both_lateral__B,both_lateral,B,6,271,0,0.27041035991794066,1
svm,both_lateral__B,both_lateral,B,6,271,0,1.106192722117108,1
svm,both_lateral__B,both_lateral,B,6,271,0,0.7748726480144339,1
svm,both_lateral__B,both_lateral,B,6,271,0,-0.6148607362517152,0
svm,both_lateral__B,both_lateral,B,6,271,1,-0.08623227736824823,0
svm,both_lateral__B,both_lateral,B,6,271,1,-0.07955256396915625,0
svm,both_lateral__B,both_lateral,B,6,271,1,0.030818701748406008,1
svm,both_lateral__B,both_lateral,B,6,271,1,-0.32617986431915935,0
svm,both_lateral__B,both_lateral,B,6,271,1,-0.5815755791690376,0
svm,both_lateral__B,both_lateral,B,6,271,1,-0.18164804981457044,0
svm,both_lateral__B,both_lateral,B,6,271,1,0.05038344864967276,1
svm,both_lateral__B,both_lateral,B,6,271,1,-0.2413483256071757,0
svm,both_lateral__B,both_lateral,B,6,271,1,-0.1785051862898731,0
svm,both_lateral__B,both_lateral,B,6,271,1,0.25433736424771763,1
svm,both_lateral__B,both_lateral,B,6,271,1,-0.6781575378595812,0
svm,both_lateral__B,both_lateral,B,6,271,1,-0.039201955774816666,0
svm,both_lateral__B,both_lateral,B,6,271,1,0.3284919301594241,1
svm,both_lateral__B,both_lateral,B,6,271,1,-0.0436415133004579,0
svm,both_lateral__B,both_lateral,B,7,251,0,-0.07338908078105719,0
svm,both_lateral__B,both_lateral,B,7,251,0,0.28406491040930565,1
svm,both_lateral__B,both_lateral,B,7,251,0,-0.13414925527403526,0
svm,both_lateral__B,both_lateral,B,7,251,0,-0.2633225629630709,0
svm,both_lateral__B,both_lateral,B,7,251,0,0.17670882287330705,1
svm,both_lateral__B,both_lateral,B,7,251,0,0.1981529453687849,1
svm,both_lateral__B,both_lateral,B,7,251,0,-0.30658129184673427,0
svm,both_lateral__B,both_lateral,B,7,251,0,-0.38165772175715523,0
svm,both_lateral__B,both_lateral,B,7,251,0,-0.18742995478555127,0
svm,both_lateral__B,both_lateral,B,7,251,0,0.20882725870316254,1
svm,both_lateral__B,both_lateral,B,7,251,0,0.5703391429746428,1
svm,both_lateral__B,both_lateral,B,7,251,0,0.2840038393692936,1
svm,both_lateral__B,both_lateral,B,7,251,0,0.6095197738282366,1
svm,both_lateral__B,both_lateral,B,7,251,0,0.6429560434636119,1
svm,both_lateral__B,both_lateral,B,7,251,1,0.45692859186354573,1
svm,both_lateral__B,both_lateral,B,7,251,1,-0.12463594566384495,0
svm,both_lateral__B,both_lateral,B,7,251,1,0.13390471553740266,1
svm,both_lateral__B,both_lateral,B,7,251,1,0.1816844890490005,1
svm,both_lateral__B,both_lateral,B,7,251,1,-0.2933183470401282,0
svm,both_lateral__B,both_lateral,B,7,251,1,-0.5489346337888467,0
svm,both_lateral__B,both_lateral,B,7,251,1,0.3705857074523864,1
svm,both_lateral__B,both_lateral,B,7,251,1,-0.5898595710721054,0
svm,both_lateral__B,both_lateral,B,7,251,1,0.2908844405824786,1
svm,both_lateral__B,both_lateral,B,7,251,1,0.043464315192770615,1
svm,both_lateral__B,both_lateral,B,7,251,1,-0.23993647361719725,0
svm,both_lateral__B,both_lateral,B,7,251,1,-0.1327536377444963,0
svm,both_lateral__B,both_lateral,B,7,251,1,0.5130961084602865,1
svm,both_lateral__B,both_lateral,B,8,282,0,-0.21122009467739244,0
svm,both_lateral__B,both_lateral,B,8,282,0,0.9668793828448096,1
svm,both_lateral__B,both_lateral,B,8,282,0,0.4316920674985597,1
svm,both_lateral__B,both_lateral,B,8,282,0,-0.4090885146811015,0
svm,both_lateral__B,both_lateral,B,8,282,0,0.5557931931830007,1
svm,both_lateral__B,both_lateral,B,8,282,0,-0.263001186990062,0
svm,both_lateral__B,both_lateral,B,8,282,0,-0.7158704272435625,0
svm,both_lateral__B,both_lateral,B,8,282,0,-0.5636070295540216,0
svm,both_lateral__B,both_lateral,B,8,282,0,0.009458477107006327,1
svm,both_lateral__B,both_lateral,B,8,282,0,0.21917928352414978,1
svm,both_lateral__B,both_lateral,B,8,282,0,0.11239456172785513,1
svm,both_lateral__B,both_lateral,B,8,282,0,-0.19528704771136668,0
svm,both_lateral__B,both_lateral,B,8,282,0,0.5095087720877712,1
svm,both_lateral__B,both_lateral,B,8,282,0,-0.4781870124542178,0
svm,both_lateral__B,both_lateral,B,8,282,1,0.6100045391321292,1
svm,both_lateral__B,both_lateral,B,8,282,1,-0.08730026129014708,0
svm,both_lateral__B,both_lateral,B,8,282,1,0.4739355278556536,1
svm,both_lateral__B,both_lateral,B,8,282,1,-0.08720792127492415,0
svm,both_lateral__B,both_lateral,B,8,282,1,0.04654220931577151,1
svm,both_lateral__B,both_lateral,B,8,282,1,0.11232022273930672,1
svm,both_lateral__B,both_lateral,B,8,282,1,-0.003451477532404712,0
svm,both_lateral__B,both_lateral,B,8,282,1,-0.33835131088941595,0
svm,both_lateral__B,both_lateral,B,8,282,1,-0.10412242676401491,0
svm,both_lateral__B,both_lateral,B,8,282,1,-0.31698276175910545,0
svm,both_lateral__B,both_lateral,B,8,282,1,-0.2490807525663682,0
svm,both_lateral__B,both_lateral,B,9,210,0,0.6804369558391166,1
svm,both_lateral__B,both_lateral,B,9,210,0,-0.13155464637292733,0
svm,both_lateral__B,both_lateral,B,9,210,0,-0.22678194693892845,0
svm,both_lateral__B,both_lateral,B,9,210,0,0.1118160855469841,1
svm,both_lateral__B,both_lateral,B,9,210,0,0.13735725135984334,1
svm,both_lateral__B,both_lateral,B,9,210,0,0.05263279238803554,1
svm,both_lateral__B,both_lateral,B,9,210,0,0.25878787369182843,1
svm,both_lateral__B,both_lateral,B,9,210,0,-0.11953653889158805,0
svm,both_lateral__B,both_lateral,B,9,210,0,-0.07849085448624654,0
svm,both_lateral__B,both_lateral,B,9,210,0,-0.7848568467179896,0
svm,both_lateral__B,both_lateral,B,9,210,0,-0.7114246766537808,0
svm,both_lateral__B,both_lateral,B,9,210,0,0.35912638266171915,1
svm,both_lateral__B,both_lateral,B,9,210,0,0.2775323877443305,1
svm,both_lateral__B,both_lateral,B,9,210,0,-0.05777609415394349,0
svm,both_lateral__B,both_lateral,B,9,210,1,-0.4387826544322185,0
svm,both_lateral__B,both_lateral,B,9,210,1,0.10698367328311874,1
svm,both_lateral__B,both_lateral,B,9,210,1,0.1682405715933577,1
svm,both_lateral__B,both_lateral,B,9,210,1,-0.14167374157193488,0
svm,both_lateral__B,both_lateral,B,9,210,1,0.026606584026914133,1
svm,both_lateral__B,both_lateral,B,9,210,1,-0.008912477112541721,0
svm,both_lateral__B,both_lateral,B,9,210,1,-0.022199157122638,0
svm,both_lateral__B,both_lateral,B,9,210,1,0.2504626708578448,1
svm,both_lateral__B,both_lateral,B,9,210,1,-0.37776001189319036,0
svm,both_lateral__B,both_lateral,B,9,210,1,0.2998503595202015,1
svm,both_lateral__B,both_lateral,B,9,210,1,0.08529952865318041,1
svm,both_lateral__B,both_lateral,B,10,265,0,0.1724093071377479,1
svm,both_lateral__B,both_lateral,B,10,265,0,0.48751789477237345,1
svm,both_lateral__B,both_lateral,B,10,265,0,0.18273488622970677,1
svm,both_lateral__B,both_lateral,B,10,265,0,-0.5170393154980661,0
svm,both_lateral__B,both_lateral,B,10,265,0,-0.4252967234005372,0
svm,both_lateral__B,both_lateral,B,10,265,0,-0.13080697341905442,0
svm,both_lateral__B,both_lateral,B,10,265,0,0.14410304378670272,1
svm,both_lateral__B,both_lateral,B,10,265,0,-0.2441809793548597,0
svm,both_lateral__B,both_lateral,B,10,265,0,0.7368471593137846,1
svm,both_lateral__B,both_lateral,B,10,265,0,-0.326420676797327,0
svm,both_lateral__B,both_lateral,B,10,265,0,-0.26804132928969365,0
svm,both_lateral__B,both_lateral,B,10,265,0,-0.718402094096149,0
svm,both_lateral__B,both_lateral,B,10,265,0,-0.08002398550865823,0
svm,both_lateral__B,both_lateral,B,10,265,1,-0.3993302882702617,0
svm,both_lateral__B,both_lateral,B,10,265,1,-0.39283276541552103,0
svm,both_lateral__B,both_lateral,B,10,265,1,-0.4300814471952679,0
svm,both_lateral__B,both_lateral,B,10,265,1,-0.08136381237219588,0
svm,both_lateral__B,both_lateral,B,10,265,1,-0.5972250522677512,0
svm,both_lateral__B,both_lateral,B,10,265,1,0.001388217497846355,1
svm,both_lateral__B,both_lateral,B,10,265,1,-0.41663574685219273,0
svm,both_lateral__B,both_lateral,B,10,265,1,0.07599840540579549,1
svm,both_lateral__B,both_lateral,B,10,265,1,0.005922756690945868,1
svm,both_lateral__B,both_lateral,B,10,265,1,-0.041829409718521685,0
svm,both_lateral__B,both_lateral,B,10,265,1,0.1611655123224916,1
svm,both_lateral__C,both_lateral,C,1,249,0,-0.07474605310565177,0
svm,both_lateral__C,both_lateral,C,1,249,0,-0.0701396889851755,0
svm,both_lateral__C,both_lateral,C,1,249,0,0.15141624001622564,1
svm,both_lateral__C,both_lateral,C,1,249,0,-0.17151693489296177,0
svm,both_lateral__C,both_lateral,C,1,249,0,0.4720830240077638,1
svm,both_lateral__C,both_lateral,C,1,249,0,0.2545309153622427,1
svm,both_lateral__C,both_lateral,C,1,249,0,0.28911195196919526,1
svm,both_lateral__C,both_lateral,C,1,249,0,-0.14919546025461286,0
svm,both_lateral__C,both_lateral,C,1,249,0,0.13689186243656273,1
svm,both_lateral__C,both_lateral,C,1,249,0,-0.7809126611959795,0
svm,both_lateral__C,both_lateral,C,1,249,0,-0.2722761543268767,0
svm,both_lateral__C,both_lateral,C,1,249,0,0.28226272701706623,1
svm,both_lateral__C,both_lateral,C,1,249,0,-0.41436197195468927,0
svm,both_lateral__C,both_lateral,C,1,249,0,0.6385628227097413,1
svm,both_lateral__C,both_lateral,C,1,249,0,-0.7384938983518764,0
svm,both_lateral__C,both_lateral,C,1,249,1,-0.0311742842475404,0
svm,both_lateral__C,both_lateral,C,1,249,1,0.48466935780757836,1
svm,both_lateral__C,both_lateral,C,1,249,1,0.43368670504953377,1
svm,both_lateral__C,both_lateral,C,1,249,1,0.5979493187232499,1
svm,both_lateral__C,both_lateral,C,1,249,1,0.3600676339479343,1
svm,both_lateral__C,both_lateral,C,1,249,1,-0.03279483649540227,0
svm,both_lateral__C,both_lateral,C,1,249,1,0.37511622187590543,1
svm,both_lateral__C,both_lateral,C,1,249,1,-0.08939679473638723,0
svm,both_lateral__C,both_lateral,C,1,249,1,0.4071303479325157,1
svm,both_lateral__C,both_lateral,C,1,249,1,0.1334434850858037,1
svm,both_lateral__C,both_lateral,C,1,249,1,0.25860669151073523,1
svm,both_lateral__C,both_lateral,C,1,249,1,-0.09906343827502999,0
svm,both_lateral__C,both_lateral,C,1,249,1,0.6314021867556738,1
svm,both_lateral__C,both_lateral,C,1,249,1,0.05678141903723513,1
svm,both_lateral__C,both_lateral,C,1,249,1,0.03236709005602462,1
svm,both_lateral__C,both_lateral,C,1,249,1,0.7692067874787611,1
svm,both_lateral__C,both_lateral,C,1,249,1,0.6894935492731662,1
svm,both_lateral__C,both_lateral,C,2,219,0,0.2855211509605689,1
svm,both_lateral__C,both_lateral,C,2,219,0,0.2851462008675795,1
svm,both_lateral__C,both_lateral,C,2,219,0,0.5386448507324181,1
svm,both_lateral__C,both_lateral,C,2,219,0,0.8382811838150599,1
svm,both_lateral__C,both_lateral,C,2,219,0,0.3125706715881393,1
svm,both_lateral__C,both_lateral,C,2,219,0,0.9231174574142779,1
svm,both_lateral__C,both_lateral,C,2,219,0,-0.17078400982085648,0
svm,both_lateral__C,both_lateral,C,2,219,0,-0.7162706309927368,0
svm,both_lateral__C,both_lateral,C,2,219,0,0.7431083917804598,1
svm,both_lateral__C,both_lateral,C,2,219,0,-0.2926544186952698,0
svm,both_lateral__C,both_lateral,C,2,219,0,0.5059589165504034,1
svm,both_lateral__C,both_lateral,C,2,219,0,0.11535931806349511,1
svm,both_lateral__C,both_lateral,C,2,219,0,0.08358480532521359,1
svm,both_lateral__C,both_lateral,C,2,219,0,-0.16707078905667858,0
svm,both_lateral__C,both_lateral,C,2,219,1,0.5534745163852615,1
svm,both_lateral__C,both_lateral,C,2,219,1,1.2972158153300573,1
svm,both_lateral__C,both_lateral,C,2,219,1,1.0424851581122414,1
svm,both_lateral__C,both_lateral,C,2,219,1,0.8891164744816078,1
svm,both_lateral__C,both_lateral,C,2,219,1,1.269791794599853,1
svm,both_lateral__C,both_lateral,C,2,219,1,0.4385387529103405,1
svm,both_lateral__C,both_lateral,C,2,219,1,0.6433099580100778,1
svm,both_lateral__C,both_lateral,C,2,219,1,1.1079998451957505,1
svm,both_lateral__C,both_lateral,C,2,219,1,0.7372784027606246,1
svm,both_lateral__C,both_lateral,C,2,219,1,0.6499459406911051,1
svm,both_lateral__C,both_lateral,C,2,219,1,0.6414452338287695,1
svm,both_lateral__C,both_lateral,C,2,219,1,0.81666013465613,1
svm,both_lateral__C,both_lateral,C,2,219,1,0.25836539518847124,1
svm,both_lateral__C,both_lateral,C,2,219,1,0.3210350295001653,1
svm,both_lateral__C,both_lateral,C,2,219,1,0.5915129019750968,1
svm,both_lateral__C,both_lateral,C,2,219,1,0.8275135977496065,1
svm,both_lateral__C,both_lateral,C,3,313,0,0.3029483768423493,1
svm,both_lateral__C,both_lateral,C,3,313,0,0.03078072416087732,1
svm,both_lateral__C,both_lateral,C,3,313,0,0.397542465407169,1
svm,both_lateral__C,both_lateral,C,3,313,0,0.0700325113765124,1
svm,both_lateral__C,both_lateral,C,3,313,0,0.5781090300717423,1
svm,both_lateral__C,both_lateral,C,3,313,0,0.35319781010098916,1
svm,both_lateral__C,both_lateral,C,3,313,0,0.382667580455197,1
svm,both_lateral__C,both_lateral,C,3,313,0,0.2286958229180328,1
svm,both_lateral__C,both_lateral,C,3,313,0,0.5587990337257814,1
svm,both_lateral__C,both_lateral,C,3,313,0,0.1862267578717408,1
svm,both_lateral__C,both_lateral,C,3,313,0,-0.21865317391942585,0
svm,both_lateral__C,both_lateral,C,3,313,0,0.634458821047669,1
svm,both_lateral__C,both_lateral,C,3,313,0,0.41034034016282206,1
svm,both_lateral__C,both_lateral,C,3,313,0,0.4009077813373363,1
svm,both_lateral__C,both_lateral,C,3,313,0,0.4440309131635622,1
svm,both_lateral__C,both_lateral,C,3,313,1,-0.026141271162273716,0
svm,both_lateral__C,both_lateral,C,3,313,1,0.02461550603370541,1
svm,both_lateral__C,both_lateral,C,3,313,1,-0.11469320150191967,0
svm,both_lateral__C,both_lateral,C,3,313,1,0.1959677237102652,1
svm,both_lateral__C,both_lateral,C,3,313,1,0.5632188685159296,1
svm,both_lateral__C,both_lateral,C,3,313,1,0.7519611032212772,1
svm,both_lateral__C,both_lateral,C,3,313,1,0.6693187833829511,1
svm,both_lateral__C,both_lateral,C,3,313,1,0.26917870553471246,1
svm,both_lateral__C,both_lateral,C,3,313,1,-0.05773657943330138,0
svm,both_lateral__C,both_lateral,C,3,313,1,0.6966708606982588,1
svm,both_lateral__C,both_lateral,C,3,313,1,0.06367573717267323,1
svm,both_lateral__C,both_lateral,C,3,313,1,0.3873252818911016,1
svm,both_lateral__C,both_lateral,C,3,313,1,0.3229566910889923,1
svm,both_lateral__C,both_lateral,C,3,313,1,0.0767132644620726,1
svm,both_lateral__C,both_lateral,C,4,318,0,0.09818970145839905,1
svm,both_lateral__C,both_lateral,C,4,318,0,-0.6488573876708359,0
svm,both_lateral__C,both_lateral,C,4,318,0,-0.17890321724713482,0
svm,both_lateral__C,both_lateral,C,4,318,0,-0.12895655672552686,0
svm,both_lateral__C,both_lateral,C,4,318,0,-0.13574101499604962,0
svm,both_lateral__C,both_lateral,C,4,318,0,-0.6110154521475605,0
svm,both_lateral__C,both_lateral,C,4,318,0,-0.9057820399729861,0
svm,both_lateral__C,both_lateral,C,4,318,0,-0.7556488934684515,0
svm,both_lateral__C,both_lateral,C,4,318,0,-0.047955468047926095,0
svm,both_lateral__C,both_lateral,C,4,318,0,-0.4101893382747492,0
svm,both_lateral__C,both_lateral,C,4,318,0,-0.7985636008695238,0
svm,both_lateral__C,both_lateral,C,4,318,0,-0.5777916376437248,0
svm,both_lateral__C,both_lateral,C,4,318,0,-0.9502214804101676,0
svm,both_lateral__C,both_lateral,C,4,318,0,-0.5477723656390001,0
svm,both_lateral__C,both_lateral,C,4,318,1,-0.5792865818124161,0
svm,both_lateral__C,both_lateral,C,4,318,1,-0.044669766640510714,0
svm,both_lateral__C,both_lateral,C,4,318,1,-0.1616908452972982,0
svm,both_lateral__C,both_lateral,C,4,318,1,-0.08578207898595051,0
svm,both_lateral__C,both_lateral,C,4,318,1,0.01786835363821067,1
svm,both_lateral__C,both_lateral,C,4,318,1,-0.31828114396996837,0
svm,both_lateral__C,both_lateral,C,4,318,1,0.5861029029621543,1
svm,both_lateral__C,both_lateral,C,4,318,1,-0.30436454234242,0
svm,both_lateral__C,both_lateral,C,4,318,1,0.5789357398265957,1
svm,both_lateral__C,both_lateral,C,4,318,1,0.5478854647738597,1
svm,both_lateral__C,both_lateral,C,4,318,1,0.005223008751105693,1
svm,both_lateral__C,both_lateral,C,4,318,1,0.43726094021341555,1
svm,both_lateral__C,both_lateral,C,4,318,1,-0.08596347730866429,0
svm,both_lateral__C,both_lateral,C,4,318,1,-0.06139989126428512,0
svm,both_lateral__C,both_lateral,C,5,300,0,0.8227388650711579,1
svm,both_lateral__C,both_lateral,C,5,300,0,0.9199863539771426,1
svm,both_lateral__C,both_lateral,C,5,300,0,0.6831632388786072,1
svm,both_lateral__C,both_lateral,C,5,300,0,0.6919193025930548,1
svm,both_lateral__C,both_lateral,C,5,300,0,1.0591081575628094,1
svm,both_lateral__C,both_lateral,C,5,300,0,0.8817751914032,1
svm,both_lateral__C,both_lateral,C,5,300,0,0.6529273096467682,1
svm,both_lateral__C,both_lateral,C,5,300,0,1.1563042165585813,1
svm,both_lateral__C,both_lateral,C,5,300,0,0.6796891471912374,1
svm,both_lateral__C,both_lateral,C,5,300,0,0.6204707434392079,1
svm,both_lateral__C,both_lateral,C,5,300,0,0.5572542340373209,1
svm,both_lateral__C,both_lateral,C,5,300,0,0.5252753756607332,1
svm,both_lateral__C,both_lateral,C,5,300,0,0.8177662402775006,1
svm,both_lateral__C,both_lateral,C,5,300,0,0.7281465543279377,1
svm,both_lateral__C,both_lateral,C,5,300,1,0.6437725366594361,1
svm,both_lateral__C,both_lateral,C,5,300,1,0.5338534877539037,1
svm,both_lateral__C,both_lateral,C,5,300,1,0.94296269363627,1
svm,both_lateral__C,both_lateral,C,5,300,1,0.8981856074824031,1
svm,both_lateral__C,both_lateral,C,5,300,1,1.2750163978788822,1
svm,both_lateral__C,both_lateral,C,5,300,1,0.7270697530743676,1
svm,both_lateral__C,both_lateral,C,5,300,1,1.1116591167115557,1
svm,both_lateral__C,both_lateral,C,5,300,1,0.5654252821760662,1
svm,both_lateral__C,both_lateral,C,5,300,1,0.7157290942648027,1
svm,both_lateral__C,both_lateral,C,5,300,1,0.7055453234036889,1
svm,both_lateral__C,both_lateral,C,5,300,1,0.5893977073413331,1
svm,both_lateral__C,both_lateral,C,5,300,1,0.8859801017361942,1
svm,both_lateral__C,both_lateral,C,5,300,1,0.7267720121067086,1
svm,both_lateral__C,both_lateral,C,5,300,1,0.5277399480932364,1
svm,both_lateral__C,both_lateral,C,6,271,0,0.018807975141516886,1
svm,both_lateral__C,both_lateral,C,6,271,0,-0.554908352142373,0
svm,both_lateral__C,both_lateral,C,6,271,0,-0.6566269946450334,0
svm,both_lateral__C,both_lateral,C,6,271,0,-0.04478214886714796,0
svm,both_lateral__C,both_lateral,C,6,271,0,-0.3700763851009997,0
svm,both_lateral__C,both_lateral,C,6,271,0,-0.041975018274163445,0
svm,both_lateral__C,both_lateral,C,6,271,0,-0.5796306276474342,0
svm,both_lateral__C,both_lateral,C,6,271,0,-1.0866907435126514,0
svm,both_lateral__C,both_lateral,C,6,271,0,-1.238969121223899,0
svm,both_lateral__C,both_lateral,C,6,271,0,-0.102268426633048,0
svm,both_lateral__C,both_lateral,C,6,271,0,-0.37861704465910817,0
svm,both_lateral__C,both_lateral,C,6,271,0,0.05237618267766833,1
svm,both_lateral__C,both_lateral,C,6,271,0,-0.4482174054750787,0
svm,both_lateral__C,both_lateral,C,6,271,0,-1.05800187432257,0
svm,both_lateral__C,both_lateral,C,6,271,1,-0.3591735666894864,0
svm,both_lateral__C,both_lateral,C,6,271,1,0.017761970277011124,1
svm,both_lateral__C,both_lateral,C,6,271,1,-0.3662388219339275,0
svm,both_lateral__C,both_lateral,C,6,271,1,-0.22258301456739932,0
svm,both_lateral__C,both_lateral,C,6,271,1,-0.49587150588946927,0
svm,both_lateral__C,both_lateral,C,6,271,1,-0.5073107060812433,0
svm,both_lateral__C,both_lateral,C,6,271,1,0.11427426874575627,1
svm,both_lateral__C,both_lateral,C,6,271,1,-0.4259114863600476,0
svm,both_lateral__C,both_lateral,C,6,271,1,-0.05050429772305856,0
svm,both_lateral__C,both_lateral,C,6,271,1,-0.17164367472644693,0
svm,both_lateral__C,both_lateral,C,6,271,1,-0.8606114134244232,0
svm,both_lateral__C,both_lateral,C,6,271,1,-0.04751238765001983,0
svm,both_lateral__C,both_lateral,C,6,271,1,0.20702786420755218,1
svm,both_lateral__C,both_lateral,C,6,271,1,-0.033469541088892024,0
svm,both_lateral__C,both_lateral,C,7,251,0,-1.1244492223834528,0
svm,both_lateral__C,both_lateral,C,7,251,0,-0.7484055324950022,0
svm,both_lateral__C,both_lateral,C,7,251,0,-0.9649914151890119,0
svm,both_lateral__C,both_lateral,C,7,251,0,-0.9525273261095608,0
svm,both_lateral__C,both_lateral,C,7,251,0,-1.22827734893923,0
svm,both_lateral__C,both_lateral,C,7,251,0,-0.873750997765603,0
svm,both_lateral__C,both_lateral,C,7,251,0,-0.879595079114658,0
svm,both_lateral__C,both_lateral,C,7,251,0,-1.3079916897510604,0
svm,both_lateral__C,both_lateral,C,7,251,0,-1.0891391669026755,0
svm,both_lateral__C,both_lateral,C,7,251,0,-1.1087025584497399,0
svm,both_lateral__C,both_lateral,C,7,251,0,-0.9446495667747306,0
svm,both_lateral__C,both_lateral,C,7,251,0,-0.5601740241158046,0
svm,both_lateral__C,both_lateral,C,7,251,0,-0.5427568512662967,0
svm,both_lateral__C,both_lateral,C,7,251,0,-0.7049001807287973,0
svm,both_lateral__C,both_lateral,C,7,251,1,-0.5487120642035909,0
svm,both_lateral__C,both_lateral,C,7,251,1,-0.7795927822899548,0
svm,both_lateral__C,both_lateral,C,7,251,1,-0.5356800194047701,0
svm,both_lateral__C,both_lateral,C,7,251,1,-0.8154015801898006,0
svm,both_lateral__C,both_lateral,C,7,251,1,-0.7705858491100132,0
svm,both_lateral__C,both_lateral,C,7,251,1,-0.6958381576010362,0
svm,both_lateral__C,both_lateral,C,7,251,1,-0.653523464489422,0
svm,both_lateral__C,both_lateral,C,7,251,1,-0.919096960542659,0
svm,both_lateral__C,both_lateral,C,7,251,1,-0.4838517979934117,0
svm,both_lateral__C,both_lateral,C,7,251,1,-1.1406685007854103,0
svm,both_lateral__C,both_lateral,C,7,251,1,-0.8246874838688789,0
svm,both_lateral__C,both_lateral,C,7,251,1,-0.7341885410074318,0
svm,both_lateral__C,both_lateral,C,7,251,1,0.003563191266944196,1
svm,both_lateral__C,both_lateral,C,8,282,0,-1.2466750934098,0
svm,both_lateral__C,both_lateral,C,8,282,0,-0.6403036432475658,0
svm,both_lateral__C,both_lateral,C,8,282,0,-0.6071920359548313,0
svm,both_lateral__C,both_lateral,C,8,282,0,-1.271896964889863,0
svm,both_lateral__C,both_lateral,C,8,282,0,-1.0528554080251766,0
svm,both_lateral__C,both_lateral,C,8,282,0,-0.8262497158974262,0
svm,both_lateral__C,both_lateral,C,8,282,0,-0.9622094713200755,0
svm,both_lateral__C,both_lateral,C,8,282,0,-1.3026994409621142,0
svm,both_lateral__C,both_lateral,C,8,282,0,-0.9376642490791118,0
svm,both_lateral__C,both_lateral,C,8,282,0,-0.28719210354910985,0
svm,both_lateral__C,both_lateral,C,8,282,0,-0.5207487250708573,0
svm,both_lateral__C,both_lateral,C,8,282,0,-1.0176139766953274,0
svm,both_lateral__C,both_lateral,C,8,282,0,-0.5262912268883104,0
svm,both_lateral__C,both_lateral,C,8,282,0,-1.1234423862589498,0
svm,both_lateral__C,both_lateral,C,8,282,1,0.989855810225199,1
svm,both_lateral__C,both_lateral,C,8,282,1,0.5227885105289334,1
svm,both_lateral__C,both_lateral,C,8,282,1,0.790903570383592,1
svm,both_lateral__C,both_lateral,C,8,282,1,0.5879966511239646,1
svm,both_lateral__C,both_lateral,C,8,282,1,0.6083596926879892,1
svm,both_lateral__C,both_lateral,C,8,282,1,0.15439938939682765,1
svm,both_lateral__C,both_lateral,C,8,282,1,-0.3637439839266087,0
svm,both_lateral__C,both_lateral,C,8,282,1,0.0380635364306681,1
svm,both_lateral__C,both_lateral,C,8,282,1,0.4619201194899663,1
svm,both_lateral__C,both_lateral,C,8,282,1,0.3593607463852597,1
svm,both_lateral__C,both_lateral,C,8,282,1,0.26724679884049596,1
svm,both_lateral__C,both_lateral,C,9,210,0,0.3846504297607537,1
svm,both_lateral__C,both_lateral,C,9,210,0,-0.42760415271539076,0
svm,both_lateral__C,both_lateral,C,9,210,0,-0.25368245952193047,0
svm,both_lateral__C,both_lateral,C,9,210,0,0.06360622656590958,1
svm,both_lateral__C,both_lateral,C,9,210,0,-0.5213862045811242,0
svm,both_lateral__C,both_lateral,C,9,210,0,-0.2469945868240063,0
svm,both_lateral__C,both_lateral,C,9,210,0,0.010453468353805402,1
svm,both_lateral__C,both_lateral,C,9,210,0,-0.04495880578742736,0
svm,both_lateral__C,both_lateral,C,9,210,0,-0.2467394674523591,0
svm,both_lateral__C,both_lateral,C,9,210,0,-0.5643448764388989,0
svm,both_lateral__C,both_lateral,C,9,210,0,-0.45330172096500054,0
svm,both_lateral__C,both_lateral,C,9,210,0,0.05279503486876636,1
svm,both_lateral__C,both_lateral,C,9,210,0,-0.2606538750572587,0
svm,both_lateral__C,both_lateral,C,9,210,0,-0.09238188968437802,0
svm,both_lateral__C,both_lateral,C,9,210,1,0.18792602189325094,1
svm,both_lateral__C,both_lateral,C,9,210,1,0.38508600520598524,1
svm,both_lateral__C,both_lateral,C,9,210,1,0.7628100669981963,1
svm,both_lateral__C,both_lateral,C,9,210,1,0.18111961630577136,1
svm,both_lateral__C,both_lateral,C,9,210,1,0.6498599134507903,1
svm,both_lateral__C,both_lateral,C,9,210,1,0.7102048724808772,1
svm,both_lateral__C,both_lateral,C,9,210,1,0.5515523059122767,1
svm,both_lateral__C,both_lateral,C,9,210,1,0.7950103302400686,1
svm,both_lateral__C,both_lateral,C,9,210,1,0.07463255934222107,1
svm,both_lateral__C,both_lateral,C,9,210,1,0.5470203294514087,1
svm,both_lateral__C,both_lateral,C,9,210,1,0.7340387533398369,1
svm,both_lateral__C,both_lateral,C,10,265,0,-0.10434408302779764,0
svm,both_lateral__C,both_lateral,C,10,265,0,0.07042720699888308,1
svm,both_lateral__C,both_lateral,C,10,265,0,0.13958779615338932,1
svm,both_lateral__C,both_lateral,C,10,265,0,-0.8632432821085079,0
svm,both_lateral__C,both_lateral,C,10,265,0,-0.3411922351274587,0
svm,both_lateral__C,both_lateral,C,10,265,0,-0.3153918333248998,0
svm,both_lateral__C,both_lateral,C,10,265,0,-0.34107979006385114,0
svm,both_lateral__C,both_lateral,C,10,265,0,-0.5436494727092134,0
svm,both_lateral__C,both_lateral,C,10,265,0,0.21180846810297785,1
svm,both_lateral__C,both_lateral,C,10,265,0,-0.48730518771253317,0
svm,both_lateral__C,both_lateral,C,10,265,0,-0.23815804112820738,0
svm,both_lateral__C,both_lateral,C,10,265,0,-0.8615296193130689,0
svm,both_lateral__C,both_lateral,C,10,265,0,-0.30334420414465346,0
svm,both_lateral__C,both_lateral,C,10,265,1,-0.5692911008432588,0
svm,both_lateral__C,both_lateral,C,10,265,1,-0.6033462281226191,0
svm,both_lateral__C,both_lateral,C,10,265,1,-0.1276524733711597,0
svm,both_lateral__C,both_lateral,C,10,265,1,0.293277184893214,1
svm,both_lateral__C,both_lateral,C,10,265,1,-0.7391059160838807,0
svm,both_lateral__C,both_lateral,C,10,265,1,-0.34113930425990174,0
svm,both_lateral__C,both_lateral,C,10,265,1,-0.5041252361284944,0
svm,both_lateral__C,both_lateral,C,10,265,1,-0.1138342885631335,0
svm,both_lateral__C,both_lateral,C,10,265,1,0.029668203438466725,1
svm,both_lateral__C,both_lateral,C,10,265,1,0.023720857936407255,1
svm,both_lateral__C,both_lateral,C,10,265,1,-0.24986289135429224,0
svm,bis_quatro__A,bis_quatro,A,1,249,0,-1.441332389542196,0
svm,bis_quatro__A,bis_quatro,A,1,249,0,0.34772114133743304,1
svm,bis_quatro__A,bis_quatro,A,1,249,0,1.6101400288612044,1
svm,bis_quatro__A,bis_quatro,A,1,249,0,-0.620122545121389,0
svm,bis_quatro__A,bis_quatro,A,1,249,0,-1.5233254501045246,0
svm,bis_quatro__A,bis_quatro,A,1,249,0,-0.3978621086180802,0
svm,bis_quatro__A,bis_quatro,A,1,249,0,-1.0467006181984668,0
svm,bis_quatro__A,bis_quatro,A,1,249,0,-1.3379140718685558,0
svm,bis_quatro__A,bis_quatro,A,1,249,0,-1.4490310366390486,0
svm,bis_quatro__A,bis_quatro,A,1,249,0,-1.8729248346138614,0
svm,bis_quatro__A,bis_quatro,A,1,249,0,-1.8565412991127561,0
svm,bis_quatro__A,bis_quatro,A,1,249,0,-1.317516396342835,0
svm,bis_quatro__A,bis_quatro,A,1,249,0,1.127636133935406,1
svm,bis_quatro__A,bis_quatro,A,1,249,0,0.38435561790479156,1
svm,bis_quatro__A,bis_quatro,A,1,249,0,-1.6028317524884654,0
svm,bis_quatro__A,bis_quatro,A,1,249,1,0.22563097109578734,1
svm,bis_quatro__A,bis_quatro,A,1,249,1,-0.908488373806293,0
svm,bis_quatro__A,bis_quatro,A,1,249,1,0.606456055638795,1
svm,bis_quatro__A,bis_quatro,A,1,249,1,0.7140520076237862,1
svm,bis_quatro__A,bis_quatro,A,1,249,1,0.9530395093170108,1
svm,bis_quatro__A,bis_quatro,A,1,249,1,-1.1066478320050783,0
svm,bis_quatro__A,bis_quatro,A,1,249,1,-0.20001967272415466,0
svm,bis_quatro__A,bis_quatro,A,1,249,1,-0.2147658122565823,0
svm,bis_quatro__A,bis_quatro,A,1,249,1,0.6555796012622206,1
svm,bis_quatro__A,bis_quatro,A,1,249,1,-0.237367468119573,0
svm,bis_quatro__A,bis_quatro,A,1,249,1,-0.8667828164200571,0
svm,bis_quatro__A,bis_quatro,A,1,249,1,-0.7216243802005786,0
svm,bis_quatro__A,bis_quatro,A,1,249,1,0.3782765664179828,1
svm,bis_quatro__A,bis_quatro,A,1,249,1,-0.9946656081380358,0
svm,bis_quatro__A,bis_quatro,A,1,249,1,-0.24721510361271526,0
svm,bis_quatro__A,bis_quatro,A,1,249,1,-0.5681632752214169,0
svm,bis_quatro__A,bis_quatro,A,1,249,1,0.7698277059826908,1
svm,bis_quatro__A,bis_quatro,A,2,219,0,-0.021396722215367814,0
svm,bis_quatro__A,bis_quatro,A,2,219,0,0.052987136565593285,1
svm,bis_quatro__A,bis_quatro,A,2,219,0,0.8563361250486782,1
svm,bis_quatro__A,bis_quatro,A,2,219,0,0.7400163710845037,1
svm,bis_quatro__A,bis_quatro,A,2,219,0,1.0873357674226205,1
svm,bis_quatro__A,bis_quatro,A,2,219,0,1.1725654091236777,1
svm,bis_quatro__A,bis_quatro,A,2,219,0,0.34567495897788514,1
svm,bis_quatro__A,bis_quatro,A,2,219,0,-1.1130047825120868,0
svm,bis_quatro__A,bis_quatro,A,2,219,0,1.115194037103402,1
svm,bis_quatro__A,bis_quatro,A,2,219,0,-0.8933259025339275,0
svm,bis_quatro__A,bis_quatro,A,2,219,0,-0.8412207711361297,0
svm,bis_quatro__A,bis_quatro,A,2,219,0,-0.3851263692550118,0
svm,bis_quatro__A,bis_quatro,A,2,219,0,-1.266868647614725,0
svm,bis_quatro__A,bis_quatro,A,2,219,0,-0.4222768818741932,0
svm,bis_quatro__A,bis_quatro,A,2,219,1,-0.27165093237447974,0
svm,bis_quatro__A,bis_quatro,A,2,219,1,0.026229816494469316,1
svm,bis_quatro__A,bis_quatro,A,2,219,1,-0.2047664884010988,0
svm,bis_quatro__A,bis_quatro,A,2,219,1,0.49053891909200475,1
svm,bis_quatro__A,bis_quatro,A,2,219,1,0.004069702354896343,1
svm,bis_quatro__A,bis_quatro,A,2,219,1,-0.07500532228718282,0
svm,bis_quatro__A,bis_quatro,A,2,219,1,-0.20088333239088563,0
svm,bis_quatro__A,bis_quatro,A,2,219,1,0.6140764870123802,1
svm,bis_quatro__A,bis_quatro,A,2,219,1,0.13500704982624734,1
svm,bis_quatro__A,bis_quatro,A,2,219,1,0.49589249771044097,1
svm,bis_quatro__A,bis_quatro,A,2,219,1,-0.5782891943531698,0
svm,bis_quatro__A,bis_quatro,A,2,219,1,-0.4046749409887584,0
svm,bis_quatro__A,bis_quatro,A,2,219,1,0.8941503265868275,1
svm,bis_quatro__A,bis_quatro,A,2,219,1,-0.12617082447068884,0
svm,bis_quatro__A,bis_quatro,A,2,219,1,-0.36204968482916083,0
svm,bis_quatro__A,bis_quatro,A,2,219,1,0.21854329157214225,1
svm,bis_quatro__A,bis_quatro,A,3,313,0,0.998654603068095,1
svm,bis_quatro__A,bis_quatro,A,3,313,0,2.115618728167769,1
svm,bis_quatro__A,bis_quatro,A,3,313,0,2.2065321348791076,1
svm,bis_quatro__A,bis_quatro,A,3,313,0,0.8199305470731961,1
svm,bis_quatro__A,bis_quatro,A,3,313,0,0.02889110034032051,1
svm,bis_quatro__A,bis_quatro,A,3,313,0,2.1599587283966244,1
svm,bis_quatro__A,bis_quatro,A,3,313,0,1.9819548161025142,1
svm,bis_quatro__A,bis_quatro,A,3,313,0,1.1951846927063217,1
svm,bis_quatro__A,bis_quatro,A,3,313,0,2.3690130737879924,1
svm,bis_quatro__A,bis_quatro,A,3,313,0,1.9800682432333943,1
svm,bis_quatro__A,bis_quatro,A,3,313,0,2.7083503781465086,1
svm,bis_quatro__A,bis_quatro,A,3,313,0,1.879175984029512,1
svm,bis_quatro__A,bis_quatro,A,3,313,0,-0.1814389031261585,0
svm,bis_quatro__A,bis_quatro,A,3,313,0,2.2488302267730464,1
svm,bis_quatro__A,bis_quatro,A,3,313,0,1.2917736736913044,1
svm,bis_quatro__A,bis_quatro,A,3,313,1,-1.4247994540977487,0
svm,bis_quatro__A,bis_quatro,A,3,313,1,-1.6268330664132098,0
svm,bis_quatro__A,bis_quatro,A,3,313,1,-0.3462945612076014,0
svm,bis_quatro__A,bis_quatro,A,3,313,1,-0.04607217260648942,0
svm,bis_quatro__A,bis_quatro,A,3,313,1,-0.41099066450578703,0
svm,bis_quatro__A,bis_quatro,A,3,313,1,0.1824846698484761,1
svm,bis_quatro__A,bis_quatro,A,3,313,1,-0.8287042968371832,0
svm,bis_quatro__A,bis_quatro,A,3,313,1,2.2743576152133698,1
svm,bis_quatro__A,bis_quatro,A,3,313,1,0.8749446968583652,1
svm,bis_quatro__A,bis_quatro,A,3,313,1,-1.4811662221778221,0
svm,bis_quatro__A,bis_quatro,A,3,313,1,2.645650583792683,1
svm,bis_quatro__A,bis_quatro,A,3,313,1,1.6518009110944594,1
svm,bis_quatro__A,bis_quatro,A,3,313,1,2.245906304232829,1
svm,bis_quatro__A,bis_quatro,A,3,313,1,1.454984383772697,1
svm,bis_quatro__A,bis_quatro,A,4,318,0,0.031351814454696925,1
svm,bis_quatro__A,bis_quatro,A,4,318,0,-0.12541441212014237,0
svm,bis_quatro__A,bis_quatro,A,4,318,0,-0.20806346938920856,0
svm,bis_quatro__A,bis_quatro,A,4,318,0,0.04211764014067482,1
svm,bis_quatro__A,bis_quatro,A,4,318,0,0.9351630610958765,1
svm,bis_quatro__A,bis_quatro,A,4,318,0,-0.4923890967560979,0
svm,bis_quatro__A,bis_quatro,A,4,318,0,-0.1950342196118825,0
svm,bis_quatro__A,bis_quatro,A,4,318,0,-1.6174506868115854,0
svm,bis_quatro__A,bis_quatro,A,4,318,0,-1.1900343427559978,0
svm,bis_quatro__A,bis_quatro,A,4,318,0,-0.6365174609968416,0
svm,bis_quatro__A,bis_quatro,A,4,318,0,-1.0291309639698216,0
svm,bis_quatro__A,bis_quatro,A,4,318,0,-0.6858019342880552,0
svm,bis_quatro__A,bis_quatro,A,4,318,0,-1.4093745639658024,0
svm,bis_quatro__A,bis_quatro,A,4,318,0,-1.2953814695350656,0
svm,bis_quatro__A,bis_quatro,A,4,318,1,-1.0221227323295778,0
svm,bis_quatro__A,bis_quatro,A,4,318,1,-1.0833148485702395,0
svm,bis_quatro__A,bis_quatro,A,4,318,1,-0.9414564277315267,0
svm,bis_quatro__A,bis_quatro,A,4,318,1,-1.5721022591661167,0
svm,bis_quatro__A,bis_quatro,A,4,318,1,-0.3902938929273941,0
svm,bis_quatro__A,bis_quatro,A,4,318,1,-1.1526951507683072,0
svm,bis_quatro__A,bis_quatro,A,4,318,1,-0.12517461421380766,0
svm,bis_quatro__A,bis_quatro,A,4,318,1,-1.1603658185282268,0
svm,bis_quatro__A,bis_quatro,A,4,318,1,-0.2678859187617076,0
svm,bis_quatro__A,bis_quatro,A,4,318,1,-0.6247627236832622,0
svm,bis_quatro__A,bis_quatro,A,4,318,1,-0.9035190233800823,0
svm,bis_quatro__A,bis_quatro,A,4,318,1,-0.5788897052770652,0
svm,bis_quatro__A,bis_quatro,A,4,318,1,-0.6676962365475774,0
svm,bis_quatro__A,bis_quatro,A,4,318,1,-0.497426350237328,0
svm,bis_quatro__A,bis_quatro,A,5,300,0,-0.016344036822180885,0
svm,bis_quatro__A,bis_quatro,A,5,300,0,-0.23968946261214613,0
svm,bis_quatro__A,bis_quatro,A,5,300,0,0.17199892632647473,1
svm,bis_quatro__A,bis_quatro,A,5,300,0,0.2346520649165994,1
svm,bis_quatro__A,bis_quatro,A,5,300,0,-0.30197333673459525,0
svm,bis_quatro__A,bis_quatro,A,5,300,0,-0.13121501516747502,0
svm,bis_quatro__A,bis_quatro,A,5,300,0,-0.33307046336307944,0
svm,bis_quatro__A,bis_quatro,A,5,300,0,-0.11893247327143919,0
svm,bis_quatro__A,bis_quatro,A,5,300,0,-0.13604700310821682,0
svm,bis_quatro__A,bis_quatro,A,5,300,0,0.11673319018941697,1
svm,bis_quatro__A,bis_quatro,A,5,300,0,0.24102424682131174,1
svm,bis_quatro__A,bis_quatro,A,5,300,0,-0.4445755123258311,0
svm,bis_quatro__A,bis_quatro,A,5,300,0,-0.3169068305935316,0
svm,bis_quatro__A,bis_quatro,A,5,300,0,-0.1580251272119722,0
svm,bis_quatro__A,bis_quatro,A,5,300,1,-0.38000188236522964,0
svm,bis_quatro__A,bis_quatro,A,5,300,1,-0.28966109417139235,0
svm,bis_quatro__A,bis_quatro,A,5,300,1,-0.45662260651328485,0
svm,bis_quatro__A,bis_quatro,A,5,300,1,-0.4960789148277607,0
svm,bis_quatro__A,bis_quatro,A,5,300,1,-0.3702273884367552,0
svm,bis_quatro__A,bis_quatro,A,5,300,1,-0.43151932372590107,0
svm,bis_quatro__A,bis_quatro,A,5,300,1,-0.40026351980036745,0
svm,bis_quatro__A,bis_quatro,A,5,300,1,-0.3913718919446043,0
svm,bis_quatro__A,bis_quatro,A,5,300,1,-0.17812158149166402,0
svm,bis_quatro__A,bis_quatro,A,5,300,1,-0.30553071201413196,0
svm,bis_quatro__A,bis_quatro,A,5,300,1,-0.3218572582564822,0
svm,bis_quatro__A,bis_quatro,A,5,300,1,-0.3688996843113695,0
svm,bis_quatro__A,bis_quatro,A,5,300,1,-0.3443212589128032,0
svm,bis_quatro__A,bis_quatro,A,5,300,1,-0.42534190568102115,0
svm,bis_quatro__A,bis_quatro,A,6,271,0,0.8379000337779616,1
svm,bis_quatro__A,bis_quatro,A,6,271,0,-0.362147217141908,0
svm,bis_quatro__A,bis_quatro,A,6,271,0,-0.11695888150097722,0
svm,bis_quatro__A,bis_quatro,A,6,271,0,0.5945039202041944,1
svm,bis_quatro__A,bis_quatro,A,6,271,0,1.088338178934317,1
svm,bis_quatro__A,bis_quatro,A,6,271,0,0.9952975138713425,1
svm,bis_quatro__A,bis_quatro,A,6,271,0,0.2430891435601068,1
svm,bis_quatro__A,bis_quatro,A,6,271,0,-0.9134005447408493,0
svm,bis_quatro__A,bis_quatro,A,6,271,0,-0.8356878386364455,0
svm,bis_quatro__A,bis_quatro,A,6,271,0,-0.14672116920398753,0
svm,bis_quatro__A,bis_quatro,A,6,271,0,0.026238898656013587,1
svm,bis_quatro__A,bis_quatro,A,6,271,0,-0.5175970304541607,0
svm,bis_quatro__A,bis_quatro,A,6,271,0,-0.07364695421305517,0
svm,bis_quatro__A,bis_quatro,A,6,271,0,0.09852945325490092,1
svm,bis_quatro__A,bis_quatro,A,6,271,1,0.8070864624748422,1
svm,bis_quatro__A,bis_quatro,A,6,271,1,1.0922323208324967,1
svm,bis_quatro__A,bis_quatro,A,6,271,1,0.5926753296289193,1
svm,bis_quatro__A,bis_quatro,A,6,271,1,1.363550759747287,1
svm,bis_quatro__A,bis_quatro,A,6,271,1,0.5715551397535517,1
svm,bis_quatro__A,bis_quatro,A,6,271,1,0.763011853306018,1
svm,bis_quatro__A,bis_quatro,A,6,271,1,1.1951222903479042,1
svm,bis_quatro__A,bis_quatro,A,6,271,1,0.6198446807710001,1
svm,bis_quatro__A,bis_quatro,A,6,271,1,1.3938384169851539,1
svm,bis_quatro__A,bis_quatro,A,6,271,1,0.6283791060155071,1
svm,bis_quatro__A,bis_quatro,A,6,271,1,0.1880437338097657,1
svm,bis_quatro__A,bis_quatro,A,6,271,1,0.9267399422726277,1
svm,bis_quatro__A,bis_quatro,A,6,271,1,0.9645892366074995,1
svm,bis_quatro__A,bis_quatro,A,6,271,1,0.8731277995508704,1
svm,bis_quatro__A,bis_quatro,A,7,251,0,-1.403901231046797,0
svm,bis_quatro__A,bis_quatro,A,7,251,0,-0.8377234795758153,0
svm,bis_quatro__A,bis_quatro,A,7,251,0,-0.9083085929652327,0
svm,bis_quatro__A,bis_quatro,A,7,251,0,-1.2984187690733007,0
svm,bis_quatro__A,bis_quatro,A,7,251,0,-0.9434240217666032,0
svm,bis_quatro__A,bis_quatro,A,7,251,0,-1.1720737494482698,0
svm,bis_quatro__A,bis_quatro,A,7,251,0,-0.8475750284378563,0
svm,bis_quatro__A,bis_quatro,A,7,251,0,-1.0285448548081926,0
svm,bis_quatro__A,bis_quatro,A,7,251,0,-0.874817311346452,0
svm,bis_quatro__A,bis_quatro,A,7,251,0,-0.8938340748886675,0
svm,bis_quatro__A,bis_quatro,A,7,251,0,-0.884859662180818,0
svm,bis_quatro__A,bis_quatro,A,7,251,0,-0.5574648496719128,0
svm,bis_quatro__A,bis_quatro,A,7,251,0,-0.9574312264293319,0
svm,bis_quatro__A,bis_quatro,A,7,251,0,-0.7794163981498419,0
svm,bis_quatro__A,bis_quatro,A,7,251,1,-0.24438701792938922,0
svm,bis_quatro__A,bis_quatro,A,7,251,1,-0.868145782445285,0
svm,bis_quatro__A,bis_quatro,A,7,251,1,-0.3774867730180578,0
svm,bis_quatro__A,bis_quatro,A,7,251,1,-0.9105788428305097,0
svm,bis_quatro__A,bis_quatro,A,7,251,1,-0.9494677499294014,0
svm,bis_quatro__A,bis_quatro,A,7,251,1,-0.43055140474833486,0
svm,bis_quatro__A,bis_quatro,A,7,251,1,-0.9354049576568432,0
svm,bis_quatro__A,bis_quatro,A,7,251,1,-0.26589910558172136,0
svm,bis_quatro__A,bis_quatro,A,7,251,1,0.012774645096998771,1
svm,bis_quatro__A,bis_quatro,A,7,251,1,-0.843553864516488,0
svm,bis_quatro__A,bis_quatro,A,7,251,1,-1.199833948379905,0
svm,bis_quatro__A,bis_quatro,A,7,251,1,-0.7824630633096685,0
svm,bis_quatro__A,bis_quatro,A,7,251,1,-0.48508888558155233,0
svm,bis_quatro__A,bis_quatro,A,8,282,0,-1.4372525790818123,0
svm,bis_quatro__A,bis_quatro,A,8,282,0,-0.834781344361379,0
svm,bis_quatro__A,bis_quatro,A,8,282,0,-1.4486653507716996,0
svm,bis_quatro__A,bis_quatro,A,8,282,0,-1.5002141719379014,0
svm,bis_quatro__A,bis_quatro,A,8,282,0,-1.264212199825291,0
svm,bis_quatro__A,bis_quatro,A,8,282,0,-1.0401975105604548,0
svm,bis_quatro__A,bis_quatro,A,8,282,0,-1.007293939107713,0
svm,bis_quatro__A,bis_quatro,A,8,282,0,-1.1916220104549806,0
svm,bis_quatro__A,bis_quatro,A,8,282,0,-1.0567418709603613,0
svm,bis_quatro__A,bis_quatro,A,8,282,0,-1.4710019166228216,0
svm,bis_quatro__A,bis_quatro,A,8,282,0,-0.8888362048106776,0
svm,bis_quatro__A,bis_quatro,A,8,282,0,-1.5534388232572947,0
svm,bis_quatro__A,bis_quatro,A,8,282,0,-1.3842876993970616,0
svm,bis_quatro__A,bis_quatro,A,8,282,0,-0.7907977934547944,0
svm,bis_quatro__A,bis_quatro,A,8,282,1,1.3631441714697075,1
svm,bis_quatro__A,bis_quatro,A,8,282,1,1.310331660978941,1
svm,bis_quatro__A,bis_quatro,A,8,282,1,0.7058270683379674,1
svm,bis_quatro__A,bis_quatro,A,8,282,1,1.2410092745001347,1
svm,bis_quatro__A,bis_quatro,A,8,282,1,0.9986450710922176,1
svm,bis_quatro__A,bis_quatro,A,8,282,1,0.6636076090504436,1
svm,bis_quatro__A,bis_quatro,A,8,282,1,-0.4936285740963261,0
svm,bis_quatro__A,bis_quatro,A,8,282,1,1.2254870735145786,1
svm,bis_quatro__A,bis_quatro,A,8,282,1,1.2823044724123078,1
svm,bis_quatro__A,bis_quatro,A,8,282,1,0.98449794596609,1
svm,bis_quatro__A,bis_quatro,A,8,282,1,1.2741917191699428,1
svm,bis_quatro__A,bis_quatro,A,9,210,0,-0.8332095132172535,0
svm,bis_quatro__A,bis_quatro,A,9,210,0,-0.8939558637621077,0
svm,bis_quatro__A,bis_quatro,A,9,210,0,-0.04686555079927468,0
svm,bis_quatro__A,bis_quatro,A,9,210,0,0.25752082674200194,1
svm,bis_quatro__A,bis_quatro,A,9,210,0,-0.5924345587208599,0
svm,bis_quatro__A,bis_quatro,A,9,210,0,0.5774354620059454,1
svm,bis_quatro__A,bis_quatro,A,9,210,0,-1.0976788502086205,0
svm,bis_quatro__A,bis_quatro,A,9,210,0,-0.20229207652215492,0
svm,bis_quatro__A,bis_quatro,A,9,210,0,-0.7409151029418302,0
svm,bis_quatro__A,bis_quatro,A,9,210,0,-0.9121463730709484,0
svm,bis_quatro__A,bis_quatro,A,9,210,0,-0.7663352826500518,0
svm,bis_quatro__A,bis_quatro,A,9,210,0,-1.1634429928646972,0
svm,bis_quatro__A,bis_quatro,A,9,210,0,-1.1824420437069905,0
svm,bis_quatro__A,bis_quatro,A,9,210,0,-0.2962025692078306,0
svm,bis_quatro__A,bis_quatro,A,9,210,1,1.0143809654154186,1
svm,bis_quatro__A,bis_quatro,A,9,210,1,1.2631845250899174,1
svm,bis_quatro__A,bis_quatro,A,9,210,1,1.7179378241334708,1
svm,bis_quatro__A,bis_quatro,A,9,210,1,1.2745650123427488,1
svm,bis_quatro__A,bis_quatro,A,9,210,1,1.479769310603099,1
svm,bis_quatro__A,bis_quatro,A,9,210,1,1.1412519795586786,1
svm,bis_quatro__A,bis_quatro,A,9,210,1,0.39532744776947637,1
svm,bis_quatro__A,bis_quatro,A,9,210,1,-0.1566150436478313,0
svm,bis_quatro__A,bis_quatro,A,9,210,1,1.7653845404612007,1
svm,bis_quatro__A,bis_quatro,A,9,210,1,1.154900660598295,1
svm,bis_quatro__A,bis_quatro,A,9,210,1,0.9221625719390258,1
svm,bis_quatro__A,bis_quatro,A,10,265,0,-0.2377367119107323,0
svm,bis_quatro__A,bis_quatro,A,10,265,0,0.14640526715336033,1
svm,bis_quatro__A,bis_quatro,A,10,265,0,0.9888387238854888,1
svm,bis_quatro__A,bis_quatro,A,10,265,0,0.8020374136203166,1
svm,bis_quatro__A,bis_quatro,A,10,265,0,1.4563926984786604,1
svm,bis_quatro__A,bis_quatro,A,10,265,0,1.1219180317106088,1
svm,bis_quatro__A,bis_quatro,A,10,265,0,0.5594240689953669,1
svm,bis_quatro__A,bis_quatro,A,10,265,0,1.4977430225108592,1
svm,bis_quatro__A,bis_quatro,A,10,265,0,-0.09857250272866525,0
svm,bis_quatro__A,bis_quatro,A,10,265,0,0.5205616949133673,1
svm,bis_quatro__A,bis_quatro,A,10,265,0,0.6918978358443784,1
svm,bis_quatro__A,bis_quatro,A,10,265,0,-0.24942393126109802,0
svm,bis_quatro__A,bis_quatro,A,10,265,0,0.480295937568862,1
svm,bis_quatro__A,bis_quatro,A,10,265,1,0.20727535380291484,1
svm,bis_quatro__A,bis_quatro,A,10,265,1,0.6405661020259241,1
svm,bis_quatro__A,bis_quatro,A,10,265,1,1.745845540169527,1
svm,bis_quatro__A,bis_quatro,A,10,265,1,1.8395917765412633,1
svm,bis_quatro__A,bis_quatro,A,10,265,1,0.9635345104526911,1
svm,bis_quatro__A,bis_quatro,A,10,265,1,0.13492812557032807,1
svm,bis_quatro__A,bis_quatro,A,10,265,1,0.8230653509092787,1
svm,bis_quatro__A,bis_quatro,A,10,265,1,1.0630022494943436,1
svm,bis_quatro__A,bis_quatro,A,10,265,1,0.5791651988715096,1
svm,bis_quatro__A,bis_quatro,A,10,265,1,1.5136597162452916,1
svm,bis_quatro__A,bis_quatro,A,10,265,1,0.43245678274313337,1
svm,bis_quatro__B,bis_quatro,B,1,249,0,0.11502182082710914,1
svm,bis_quatro__B,bis_quatro,B,1,249,0,1.2649837527054737,1
svm,bis_quatro__B,bis_quatro,B,1,249,0,0.8131011799686982,1
svm,bis_quatro__B,bis_quatro,B,1,249,0,-0.0024607498259513055,0
svm,bis_quatro__B,bis_quatro,B,1,249,0,0.01909450865129185,1
svm,bis_quatro__B,bis_quatro,B,1,249,0,-1.0515899076282864,0
svm,bis_quatro__B,bis_quatro,B,1,249,0,-0.1864359015161044,0
svm,bis_quatro__B,bis_quatro,B,1,249,0,0.012601712719617394,1
svm,bis_quatro__B,bis_quatro,B,1,249,0,0.9237842788818708,1
svm,bis_quatro__B,bis_quatro,B,1,249,0,0.44475234861915275,1
svm,bis_quatro__B,bis_quatro,B,1,249,0,-0.6907626829272385,0
svm,bis_quatro__B,bis_quatro,B,1,249,0,-0.3348635537803178,0
svm,bis_quatro__B,bis_quatro,B,1,249,0,1.1146427804360093,1
svm,bis_quatro__B,bis_quatro,B,1,249,0,0.27356982325734236,1
svm,bis_quatro__B,bis_quatro,B,1,249,0,1.5733689225618617,1
svm,bis_quatro__B,bis_quatro,B,1,249,1,0.6007417422486184,1
svm,bis_quatro__B,bis_quatro,B,1,249,1,-1.5900477026245434,0
svm,bis_quatro__B,bis_quatro,B,1,249,1,1.1177407699729414,1
svm,bis_quatro__B,bis_quatro,B,1,249,1,-0.7583164473683621,0
svm,bis_quatro__B,bis_quatro,B,1,249,1,0.403535854023323,1
svm,bis_quatro__B,bis_quatro,B,1,249,1,-0.9879324085839621,0
svm,bis_quatro__B,bis_quatro,B,1,249,1,-1.2637163248134993,0
svm,bis_quatro__B,bis_quatro,B,1,249,1,-0.1959749356141411,0
svm,bis_quatro__B,bis_quatro,B,1,249,1,1.5054668166712653,1
svm,bis_quatro__B,bis_quatro,B,1,249,1,0.13869293924660536,1
svm,bis_quatro__B,bis_quatro,B,1,249,1,-0.15684575366796766,0
svm,bis_quatro__B,bis_quatro,B,1,249,1,-0.38414350926193636,0
svm,bis_quatro__B,bis_quatro,B,1,249,1,-0.5805370129675421,0
svm,bis_quatro__B,bis_quatro,B,1,249,1,-0.7814306075064054,0
svm,bis_quatro__B,bis_quatro,B,1,249,1,0.19147145267949178,1
svm,bis_quatro__B,bis_quatro,B,1,249,1,-0.13978693735504272,0
svm,bis_quatro__B,bis_quatro,B,1,249,1,0.2777399175717692,1
svm,bis_quatro__B,bis_quatro,B,2,219,0,0.6414794839149467,1
svm,bis_quatro__B,bis_quatro,B,2,219,0,-0.8583616880480232,0
svm,bis_quatro__B,bis_quatro,B,2,219,0,0.06859252875940919,1
svm,bis_quatro__B,bis_quatro,B,2,219,0,-0.19352086804468635,0
svm,bis_quatro__B,bis_quatro,B,2,219,0,-0.6844633190690351,0
svm,bis_quatro__B,bis_quatro,B,2,219,0,1.1078335217341115,1
svm,bis_quatro__B,bis_quatro,B,2,219,0,0.08533073830708418,1
svm,bis_quatro__B,bis_quatro,B,2,219,0,0.09686101255533519,1
svm,bis_quatro__B,bis_quatro,B,2,219,0,-0.3732744099249883,0
svm,bis_quatro__B,bis_quatro,B,2,219,0,0.6997507296052565,1
svm,bis_quatro__B,bis_quatro,B,2,219,0,0.45068955101975783,1
svm,bis_quatro__B,bis_quatro,B,2,219,0,0.43904001298096385,1
svm,bis_quatro__B,bis_quatro,B,2,219,0,-0.6055660961138273,0
svm,bis_quatro__B,bis_quatro,B,2,219,0,0.3911177870164908,1
svm,bis_quatro__B,bis_quatro,B,2,219,1,0.6280870240287261,1
svm,bis_quatro__B,bis_quatro,B,2,219,1,0.3703121699821289,1
svm,bis_quatro__B,bis_quatro,B,2,219,1,1.0760600596212277,1
svm,bis_quatro__B,bis_quatro,B,2,219,1,0.3254598041758882,1
svm,bis_quatro__B,bis_quatro,B,2,219,1,0.6158654107786232,1
svm,bis_quatro__B,bis_quatro,B,2,219,1,0.41121098970873793,1
svm,bis_quatro__B,bis_quatro,B,2,219,1,-0.8124020160219246,0
svm,bis_quatro__B,bis_quatro,B,2,219,1,1.2021535419921903,1
svm,bis_quatro__B,bis_quatro,B,2,219,1,-0.6869086876314354,0
svm,bis_quatro__B,bis_quatro,B,2,219,1,0.4988887774897841,1
svm,bis_quatro__B,bis_quatro,B,2,219,1,0.09229169821336372,1
svm,bis_quatro__B,bis_quatro,B,2,219,1,0.3805388640274311,1
svm,bis_quatro__B,bis_quatro,B,2,219,1,0.0031821999132777487,1
svm,bis_quatro__B,bis_quatro,B,2,219,1,0.15399642831589566,1
svm,bis_quatro__B,bis_quatro,B,2,219,1,0.5884482805125509,1
svm,bis_quatro__B,bis_quatro,B,2,219,1,0.5170814616554266,1
svm,bis_quatro__B,bis_quatro,B,3,313,0,-0.3593891187960425,0
svm,bis_quatro__B,bis_quatro,B,3,313,0,0.007199392202520527,1
svm,bis_quatro__B,bis_quatro,B,3,313,0,0.02989056104989879,1
svm,bis_quatro__B,bis_quatro,B,3,313,0,-0.01594938385563721,0
svm,bis_quatro__B,bis_quatro,B,3,313,0,0.06723659905551252,1
svm,bis_quatro__B,bis_quatro,B,3,313,0,0.7998778618730088,1
svm,bis_quatro__B,bis_quatro,B,3,313,0,0.23267924724862507,1
svm,bis_quatro__B,bis_quatro,B,3,313,0,-0.5092790540494888,0
svm,bis_quatro__B,bis_quatro,B,3,313,0,0.7892074840101261,1
svm,bis_quatro__B,bis_quatro,B,3,313,0,0.029207096125935944,1
svm,bis_quatro__B,bis_quatro,B,3,313,0,0.08855970415802131,1
svm,bis_quatro__B,bis_quatro,B,3,313,0,0.1581066780838453,1
svm,bis_quatro__B,bis_quatro,B,3,313,0,0.07745942650365958,1
svm,bis_quatro__B,bis_quatro,B,3,313,0,-0.31902758588877633,0
svm,bis_quatro__B,bis_quatro,B,3,313,0,-0.0848893457733928,0
svm,bis_quatro__B,bis_quatro,B,3,313,1,0.5950418136942812,1
svm,bis_quatro__B,bis_quatro,B,3,313,1,0.10179828159865215,1
svm,bis_quatro__B,bis_quatro,B,3,313,1,-1.213627268726102,0
svm,bis_quatro__B,bis_quatro,B,3,313,1,-0.5776419620915589,0
svm,bis_quatro__B,bis_quatro,B,3,313,1,-0.7718114346198175,0
svm,bis_quatro__B,bis_quatro,B,3,313,1,0.39560737775795385,1
svm,bis_quatro__B,bis_quatro,B,3,313,1,-0.6417708872385058,0
svm,bis_quatro__B,bis_quatro,B,3,313,1,-0.10095616398614063,0
svm,bis_quatro__B,bis_quatro,B,3,313,1,-0.45993388517116485,0
svm,bis_quatro__B,bis_quatro,B,3,313,1,0.08143306132842312,1
svm,bis_quatro__B,bis_quatro,B,3,313,1,0.29241989540173496,1
svm,bis_quatro__B,bis_quatro,B,3,313,1,-0.14665297718541756,0
svm,bis_quatro__B,bis_quatro,B,3,313,1,0.10224943629347102,1
svm,bis_quatro__B,bis_quatro,B,3,313,1,-0.5701816695894005,0
svm,bis_quatro__B,bis_quatro,B,4,318,0,-0.29359176419238225,0
svm,bis_quatro__B,bis_quatro,B,4,318,0,-0.3742227356061417,0
svm,bis_quatro__B,bis_quatro,B,4,318,0,0.3960584927568866,1
svm,bis_quatro__B,bis_quatro,B,4,318,0,0.15957958025165722,1
svm,bis_quatro__B,bis_quatro,B,4,318,0,-0.514466612423665,0
svm,bis_quatro__B,bis_quatro,B,4,318,0,-0.251165827888166,0
svm,bis_quatro__B,bis_quatro,B,4,318,0,-0.368129922042549,0
svm,bis_quatro__B,bis_quatro,B,4,318,0,0.03489049598156899,1
svm,bis_quatro__B,bis_quatro,B,4,318,0,0.43613617650885644,1
svm,bis_quatro__B,bis_quatro,B,4,318,0,-0.9134811716569458,0
svm,bis_quatro__B,bis_quatro,B,4,318,0,-0.20184931982438606,0
svm,bis_quatro__B,bis_quatro,B,4,318,0,0.5930901831267328,1
svm,bis_quatro__B,bis_quatro,B,4,318,0,0.20817894393593925,1
svm,bis_quatro__B,bis_quatro,B,4,318,0,0.5606814321688784,1
svm,bis_quatro__B,bis_quatro,B,4,318,1,-0.3065295282118614,0
svm,bis_quatro__B,bis_quatro,B,4,318,1,-0.21620625443281774,0
svm,bis_quatro__B,bis_quatro,B,4,318,1,-0.7984594366437714,0
svm,bis_quatro__B,bis_quatro,B,4,318,1,-0.08806965961184413,0
svm,bis_quatro__B,bis_quatro,B,4,318,1,-0.9102384449929697,0
svm,bis_quatro__B,bis_quatro,B,4,318,1,-0.2074020158274951,0
svm,bis_quatro__B,bis_quatro,B,4,318,1,-0.5114224028753525,0
svm,bis_quatro__B,bis_quatro,B,4,318,1,0.2865927620927865,1
svm,bis_quatro__B,bis_quatro,B,4,318,1,0.6050346519716061,1
svm,bis_quatro__B,bis_quatro,B,4,318,1,-0.8401071770669952,0
svm,bis_quatro__B,bis_quatro,B,4,318,1,-0.08940577029179203,0
svm,bis_quatro__B,bis_quatro,B,4,318,1,-0.8220930636026175,0
svm,bis_quatro__B,bis_quatro,B,4,318,1,0.24063390546901534,1
svm,bis_quatro__B,bis_quatro,B,4,318,1,-0.43193803483443016,0
svm,bis_quatro__B,bis_quatro,B,5,300,0,-0.5330178397128265,0
svm,bis_quatro__B,bis_quatro,B,5,300,0,0.36063607130954745,1
svm,bis_quatro__B,bis_quatro,B,5,300,0,0.23802870966685663,1
svm,bis_quatro__B,bis_quatro,B,5,300,0,-0.24438974756443044,0
svm,bis_quatro__B,bis_quatro,B,5,300,0,-0.04212455617272941,0
svm,bis_quatro__B,bis_quatro,B,5,300,0,-0.11637947409894207,0
svm,bis_quatro__B,bis_quatro,B,5,300,0,0.533283437776939,1
svm,bis_quatro__B,bis_quatro,B,5,300,0,0.5071402190636803,1
svm,bis_quatro__B,bis_quatro,B,5,300,0,0.3519809892450452,1
svm,bis_quatro__B,bis_quatro,B,5,300,0,-0.5509814400398698,0
svm,bis_quatro__B,bis_quatro,B,5,300,0,-0.801885608036191,0
svm,bis_quatro__B,bis_quatro,B,5,300,0,0.6879061007155941,1
svm,bis_quatro__B,bis_quatro,B,5,300,0,0.8386854776966137,1
svm,bis_quatro__B,bis_quatro,B,5,300,0,-0.13014263827440314,0
svm,bis_quatro__B,bis_quatro,B,5,300,1,0.39539196003342547,1
svm,bis_quatro__B,bis_quatro,B,5,300,1,-0.06002428018207713,0
svm,bis_quatro__B,bis_quatro,B,5,300,1,1.2622898528258535,1
svm,bis_quatro__B,bis_quatro,B,5,300,1,-0.4529143519340607,0
svm,bis_quatro__B,bis_quatro,B,5,300,1,-0.4330385222777571,0
svm,bis_quatro__B,bis_quatro,B,5,300,1,0.5562393679975131,1
svm,bis_quatro__B,bis_quatro,B,5,300,1,0.883705805580768,1
svm,bis_quatro__B,bis_quatro,B,5,300,1,-0.3675126430973693,0
svm,bis_quatro__B,bis_quatro,B,5,300,1,-0.11020841641143282,0
svm,bis_quatro__B,bis_quatro,B,5,300,1,0.16685628444714817,1
svm,bis_quatro__B,bis_quatro,B,5,300,1,0.8167293493193492,1
svm,bis_quatro__B,bis_quatro,B,5,300,1,-0.5987584400364409,0
svm,bis_quatro__B,bis_quatro,B,5,300,1,-0.03967899005597002,0
svm,bis_quatro__B,bis_quatro,B,5,300,1,-0.4767983627690466,0
svm,bis_quatro__B,bis_quatro,B,6,271,0,0.6102001477715455,1
svm,bis_quatro__B,bis_quatro,B,6,271,0,-0.37238504844558873,0
svm,bis_quatro__B,bis_quatro,B,6,271,0,0.41689490078109487,1
svm,bis_quatro__B,bis_quatro,B,6,271,0,-0.7970108561761604,0
svm,bis_quatro__B,bis_quatro,B,6,271,0,1.1213651797291009,1
svm,bis_quatro__B,bis_quatro,B,6,271,0,-0.21799049496952227,0
svm,bis_quatro__B,bis_quatro,B,6,271,0,0.1293467563947974,1
svm,bis_quatro__B,bis_quatro,B,6,271,0,-0.259789371028899,0
svm,bis_quatro__B,bis_quatro,B,6,271,0,0.44215971723263353,1
svm,bis_quatro__B,bis_quatro,B,6,271,0,0.6943248252663343,1
svm,bis_quatro__B,bis_quatro,B,6,271,0,-0.6680862353301127,0
svm,bis_quatro__B,bis_quatro,B,6,271,0,-0.4643393369807202,0
svm,bis_quatro__B,bis_quatro,B,6,271,0,-0.16087173573921623,0
svm,bis_quatro__B,bis_quatro,B,6,271,0,0.2380719727215841,1
svm,bis_quatro__B,bis_quatro,B,6,271,1,1.0697065713088696,1
svm,bis_quatro__B,bis_quatro,B,6,271,1,-0.7873031260165102,0
svm,bis_quatro__B,bis_quatro,B,6,271,1,-0.1299572622339318,0
svm,bis_quatro__B,bis_quatro,B,6,271,1,0.6217811758354561,1
svm,bis_quatro__B,bis_quatro,B,6,271,1,-1.0005642659293885,0
svm,bis_quatro__B,bis_quatro,B,6,271,1,-0.8950301686578996,0
svm,bis_quatro__B,bis_quatro,B,6,271,1,0.7199153145691597,1
svm,bis_quatro__B,bis_quatro,B,6,271,1,-0.3118533220733578,0
svm,bis_quatro__B,bis_quatro,B,6,271,1,-0.18037324661422555,0
svm,bis_quatro__B,bis_quatro,B,6,271,1,-0.034451837582174336,0
svm,bis_quatro__B,bis_quatro,B,6,271,1,-0.4088192783996036,0
svm,bis_quatro__B,bis_quatro,B,6,271,1,-0.7501492511166497,0
svm,bis_quatro__B,bis_quatro,B,6,271,1,-0.5753183720865365,0
svm,bis_quatro__B,bis_quatro,B,6,271,1,-0.29416884187274595,0
svm,bis_quatro__B,bis_quatro,B,7,251,0,-0.7987524941859702,0
svm,bis_quatro__B,bis_quatro,B,7,251,0,0.9891801542063255,1
svm,bis_quatro__B,bis_quatro,B,7,251,0,0.04089787179733664,1
svm,bis_quatro__B,bis_quatro,B,7,251,0,0.18987715101553085,1
svm,bis_quatro__B,bis_quatro,B,7,251,0,-0.39339455424244363,0
svm,bis_quatro__B,bis_quatro,B,7,251,0,0.1328208281561075,1
svm,bis_quatro__B,bis_quatro,B,7,251,0,-0.42713746416349185,0
svm,bis_quatro__B,bis_quatro,B,7,251,0,-0.8361558640198171,0
svm,bis_quatro__B,bis_quatro,B,7,251,0,0.0069330656568533655,1
svm,bis_quatro__B,bis_quatro,B,7,251,0,-0.8049535804311737,0
svm,bis_quatro__B,bis_quatro,B,7,251,0,0.04585198616268085,1
svm,bis_quatro__B,bis_quatro,B,7,251,0,-0.5455207207444334,0
svm,bis_quatro__B,bis_quatro,B,7,251,0,0.897711235354621,1
svm,bis_quatro__B,bis_quatro,B,7,251,0,-0.15977341794774869,0
svm,bis_quatro__B,bis_quatro,B,7,251,1,-1.411321830387883,0
svm,bis_quatro__B,bis_quatro,B,7,251,1,-0.5131019369013273,0
svm,bis_quatro__B,bis_quatro,B,7,251,1,-0.3877892274657351,0
svm,bis_quatro__B,bis_quatro,B,7,251,1,-0.7171614876365021,0
svm,bis_quatro__B,bis_quatro,B,7,251,1,-0.712082453428359,0
svm,bis_quatro__B,bis_quatro,B,7,251,1,0.3217088754065216,1
svm,bis_quatro__B,bis_quatro,B,7,251,1,0.4199029414340585,1
svm,bis_quatro__B,bis_quatro,B,7,251,1,0.039389260179116786,1
svm,bis_quatro__B,bis_quatro,B,7,251,1,-0.9729353379832466,0
svm,bis_quatro__B,bis_quatro,B,7,251,1,0.2525995104779608,1
svm,bis_quatro__B,bis_quatro,B,7,251,1,0.028247277555317515,1
svm,bis_quatro__B,bis_quatro,B,7,251,1,-0.17352374228232606,0
svm,bis_quatro__B,bis_quatro,B,7,251,1,0.16598388154622093,1
svm,bis_quatro__B,bis_quatro,B,8,282,0,-0.4814394053107651,0
svm,bis_quatro__B,bis_quatro,B,8,282,0,-0.6250516407777359,0
svm,bis_quatro__B,bis_quatro,B,8,282,0,-0.004285699640260376,0
svm,bis_quatro__B,bis_quatro,B,8,282,0,0.3926844951094823,1
svm,bis_quatro__B,bis_quatro,B,8,282,0,0.2076200085544389,1
svm,bis_quatro__B,bis_quatro,B,8,282,0,0.5204065587561474,1
svm,bis_quatro__B,bis_quatro,B,8,282,0,-0.31126314527495724,0
svm,bis_quatro__B,bis_quatro,B,8,282,0,0.8855374353797723,1
svm,bis_quatro__B,bis_quatro,B,8,282,0,-0.12111581167741549,0
svm,bis_quatro__B,bis_quatro,B,8,282,0,0.6229405335609205,1
svm,bis_quatro__B,bis_quatro,B,8,282,0,0.3186542422804405,1
svm,bis_quatro__B,bis_quatro,B,8,282,0,0.2457890359703641,1
svm,bis_quatro__B,bis_quatro,B,8,282,0,0.14706965981345577,1
svm,bis_quatro__B,bis_quatro,B,8,282,0,0.003232133064668727,1
svm,bis_quatro__B,bis_quatro,B,8,282,1,0.8978352251621525,1
svm,bis_quatro__B,bis_quatro,B,8,282,1,0.2917998831388887,1
svm,bis_quatro__B,bis_quatro,B,8,282,1,-0.7013056823236933,0
svm,bis_quatro__B,bis_quatro,B,8,282,1,-0.504244565250985,0
svm,bis_quatro__B,bis_quatro,B,8,282,1,0.2695544363375863,1
svm,bis_quatro__B,bis_quatro,B,8,282,1,0.6339208238992038,1
svm,bis_quatro__B,bis_quatro,B,8,282,1,0.08752861799230004,1
svm,bis_quatro__B,bis_quatro,B,8,282,1,-0.8850696523132755,0
svm,bis_quatro__B,bis_quatro,B,8,282,1,0.8261476263817162,1
svm,bis_quatro__B,bis_quatro,B,8,282,1,0.31614667173260297,1
svm,bis_quatro__B,bis_quatro,B,8,282,1,-0.5833428318717552,0
svm,bis_quatro__B,bis_quatro,B,9,210,0,-0.41387319446794957,0
svm,bis_quatro__B,bis_quatro,B,9,210,0,0.21985122116266653,1
svm,bis_quatro__B,bis_quatro,B,9,210,0,-0.5203744426321375,0
svm,bis_quatro__B,bis_quatro,B,9,210,0,-0.06971506880103803,0
svm,bis_quatro__B,bis_quatro,B,9,210,0,-1.1168633909163495,0
svm,bis_quatro__B,bis_quatro,B,9,210,0,-1.0198583352615433,0
svm,bis_quatro__B,bis_quatro,B,9,210,0,0.27130275331611414,1
svm,bis_quatro__B,bis_quatro,B,9,210,0,0.9178046111204228,1
svm,bis_quatro__B,bis_quatro,B,9,210,0,-0.17746603288197008,0
svm,bis_quatro__B,bis_quatro,B,9,210,0,0.5188111200931702,1
svm,bis_quatro__B,bis_quatro,B,9,210,0,-0.2908101585692152,0
svm,bis_quatro__B,bis_quatro,B,9,210,0,-0.29281419891469873,0
svm,bis_quatro__B,bis_quatro,B,9,210,0,1.1145165174634715,1
svm,bis_quatro__B,bis_quatro,B,9,210,0,0.2754900428057095,1
svm,bis_quatro__B,bis_quatro,B,9,210,1,0.49553033999796653,1
svm,bis_quatro__B,bis_quatro,B,9,210,1,-0.40650447742673845,0
svm,bis_quatro__B,bis_quatro,B,9,210,1,0.3862516778811396,1
svm,bis_quatro__B,bis_quatro,B,9,210,1,0.361269346093616,1
svm,bis_quatro__B,bis_quatro,B,9,210,1,-0.21228151091840522,0
svm,bis_quatro__B,bis_quatro,B,9,210,1,-0.5802568140309246,0
svm,bis_quatro__B,bis_quatro,B,9,210,1,-0.13988996771836737,0
svm,bis_quatro__B,bis_quatro,B,9,210,1,-0.06497487109930289,0
svm,bis_quatro__B,bis_quatro,B,9,210,1,-0.04214975809449567,0
svm,bis_quatro__B,bis_quatro,B,9,210,1,0.9451447290119206,1
svm,bis_quatro__B,bis_quatro,B,9,210,1,-0.1395521941054766,0
svm,bis_quatro__B,bis_quatro,B,10,265,0,-0.7935585899996447,0
svm,bis_quatro__B,bis_quatro,B,10,265,0,-0.39352912708700355,0
svm,bis_quatro__B,bis_quatro,B,10,265,0,0.40392655775333575,1
svm,bis_quatro__B,bis_quatro,B,10,265,0,-0.8878109170287651,0
svm,bis_quatro__B,bis_quatro,B,10,265,0,-0.36453156608749454,0
svm,bis_quatro__B,bis_quatro,B,10,265,0,-0.8996012237327046,0
svm,bis_quatro__B,bis_quatro,B,10,265,0,0.053411833398367234,1
svm,bis_quatro__B,bis_quatro,B,10,265,0,-0.608301474408507,0
svm,bis_quatro__B,bis_quatro,B,10,265,0,0.14522282343025045,1
svm,bis_quatro__B,bis_quatro,B,10,265,0,-0.4305832884990779,0
svm,bis_quatro__B,bis_quatro,B,10,265,0,0.10836947309334859,1
svm,bis_quatro__B,bis_quatro,B,10,265,0,-0.3158859647765846,0
svm,bis_quatro__B,bis_quatro,B,10,265,0,-0.8787916210400767,0
svm,bis_quatro__B,bis_quatro,B,10,265,1,0.7227697042077085,1
svm,bis_quatro__B,bis_quatro,B,10,265,1,0.4588470155728237,1
svm,bis_quatro__B,bis_quatro,B,10,265,1,0.4995266692882631,1
svm,bis_quatro__B,bis_quatro,B,10,265,1,0.8204549867567537,1
svm,bis_quatro__B,bis_quatro,B,10,265,1,-0.1538681436192036,0
svm,bis_quatro__B,bis_quatro,B,10,265,1,0.5796005206225212,1
svm,bis_quatro__B,bis_quatro,B,10,265,1,0.02827710340850175,1
svm,bis_quatro__B,bis_quatro,B,10,265,1,0.7023573389525691,1
svm,bis_quatro__B,bis_quatro,B,10,265,1,0.6875436732049314,1
svm,bis_quatro__B,bis_quatro,B,10,265,1,-0.4390900964172179,0
svm,bis_quatro__B,bis_quatro,B,10,265,1,-0.19438786164042154,0
svm,bis_quatro__C,bis_quatro,C,1,249,0,-0.5650506631679065,0
svm,bis_quatro__C,bis_quatro,C,1,249,0,1.1131257071158622,1
svm,bis_quatro__C,bis_quatro,C,1,249,0,1.8831127707290747,1
svm,bis_quatro__C,bis_quatro,C,1,249,0,-1.4309124344977475,0
svm,bis_quatro__C,bis_quatro,C,1,249,0,-0.7331042425672742,0
svm,bis_quatro__C,bis_quatro,C,1,249,0,-0.3550558244754335,0
svm,bis_quatro__C,bis_quatro,C,1,249,0,-0.34403997736070513,0
svm,bis_quatro__C,bis_quatro,C,1,249,0,-0.7016573843650709,0
svm,bis_quatro__C,bis_quatro,C,1,249,0,-0.9885622369537945,0
svm,bis_quatro__C,bis_quatro,C,1,249,0,-1.593277303147181,0
svm,bis_quatro__C,bis_quatro,C,1,249,0,-2.0227106197386693,0
svm,bis_quatro__C,bis_quatro,C,1,249,0,-0.14842247473099968,0
svm,bis_quatro__C,bis_quatro,C,1,249,0,0.8831055059075086,1
svm,bis_quatro__C,bis_quatro,C,1,249,0,0.804854413569078,1
svm,bis_quatro__C,bis_quatro,C,1,249,0,-1.3636207442954666,0
svm,bis_quatro__C,bis_quatro,C,1,249,1,0.7715992510930416,1
svm,bis_quatro__C,bis_quatro,C,1,249,1,-0.9999906920699373,0
svm,bis_quatro__C,bis_quatro,C,1,249,1,0.2766880168937049,1
svm,bis_quatro__C,bis_quatro,C,1,249,1,0.7783416392355107,1
svm,bis_quatro__C,bis_quatro,C,1,249,1,0.2290143948745189,1
svm,bis_quatro__C,bis_quatro,C,1,249,1,-1.4874406749134288,0
svm,bis_quatro__C,bis_quatro,C,1,249,1,-1.1169876473497347,0
svm,bis_quatro__C,bis_quatro,C,1,249,1,-0.07198605791862411,0
svm,bis_quatro__C,bis_quatro,C,1,249,1,2.034348107430258,1
svm,bis_quatro__C,bis_quatro,C,1,249,1,-0.12257649038044721,0
svm,bis_quatro__C,bis_quatro,C,1,249,1,-1.3122940908038974,0
svm,bis_quatro__C,bis_quatro,C,1,249,1,-0.5674445364781434,0
svm,bis_quatro__C,bis_quatro,C,1,249,1,-0.3176556321400492,0
svm,bis_quatro__C,bis_quatro,C,1,249,1,-0.5703619760652396,0
svm,bis_quatro__C,bis_quatro,C,1,249,1,0.032396332064341116,1
svm,bis_quatro__C,bis_quatro,C,1,249,1,-0.24129982505236264,0
svm,bis_quatro__C,bis_quatro,C,1,249,1,0.42418062812486657,1
svm,bis_quatro__C,bis_quatro,C,2,219,0,0.849479323331257,1
svm,bis_quatro__C,bis_quatro,C,2,219,0,0.09751254154473749,1
svm,bis_quatro__C,bis_quatro,C,2,219,0,0.3978792714782453,1
svm,bis_quatro__C,bis_quatro,C,2,219,0,0.48806912228459964,1
svm,bis_quatro__C,bis_quatro,C,2,219,0,0.44505811803879447,1
svm,bis_quatro__C,bis_quatro,C,2,219,0,1.0766794978132017,1
svm,bis_quatro__C,bis_quatro,C,2,219,0,0.33801848138942936,1
svm,bis_quatro__C,bis_quatro,C,2,219,0,-1.2819234297050492,0
svm,bis_quatro__C,bis_quatro,C,2,219,0,0.8607201218085607,1
svm,bis_quatro__C,bis_quatro,C,2,219,0,-0.7689133142285982,0
svm,bis_quatro__C,bis_quatro,C,2,219,0,-0.37391711683607387,0
svm,bis_quatro__C,bis_quatro,C,2,219,0,0.6150625969399148,1
svm,bis_quatro__C,bis_quatro,C,2,219,0,-1.2860166282903975,0
svm,bis_quatro__C,bis_quatro,C,2,219,0,-1.0894916374919856,0
svm,bis_quatro__C,bis_quatro,C,2,219,1,0.6591881453663566,1
svm,bis_quatro__C,bis_quatro,C,2,219,1,0.7724806602838761,1
svm,bis_quatro__C,bis_quatro,C,2,219,1,0.48949490115073235,1
svm,bis_quatro__C,bis_quatro,C,2,219,1,0.17953081794685255,1
svm,bis_quatro__C,bis_quatro,C,2,219,1,0.0438700431848314,1
svm,bis_quatro__C,bis_quatro,C,2,219,1,-0.03229005331875523,0
svm,bis_quatro__C,bis_quatro,C,2,219,1,0.07513676253339857,1
svm,bis_quatro__C,bis_quatro,C,2,219,1,0.9129207154807113,1
svm,bis_quatro__C,bis_quatro,C,2,219,1,-0.1408558415666724,0
svm,bis_quatro__C,bis_quatro,C,2,219,1,0.4820837955709901,1
svm,bis_quatro__C,bis_quatro,C,2,219,1,-0.9575587286506221,0
svm,bis_quatro__C,bis_quatro,C,2,219,1,-0.5683417341282949,0
svm,bis_quatro__C,bis_quatro,C,2,219,1,0.993022537253943,1
svm,bis_quatro__C,bis_quatro,C,2,219,1,1.2987379756314845,1
svm,bis_quatro__C,bis_quatro,C,2,219,1,0.2883854691368415,1
svm,bis_quatro__C,bis_quatro,C,2,219,1,-0.37254829627151387,0
svm,bis_quatro__C,bis_quatro,C,3,313,0,0.022089491062220745,1
svm,bis_quatro__C,bis_quatro,C,3,313,0,0.7004384286379444,1
svm,bis_quatro__C,bis_quatro,C,3,313,0,0.5515167294957928,1
svm,bis_quatro__C,bis_quatro,C,3,313,0,0.12130849574411345,1
svm,bis_quatro__C,bis_quatro,C,3,313,0,0.33249455614068185,1
svm,bis_quatro__C,bis_quatro,C,3,313,0,0.8755619499633502,1
svm,bis_quatro__C,bis_quatro,C,3,313,0,0.30512724310610323,1
svm,bis_quatro__C,bis_quatro,C,3,313,0,0.21346507866374526,1
svm,bis_quatro__C,bis_quatro,C,3,313,0,0.5222803622974488,1
svm,bis_quatro__C,bis_quatro,C,3,313,0,0.22074715047399734,1
svm,bis_quatro__C,bis_quatro,C,3,313,0,0.24914393014603414,1
svm,bis_quatro__C,bis_quatro,C,3,313,0,-0.12114001110091105,0
svm,bis_quatro__C,bis_quatro,C,3,313,0,0.36367420204489026,1
svm,bis_quatro__C,bis_quatro,C,3,313,0,0.43736635796876516,1
svm,bis_quatro__C,bis_quatro,C,3,313,0,0.453784528335533,1
svm,bis_quatro__C,bis_quatro,C,3,313,1,0.4973195919292524,1
svm,bis_quatro__C,bis_quatro,C,3,313,1,0.23380413759678936,1
svm,bis_quatro__C,bis_quatro,C,3,313,1,-0.5940397254735851,0
svm,bis_quatro__C,bis_quatro,C,3,313,1,-0.28158337120332305,0
svm,bis_quatro__C,bis_quatro,C,3,313,1,0.45988764548157385,1
svm,bis_quatro__C,bis_quatro,C,3,313,1,0.4485348932415785,1
svm,bis_quatro__C,bis_quatro,C,3,313,1,0.5351772136768547,1
svm,bis_quatro__C,bis_quatro,C,3,313,1,0.6379433233307603,1
svm,bis_quatro__C,bis_quatro,C,3,313,1,0.5181146857866732,1
svm,bis_quatro__C,bis_quatro,C,3,313,1,0.353389889815884,1
svm,bis_quatro__C,bis_quatro,C,3,313,1,-0.11488293957579243,0
svm,bis_quatro__C,bis_quatro,C,3,313,1,0.1459058431180988,1
svm,bis_quatro__C,bis_quatro,C,3,313,1,0.2689131135493629,1
svm,bis_quatro__C,bis_quatro,C,3,313,1,0.6170373365377968,1
svm,bis_quatro__C,bis_quatro,C,4,318,0,0.31380208601800097,1
svm,bis_quatro__C,bis_quatro,C,4,318,0,-0.0400661839853991,0
svm,bis_quatro__C,bis_quatro,C,4,318,0,-0.3015934168662141,0
svm,bis_quatro__C,bis_quatro,C,4,318,0,0.3906463219790097,1
svm,bis_quatro__C,bis_quatro,C,4,318,0,0.9442676641497337,1
svm,bis_quatro__C,bis_quatro,C,4,318,0,0.06543360947475407,1
svm,bis_quatro__C,bis_quatro,C,4,318,0,-0.3931449080169839,0
svm,bis_quatro__C,bis_quatro,C,4,318,0,-1.8269254646878634,0
svm,bis_quatro__C,bis_quatro,C,4,318,0,-0.7809192850783585,0
svm,bis_quatro__C,bis_quatro,C,4,318,0,-1.2371614947463994,0
svm,bis_quatro__C,bis_quatro,C,4,318,0,-1.0061353277052785,0
svm,bis_quatro__C,bis_quatro,C,4,318,0,-0.8542598011753016,0
svm,bis_quatro__C,bis_quatro,C,4,318,0,-0.6060962131039024,0
svm,bis_quatro__C,bis_quatro,C,4,318,0,-0.5820807248654614,0
svm,bis_quatro__C,bis_quatro,C,4,318,1,-0.7299999897478644,0
svm,bis_quatro__C,bis_quatro,C,4,318,1,0.10154996037960667,1
svm,bis_quatro__C,bis_quatro,C,4,318,1,-1.25172756215122,0
svm,bis_quatro__C,bis_quatro,C,4,318,1,-0.8252075884901152,0
svm,bis_quatro__C,bis_quatro,C,4,318,1,-0.7727118722476938,0
svm,bis_quatro__C,bis_quatro,C,4,318,1,-0.7435350843057309,0
svm,bis_quatro__C,bis_quatro,C,4,318,1,-0.31547738431657246,0
svm,bis_quatro__C,bis_quatro,C,4,318,1,-1.489468434742108,0
svm,bis_quatro__C,bis_quatro,C,4,318,1,-0.137881542071968,0
svm,bis_quatro__C,bis_quatro,C,4,318,1,-0.9385111828403795,0
svm,bis_quatro__C,bis_quatro,C,4,318,1,-0.8240764709029496,0
svm,bis_quatro__C,bis_quatro,C,4,318,1,-0.9062953555103892,0
svm,bis_quatro__C,bis_quatro,C,4,318,1,-0.44072782850170267,0
svm,bis_quatro__C,bis_quatro,C,4,318,1,-0.5520286224913702,0
svm,bis_quatro__C,bis_quatro,C,5,300,0,0.26350877285597485,1
svm,bis_quatro__C,bis_quatro,C,5,300,0,0.19533910428908963,1
svm,bis_quatro__C,bis_quatro,C,5,300,0,0.8214772617285123,1
svm,bis_quatro__C,bis_quatro,C,5,300,0,0.5816592656071279,1
svm,bis_quatro__C,bis_quatro,C,5,300,0,0.28381749879383034,1
svm,bis_quatro__C,bis_quatro,C,5,300,0,0.32206978437081957,1
svm,bis_quatro__C,bis_quatro,C,5,300,0,-0.036664901003559125,0
svm,bis_quatro__C,bis_quatro,C,5,300,0,0.6279440617494733,1
svm,bis_quatro__C,bis_quatro,C,5,300,0,0.6613098715338749,1
svm,bis_quatro__C,bis_quatro,C,5,300,0,0.259133403733823,1
svm,bis_quatro__C,bis_quatro,C,5,300,0,0.33258634343463545,1
svm,bis_quatro__C,bis_quatro,C,5,300,0,0.14133852476966013,1
svm,bis_quatro__C,bis_quatro,C,5,300,0,0.11331030484913562,1
svm,bis_quatro__C,bis_quatro,C,5,300,0,0.04762185435261379,1
svm,bis_quatro__C,bis_quatro,C,5,300,1,-0.17167753834154292,0
svm,bis_quatro__C,bis_quatro,C,5,300,1,0.30110586539717876,1
svm,bis_quatro__C,bis_quatro,C,5,300,1,0.30966404234519174,1
svm,bis_quatro__C,bis_quatro,C,5,300,1,0.12917744412297227,1
svm,bis_quatro__C,bis_quatro,C,5,300,1,0.1475416992988483,1
svm,bis_quatro__C,bis_quatro,C,5,300,1,0.12403811592922798,1
svm,bis_quatro__C,bis_quatro,C,5,300,1,0.1940123785546829,1
svm,bis_quatro__C,bis_quatro,C,5,300,1,-0.25037370220037874,0
svm,bis_quatro__C,bis_quatro,C,5,300,1,0.38370185178802985,1
svm,bis_quatro__C,bis_quatro,C,5,300,1,0.03235015560377985,1
svm,bis_quatro__C,bis_quatro,C,5,300,1,0.24947679911644438,1
svm,bis_quatro__C,bis_quatro,C,5,300,1,0.15425054189171916,1
svm,bis_quatro__C,bis_quatro,C,5,300,1,0.04373999778215909,1
svm,bis_quatro__C,bis_quatro,C,5,300,1,0.04298023669143258,1
svm,bis_quatro__C,bis_quatro,C,6,271,0,1.1817027944737306,1
svm,bis_quatro__C,bis_quatro,C,6,271,0,-0.48029390773310554,0
svm,bis_quatro__C,bis_quatro,C,6,271,0,0.3261705803395905,1
svm,bis_quatro__C,bis_quatro,C,6,271,0,0.43841053596746,1
svm,bis_quatro__C,bis_quatro,C,6,271,0,1.260004451972086,1
svm,bis_quatro__C,bis_quatro,C,6,271,0,0.5818983358253502,1
svm,bis_quatro__C,bis_quatro,C,6,271,0,0.3742727018705378,1
svm,bis_quatro__C,bis_quatro,C,6,271,0,-0.6570280633624475,0
svm,bis_quatro__C,bis_quatro,C,6,271,0,-1.0267587574543116,0
svm,bis_quatro__C,bis_quatro,C,6,271,0,0.8622991699729565,1
svm,bis_quatro__C,bis_quatro,C,6,271,0,-0.22941612172924689,0
svm,bis_quatro__C,bis_quatro,C,6,271,0,-0.29031374034113805,0
svm,bis_quatro__C,bis_quatro,C,6,271,0,-0.1469239607271062,0
svm,bis_quatro__C,bis_quatro,C,6,271,0,0.32600654478797325,1
svm,bis_quatro__C,bis_quatro,C,6,271,1,1.0136941573547051,1
svm,bis_quatro__C,bis_quatro,C,6,271,1,0.41572615015197095,1
svm,bis_quatro__C,bis_quatro,C,6,271,1,0.2861632830673427,1
svm,bis_quatro__C,bis_quatro,C,6,271,1,1.406869908211607,1
svm,bis_quatro__C,bis_quatro,C,6,271,1,-0.17126752253971309,0
svm,bis_quatro__C,bis_quatro,C,6,271,1,-0.3775443321639894,0
svm,bis_quatro__C,bis_quatro,C,6,271,1,0.9444942685112074,1
svm,bis_quatro__C,bis_quatro,C,6,271,1,-0.002646834024376543,0
svm,bis_quatro__C,bis_quatro,C,6,271,1,0.8065810257591541,1
svm,bis_quatro__C,bis_quatro,C,6,271,1,0.2579999036177139,1
svm,bis_quatro__C,bis_quatro,C,6,271,1,0.02919238681129821,1
svm,bis_quatro__C,bis_quatro,C,6,271,1,0.07236892524630456,1
svm,bis_quatro__C,bis_quatro,C,6,271,1,0.8171615704402186,1
svm,bis_quatro__C,bis_quatro,C,6,271,1,0.35034142891932013,1
svm,bis_quatro__C,bis_quatro,C,7,251,0,-1.2369301670550852,0
svm,bis_quatro__C,bis_quatro,C,7,251,0,-0.6633093133409352,0
svm,bis_quatro__C,bis_quatro,C,7,251,0,-0.9912168870491231,0
svm,bis_quatro__C,bis_quatro,C,7,251,0,-0.9926310863665213,0
svm,bis_quatro__C,bis_quatro,C,7,251,0,-0.8017563886750516,0
svm,bis_quatro__C,bis_quatro,C,7,251,0,-1.1413271095817257,0
svm,bis_quatro__C,bis_quatro,C,7,251,0,-0.9676366708807982,0
svm,bis_quatro__C,bis_quatro,C,7,251,0,-1.1759963457295848,0
svm,bis_quatro__C,bis_quatro,C,7,251,0,-0.8114391627154887,0
svm,bis_quatro__C,bis_quatro,C,7,251,0,-0.7186969875523691,0
svm,bis_quatro__C,bis_quatro,C,7,251,0,-0.8203990578123828,0
svm,bis_quatro__C,bis_quatro,C,7,251,0,-0.5003918284325725,0
svm,bis_quatro__C,bis_quatro,C,7,251,0,-0.5297880409720206,0
svm,bis_quatro__C,bis_quatro,C,7,251,0,-0.7834377933225356,0
svm,bis_quatro__C,bis_quatro,C,7,251,1,-0.9661051171327266,0
svm,bis_quatro__C,bis_quatro,C,7,251,1,-1.0173778367524453,0
svm,bis_quatro__C,bis_quatro,C,7,251,1,-0.2996992604828646,0
svm,bis_quatro__C,bis_quatro,C,7,251,1,-1.2910317338690238,0
svm,bis_quatro__C,bis_quatro,C,7,251,1,-0.9905926970840173,0
svm,bis_quatro__C,bis_quatro,C,7,251,1,0.14232273580229443,1
svm,bis_quatro__C,bis_quatro,C,7,251,1,-0.5347192240403731,0
svm,bis_quatro__C,bis_quatro,C,7,251,1,-0.3210411286863143,0
svm,bis_quatro__C,bis_quatro,C,7,251,1,-0.6033161460692982,0
svm,bis_quatro__C,bis_quatro,C,7,251,1,-0.8622497099783378,0
svm,bis_quatro__C,bis_quatro,C,7,251,1,-0.8529601566700927,0
svm,bis_quatro__C,bis_quatro,C,7,251,1,-0.23098361069286838,0
svm,bis_quatro__C,bis_quatro,C,7,251,1,-0.1934684116876317,0
svm,bis_quatro__C,bis_quatro,C,8,282,0,-1.1483503713186292,0
svm,bis_quatro__C,bis_quatro,C,8,282,0,-0.9464093315157582,0
svm,bis_quatro__C,bis_quatro,C,8,282,0,-1.0128042670893258,0
svm,bis_quatro__C,bis_quatro,C,8,282,0,-1.2088787363114943,0
svm,bis_quatro__C,bis_quatro,C,8,282,0,-0.9964205944294577,0
svm,bis_quatro__C,bis_quatro,C,8,282,0,-0.8101087206864842,0
svm,bis_quatro__C,bis_quatro,C,8,282,0,-1.2017557740504488,0
svm,bis_quatro__C,bis_quatro,C,8,282,0,-0.8791121388102482,0
svm,bis_quatro__C,bis_quatro,C,8,282,0,-0.6961580443100461,0
svm,bis_quatro__C,bis_quatro,C,8,282,0,-1.172580196930251,0
svm,bis_quatro__C,bis_quatro,C,8,282,0,-0.5733525954132805,0
svm,bis_quatro__C,bis_quatro,C,8,282,0,-0.583326408476535,0
svm,bis_quatro__C,bis_quatro,C,8,282,0,-1.2389547396797174,0
svm,bis_quatro__C,bis_quatro,C,8,282,0,-0.9818788237414505,0
svm,bis_quatro__C,bis_quatro,C,8,282,1,1.692689994377814,1
svm,bis_quatro__C,bis_quatro,C,8,282,1,0.9691364931801805,1
svm,bis_quatro__C,bis_quatro,C,8,282,1,0.3236317430564476,1
svm,bis_quatro__C,bis_quatro,C,8,282,1,0.2341212359563244,1
svm,bis_quatro__C,bis_quatro,C,8,282,1,1.0591791488841014,1
svm,bis_quatro__C,bis_quatro,C,8,282,1,0.876919260160502,1
svm,bis_quatro__C,bis_quatro,C,8,282,1,-0.3613088423364458,0
svm,bis_quatro__C,bis_quatro,C,8,282,1,0.6566529345631367,1
svm,bis_quatro__C,bis_quatro,C,8,282,1,1.0529617288274937,1
svm,bis_quatro__C,bis_quatro,C,8,282,1,0.6627081381820608,1
svm,bis_quatro__C,bis_quatro,C,8,282,1,0.9291465521003559,1
svm,bis_quatro__C,bis_quatro,C,9,210,0,-1.0989418289073238,0
svm,bis_quatro__C,bis_quatro,C,9,210,0,-1.0075316140671615,0
svm,bis_quatro__C,bis_quatro,C,9,210,0,-0.8804164639425573,0
svm,bis_quatro__C,bis_quatro,C,9,210,0,-0.32630230853010744,0
svm,bis_quatro__C,bis_quatro,C,9,210,0,-1.2909632753664901,0
svm,bis_quatro__C,bis_quatro,C,9,210,0,-0.44188982033352564,0
svm,bis_quatro__C,bis_quatro,C,9,210,0,-0.9052424366758122,0
svm,bis_quatro__C,bis_quatro,C,9,210,0,0.535031444272623,1
svm,bis_quatro__C,bis_quatro,C,9,210,0,-0.4423514360306121,0
svm,bis_quatro__C,bis_quatro,C,9,210,0,-0.5326266315068734,0
svm,bis_quatro__C,bis_quatro,C,9,210,0,-1.1407629053477606,0
svm,bis_quatro__C,bis_quatro,C,9,210,0,-1.1064346843038924,0
svm,bis_quatro__C,bis_quatro,C,9,210,0,-0.45413991400537423,0
svm,bis_quatro__C,bis_quatro,C,9,210,0,-0.40638043560547793,0
svm,bis_quatro__C,bis_quatro,C,9,210,1,0.7773696528577103,1
svm,bis_quatro__C,bis_quatro,C,9,210,1,0.10657371343549121,1
svm,bis_quatro__C,bis_quatro,C,9,210,1,1.832711907645617,1
svm,bis_quatro__C,bis_quatro,C,9,210,1,0.9479717346448908,1
svm,bis_quatro__C,bis_quatro,C,9,210,1,0.8749696091215944,1
svm,bis_quatro__C,bis_quatro,C,9,210,1,-0.49354525332784926,0
svm,bis_quatro__C,bis_quatro,C,9,210,1,0.2078584677319854,1
svm,bis_quatro__C,bis_quatro,C,9,210,1,-0.057185738574377365,0
svm,bis_quatro__C,bis_quatro,C,9,210,1,0.6222703288701223,1
svm,bis_quatro__C,bis_quatro,C,9,210,1,0.7577022117435401,1
svm,bis_quatro__C,bis_quatro,C,9,210,1,0.5417406112787095,1
svm,bis_quatro__C,bis_quatro,C,10,265,0,0.022304306270712726,1
svm,bis_quatro__C,bis_quatro,C,10,265,0,-0.16902002093679644,0
svm,bis_quatro__C,bis_quatro,C,10,265,0,0.8229571724150411,1
svm,bis_quatro__C,bis_quatro,C,10,265,0,-0.025367526813505875,0
svm,bis_quatro__C,bis_quatro,C,10,265,0,1.0328332855602258,1
svm,bis_quatro__C,bis_quatro,C,10,265,0,0.22827187800474824,1
svm,bis_quatro__C,bis_quatro,C,10,265,0,0.5838204647281138,1
svm,bis_quatro__C,bis_quatro,C,10,265,0,0.3693519729829846,1
svm,bis_quatro__C,bis_quatro,C,10,265,0,0.18342150363670728,1
svm,bis_quatro__C,bis_quatro,C,10,265,0,0.5086311015965705,1
svm,bis_quatro__C,bis_quatro,C,10,265,0,0.6593764935351081,1
svm,bis_quatro__C,bis_quatro,C,10,265,0,-0.11902348945401792,0
svm,bis_quatro__C,bis_quatro,C,10,265,0,0.37909947779386366,1
svm,bis_quatro__C,bis_quatro,C,10,265,1,0.4316722609333279,1
svm,bis_quatro__C,bis_quatro,C,10,265,1,0.5549026803432013,1
svm,bis_quatro__C,bis_quatro,C,10,265,1,1.383470121213953,1
svm,bis_quatro__C,bis_quatro,C,10,265,1,1.6144560370515393,1
svm,bis_quatro__C,bis_quatro,C,10,265,1,0.6083295006847753,1
svm,bis_quatro__C,bis_quatro,C,10,265,1,0.40561575087787227,1
svm,bis_quatro__C,bis_quatro,C,10,265,1,0.6519857999137755,1
svm,bis_quatro__C,bis_quatro,C,10,265,1,0.9787888759326979,1
svm,bis_quatro__C,bis_quatro,C,10,265,1,0.9830687345344769,1
svm,bis_quatro__C,bis_quatro,C,10,265,1,0.8969272906629564,1
svm,bis_quatro__C,bis_quatro,C,10,265,1,0.22603298510382652,1
xgb,left_lateral__A,left_lateral,A,1,249,0,0.0012316468637436628,0
xgb,left_lateral__A,left_lateral,A,1,249,0,0.23217974603176117,0
xgb,left_lateral__A,left_lateral,A,1,249,0,0.9614360928535461,1
xgb,left_lateral__A,left_lateral,A,1,249,0,0.1058211624622345,0
xgb,left_lateral__A,left_lateral,A,1,249,0,0.007592197507619858,0
xgb,left_lateral__A,left_lateral,A,1,249,0,0.9194993376731873,1
xgb,left_lateral__A,left_lateral,A,1,249,0,0.005369164980947971,0
xgb,left_lateral__A,left_lateral,A,1,249,0,0.005012954585254192,0
xgb,left_lateral__A,left_lateral,A,1,249,0,0.03654853254556656,0
xgb,left_lateral__A,left_lateral,A,1,249,0,0.003323792479932308,0
xgb,left_lateral__A,left_lateral,A,1,249,0,0.009009812958538532,0
xgb,left_lateral__A,left_lateral,A,1,249,0,0.5892592668533325,1
xgb,left_lateral__A,left_lateral,A,1,249,0,0.6127260327339172,1
xgb,left_lateral__A,left_lateral,A,1,249,0,0.9990575909614563,1
xgb,left_lateral__A,left_lateral,A,1,249,0,0.0022175509948283434,0
xgb,left_lateral__A,left_lateral,A,1,249,1,0.5580886602401733,1
xgb,left_lateral__A,left_lateral,A,1,249,1,0.5535750985145569,1
xgb,left_lateral__A,left_lateral,A,1,249,1,0.9959011673927307,1
xgb,left_lateral__A,left_lateral,A,1,249,1,0.9889273643493652,1
xgb,left_lateral__A,left_lateral,A,1,249,1,0.8770877718925476,1
xgb,left_lateral__A,left_lateral,A,1,249,1,0.7101684808731079,1
xgb,left_lateral__A,left_lateral,A,1,249,1,0.82551509141922,1
xgb,left_lateral__A,left_lateral,A,1,249,1,0.9085977673530579,1
xgb,left_lateral__A,left_lateral,A,1,249,1,0.9824934005737305,1
xgb,left_lateral__A,left_lateral,A,1,249,1,0.9806179404258728,1
xgb,left_lateral__A,left_lateral,A,1,249,1,0.14087136089801788,0
xgb,left_lateral__A,left_lateral,A,1,249,1,0.9050909280776978,1
xgb,left_lateral__A,left_lateral,A,1,249,1,0.9827644228935242,1
xgb,left_lateral__A,left_lateral,A,1,249,1,0.9960399866104126,1
xgb,left_lateral__A,left_lateral,A,1,249,1,0.9387632608413696,1
xgb,left_lateral__A,left_lateral,A,1,249,1,0.48607271909713745,0
xgb,left_lateral__A,left_lateral,A,1,249,1,0.984051525592804,1
xgb,left_lateral__A,left_lateral,A,2,219,0,0.28834810853004456,0
xgb,left_lateral__A,left_lateral,A,2,219,0,0.9661259651184082,1
xgb,left_lateral__A,left_lateral,A,2,219,0,0.9932057857513428,1
xgb,left_lateral__A,left_lateral,A,2,219,0,0.9821391701698303,1
xgb,left_lateral__A,left_lateral,A,2,219,0,0.9800539612770081,1
xgb,left_lateral__A,left_lateral,A,2,219,0,0.9962120056152344,1
xgb,left_lateral__A,left_lateral,A,2,219,0,0.9595763683319092,1
xgb,left_lateral__A,left_lateral,A,2,219,0,0.004855850245803595,0
xgb,left_lateral__A,left_lateral,A,2,219,0,0.9965317845344543,1
xgb,left_lateral__A,left_lateral,A,2,219,0,0.03226666897535324,0
xgb,left_lateral__A,left_lateral,A,2,219,0,0.19660061597824097,0
xgb,left_lateral__A,left_lateral,A,2,219,0,0.9821589589118958,1
xgb,left_lateral__A,left_lateral,A,2,219,0,0.000823139795102179,0
xgb,left_lateral__A,left_lateral,A,2,219,0,0.8330546617507935,1
xgb,left_lateral__A,left_lateral,A,2,219,1,0.8441778421401978,1
xgb,left_lateral__A,left_lateral,A,2,219,1,0.9711986780166626,1
xgb,left_lateral__A,left_lateral,A,2,219,1,0.9771221280097961,1
xgb,left_lateral__A,left_lateral,A,2,219,1,0.9919062852859497,1
xgb,left_lateral__A,left_lateral,A,2,219,1,0.9701133370399475,1
xgb,left_lateral__A,left_lateral,A,2,219,1,0.9656358361244202,1
xgb,left_lateral__A,left_lateral,A,2,219,1,0.9797242879867554,1
xgb,left_lateral__A,left_lateral,A,2,219,1,0.9761659502983093,1
xgb,left_lateral__A,left_lateral,A,2,219,1,0.968163251876831,1
xgb,left_lateral__A,left_lateral,A,2,219,1,0.9597468972206116,1
xgb,left_lateral__A,left_lateral,A,2,219,1,0.9474785923957825,1
xgb,left_lateral__A,left_lateral,A,2,219,1,0.9843320846557617,1
xgb,left_lateral__A,left_lateral,A,2,219,1,0.9890732169151306,1
xgb,left_lateral__A,left_lateral,A,2,219,1,0.9438654780387878,1
xgb,left_lateral__A,left_lateral,A,2,219,1,0.9280650019645691,1
xgb,left_lateral__A,left_lateral,A,2,219,1,0.9735329151153564,1
xgb,left_lateral__A,left_lateral,A,3,313,0,0.08311480283737183,0
xgb,left_lateral__A,left_lateral,A,3,313,0,0.13645365834236145,0
xgb,left_lateral__A,left_lateral,A,3,313,0,0.02621588669717312,0
xgb,left_lateral__A,left_lateral,A,3,313,0,0.04169360548257828,0
xgb,left_lateral__A,left_lateral,A,3,313,0,0.03278776630759239,0
xgb,left_lateral__A,left_lateral,A,3,313,0,0.11008220165967941,0
xgb,left_lateral__A,left_lateral,A,3,313,0,0.04204762354493141,0
xgb,left_lateral__A,left_lateral,A,3,313,0,0.757270872592926,1
xgb,left_lateral__A,left_lateral,A,3,313,0,0.044646527618169785,0
xgb,left_lateral__A,left_lateral,A,3,313,0,0.2758103907108307,0
xgb,left_lateral__A,left_lateral,A,3,313,0,0.007655416615307331,0
xgb,left_lateral__A,left_lateral,A,3,313,0,0.03945113718509674,0
xgb,left_lateral__A,left_lateral,A,3,313,0,0.07302074879407883,0
xgb,left_lateral__A,left_lateral,A,3,313,0,0.00439806655049324,0
xgb,left_lateral__A,left_lateral,A,3,313,0,0.04692750796675682,0
xgb,left_lateral__A,left_lateral,A,3,313,1,0.15499535202980042,0
xgb,left_lateral__A,left_lateral,A,3,313,1,0.19949522614479065,0
xgb,left_lateral__A,left_lateral,A,3,313,1,0.18525350093841553,0
xgb,left_lateral__A,left_lateral,A,3,313,1,0.04388019070029259,0
xgb,left_lateral__A,left_lateral,A,3,313,1,0.0261683389544487,0
xgb,left_lateral__A,left_lateral,A,3,313,1,0.07924782484769821,0
xgb,left_lateral__A,left_lateral,A,3,313,1,0.10192986577749252,0
xgb,left_lateral__A,left_lateral,A,3,313,1,0.2879484295845032,0
xgb,left_lateral__A,left_lateral,A,3,313,1,0.0631733238697052,0
xgb,left_lateral__A,left_lateral,A,3,313,1,0.07307649403810501,0
xgb,left_lateral__A,left_lateral,A,3,313,1,0.123990498483181,0
xgb,left_lateral__A,left_lateral,A,3,313,1,0.06682311743497849,0
xgb,left_lateral__A,left_lateral,A,3,313,1,0.04172689467668533,0
xgb,left_lateral__A,left_lateral,A,3,313,1,0.10138548910617828,0
xgb,left_lateral__A,left_lateral,A,4,318,0,0.168860524892807,0
xgb,left_lateral__A,left_lateral,A,4,318,0,0.5159659385681152,1
xgb,left_lateral__A,left_lateral,A,4,318,0,0.2290789932012558,0
xgb,left_lateral__A,left_lateral,A,4,318,0,0.06017391011118889,0
xgb,left_lateral__A,left_lateral,A,4,318,0,0.7115813493728638,1
xgb,left_lateral__A,left_lateral,A,4,318,0,0.13024738430976868,0
xgb,left_lateral__A,left_lateral,A,4,318,0,0.18419086933135986,0
xgb,left_lateral__A,left_lateral,A,4,318,0,0.0013285719323903322,0
xgb,left_lateral__A,left_lateral,A,4,318,0,0.10280745476484299,0
xgb,left_lateral__A,left_lateral,A,4,318,0,0.12966389954090118,0
xgb,left_lateral__A,left_lateral,A,4,318,0,0.04952992871403694,0
xgb,left_lateral__A,left_lateral,A,4,318,0,0.3800118565559387,0
xgb,left_lateral__A,left_lateral,A,4,318,0,0.11019349843263626,0
xgb,left_lateral__A,left_lateral,A,4,318,0,0.6234230399131775,1
xgb,left_lateral__A,left_lateral,A,4,318,1,0.31953194737434387,0
xgb,left_lateral__A,left_lateral,A,4,318,1,0.27532121539115906,0
xgb,left_lateral__A,left_lateral,A,4,318,1,0.849891185760498,1
xgb,left_lateral__A,left_lateral,A,4,318,1,0.23856505751609802,0
xgb,left_lateral__A,left_lateral,A,4,318,1,0.8704383969306946,1
xgb,left_lateral__A,left_lateral,A,4,318,1,0.025707973167300224,0
xgb,left_lateral__A,left_lateral,A,4,318,1,0.8336976170539856,1
xgb,left_lateral__A,left_lateral,A,4,318,1,0.08692727237939835,0
xgb,left_lateral__A,left_lateral,A,4,318,1,0.37145379185676575,0
xgb,left_lateral__A,left_lateral,A,4,318,1,0.9021366834640503,1
xgb,left_lateral__A,left_lateral,A,4,318,1,0.6955487728118896,1
xgb,left_lateral__A,left_lateral,A,4,318,1,0.9498536586761475,1
xgb,left_lateral__A,left_lateral,A,4,318,1,0.3945082426071167,0
xgb,left_lateral__A,left_lateral,A,4,318,1,0.665709912776947,1
xgb,left_lateral__A,left_lateral,A,5,300,0,0.9131675958633423,1
xgb,left_lateral__A,left_lateral,A,5,300,0,0.8700728416442871,1
xgb,left_lateral__A,left_lateral,A,5,300,0,0.7492629885673523,1
xgb,left_lateral__A,left_lateral,A,5,300,0,0.8034346103668213,1
xgb,left_lateral__A,left_lateral,A,5,300,0,0.8746503591537476,1
xgb,left_lateral__A,left_lateral,A,5,300,0,0.8345689177513123,1
xgb,left_lateral__A,left_lateral,A,5,300,0,0.9180871248245239,1
xgb,left_lateral__A,left_lateral,A,5,300,0,0.8685155510902405,1
xgb,left_lateral__A,left_lateral,A,5,300,0,0.5096474289894104,1
xgb,left_lateral__A,left_lateral,A,5,300,0,0.6114600300788879,1
xgb,left_lateral__A,left_lateral,A,5,300,0,0.5803658366203308,1
xgb,left_lateral__A,left_lateral,A,5,300,0,0.5607588291168213,1
xgb,left_lateral__A,left_lateral,A,5,300,0,0.7230803370475769,1
xgb,left_lateral__A,left_lateral,A,5,300,0,0.9368239045143127,1
xgb,left_lateral__A,left_lateral,A,5,300,1,0.9393125772476196,1
xgb,left_lateral__A,left_lateral,A,5,300,1,0.9211705923080444,1
xgb,left_lateral__A,left_lateral,A,5,300,1,0.8521019816398621,1
xgb,left_lateral__A,left_lateral,A,5,300,1,0.8971935510635376,1
xgb,left_lateral__A,left_lateral,A,5,300,1,0.8845155835151672,1
xgb,left_lateral__A,left_lateral,A,5,300,1,0.9124594926834106,1
xgb,left_lateral__A,left_lateral,A,5,300,1,0.8835452795028687,1
xgb,left_lateral__A,left_lateral,A,5,300,1,0.9471321105957031,1
xgb,left_lateral__A,left_lateral,A,5,300,1,0.8891399502754211,1
xgb,left_lateral__A,left_lateral,A,5,300,1,0.8689438104629517,1
xgb,left_lateral__A,left_lateral,A,5,300,1,0.8967487215995789,1
xgb,left_lateral__A,left_lateral,A,5,300,1,0.9461185932159424,1
xgb,left_lateral__A,left_lateral,A,5,300,1,0.8404901027679443,1
xgb,left_lateral__A,left_lateral,A,5,300,1,0.8258309960365295,1
xgb,left_lateral__A,left_lateral,A,6,271,0,0.28345897793769836,0
xgb,left_lateral__A,left_lateral,A,6,271,0,0.1964750736951828,0
xgb,left_lateral__A,left_lateral,A,6,271,0,0.07597298175096512,0
xgb,left_lateral__A,left_lateral,A,6,271,0,0.9577354788780212,1
xgb,left_lateral__A,left_lateral,A,6,271,0,0.16988970339298248,0
xgb,left_lateral__A,left_lateral,A,6,271,0,0.23552305996418,0
xgb,left_lateral__A,left_lateral,A,6,271,0,0.25769343972206116,0
xgb,left_lateral__A,left_lateral,A,6,271,0,0.0008532989304512739,0
xgb,left_lateral__A,left_lateral,A,6,271,0,0.00011588176857912913,0
xgb,left_lateral__A,left_lateral,A,6,271,0,0.12696175277233124,0
xgb,left_lateral__A,left_lateral,A,6,271,0,0.06539999693632126,0
xgb,left_lateral__A,left_lateral,A,6,271,0,0.00247981958091259,0
xgb,left_lateral__A,left_lateral,A,6,271,0,0.026535850018262863,0
xgb,left_lateral__A,left_lateral,A,6,271,0,0.044379014521837234,0
xgb,left_lateral__A,left_lateral,A,6,271,1,0.25256744027137756,0
xgb,left_lateral__A,left_lateral,A,6,271,1,0.8971502780914307,1
xgb,left_lateral__A,left_lateral,A,6,271,1,0.5803184509277344,1
xgb,left_lateral__A,left_lateral,A,6,271,1,0.6657582521438599,1
xgb,left_lateral__A,left_lateral,A,6,271,1,0.7722538113594055,1
xgb,left_lateral__A,left_lateral,A,6,271,1,0.7311243414878845,1
xgb,left_lateral__A,left_lateral,A,6,271,1,0.9302659630775452,1
xgb,left_lateral__A,left_lateral,A,6,271,1,0.4918093979358673,0
xgb,left_lateral__A,left_lateral,A,6,271,1,0.8270694613456726,1
xgb,left_lateral__A,left_lateral,A,6,271,1,0.2846970558166504,0
xgb,left_lateral__A,left_lateral,A,6,271,1,0.4809117913246155,0
xgb,left_lateral__A,left_lateral,A,6,271,1,0.9789565205574036,1
xgb,left_lateral__A,left_lateral,A,6,271,1,0.9862859845161438,1
xgb,left_lateral__A,left_lateral,A,6,271,1,0.9735880494117737,1
xgb,left_lateral__A,left_lateral,A,7,251,0,0.00038334770943038166,0
xgb,left_lateral__A,left_lateral,A,7,251,0,0.0023873411118984222,0
xgb,left_lateral__A,left_lateral,A,7,251,0,0.002088583307340741,0
xgb,left_lateral__A,left_lateral,A,7,251,0,0.0010322807356715202,0
xgb,left_lateral__A,left_lateral,A,7,251,0,0.004529035650193691,0
xgb,left_lateral__A,left_lateral,A,7,251,0,0.002717322204262018,0
xgb,left_lateral__A,left_lateral,A,7,251,0,0.0027633928693830967,0
xgb,left_lateral__A,left_lateral,A,7,251,0,0.0006106560467742383,0
xgb,left_lateral__A,left_lateral,A,7,251,0,0.002088583307340741,0
xgb,left_lateral__A,left_lateral,A,7,251,0,0.006505206692963839,0
xgb,left_lateral__A,left_lateral,A,7,251,0,0.010252428241074085,0
xgb,left_lateral__A,left_lateral,A,7,251,0,0.0025197062641382217,0
xgb,left_lateral__A,left_lateral,A,7,251,0,0.0004577416111715138,0
xgb,left_lateral__A,left_lateral,A,7,251,0,0.0070346142165362835,0
xgb,left_lateral__A,left_lateral,A,7,251,1,0.24054256081581116,0
xgb,left_lateral__A,left_lateral,A,7,251,1,0.13608324527740479,0
xgb,left_lateral__A,left_lateral,A,7,251,1,0.01606658287346363,0
xgb,left_lateral__A,left_lateral,A,7,251,1,0.0053579313680529594,0
xgb,left_lateral__A,left_lateral,A,7,251,1,0.0014475907664746046,0
xgb,left_lateral__A,left_lateral,A,7,251,1,0.02550715021789074,0
xgb,left_lateral__A,left_lateral,A,7,251,1,0.0037410231307148933,0
xgb,left_lateral__A,left_lateral,A,7,251,1,0.02802065946161747,0
xgb,left_lateral__A,left_lateral,A,7,251,1,0.1328577846288681,0
xgb,left_lateral__A,left_lateral,A,7,251,1,0.00413543451577425,0
xgb,left_lateral__A,left_lateral,A,7,251,1,0.002989334985613823,0
xgb,left_lateral__A,left_lateral,A,7,251,1,0.0270066000521183,0
xgb,left_lateral__A,left_lateral,A,7,251,1,0.28895068168640137,0
xgb,left_lateral__A,left_lateral,A,8,282,0,0.0020923535339534283,0
xgb,left_lateral__A,left_lateral,A,8,282,0,0.002790227299556136,0
xgb,left_lateral__A,left_lateral,A,8,282,0,0.01049539353698492,0
xgb,left_lateral__A,left_lateral,A,8,282,0,0.07340092211961746,0
xgb,left_lateral__A,left_lateral,A,8,282,0,0.04843185842037201,0
xgb,left_lateral__A,left_lateral,A,8,282,0,0.08817541599273682,0
xgb,left_lateral__A,left_lateral,A,8,282,0,0.012375378049910069,0
xgb,left_lateral__A,left_lateral,A,8,282,0,0.00824553333222866,0
xgb,left_lateral__A,left_lateral,A,8,282,0,0.002932438161224127,0
xgb,left_lateral__A,left_lateral,A,8,282,0,0.0010196480434387922,0
xgb,left_lateral__A,left_lateral,A,8,282,0,0.01359320618212223,0
xgb,left_lateral__A,left_lateral,A,8,282,0,0.0008944366127252579,0
xgb,left_lateral__A,left_lateral,A,8,282,0,0.22012026607990265,0
xgb,left_lateral__A,left_lateral,A,8,282,0,0.011367382481694221,0
xgb,left_lateral__A,left_lateral,A,8,282,1,0.9058688282966614,1
xgb,left_lateral__A,left_lateral,A,8,282,1,0.9717898964881897,1
xgb,left_lateral__A,left_lateral,A,8,282,1,0.24934285879135132,0
xgb,left_lateral__A,left_lateral,A,8,282,1,0.7182279229164124,1
xgb,left_lateral__A,left_lateral,A,8,282,1,0.5045655369758606,1
xgb,left_lateral__A,left_lateral,A,8,282,1,0.6292506456375122,1
xgb,left_lateral__A,left_lateral,A,8,282,1,0.3025772273540497,0
xgb,left_lateral__A,left_lateral,A,8,282,1,0.9673736691474915,1
xgb,left_lateral__A,left_lateral,A,8,282,1,0.9276155233383179,1
xgb,left_lateral__A,left_lateral,A,8,282,1,0.9724420309066772,1
xgb,left_lateral__A,left_lateral,A,8,282,1,0.9575660228729248,1
xgb,left_lateral__A,left_lateral,A,9,210,0,0.00345078413374722,0
xgb,left_lateral__A,left_lateral,A,9,210,0,0.0406593382358551,0
xgb,left_lateral__A,left_lateral,A,9,210,0,0.20320972800254822,0
xgb,left_lateral__A,left_lateral,A,9,210,0,0.21213987469673157,0
xgb,left_lateral__A,left_lateral,A,9,210,0,0.013729505240917206,0
xgb,left_lateral__A,left_lateral,A,9,210,0,0.05857962369918823,0
xgb,left_lateral__A,left_lateral,A,9,210,0,0.007147951517254114,0
xgb,left_lateral__A,left_lateral,A,9,210,0,0.9935785531997681,1
xgb,left_lateral__A,left_lateral,A,9,210,0,0.04844686761498451,0
xgb,left_lateral__A,left_lateral,A,9,210,0,0.02109874226152897,0
xgb,left_lateral__A,left_lateral,A,9,210,0,0.019047237932682037,0
xgb,left_lateral__A,left_lateral,A,9,210,0,0.0026392079889774323,0
xgb,left_lateral__A,left_lateral,A,9,210,0,0.07083581387996674,0
xgb,left_lateral__A,left_lateral,A,9,210,0,0.21475286781787872,0
xgb,left_lateral__A,left_lateral,A,9,210,1,0.9916366934776306,1
xgb,left_lateral__A,left_lateral,A,9,210,1,0.9788042902946472,1
xgb,left_lateral__A,left_lateral,A,9,210,1,0.966301679611206,1
xgb,left_lateral__A,left_lateral,A,9,210,1,0.988379955291748,1
xgb,left_lateral__A,left_lateral,A,9,210,1,0.9980483055114746,1
xgb,left_lateral__A,left_lateral,A,9,210,1,0.9810228943824768,1
xgb,left_lateral__A,left_lateral,A,9,210,1,0.39776840806007385,0
xgb,left_lateral__A,left_lateral,A,9,210,1,0.998124897480011,1
xgb,left_lateral__A,left_lateral,A,9,210,1,0.9990928173065186,1
xgb,left_lateral__A,left_lateral,A,9,210,1,0.9899339079856873,1
xgb,left_lateral__A,left_lateral,A,9,210,1,0.9792459011077881,1
xgb,left_lateral__A,left_lateral,A,10,265,0,0.010882101953029633,0
xgb,left_lateral__A,left_lateral,A,10,265,0,0.5405033230781555,1
xgb,left_lateral__A,left_lateral,A,10,265,0,0.652788519859314,1
xgb,left_lateral__A,left_lateral,A,10,265,0,0.6695845723152161,1
xgb,left_lateral__A,left_lateral,A,10,265,0,0.9477018713951111,1
xgb,left_lateral__A,left_lateral,A,10,265,0,0.6950956583023071,1
xgb,left_lateral__A,left_lateral,A,10,265,0,0.26123034954071045,0
xgb,left_lateral__A,left_lateral,A,10,265,0,0.938502848148346,1
xgb,left_lateral__A,left_lateral,A,10,265,0,0.010604765266180038,0
xgb,left_lateral__A,left_lateral,A,10,265,0,0.46717190742492676,0
xgb,left_lateral__A,left_lateral,A,10,265,0,0.13245469331741333,0
xgb,left_lateral__A,left_lateral,A,10,265,0,0.06484764814376831,0
xgb,left_lateral__A,left_lateral,A,10,265,0,0.8076872825622559,1
xgb,left_lateral__A,left_lateral,A,10,265,1,0.02468452975153923,0
xgb,left_lateral__A,left_lateral,A,10,265,1,0.03994400426745415,0
xgb,left_lateral__A,left_lateral,A,10,265,1,0.9800531268119812,1
xgb,left_lateral__A,left_lateral,A,10,265,1,0.9747334718704224,1
xgb,left_lateral__A,left_lateral,A,10,265,1,0.5194682478904724,1
xgb,left_lateral__A,left_lateral,A,10,265,1,0.06779354810714722,0
xgb,left_lateral__A,left_lateral,A,10,265,1,0.04585394263267517,0
xgb,left_lateral__A,left_lateral,A,10,265,1,0.962101936340332,1
xgb,left_lateral__A,left_lateral,A,10,265,1,0.9727286696434021,1
xgb,left_lateral__A,left_lateral,A,10,265,1,0.9548301696777344,1
xgb,left_lateral__A,left_lateral,A,10,265,1,0.019119828939437866,0
xgb,left_lateral__B,left_lateral,B,1,249,0,0.6101701259613037,1
xgb,left_lateral__B,left_lateral,B,1,249,0,0.6191201210021973,1
xgb,left_lateral__B,left_lateral,B,1,249,0,0.6130459308624268,1
xgb,left_lateral__B,left_lateral,B,1,249,0,0.9098359942436218,1
xgb,left_lateral__B,left_lateral,B,1,249,0,0.9732670187950134,1
xgb,left_lateral__B,left_lateral,B,1,249,0,0.9182544350624084,1
xgb,left_lateral__B,left_lateral,B,1,249,0,0.7102758884429932,1
xgb,left_lateral__B,left_lateral,B,1,249,0,0.5981858372688293,1
xgb,left_lateral__B,left_lateral,B,1,249,0,0.7973200082778931,1
xgb,left_lateral__B,left_lateral,B,1,249,0,0.2216750979423523,0
xgb,left_lateral__B,left_lateral,B,1,249,0,0.04427303001284599,0
xgb,left_lateral__B,left_lateral,B,1,249,0,0.9545944929122925,1
xgb,left_lateral__B,left_lateral,B,1,249,0,0.023360146209597588,0
xgb,left_lateral__B,left_lateral,B,1,249,0,0.5555078387260437,1
xgb,left_lateral__B,left_lateral,B,1,249,0,0.6039761900901794,1
xgb,left_lateral__B,left_lateral,B,1,249,1,0.16617301106452942,0
xgb,left_lateral__B,left_lateral,B,1,249,1,0.4098356068134308,0
xgb,left_lateral__B,left_lateral,B,1,249,1,0.387565940618515,0
xgb,left_lateral__B,left_lateral,B,1,249,1,0.850845992565155,1
xgb,left_lateral__B,left_lateral,B,1,249,1,0.8865185976028442,1
xgb,left_lateral__B,left_lateral,B,1,249,1,0.4081081449985504,0
xgb,left_lateral__B,left_lateral,B,1,249,1,0.5723955631256104,1
xgb,left_lateral__B,left_lateral,B,1,249,1,0.8441164493560791,1
xgb,left_lateral__B,left_lateral,B,1,249,1,0.424142450094223,0
xgb,left_lateral__B,left_lateral,B,1,249,1,0.6872216463088989,1
xgb,left_lateral__B,left_lateral,B,1,249,1,0.5730209946632385,1
xgb,left_lateral__B,left_lateral,B,1,249,1,0.19280636310577393,0
xgb,left_lateral__B,left_lateral,B,1,249,1,0.3202473223209381,0
xgb,left_lateral__B,left_lateral,B,1,249,1,0.3190566897392273,0
xgb,left_lateral__B,left_lateral,B,1,249,1,0.8275395631790161,1
xgb,left_lateral__B,left_lateral,B,1,249,1,0.5466554164886475,1
xgb,left_lateral__B,left_lateral,B,1,249,1,0.494683176279068,0
xgb,left_lateral__B,left_lateral,B,2,219,0,0.8225452899932861,1
xgb,left_lateral__B,left_lateral,B,2,219,0,0.6976333260536194,1
xgb,left_lateral__B,left_lateral,B,2,219,0,0.3352739214897156,0
xgb,left_lateral__B,left_lateral,B,2,219,0,0.9769982695579529,1
xgb,left_lateral__B,left_lateral,B,2,219,0,0.29087117314338684,0
xgb,left_lateral__B,left_lateral,B,2,219,0,0.8085379600524902,1
xgb,left_lateral__B,left_lateral,B,2,219,0,0.20646539330482483,0
xgb,left_lateral__B,left_lateral,B,2,219,0,0.4745734632015228,0
xgb,left_lateral__B,left_lateral,B,2,219,0,0.39240968227386475,0
xgb,left_lateral__B,left_lateral,B,2,219,0,0.49230289459228516,0
xgb,left_lateral__B,left_lateral,B,2,219,0,0.9824932813644409,1
xgb,left_lateral__B,left_lateral,B,2,219,0,0.11206308007240295,0
xgb,left_lateral__B,left_lateral,B,2,219,0,0.9872800707817078,1
xgb,left_lateral__B,left_lateral,B,2,219,0,0.11389453709125519,0
xgb,left_lateral__B,left_lateral,B,2,219,1,0.792736291885376,1
xgb,left_lateral__B,left_lateral,B,2,219,1,0.8653770685195923,1
xgb,left_lateral__B,left_lateral,B,2,219,1,0.6931717991828918,1
xgb,left_lateral__B,left_lateral,B,2,219,1,0.05995882675051689,0
xgb,left_lateral__B,left_lateral,B,2,219,1,0.9095645546913147,1
xgb,left_lateral__B,left_lateral,B,2,219,1,0.503259003162384,1
xgb,left_lateral__B,left_lateral,B,2,219,1,0.7199674844741821,1
xgb,left_lateral__B,left_lateral,B,2,219,1,0.01815858483314514,0
xgb,left_lateral__B,left_lateral,B,2,219,1,0.4891769587993622,0
xgb,left_lateral__B,left_lateral,B,2,219,1,0.03974698483943939,0
xgb,left_lateral__B,left_lateral,B,2,219,1,0.6873728632926941,1
xgb,left_lateral__B,left_lateral,B,2,219,1,0.16924382746219635,0
xgb,left_lateral__B,left_lateral,B,2,219,1,0.711152970790863,1
xgb,left_lateral__B,left_lateral,B,2,219,1,0.444624662399292,0
xgb,left_lateral__B,left_lateral,B,2,219,1,0.9777536392211914,1
xgb,left_lateral__B,left_lateral,B,2,219,1,0.04205070808529854,0
xgb,left_lateral__B,left_lateral,B,3,313,0,0.5761162042617798,1
xgb,left_lateral__B,left_lateral,B,3,313,0,0.15351934731006622,0
xgb,left_lateral__B,left_lateral,B,3,313,0,0.18771153688430786,0
xgb,left_lateral__B,left_lateral,B,3,313,0,0.5746912360191345,1
xgb,left_lateral__B,left_lateral,B,3,313,0,0.29101258516311646,0
xgb,left_lateral__B,left_lateral,B,3,313,0,0.9090677499771118,1
xgb,left_lateral__B,left_lateral,B,3,313,0,0.6629327535629272,1
xgb,left_lateral__B,left_lateral,B,3,313,0,0.7672714591026306,1
xgb,left_lateral__B,left_lateral,B,3,313,0,0.8730024695396423,1
xgb,left_lateral__B,left_lateral,B,3,313,0,0.40110430121421814,0
xgb,left_lateral__B,left_lateral,B,3,313,0,0.4894601106643677,0
xgb,left_lateral__B,left_lateral,B,3,313,0,0.23295165598392487,0
xgb,left_lateral__B,left_lateral,B,3,313,0,0.4674653708934784,0
xgb,left_lateral__B,left_lateral,B,3,313,0,0.21445134282112122,0
xgb,left_lateral__B,left_lateral,B,3,313,0,0.41983041167259216,0
xgb,left_lateral__B,left_lateral,B,3,313,1,0.23177170753479004,0
xgb,left_lateral__B,left_lateral,B,3,313,1,0.25054702162742615,0
xgb,left_lateral__B,left_lateral,B,3,313,1,0.16961826384067535,0
xgb,left_lateral__B,left_lateral,B,3,313,1,0.34814876317977905,0
xgb,left_lateral__B,left_lateral,B,3,313,1,0.4929165840148926,0
xgb,left_lateral__B,left_lateral,B,3,313,1,0.977155327796936,1
xgb,left_lateral__B,left_lateral,B,3,313,1,0.972942590713501,1
xgb,left_lateral__B,left_lateral,B,3,313,1,0.06851279735565186,0
xgb,left_lateral__B,left_lateral,B,3,313,1,0.29713937640190125,0
xgb,left_lateral__B,left_lateral,B,3,313,1,0.7542309761047363,1
xgb,left_lateral__B,left_lateral,B,3,313,1,0.20968399941921234,0
xgb,left_lateral__B,left_lateral,B,3,313,1,0.8015627264976501,1
xgb,left_lateral__B,left_lateral,B,3,313,1,0.4070066809654236,0
xgb,left_lateral__B,left_lateral,B,3,313,1,0.926849365234375,1
xgb,left_lateral__B,left_lateral,B,4,318,0,0.5391000509262085,1
xgb,left_lateral__B,left_lateral,B,4,318,0,0.4671052098274231,0
xgb,left_lateral__B,left_lateral,B,4,318,0,0.25688067078590393,0
xgb,left_lateral__B,left_lateral,B,4,318,0,0.2922948896884918,0
xgb,left_lateral__B,left_lateral,B,4,318,0,0.10071048140525818,0
xgb,left_lateral__B,left_lateral,B,4,318,0,0.7363500595092773,1
xgb,left_lateral__B,left_lateral,B,4,318,0,0.20632562041282654,0
xgb,left_lateral__B,left_lateral,B,4,318,0,0.23180176317691803,0
xgb,left_lateral__B,left_lateral,B,4,318,0,0.03779788687825203,0
xgb,left_lateral__B,left_lateral,B,4,318,0,0.8317316770553589,1
xgb,left_lateral__B,left_lateral,B,4,318,0,0.8788951635360718,1
xgb,left_lateral__B,left_lateral,B,4,318,0,0.12616966664791107,0
xgb,left_lateral__B,left_lateral,B,4,318,0,0.7447031140327454,1
xgb,left_lateral__B,left_lateral,B,4,318,0,0.3717027008533478,0
xgb,left_lateral__B,left_lateral,B,4,318,1,0.2632966935634613,0
xgb,left_lateral__B,left_lateral,B,4,318,1,0.4712052047252655,0
xgb,left_lateral__B,left_lateral,B,4,318,1,0.23321382701396942,0
xgb,left_lateral__B,left_lateral,B,4,318,1,0.7288946509361267,1
xgb,left_lateral__B,left_lateral,B,4,318,1,0.5553121566772461,1
xgb,left_lateral__B,left_lateral,B,4,318,1,0.25609681010246277,0
xgb,left_lateral__B,left_lateral,B,4,318,1,0.029915794730186462,0
xgb,left_lateral__B,left_lateral,B,4,318,1,0.20002678036689758,0
xgb,left_lateral__B,left_lateral,B,4,318,1,0.3658856749534607,0
xgb,left_lateral__B,left_lateral,B,4,318,1,0.3541855812072754,0
xgb,left_lateral__B,left_lateral,B,4,318,1,0.28707411885261536,0
xgb,left_lateral__B,left_lateral,B,4,318,1,0.10415202379226685,0
xgb,left_lateral__B,left_lateral,B,4,318,1,0.15075786411762238,0
xgb,left_lateral__B,left_lateral,B,4,318,1,0.08485278487205505,0
xgb,left_lateral__B,left_lateral,B,5,300,0,0.053520288318395615,0
xgb,left_lateral__B,left_lateral,B,5,300,0,0.2371969372034073,0
xgb,left_lateral__B,left_lateral,B,5,300,0,0.6807342767715454,1
xgb,left_lateral__B,left_lateral,B,5,300,0,0.3406740427017212,0
xgb,left_lateral__B,left_lateral,B,5,300,0,0.5659356713294983,1
xgb,left_lateral__B,left_lateral,B,5,300,0,0.5565833449363708,1
xgb,left_lateral__B,left_lateral,B,5,300,0,0.4679456949234009,0
xgb,left_lateral__B,left_lateral,B,5,300,0,0.2022475302219391,0
xgb,left_lateral__B,left_lateral,B,5,300,0,0.41228070855140686,0
xgb,left_lateral__B,left_lateral,B,5,300,0,0.47118666768074036,0
xgb,left_lateral__B,left_lateral,B,5,300,0,0.5701016783714294,1
xgb,left_lateral__B,left_lateral,B,5,300,0,0.26510530710220337,0
xgb,left_lateral__B,left_lateral,B,5,300,0,0.5334702730178833,1
xgb,left_lateral__B,left_lateral,B,5,300,0,0.28206154704093933,0
xgb,left_lateral__B,left_lateral,B,5,300,1,0.022549401968717575,0
xgb,left_lateral__B,left_lateral,B,5,300,1,0.442141056060791,0
xgb,left_lateral__B,left_lateral,B,5,300,1,0.027127262204885483,0
xgb,left_lateral__B,left_lateral,B,5,300,1,0.6970704197883606,1
xgb,left_lateral__B,left_lateral,B,5,300,1,0.9566745162010193,1
xgb,left_lateral__B,left_lateral,B,5,300,1,0.1055660992860794,0
xgb,left_lateral__B,left_lateral,B,5,300,1,0.6866970658302307,1
xgb,left_lateral__B,left_lateral,B,5,300,1,0.21150490641593933,0
xgb,left_lateral__B,left_lateral,B,5,300,1,0.09994713962078094,0
xgb,left_lateral__B,left_lateral,B,5,300,1,0.34797602891921997,0
xgb,left_lateral__B,left_lateral,B,5,300,1,0.3805672824382782,0
xgb,left_lateral__B,left_lateral,B,5,300,1,0.11104564368724823,0
xgb,left_lateral__B,left_lateral,B,5,300,1,0.868397057056427,1
xgb,left_lateral__B,left_lateral,B,5,300,1,0.038054708391427994,0
xgb,left_lateral__B,left_lateral,B,6,271,0,0.9747597575187683,1
xgb,left_lateral__B,left_lateral,B,6,271,0,0.6866754293441772,1
xgb,left_lateral__B,left_lateral,B,6,271,0,0.12556500732898712,0
xgb,left_lateral__B,left_lateral,B,6,271,0,0.44141605496406555,0
xgb,left_lateral__B,left_lateral,B,6,271,0,0.12622006237506866,0
xgb,left_lateral__B,left_lateral,B,6,271,0,0.18253280222415924,0
xgb,left_lateral__B,left_lateral,B,6,271,0,0.9856563806533813,1
xgb,left_lateral__B,left_lateral,B,6,271,0,0.13575419783592224,0
xgb,left_lateral__B,left_lateral,B,6,271,0,0.8255192637443542,1
xgb,left_lateral__B,left_lateral,B,6,271,0,0.643387496471405,1
xgb,left_lateral__B,left_lateral,B,6,271,0,0.7066593170166016,1
xgb,left_lateral__B,left_lateral,B,6,271,0,0.7363622188568115,1
xgb,left_lateral__B,left_lateral,B,6,271,0,0.21257419884204865,0
xgb,left_lateral__B,left_lateral,B,6,271,0,0.6830673217773438,1
xgb,left_lateral__B,left_lateral,B,6,271,1,0.4636550843715668,0
xgb,left_lateral__B,left_lateral,B,6,271,1,0.033645156770944595,0
xgb,left_lateral__B,left_lateral,B,6,271,1,0.154265359044075,0
xgb,left_lateral__B,left_lateral,B,6,271,1,0.056749675422906876,0
xgb,left_lateral__B,left_lateral,B,6,271,1,0.4109775424003601,0
xgb,left_lateral__B,left_lateral,B,6,271,1,0.2568625509738922,0
xgb,left_lateral__B,left_lateral,B,6,271,1,0.9048151969909668,1
xgb,left_lateral__B,left_lateral,B,6,271,1,0.6614742875099182,1
xgb,left_lateral__B,left_lateral,B,6,271,1,0.7548224925994873,1
xgb,left_lateral__B,left_lateral,B,6,271,1,0.9013916254043579,1
xgb,left_lateral__B,left_lateral,B,6,271,1,0.5776289105415344,1
xgb,left_lateral__B,left_lateral,B,6,271,1,0.7742539048194885,1
xgb,left_lateral__B,left_lateral,B,6,271,1,0.7620435953140259,1
xgb,left_lateral__B,left_lateral,B,6,271,1,0.8659255504608154,1
xgb,left_lateral__B,left_lateral,B,7,251,0,0.4723004102706909,0
xgb,left_lateral__B,left_lateral,B,7,251,0,0.40689367055892944,0
xgb,left_lateral__B,left_lateral,B,7,251,0,0.09237436950206757,0
xgb,left_lateral__B,left_lateral,B,7,251,0,0.19374367594718933,0
xgb,left_lateral__B,left_lateral,B,7,251,0,0.42721688747406006,0
xgb,left_lateral__B,left_lateral,B,7,251,0,0.6032726764678955,1
xgb,left_lateral__B,left_lateral,B,7,251,0,0.8201668858528137,1
xgb,left_lateral__B,left_lateral,B,7,251,0,0.5901414155960083,1
xgb,left_lateral__B,left_lateral,B,7,251,0,0.33784785866737366,0
xgb,left_lateral__B,left_lateral,B,7,251,0,0.08090373128652573,0
xgb,left_lateral__B,left_lateral,B,7,251,0,0.45854994654655457,0
xgb,left_lateral__B,left_lateral,B,7,251,0,0.3627955913543701,0
xgb,left_lateral__B,left_lateral,B,7,251,0,0.7564453482627869,1
xgb,left_lateral__B,left_lateral,B,7,251,0,0.8868541717529297,1
xgb,left_lateral__B,left_lateral,B,7,251,1,0.18446992337703705,0
xgb,left_lateral__B,left_lateral,B,7,251,1,0.056205324828624725,0
xgb,left_lateral__B,left_lateral,B,7,251,1,0.4538452625274658,0
xgb,left_lateral__B,left_lateral,B,7,251,1,0.005975153297185898,0
xgb,left_lateral__B,left_lateral,B,7,251,1,0.017922909930348396,0
xgb,left_lateral__B,left_lateral,B,7,251,1,0.026263799518346786,0
xgb,left_lateral__B,left_lateral,B,7,251,1,0.7482381463050842,1
xgb,left_lateral__B,left_lateral,B,7,251,1,0.031693410128355026,0
xgb,left_lateral__B,left_lateral,B,7,251,1,0.2906090021133423,0
xgb,left_lateral__B,left_lateral,B,7,251,1,0.8737809062004089,1
xgb,left_lateral__B,left_lateral,B,7,251,1,0.03491409868001938,0
xgb,left_lateral__B,left_lateral,B,7,251,1,0.22195039689540863,0
xgb,left_lateral__B,left_lateral,B,7,251,1,0.37751612067222595,0
xgb,left_lateral__B,left_lateral,B,8,282,0,0.7106350064277649,1
xgb,left_lateral__B,left_lateral,B,8,282,0,0.8972994089126587,1
xgb,left_lateral__B,left_lateral,B,8,282,0,0.01736239157617092,0
xgb,left_lateral__B,left_lateral,B,8,282,0,0.03836030140519142,0
xgb,left_lateral__B,left_lateral,B,8,282,0,0.9008312225341797,1
xgb,left_lateral__B,left_lateral,B,8,282,0,0.6130558252334595,1
xgb,left_lateral__B,left_lateral,B,8,282,0,0.7868931293487549,1
xgb,left_lateral__B,left_lateral,B,8,282,0,0.13472473621368408,0
xgb,left_lateral__B,left_lateral,B,8,282,0,0.7521161437034607,1
xgb,left_lateral__B,left_lateral,B,8,282,0,0.717688262462616,1
xgb,left_lateral__B,left_lateral,B,8,282,0,0.636629581451416,1
xgb,left_lateral__B,left_lateral,B,8,282,0,0.02988099865615368,0
xgb,left_lateral__B,left_lateral,B,8,282,0,0.6869680881500244,1
xgb,left_lateral__B,left_lateral,B,8,282,0,0.0963980183005333,0
xgb,left_lateral__B,left_lateral,B,8,282,1,0.6291825771331787,1
xgb,left_lateral__B,left_lateral,B,8,282,1,0.795704185962677,1
xgb,left_lateral__B,left_lateral,B,8,282,1,0.376581072807312,0
xgb,left_lateral__B,left_lateral,B,8,282,1,0.06540603935718536,0
xgb,left_lateral__B,left_lateral,B,8,282,1,0.2688978910446167,0
xgb,left_lateral__B,left_lateral,B,8,282,1,0.6448594331741333,1
xgb,left_lateral__B,left_lateral,B,8,282,1,0.7780619263648987,1
xgb,left_lateral__B,left_lateral,B,8,282,1,0.8812621235847473,1
xgb,left_lateral__B,left_lateral,B,8,282,1,0.22427166998386383,0
xgb,left_lateral__B,left_lateral,B,8,282,1,0.05887135863304138,0
xgb,left_lateral__B,left_lateral,B,8,282,1,0.3037155270576477,0
xgb,left_lateral__B,left_lateral,B,9,210,0,0.42566487193107605,0
xgb,left_lateral__B,left_lateral,B,9,210,0,0.7561866044998169,1
xgb,left_lateral__B,left_lateral,B,9,210,0,0.29641488194465637,0
xgb,left_lateral__B,left_lateral,B,9,210,0,0.07556303590536118,0
xgb,left_lateral__B,left_lateral,B,9,210,0,0.26781710982322693,0
xgb,left_lateral__B,left_lateral,B,9,210,0,0.2184932976961136,0
xgb,left_lateral__B,left_lateral,B,9,210,0,0.9848442673683167,1
xgb,left_lateral__B,left_lateral,B,9,210,0,0.8143714070320129,1
xgb,left_lateral__B,left_lateral,B,9,210,0,0.13385340571403503,0
xgb,left_lateral__B,left_lateral,B,9,210,0,0.21034441888332367,0
xgb,left_lateral__B,left_lateral,B,9,210,0,0.05657375603914261,0
xgb,left_lateral__B,left_lateral,B,9,210,0,0.14043179154396057,0
xgb,left_lateral__B,left_lateral,B,9,210,0,0.5860756039619446,1
xgb,left_lateral__B,left_lateral,B,9,210,0,0.29468682408332825,0
xgb,left_lateral__B,left_lateral,B,9,210,1,0.8177080750465393,1
xgb,left_lateral__B,left_lateral,B,9,210,1,0.452989786863327,0
xgb,left_lateral__B,left_lateral,B,9,210,1,0.26900121569633484,0
xgb,left_lateral__B,left_lateral,B,9,210,1,0.24664707481861115,0
xgb,left_lateral__B,left_lateral,B,9,210,1,0.6248557567596436,1
xgb,left_lateral__B,left_lateral,B,9,210,1,0.8212459683418274,1
xgb,left_lateral__B,left_lateral,B,9,210,1,0.8167185187339783,1
xgb,left_lateral__B,left_lateral,B,9,210,1,0.5448272824287415,1
xgb,left_lateral__B,left_lateral,B,9,210,1,0.7325428128242493,1
xgb,left_lateral__B,left_lateral,B,9,210,1,0.8342676758766174,1
xgb,left_lateral__B,left_lateral,B,9,210,1,0.8476144671440125,1
xgb,left_lateral__B,left_lateral,B,10,265,0,0.5262244939804077,1
xgb,left_lateral__B,left_lateral,B,10,265,0,0.0889720469713211,0
xgb,left_lateral__B,left_lateral,B,10,265,0,0.03424111381173134,0
xgb,left_lateral__B,left_lateral,B,10,265,0,0.046467654407024384,0
xgb,left_lateral__B,left_lateral,B,10,265,0,0.902143657207489,1
xgb,left_lateral__B,left_lateral,B,10,265,0,0.3202091455459595,0
xgb,left_lateral__B,left_lateral,B,10,265,0,0.7613885998725891,1
xgb,left_lateral__B,left_lateral,B,10,265,0,0.12216483801603317,0
xgb,left_lateral__B,left_lateral,B,10,265,0,0.30145904421806335,0
xgb,left_lateral__B,left_lateral,B,10,265,0,0.24736034870147705,0
xgb,left_lateral__B,left_lateral,B,10,265,0,0.5830256342887878,1
xgb,left_lateral__B,left_lateral,B,10,265,0,0.010728277266025543,0
xgb,left_lateral__B,left_lateral,B,10,265,0,0.2746124565601349,0
xgb,left_lateral__B,left_lateral,B,10,265,1,0.41321641206741333,0
xgb,left_lateral__B,left_lateral,B,10,265,1,0.23370960354804993,0
xgb,left_lateral__B,left_lateral,B,10,265,1,0.7789555788040161,1
xgb,left_lateral__B,left_lateral,B,10,265,1,0.8609248995780945,1
xgb,left_lateral__B,left_lateral,B,10,265,1,0.32723182439804077,0
xgb,left_lateral__B,left_lateral,B,10,265,1,0.5081130266189575,1
xgb,left_lateral__B,left_lateral,B,10,265,1,0.20925696194171906,0
xgb,left_lateral__B,left_lateral,B,10,265,1,0.6873892545700073,1
xgb,left_lateral__B,left_lateral,B,10,265,1,0.6634995937347412,1
xgb,left_lateral__B,left_lateral,B,10,265,1,0.37959301471710205,0
xgb,left_lateral__B,left_lateral,B,10,265,1,0.808330774307251,1
xgb,left_lateral__C,left_lateral,C,1,249,0,0.002706505823880434,0
xgb,left_lateral__C,left_lateral,C,1,249,0,0.044434692710638046,0
xgb,left_lateral__C,left_lateral,C,1,249,0,0.9348417520523071,1
xgb,left_lateral__C,left_lateral,C,1,249,0,0.06109340861439705,0
xgb,left_lateral__C,left_lateral,C,1,249,0,0.011834374628961086,0
xgb,left_lateral__C,left_lateral,C,1,249,0,0.7600761651992798,1
xgb,left_lateral__C,left_lateral,C,1,249,0,0.007145112380385399,0
xgb,left_lateral__C,left_lateral,C,1,249,0,0.0051328763365745544,0
xgb,left_lateral__C,left_lateral,C,1,249,0,0.0249136034399271,0
xgb,left_lateral__C,left_lateral,C,1,249,0,0.005563399288803339,0
xgb,left_lateral__C,left_lateral,C,1,249,0,0.003091450547799468,0
xgb,left_lateral__C,left_lateral,C,1,249,0,0.34831979870796204,0
xgb,left_lateral__C,left_lateral,C,1,249,0,0.10481828451156616,0
xgb,left_lateral__C,left_lateral,C,1,249,0,0.9971426129341125,1
xgb,left_lateral__C,left_lateral,C,1,249,0,0.001748543931171298,0
xgb,left_lateral__C,left_lateral,C,1,249,1,0.8394815325737,1
xgb,left_lateral__C,left_lateral,C,1,249,1,0.6760777235031128,1
xgb,left_lateral__C,left_lateral,C,1,249,1,0.9865901470184326,1
xgb,left_lateral__C,left_lateral,C,1,249,1,0.9697239995002747,1
xgb,left_lateral__C,left_lateral,C,1,249,1,0.9550908803939819,1
xgb,left_lateral__C,left_lateral,C,1,249,1,0.16795051097869873,0
xgb,left_lateral__C,left_lateral,C,1,249,1,0.4742376208305359,0
xgb,left_lateral__C,left_lateral,C,1,249,1,0.7411062121391296,1
xgb,left_lateral__C,left_lateral,C,1,249,1,0.8281411528587341,1
xgb,left_lateral__C,left_lateral,C,1,249,1,0.9157940149307251,1
xgb,left_lateral__C,left_lateral,C,1,249,1,0.15143698453903198,0
xgb,left_lateral__C,left_lateral,C,1,249,1,0.7313410639762878,1
xgb,left_lateral__C,left_lateral,C,1,249,1,0.8670937418937683,1
xgb,left_lateral__C,left_lateral,C,1,249,1,0.9645489454269409,1
xgb,left_lateral__C,left_lateral,C,1,249,1,0.9102053046226501,1
xgb,left_lateral__C,left_lateral,C,1,249,1,0.6048865914344788,1
xgb,left_lateral__C,left_lateral,C,1,249,1,0.9747543334960938,1
xgb,left_lateral__C,left_lateral,C,2,219,0,0.22164113819599152,0
xgb,left_lateral__C,left_lateral,C,2,219,0,0.951647162437439,1
xgb,left_lateral__C,left_lateral,C,2,219,0,0.9933409094810486,1
xgb,left_lateral__C,left_lateral,C,2,219,0,0.9826037287712097,1
xgb,left_lateral__C,left_lateral,C,2,219,0,0.928562343120575,1
xgb,left_lateral__C,left_lateral,C,2,219,0,0.9965674877166748,1
xgb,left_lateral__C,left_lateral,C,2,219,0,0.9587996602058411,1
xgb,left_lateral__C,left_lateral,C,2,219,0,0.001530209556221962,0
xgb,left_lateral__C,left_lateral,C,2,219,0,0.9910378456115723,1
xgb,left_lateral__C,left_lateral,C,2,219,0,0.0161348395049572,0
xgb,left_lateral__C,left_lateral,C,2,219,0,0.6163486242294312,1
xgb,left_lateral__C,left_lateral,C,2,219,0,0.8406854867935181,1
xgb,left_lateral__C,left_lateral,C,2,219,0,0.0026534167118370533,0
xgb,left_lateral__C,left_lateral,C,2,219,0,0.6115232110023499,1
xgb,left_lateral__C,left_lateral,C,2,219,1,0.8611032962799072,1
xgb,left_lateral__C,left_lateral,C,2,219,1,0.988384485244751,1
xgb,left_lateral__C,left_lateral,C,2,219,1,0.9838778972625732,1
xgb,left_lateral__C,left_lateral,C,2,219,1,0.9964689016342163,1
xgb,left_lateral__C,left_lateral,C,2,219,1,0.9776337742805481,1
xgb,left_lateral__C,left_lateral,C,2,219,1,0.8674065470695496,1
xgb,left_lateral__C,left_lateral,C,2,219,1,0.9905576705932617,1
xgb,left_lateral__C,left_lateral,C,2,219,1,0.9815055727958679,1
xgb,left_lateral__C,left_lateral,C,2,219,1,0.9534911513328552,1
xgb,left_lateral__C,left_lateral,C,2,219,1,0.9055421948432922,1
xgb,left_lateral__C,left_lateral,C,2,219,1,0.9555916786193848,1
xgb,left_lateral__C,left_lateral,C,2,219,1,0.9780263304710388,1
xgb,left_lateral__C,left_lateral,C,2,219,1,0.9752141833305359,1
xgb,left_lateral__C,left_lateral,C,2,219,1,0.9464658498764038,1
xgb,left_lateral__C,left_lateral,C,2,219,1,0.9537585973739624,1
xgb,left_lateral__C,left_lateral,C,2,219,1,0.9748543500900269,1
xgb,left_lateral__C,left_lateral,C,3,313,0,0.11144763231277466,0
xgb,left_lateral__C,left_lateral,C,3,313,0,0.05125948786735535,0
xgb,left_lateral__C,left_lateral,C,3,313,0,0.04149690270423889,0
xgb,left_lateral__C,left_lateral,C,3,313,0,0.12509530782699585,0
xgb,left_lateral__C,left_lateral,C,3,313,0,0.23039443790912628,0
xgb,left_lateral__C,left_lateral,C,3,313,0,0.27661439776420593,0
xgb,left_lateral__C,left_lateral,C,3,313,0,0.15293782949447632,0
xgb,left_lateral__C,left_lateral,C,3,313,0,0.9253563284873962,1
xgb,left_lateral__C,left_lateral,C,3,313,0,0.3990466296672821,0
xgb,left_lateral__C,left_lateral,C,3,313,0,0.060077082365751266,0
xgb,left_lateral__C,left_lateral,C,3,313,0,0.024053726345300674,0
xgb,left_lateral__C,left_lateral,C,3,313,0,0.13356034457683563,0
xgb,left_lateral__C,left_lateral,C,3,313,0,0.08041797578334808,0
xgb,left_lateral__C,left_lateral,C,3,313,0,0.017007170245051384,0
xgb,left_lateral__C,left_lateral,C,3,313,0,0.05388807877898216,0
xgb,left_lateral__C,left_lateral,C,3,313,1,0.18958231806755066,0
xgb,left_lateral__C,left_lateral,C,3,313,1,0.27173513174057007,0
xgb,left_lateral__C,left_lateral,C,3,313,1,0.11327289044857025,0
xgb,left_lateral__C,left_lateral,C,3,313,1,0.0327724814414978,0
xgb,left_lateral__C,left_lateral,C,3,313,1,0.14889918267726898,0
xgb,left_lateral__C,left_lateral,C,3,313,1,0.3344765305519104,0
xgb,left_lateral__C,left_lateral,C,3,313,1,0.20816971361637115,0
xgb,left_lateral__C,left_lateral,C,3,313,1,0.37631547451019287,0
xgb,left_lateral__C,left_lateral,C,3,313,1,0.08313079178333282,0
xgb,left_lateral__C,left_lateral,C,3,313,1,0.250264436006546,0
xgb,left_lateral__C,left_lateral,C,3,313,1,0.1896287053823471,0
xgb,left_lateral__C,left_lateral,C,3,313,1,0.29318979382514954,0
xgb,left_lateral__C,left_lateral,C,3,313,1,0.22083406150341034,0
xgb,left_lateral__C,left_lateral,C,3,313,1,0.2893049716949463,0
xgb,left_lateral__C,left_lateral,C,4,318,0,0.3477237820625305,0
xgb,left_lateral__C,left_lateral,C,4,318,0,0.5346550345420837,1
xgb,left_lateral__C,left_lateral,C,4,318,0,0.16898179054260254,0
xgb,left_lateral__C,left_lateral,C,4,318,0,0.20440053939819336,0
xgb,left_lateral__C,left_lateral,C,4,318,0,0.45118120312690735,0
xgb,left_lateral__C,left_lateral,C,4,318,0,0.37319111824035645,0
xgb,left_lateral__C,left_lateral,C,4,318,0,0.07400678843259811,0
xgb,left_lateral__C,left_lateral,C,4,318,0,0.0016502196667715907,0
xgb,left_lateral__C,left_lateral,C,4,318,0,0.045779574662446976,0
xgb,left_lateral__C,left_lateral,C,4,318,0,0.29157355427742004,0
xgb,left_lateral__C,left_lateral,C,4,318,0,0.13073201477527618,0
xgb,left_lateral__C,left_lateral,C,4,318,0,0.0882817879319191,0
xgb,left_lateral__C,left_lateral,C,4,318,0,0.09732287377119064,0
xgb,left_lateral__C,left_lateral,C,4,318,0,0.4882644712924957,0
xgb,left_lateral__C,left_lateral,C,4,318,1,0.0510561503469944,0
xgb,left_lateral__C,left_lateral,C,4,318,1,0.9130674600601196,1
xgb,left_lateral__C,left_lateral,C,4,318,1,0.8013693690299988,1
xgb,left_lateral__C,left_lateral,C,4,318,1,0.8429402112960815,1
xgb,left_lateral__C,left_lateral,C,4,318,1,0.8010201454162598,1
xgb,left_lateral__C,left_lateral,C,4,318,1,0.05813096463680267,0
xgb,left_lateral__C,left_lateral,C,4,318,1,0.7776114344596863,1
xgb,left_lateral__C,left_lateral,C,4,318,1,0.1525786817073822,0
xgb,left_lateral__C,left_lateral,C,4,318,1,0.8763992786407471,1
xgb,left_lateral__C,left_lateral,C,4,318,1,0.9473430514335632,1
xgb,left_lateral__C,left_lateral,C,4,318,1,0.6919613480567932,1
xgb,left_lateral__C,left_lateral,C,4,318,1,0.8104845881462097,1
xgb,left_lateral__C,left_lateral,C,4,318,1,0.7017924785614014,1
xgb,left_lateral__C,left_lateral,C,4,318,1,0.8636217713356018,1
xgb,left_lateral__C,left_lateral,C,5,300,0,0.9647083282470703,1
xgb,left_lateral__C,left_lateral,C,5,300,0,0.8393345475196838,1
xgb,left_lateral__C,left_lateral,C,5,300,0,0.9089182019233704,1
xgb,left_lateral__C,left_lateral,C,5,300,0,0.20431113243103027,0
xgb,left_lateral__C,left_lateral,C,5,300,0,0.9510037302970886,1
xgb,left_lateral__C,left_lateral,C,5,300,0,0.9507118463516235,1
xgb,left_lateral__C,left_lateral,C,5,300,0,0.978132963180542,1
xgb,left_lateral__C,left_lateral,C,5,300,0,0.9866759181022644,1
xgb,left_lateral__C,left_lateral,C,5,300,0,0.9207013845443726,1
xgb,left_lateral__C,left_lateral,C,5,300,0,0.9108787178993225,1
xgb,left_lateral__C,left_lateral,C,5,300,0,0.848349928855896,1
xgb,left_lateral__C,left_lateral,C,5,300,0,0.8018788695335388,1
xgb,left_lateral__C,left_lateral,C,5,300,0,0.972261369228363,1
xgb,left_lateral__C,left_lateral,C,5,300,0,0.9162383079528809,1
xgb,left_lateral__C,left_lateral,C,5,300,1,0.9701752662658691,1
xgb,left_lateral__C,left_lateral,C,5,300,1,0.9601149559020996,1
xgb,left_lateral__C,left_lateral,C,5,300,1,0.6934968829154968,1
xgb,left_lateral__C,left_lateral,C,5,300,1,0.9811991453170776,1
xgb,left_lateral__C,left_lateral,C,5,300,1,0.9917614459991455,1
xgb,left_lateral__C,left_lateral,C,5,300,1,0.9206209778785706,1
xgb,left_lateral__C,left_lateral,C,5,300,1,0.956246554851532,1
xgb,left_lateral__C,left_lateral,C,5,300,1,0.9650487303733826,1
xgb,left_lateral__C,left_lateral,C,5,300,1,0.9430903792381287,1
xgb,left_lateral__C,left_lateral,C,5,300,1,0.9312931299209595,1
xgb,left_lateral__C,left_lateral,C,5,300,1,0.9244059920310974,1
xgb,left_lateral__C,left_lateral,C,5,300,1,0.9644082188606262,1
xgb,left_lateral__C,left_lateral,C,5,300,1,0.9664554595947266,1
xgb,left_lateral__C,left_lateral,C,5,300,1,0.9197240471839905,1
xgb,left_lateral__C,left_lateral,C,6,271,0,0.32173964381217957,0
xgb,left_lateral__C,left_lateral,C,6,271,0,0.6024519205093384,1
xgb,left_lateral__C,left_lateral,C,6,271,0,0.3011999726295471,0
xgb,left_lateral__C,left_lateral,C,6,271,0,0.9567035436630249,1
xgb,left_lateral__C,left_lateral,C,6,271,0,0.01944352500140667,0
xgb,left_lateral__C,left_lateral,C,6,271,0,0.2370399832725525,0
xgb,left_lateral__C,left_lateral,C,6,271,0,0.39164257049560547,0
xgb,left_lateral__C,left_lateral,C,6,271,0,0.0007146719726733863,0
xgb,left_lateral__C,left_lateral,C,6,271,0,0.001010414445772767,0
xgb,left_lateral__C,left_lateral,C,6,271,0,0.09310327470302582,0
xgb,left_lateral__C,left_lateral,C,6,271,0,0.3724580705165863,0
xgb,left_lateral__C,left_lateral,C,6,271,0,0.024757107719779015,0
xgb,left_lateral__C,left_lateral,C,6,271,0,0.36088088154792786,0
xgb,left_lateral__C,left_lateral,C,6,271,0,0.1386297196149826,0
xgb,left_lateral__C,left_lateral,C,6,271,1,0.2613539695739746,0
xgb,left_lateral__C,left_lateral,C,6,271,1,0.9091774225234985,1
xgb,left_lateral__C,left_lateral,C,6,271,1,0.13094757497310638,0
xgb,left_lateral__C,left_lateral,C,6,271,1,0.48234114050865173,0
xgb,left_lateral__C,left_lateral,C,6,271,1,0.7559463381767273,1
xgb,left_lateral__C,left_lateral,C,6,271,1,0.6821756958961487,1
xgb,left_lateral__C,left_lateral,C,6,271,1,0.9025734663009644,1
xgb,left_lateral__C,left_lateral,C,6,271,1,0.8403007388114929,1
xgb,left_lateral__C,left_lateral,C,6,271,1,0.9602071642875671,1
xgb,left_lateral__C,left_lateral,C,6,271,1,0.8405019640922546,1
xgb,left_lateral__C,left_lateral,C,6,271,1,0.5521954894065857,1
xgb,left_lateral__C,left_lateral,C,6,271,1,0.9957637786865234,1
xgb,left_lateral__C,left_lateral,C,6,271,1,0.9863941073417664,1
xgb,left_lateral__C,left_lateral,C,6,271,1,0.9113767743110657,1
xgb,left_lateral__C,left_lateral,C,7,251,0,0.000471883628051728,0
xgb,left_lateral__C,left_lateral,C,7,251,0,0.001262297504581511,0
xgb,left_lateral__C,left_lateral,C,7,251,0,0.0007550479494966567,0
xgb,left_lateral__C,left_lateral,C,7,251,0,0.0008928481838665903,0
xgb,left_lateral__C,left_lateral,C,7,251,0,0.0003774874785449356,0
xgb,left_lateral__C,left_lateral,C,7,251,0,0.001765554305166006,0
xgb,left_lateral__C,left_lateral,C,7,251,0,0.012404808774590492,0
xgb,left_lateral__C,left_lateral,C,7,251,0,0.0007371580577455461,0
xgb,left_lateral__C,left_lateral,C,7,251,0,0.0021525064948946238,0
xgb,left_lateral__C,left_lateral,C,7,251,0,0.0007439988548867404,0
xgb,left_lateral__C,left_lateral,C,7,251,0,0.0009165792143903673,0
xgb,left_lateral__C,left_lateral,C,7,251,0,0.0023000051733106375,0
xgb,left_lateral__C,left_lateral,C,7,251,0,0.0271342433989048,0
xgb,left_lateral__C,left_lateral,C,7,251,0,0.0008020855020731688,0
xgb,left_lateral__C,left_lateral,C,7,251,1,0.059501707553863525,0
xgb,left_lateral__C,left_lateral,C,7,251,1,0.05593854561448097,0
xgb,left_lateral__C,left_lateral,C,7,251,1,0.013633577153086662,0
xgb,left_lateral__C,left_lateral,C,7,251,1,0.001736783073283732,0
xgb,left_lateral__C,left_lateral,C,7,251,1,0.00032249707146547735,0
xgb,left_lateral__C,left_lateral,C,7,251,1,0.022026531398296356,0
xgb,left_lateral__C,left_lateral,C,7,251,1,0.041686881333589554,0
xgb,left_lateral__C,left_lateral,C,7,251,1,0.015070815570652485,0
xgb,left_lateral__C,left_lateral,C,7,251,1,0.26711174845695496,0
xgb,left_lateral__C,left_lateral,C,7,251,1,0.004485969431698322,0
xgb,left_lateral__C,left_lateral,C,7,251,1,0.0027705570682883263,0
xgb,left_lateral__C,left_lateral,C,7,251,1,0.04582909122109413,0
xgb,left_lateral__C,left_lateral,C,7,251,1,0.5608924031257629,1
xgb,left_lateral__C,left_lateral,C,8,282,0,0.0029364661313593388,0
xgb,left_lateral__C,left_lateral,C,8,282,0,0.006657654419541359,0
xgb,left_lateral__C,left_lateral,C,8,282,0,0.002207092707976699,0
xgb,left_lateral__C,left_lateral,C,8,282,0,0.0351431630551815,0
xgb,left_lateral__C,left_lateral,C,8,282,0,0.06372886151075363,0
xgb,left_lateral__C,left_lateral,C,8,282,0,0.11958006024360657,0
xgb,left_lateral__C,left_lateral,C,8,282,0,0.003936119377613068,0
xgb,left_lateral__C,left_lateral,C,8,282,0,0.004667474888265133,0
xgb,left_lateral__C,left_lateral,C,8,282,0,0.002586336573585868,0
xgb,left_lateral__C,left_lateral,C,8,282,0,0.0056603350676596165,0
xgb,left_lateral__C,left_lateral,C,8,282,0,0.03710459917783737,0
xgb,left_lateral__C,left_lateral,C,8,282,0,0.000934318290092051,0
xgb,left_lateral__C,left_lateral,C,8,282,0,0.28110018372535706,0
xgb,left_lateral__C,left_lateral,C,8,282,0,0.0073312935419380665,0
xgb,left_lateral__C,left_lateral,C,8,282,1,0.9245829582214355,1
xgb,left_lateral__C,left_lateral,C,8,282,1,0.9112532138824463,1
xgb,left_lateral__C,left_lateral,C,8,282,1,0.632790744304657,1
xgb,left_lateral__C,left_lateral,C,8,282,1,0.9591744542121887,1
xgb,left_lateral__C,left_lateral,C,8,282,1,0.8287432789802551,1
xgb,left_lateral__C,left_lateral,C,8,282,1,0.3617148697376251,0
xgb,left_lateral__C,left_lateral,C,8,282,1,0.7648254632949829,1
xgb,left_lateral__C,left_lateral,C,8,282,1,0.9695825576782227,1
xgb,left_lateral__C,left_lateral,C,8,282,1,0.9668112993240356,1
xgb,left_lateral__C,left_lateral,C,8,282,1,0.9061596393585205,1
xgb,left_lateral__C,left_lateral,C,8,282,1,0.9409874081611633,1
xgb,left_lateral__C,left_lateral,C,9,210,0,0.005566191393882036,0
xgb,left_lateral__C,left_lateral,C,9,210,0,0.08703527599573135,0
xgb,left_lateral__C,left_lateral,C,9,210,0,0.04171948879957199,0
xgb,left_lateral__C,left_lateral,C,9,210,0,0.04635973647236824,0
xgb,left_lateral__C,left_lateral,C,9,210,0,0.005439486354589462,0
xgb,left_lateral__C,left_lateral,C,9,210,0,0.08091830462217331,0
xgb,left_lateral__C,left_lateral,C,9,210,0,0.052437253296375275,0
xgb,left_lateral__C,left_lateral,C,9,210,0,0.9377939105033875,1
xgb,left_lateral__C,left_lateral,C,9,210,0,0.06324184685945511,0
xgb,left_lateral__C,left_lateral,C,9,210,0,0.025290561839938164,0
xgb,left_lateral__C,left_lateral,C,9,210,0,0.009804742410779,0
xgb,left_lateral__C,left_lateral,C,9,210,0,0.0020030082669109106,0
xgb,left_lateral__C,left_lateral,C,9,210,0,0.08402712643146515,0
xgb,left_lateral__C,left_lateral,C,9,210,0,0.031498413532972336,0
xgb,left_lateral__C,left_lateral,C,9,210,1,0.9120486974716187,1
xgb,left_lateral__C,left_lateral,C,9,210,1,0.973173975944519,1
xgb,left_lateral__C,left_lateral,C,9,210,1,0.8903859257698059,1
xgb,left_lateral__C,left_lateral,C,9,210,1,0.5832020044326782,1
xgb,left_lateral__C,left_lateral,C,9,210,1,0.9914482831954956,1
xgb,left_lateral__C,left_lateral,C,9,210,1,0.9289925694465637,1
xgb,left_lateral__C,left_lateral,C,9,210,1,0.7787156105041504,1
xgb,left_lateral__C,left_lateral,C,9,210,1,0.9884195327758789,1
xgb,left_lateral__C,left_lateral,C,9,210,1,0.9939976930618286,1
xgb,left_lateral__C,left_lateral,C,9,210,1,0.9900869727134705,1
xgb,left_lateral__C,left_lateral,C,9,210,1,0.9959086179733276,1
xgb,left_lateral__C,left_lateral,C,10,265,0,0.010663044638931751,0
xgb,left_lateral__C,left_lateral,C,10,265,0,0.08757457882165909,0
xgb,left_lateral__C,left_lateral,C,10,265,0,0.5670003890991211,1
xgb,left_lateral__C,left_lateral,C,10,265,0,0.572646975517273,1
xgb,left_lateral__C,left_lateral,C,10,265,0,0.9026567935943604,1
xgb,left_lateral__C,left_lateral,C,10,265,0,0.24217049777507782,0
xgb,left_lateral__C,left_lateral,C,10,265,0,0.6266596913337708,1
xgb,left_lateral__C,left_lateral,C,10,265,0,0.6686768531799316,1
xgb,left_lateral__C,left_lateral,C,10,265,0,0.02157999575138092,0
xgb,left_lateral__C,left_lateral,C,10,265,0,0.21384288370609283,0
xgb,left_lateral__C,left_lateral,C,10,265,0,0.20289665460586548,0
xgb,left_lateral__C,left_lateral,C,10,265,0,0.031148865818977356,0
xgb,left_lateral__C,left_lateral,C,10,265,0,0.6545615196228027,1
xgb,left_lateral__C,left_lateral,C,10,265,1,0.01969057321548462,0
xgb,left_lateral__C,left_lateral,C,10,265,1,0.04690558835864067,0
xgb,left_lateral__C,left_lateral,C,10,265,1,0.9289032220840454,1
xgb,left_lateral__C,left_lateral,C,10,265,1,0.9918631315231323,1
xgb,left_lateral__C,left_lateral,C,10,265,1,0.23435592651367188,0
xgb,left_lateral__C,left_lateral,C,10,265,1,0.04482086002826691,0
xgb,left_lateral__C,left_lateral,C,10,265,1,0.052718959748744965,0
xgb,left_lateral__C,left_lateral,C,10,265,1,0.9177762269973755,1
xgb,left_lateral__C,left_lateral,C,10,265,1,0.9517293572425842,1
xgb,left_lateral__C,left_lateral,C,10,265,1,0.8919274210929871,1
xgb,left_lateral__C,left_lateral,C,10,265,1,0.3201383948326111,0
xgb,right_lateral__A,right_lateral,A,1,249,0,0.012607610784471035,0
xgb,right_lateral__A,right_lateral,A,1,249,0,0.7797402739524841,1
xgb,right_lateral__A,right_lateral,A,1,249,0,0.10921154916286469,0
xgb,right_lateral__A,right_lateral,A,1,249,0,0.0036433550994843245,0
xgb,right_lateral__A,right_lateral,A,1,249,0,0.000862377230077982,0
xgb,right_lateral__A,right_lateral,A,1,249,0,0.40224456787109375,0
xgb,right_lateral__A,right_lateral,A,1,249,0,0.014262820594012737,0
xgb,right_lateral__A,right_lateral,A,1,249,0,0.034402888268232346,0
xgb,right_lateral__A,right_lateral,A,1,249,0,0.06415243446826935,0
xgb,right_lateral__A,right_lateral,A,1,249,0,0.018372010439634323,0
xgb,right_lateral__A,right_lateral,A,1,249,0,0.005057305563241243,0
xgb,right_lateral__A,right_lateral,A,1,249,0,0.37591826915740967,0
xgb,right_lateral__A,right_lateral,A,1,249,0,0.5604935884475708,1
xgb,right_lateral__A,right_lateral,A,1,249,0,0.3700694441795349,0
xgb,right_lateral__A,right_lateral,A,1,249,0,0.003956914413720369,0
xgb,right_lateral__A,right_lateral,A,1,249,1,0.9733734130859375,1
xgb,right_lateral__A,right_lateral,A,1,249,1,0.9961687922477722,1
xgb,right_lateral__A,right_lateral,A,1,249,1,0.8447374105453491,1
xgb,right_lateral__A,right_lateral,A,1,249,1,0.9987338185310364,1
xgb,right_lateral__A,right_lateral,A,1,249,1,0.9946587681770325,1
xgb,right_lateral__A,right_lateral,A,1,249,1,0.7143970131874084,1
xgb,right_lateral__A,right_lateral,A,1,249,1,0.8525248765945435,1
xgb,right_lateral__A,right_lateral,A,1,249,1,0.9767289161682129,1
xgb,right_lateral__A,right_lateral,A,1,249,1,0.9807978272438049,1
xgb,right_lateral__A,right_lateral,A,1,249,1,0.4654701352119446,0
xgb,right_lateral__A,right_lateral,A,1,249,1,0.43733879923820496,0
xgb,right_lateral__A,right_lateral,A,1,249,1,0.6004682183265686,1
xgb,right_lateral__A,right_lateral,A,1,249,1,0.24419499933719635,0
xgb,right_lateral__A,right_lateral,A,1,249,1,0.6001147627830505,1
xgb,right_lateral__A,right_lateral,A,1,249,1,0.893047034740448,1
xgb,right_lateral__A,right_lateral,A,1,249,1,0.8028638362884521,1
xgb,right_lateral__A,right_lateral,A,1,249,1,0.8844945430755615,1
xgb,right_lateral__A,right_lateral,A,2,219,0,0.867825448513031,1
xgb,right_lateral__A,right_lateral,A,2,219,0,0.9591304659843445,1
xgb,right_lateral__A,right_lateral,A,2,219,0,0.984088659286499,1
xgb,right_lateral__A,right_lateral,A,2,219,0,0.9859269857406616,1
xgb,right_lateral__A,right_lateral,A,2,219,0,0.9846138954162598,1
xgb,right_lateral__A,right_lateral,A,2,219,0,0.7826700806617737,1
xgb,right_lateral__A,right_lateral,A,2,219,0,0.5994734168052673,1
xgb,right_lateral__A,right_lateral,A,2,219,0,0.009413354098796844,0
xgb,right_lateral__A,right_lateral,A,2,219,0,0.9910041093826294,1
xgb,right_lateral__A,right_lateral,A,2,219,0,0.10768397897481918,0
xgb,right_lateral__A,right_lateral,A,2,219,0,0.04763154685497284,0
xgb,right_lateral__A,right_lateral,A,2,219,0,0.6316725015640259,1
xgb,right_lateral__A,right_lateral,A,2,219,0,0.06786744296550751,0
xgb,right_lateral__A,right_lateral,A,2,219,0,0.22675879299640656,0
xgb,right_lateral__A,right_lateral,A,2,219,1,0.8753816485404968,1
xgb,right_lateral__A,right_lateral,A,2,219,1,0.6699901819229126,1
xgb,right_lateral__A,right_lateral,A,2,219,1,0.7077256441116333,1
xgb,right_lateral__A,right_lateral,A,2,219,1,0.8643234372138977,1
xgb,right_lateral__A,right_lateral,A,2,219,1,0.7877886891365051,1
xgb,right_lateral__A,right_lateral,A,2,219,1,0.8253361582756042,1
xgb,right_lateral__A,right_lateral,A,2,219,1,0.650793194770813,1
xgb,right_lateral__A,right_lateral,A,2,219,1,0.8186228275299072,1
xgb,right_lateral__A,right_lateral,A,2,219,1,0.9238531589508057,1
xgb,right_lateral__A,right_lateral,A,2,219,1,0.6962490677833557,1
xgb,right_lateral__A,right_lateral,A,2,219,1,0.8680305480957031,1
xgb,right_lateral__A,right_lateral,A,2,219,1,0.6171206831932068,1
xgb,right_lateral__A,right_lateral,A,2,219,1,0.9715157151222229,1
xgb,right_lateral__A,right_lateral,A,2,219,1,0.752331554889679,1
xgb,right_lateral__A,right_lateral,A,2,219,1,0.8534210324287415,1
xgb,right_lateral__A,right_lateral,A,2,219,1,0.5854671597480774,1
xgb,right_lateral__A,right_lateral,A,3,313,0,0.482965350151062,0
xgb,right_lateral__A,right_lateral,A,3,313,0,0.7037333846092224,1
xgb,right_lateral__A,right_lateral,A,3,313,0,0.1225273385643959,0
xgb,right_lateral__A,right_lateral,A,3,313,0,0.8771306872367859,1
xgb,right_lateral__A,right_lateral,A,3,313,0,0.970231831073761,1
xgb,right_lateral__A,right_lateral,A,3,313,0,0.5858008861541748,1
xgb,right_lateral__A,right_lateral,A,3,313,0,0.5224576592445374,1
xgb,right_lateral__A,right_lateral,A,3,313,0,0.6618382930755615,1
xgb,right_lateral__A,right_lateral,A,3,313,0,0.026800574734807014,0
xgb,right_lateral__A,right_lateral,A,3,313,0,0.9975256323814392,1
xgb,right_lateral__A,right_lateral,A,3,313,0,0.09461826831102371,0
xgb,right_lateral__A,right_lateral,A,3,313,0,0.17518849670886993,0
xgb,right_lateral__A,right_lateral,A,3,313,0,0.2537035048007965,0
xgb,right_lateral__A,right_lateral,A,3,313,0,0.10864808410406113,0
xgb,right_lateral__A,right_lateral,A,3,313,0,0.10491158813238144,0
xgb,right_lateral__A,right_lateral,A,3,313,1,0.3333105146884918,0
xgb,right_lateral__A,right_lateral,A,3,313,1,0.08396521210670471,0
xgb,right_lateral__A,right_lateral,A,3,313,1,0.5987095236778259,1
xgb,right_lateral__A,right_lateral,A,3,313,1,0.5858008861541748,1
xgb,right_lateral__A,right_lateral,A,3,313,1,0.6502113342285156,1
xgb,right_lateral__A,right_lateral,A,3,313,1,0.6626479625701904,1
xgb,right_lateral__A,right_lateral,A,3,313,1,0.30953675508499146,0
xgb,right_lateral__A,right_lateral,A,3,313,1,0.6675005555152893,1
xgb,right_lateral__A,right_lateral,A,3,313,1,0.8127392530441284,1
xgb,right_lateral__A,right_lateral,A,3,313,1,0.1992664635181427,0
xgb,right_lateral__A,right_lateral,A,3,313,1,0.26544874906539917,0
xgb,right_lateral__A,right_lateral,A,3,313,1,0.18428844213485718,0
xgb,right_lateral__A,right_lateral,A,3,313,1,0.36114606261253357,0
xgb,right_lateral__A,right_lateral,A,3,313,1,0.43492236733436584,0
xgb,right_lateral__A,right_lateral,A,4,318,0,0.9569374918937683,1
xgb,right_lateral__A,right_lateral,A,4,318,0,0.5597884654998779,1
xgb,right_lateral__A,right_lateral,A,4,318,0,0.47485607862472534,0
xgb,right_lateral__A,right_lateral,A,4,318,0,0.12551699578762054,0
xgb,right_lateral__A,right_lateral,A,4,318,0,0.8351612091064453,1
xgb,right_lateral__A,right_lateral,A,4,318,0,0.2920777499675751,0
xgb,right_lateral__A,right_lateral,A,4,318,0,0.13758675754070282,0
xgb,right_lateral__A,right_lateral,A,4,318,0,0.010169916786253452,0
xgb,right_lateral__A,right_lateral,A,4,318,0,0.6817066669464111,1
xgb,right_lateral__A,right_lateral,A,4,318,0,0.23044881224632263,0
xgb,right_lateral__A,right_lateral,A,4,318,0,0.40981775522232056,0
xgb,right_lateral__A,right_lateral,A,4,318,0,0.13003067672252655,0
xgb,right_lateral__A,right_lateral,A,4,318,0,0.6187138557434082,1
xgb,right_lateral__A,right_lateral,A,4,318,0,0.3332362174987793,0
xgb,right_lateral__A,right_lateral,A,4,318,1,0.005211253650486469,0
xgb,right_lateral__A,right_lateral,A,4,318,1,0.6104781031608582,1
xgb,right_lateral__A,right_lateral,A,4,318,1,0.478292852640152,0
xgb,right_lateral__A,right_lateral,A,4,318,1,0.894123911857605,1
xgb,right_lateral__A,right_lateral,A,4,318,1,0.5277900695800781,1
xgb,right_lateral__A,right_lateral,A,4,318,1,0.25976234674453735,0
xgb,right_lateral__A,right_lateral,A,4,318,1,0.4576142728328705,0
xgb,right_lateral__A,right_lateral,A,4,318,1,0.7355470657348633,1
xgb,right_lateral__A,right_lateral,A,4,318,1,0.9479063153266907,1
xgb,right_lateral__A,right_lateral,A,4,318,1,0.8851467967033386,1
xgb,right_lateral__A,right_lateral,A,4,318,1,0.2830926179885864,0
xgb,right_lateral__A,right_lateral,A,4,318,1,0.07894758880138397,0
xgb,right_lateral__A,right_lateral,A,4,318,1,0.090810127556324,0
xgb,right_lateral__A,right_lateral,A,4,318,1,0.36018142104148865,0
xgb,right_lateral__A,right_lateral,A,5,300,0,0.9556159377098083,1
xgb,right_lateral__A,right_lateral,A,5,300,0,0.9977769255638123,1
xgb,right_lateral__A,right_lateral,A,5,300,0,0.9527672529220581,1
xgb,right_lateral__A,right_lateral,A,5,300,0,0.9787499904632568,1
xgb,right_lateral__A,right_lateral,A,5,300,0,0.9563905596733093,1
xgb,right_lateral__A,right_lateral,A,5,300,0,0.991214394569397,1
xgb,right_lateral__A,right_lateral,A,5,300,0,0.9900428056716919,1
xgb,right_lateral__A,right_lateral,A,5,300,0,0.9726072549819946,1
xgb,right_lateral__A,right_lateral,A,5,300,0,0.9409943222999573,1
xgb,right_lateral__A,right_lateral,A,5,300,0,0.9257572889328003,1
xgb,right_lateral__A,right_lateral,A,5,300,0,0.9689605236053467,1
xgb,right_lateral__A,right_lateral,A,5,300,0,0.9617531299591064,1
xgb,right_lateral__A,right_lateral,A,5,300,0,0.9857732653617859,1
xgb,right_lateral__A,right_lateral,A,5,300,0,0.9956158399581909,1
xgb,right_lateral__A,right_lateral,A,5,300,1,0.9701722860336304,1
xgb,right_lateral__A,right_lateral,A,5,300,1,0.9924933314323425,1
xgb,right_lateral__A,right_lateral,A,5,300,1,0.9836057424545288,1
xgb,right_lateral__A,right_lateral,A,5,300,1,0.9841736555099487,1
xgb,right_lateral__A,right_lateral,A,5,300,1,0.9896837472915649,1
xgb,right_lateral__A,right_lateral,A,5,300,1,0.978869616985321,1
xgb,right_lateral__A,right_lateral,A,5,300,1,0.9906690120697021,1
xgb,right_lateral__A,right_lateral,A,5,300,1,0.9461658596992493,1
xgb,right_lateral__A,right_lateral,A,5,300,1,0.9948840737342834,1
xgb,right_lateral__A,right_lateral,A,5,300,1,0.9890261292457581,1
xgb,right_lateral__A,right_lateral,A,5,300,1,0.9939853549003601,1
xgb,right_lateral__A,right_lateral,A,5,300,1,0.986674964427948,1
xgb,right_lateral__A,right_lateral,A,5,300,1,0.9706328511238098,1
xgb,right_lateral__A,right_lateral,A,5,300,1,0.9273778796195984,1
xgb,right_lateral__A,right_lateral,A,6,271,0,0.7472624182701111,1
xgb,right_lateral__A,right_lateral,A,6,271,0,0.17962925136089325,0
xgb,right_lateral__A,right_lateral,A,6,271,0,0.03871602937579155,0
xgb,right_lateral__A,right_lateral,A,6,271,0,0.0641544982790947,0
xgb,right_lateral__A,right_lateral,A,6,271,0,0.8362618684768677,1
xgb,right_lateral__A,right_lateral,A,6,271,0,0.9223597049713135,1
xgb,right_lateral__A,right_lateral,A,6,271,0,0.2598085105419159,0
xgb,right_lateral__A,right_lateral,A,6,271,0,0.0006721839890815318,0
xgb,right_lateral__A,right_lateral,A,6,271,0,0.0018266862025484443,0
xgb,right_lateral__A,right_lateral,A,6,271,0,0.7216520309448242,1
xgb,right_lateral__A,right_lateral,A,6,271,0,0.037996090948581696,0
xgb,right_lateral__A,right_lateral,A,6,271,0,0.00717461621388793,0
xgb,right_lateral__A,right_lateral,A,6,271,0,0.05414821580052376,0
xgb,right_lateral__A,right_lateral,A,6,271,0,0.07515452802181244,0
xgb,right_lateral__A,right_lateral,A,6,271,1,0.4303683936595917,0
xgb,right_lateral__A,right_lateral,A,6,271,1,0.9955573678016663,1
xgb,right_lateral__A,right_lateral,A,6,271,1,0.7745729684829712,1
xgb,right_lateral__A,right_lateral,A,6,271,1,0.9713430404663086,1
xgb,right_lateral__A,right_lateral,A,6,271,1,0.9818516969680786,1
xgb,right_lateral__A,right_lateral,A,6,271,1,0.6893702149391174,1
xgb,right_lateral__A,right_lateral,A,6,271,1,0.9918947815895081,1
xgb,right_lateral__A,right_lateral,A,6,271,1,0.9334017038345337,1
xgb,right_lateral__A,right_lateral,A,6,271,1,0.9817594289779663,1
xgb,right_lateral__A,right_lateral,A,6,271,1,0.9785834550857544,1
xgb,right_lateral__A,right_lateral,A,6,271,1,0.9487931728363037,1
xgb,right_lateral__A,right_lateral,A,6,271,1,0.6381543874740601,1
xgb,right_lateral__A,right_lateral,A,6,271,1,0.9631878137588501,1
xgb,right_lateral__A,right_lateral,A,6,271,1,0.7304967641830444,1
xgb,right_lateral__A,right_lateral,A,7,251,0,0.006040959153324366,0
xgb,right_lateral__A,right_lateral,A,7,251,0,0.0012884100433439016,0
xgb,right_lateral__A,right_lateral,A,7,251,0,0.0007437790045514703,0
xgb,right_lateral__A,right_lateral,A,7,251,0,0.00221496750600636,0
xgb,right_lateral__A,right_lateral,A,7,251,0,0.0018726198468357325,0
xgb,right_lateral__A,right_lateral,A,7,251,0,0.0048652952536940575,0
xgb,right_lateral__A,right_lateral,A,7,251,0,0.004582071676850319,0
xgb,right_lateral__A,right_lateral,A,7,251,0,0.0031409184448421,0
xgb,right_lateral__A,right_lateral,A,7,251,0,0.0014340804191306233,0
xgb,right_lateral__A,right_lateral,A,7,251,0,0.0006026243208907545,0
xgb,right_lateral__A,right_lateral,A,7,251,0,0.0017139926785603166,0
xgb,right_lateral__A,right_lateral,A,7,251,0,0.0006026243208907545,0
xgb,right_lateral__A,right_lateral,A,7,251,0,0.0012486153282225132,0
xgb,right_lateral__A,right_lateral,A,7,251,0,0.0009235786856152117,0
xgb,right_lateral__A,right_lateral,A,7,251,1,0.005691142287105322,0
xgb,right_lateral__A,right_lateral,A,7,251,1,0.005428655073046684,0
xgb,right_lateral__A,right_lateral,A,7,251,1,0.01138613186776638,0
xgb,right_lateral__A,right_lateral,A,7,251,1,0.0054651107639074326,0
xgb,right_lateral__A,right_lateral,A,7,251,1,0.00843613687902689,0
xgb,right_lateral__A,right_lateral,A,7,251,1,0.00605041766539216,0
xgb,right_lateral__A,right_lateral,A,7,251,1,0.00232969899661839,0
xgb,right_lateral__A,right_lateral,A,7,251,1,0.0012263574171811342,0
xgb,right_lateral__A,right_lateral,A,7,251,1,0.1578495353460312,0
xgb,right_lateral__A,right_lateral,A,7,251,1,0.0023582400754094124,0
xgb,right_lateral__A,right_lateral,A,7,251,1,0.0029148587491363287,0
xgb,right_lateral__A,right_lateral,A,7,251,1,0.0067627523094415665,0
xgb,right_lateral__A,right_lateral,A,7,251,1,0.008999485522508621,0
xgb,right_lateral__A,right_lateral,A,8,282,0,0.0012144494103267789,0
xgb,right_lateral__A,right_lateral,A,8,282,0,0.006095126271247864,0
xgb,right_lateral__A,right_lateral,A,8,282,0,0.0028251546900719404,0
xgb,right_lateral__A,right_lateral,A,8,282,0,0.00839054025709629,0
xgb,right_lateral__A,right_lateral,A,8,282,0,0.002430445747449994,0
xgb,right_lateral__A,right_lateral,A,8,282,0,0.003897850401699543,0
xgb,right_lateral__A,right_lateral,A,8,282,0,0.0053930399008095264,0
xgb,right_lateral__A,right_lateral,A,8,282,0,0.026532039046287537,0
xgb,right_lateral__A,right_lateral,A,8,282,0,0.025069275870919228,0
xgb,right_lateral__A,right_lateral,A,8,282,0,0.008779013529419899,0
xgb,right_lateral__A,right_lateral,A,8,282,0,0.02486826293170452,0
xgb,right_lateral__A,right_lateral,A,8,282,0,0.0053379419259727,0
xgb,right_lateral__A,right_lateral,A,8,282,0,0.002724613295868039,0
xgb,right_lateral__A,right_lateral,A,8,282,0,0.0344729945063591,0
xgb,right_lateral__A,right_lateral,A,8,282,1,0.22345581650733948,0
xgb,right_lateral__A,right_lateral,A,8,282,1,0.567592978477478,1
xgb,right_lateral__A,right_lateral,A,8,282,1,0.19334667921066284,0
xgb,right_lateral__A,right_lateral,A,8,282,1,0.05022791773080826,0
xgb,right_lateral__A,right_lateral,A,8,282,1,0.5718222856521606,1
xgb,right_lateral__A,right_lateral,A,8,282,1,0.20101086795330048,0
xgb,right_lateral__A,right_lateral,A,8,282,1,0.013529513962566853,0
xgb,right_lateral__A,right_lateral,A,8,282,1,0.28387749195098877,0
xgb,right_lateral__A,right_lateral,A,8,282,1,0.2478581666946411,0
xgb,right_lateral__A,right_lateral,A,8,282,1,0.6571252942085266,1
xgb,right_lateral__A,right_lateral,A,8,282,1,0.11829722672700882,0
xgb,right_lateral__A,right_lateral,A,9,210,0,0.9477553367614746,1
xgb,right_lateral__A,right_lateral,A,9,210,0,0.04732309654355049,0
xgb,right_lateral__A,right_lateral,A,9,210,0,0.296692430973053,0
xgb,right_lateral__A,right_lateral,A,9,210,0,0.9139858484268188,1
xgb,right_lateral__A,right_lateral,A,9,210,0,0.08156768232584,0
xgb,right_lateral__A,right_lateral,A,9,210,0,0.8206804990768433,1
xgb,right_lateral__A,right_lateral,A,9,210,0,0.11085211485624313,0
xgb,right_lateral__A,right_lateral,A,9,210,0,0.8562249541282654,1
xgb,right_lateral__A,right_lateral,A,9,210,0,0.6998468041419983,1
xgb,right_lateral__A,right_lateral,A,9,210,0,0.08046805113554001,0
xgb,right_lateral__A,right_lateral,A,9,210,0,0.1131775751709938,0
xgb,right_lateral__A,right_lateral,A,9,210,0,0.06493724882602692,0
xgb,right_lateral__A,right_lateral,A,9,210,0,0.016217989847064018,0
xgb,right_lateral__A,right_lateral,A,9,210,0,0.9354430437088013,1
xgb,right_lateral__A,right_lateral,A,9,210,1,0.9966647028923035,1
xgb,right_lateral__A,right_lateral,A,9,210,1,0.9921008944511414,1
xgb,right_lateral__A,right_lateral,A,9,210,1,0.9970500469207764,1
xgb,right_lateral__A,right_lateral,A,9,210,1,0.9933852553367615,1
xgb,right_lateral__A,right_lateral,A,9,210,1,0.9967564940452576,1
xgb,right_lateral__A,right_lateral,A,9,210,1,0.993428647518158,1
xgb,right_lateral__A,right_lateral,A,9,210,1,0.9943358302116394,1
xgb,right_lateral__A,right_lateral,A,9,210,1,0.9504729509353638,1
xgb,right_lateral__A,right_lateral,A,9,210,1,0.7694082856178284,1
xgb,right_lateral__A,right_lateral,A,9,210,1,0.9960989952087402,1
xgb,right_lateral__A,right_lateral,A,9,210,1,0.9462844133377075,1
xgb,right_lateral__A,right_lateral,A,10,265,0,0.09717923402786255,0
xgb,right_lateral__A,right_lateral,A,10,265,0,0.16436125338077545,0
xgb,right_lateral__A,right_lateral,A,10,265,0,0.6085169315338135,1
xgb,right_lateral__A,right_lateral,A,10,265,0,0.23292747139930725,0
xgb,right_lateral__A,right_lateral,A,10,265,0,0.07322350889444351,0
xgb,right_lateral__A,right_lateral,A,10,265,0,0.9081886410713196,1
xgb,right_lateral__A,right_lateral,A,10,265,0,0.005927171092480421,0
xgb,right_lateral__A,right_lateral,A,10,265,0,0.15049313008785248,0
xgb,right_lateral__A,right_lateral,A,10,265,0,0.0972866341471672,0
xgb,right_lateral__A,right_lateral,A,10,265,0,0.17822319269180298,0
xgb,right_lateral__A,right_lateral,A,10,265,0,0.058845970779657364,0
xgb,right_lateral__A,right_lateral,A,10,265,0,0.010137591511011124,0
xgb,right_lateral__A,right_lateral,A,10,265,0,0.2863222658634186,0
xgb,right_lateral__A,right_lateral,A,10,265,1,0.024330779910087585,0
xgb,right_lateral__A,right_lateral,A,10,265,1,0.049588486552238464,0
xgb,right_lateral__A,right_lateral,A,10,265,1,0.9713219404220581,1
xgb,right_lateral__A,right_lateral,A,10,265,1,0.9675584435462952,1
xgb,right_lateral__A,right_lateral,A,10,265,1,0.4350316822528839,0
xgb,right_lateral__A,right_lateral,A,10,265,1,0.009655678644776344,0
xgb,right_lateral__A,right_lateral,A,10,265,1,0.01496969535946846,0
xgb,right_lateral__A,right_lateral,A,10,265,1,0.583037257194519,1
xgb,right_lateral__A,right_lateral,A,10,265,1,0.8646914958953857,1
xgb,right_lateral__A,right_lateral,A,10,265,1,0.6439113616943359,1
xgb,right_lateral__A,right_lateral,A,10,265,1,0.4747205376625061,0
xgb,right_lateral__B,right_lateral,B,1,249,0,0.9281168580055237,1
xgb,right_lateral__B,right_lateral,B,1,249,0,0.6301738023757935,1
xgb,right_lateral__B,right_lateral,B,1,249,0,0.6888189911842346,1
xgb,right_lateral__B,right_lateral,B,1,249,0,0.2513735592365265,0
xgb,right_lateral__B,right_lateral,B,1,249,0,0.5072581171989441,1
xgb,right_lateral__B,right_lateral,B,1,249,0,0.5627781748771667,1
xgb,right_lateral__B,right_lateral,B,1,249,0,0.6915085911750793,1
xgb,right_lateral__B,right_lateral,B,1,249,0,0.901336669921875,1
xgb,right_lateral__B,right_lateral,B,1,249,0,0.46517908573150635,0
xgb,right_lateral__B,right_lateral,B,1,249,0,0.5125102400779724,1
xgb,right_lateral__B,right_lateral,B,1,249,0,0.7602726817131042,1
xgb,right_lateral__B,right_lateral,B,1,249,0,0.8135495781898499,1
xgb,right_lateral__B,right_lateral,B,1,249,0,0.29996228218078613,0
xgb,right_lateral__B,right_lateral,B,1,249,0,0.6962082982063293,1
xgb,right_lateral__B,right_lateral,B,1,249,0,0.2677766680717468,0
xgb,right_lateral__B,right_lateral,B,1,249,1,0.0779590755701065,0
xgb,right_lateral__B,right_lateral,B,1,249,1,0.7516642212867737,1
xgb,right_lateral__B,right_lateral,B,1,249,1,0.4238661527633667,0
xgb,right_lateral__B,right_lateral,B,1,249,1,0.30361467599868774,0
xgb,right_lateral__B,right_lateral,B,1,249,1,0.7235063314437866,1
xgb,right_lateral__B,right_lateral,B,1,249,1,0.4641776382923126,0
xgb,right_lateral__B,right_lateral,B,1,249,1,0.9814352989196777,1
xgb,right_lateral__B,right_lateral,B,1,249,1,0.5699803829193115,1
xgb,right_lateral__B,right_lateral,B,1,249,1,0.04395335167646408,0
xgb,right_lateral__B,right_lateral,B,1,249,1,0.3123199939727783,0
xgb,right_lateral__B,right_lateral,B,1,249,1,0.31942111253738403,0
xgb,right_lateral__B,right_lateral,B,1,249,1,0.5067147612571716,1
xgb,right_lateral__B,right_lateral,B,1,249,1,0.46678176522254944,0
xgb,right_lateral__B,right_lateral,B,1,249,1,0.22708605229854584,0
xgb,right_lateral__B,right_lateral,B,1,249,1,0.4307335317134857,0
xgb,right_lateral__B,right_lateral,B,1,249,1,0.5419571995735168,1
xgb,right_lateral__B,right_lateral,B,1,249,1,0.4145953059196472,0
xgb,right_lateral__B,right_lateral,B,2,219,0,0.6583893299102783,1
xgb,right_lateral__B,right_lateral,B,2,219,0,0.9189730286598206,1
xgb,right_lateral__B,right_lateral,B,2,219,0,0.7339704632759094,1
xgb,right_lateral__B,right_lateral,B,2,219,0,0.07671026140451431,0
xgb,right_lateral__B,right_lateral,B,2,219,0,0.929006040096283,1
xgb,right_lateral__B,right_lateral,B,2,219,0,0.583187460899353,1
xgb,right_lateral__B,right_lateral,B,2,219,0,0.03876030817627907,0
xgb,right_lateral__B,right_lateral,B,2,219,0,0.31290844082832336,0
xgb,right_lateral__B,right_lateral,B,2,219,0,0.08651422709226608,0
xgb,right_lateral__B,right_lateral,B,2,219,0,0.1586645543575287,0
xgb,right_lateral__B,right_lateral,B,2,219,0,0.10196798294782639,0
xgb,right_lateral__B,right_lateral,B,2,219,0,0.7868028283119202,1
xgb,right_lateral__B,right_lateral,B,2,219,0,0.8033426403999329,1
xgb,right_lateral__B,right_lateral,B,2,219,0,0.7170207500457764,1
xgb,right_lateral__B,right_lateral,B,2,219,1,0.6379038691520691,1
xgb,right_lateral__B,right_lateral,B,2,219,1,0.7488232851028442,1
xgb,right_lateral__B,right_lateral,B,2,219,1,0.5436499118804932,1
xgb,right_lateral__B,right_lateral,B,2,219,1,0.5246413350105286,1
xgb,right_lateral__B,right_lateral,B,2,219,1,0.23922787606716156,0
xgb,right_lateral__B,right_lateral,B,2,219,1,0.048884909600019455,0
xgb,right_lateral__B,right_lateral,B,2,219,1,0.0036852627526968718,0
xgb,right_lateral__B,right_lateral,B,2,219,1,0.5870394110679626,1
xgb,right_lateral__B,right_lateral,B,2,219,1,0.6278048753738403,1
xgb,right_lateral__B,right_lateral,B,2,219,1,0.3998991549015045,0
xgb,right_lateral__B,right_lateral,B,2,219,1,0.3620060384273529,0
xgb,right_lateral__B,right_lateral,B,2,219,1,0.2822096347808838,0
xgb,right_lateral__B,right_lateral,B,2,219,1,0.11635828763246536,0
xgb,right_lateral__B,right_lateral,B,2,219,1,0.3553698658943176,0
xgb,right_lateral__B,right_lateral,B,2,219,1,0.23225097358226776,0
xgb,right_lateral__B,right_lateral,B,2,219,1,0.2412891983985901,0
xgb,right_lateral__B,right_lateral,B,3,313,0,0.42051464319229126,0
xgb,right_lateral__B,right_lateral,B,3,313,0,0.7485600709915161,1
xgb,right_lateral__B,right_lateral,B,3,313,0,0.2708405554294586,0
xgb,right_lateral__B,right_lateral,B,3,313,0,0.22945423424243927,0
xgb,right_lateral__B,right_lateral,B,3,313,0,0.2352583259344101,0
xgb,right_lateral__B,right_lateral,B,3,313,0,0.7537156343460083,1
xgb,right_lateral__B,right_lateral,B,3,313,0,0.9514482617378235,1
xgb,right_lateral__B,right_lateral,B,3,313,0,0.1080288216471672,0
xgb,right_lateral__B,right_lateral,B,3,313,0,0.3648286759853363,0
xgb,right_lateral__B,right_lateral,B,3,313,0,0.21356411278247833,0
xgb,right_lateral__B,right_lateral,B,3,313,0,0.4421563446521759,0
xgb,right_lateral__B,right_lateral,B,3,313,0,0.3077339231967926,0
xgb,right_lateral__B,right_lateral,B,3,313,0,0.17881077527999878,0
xgb,right_lateral__B,right_lateral,B,3,313,0,0.3093511760234833,0
xgb,right_lateral__B,right_lateral,B,3,313,0,0.4292028844356537,0
xgb,right_lateral__B,right_lateral,B,3,313,1,0.4330221116542816,0
xgb,right_lateral__B,right_lateral,B,3,313,1,0.17245718836784363,0
xgb,right_lateral__B,right_lateral,B,3,313,1,0.137114480137825,0
xgb,right_lateral__B,right_lateral,B,3,313,1,0.7480225563049316,1
xgb,right_lateral__B,right_lateral,B,3,313,1,0.35664716362953186,0
xgb,right_lateral__B,right_lateral,B,3,313,1,0.7038082480430603,1
xgb,right_lateral__B,right_lateral,B,3,313,1,0.48573800921440125,0
xgb,right_lateral__B,right_lateral,B,3,313,1,0.7383130192756653,1
xgb,right_lateral__B,right_lateral,B,3,313,1,0.4359683394432068,0
xgb,right_lateral__B,right_lateral,B,3,313,1,0.3572145700454712,0
xgb,right_lateral__B,right_lateral,B,3,313,1,0.8663865327835083,1
xgb,right_lateral__B,right_lateral,B,3,313,1,0.1852489560842514,0
xgb,right_lateral__B,right_lateral,B,3,313,1,0.6745398044586182,1
xgb,right_lateral__B,right_lateral,B,3,313,1,0.08945242315530777,0
xgb,right_lateral__B,right_lateral,B,4,318,0,0.9190489053726196,1
xgb,right_lateral__B,right_lateral,B,4,318,0,0.8439123630523682,1
xgb,right_lateral__B,right_lateral,B,4,318,0,0.4418652653694153,0
xgb,right_lateral__B,right_lateral,B,4,318,0,0.5397084355354309,1
xgb,right_lateral__B,right_lateral,B,4,318,0,0.2395394891500473,0
xgb,right_lateral__B,right_lateral,B,4,318,0,0.6563869118690491,1
xgb,right_lateral__B,right_lateral,B,4,318,0,0.6424012184143066,1
xgb,right_lateral__B,right_lateral,B,4,318,0,0.2363549768924713,0
xgb,right_lateral__B,right_lateral,B,4,318,0,0.2678632438182831,0
xgb,right_lateral__B,right_lateral,B,4,318,0,0.724120557308197,1
xgb,right_lateral__B,right_lateral,B,4,318,0,0.5257312059402466,1
xgb,right_lateral__B,right_lateral,B,4,318,0,0.5256779193878174,1
xgb,right_lateral__B,right_lateral,B,4,318,0,0.3709770739078522,0
xgb,right_lateral__B,right_lateral,B,4,318,0,0.7110892534255981,1
xgb,right_lateral__B,right_lateral,B,4,318,1,0.5229024291038513,1
xgb,right_lateral__B,right_lateral,B,4,318,1,0.15123914182186127,0
xgb,right_lateral__B,right_lateral,B,4,318,1,0.40082547068595886,0
xgb,right_lateral__B,right_lateral,B,4,318,1,0.10608384758234024,0
xgb,right_lateral__B,right_lateral,B,4,318,1,0.5622666478157043,1
xgb,right_lateral__B,right_lateral,B,4,318,1,0.3401206433773041,0
xgb,right_lateral__B,right_lateral,B,4,318,1,0.09259078651666641,0
xgb,right_lateral__B,right_lateral,B,4,318,1,0.8624022006988525,1
xgb,right_lateral__B,right_lateral,B,4,318,1,0.45781439542770386,0
xgb,right_lateral__B,right_lateral,B,4,318,1,0.8313233852386475,1
xgb,right_lateral__B,right_lateral,B,4,318,1,0.03611556813120842,0
xgb,right_lateral__B,right_lateral,B,4,318,1,0.23921702802181244,0
xgb,right_lateral__B,right_lateral,B,4,318,1,0.05656711384654045,0
xgb,right_lateral__B,right_lateral,B,4,318,1,0.8259461522102356,1
xgb,right_lateral__B,right_lateral,B,5,300,0,0.8124064803123474,1
xgb,right_lateral__B,right_lateral,B,5,300,0,0.39770743250846863,0
xgb,right_lateral__B,right_lateral,B,5,300,0,0.5067270994186401,1
xgb,right_lateral__B,right_lateral,B,5,300,0,0.20781157910823822,0
xgb,right_lateral__B,right_lateral,B,5,300,0,0.6204731464385986,1
xgb,right_lateral__B,right_lateral,B,5,300,0,0.4651414155960083,0
xgb,right_lateral__B,right_lateral,B,5,300,0,0.872002124786377,1
xgb,right_lateral__B,right_lateral,B,5,300,0,0.2549683153629303,0
xgb,right_lateral__B,right_lateral,B,5,300,0,0.5169621109962463,1
xgb,right_lateral__B,right_lateral,B,5,300,0,0.07105852663516998,0
xgb,right_lateral__B,right_lateral,B,5,300,0,0.877602219581604,1
xgb,right_lateral__B,right_lateral,B,5,300,0,0.5425042510032654,1
xgb,right_lateral__B,right_lateral,B,5,300,0,0.10231615602970123,0
xgb,right_lateral__B,right_lateral,B,5,300,0,0.8230440616607666,1
xgb,right_lateral__B,right_lateral,B,5,300,1,0.4808778762817383,0
xgb,right_lateral__B,right_lateral,B,5,300,1,0.3234184682369232,0
xgb,right_lateral__B,right_lateral,B,5,300,1,0.09700174629688263,0
xgb,right_lateral__B,right_lateral,B,5,300,1,0.8225558400154114,1
xgb,right_lateral__B,right_lateral,B,5,300,1,0.18661832809448242,0
xgb,right_lateral__B,right_lateral,B,5,300,1,0.6624597311019897,1
xgb,right_lateral__B,right_lateral,B,5,300,1,0.1830567866563797,0
xgb,right_lateral__B,right_lateral,B,5,300,1,0.14744143187999725,0
xgb,right_lateral__B,right_lateral,B,5,300,1,0.4644523561000824,0
xgb,right_lateral__B,right_lateral,B,5,300,1,0.11854937672615051,0
xgb,right_lateral__B,right_lateral,B,5,300,1,0.05212569609284401,0
xgb,right_lateral__B,right_lateral,B,5,300,1,0.5483914017677307,1
xgb,right_lateral__B,right_lateral,B,5,300,1,0.7430069446563721,1
xgb,right_lateral__B,right_lateral,B,5,300,1,0.5135559439659119,1
xgb,right_lateral__B,right_lateral,B,6,271,0,0.15760736167430878,0
xgb,right_lateral__B,right_lateral,B,6,271,0,0.4175724387168884,0
xgb,right_lateral__B,right_lateral,B,6,271,0,0.024204084649682045,0
xgb,right_lateral__B,right_lateral,B,6,271,0,0.4322719871997833,0
xgb,right_lateral__B,right_lateral,B,6,271,0,0.0768030658364296,0
xgb,right_lateral__B,right_lateral,B,6,271,0,0.6756733655929565,1
xgb,right_lateral__B,right_lateral,B,6,271,0,0.22628876566886902,0
xgb,right_lateral__B,right_lateral,B,6,271,0,0.6788002252578735,1
xgb,right_lateral__B,right_lateral,B,6,271,0,0.7039608955383301,1
xgb,right_lateral__B,right_lateral,B,6,271,0,0.3930169939994812,0
xgb,right_lateral__B,right_lateral,B,6,271,0,0.8843384981155396,1
xgb,right_lateral__B,right_lateral,B,6,271,0,0.6479374766349792,1
xgb,right_lateral__B,right_lateral,B,6,271,0,0.2613464295864105,0
xgb,right_lateral__B,right_lateral,B,6,271,0,0.38493144512176514,0
xgb,right_lateral__B,right_lateral,B,6,271,1,0.015884216874837875,0
xgb,right_lateral__B,right_lateral,B,6,271,1,0.5224733948707581,1
xgb,right_lateral__B,right_lateral,B,6,271,1,0.3292683959007263,0
xgb,right_lateral__B,right_lateral,B,6,271,1,0.09804416447877884,0
xgb,right_lateral__B,right_lateral,B,6,271,1,0.45419472455978394,0
xgb,right_lateral__B,right_lateral,B,6,271,1,0.08198599517345428,0
xgb,right_lateral__B,right_lateral,B,6,271,1,0.4208064377307892,0
xgb,right_lateral__B,right_lateral,B,6,271,1,0.06152050942182541,0
xgb,right_lateral__B,right_lateral,B,6,271,1,0.5223416090011597,1
xgb,right_lateral__B,right_lateral,B,6,271,1,0.2385214865207672,0
xgb,right_lateral__B,right_lateral,B,6,271,1,0.23682422935962677,0
xgb,right_lateral__B,right_lateral,B,6,271,1,0.06020331010222435,0
xgb,right_lateral__B,right_lateral,B,6,271,1,0.02144056186079979,0
xgb,right_lateral__B,right_lateral,B,6,271,1,0.0705961138010025,0
xgb,right_lateral__B,right_lateral,B,7,251,0,0.6861668229103088,1
xgb,right_lateral__B,right_lateral,B,7,251,0,0.9195423722267151,1
xgb,right_lateral__B,right_lateral,B,7,251,0,0.9156180620193481,1
xgb,right_lateral__B,right_lateral,B,7,251,0,0.7906224727630615,1
xgb,right_lateral__B,right_lateral,B,7,251,0,0.8827019333839417,1
xgb,right_lateral__B,right_lateral,B,7,251,0,0.5124813914299011,1
xgb,right_lateral__B,right_lateral,B,7,251,0,0.8566491007804871,1
xgb,right_lateral__B,right_lateral,B,7,251,0,0.4632033109664917,0
xgb,right_lateral__B,right_lateral,B,7,251,0,0.5343487858772278,1
xgb,right_lateral__B,right_lateral,B,7,251,0,0.3721267879009247,0
xgb,right_lateral__B,right_lateral,B,7,251,0,0.821533739566803,1
xgb,right_lateral__B,right_lateral,B,7,251,0,0.9375525712966919,1
xgb,right_lateral__B,right_lateral,B,7,251,0,0.8203821182250977,1
xgb,right_lateral__B,right_lateral,B,7,251,0,0.9396355748176575,1
xgb,right_lateral__B,right_lateral,B,7,251,1,0.26728594303131104,0
xgb,right_lateral__B,right_lateral,B,7,251,1,0.5940569639205933,1
xgb,right_lateral__B,right_lateral,B,7,251,1,0.8227529525756836,1
xgb,right_lateral__B,right_lateral,B,7,251,1,0.527075469493866,1
xgb,right_lateral__B,right_lateral,B,7,251,1,0.5325302481651306,1
xgb,right_lateral__B,right_lateral,B,7,251,1,0.6187285780906677,1
xgb,right_lateral__B,right_lateral,B,7,251,1,0.8986439108848572,1
xgb,right_lateral__B,right_lateral,B,7,251,1,0.532110869884491,1
xgb,right_lateral__B,right_lateral,B,7,251,1,0.5477535128593445,1
xgb,right_lateral__B,right_lateral,B,7,251,1,0.6677394509315491,1
xgb,right_lateral__B,right_lateral,B,7,251,1,0.6173399686813354,1
xgb,right_lateral__B,right_lateral,B,7,251,1,0.45883607864379883,0
xgb,right_lateral__B,right_lateral,B,7,251,1,0.35312962532043457,0
xgb,right_lateral__B,right_lateral,B,8,282,0,0.4367147982120514,0
xgb,right_lateral__B,right_lateral,B,8,282,0,0.9249756932258606,1
xgb,right_lateral__B,right_lateral,B,8,282,0,0.7373102307319641,1
xgb,right_lateral__B,right_lateral,B,8,282,0,0.5163968205451965,1
xgb,right_lateral__B,right_lateral,B,8,282,0,0.484967440366745,0
xgb,right_lateral__B,right_lateral,B,8,282,0,0.7557336091995239,1
xgb,right_lateral__B,right_lateral,B,8,282,0,0.9553237557411194,1
xgb,right_lateral__B,right_lateral,B,8,282,0,0.6990307569503784,1
xgb,right_lateral__B,right_lateral,B,8,282,0,0.46954798698425293,0
xgb,right_lateral__B,right_lateral,B,8,282,0,0.634645938873291,1
xgb,right_lateral__B,right_lateral,B,8,282,0,0.5071567893028259,1
xgb,right_lateral__B,right_lateral,B,8,282,0,0.3733976185321808,0
xgb,right_lateral__B,right_lateral,B,8,282,0,0.8279504776000977,1
xgb,right_lateral__B,right_lateral,B,8,282,0,0.42678913474082947,0
xgb,right_lateral__B,right_lateral,B,8,282,1,0.34643685817718506,0
xgb,right_lateral__B,right_lateral,B,8,282,1,0.4871859848499298,0
xgb,right_lateral__B,right_lateral,B,8,282,1,0.838329553604126,1
xgb,right_lateral__B,right_lateral,B,8,282,1,0.696516215801239,1
xgb,right_lateral__B,right_lateral,B,8,282,1,0.6091547608375549,1
xgb,right_lateral__B,right_lateral,B,8,282,1,0.2603778839111328,0
xgb,right_lateral__B,right_lateral,B,8,282,1,0.5778889060020447,1
xgb,right_lateral__B,right_lateral,B,8,282,1,0.171654611825943,0
xgb,right_lateral__B,right_lateral,B,8,282,1,0.7140491008758545,1
xgb,right_lateral__B,right_lateral,B,8,282,1,0.9505355358123779,1
xgb,right_lateral__B,right_lateral,B,8,282,1,0.48792287707328796,0
xgb,right_lateral__B,right_lateral,B,9,210,0,0.4305446445941925,0
xgb,right_lateral__B,right_lateral,B,9,210,0,0.7027055621147156,1
xgb,right_lateral__B,right_lateral,B,9,210,0,0.6494545340538025,1
xgb,right_lateral__B,right_lateral,B,9,210,0,0.8643506765365601,1
xgb,right_lateral__B,right_lateral,B,9,210,0,0.32080546021461487,0
xgb,right_lateral__B,right_lateral,B,9,210,0,0.5509511232376099,1
xgb,right_lateral__B,right_lateral,B,9,210,0,0.41308102011680603,0
xgb,right_lateral__B,right_lateral,B,9,210,0,0.5680297017097473,1
xgb,right_lateral__B,right_lateral,B,9,210,0,0.6007354855537415,1
xgb,right_lateral__B,right_lateral,B,9,210,0,0.01414191909134388,0
xgb,right_lateral__B,right_lateral,B,9,210,0,0.838371753692627,1
xgb,right_lateral__B,right_lateral,B,9,210,0,0.38121941685676575,0
xgb,right_lateral__B,right_lateral,B,9,210,0,0.18019349873065948,0
xgb,right_lateral__B,right_lateral,B,9,210,0,0.08807554095983505,0
xgb,right_lateral__B,right_lateral,B,9,210,1,0.48721224069595337,0
xgb,right_lateral__B,right_lateral,B,9,210,1,0.3046536445617676,0
xgb,right_lateral__B,right_lateral,B,9,210,1,0.647257924079895,1
xgb,right_lateral__B,right_lateral,B,9,210,1,0.19563570618629456,0
xgb,right_lateral__B,right_lateral,B,9,210,1,0.561234176158905,1
xgb,right_lateral__B,right_lateral,B,9,210,1,0.3490583002567291,0
xgb,right_lateral__B,right_lateral,B,9,210,1,0.15457971394062042,0
xgb,right_lateral__B,right_lateral,B,9,210,1,0.4727227985858917,0
xgb,right_lateral__B,right_lateral,B,9,210,1,0.489680677652359,0
xgb,right_lateral__B,right_lateral,B,9,210,1,0.8766331076622009,1
xgb,right_lateral__B,right_lateral,B,9,210,1,0.13683408498764038,0
xgb,right_lateral__B,right_lateral,B,10,265,0,0.9828366637229919,1
xgb,right_lateral__B,right_lateral,B,10,265,0,0.9655027985572815,1
xgb,right_lateral__B,right_lateral,B,10,265,0,0.5720282793045044,1
xgb,right_lateral__B,right_lateral,B,10,265,0,0.5312834978103638,1
xgb,right_lateral__B,right_lateral,B,10,265,0,0.6599777340888977,1
xgb,right_lateral__B,right_lateral,B,10,265,0,0.3032126724720001,0
xgb,right_lateral__B,right_lateral,B,10,265,0,0.7982059121131897,1
xgb,right_lateral__B,right_lateral,B,10,265,0,0.8146495223045349,1
xgb,right_lateral__B,right_lateral,B,10,265,0,0.9822295904159546,1
xgb,right_lateral__B,right_lateral,B,10,265,0,0.3136328458786011,0
xgb,right_lateral__B,right_lateral,B,10,265,0,0.6369834542274475,1
xgb,right_lateral__B,right_lateral,B,10,265,0,0.8666014075279236,1
xgb,right_lateral__B,right_lateral,B,10,265,0,0.17231012880802155,0
xgb,right_lateral__B,right_lateral,B,10,265,1,0.23244309425354004,0
xgb,right_lateral__B,right_lateral,B,10,265,1,0.27603140473365784,0
xgb,right_lateral__B,right_lateral,B,10,265,1,0.39640137553215027,0
xgb,right_lateral__B,right_lateral,B,10,265,1,0.18759332597255707,0
xgb,right_lateral__B,right_lateral,B,10,265,1,0.7447542548179626,1
xgb,right_lateral__B,right_lateral,B,10,265,1,0.5288559198379517,1
xgb,right_lateral__B,right_lateral,B,10,265,1,0.06986624002456665,0
xgb,right_lateral__B,right_lateral,B,10,265,1,0.1603909134864807,0
xgb,right_lateral__B,right_lateral,B,10,265,1,0.1517108529806137,0
xgb,right_lateral__B,right_lateral,B,10,265,1,0.344026654958725,0
xgb,right_lateral__B,right_lateral,B,10,265,1,0.19357185065746307,0
xgb,right_lateral__C,right_lateral,C,1,249,0,0.03345021232962608,0
xgb,right_lateral__C,right_lateral,C,1,249,0,0.38356688618659973,0
xgb,right_lateral__C,right_lateral,C,1,249,0,0.09616653621196747,0
xgb,right_lateral__C,right_lateral,C,1,249,0,0.00922731775790453,0
xgb,right_lateral__C,right_lateral,C,1,249,0,0.003079151501879096,0
xgb,right_lateral__C,right_lateral,C,1,249,0,0.1879757046699524,0
xgb,right_lateral__C,right_lateral,C,1,249,0,0.027827274054288864,0
xgb,right_lateral__C,right_lateral,C,1,249,0,0.04789314791560173,0
xgb,right_lateral__C,right_lateral,C,1,249,0,0.03977841138839722,0
xgb,right_lateral__C,right_lateral,C,1,249,0,0.01716618426144123,0
xgb,right_lateral__C,right_lateral,C,1,249,0,0.008288148790597916,0
xgb,right_lateral__C,right_lateral,C,1,249,0,0.2975503206253052,0
xgb,right_lateral__C,right_lateral,C,1,249,0,0.10328362137079239,0
xgb,right_lateral__C,right_lateral,C,1,249,0,0.41779813170433044,0
xgb,right_lateral__C,right_lateral,C,1,249,0,0.008203903213143349,0
xgb,right_lateral__C,right_lateral,C,1,249,1,0.8685818314552307,1
xgb,right_lateral__C,right_lateral,C,1,249,1,0.9965080618858337,1
xgb,right_lateral__C,right_lateral,C,1,249,1,0.8582846522331238,1
xgb,right_lateral__C,right_lateral,C,1,249,1,0.9866315722465515,1
xgb,right_lateral__C,right_lateral,C,1,249,1,0.9966200590133667,1
xgb,right_lateral__C,right_lateral,C,1,249,1,0.32800835371017456,0
xgb,right_lateral__C,right_lateral,C,1,249,1,0.9874210357666016,1
xgb,right_lateral__C,right_lateral,C,1,249,1,0.9363860487937927,1
xgb,right_lateral__C,right_lateral,C,1,249,1,0.9055069088935852,1
xgb,right_lateral__C,right_lateral,C,1,249,1,0.7380148768424988,1
xgb,right_lateral__C,right_lateral,C,1,249,1,0.6092990636825562,1
xgb,right_lateral__C,right_lateral,C,1,249,1,0.7954890131950378,1
xgb,right_lateral__C,right_lateral,C,1,249,1,0.5838119983673096,1
xgb,right_lateral__C,right_lateral,C,1,249,1,0.7882643342018127,1
xgb,right_lateral__C,right_lateral,C,1,249,1,0.918851912021637,1
xgb,right_lateral__C,right_lateral,C,1,249,1,0.6960147023200989,1
xgb,right_lateral__C,right_lateral,C,1,249,1,0.8347211480140686,1
xgb,right_lateral__C,right_lateral,C,2,219,0,0.2777550220489502,0
xgb,right_lateral__C,right_lateral,C,2,219,0,0.9341362714767456,1
xgb,right_lateral__C,right_lateral,C,2,219,0,0.9308672547340393,1
xgb,right_lateral__C,right_lateral,C,2,219,0,0.9574945569038391,1
xgb,right_lateral__C,right_lateral,C,2,219,0,0.9872128367424011,1
xgb,right_lateral__C,right_lateral,C,2,219,0,0.9176492691040039,1
xgb,right_lateral__C,right_lateral,C,2,219,0,0.11723972111940384,0
xgb,right_lateral__C,right_lateral,C,2,219,0,0.059370480477809906,0
xgb,right_lateral__C,right_lateral,C,2,219,0,0.9584047198295593,1
xgb,right_lateral__C,right_lateral,C,2,219,0,0.22482800483703613,0
xgb,right_lateral__C,right_lateral,C,2,219,0,0.09961512684822083,0
xgb,right_lateral__C,right_lateral,C,2,219,0,0.8282137513160706,1
xgb,right_lateral__C,right_lateral,C,2,219,0,0.2897140681743622,0
xgb,right_lateral__C,right_lateral,C,2,219,0,0.026002593338489532,0
xgb,right_lateral__C,right_lateral,C,2,219,1,0.699149489402771,1
xgb,right_lateral__C,right_lateral,C,2,219,1,0.8451656699180603,1
xgb,right_lateral__C,right_lateral,C,2,219,1,0.6085850596427917,1
xgb,right_lateral__C,right_lateral,C,2,219,1,0.7769750356674194,1
xgb,right_lateral__C,right_lateral,C,2,219,1,0.69964200258255,1
xgb,right_lateral__C,right_lateral,C,2,219,1,0.5471963286399841,1
xgb,right_lateral__C,right_lateral,C,2,219,1,0.34079763293266296,0
xgb,right_lateral__C,right_lateral,C,2,219,1,0.5608801245689392,1
xgb,right_lateral__C,right_lateral,C,2,219,1,0.6834138035774231,1
xgb,right_lateral__C,right_lateral,C,2,219,1,0.7059371471405029,1
xgb,right_lateral__C,right_lateral,C,2,219,1,0.482008159160614,0
xgb,right_lateral__C,right_lateral,C,2,219,1,0.34427326917648315,0
xgb,right_lateral__C,right_lateral,C,2,219,1,0.7826907634735107,1
xgb,right_lateral__C,right_lateral,C,2,219,1,0.27129873633384705,0
xgb,right_lateral__C,right_lateral,C,2,219,1,0.7535032629966736,1
xgb,right_lateral__C,right_lateral,C,2,219,1,0.824506938457489,1
xgb,right_lateral__C,right_lateral,C,3,313,0,0.3197343647480011,0
xgb,right_lateral__C,right_lateral,C,3,313,0,0.6058247685432434,1
xgb,right_lateral__C,right_lateral,C,3,313,0,0.23069116473197937,0
xgb,right_lateral__C,right_lateral,C,3,313,0,0.7285750508308411,1
xgb,right_lateral__C,right_lateral,C,3,313,0,0.9879549741744995,1
xgb,right_lateral__C,right_lateral,C,3,313,0,0.4593917429447174,0
xgb,right_lateral__C,right_lateral,C,3,313,0,0.8719991445541382,1
xgb,right_lateral__C,right_lateral,C,3,313,0,0.620032787322998,1
xgb,right_lateral__C,right_lateral,C,3,313,0,0.6874435544013977,1
xgb,right_lateral__C,right_lateral,C,3,313,0,0.9871068596839905,1
xgb,right_lateral__C,right_lateral,C,3,313,0,0.33090364933013916,0
xgb,right_lateral__C,right_lateral,C,3,313,0,0.6570897102355957,1
xgb,right_lateral__C,right_lateral,C,3,313,0,0.5172938108444214,1
xgb,right_lateral__C,right_lateral,C,3,313,0,0.4055430591106415,0
xgb,right_lateral__C,right_lateral,C,3,313,0,0.23041653633117676,0
xgb,right_lateral__C,right_lateral,C,3,313,1,0.3846457302570343,0
xgb,right_lateral__C,right_lateral,C,3,313,1,0.2248687893152237,0
xgb,right_lateral__C,right_lateral,C,3,313,1,0.6816825270652771,1
xgb,right_lateral__C,right_lateral,C,3,313,1,0.5085533857345581,1
xgb,right_lateral__C,right_lateral,C,3,313,1,0.7028442025184631,1
xgb,right_lateral__C,right_lateral,C,3,313,1,0.6232524514198303,1
xgb,right_lateral__C,right_lateral,C,3,313,1,0.6361150741577148,1
xgb,right_lateral__C,right_lateral,C,3,313,1,0.7997295260429382,1
xgb,right_lateral__C,right_lateral,C,3,313,1,0.6502283811569214,1
xgb,right_lateral__C,right_lateral,C,3,313,1,0.17577001452445984,0
xgb,right_lateral__C,right_lateral,C,3,313,1,0.4996516704559326,0
xgb,right_lateral__C,right_lateral,C,3,313,1,0.07289938628673553,0
xgb,right_lateral__C,right_lateral,C,3,313,1,0.5158056616783142,1
xgb,right_lateral__C,right_lateral,C,3,313,1,0.2882985770702362,0
xgb,right_lateral__C,right_lateral,C,4,318,0,0.9802032709121704,1
xgb,right_lateral__C,right_lateral,C,4,318,0,0.9373791813850403,1
xgb,right_lateral__C,right_lateral,C,4,318,0,0.37172237038612366,0
xgb,right_lateral__C,right_lateral,C,4,318,0,0.6674277186393738,1
xgb,right_lateral__C,right_lateral,C,4,318,0,0.5787757039070129,1
xgb,right_lateral__C,right_lateral,C,4,318,0,0.5454395413398743,1
xgb,right_lateral__C,right_lateral,C,4,318,0,0.5734314918518066,1
xgb,right_lateral__C,right_lateral,C,4,318,0,0.005596846807748079,0
xgb,right_lateral__C,right_lateral,C,4,318,0,0.36243313550949097,0
xgb,right_lateral__C,right_lateral,C,4,318,0,0.36880946159362793,0
xgb,right_lateral__C,right_lateral,C,4,318,0,0.5094524621963501,1
xgb,right_lateral__C,right_lateral,C,4,318,0,0.32752278447151184,0
xgb,right_lateral__C,right_lateral,C,4,318,0,0.45708829164505005,0
xgb,right_lateral__C,right_lateral,C,4,318,0,0.7352944612503052,1
xgb,right_lateral__C,right_lateral,C,4,318,1,0.008438331075012684,0
xgb,right_lateral__C,right_lateral,C,4,318,1,0.5682812333106995,1
xgb,right_lateral__C,right_lateral,C,4,318,1,0.529427707195282,1
xgb,right_lateral__C,right_lateral,C,4,318,1,0.6410086750984192,1
xgb,right_lateral__C,right_lateral,C,4,318,1,0.4360913634300232,0
xgb,right_lateral__C,right_lateral,C,4,318,1,0.24749694764614105,0
xgb,right_lateral__C,right_lateral,C,4,318,1,0.4611034095287323,0
xgb,right_lateral__C,right_lateral,C,4,318,1,0.9597161412239075,1
xgb,right_lateral__C,right_lateral,C,4,318,1,0.945773720741272,1
xgb,right_lateral__C,right_lateral,C,4,318,1,0.8090274333953857,1
xgb,right_lateral__C,right_lateral,C,4,318,1,0.39961007237434387,0
xgb,right_lateral__C,right_lateral,C,4,318,1,0.07580092549324036,0
xgb,right_lateral__C,right_lateral,C,4,318,1,0.05130694434046745,0
xgb,right_lateral__C,right_lateral,C,4,318,1,0.38061633706092834,0
xgb,right_lateral__C,right_lateral,C,5,300,0,0.9682250618934631,1
xgb,right_lateral__C,right_lateral,C,5,300,0,0.9921576976776123,1
xgb,right_lateral__C,right_lateral,C,5,300,0,0.8410307168960571,1
xgb,right_lateral__C,right_lateral,C,5,300,0,0.8616850972175598,1
xgb,right_lateral__C,right_lateral,C,5,300,0,0.924374520778656,1
xgb,right_lateral__C,right_lateral,C,5,300,0,0.9579554796218872,1
xgb,right_lateral__C,right_lateral,C,5,300,0,0.9926220178604126,1
xgb,right_lateral__C,right_lateral,C,5,300,0,0.950933575630188,1
xgb,right_lateral__C,right_lateral,C,5,300,0,0.9766846895217896,1
xgb,right_lateral__C,right_lateral,C,5,300,0,0.8177212476730347,1
xgb,right_lateral__C,right_lateral,C,5,300,0,0.9593678712844849,1
xgb,right_lateral__C,right_lateral,C,5,300,0,0.9268732666969299,1
xgb,right_lateral__C,right_lateral,C,5,300,0,0.9539868831634521,1
xgb,right_lateral__C,right_lateral,C,5,300,0,0.9954450130462646,1
xgb,right_lateral__C,right_lateral,C,5,300,1,0.952029287815094,1
xgb,right_lateral__C,right_lateral,C,5,300,1,0.9883105754852295,1
xgb,right_lateral__C,right_lateral,C,5,300,1,0.9448304176330566,1
xgb,right_lateral__C,right_lateral,C,5,300,1,0.9730652570724487,1
xgb,right_lateral__C,right_lateral,C,5,300,1,0.985093355178833,1
xgb,right_lateral__C,right_lateral,C,5,300,1,0.9755995869636536,1
xgb,right_lateral__C,right_lateral,C,5,300,1,0.9739874601364136,1
xgb,right_lateral__C,right_lateral,C,5,300,1,0.6742538213729858,1
xgb,right_lateral__C,right_lateral,C,5,300,1,0.9775974154472351,1
xgb,right_lateral__C,right_lateral,C,5,300,1,0.9574394822120667,1
xgb,right_lateral__C,right_lateral,C,5,300,1,0.9876372814178467,1
xgb,right_lateral__C,right_lateral,C,5,300,1,0.9938410520553589,1
xgb,right_lateral__C,right_lateral,C,5,300,1,0.9743157029151917,1
xgb,right_lateral__C,right_lateral,C,5,300,1,0.9295369386672974,1
xgb,right_lateral__C,right_lateral,C,6,271,0,0.7125839591026306,1
xgb,right_lateral__C,right_lateral,C,6,271,0,0.05923258140683174,0
xgb,right_lateral__C,right_lateral,C,6,271,0,0.008985704742372036,0
xgb,right_lateral__C,right_lateral,C,6,271,0,0.07034024596214294,0
xgb,right_lateral__C,right_lateral,C,6,271,0,0.27867066860198975,0
xgb,right_lateral__C,right_lateral,C,6,271,0,0.9268879294395447,1
xgb,right_lateral__C,right_lateral,C,6,271,0,0.07279116660356522,0
xgb,right_lateral__C,right_lateral,C,6,271,0,0.006980602629482746,0
xgb,right_lateral__C,right_lateral,C,6,271,0,0.0024777892976999283,0
xgb,right_lateral__C,right_lateral,C,6,271,0,0.41287434101104736,0
xgb,right_lateral__C,right_lateral,C,6,271,0,0.02935943566262722,0
xgb,right_lateral__C,right_lateral,C,6,271,0,0.01443017553538084,0
xgb,right_lateral__C,right_lateral,C,6,271,0,0.1090446338057518,0
xgb,right_lateral__C,right_lateral,C,6,271,0,0.02764192596077919,0
xgb,right_lateral__C,right_lateral,C,6,271,1,0.0762862116098404,0
xgb,right_lateral__C,right_lateral,C,6,271,1,0.8492797613143921,1
xgb,right_lateral__C,right_lateral,C,6,271,1,0.32849258184432983,0
xgb,right_lateral__C,right_lateral,C,6,271,1,0.7364718317985535,1
xgb,right_lateral__C,right_lateral,C,6,271,1,0.8956180214881897,1
xgb,right_lateral__C,right_lateral,C,6,271,1,0.2137451469898224,0
xgb,right_lateral__C,right_lateral,C,6,271,1,0.9418883323669434,1
xgb,right_lateral__C,right_lateral,C,6,271,1,0.47348248958587646,0
xgb,right_lateral__C,right_lateral,C,6,271,1,0.8104865550994873,1
xgb,right_lateral__C,right_lateral,C,6,271,1,0.7526415586471558,1
xgb,right_lateral__C,right_lateral,C,6,271,1,0.7313520908355713,1
xgb,right_lateral__C,right_lateral,C,6,271,1,0.15286317467689514,0
xgb,right_lateral__C,right_lateral,C,6,271,1,0.38895684480667114,0
xgb,right_lateral__C,right_lateral,C,6,271,1,0.514942467212677,1
xgb,right_lateral__C,right_lateral,C,7,251,0,0.012058471329510212,0
xgb,right_lateral__C,right_lateral,C,7,251,0,0.0005957643734291196,0
xgb,right_lateral__C,right_lateral,C,7,251,0,0.0004024470690637827,0
xgb,right_lateral__C,right_lateral,C,7,251,0,0.05485288053750992,0
xgb,right_lateral__C,right_lateral,C,7,251,0,0.0026866907719522715,0
xgb,right_lateral__C,right_lateral,C,7,251,0,0.01904924213886261,0
xgb,right_lateral__C,right_lateral,C,7,251,0,0.03160754218697548,0
xgb,right_lateral__C,right_lateral,C,7,251,0,0.017386747524142265,0
xgb,right_lateral__C,right_lateral,C,7,251,0,0.00014337150787469,0
xgb,right_lateral__C,right_lateral,C,7,251,0,0.002424311125651002,0
xgb,right_lateral__C,right_lateral,C,7,251,0,0.0012049542274326086,0
xgb,right_lateral__C,right_lateral,C,7,251,0,0.000736864807549864,0
xgb,right_lateral__C,right_lateral,C,7,251,0,0.0010998693760484457,0
xgb,right_lateral__C,right_lateral,C,7,251,0,0.00038775012944824994,0
xgb,right_lateral__C,right_lateral,C,7,251,1,0.0034751431085169315,0
xgb,right_lateral__C,right_lateral,C,7,251,1,0.0032784035429358482,0
xgb,right_lateral__C,right_lateral,C,7,251,1,0.015784146264195442,0
xgb,right_lateral__C,right_lateral,C,7,251,1,0.018194686621427536,0
xgb,right_lateral__C,right_lateral,C,7,251,1,0.003366396762430668,0
xgb,right_lateral__C,right_lateral,C,7,251,1,0.014527440071105957,0
xgb,right_lateral__C,right_lateral,C,7,251,1,0.0031734989024698734,0
xgb,right_lateral__C,right_lateral,C,7,251,1,0.002800961723551154,0
xgb,right_lateral__C,right_lateral,C,7,251,1,0.059273235499858856,0
xgb,right_lateral__C,right_lateral,C,7,251,1,0.005990264937281609,0
xgb,right_lateral__C,right_lateral,C,7,251,1,0.00246353424154222,0
xgb,right_lateral__C,right_lateral,C,7,251,1,0.016654008999466896,0
xgb,right_lateral__C,right_lateral,C,7,251,1,0.020790457725524902,0
xgb,right_lateral__C,right_lateral,C,8,282,0,0.001015768270008266,0
xgb,right_lateral__C,right_lateral,C,8,282,0,0.008170278742909431,0
xgb,right_lateral__C,right_lateral,C,8,282,0,0.009106685407459736,0
xgb,right_lateral__C,right_lateral,C,8,282,0,0.0026555059012025595,0
xgb,right_lateral__C,right_lateral,C,8,282,0,0.013270952738821507,0
xgb,right_lateral__C,right_lateral,C,8,282,0,0.014249064028263092,0
xgb,right_lateral__C,right_lateral,C,8,282,0,0.04418831691145897,0
xgb,right_lateral__C,right_lateral,C,8,282,0,0.03982425853610039,0
xgb,right_lateral__C,right_lateral,C,8,282,0,0.06651119887828827,0
xgb,right_lateral__C,right_lateral,C,8,282,0,0.013212130405008793,0
xgb,right_lateral__C,right_lateral,C,8,282,0,0.10353143513202667,0
xgb,right_lateral__C,right_lateral,C,8,282,0,0.009447737596929073,0
xgb,right_lateral__C,right_lateral,C,8,282,0,0.005687710829079151,0
xgb,right_lateral__C,right_lateral,C,8,282,0,0.06028492748737335,0
xgb,right_lateral__C,right_lateral,C,8,282,1,0.18344777822494507,0
xgb,right_lateral__C,right_lateral,C,8,282,1,0.7470571994781494,1
xgb,right_lateral__C,right_lateral,C,8,282,1,0.6120995879173279,1
xgb,right_lateral__C,right_lateral,C,8,282,1,0.17195121943950653,0
xgb,right_lateral__C,right_lateral,C,8,282,1,0.9515042304992676,1
xgb,right_lateral__C,right_lateral,C,8,282,1,0.1459389328956604,0
xgb,right_lateral__C,right_lateral,C,8,282,1,0.021251264959573746,0
xgb,right_lateral__C,right_lateral,C,8,282,1,0.20577372610569,0
xgb,right_lateral__C,right_lateral,C,8,282,1,0.5069450736045837,1
xgb,right_lateral__C,right_lateral,C,8,282,1,0.9002906084060669,1
xgb,right_lateral__C,right_lateral,C,8,282,1,0.49237149953842163,0
xgb,right_lateral__C,right_lateral,C,9,210,0,0.946540355682373,1
xgb,right_lateral__C,right_lateral,C,9,210,0,0.35943377017974854,0
xgb,right_lateral__C,right_lateral,C,9,210,0,0.4119959771633148,0
xgb,right_lateral__C,right_lateral,C,9,210,0,0.9590305685997009,1
xgb,right_lateral__C,right_lateral,C,9,210,0,0.1488414853811264,0
xgb,right_lateral__C,right_lateral,C,9,210,0,0.7726487517356873,1
xgb,right_lateral__C,right_lateral,C,9,210,0,0.056576941162347794,0
xgb,right_lateral__C,right_lateral,C,9,210,0,0.9592378735542297,1
xgb,right_lateral__C,right_lateral,C,9,210,0,0.8989845514297485,1
xgb,right_lateral__C,right_lateral,C,9,210,0,0.07314364612102509,0
xgb,right_lateral__C,right_lateral,C,9,210,0,0.7840755581855774,1
xgb,right_lateral__C,right_lateral,C,9,210,0,0.07165978103876114,0
xgb,right_lateral__C,right_lateral,C,9,210,0,0.007945978082716465,0
xgb,right_lateral__C,right_lateral,C,9,210,0,0.9424342513084412,1
xgb,right_lateral__C,right_lateral,C,9,210,1,0.9989225268363953,1
xgb,right_lateral__C,right_lateral,C,9,210,1,0.997541069984436,1
xgb,right_lateral__C,right_lateral,C,9,210,1,0.9925772547721863,1
xgb,right_lateral__C,right_lateral,C,9,210,1,0.9412828087806702,1
xgb,right_lateral__C,right_lateral,C,9,210,1,0.9774906635284424,1
xgb,right_lateral__C,right_lateral,C,9,210,1,0.9925450682640076,1
xgb,right_lateral__C,right_lateral,C,9,210,1,0.9763912558555603,1
xgb,right_lateral__C,right_lateral,C,9,210,1,0.9900184869766235,1
xgb,right_lateral__C,right_lateral,C,9,210,1,0.9125844836235046,1
xgb,right_lateral__C,right_lateral,C,9,210,1,0.9866068363189697,1
xgb,right_lateral__C,right_lateral,C,9,210,1,0.9569094777107239,1
xgb,right_lateral__C,right_lateral,C,10,265,0,0.24972611665725708,0
xgb,right_lateral__C,right_lateral,C,10,265,0,0.22142943739891052,0
xgb,right_lateral__C,right_lateral,C,10,265,0,0.2909140884876251,0
xgb,right_lateral__C,right_lateral,C,10,265,0,0.5757342576980591,1
xgb,right_lateral__C,right_lateral,C,10,265,0,0.1454368233680725,0
xgb,right_lateral__C,right_lateral,C,10,265,0,0.8078692555427551,1
xgb,right_lateral__C,right_lateral,C,10,265,0,0.019333239644765854,0
xgb,right_lateral__C,right_lateral,C,10,265,0,0.39477941393852234,0
xgb,right_lateral__C,right_lateral,C,10,265,0,0.40110042691230774,0
xgb,right_lateral__C,right_lateral,C,10,265,0,0.03668108209967613,0
xgb,right_lateral__C,right_lateral,C,10,265,0,0.018984336405992508,0
xgb,right_lateral__C,right_lateral,C,10,265,0,0.12213543802499771,0
xgb,right_lateral__C,right_lateral,C,10,265,0,0.21879428625106812,0
xgb,right_lateral__C,right_lateral,C,10,265,1,0.024233225733041763,0
xgb,right_lateral__C,right_lateral,C,10,265,1,0.05899772420525551,0
xgb,right_lateral__C,right_lateral,C,10,265,1,0.9912880063056946,1
xgb,right_lateral__C,right_lateral,C,10,265,1,0.9774801731109619,1
xgb,right_lateral__C,right_lateral,C,10,265,1,0.06077888235449791,0
xgb,right_lateral__C,right_lateral,C,10,265,1,0.0171640757471323,0
xgb,right_lateral__C,right_lateral,C,10,265,1,0.06279190629720688,0
xgb,right_lateral__C,right_lateral,C,10,265,1,0.7820921540260315,1
xgb,right_lateral__C,right_lateral,C,10,265,1,0.5026575326919556,1
xgb,right_lateral__C,right_lateral,C,10,265,1,0.5608502626419067,1
xgb,right_lateral__C,right_lateral,C,10,265,1,0.62721848487854,1
xgb,both_lateral__A,both_lateral,A,1,249,0,0.018906645476818085,0
xgb,both_lateral__A,both_lateral,A,1,249,0,0.04067515209317207,0
xgb,both_lateral__A,both_lateral,A,1,249,0,0.8862994313240051,1
xgb,both_lateral__A,both_lateral,A,1,249,0,0.03734176233410835,0
xgb,both_lateral__A,both_lateral,A,1,249,0,0.0014899534871801734,0
xgb,both_lateral__A,both_lateral,A,1,249,0,0.5167770385742188,1
xgb,both_lateral__A,both_lateral,A,1,249,0,0.024569738656282425,0
xgb,both_lateral__A,both_lateral,A,1,249,0,0.010796120390295982,0
xgb,both_lateral__A,both_lateral,A,1,249,0,0.07921313494443893,0
xgb,both_lateral__A,both_lateral,A,1,249,0,0.016117310151457787,0
xgb,both_lateral__A,both_lateral,A,1,249,0,0.0036006441805511713,0
xgb,both_lateral__A,both_lateral,A,1,249,0,0.6629852652549744,1
xgb,both_lateral__A,both_lateral,A,1,249,0,0.1704537719488144,0
xgb,both_lateral__A,both_lateral,A,1,249,0,0.9845178723335266,1
xgb,both_lateral__A,both_lateral,A,1,249,0,0.0013020513579249382,0
xgb,both_lateral__A,both_lateral,A,1,249,1,0.9878232479095459,1
xgb,both_lateral__A,both_lateral,A,1,249,1,0.9855454564094543,1
xgb,both_lateral__A,both_lateral,A,1,249,1,0.9967490434646606,1
xgb,both_lateral__A,both_lateral,A,1,249,1,0.9936462640762329,1
xgb,both_lateral__A,both_lateral,A,1,249,1,0.9880675077438354,1
xgb,both_lateral__A,both_lateral,A,1,249,1,0.28460460901260376,0
xgb,both_lateral__A,both_lateral,A,1,249,1,0.6060004830360413,1
xgb,both_lateral__A,both_lateral,A,1,249,1,0.9266421794891357,1
xgb,both_lateral__A,both_lateral,A,1,249,1,0.987667977809906,1
xgb,both_lateral__A,both_lateral,A,1,249,1,0.982262909412384,1
xgb,both_lateral__A,both_lateral,A,1,249,1,0.23687760531902313,0
xgb,both_lateral__A,both_lateral,A,1,249,1,0.9485511779785156,1
xgb,both_lateral__A,both_lateral,A,1,249,1,0.9186036586761475,1
xgb,both_lateral__A,both_lateral,A,1,249,1,0.964870810508728,1
xgb,both_lateral__A,both_lateral,A,1,249,1,0.9785543084144592,1
xgb,both_lateral__A,both_lateral,A,1,249,1,0.8639556765556335,1
xgb,both_lateral__A,both_lateral,A,1,249,1,0.9818844199180603,1
xgb,both_lateral__A,both_lateral,A,2,219,0,0.2655586302280426,0
xgb,both_lateral__A,both_lateral,A,2,219,0,0.9666879773139954,1
xgb,both_lateral__A,both_lateral,A,2,219,0,0.9882690906524658,1
xgb,both_lateral__A,both_lateral,A,2,219,0,0.9867219924926758,1
xgb,both_lateral__A,both_lateral,A,2,219,0,0.9456278681755066,1
xgb,both_lateral__A,both_lateral,A,2,219,0,0.9955982565879822,1
xgb,both_lateral__A,both_lateral,A,2,219,0,0.8883687257766724,1
xgb,both_lateral__A,both_lateral,A,2,219,0,0.0017212622333317995,0
xgb,both_lateral__A,both_lateral,A,2,219,0,0.9972555041313171,1
xgb,both_lateral__A,both_lateral,A,2,219,0,0.033643413335084915,0
xgb,both_lateral__A,both_lateral,A,2,219,0,0.23933610320091248,0
xgb,both_lateral__A,both_lateral,A,2,219,0,0.9383646845817566,1
xgb,both_lateral__A,both_lateral,A,2,219,0,0.004354206845164299,0
xgb,both_lateral__A,both_lateral,A,2,219,0,0.4802943468093872,0
xgb,both_lateral__A,both_lateral,A,2,219,1,0.7676473259925842,1
xgb,both_lateral__A,both_lateral,A,2,219,1,0.9591057896614075,1
xgb,both_lateral__A,both_lateral,A,2,219,1,0.9366095662117004,1
xgb,both_lateral__A,both_lateral,A,2,219,1,0.987125813961029,1
xgb,both_lateral__A,both_lateral,A,2,219,1,0.9268173575401306,1
xgb,both_lateral__A,both_lateral,A,2,219,1,0.9571341276168823,1
xgb,both_lateral__A,both_lateral,A,2,219,1,0.9760263562202454,1
xgb,both_lateral__A,both_lateral,A,2,219,1,0.9702765345573425,1
xgb,both_lateral__A,both_lateral,A,2,219,1,0.9654883742332458,1
xgb,both_lateral__A,both_lateral,A,2,219,1,0.9090125560760498,1
xgb,both_lateral__A,both_lateral,A,2,219,1,0.9659579992294312,1
xgb,both_lateral__A,both_lateral,A,2,219,1,0.941641628742218,1
xgb,both_lateral__A,both_lateral,A,2,219,1,0.9949067234992981,1
xgb,both_lateral__A,both_lateral,A,2,219,1,0.8693892359733582,1
xgb,both_lateral__A,both_lateral,A,2,219,1,0.8719608783721924,1
xgb,both_lateral__A,both_lateral,A,2,219,1,0.9289816617965698,1
xgb,both_lateral__A,both_lateral,A,3,313,0,0.17502552270889282,0
xgb,both_lateral__A,both_lateral,A,3,313,0,0.3171152174472809,0
xgb,both_lateral__A,both_lateral,A,3,313,0,0.016878951340913773,0
xgb,both_lateral__A,both_lateral,A,3,313,0,0.6640985012054443,1
xgb,both_lateral__A,both_lateral,A,3,313,0,0.2562432289123535,0
xgb,both_lateral__A,both_lateral,A,3,313,0,0.15554562211036682,0
xgb,both_lateral__A,both_lateral,A,3,313,0,0.0963510125875473,0
xgb,both_lateral__A,both_lateral,A,3,313,0,0.537841796875,1
xgb,both_lateral__A,both_lateral,A,3,313,0,0.043288685381412506,0
xgb,both_lateral__A,both_lateral,A,3,313,0,0.8806151747703552,1
xgb,both_lateral__A,both_lateral,A,3,313,0,0.014341478236019611,0
xgb,both_lateral__A,both_lateral,A,3,313,0,0.032937195152044296,0
xgb,both_lateral__A,both_lateral,A,3,313,0,0.21342040598392487,0
xgb,both_lateral__A,both_lateral,A,3,313,0,0.00980710331350565,0
xgb,both_lateral__A,both_lateral,A,3,313,0,0.06177577003836632,0
xgb,both_lateral__A,both_lateral,A,3,313,1,0.12199199944734573,0
xgb,both_lateral__A,both_lateral,A,3,313,1,0.06777564436197281,0
xgb,both_lateral__A,both_lateral,A,3,313,1,0.14304381608963013,0
xgb,both_lateral__A,both_lateral,A,3,313,1,0.10396780073642731,0
xgb,both_lateral__A,both_lateral,A,3,313,1,0.06197865679860115,0
xgb,both_lateral__A,both_lateral,A,3,313,1,0.1409742385149002,0
xgb,both_lateral__A,both_lateral,A,3,313,1,0.16603899002075195,0
xgb,both_lateral__A,both_lateral,A,3,313,1,0.776023805141449,1
xgb,both_lateral__A,both_lateral,A,3,313,1,0.2713516056537628,0
xgb,both_lateral__A,both_lateral,A,3,313,1,0.042875025421381,0
xgb,both_lateral__A,both_lateral,A,3,313,1,0.28939110040664673,0
xgb,both_lateral__A,both_lateral,A,3,313,1,0.031884729862213135,0
xgb,both_lateral__A,both_lateral,A,3,313,1,0.05473233014345169,0
xgb,both_lateral__A,both_lateral,A,3,313,1,0.12457200139760971,0
xgb,both_lateral__A,both_lateral,A,4,318,0,0.22127434611320496,0
xgb,both_lateral__A,both_lateral,A,4,318,0,0.05372999608516693,0
xgb,both_lateral__A,both_lateral,A,4,318,0,0.6842097640037537,1
xgb,both_lateral__A,both_lateral,A,4,318,0,0.15154244005680084,0
xgb,both_lateral__A,both_lateral,A,4,318,0,0.12322453409433365,0
xgb,both_lateral__A,both_lateral,A,4,318,0,0.06635157763957977,0
xgb,both_lateral__A,both_lateral,A,4,318,0,0.048760004341602325,0
xgb,both_lateral__A,both_lateral,A,4,318,0,0.0007688532350584865,0
xgb,both_lateral__A,both_lateral,A,4,318,0,0.4701802432537079,0
xgb,both_lateral__A,both_lateral,A,4,318,0,0.03882591426372528,0
xgb,both_lateral__A,both_lateral,A,4,318,0,0.20189325511455536,0
xgb,both_lateral__A,both_lateral,A,4,318,0,0.17061272263526917,0
xgb,both_lateral__A,both_lateral,A,4,318,0,0.46619996428489685,0
xgb,both_lateral__A,both_lateral,A,4,318,0,0.3414110541343689,0
xgb,both_lateral__A,both_lateral,A,4,318,1,0.009586372412741184,0
xgb,both_lateral__A,both_lateral,A,4,318,1,0.7439627647399902,1
xgb,both_lateral__A,both_lateral,A,4,318,1,0.7587507963180542,1
xgb,both_lateral__A,both_lateral,A,4,318,1,0.654722273349762,1
xgb,both_lateral__A,both_lateral,A,4,318,1,0.7419688701629639,1
xgb,both_lateral__A,both_lateral,A,4,318,1,0.095680832862854,0
xgb,both_lateral__A,both_lateral,A,4,318,1,0.7740219831466675,1
xgb,both_lateral__A,both_lateral,A,4,318,1,0.5465058088302612,1
xgb,both_lateral__A,both_lateral,A,4,318,1,0.6670722365379333,1
xgb,both_lateral__A,both_lateral,A,4,318,1,0.9008357524871826,1
xgb,both_lateral__A,both_lateral,A,4,318,1,0.8651393055915833,1
xgb,both_lateral__A,both_lateral,A,4,318,1,0.12203196436166763,0
xgb,both_lateral__A,both_lateral,A,4,318,1,0.25711533427238464,0
xgb,both_lateral__A,both_lateral,A,4,318,1,0.6100482940673828,1
xgb,both_lateral__A,both_lateral,A,5,300,0,0.9895455241203308,1
xgb,both_lateral__A,both_lateral,A,5,300,0,0.9900171160697937,1
xgb,both_lateral__A,both_lateral,A,5,300,0,0.9634825587272644,1
xgb,both_lateral__A,both_lateral,A,5,300,0,0.9538509845733643,1
xgb,both_lateral__A,both_lateral,A,5,300,0,0.9615600109100342,1
xgb,both_lateral__A,both_lateral,A,5,300,0,0.9780430793762207,1
xgb,both_lateral__A,both_lateral,A,5,300,0,0.9877002239227295,1
xgb,both_lateral__A,both_lateral,A,5,300,0,0.9719660878181458,1
xgb,both_lateral__A,both_lateral,A,5,300,0,0.9629608392715454,1
xgb,both_lateral__A,both_lateral,A,5,300,0,0.9876866936683655,1
xgb,both_lateral__A,both_lateral,A,5,300,0,0.9637348055839539,1
xgb,both_lateral__A,both_lateral,A,5,300,0,0.926217794418335,1
xgb,both_lateral__A,both_lateral,A,5,300,0,0.9681933522224426,1
xgb,both_lateral__A,both_lateral,A,5,300,0,0.9943607449531555,1
xgb,both_lateral__A,both_lateral,A,5,300,1,0.9860948324203491,1
xgb,both_lateral__A,both_lateral,A,5,300,1,0.9930707812309265,1
xgb,both_lateral__A,both_lateral,A,5,300,1,0.9628875255584717,1
xgb,both_lateral__A,both_lateral,A,5,300,1,0.9770565629005432,1
xgb,both_lateral__A,both_lateral,A,5,300,1,0.9877002239227295,1
xgb,both_lateral__A,both_lateral,A,5,300,1,0.980435848236084,1
xgb,both_lateral__A,both_lateral,A,5,300,1,0.9909542202949524,1
xgb,both_lateral__A,both_lateral,A,5,300,1,0.990303099155426,1
xgb,both_lateral__A,both_lateral,A,5,300,1,0.9938331842422485,1
xgb,both_lateral__A,both_lateral,A,5,300,1,0.9753760099411011,1
xgb,both_lateral__A,both_lateral,A,5,300,1,0.9921843409538269,1
xgb,both_lateral__A,both_lateral,A,5,300,1,0.9694384336471558,1
xgb,both_lateral__A,both_lateral,A,5,300,1,0.9722048044204712,1
xgb,both_lateral__A,both_lateral,A,5,300,1,0.9731742143630981,1
xgb,both_lateral__A,both_lateral,A,6,271,0,0.4198169708251953,0
xgb,both_lateral__A,both_lateral,A,6,271,0,0.2716826796531677,0
xgb,both_lateral__A,both_lateral,A,6,271,0,0.10554017126560211,0
xgb,both_lateral__A,both_lateral,A,6,271,0,0.26405373215675354,0
xgb,both_lateral__A,both_lateral,A,6,271,0,0.6407972574234009,1
xgb,both_lateral__A,both_lateral,A,6,271,0,0.6539320945739746,1
xgb,both_lateral__A,both_lateral,A,6,271,0,0.3117119073867798,0
xgb,both_lateral__A,both_lateral,A,6,271,0,0.0006430074572563171,0
xgb,both_lateral__A,both_lateral,A,6,271,0,0.000376908719772473,0
xgb,both_lateral__A,both_lateral,A,6,271,0,0.4393591284751892,0
xgb,both_lateral__A,both_lateral,A,6,271,0,0.01712583564221859,0
xgb,both_lateral__A,both_lateral,A,6,271,0,0.0014778191689401865,0
xgb,both_lateral__A,both_lateral,A,6,271,0,0.10004910081624985,0
xgb,both_lateral__A,both_lateral,A,6,271,0,0.029862895607948303,0
xgb,both_lateral__A,both_lateral,A,6,271,1,0.6555318832397461,1
xgb,both_lateral__A,both_lateral,A,6,271,1,0.9897488951683044,1
xgb,both_lateral__A,both_lateral,A,6,271,1,0.7647427916526794,1
xgb,both_lateral__A,both_lateral,A,6,271,1,0.9864792227745056,1
xgb,both_lateral__A,both_lateral,A,6,271,1,0.9192183017730713,1
xgb,both_lateral__A,both_lateral,A,6,271,1,0.7862956523895264,1
xgb,both_lateral__A,both_lateral,A,6,271,1,0.9721121788024902,1
xgb,both_lateral__A,both_lateral,A,6,271,1,0.8644742369651794,1
xgb,both_lateral__A,both_lateral,A,6,271,1,0.8701580166816711,1
xgb,both_lateral__A,both_lateral,A,6,271,1,0.9513521194458008,1
xgb,both_lateral__A,both_lateral,A,6,271,1,0.8120576739311218,1
xgb,both_lateral__A,both_lateral,A,6,271,1,0.9898577332496643,1
xgb,both_lateral__A,both_lateral,A,6,271,1,0.9967659711837769,1
xgb,both_lateral__A,both_lateral,A,6,271,1,0.6511790156364441,1
xgb,both_lateral__A,both_lateral,A,7,251,0,0.0018820685800164938,0
xgb,both_lateral__A,both_lateral,A,7,251,0,0.0009568261448293924,0
xgb,both_lateral__A,both_lateral,A,7,251,0,0.0006820451817475259,0
xgb,both_lateral__A,both_lateral,A,7,251,0,0.003097419859841466,0
xgb,both_lateral__A,both_lateral,A,7,251,0,0.0010748114436864853,0
xgb,both_lateral__A,both_lateral,A,7,251,0,0.015038448385894299,0
xgb,both_lateral__A,both_lateral,A,7,251,0,0.013207966461777687,0
xgb,both_lateral__A,both_lateral,A,7,251,0,0.0010621469700708985,0
xgb,both_lateral__A,both_lateral,A,7,251,0,0.000723385252058506,0
xgb,both_lateral__A,both_lateral,A,7,251,0,0.0006516987923532724,0
xgb,both_lateral__A,both_lateral,A,7,251,0,0.0013796515995636582,0
xgb,both_lateral__A,both_lateral,A,7,251,0,0.0009568261448293924,0
xgb,both_lateral__A,both_lateral,A,7,251,0,0.00044304862967692316,0
xgb,both_lateral__A,both_lateral,A,7,251,0,0.0010051304707303643,0
xgb,both_lateral__A,both_lateral,A,7,251,1,0.06252089887857437,0
xgb,both_lateral__A,both_lateral,A,7,251,1,0.0375366285443306,0
xgb,both_lateral__A,both_lateral,A,7,251,1,0.012673628516495228,0
xgb,both_lateral__A,both_lateral,A,7,251,1,0.009317840449512005,0
xgb,both_lateral__A,both_lateral,A,7,251,1,0.0019112081499770284,0
xgb,both_lateral__A,both_lateral,A,7,251,1,0.03999125584959984,0
xgb,both_lateral__A,both_lateral,A,7,251,1,0.0026166741736233234,0
xgb,both_lateral__A,both_lateral,A,7,251,1,0.0023766490630805492,0
xgb,both_lateral__A,both_lateral,A,7,251,1,0.24788354337215424,0
xgb,both_lateral__A,both_lateral,A,7,251,1,0.00253023742698133,0
xgb,both_lateral__A,both_lateral,A,7,251,1,0.004653300624340773,0
xgb,both_lateral__A,both_lateral,A,7,251,1,0.09675009548664093,0
xgb,both_lateral__A,both_lateral,A,7,251,1,0.06800391525030136,0
xgb,both_lateral__A,both_lateral,A,8,282,0,0.000581216299906373,0
xgb,both_lateral__A,both_lateral,A,8,282,0,0.0012443969026207924,0
xgb,both_lateral__A,both_lateral,A,8,282,0,0.0010843973141163588,0
xgb,both_lateral__A,both_lateral,A,8,282,0,0.030602412298321724,0
xgb,both_lateral__A,both_lateral,A,8,282,0,0.026599669829010963,0
xgb,both_lateral__A,both_lateral,A,8,282,0,0.07757504284381866,0
xgb,both_lateral__A,both_lateral,A,8,282,0,0.002257631393149495,0
xgb,both_lateral__A,both_lateral,A,8,282,0,0.00224160379730165,0
xgb,both_lateral__A,both_lateral,A,8,282,0,0.005708916112780571,0
xgb,both_lateral__A,both_lateral,A,8,282,0,0.00042457933886907995,0
xgb,both_lateral__A,both_lateral,A,8,282,0,0.007558815181255341,0
xgb,both_lateral__A,both_lateral,A,8,282,0,0.0005290826666168869,0
xgb,both_lateral__A,both_lateral,A,8,282,0,0.035020940005779266,0
xgb,both_lateral__A,both_lateral,A,8,282,0,0.013338539749383926,0
xgb,both_lateral__A,both_lateral,A,8,282,1,0.8004775643348694,1
xgb,both_lateral__A,both_lateral,A,8,282,1,0.9841217994689941,1
xgb,both_lateral__A,both_lateral,A,8,282,1,0.6197870373725891,1
xgb,both_lateral__A,both_lateral,A,8,282,1,0.8176532983779907,1
xgb,both_lateral__A,both_lateral,A,8,282,1,0.9598625898361206,1
xgb,both_lateral__A,both_lateral,A,8,282,1,0.21965038776397705,0
xgb,both_lateral__A,both_lateral,A,8,282,1,0.10200604051351547,0
xgb,both_lateral__A,both_lateral,A,8,282,1,0.6563505530357361,1
xgb,both_lateral__A,both_lateral,A,8,282,1,0.8654724359512329,1
xgb,both_lateral__A,both_lateral,A,8,282,1,0.887937068939209,1
xgb,both_lateral__A,both_lateral,A,8,282,1,0.7973936200141907,1
xgb,both_lateral__A,both_lateral,A,9,210,0,0.5527824759483337,1
xgb,both_lateral__A,both_lateral,A,9,210,0,0.02148485742509365,0
xgb,both_lateral__A,both_lateral,A,9,210,0,0.5741841197013855,1
xgb,both_lateral__A,both_lateral,A,9,210,0,0.823640763759613,1
xgb,both_lateral__A,both_lateral,A,9,210,0,0.007639151066541672,0
xgb,both_lateral__A,both_lateral,A,9,210,0,0.6911571621894836,1
xgb,both_lateral__A,both_lateral,A,9,210,0,0.01008594874292612,0
xgb,both_lateral__A,both_lateral,A,9,210,0,0.9955754280090332,1
xgb,both_lateral__A,both_lateral,A,9,210,0,0.5370045900344849,1
xgb,both_lateral__A,both_lateral,A,9,210,0,0.10495691001415253,0
xgb,both_lateral__A,both_lateral,A,9,210,0,0.7427091598510742,1
xgb,both_lateral__A,both_lateral,A,9,210,0,0.013387695886194706,0
xgb,both_lateral__A,both_lateral,A,9,210,0,0.15277402102947235,0
xgb,both_lateral__A,both_lateral,A,9,210,0,0.9688067436218262,1
xgb,both_lateral__A,both_lateral,A,9,210,1,0.9937306642532349,1
xgb,both_lateral__A,both_lateral,A,9,210,1,0.9934472441673279,1
xgb,both_lateral__A,both_lateral,A,9,210,1,0.986561119556427,1
xgb,both_lateral__A,both_lateral,A,9,210,1,0.9653114676475525,1
xgb,both_lateral__A,both_lateral,A,9,210,1,0.9960712194442749,1
xgb,both_lateral__A,both_lateral,A,9,210,1,0.9345763921737671,1
xgb,both_lateral__A,both_lateral,A,9,210,1,0.8902884721755981,1
xgb,both_lateral__A,both_lateral,A,9,210,1,0.9946950078010559,1
xgb,both_lateral__A,both_lateral,A,9,210,1,0.9979821443557739,1
xgb,both_lateral__A,both_lateral,A,9,210,1,0.9945869445800781,1
xgb,both_lateral__A,both_lateral,A,9,210,1,0.9953561425209045,1
xgb,both_lateral__A,both_lateral,A,10,265,0,0.0071729994378983974,0
xgb,both_lateral__A,both_lateral,A,10,265,0,0.12133964896202087,0
xgb,both_lateral__A,both_lateral,A,10,265,0,0.26389262080192566,0
xgb,both_lateral__A,both_lateral,A,10,265,0,0.5777124762535095,1
xgb,both_lateral__A,both_lateral,A,10,265,0,0.9049201607704163,1
xgb,both_lateral__A,both_lateral,A,10,265,0,0.7555598020553589,1
xgb,both_lateral__A,both_lateral,A,10,265,0,0.12204386293888092,0
xgb,both_lateral__A,both_lateral,A,10,265,0,0.41647401452064514,0
xgb,both_lateral__A,both_lateral,A,10,265,0,0.026663456112146378,0
xgb,both_lateral__A,both_lateral,A,10,265,0,0.07078224420547485,0
xgb,both_lateral__A,both_lateral,A,10,265,0,0.026326993480324745,0
xgb,both_lateral__A,both_lateral,A,10,265,0,0.1180977001786232,0
xgb,both_lateral__A,both_lateral,A,10,265,0,0.5434973835945129,1
xgb,both_lateral__A,both_lateral,A,10,265,1,0.009370941668748856,0
xgb,both_lateral__A,both_lateral,A,10,265,1,0.01000105682760477,0
xgb,both_lateral__A,both_lateral,A,10,265,1,0.9353847503662109,1
xgb,both_lateral__A,both_lateral,A,10,265,1,0.960021436214447,1
xgb,both_lateral__A,both_lateral,A,10,265,1,0.10927193611860275,0
xgb,both_lateral__A,both_lateral,A,10,265,1,0.013472983613610268,0
xgb,both_lateral__A,both_lateral,A,10,265,1,0.010311116464436054,0
xgb,both_lateral__A,both_lateral,A,10,265,1,0.8352115750312805,1
xgb,both_lateral__A,both_lateral,A,10,265,1,0.9588474035263062,1
xgb,both_lateral__A,both_lateral,A,10,265,1,0.6051198840141296,1
xgb,both_lateral__A,both_lateral,A,10,265,1,0.11229253560304642,0
xgb,both_lateral__B,both_lateral,B,1,249,0,0.841117262840271,1
xgb,both_lateral__B,both_lateral,B,1,249,0,0.2547818422317505,0
xgb,both_lateral__B,both_lateral,B,1,249,0,0.7770076990127563,1
xgb,both_lateral__B,both_lateral,B,1,249,0,0.7257424592971802,1
xgb,both_lateral__B,both_lateral,B,1,249,0,0.987826406955719,1
xgb,both_lateral__B,both_lateral,B,1,249,0,0.5514194369316101,1
xgb,both_lateral__B,both_lateral,B,1,249,0,0.7859787344932556,1
xgb,both_lateral__B,both_lateral,B,1,249,0,0.12927819788455963,0
xgb,both_lateral__B,both_lateral,B,1,249,0,0.48011040687561035,0
xgb,both_lateral__B,both_lateral,B,1,249,0,0.14543090760707855,0
xgb,both_lateral__B,both_lateral,B,1,249,0,0.1073327362537384,0
xgb,both_lateral__B,both_lateral,B,1,249,0,0.7792325019836426,1
xgb,both_lateral__B,both_lateral,B,1,249,0,0.7402374744415283,1
xgb,both_lateral__B,both_lateral,B,1,249,0,0.5566396713256836,1
xgb,both_lateral__B,both_lateral,B,1,249,0,0.5393246412277222,1
xgb,both_lateral__B,both_lateral,B,1,249,1,0.7208988666534424,1
xgb,both_lateral__B,both_lateral,B,1,249,1,0.9472015500068665,1
xgb,both_lateral__B,both_lateral,B,1,249,1,0.5165293216705322,1
xgb,both_lateral__B,both_lateral,B,1,249,1,0.21474583446979523,0
xgb,both_lateral__B,both_lateral,B,1,249,1,0.8856956958770752,1
xgb,both_lateral__B,both_lateral,B,1,249,1,0.22375963628292084,0
xgb,both_lateral__B,both_lateral,B,1,249,1,0.865839421749115,1
xgb,both_lateral__B,both_lateral,B,1,249,1,0.8339570760726929,1
xgb,both_lateral__B,both_lateral,B,1,249,1,0.11701278388500214,0
xgb,both_lateral__B,both_lateral,B,1,249,1,0.15430572628974915,0
xgb,both_lateral__B,both_lateral,B,1,249,1,0.4801768660545349,0
xgb,both_lateral__B,both_lateral,B,1,249,1,0.33567214012145996,0
xgb,both_lateral__B,both_lateral,B,1,249,1,0.5096505880355835,1
xgb,both_lateral__B,both_lateral,B,1,249,1,0.5264809727668762,1
xgb,both_lateral__B,both_lateral,B,1,249,1,0.36967167258262634,0
xgb,both_lateral__B,both_lateral,B,1,249,1,0.6699739098548889,1
xgb,both_lateral__B,both_lateral,B,1,249,1,0.6000752449035645,1
xgb,both_lateral__B,both_lateral,B,2,219,0,0.8723004460334778,1
xgb,both_lateral__B,both_lateral,B,2,219,0,0.6555805206298828,1
xgb,both_lateral__B,both_lateral,B,2,219,0,0.9084128737449646,1
xgb,both_lateral__B,both_lateral,B,2,219,0,0.8934938311576843,1
xgb,both_lateral__B,both_lateral,B,2,219,0,0.10408563911914825,0
xgb,both_lateral__B,both_lateral,B,2,219,0,0.30051296949386597,0
xgb,both_lateral__B,both_lateral,B,2,219,0,0.20523622632026672,0
xgb,both_lateral__B,both_lateral,B,2,219,0,0.8158295154571533,1
xgb,both_lateral__B,both_lateral,B,2,219,0,0.25113022327423096,0
xgb,both_lateral__B,both_lateral,B,2,219,0,0.5289005041122437,1
xgb,both_lateral__B,both_lateral,B,2,219,0,0.5570652484893799,1
xgb,both_lateral__B,both_lateral,B,2,219,0,0.4350249469280243,0
xgb,both_lateral__B,both_lateral,B,2,219,0,0.9693030118942261,1
xgb,both_lateral__B,both_lateral,B,2,219,0,0.24385352432727814,0
xgb,both_lateral__B,both_lateral,B,2,219,1,0.44539543986320496,0
xgb,both_lateral__B,both_lateral,B,2,219,1,0.7999826073646545,1
xgb,both_lateral__B,both_lateral,B,2,219,1,0.9855630397796631,1
xgb,both_lateral__B,both_lateral,B,2,219,1,0.30791616439819336,0
xgb,both_lateral__B,both_lateral,B,2,219,1,0.8999696373939514,1
xgb,both_lateral__B,both_lateral,B,2,219,1,0.22453096508979797,0
xgb,both_lateral__B,both_lateral,B,2,219,1,0.2897200584411621,0
xgb,both_lateral__B,both_lateral,B,2,219,1,0.6150737404823303,1
xgb,both_lateral__B,both_lateral,B,2,219,1,0.6683603525161743,1
xgb,both_lateral__B,both_lateral,B,2,219,1,0.5513591170310974,1
xgb,both_lateral__B,both_lateral,B,2,219,1,0.2867427170276642,0
xgb,both_lateral__B,both_lateral,B,2,219,1,0.16184839606285095,0
xgb,both_lateral__B,both_lateral,B,2,219,1,0.4871954321861267,0
xgb,both_lateral__B,both_lateral,B,2,219,1,0.8101354241371155,1
xgb,both_lateral__B,both_lateral,B,2,219,1,0.9182217121124268,1
xgb,both_lateral__B,both_lateral,B,2,219,1,0.10937287658452988,0
xgb,both_lateral__B,both_lateral,B,3,313,0,0.9559640288352966,1
xgb,both_lateral__B,both_lateral,B,3,313,0,0.1613103151321411,0
xgb,both_lateral__B,both_lateral,B,3,313,0,0.12030404806137085,0
xgb,both_lateral__B,both_lateral,B,3,313,0,0.375786691904068,0
xgb,both_lateral__B,both_lateral,B,3,313,0,0.5089086890220642,1
xgb,both_lateral__B,both_lateral,B,3,313,0,0.985365629196167,1
xgb,both_lateral__B,both_lateral,B,3,313,0,0.9445360898971558,1
xgb,both_lateral__B,both_lateral,B,3,313,0,0.2871103882789612,0
xgb,both_lateral__B,both_lateral,B,3,313,0,0.9065588116645813,1
xgb,both_lateral__B,both_lateral,B,3,313,0,0.37402528524398804,0
xgb,both_lateral__B,both_lateral,B,3,313,0,0.5835988521575928,1
xgb,both_lateral__B,both_lateral,B,3,313,0,0.753228485584259,1
xgb,both_lateral__B,both_lateral,B,3,313,0,0.3759344816207886,0
xgb,both_lateral__B,both_lateral,B,3,313,0,0.14827121794223785,0
xgb,both_lateral__B,both_lateral,B,3,313,0,0.1836625039577484,0
xgb,both_lateral__B,both_lateral,B,3,313,1,0.0489538349211216,0
xgb,both_lateral__B,both_lateral,B,3,313,1,0.49765583872795105,0
xgb,both_lateral__B,both_lateral,B,3,313,1,0.026215629652142525,0
xgb,both_lateral__B,both_lateral,B,3,313,1,0.23221634328365326,0
xgb,both_lateral__B,both_lateral,B,3,313,1,0.6869539022445679,1
xgb,both_lateral__B,both_lateral,B,3,313,1,0.7462874054908752,1
xgb,both_lateral__B,both_lateral,B,3,313,1,0.8924875259399414,1
xgb,both_lateral__B,both_lateral,B,3,313,1,0.1157425120472908,0
xgb,both_lateral__B,both_lateral,B,3,313,1,0.08576106280088425,0
xgb,both_lateral__B,both_lateral,B,3,313,1,0.17680847644805908,0
xgb,both_lateral__B,both_lateral,B,3,313,1,0.6936339735984802,1
xgb,both_lateral__B,both_lateral,B,3,313,1,0.6287616491317749,1
xgb,both_lateral__B,both_lateral,B,3,313,1,0.49406522512435913,0
xgb,both_lateral__B,both_lateral,B,3,313,1,0.511018693447113,1
xgb,both_lateral__B,both_lateral,B,4,318,0,0.8890425562858582,1
xgb,both_lateral__B,both_lateral,B,4,318,0,0.7713865637779236,1
xgb,both_lateral__B,both_lateral,B,4,318,0,0.13820013403892517,0
xgb,both_lateral__B,both_lateral,B,4,318,0,0.17938368022441864,0
xgb,both_lateral__B,both_lateral,B,4,318,0,0.35969793796539307,0
xgb,both_lateral__B,both_lateral,B,4,318,0,0.18430672585964203,0
xgb,both_lateral__B,both_lateral,B,4,318,0,0.48035353422164917,0
xgb,both_lateral__B,both_lateral,B,4,318,0,0.6531934142112732,1
xgb,both_lateral__B,both_lateral,B,4,318,0,0.07797866314649582,0
xgb,both_lateral__B,both_lateral,B,4,318,0,0.21819844841957092,0
xgb,both_lateral__B,both_lateral,B,4,318,0,0.46410998702049255,0
xgb,both_lateral__B,both_lateral,B,4,318,0,0.020358413457870483,0
xgb,both_lateral__B,both_lateral,B,4,318,0,0.6394796967506409,1
xgb,both_lateral__B,both_lateral,B,4,318,0,0.6991674900054932,1
xgb,both_lateral__B,both_lateral,B,4,318,1,0.27263739705085754,0
xgb,both_lateral__B,both_lateral,B,4,318,1,0.21835456788539886,0
xgb,both_lateral__B,both_lateral,B,4,318,1,0.8152251243591309,1
xgb,both_lateral__B,both_lateral,B,4,318,1,0.3701559007167816,0
xgb,both_lateral__B,both_lateral,B,4,318,1,0.5203052759170532,1
xgb,both_lateral__B,both_lateral,B,4,318,1,0.09501122683286667,0
xgb,both_lateral__B,both_lateral,B,4,318,1,0.2737308740615845,0
xgb,both_lateral__B,both_lateral,B,4,318,1,0.5223184823989868,1
xgb,both_lateral__B,both_lateral,B,4,318,1,0.8987362384796143,1
xgb,both_lateral__B,both_lateral,B,4,318,1,0.42687711119651794,0
xgb,both_lateral__B,both_lateral,B,4,318,1,0.033639095723629,0
xgb,both_lateral__B,both_lateral,B,4,318,1,0.13368824124336243,0
xgb,both_lateral__B,both_lateral,B,4,318,1,0.02000231109559536,0
xgb,both_lateral__B,both_lateral,B,4,318,1,0.10106289386749268,0
xgb,both_lateral__B,both_lateral,B,5,300,0,0.037366025149822235,0
xgb,both_lateral__B,both_lateral,B,5,300,0,0.06743980199098587,0
xgb,both_lateral__B,both_lateral,B,5,300,0,0.6391475796699524,1
xgb,both_lateral__B,both_lateral,B,5,300,0,0.16652809083461761,0
xgb,both_lateral__B,both_lateral,B,5,300,0,0.9705102443695068,1
xgb,both_lateral__B,both_lateral,B,5,300,0,0.40745022892951965,0
xgb,both_lateral__B,both_lateral,B,5,300,0,0.0458097867667675,0
xgb,both_lateral__B,both_lateral,B,5,300,0,0.05396519973874092,0
xgb,both_lateral__B,both_lateral,B,5,300,0,0.20722422003746033,0
xgb,both_lateral__B,both_lateral,B,5,300,0,0.4182042181491852,0
xgb,both_lateral__B,both_lateral,B,5,300,0,0.27025818824768066,0
xgb,both_lateral__B,both_lateral,B,5,300,0,0.2879128158092499,0
xgb,both_lateral__B,both_lateral,B,5,300,0,0.07832205295562744,0
xgb,both_lateral__B,both_lateral,B,5,300,0,0.5028886198997498,1
xgb,both_lateral__B,both_lateral,B,5,300,1,0.12648794054985046,0
xgb,both_lateral__B,both_lateral,B,5,300,1,0.4148124158382416,0
xgb,both_lateral__B,both_lateral,B,5,300,1,0.4295244812965393,0
xgb,both_lateral__B,both_lateral,B,5,300,1,0.847873866558075,1
xgb,both_lateral__B,both_lateral,B,5,300,1,0.7770125865936279,1
xgb,both_lateral__B,both_lateral,B,5,300,1,0.06658477336168289,0
xgb,both_lateral__B,both_lateral,B,5,300,1,0.475250780582428,0
xgb,both_lateral__B,both_lateral,B,5,300,1,0.020175574347376823,0
xgb,both_lateral__B,both_lateral,B,5,300,1,0.0941634476184845,0
xgb,both_lateral__B,both_lateral,B,5,300,1,0.011672869324684143,0
xgb,both_lateral__B,both_lateral,B,5,300,1,0.0605960451066494,0
xgb,both_lateral__B,both_lateral,B,5,300,1,0.11274702847003937,0
xgb,both_lateral__B,both_lateral,B,5,300,1,0.5991588830947876,1
xgb,both_lateral__B,both_lateral,B,5,300,1,0.07913898676633835,0
xgb,both_lateral__B,both_lateral,B,6,271,0,0.40514320135116577,0
xgb,both_lateral__B,both_lateral,B,6,271,0,0.5684844851493835,1
xgb,both_lateral__B,both_lateral,B,6,271,0,0.13603343069553375,0
xgb,both_lateral__B,both_lateral,B,6,271,0,0.8796604871749878,1
xgb,both_lateral__B,both_lateral,B,6,271,0,0.8041940331459045,1
xgb,both_lateral__B,both_lateral,B,6,271,0,0.4318782687187195,0
xgb,both_lateral__B,both_lateral,B,6,271,0,0.3367944061756134,0
xgb,both_lateral__B,both_lateral,B,6,271,0,0.544988214969635,1
xgb,both_lateral__B,both_lateral,B,6,271,0,0.2491554617881775,0
xgb,both_lateral__B,both_lateral,B,6,271,0,0.49633654952049255,0
xgb,both_lateral__B,both_lateral,B,6,271,0,0.6838001012802124,1
xgb,both_lateral__B,both_lateral,B,6,271,0,0.7971978187561035,1
xgb,both_lateral__B,both_lateral,B,6,271,0,0.8553640246391296,1
xgb,both_lateral__B,both_lateral,B,6,271,0,0.33751171827316284,0
xgb,both_lateral__B,both_lateral,B,6,271,1,0.4288005828857422,0
xgb,both_lateral__B,both_lateral,B,6,271,1,0.542463481426239,1
xgb,both_lateral__B,both_lateral,B,6,271,1,0.8414413928985596,1
xgb,both_lateral__B,both_lateral,B,6,271,1,0.07110211998224258,0
xgb,both_lateral__B,both_lateral,B,6,271,1,0.386139452457428,0
xgb,both_lateral__B,both_lateral,B,6,271,1,0.7127115726470947,1
xgb,both_lateral__B,both_lateral,B,6,271,1,0.8211329579353333,1
xgb,both_lateral__B,both_lateral,B,6,271,1,0.5148276090621948,1
xgb,both_lateral__B,both_lateral,B,6,271,1,0.35490259528160095,0
xgb,both_lateral__B,both_lateral,B,6,271,1,0.7434359788894653,1
xgb,both_lateral__B,both_lateral,B,6,271,1,0.5967708826065063,1
xgb,both_lateral__B,both_lateral,B,6,271,1,0.5907448530197144,1
xgb,both_lateral__B,both_lateral,B,6,271,1,0.6843723654747009,1
xgb,both_lateral__B,both_lateral,B,6,271,1,0.5693120956420898,1
xgb,both_lateral__B,both_lateral,B,7,251,0,0.2974523603916168,0
xgb,both_lateral__B,both_lateral,B,7,251,0,0.6223000884056091,1
xgb,both_lateral__B,both_lateral,B,7,251,0,0.19337283074855804,0
xgb,both_lateral__B,both_lateral,B,7,251,0,0.09643486142158508,0
xgb,both_lateral__B,both_lateral,B,7,251,0,0.8969505429267883,1
xgb,both_lateral__B,both_lateral,B,7,251,0,0.3416047692298889,0
xgb,both_lateral__B,both_lateral,B,7,251,0,0.5032138824462891,1
xgb,both_lateral__B,both_lateral,B,7,251,0,0.6152141690254211,1
xgb,both_lateral__B,both_lateral,B,7,251,0,0.21969060599803925,0
xgb,both_lateral__B,both_lateral,B,7,251,0,0.10505665838718414,0
xgb,both_lateral__B,both_lateral,B,7,251,0,0.9311423301696777,1
xgb,both_lateral__B,both_lateral,B,7,251,0,0.6373470425605774,1
xgb,both_lateral__B,both_lateral,B,7,251,0,0.9735862612724304,1
xgb,both_lateral__B,both_lateral,B,7,251,0,0.273122102022171,0
xgb,both_lateral__B,both_lateral,B,7,251,1,0.9618178606033325,1
xgb,both_lateral__B,both_lateral,B,7,251,1,0.16286952793598175,0
xgb,both_lateral__B,both_lateral,B,7,251,1,0.815388560295105,1
xgb,both_lateral__B,both_lateral,B,7,251,1,0.14518234133720398,0
xgb,both_lateral__B,both_lateral,B,7,251,1,0.02122492901980877,0
xgb,both_lateral__B,both_lateral,B,7,251,1,0.04748230427503586,0
xgb,both_lateral__B,both_lateral,B,7,251,1,0.4669898748397827,0
xgb,both_lateral__B,both_lateral,B,7,251,1,0.36174100637435913,0
xgb,both_lateral__B,both_lateral,B,7,251,1,0.3939078450202942,0
xgb,both_lateral__B,both_lateral,B,7,251,1,0.4204708933830261,0
xgb,both_lateral__B,both_lateral,B,7,251,1,0.06707605719566345,0
xgb,both_lateral__B,both_lateral,B,7,251,1,0.6337039470672607,1
xgb,both_lateral__B,both_lateral,B,7,251,1,0.7282212972640991,1
xgb,both_lateral__B,both_lateral,B,8,282,0,0.5920472741127014,1
xgb,both_lateral__B,both_lateral,B,8,282,0,0.656936526298523,1
xgb,both_lateral__B,both_lateral,B,8,282,0,0.4698641002178192,0
xgb,both_lateral__B,both_lateral,B,8,282,0,0.04554648697376251,0
xgb,both_lateral__B,both_lateral,B,8,282,0,0.9914276599884033,1
xgb,both_lateral__B,both_lateral,B,8,282,0,0.8517245054244995,1
xgb,both_lateral__B,both_lateral,B,8,282,0,0.43315589427948,0
xgb,both_lateral__B,both_lateral,B,8,282,0,0.08658012747764587,0
xgb,both_lateral__B,both_lateral,B,8,282,0,0.708202064037323,1
xgb,both_lateral__B,both_lateral,B,8,282,0,0.8245155215263367,1
xgb,both_lateral__B,both_lateral,B,8,282,0,0.8935043811798096,1
xgb,both_lateral__B,both_lateral,B,8,282,0,0.334576815366745,0
xgb,both_lateral__B,both_lateral,B,8,282,0,0.814702570438385,1
xgb,both_lateral__B,both_lateral,B,8,282,0,0.4022209346294403,0
xgb,both_lateral__B,both_lateral,B,8,282,1,0.7626915574073792,1
xgb,both_lateral__B,both_lateral,B,8,282,1,0.337085485458374,0
xgb,both_lateral__B,both_lateral,B,8,282,1,0.49617868661880493,0
xgb,both_lateral__B,both_lateral,B,8,282,1,0.8509392738342285,1
xgb,both_lateral__B,both_lateral,B,8,282,1,0.13341495394706726,0
xgb,both_lateral__B,both_lateral,B,8,282,1,0.4371292293071747,0
xgb,both_lateral__B,both_lateral,B,8,282,1,0.676953911781311,1
xgb,both_lateral__B,both_lateral,B,8,282,1,0.54439377784729,1
xgb,both_lateral__B,both_lateral,B,8,282,1,0.8438897132873535,1
xgb,both_lateral__B,both_lateral,B,8,282,1,0.13668888807296753,0
xgb,both_lateral__B,both_lateral,B,8,282,1,0.2514737546443939,0
xgb,both_lateral__B,both_lateral,B,9,210,0,0.8732971549034119,1
xgb,both_lateral__B,both_lateral,B,9,210,0,0.9297627806663513,1
xgb,both_lateral__B,both_lateral,B,9,210,0,0.4240342378616333,0
xgb,both_lateral__B,both_lateral,B,9,210,0,0.09899019449949265,0
xgb,both_lateral__B,both_lateral,B,9,210,0,0.8503277897834778,1
xgb,both_lateral__B,both_lateral,B,9,210,0,0.674480140209198,1
xgb,both_lateral__B,both_lateral,B,9,210,0,0.6655622720718384,1
xgb,both_lateral__B,both_lateral,B,9,210,0,0.5474221706390381,1
xgb,both_lateral__B,both_lateral,B,9,210,0,0.3932722210884094,0
xgb,both_lateral__B,both_lateral,B,9,210,0,0.025923319160938263,0
xgb,both_lateral__B,both_lateral,B,9,210,0,0.01498374342918396,0
xgb,both_lateral__B,both_lateral,B,9,210,0,0.14522244036197662,0
xgb,both_lateral__B,both_lateral,B,9,210,0,0.7122254371643066,1
xgb,both_lateral__B,both_lateral,B,9,210,0,0.2741072177886963,0
xgb,both_lateral__B,both_lateral,B,9,210,1,0.37762436270713806,0
xgb,both_lateral__B,both_lateral,B,9,210,1,0.30864548683166504,0
xgb,both_lateral__B,both_lateral,B,9,210,1,0.7975398898124695,1
xgb,both_lateral__B,both_lateral,B,9,210,1,0.8306599259376526,1
xgb,both_lateral__B,both_lateral,B,9,210,1,0.4660302698612213,0
xgb,both_lateral__B,both_lateral,B,9,210,1,0.35751789808273315,0
xgb,both_lateral__B,both_lateral,B,9,210,1,0.894643247127533,1
xgb,both_lateral__B,both_lateral,B,9,210,1,0.1907745599746704,0
xgb,both_lateral__B,both_lateral,B,9,210,1,0.6178751587867737,1
xgb,both_lateral__B,both_lateral,B,9,210,1,0.8779230117797852,1
xgb,both_lateral__B,both_lateral,B,9,210,1,0.6302323341369629,1
xgb,both_lateral__B,both_lateral,B,10,265,0,0.8898723721504211,1
xgb,both_lateral__B,both_lateral,B,10,265,0,0.8218110799789429,1
xgb,both_lateral__B,both_lateral,B,10,265,0,0.6166583299636841,1
xgb,both_lateral__B,both_lateral,B,10,265,0,0.40742048621177673,0
xgb,both_lateral__B,both_lateral,B,10,265,0,0.5455511808395386,1
xgb,both_lateral__B,both_lateral,B,10,265,0,0.3821532726287842,0
xgb,both_lateral__B,both_lateral,B,10,265,0,0.8920633792877197,1
xgb,both_lateral__B,both_lateral,B,10,265,0,0.12044006586074829,0
xgb,both_lateral__B,both_lateral,B,10,265,0,0.9824907183647156,1
xgb,both_lateral__B,both_lateral,B,10,265,0,0.48194122314453125,0
xgb,both_lateral__B,both_lateral,B,10,265,0,0.738438606262207,1
xgb,both_lateral__B,both_lateral,B,10,265,0,0.037714652717113495,0
xgb,both_lateral__B,both_lateral,B,10,265,0,0.0880640521645546,0
xgb,both_lateral__B,both_lateral,B,10,265,1,0.008907686918973923,0
xgb,both_lateral__B,both_lateral,B,10,265,1,0.4116186201572418,0
xgb,both_lateral__B,both_lateral,B,10,265,1,0.7384784817695618,1
xgb,both_lateral__B,both_lateral,B,10,265,1,0.9540449380874634,1
xgb,both_lateral__B,both_lateral,B,10,265,1,0.6723048090934753,1
xgb,both_lateral__B,both_lateral,B,10,265,1,0.23968195915222168,0
xgb,both_lateral__B,both_lateral,B,10,265,1,0.082491435110569,0
xgb,both_lateral__B,both_lateral,B,10,265,1,0.7512611746788025,1
xgb,both_lateral__B,both_lateral,B,10,265,1,0.3572460412979126,0
xgb,both_lateral__B,both_lateral,B,10,265,1,0.41900938749313354,0
xgb,both_lateral__B,both_lateral,B,10,265,1,0.9372451901435852,1
xgb,both_lateral__C,both_lateral,C,1,249,0,0.05538883060216904,0
xgb,both_lateral__C,both_lateral,C,1,249,0,0.3370697498321533,0
xgb,both_lateral__C,both_lateral,C,1,249,0,0.9347849488258362,1
xgb,both_lateral__C,both_lateral,C,1,249,0,0.012021234259009361,0
xgb,both_lateral__C,both_lateral,C,1,249,0,0.014654116705060005,0
xgb,both_lateral__C,both_lateral,C,1,249,0,0.3842020034790039,0
xgb,both_lateral__C,both_lateral,C,1,249,0,0.1784265786409378,0
xgb,both_lateral__C,both_lateral,C,1,249,0,0.04130759835243225,0
xgb,both_lateral__C,both_lateral,C,1,249,0,0.03625355288386345,0
xgb,both_lateral__C,both_lateral,C,1,249,0,0.027064437046647072,0
xgb,both_lateral__C,both_lateral,C,1,249,0,0.007457970641553402,0
xgb,both_lateral__C,both_lateral,C,1,249,0,0.42548444867134094,0
xgb,both_lateral__C,both_lateral,C,1,249,0,0.05639846995472908,0
xgb,both_lateral__C,both_lateral,C,1,249,0,0.9401057958602905,1
xgb,both_lateral__C,both_lateral,C,1,249,0,0.0031651619356125593,0
xgb,both_lateral__C,both_lateral,C,1,249,1,0.7996819615364075,1
xgb,both_lateral__C,both_lateral,C,1,249,1,0.987508237361908,1
xgb,both_lateral__C,both_lateral,C,1,249,1,0.9653375744819641,1
xgb,both_lateral__C,both_lateral,C,1,249,1,0.9822956919670105,1
xgb,both_lateral__C,both_lateral,C,1,249,1,0.941914439201355,1
xgb,both_lateral__C,both_lateral,C,1,249,1,0.03605595603585243,0
xgb,both_lateral__C,both_lateral,C,1,249,1,0.5815908908843994,1
xgb,both_lateral__C,both_lateral,C,1,249,1,0.9145060181617737,1
xgb,both_lateral__C,both_lateral,C,1,249,1,0.7807374596595764,1
xgb,both_lateral__C,both_lateral,C,1,249,1,0.9644593596458435,1
xgb,both_lateral__C,both_lateral,C,1,249,1,0.2869263291358948,0
xgb,both_lateral__C,both_lateral,C,1,249,1,0.7412382364273071,1
xgb,both_lateral__C,both_lateral,C,1,249,1,0.7995367646217346,1
xgb,both_lateral__C,both_lateral,C,1,249,1,0.9689038991928101,1
xgb,both_lateral__C,both_lateral,C,1,249,1,0.919084370136261,1
xgb,both_lateral__C,both_lateral,C,1,249,1,0.8757461905479431,1
xgb,both_lateral__C,both_lateral,C,1,249,1,0.9830471873283386,1
xgb,both_lateral__C,both_lateral,C,2,219,0,0.35846278071403503,0
xgb,both_lateral__C,both_lateral,C,2,219,0,0.7690231800079346,1
xgb,both_lateral__C,both_lateral,C,2,219,0,0.9517601132392883,1
xgb,both_lateral__C,both_lateral,C,2,219,0,0.9926077127456665,1
xgb,both_lateral__C,both_lateral,C,2,219,0,0.9504439830780029,1
xgb,both_lateral__C,both_lateral,C,2,219,0,0.997980535030365,1
xgb,both_lateral__C,both_lateral,C,2,219,0,0.6648592948913574,1
xgb,both_lateral__C,both_lateral,C,2,219,0,0.005331734661012888,0
xgb,both_lateral__C,both_lateral,C,2,219,0,0.9865759015083313,1
xgb,both_lateral__C,both_lateral,C,2,219,0,0.07579188048839569,0
xgb,both_lateral__C,both_lateral,C,2,219,0,0.5680304765701294,1
xgb,both_lateral__C,both_lateral,C,2,219,0,0.9323148131370544,1
xgb,both_lateral__C,both_lateral,C,2,219,0,0.016927970573306084,0
xgb,both_lateral__C,both_lateral,C,2,219,0,0.5919474363327026,1
xgb,both_lateral__C,both_lateral,C,2,219,1,0.8969700336456299,1
xgb,both_lateral__C,both_lateral,C,2,219,1,0.9939889907836914,1
xgb,both_lateral__C,both_lateral,C,2,219,1,0.9781222343444824,1
xgb,both_lateral__C,both_lateral,C,2,219,1,0.9967924952507019,1
xgb,both_lateral__C,both_lateral,C,2,219,1,0.9813607335090637,1
xgb,both_lateral__C,both_lateral,C,2,219,1,0.9402283430099487,1
xgb,both_lateral__C,both_lateral,C,2,219,1,0.9788203835487366,1
xgb,both_lateral__C,both_lateral,C,2,219,1,0.9915246367454529,1
xgb,both_lateral__C,both_lateral,C,2,219,1,0.9043784141540527,1
xgb,both_lateral__C,both_lateral,C,2,219,1,0.8452141284942627,1
xgb,both_lateral__C,both_lateral,C,2,219,1,0.9588838219642639,1
xgb,both_lateral__C,both_lateral,C,2,219,1,0.9790478348731995,1
xgb,both_lateral__C,both_lateral,C,2,219,1,0.9896001815795898,1
xgb,both_lateral__C,both_lateral,C,2,219,1,0.8601101636886597,1
xgb,both_lateral__C,both_lateral,C,2,219,1,0.944628894329071,1
xgb,both_lateral__C,both_lateral,C,2,219,1,0.9944614171981812,1
xgb,both_lateral__C,both_lateral,C,3,313,0,0.4827451705932617,0
xgb,both_lateral__C,both_lateral,C,3,313,0,0.38812267780303955,0
xgb,both_lateral__C,both_lateral,C,3,313,0,0.3301772177219391,0
xgb,both_lateral__C,both_lateral,C,3,313,0,0.8039988279342651,1
xgb,both_lateral__C,both_lateral,C,3,313,0,0.7616742253303528,1
xgb,both_lateral__C,both_lateral,C,3,313,0,0.9013364911079407,1
xgb,both_lateral__C,both_lateral,C,3,313,0,0.8508288860321045,1
xgb,both_lateral__C,both_lateral,C,3,313,0,0.9859888553619385,1
xgb,both_lateral__C,both_lateral,C,3,313,0,0.9276577830314636,1
xgb,both_lateral__C,both_lateral,C,3,313,0,0.9116162657737732,1
xgb,both_lateral__C,both_lateral,C,3,313,0,0.3448362946510315,0
xgb,both_lateral__C,both_lateral,C,3,313,0,0.9285187721252441,1
xgb,both_lateral__C,both_lateral,C,3,313,0,0.7552856206893921,1
xgb,both_lateral__C,both_lateral,C,3,313,0,0.46774041652679443,0
xgb,both_lateral__C,both_lateral,C,3,313,0,0.4361327886581421,0
xgb,both_lateral__C,both_lateral,C,3,313,1,0.35297122597694397,0
xgb,both_lateral__C,both_lateral,C,3,313,1,0.1583760529756546,0
xgb,both_lateral__C,both_lateral,C,3,313,1,0.5169152617454529,1
xgb,both_lateral__C,both_lateral,C,3,313,1,0.5774111747741699,1
xgb,both_lateral__C,both_lateral,C,3,313,1,0.7951468825340271,1
xgb,both_lateral__C,both_lateral,C,3,313,1,0.8125766515731812,1
xgb,both_lateral__C,both_lateral,C,3,313,1,0.7870641946792603,1
xgb,both_lateral__C,both_lateral,C,3,313,1,0.8903305530548096,1
xgb,both_lateral__C,both_lateral,C,3,313,1,0.28983449935913086,0
xgb,both_lateral__C,both_lateral,C,3,313,1,0.7966957688331604,1
xgb,both_lateral__C,both_lateral,C,3,313,1,0.8462434411048889,1
xgb,both_lateral__C,both_lateral,C,3,313,1,0.6178239583969116,1
xgb,both_lateral__C,both_lateral,C,3,313,1,0.7851905822753906,1
xgb,both_lateral__C,both_lateral,C,3,313,1,0.42438775300979614,0
xgb,both_lateral__C,both_lateral,C,4,318,0,0.17525337636470795,0
xgb,both_lateral__C,both_lateral,C,4,318,0,0.2850843369960785,0
xgb,both_lateral__C,both_lateral,C,4,318,0,0.6987449526786804,1
xgb,both_lateral__C,both_lateral,C,4,318,0,0.04426097497344017,0
xgb,both_lateral__C,both_lateral,C,4,318,0,0.31328004598617554,0
xgb,both_lateral__C,both_lateral,C,4,318,0,0.6511597633361816,1
xgb,both_lateral__C,both_lateral,C,4,318,0,0.1675465852022171,0
xgb,both_lateral__C,both_lateral,C,4,318,0,0.0026264775078743696,0
xgb,both_lateral__C,both_lateral,C,4,318,0,0.752657413482666,1
xgb,both_lateral__C,both_lateral,C,4,318,0,0.2956143021583557,0
xgb,both_lateral__C,both_lateral,C,4,318,0,0.8223021626472473,1
xgb,both_lateral__C,both_lateral,C,4,318,0,0.14136463403701782,0
xgb,both_lateral__C,both_lateral,C,4,318,0,0.4488406479358673,0
xgb,both_lateral__C,both_lateral,C,4,318,0,0.6912742853164673,1
xgb,both_lateral__C,both_lateral,C,4,318,1,0.012254017405211926,0
xgb,both_lateral__C,both_lateral,C,4,318,1,0.9259263873100281,1
xgb,both_lateral__C,both_lateral,C,4,318,1,0.9216541647911072,1
xgb,both_lateral__C,both_lateral,C,4,318,1,0.9761177897453308,1
xgb,both_lateral__C,both_lateral,C,4,318,1,0.8484435677528381,1
xgb,both_lateral__C,both_lateral,C,4,318,1,0.5150942206382751,1
xgb,both_lateral__C,both_lateral,C,4,318,1,0.7243630290031433,1
xgb,both_lateral__C,both_lateral,C,4,318,1,0.6493787169456482,1
xgb,both_lateral__C,both_lateral,C,4,318,1,0.9538511633872986,1
xgb,both_lateral__C,both_lateral,C,4,318,1,0.9441843628883362,1
xgb,both_lateral__C,both_lateral,C,4,318,1,0.6157588362693787,1
xgb,both_lateral__C,both_lateral,C,4,318,1,0.5611151456832886,1
xgb,both_lateral__C,both_lateral,C,4,318,1,0.16493292152881622,0
xgb,both_lateral__C,both_lateral,C,4,318,1,0.5286295413970947,1
xgb,both_lateral__C,both_lateral,C,5,300,0,0.9869444966316223,1
xgb,both_lateral__C,both_lateral,C,5,300,0,0.9933843016624451,1
xgb,both_lateral__C,both_lateral,C,5,300,0,0.9754806756973267,1
xgb,both_lateral__C,both_lateral,C,5,300,0,0.9428587555885315,1
xgb,both_lateral__C,both_lateral,C,5,300,0,0.9908656477928162,1
xgb,both_lateral__C,both_lateral,C,5,300,0,0.9784488677978516,1
xgb,both_lateral__C,both_lateral,C,5,300,0,0.973884105682373,1
xgb,both_lateral__C,both_lateral,C,5,300,0,0.9815748929977417,1
xgb,both_lateral__C,both_lateral,C,5,300,0,0.9798959493637085,1
xgb,both_lateral__C,both_lateral,C,5,300,0,0.974664032459259,1
xgb,both_lateral__C,both_lateral,C,5,300,0,0.8641465306282043,1
xgb,both_lateral__C,both_lateral,C,5,300,0,0.9170621037483215,1
xgb,both_lateral__C,both_lateral,C,5,300,0,0.9813601970672607,1
xgb,both_lateral__C,both_lateral,C,5,300,0,0.9970338344573975,1
xgb,both_lateral__C,both_lateral,C,5,300,1,0.9862130880355835,1
xgb,both_lateral__C,both_lateral,C,5,300,1,0.9945195317268372,1
xgb,both_lateral__C,both_lateral,C,5,300,1,0.9932171702384949,1
xgb,both_lateral__C,both_lateral,C,5,300,1,0.9898957014083862,1
xgb,both_lateral__C,both_lateral,C,5,300,1,0.9882997274398804,1
xgb,both_lateral__C,both_lateral,C,5,300,1,0.988490104675293,1
xgb,both_lateral__C,both_lateral,C,5,300,1,0.9942570328712463,1
xgb,both_lateral__C,both_lateral,C,5,300,1,0.9370319247245789,1
xgb,both_lateral__C,both_lateral,C,5,300,1,0.9709513783454895,1
xgb,both_lateral__C,both_lateral,C,5,300,1,0.9760388731956482,1
xgb,both_lateral__C,both_lateral,C,5,300,1,0.9845619797706604,1
xgb,both_lateral__C,both_lateral,C,5,300,1,0.9778940677642822,1
xgb,both_lateral__C,both_lateral,C,5,300,1,0.9764848351478577,1
xgb,both_lateral__C,both_lateral,C,5,300,1,0.9817186594009399,1
xgb,both_lateral__C,both_lateral,C,6,271,0,0.07177145779132843,0
xgb,both_lateral__C,both_lateral,C,6,271,0,0.1333954632282257,0
xgb,both_lateral__C,both_lateral,C,6,271,0,0.02174132503569126,0
xgb,both_lateral__C,both_lateral,C,6,271,0,0.5901989340782166,1
xgb,both_lateral__C,both_lateral,C,6,271,0,0.6716265678405762,1
xgb,both_lateral__C,both_lateral,C,6,271,0,0.4742294251918793,0
xgb,both_lateral__C,both_lateral,C,6,271,0,0.17671242356300354,0
xgb,both_lateral__C,both_lateral,C,6,271,0,0.0017483041156083345,0
xgb,both_lateral__C,both_lateral,C,6,271,0,0.0017682962352409959,0
xgb,both_lateral__C,both_lateral,C,6,271,0,0.40762120485305786,0
xgb,both_lateral__C,both_lateral,C,6,271,0,0.06302307546138763,0
xgb,both_lateral__C,both_lateral,C,6,271,0,0.024462802335619926,0
xgb,both_lateral__C,both_lateral,C,6,271,0,0.42673343420028687,0
xgb,both_lateral__C,both_lateral,C,6,271,0,0.04643933102488518,0
xgb,both_lateral__C,both_lateral,C,6,271,1,0.5698719620704651,1
xgb,both_lateral__C,both_lateral,C,6,271,1,0.924759566783905,1
xgb,both_lateral__C,both_lateral,C,6,271,1,0.3545641601085663,0
xgb,both_lateral__C,both_lateral,C,6,271,1,0.8757712244987488,1
xgb,both_lateral__C,both_lateral,C,6,271,1,0.7795979380607605,1
xgb,both_lateral__C,both_lateral,C,6,271,1,0.7579509019851685,1
xgb,both_lateral__C,both_lateral,C,6,271,1,0.6098037958145142,1
xgb,both_lateral__C,both_lateral,C,6,271,1,0.5379108190536499,1
xgb,both_lateral__C,both_lateral,C,6,271,1,0.7057561874389648,1
xgb,both_lateral__C,both_lateral,C,6,271,1,0.8943099975585938,1
xgb,both_lateral__C,both_lateral,C,6,271,1,0.8520815968513489,1
xgb,both_lateral__C,both_lateral,C,6,271,1,0.9803422093391418,1
xgb,both_lateral__C,both_lateral,C,6,271,1,0.9655576944351196,1
xgb,both_lateral__C,both_lateral,C,6,271,1,0.4164176285266876,0
xgb,both_lateral__C,both_lateral,C,7,251,0,0.004579018801450729,0
xgb,both_lateral__C,both_lateral,C,7,251,0,0.0011012422619387507,0
xgb,both_lateral__C,both_lateral,C,7,251,0,0.00044139300007373095,0
xgb,both_lateral__C,both_lateral,C,7,251,0,0.00786674115806818,0
xgb,both_lateral__C,both_lateral,C,7,251,0,0.0023307432420551777,0
xgb,both_lateral__C,both_lateral,C,7,251,0,0.01720772124826908,0
xgb,both_lateral__C,both_lateral,C,7,251,0,0.010294526815414429,0
xgb,both_lateral__C,both_lateral,C,7,251,0,0.023146510124206543,0
xgb,both_lateral__C,both_lateral,C,7,251,0,0.0013423042837530375,0
xgb,both_lateral__C,both_lateral,C,7,251,0,0.0009958004811778665,0
xgb,both_lateral__C,both_lateral,C,7,251,0,0.002193635795265436,0
xgb,both_lateral__C,both_lateral,C,7,251,0,0.0013971991138532758,0
xgb,both_lateral__C,both_lateral,C,7,251,0,0.008674723096191883,0
xgb,both_lateral__C,both_lateral,C,7,251,0,0.0011697247391566634,0
xgb,both_lateral__C,both_lateral,C,7,251,1,0.17482392489910126,0
xgb,both_lateral__C,both_lateral,C,7,251,1,0.026694536209106445,0
xgb,both_lateral__C,both_lateral,C,7,251,1,0.009456189349293709,0
xgb,both_lateral__C,both_lateral,C,7,251,1,0.020208243280649185,0
xgb,both_lateral__C,both_lateral,C,7,251,1,0.0010425553191453218,0
xgb,both_lateral__C,both_lateral,C,7,251,1,0.05691925063729286,0
xgb,both_lateral__C,both_lateral,C,7,251,1,0.042098935693502426,0
xgb,both_lateral__C,both_lateral,C,7,251,1,0.014686491340398788,0
xgb,both_lateral__C,both_lateral,C,7,251,1,0.3488055169582367,0
xgb,both_lateral__C,both_lateral,C,7,251,1,0.016920385882258415,0
xgb,both_lateral__C,both_lateral,C,7,251,1,0.006801985204219818,0
xgb,both_lateral__C,both_lateral,C,7,251,1,0.1136951744556427,0
xgb,both_lateral__C,both_lateral,C,7,251,1,0.046180855482816696,0
xgb,both_lateral__C,both_lateral,C,8,282,0,0.00037685356801375747,0
xgb,both_lateral__C,both_lateral,C,8,282,0,0.0030629057437181473,0
xgb,both_lateral__C,both_lateral,C,8,282,0,0.002840643748641014,0
xgb,both_lateral__C,both_lateral,C,8,282,0,0.0039444719441235065,0
xgb,both_lateral__C,both_lateral,C,8,282,0,0.0871042013168335,0
xgb,both_lateral__C,both_lateral,C,8,282,0,0.05002032220363617,0
xgb,both_lateral__C,both_lateral,C,8,282,0,0.004645447246730328,0
xgb,both_lateral__C,both_lateral,C,8,282,0,0.003162501845508814,0
xgb,both_lateral__C,both_lateral,C,8,282,0,0.008205295540392399,0
xgb,both_lateral__C,both_lateral,C,8,282,0,0.001378264743834734,0
xgb,both_lateral__C,both_lateral,C,8,282,0,0.018179694190621376,0
xgb,both_lateral__C,both_lateral,C,8,282,0,0.002407208550721407,0
xgb,both_lateral__C,both_lateral,C,8,282,0,0.014856158755719662,0
xgb,both_lateral__C,both_lateral,C,8,282,0,0.004093489609658718,0
xgb,both_lateral__C,both_lateral,C,8,282,1,0.9226180911064148,1
xgb,both_lateral__C,both_lateral,C,8,282,1,0.9483392834663391,1
xgb,both_lateral__C,both_lateral,C,8,282,1,0.831832230091095,1
xgb,both_lateral__C,both_lateral,C,8,282,1,0.6214219927787781,1
xgb,both_lateral__C,both_lateral,C,8,282,1,0.9897797703742981,1
xgb,both_lateral__C,both_lateral,C,8,282,1,0.216941699385643,0
xgb,both_lateral__C,both_lateral,C,8,282,1,0.1127513200044632,0
xgb,both_lateral__C,both_lateral,C,8,282,1,0.5186668634414673,1
xgb,both_lateral__C,both_lateral,C,8,282,1,0.8634223937988281,1
xgb,both_lateral__C,both_lateral,C,8,282,1,0.8845993876457214,1
xgb,both_lateral__C,both_lateral,C,8,282,1,0.8270356059074402,1
xgb,both_lateral__C,both_lateral,C,9,210,0,0.7301173806190491,1
xgb,both_lateral__C,both_lateral,C,9,210,0,0.020225895568728447,0
xgb,both_lateral__C,both_lateral,C,9,210,0,0.3932482898235321,0
xgb,both_lateral__C,both_lateral,C,9,210,0,0.6322580575942993,1
xgb,both_lateral__C,both_lateral,C,9,210,0,0.029350455850362778,0
xgb,both_lateral__C,both_lateral,C,9,210,0,0.5511476993560791,1
xgb,both_lateral__C,both_lateral,C,9,210,0,0.015215247869491577,0
xgb,both_lateral__C,both_lateral,C,9,210,0,0.9613795876502991,1
xgb,both_lateral__C,both_lateral,C,9,210,0,0.21502451598644257,0
xgb,both_lateral__C,both_lateral,C,9,210,0,0.01867116615176201,0
xgb,both_lateral__C,both_lateral,C,9,210,0,0.16912540793418884,0
xgb,both_lateral__C,both_lateral,C,9,210,0,0.04579949378967285,0
xgb,both_lateral__C,both_lateral,C,9,210,0,0.03318563848733902,0
xgb,both_lateral__C,both_lateral,C,9,210,0,0.8146809935569763,1
xgb,both_lateral__C,both_lateral,C,9,210,1,0.9932661056518555,1
xgb,both_lateral__C,both_lateral,C,9,210,1,0.9794145226478577,1
xgb,both_lateral__C,both_lateral,C,9,210,1,0.9944650530815125,1
xgb,both_lateral__C,both_lateral,C,9,210,1,0.9668339490890503,1
xgb,both_lateral__C,both_lateral,C,9,210,1,0.9968985319137573,1
xgb,both_lateral__C,both_lateral,C,9,210,1,0.9891682863235474,1
xgb,both_lateral__C,both_lateral,C,9,210,1,0.921878457069397,1
xgb,both_lateral__C,both_lateral,C,9,210,1,0.990342378616333,1
xgb,both_lateral__C,both_lateral,C,9,210,1,0.9868143796920776,1
xgb,both_lateral__C,both_lateral,C,9,210,1,0.9582267999649048,1
xgb,both_lateral__C,both_lateral,C,9,210,1,0.9949578642845154,1
xgb,both_lateral__C,both_lateral,C,10,265,0,0.23882217705249786,0
xgb,both_lateral__C,both_lateral,C,10,265,0,0.44127705693244934,0
xgb,both_lateral__C,both_lateral,C,10,265,0,0.5087070465087891,1
xgb,both_lateral__C,both_lateral,C,10,265,0,0.5263599157333374,1
xgb,both_lateral__C,both_lateral,C,10,265,0,0.8204571008682251,1
xgb,both_lateral__C,both_lateral,C,10,265,0,0.6905204057693481,1
xgb,both_lateral__C,both_lateral,C,10,265,0,0.4434438943862915,0
xgb,both_lateral__C,both_lateral,C,10,265,0,0.740766704082489,1
xgb,both_lateral__C,both_lateral,C,10,265,0,0.24837249517440796,0
xgb,both_lateral__C,both_lateral,C,10,265,0,0.08618855476379395,0
xgb,both_lateral__C,both_lateral,C,10,265,0,0.04544823244214058,0
xgb,both_lateral__C,both_lateral,C,10,265,0,0.03976619988679886,0
xgb,both_lateral__C,both_lateral,C,10,265,0,0.4689624011516571,0
xgb,both_lateral__C,both_lateral,C,10,265,1,0.039291299879550934,0
xgb,both_lateral__C,both_lateral,C,10,265,1,0.017959177494049072,0
xgb,both_lateral__C,both_lateral,C,10,265,1,0.9432737231254578,1
xgb,both_lateral__C,both_lateral,C,10,265,1,0.9913506507873535,1
xgb,both_lateral__C,both_lateral,C,10,265,1,0.21872802078723907,0
xgb,both_lateral__C,both_lateral,C,10,265,1,0.058026667684316635,0
xgb,both_lateral__C,both_lateral,C,10,265,1,0.027618717402219772,0
xgb,both_lateral__C,both_lateral,C,10,265,1,0.8498846292495728,1
xgb,both_lateral__C,both_lateral,C,10,265,1,0.9202518463134766,1
xgb,both_lateral__C,both_lateral,C,10,265,1,0.7298014760017395,1
xgb,both_lateral__C,both_lateral,C,10,265,1,0.35279855132102966,0
xgb,bis_quatro__A,bis_quatro,A,1,249,0,0.006402413360774517,0
xgb,bis_quatro__A,bis_quatro,A,1,249,0,0.38926053047180176,0
xgb,bis_quatro__A,bis_quatro,A,1,249,0,0.9888716340065002,1
xgb,bis_quatro__A,bis_quatro,A,1,249,0,0.02283944934606552,0
xgb,bis_quatro__A,bis_quatro,A,1,249,0,0.01740911602973938,0
xgb,bis_quatro__A,bis_quatro,A,1,249,0,0.8773620128631592,1
xgb,bis_quatro__A,bis_quatro,A,1,249,0,0.012210323475301266,0
xgb,bis_quatro__A,bis_quatro,A,1,249,0,0.014699483290314674,0
xgb,bis_quatro__A,bis_quatro,A,1,249,0,0.0034058266319334507,0
xgb,bis_quatro__A,bis_quatro,A,1,249,0,0.00368746230378747,0
xgb,bis_quatro__A,bis_quatro,A,1,249,0,0.002824055729433894,0
xgb,bis_quatro__A,bis_quatro,A,1,249,0,0.007190519478172064,0
xgb,bis_quatro__A,bis_quatro,A,1,249,0,0.9849066138267517,1
xgb,bis_quatro__A,bis_quatro,A,1,249,0,0.35222312808036804,0
xgb,bis_quatro__A,bis_quatro,A,1,249,0,0.008876706473529339,0
xgb,bis_quatro__A,bis_quatro,A,1,249,1,0.8129626512527466,1
xgb,bis_quatro__A,bis_quatro,A,1,249,1,0.08534002304077148,0
xgb,bis_quatro__A,bis_quatro,A,1,249,1,0.9769195318222046,1
xgb,bis_quatro__A,bis_quatro,A,1,249,1,0.993115246295929,1
xgb,bis_quatro__A,bis_quatro,A,1,249,1,0.9170406460762024,1
xgb,bis_quatro__A,bis_quatro,A,1,249,1,0.8782190680503845,1
xgb,bis_quatro__A,bis_quatro,A,1,249,1,0.9408233761787415,1
xgb,bis_quatro__A,bis_quatro,A,1,249,1,0.30388331413269043,0
xgb,bis_quatro__A,bis_quatro,A,1,249,1,0.9040154814720154,1
xgb,bis_quatro__A,bis_quatro,A,1,249,1,0.8136780261993408,1
xgb,bis_quatro__A,bis_quatro,A,1,249,1,0.12671226263046265,0
xgb,bis_quatro__A,bis_quatro,A,1,249,1,0.8845358490943909,1
xgb,bis_quatro__A,bis_quatro,A,1,249,1,0.9422180652618408,1
xgb,bis_quatro__A,bis_quatro,A,1,249,1,0.13765917718410492,0
xgb,bis_quatro__A,bis_quatro,A,1,249,1,0.916459858417511,1
xgb,bis_quatro__A,bis_quatro,A,1,249,1,0.27158647775650024,0
xgb,bis_quatro__A,bis_quatro,A,1,249,1,0.9444054961204529,1
xgb,bis_quatro__A,bis_quatro,A,2,219,0,0.9197736382484436,1
xgb,bis_quatro__A,bis_quatro,A,2,219,0,0.675342857837677,1
xgb,bis_quatro__A,bis_quatro,A,2,219,0,0.9522472620010376,1
xgb,bis_quatro__A,bis_quatro,A,2,219,0,0.9610896706581116,1
xgb,bis_quatro__A,bis_quatro,A,2,219,0,0.9776671528816223,1
xgb,bis_quatro__A,bis_quatro,A,2,219,0,0.8398045897483826,1
xgb,bis_quatro__A,bis_quatro,A,2,219,0,0.04875759780406952,0
xgb,bis_quatro__A,bis_quatro,A,2,219,0,0.26621049642562866,0
xgb,bis_quatro__A,bis_quatro,A,2,219,0,0.9922285676002502,1
xgb,bis_quatro__A,bis_quatro,A,2,219,0,0.010857314802706242,0
xgb,bis_quatro__A,bis_quatro,A,2,219,0,0.020086228847503662,0
xgb,bis_quatro__A,bis_quatro,A,2,219,0,0.3327372074127197,0
xgb,bis_quatro__A,bis_quatro,A,2,219,0,0.0044892048463225365,0
xgb,bis_quatro__A,bis_quatro,A,2,219,0,0.11539013683795929,0
xgb,bis_quatro__A,bis_quatro,A,2,219,1,0.160928875207901,0
xgb,bis_quatro__A,bis_quatro,A,2,219,1,0.17802920937538147,0
xgb,bis_quatro__A,bis_quatro,A,2,219,1,0.359549343585968,0
xgb,bis_quatro__A,bis_quatro,A,2,219,1,0.7101063132286072,1
xgb,bis_quatro__A,bis_quatro,A,2,219,1,0.11925201117992401,0
xgb,bis_quatro__A,bis_quatro,A,2,219,1,0.4350137710571289,0
xgb,bis_quatro__A,bis_quatro,A,2,219,1,0.45921796560287476,0
xgb,bis_quatro__A,bis_quatro,A,2,219,1,0.9162520170211792,1
xgb,bis_quatro__A,bis_quatro,A,2,219,1,0.8582419753074646,1
xgb,bis_quatro__A,bis_quatro,A,2,219,1,0.3717353940010071,0
xgb,bis_quatro__A,bis_quatro,A,2,219,1,0.0816662386059761,0
xgb,bis_quatro__A,bis_quatro,A,2,219,1,0.08273525536060333,0
xgb,bis_quatro__A,bis_quatro,A,2,219,1,0.7168678045272827,1
xgb,bis_quatro__A,bis_quatro,A,2,219,1,0.6815779805183411,1
xgb,bis_quatro__A,bis_quatro,A,2,219,1,0.6832132935523987,1
xgb,bis_quatro__A,bis_quatro,A,2,219,1,0.6584807634353638,1
xgb,bis_quatro__A,bis_quatro,A,3,313,0,0.4667052626609802,0
xgb,bis_quatro__A,bis_quatro,A,3,313,0,0.7761482000350952,1
xgb,bis_quatro__A,bis_quatro,A,3,313,0,0.12071554362773895,0
xgb,bis_quatro__A,bis_quatro,A,3,313,0,0.8264382481575012,1
xgb,bis_quatro__A,bis_quatro,A,3,313,0,0.19047985970973969,0
xgb,bis_quatro__A,bis_quatro,A,3,313,0,0.8656340837478638,1
xgb,bis_quatro__A,bis_quatro,A,3,313,0,0.8716145753860474,1
xgb,bis_quatro__A,bis_quatro,A,3,313,0,0.9383102655410767,1
xgb,bis_quatro__A,bis_quatro,A,3,313,0,0.7423452734947205,1
xgb,bis_quatro__A,bis_quatro,A,3,313,0,0.7970612645149231,1
xgb,bis_quatro__A,bis_quatro,A,3,313,0,0.936734139919281,1
xgb,bis_quatro__A,bis_quatro,A,3,313,0,0.5364366769790649,1
xgb,bis_quatro__A,bis_quatro,A,3,313,0,0.10791902244091034,0
xgb,bis_quatro__A,bis_quatro,A,3,313,0,0.554071843624115,1
xgb,bis_quatro__A,bis_quatro,A,3,313,0,0.5925495624542236,1
xgb,bis_quatro__A,bis_quatro,A,3,313,1,0.6963178515434265,1
xgb,bis_quatro__A,bis_quatro,A,3,313,1,0.2793223261833191,0
xgb,bis_quatro__A,bis_quatro,A,3,313,1,0.410203218460083,0
xgb,bis_quatro__A,bis_quatro,A,3,313,1,0.8437281847000122,1
xgb,bis_quatro__A,bis_quatro,A,3,313,1,0.9565929174423218,1
xgb,bis_quatro__A,bis_quatro,A,3,313,1,0.6503682136535645,1
xgb,bis_quatro__A,bis_quatro,A,3,313,1,0.44442418217658997,0
xgb,bis_quatro__A,bis_quatro,A,3,313,1,0.9626982808113098,1
xgb,bis_quatro__A,bis_quatro,A,3,313,1,0.8854399919509888,1
xgb,bis_quatro__A,bis_quatro,A,3,313,1,0.2877407371997833,0
xgb,bis_quatro__A,bis_quatro,A,3,313,1,0.9838048815727234,1
xgb,bis_quatro__A,bis_quatro,A,3,313,1,0.9454346299171448,1
xgb,bis_quatro__A,bis_quatro,A,3,313,1,0.9002941846847534,1
xgb,bis_quatro__A,bis_quatro,A,3,313,1,0.6819567680358887,1
xgb,bis_quatro__A,bis_quatro,A,4,318,0,0.48937374353408813,0
xgb,bis_quatro__A,bis_quatro,A,4,318,0,0.9962957501411438,1
xgb,bis_quatro__A,bis_quatro,A,4,318,0,0.77178555727005,1
xgb,bis_quatro__A,bis_quatro,A,4,318,0,0.45618975162506104,0
xgb,bis_quatro__A,bis_quatro,A,4,318,0,0.9957590699195862,1
xgb,bis_quatro__A,bis_quatro,A,4,318,0,0.9163505434989929,1
xgb,bis_quatro__A,bis_quatro,A,4,318,0,0.25292453169822693,0
xgb,bis_quatro__A,bis_quatro,A,4,318,0,0.008508184924721718,0
xgb,bis_quatro__A,bis_quatro,A,4,318,0,0.03160097450017929,0
xgb,bis_quatro__A,bis_quatro,A,4,318,0,0.8597375750541687,1
xgb,bis_quatro__A,bis_quatro,A,4,318,0,0.011054937727749348,0
xgb,bis_quatro__A,bis_quatro,A,4,318,0,0.8498061299324036,1
xgb,bis_quatro__A,bis_quatro,A,4,318,0,0.03483963757753372,0
xgb,bis_quatro__A,bis_quatro,A,4,318,0,0.5318706631660461,1
xgb,bis_quatro__A,bis_quatro,A,4,318,1,0.05659101903438568,0
xgb,bis_quatro__A,bis_quatro,A,4,318,1,0.02055531181395054,0
xgb,bis_quatro__A,bis_quatro,A,4,318,1,0.01609598472714424,0
xgb,bis_quatro__A,bis_quatro,A,4,318,1,0.0194509569555521,0
xgb,bis_quatro__A,bis_quatro,A,4,318,1,0.2329058200120926,0
xgb,bis_quatro__A,bis_quatro,A,4,318,1,0.015611014328897,0
xgb,bis_quatro__A,bis_quatro,A,4,318,1,0.43234190344810486,0
xgb,bis_quatro__A,bis_quatro,A,4,318,1,0.016809619963169098,0
xgb,bis_quatro__A,bis_quatro,A,4,318,1,0.1253380924463272,0
xgb,bis_quatro__A,bis_quatro,A,4,318,1,0.09933625906705856,0
xgb,bis_quatro__A,bis_quatro,A,4,318,1,0.13960310816764832,0
xgb,bis_quatro__A,bis_quatro,A,4,318,1,0.1298828125,0
xgb,bis_quatro__A,bis_quatro,A,4,318,1,0.021694064140319824,0
xgb,bis_quatro__A,bis_quatro,A,4,318,1,0.03761455416679382,0
xgb,bis_quatro__A,bis_quatro,A,5,300,0,0.5873570442199707,1
xgb,bis_quatro__A,bis_quatro,A,5,300,0,0.06830330938100815,0
xgb,bis_quatro__A,bis_quatro,A,5,300,0,0.48801323771476746,0
xgb,bis_quatro__A,bis_quatro,A,5,300,0,0.6055557131767273,1
xgb,bis_quatro__A,bis_quatro,A,5,300,0,0.45704352855682373,0
xgb,bis_quatro__A,bis_quatro,A,5,300,0,0.4530927836894989,0
xgb,bis_quatro__A,bis_quatro,A,5,300,0,0.5324371457099915,1
xgb,bis_quatro__A,bis_quatro,A,5,300,0,0.5284689664840698,1
xgb,bis_quatro__A,bis_quatro,A,5,300,0,0.5460076928138733,1
xgb,bis_quatro__A,bis_quatro,A,5,300,0,0.7946465015411377,1
xgb,bis_quatro__A,bis_quatro,A,5,300,0,0.7162944078445435,1
xgb,bis_quatro__A,bis_quatro,A,5,300,0,0.07810746133327484,0
xgb,bis_quatro__A,bis_quatro,A,5,300,0,0.7679893374443054,1
xgb,bis_quatro__A,bis_quatro,A,5,300,0,0.8326048851013184,1
xgb,bis_quatro__A,bis_quatro,A,5,300,1,0.36283233761787415,0
xgb,bis_quatro__A,bis_quatro,A,5,300,1,0.5607009530067444,1
xgb,bis_quatro__A,bis_quatro,A,5,300,1,0.07764768600463867,0
xgb,bis_quatro__A,bis_quatro,A,5,300,1,0.6346719861030579,1
xgb,bis_quatro__A,bis_quatro,A,5,300,1,0.6166772842407227,1
xgb,bis_quatro__A,bis_quatro,A,5,300,1,0.5863264799118042,1
xgb,bis_quatro__A,bis_quatro,A,5,300,1,0.5568972826004028,1
xgb,bis_quatro__A,bis_quatro,A,5,300,1,0.4149152934551239,0
xgb,bis_quatro__A,bis_quatro,A,5,300,1,0.8245115876197815,1
xgb,bis_quatro__A,bis_quatro,A,5,300,1,0.5340721011161804,1
xgb,bis_quatro__A,bis_quatro,A,5,300,1,0.46603041887283325,0
xgb,bis_quatro__A,bis_quatro,A,5,300,1,0.7638611197471619,1
xgb,bis_quatro__A,bis_quatro,A,5,300,1,0.4951454699039459,0
xgb,bis_quatro__A,bis_quatro,A,5,300,1,0.59285968542099,1
xgb,bis_quatro__A,bis_quatro,A,6,271,0,0.7056048512458801,1
xgb,bis_quatro__A,bis_quatro,A,6,271,0,0.008221850730478764,0
xgb,bis_quatro__A,bis_quatro,A,6,271,0,0.404867023229599,0
xgb,bis_quatro__A,bis_quatro,A,6,271,0,0.4965627193450928,0
xgb,bis_quatro__A,bis_quatro,A,6,271,0,0.9822921752929688,1
xgb,bis_quatro__A,bis_quatro,A,6,271,0,0.9517658352851868,1
xgb,bis_quatro__A,bis_quatro,A,6,271,0,0.9583038091659546,1
xgb,bis_quatro__A,bis_quatro,A,6,271,0,0.004738351795822382,0
xgb,bis_quatro__A,bis_quatro,A,6,271,0,0.004514389205724001,0
xgb,bis_quatro__A,bis_quatro,A,6,271,0,0.8412588834762573,1
xgb,bis_quatro__A,bis_quatro,A,6,271,0,0.09560983628034592,0
xgb,bis_quatro__A,bis_quatro,A,6,271,0,0.2657013535499573,0
xgb,bis_quatro__A,bis_quatro,A,6,271,0,0.011483076959848404,0
xgb,bis_quatro__A,bis_quatro,A,6,271,0,0.05227643623948097,0
xgb,bis_quatro__A,bis_quatro,A,6,271,1,0.7792279124259949,1
xgb,bis_quatro__A,bis_quatro,A,6,271,1,0.9758884310722351,1
xgb,bis_quatro__A,bis_quatro,A,6,271,1,0.7286027669906616,1
xgb,bis_quatro__A,bis_quatro,A,6,271,1,0.9853941202163696,1
xgb,bis_quatro__A,bis_quatro,A,6,271,1,0.7568426728248596,1
xgb,bis_quatro__A,bis_quatro,A,6,271,1,0.968887448310852,1
xgb,bis_quatro__A,bis_quatro,A,6,271,1,0.9836433529853821,1
xgb,bis_quatro__A,bis_quatro,A,6,271,1,0.46788421273231506,0
xgb,bis_quatro__A,bis_quatro,A,6,271,1,0.751650869846344,1
xgb,bis_quatro__A,bis_quatro,A,6,271,1,0.8353304266929626,1
xgb,bis_quatro__A,bis_quatro,A,6,271,1,0.8326332569122314,1
xgb,bis_quatro__A,bis_quatro,A,6,271,1,0.5114104747772217,1
xgb,bis_quatro__A,bis_quatro,A,6,271,1,0.9320349097251892,1
xgb,bis_quatro__A,bis_quatro,A,6,271,1,0.9836469292640686,1
xgb,bis_quatro__A,bis_quatro,A,7,251,0,0.00046807705075480044,0
xgb,bis_quatro__A,bis_quatro,A,7,251,0,0.0029571251943707466,0
xgb,bis_quatro__A,bis_quatro,A,7,251,0,0.005895242560654879,0
xgb,bis_quatro__A,bis_quatro,A,7,251,0,0.0006438650307245553,0
xgb,bis_quatro__A,bis_quatro,A,7,251,0,0.004067536909133196,0
xgb,bis_quatro__A,bis_quatro,A,7,251,0,0.011017674580216408,0
xgb,bis_quatro__A,bis_quatro,A,7,251,0,0.009654310531914234,0
xgb,bis_quatro__A,bis_quatro,A,7,251,0,0.0016971518052741885,0
xgb,bis_quatro__A,bis_quatro,A,7,251,0,0.0045473030768334866,0
xgb,bis_quatro__A,bis_quatro,A,7,251,0,0.0030810197349637747,0
xgb,bis_quatro__A,bis_quatro,A,7,251,0,0.0042171175591647625,0
xgb,bis_quatro__A,bis_quatro,A,7,251,0,0.0030810197349637747,0
xgb,bis_quatro__A,bis_quatro,A,7,251,0,0.0025256082881242037,0
xgb,bis_quatro__A,bis_quatro,A,7,251,0,0.00250696181319654,0
xgb,bis_quatro__A,bis_quatro,A,7,251,1,0.2713998854160309,0
xgb,bis_quatro__A,bis_quatro,A,7,251,1,0.03325698897242546,0
xgb,bis_quatro__A,bis_quatro,A,7,251,1,0.03879373520612717,0
xgb,bis_quatro__A,bis_quatro,A,7,251,1,0.062076978385448456,0
xgb,bis_quatro__A,bis_quatro,A,7,251,1,0.009099769406020641,0
xgb,bis_quatro__A,bis_quatro,A,7,251,1,0.18212762475013733,0
xgb,bis_quatro__A,bis_quatro,A,7,251,1,0.0031957048922777176,0
xgb,bis_quatro__A,bis_quatro,A,7,251,1,0.20280839502811432,0
xgb,bis_quatro__A,bis_quatro,A,7,251,1,0.2902287542819977,0
xgb,bis_quatro__A,bis_quatro,A,7,251,1,0.007241383660584688,0
xgb,bis_quatro__A,bis_quatro,A,7,251,1,0.001013319008052349,0
xgb,bis_quatro__A,bis_quatro,A,7,251,1,0.01067240908741951,0
xgb,bis_quatro__A,bis_quatro,A,7,251,1,0.08186564594507217,0
xgb,bis_quatro__A,bis_quatro,A,8,282,0,0.006088705267757177,0
xgb,bis_quatro__A,bis_quatro,A,8,282,0,0.004010571166872978,0
xgb,bis_quatro__A,bis_quatro,A,8,282,0,0.02486252970993519,0
xgb,bis_quatro__A,bis_quatro,A,8,282,0,0.017214374616742134,0
xgb,bis_quatro__A,bis_quatro,A,8,282,0,0.007410271093249321,0
xgb,bis_quatro__A,bis_quatro,A,8,282,0,0.00391310965642333,0
xgb,bis_quatro__A,bis_quatro,A,8,282,0,0.005713963881134987,0
xgb,bis_quatro__A,bis_quatro,A,8,282,0,0.014987953007221222,0
xgb,bis_quatro__A,bis_quatro,A,8,282,0,0.02532924711704254,0
xgb,bis_quatro__A,bis_quatro,A,8,282,0,0.0018791621550917625,0
xgb,bis_quatro__A,bis_quatro,A,8,282,0,0.0076194824650883675,0
xgb,bis_quatro__A,bis_quatro,A,8,282,0,0.002158450661227107,0
xgb,bis_quatro__A,bis_quatro,A,8,282,0,0.005408269818872213,0
xgb,bis_quatro__A,bis_quatro,A,8,282,0,0.006289279088377953,0
xgb,bis_quatro__A,bis_quatro,A,8,282,1,0.9642934799194336,1
xgb,bis_quatro__A,bis_quatro,A,8,282,1,0.9522420763969421,1
xgb,bis_quatro__A,bis_quatro,A,8,282,1,0.791342556476593,1
xgb,bis_quatro__A,bis_quatro,A,8,282,1,0.9157636165618896,1
xgb,bis_quatro__A,bis_quatro,A,8,282,1,0.952201783657074,1
xgb,bis_quatro__A,bis_quatro,A,8,282,1,0.852634072303772,1
xgb,bis_quatro__A,bis_quatro,A,8,282,1,0.017308007925748825,0
xgb,bis_quatro__A,bis_quatro,A,8,282,1,0.8272834420204163,1
xgb,bis_quatro__A,bis_quatro,A,8,282,1,0.9962528944015503,1
xgb,bis_quatro__A,bis_quatro,A,8,282,1,0.9579744935035706,1
xgb,bis_quatro__A,bis_quatro,A,8,282,1,0.6027228832244873,1
xgb,bis_quatro__A,bis_quatro,A,9,210,0,0.07007527351379395,0
xgb,bis_quatro__A,bis_quatro,A,9,210,0,0.25494369864463806,0
xgb,bis_quatro__A,bis_quatro,A,9,210,0,0.4536609351634979,0
xgb,bis_quatro__A,bis_quatro,A,9,210,0,0.5816762447357178,1
xgb,bis_quatro__A,bis_quatro,A,9,210,0,0.30580684542655945,0
xgb,bis_quatro__A,bis_quatro,A,9,210,0,0.9021818041801453,1
xgb,bis_quatro__A,bis_quatro,A,9,210,0,0.04146730527281761,0
xgb,bis_quatro__A,bis_quatro,A,9,210,0,0.8739220499992371,1
xgb,bis_quatro__A,bis_quatro,A,9,210,0,0.25369879603385925,0
xgb,bis_quatro__A,bis_quatro,A,9,210,0,0.08089670538902283,0
xgb,bis_quatro__A,bis_quatro,A,9,210,0,0.030272064730525017,0
xgb,bis_quatro__A,bis_quatro,A,9,210,0,0.009698396548628807,0
xgb,bis_quatro__A,bis_quatro,A,9,210,0,0.009864403866231441,0
xgb,bis_quatro__A,bis_quatro,A,9,210,0,0.44245651364326477,0
xgb,bis_quatro__A,bis_quatro,A,9,210,1,0.3720923066139221,0
xgb,bis_quatro__A,bis_quatro,A,9,210,1,0.8195692896842957,1
xgb,bis_quatro__A,bis_quatro,A,9,210,1,0.9860451817512512,1
xgb,bis_quatro__A,bis_quatro,A,9,210,1,0.9578448534011841,1
xgb,bis_quatro__A,bis_quatro,A,9,210,1,0.9549691081047058,1
xgb,bis_quatro__A,bis_quatro,A,9,210,1,0.8697171211242676,1
xgb,bis_quatro__A,bis_quatro,A,9,210,1,0.5309743881225586,1
xgb,bis_quatro__A,bis_quatro,A,9,210,1,0.9558860063552856,1
xgb,bis_quatro__A,bis_quatro,A,9,210,1,0.9994595646858215,1
xgb,bis_quatro__A,bis_quatro,A,9,210,1,0.9978285431861877,1
xgb,bis_quatro__A,bis_quatro,A,9,210,1,0.76288902759552,1
xgb,bis_quatro__A,bis_quatro,A,10,265,0,0.9169797897338867,1
xgb,bis_quatro__A,bis_quatro,A,10,265,0,0.998955488204956,1
xgb,bis_quatro__A,bis_quatro,A,10,265,0,0.9947754144668579,1
xgb,bis_quatro__A,bis_quatro,A,10,265,0,0.9968591928482056,1
xgb,bis_quatro__A,bis_quatro,A,10,265,0,0.9984960556030273,1
xgb,bis_quatro__A,bis_quatro,A,10,265,0,0.9994935989379883,1
xgb,bis_quatro__A,bis_quatro,A,10,265,0,0.6539219617843628,1
xgb,bis_quatro__A,bis_quatro,A,10,265,0,0.9947935938835144,1
xgb,bis_quatro__A,bis_quatro,A,10,265,0,0.7856786847114563,1
xgb,bis_quatro__A,bis_quatro,A,10,265,0,0.9977042078971863,1
xgb,bis_quatro__A,bis_quatro,A,10,265,0,0.9849764108657837,1
xgb,bis_quatro__A,bis_quatro,A,10,265,0,0.18801908195018768,0
xgb,bis_quatro__A,bis_quatro,A,10,265,0,0.99850994348526,1
xgb,bis_quatro__A,bis_quatro,A,10,265,1,0.9476309418678284,1
xgb,bis_quatro__A,bis_quatro,A,10,265,1,0.763644278049469,1
xgb,bis_quatro__A,bis_quatro,A,10,265,1,0.9940640330314636,1
xgb,bis_quatro__A,bis_quatro,A,10,265,1,0.9837977290153503,1
xgb,bis_quatro__A,bis_quatro,A,10,265,1,0.9945639371871948,1
xgb,bis_quatro__A,bis_quatro,A,10,265,1,0.6188321113586426,1
xgb,bis_quatro__A,bis_quatro,A,10,265,1,0.9079374074935913,1
xgb,bis_quatro__A,bis_quatro,A,10,265,1,0.9968565702438354,1
xgb,bis_quatro__A,bis_quatro,A,10,265,1,0.5968687534332275,1
xgb,bis_quatro__A,bis_quatro,A,10,265,1,0.990172266960144,1
xgb,bis_quatro__A,bis_quatro,A,10,265,1,0.8892266750335693,1
xgb,bis_quatro__B,bis_quatro,B,1,249,0,0.03675919771194458,0
xgb,bis_quatro__B,bis_quatro,B,1,249,0,0.9718077778816223,1
xgb,bis_quatro__B,bis_quatro,B,1,249,0,0.9169648289680481,1
xgb,bis_quatro__B,bis_quatro,B,1,249,0,0.2663341760635376,0
xgb,bis_quatro__B,bis_quatro,B,1,249,0,0.87873774766922,1
xgb,bis_quatro__B,bis_quatro,B,1,249,0,0.42585113644599915,0
xgb,bis_quatro__B,bis_quatro,B,1,249,0,0.5398848056793213,1
xgb,bis_quatro__B,bis_quatro,B,1,249,0,0.7153778076171875,1
xgb,bis_quatro__B,bis_quatro,B,1,249,0,0.9428539276123047,1
xgb,bis_quatro__B,bis_quatro,B,1,249,0,0.3865887522697449,0
xgb,bis_quatro__B,bis_quatro,B,1,249,0,0.25881195068359375,0
xgb,bis_quatro__B,bis_quatro,B,1,249,0,0.7933834791183472,1
xgb,bis_quatro__B,bis_quatro,B,1,249,0,0.34031587839126587,0
xgb,bis_quatro__B,bis_quatro,B,1,249,0,0.8831229209899902,1
xgb,bis_quatro__B,bis_quatro,B,1,249,0,0.3641270399093628,0
xgb,bis_quatro__B,bis_quatro,B,1,249,1,0.9745639562606812,1
xgb,bis_quatro__B,bis_quatro,B,1,249,1,0.009199955500662327,0
xgb,bis_quatro__B,bis_quatro,B,1,249,1,0.3807828426361084,0
xgb,bis_quatro__B,bis_quatro,B,1,249,1,0.05155034735798836,0
xgb,bis_quatro__B,bis_quatro,B,1,249,1,0.6893667578697205,1
xgb,bis_quatro__B,bis_quatro,B,1,249,1,0.04345112666487694,0
xgb,bis_quatro__B,bis_quatro,B,1,249,1,0.8260809779167175,1
xgb,bis_quatro__B,bis_quatro,B,1,249,1,0.7355837821960449,1
xgb,bis_quatro__B,bis_quatro,B,1,249,1,0.7635618448257446,1
xgb,bis_quatro__B,bis_quatro,B,1,249,1,0.5091244578361511,1
xgb,bis_quatro__B,bis_quatro,B,1,249,1,0.3743840754032135,0
xgb,bis_quatro__B,bis_quatro,B,1,249,1,0.7227668762207031,1
xgb,bis_quatro__B,bis_quatro,B,1,249,1,0.0927305743098259,0
xgb,bis_quatro__B,bis_quatro,B,1,249,1,0.396626353263855,0
xgb,bis_quatro__B,bis_quatro,B,1,249,1,0.4443117678165436,0
xgb,bis_quatro__B,bis_quatro,B,1,249,1,0.9357463121414185,1
xgb,bis_quatro__B,bis_quatro,B,1,249,1,0.4899333715438843,0
xgb,bis_quatro__B,bis_quatro,B,2,219,0,0.46901196241378784,0
xgb,bis_quatro__B,bis_quatro,B,2,219,0,0.25350645184516907,0
xgb,bis_quatro__B,bis_quatro,B,2,219,0,0.5334891676902771,1
xgb,bis_quatro__B,bis_quatro,B,2,219,0,0.026256123557686806,0
xgb,bis_quatro__B,bis_quatro,B,2,219,0,0.3026704490184784,0
xgb,bis_quatro__B,bis_quatro,B,2,219,0,0.8681278824806213,1
xgb,bis_quatro__B,bis_quatro,B,2,219,0,0.5995399355888367,1
xgb,bis_quatro__B,bis_quatro,B,2,219,0,0.8672793507575989,1
xgb,bis_quatro__B,bis_quatro,B,2,219,0,0.4156843423843384,0
xgb,bis_quatro__B,bis_quatro,B,2,219,0,0.11277253180742264,0
xgb,bis_quatro__B,bis_quatro,B,2,219,0,0.38495972752571106,0
xgb,bis_quatro__B,bis_quatro,B,2,219,0,0.5985681414604187,1
xgb,bis_quatro__B,bis_quatro,B,2,219,0,0.8117730617523193,1
xgb,bis_quatro__B,bis_quatro,B,2,219,0,0.5530365705490112,1
xgb,bis_quatro__B,bis_quatro,B,2,219,1,0.3745094835758209,0
xgb,bis_quatro__B,bis_quatro,B,2,219,1,0.26913022994995117,0
xgb,bis_quatro__B,bis_quatro,B,2,219,1,0.9269767999649048,1
xgb,bis_quatro__B,bis_quatro,B,2,219,1,0.9617103338241577,1
xgb,bis_quatro__B,bis_quatro,B,2,219,1,0.2998717427253723,0
xgb,bis_quatro__B,bis_quatro,B,2,219,1,0.8324148058891296,1
xgb,bis_quatro__B,bis_quatro,B,2,219,1,0.19327041506767273,0
xgb,bis_quatro__B,bis_quatro,B,2,219,1,0.9238668084144592,1
xgb,bis_quatro__B,bis_quatro,B,2,219,1,0.5482529401779175,1
xgb,bis_quatro__B,bis_quatro,B,2,219,1,0.8246201872825623,1
xgb,bis_quatro__B,bis_quatro,B,2,219,1,0.7633747458457947,1
xgb,bis_quatro__B,bis_quatro,B,2,219,1,0.4490947127342224,0
xgb,bis_quatro__B,bis_quatro,B,2,219,1,0.305541068315506,0
xgb,bis_quatro__B,bis_quatro,B,2,219,1,0.9159876108169556,1
xgb,bis_quatro__B,bis_quatro,B,2,219,1,0.8279673457145691,1
xgb,bis_quatro__B,bis_quatro,B,2,219,1,0.8836473822593689,1
xgb,bis_quatro__B,bis_quatro,B,3,313,0,0.4143019914627075,0
xgb,bis_quatro__B,bis_quatro,B,3,313,0,0.5016603469848633,1
xgb,bis_quatro__B,bis_quatro,B,3,313,0,0.7086254954338074,1
xgb,bis_quatro__B,bis_quatro,B,3,313,0,0.8629128336906433,1
xgb,bis_quatro__B,bis_quatro,B,3,313,0,0.1852031946182251,0
xgb,bis_quatro__B,bis_quatro,B,3,313,0,0.5145701766014099,1
xgb,bis_quatro__B,bis_quatro,B,3,313,0,0.28274205327033997,0
xgb,bis_quatro__B,bis_quatro,B,3,313,0,0.1341933161020279,0
xgb,bis_quatro__B,bis_quatro,B,3,313,0,0.2518216669559479,0
xgb,bis_quatro__B,bis_quatro,B,3,313,0,0.21730177104473114,0
xgb,bis_quatro__B,bis_quatro,B,3,313,0,0.695311427116394,1
xgb,bis_quatro__B,bis_quatro,B,3,313,0,0.5539631843566895,1
xgb,bis_quatro__B,bis_quatro,B,3,313,0,0.39327526092529297,0
xgb,bis_quatro__B,bis_quatro,B,3,313,0,0.15558114647865295,0
xgb,bis_quatro__B,bis_quatro,B,3,313,0,0.14832642674446106,0
xgb,bis_quatro__B,bis_quatro,B,3,313,1,0.5174243450164795,1
xgb,bis_quatro__B,bis_quatro,B,3,313,1,0.9012060761451721,1
xgb,bis_quatro__B,bis_quatro,B,3,313,1,0.1204431876540184,0
xgb,bis_quatro__B,bis_quatro,B,3,313,1,0.24749428033828735,0
xgb,bis_quatro__B,bis_quatro,B,3,313,1,0.1940457820892334,0
xgb,bis_quatro__B,bis_quatro,B,3,313,1,0.754314661026001,1
xgb,bis_quatro__B,bis_quatro,B,3,313,1,0.06092948094010353,0
xgb,bis_quatro__B,bis_quatro,B,3,313,1,0.5564980506896973,1
xgb,bis_quatro__B,bis_quatro,B,3,313,1,0.4206107258796692,0
xgb,bis_quatro__B,bis_quatro,B,3,313,1,0.35945338010787964,0
xgb,bis_quatro__B,bis_quatro,B,3,313,1,0.8305147290229797,1
xgb,bis_quatro__B,bis_quatro,B,3,313,1,0.6426634192466736,1
xgb,bis_quatro__B,bis_quatro,B,3,313,1,0.4317544102668762,0
xgb,bis_quatro__B,bis_quatro,B,3,313,1,0.11614889651536942,0
xgb,bis_quatro__B,bis_quatro,B,4,318,0,0.1378013640642166,0
xgb,bis_quatro__B,bis_quatro,B,4,318,0,0.11108340322971344,0
xgb,bis_quatro__B,bis_quatro,B,4,318,0,0.478299617767334,0
xgb,bis_quatro__B,bis_quatro,B,4,318,0,0.5580893158912659,1
xgb,bis_quatro__B,bis_quatro,B,4,318,0,0.35479283332824707,0
xgb,bis_quatro__B,bis_quatro,B,4,318,0,0.44128328561782837,0
xgb,bis_quatro__B,bis_quatro,B,4,318,0,0.07660065591335297,0
xgb,bis_quatro__B,bis_quatro,B,4,318,0,0.16028869152069092,0
xgb,bis_quatro__B,bis_quatro,B,4,318,0,0.710925817489624,1
xgb,bis_quatro__B,bis_quatro,B,4,318,0,0.006003937218338251,0
xgb,bis_quatro__B,bis_quatro,B,4,318,0,0.23077866435050964,0
xgb,bis_quatro__B,bis_quatro,B,4,318,0,0.787836492061615,1
xgb,bis_quatro__B,bis_quatro,B,4,318,0,0.22772467136383057,0
xgb,bis_quatro__B,bis_quatro,B,4,318,0,0.2979198694229126,0
xgb,bis_quatro__B,bis_quatro,B,4,318,1,0.4134500026702881,0
xgb,bis_quatro__B,bis_quatro,B,4,318,1,0.5836808681488037,1
xgb,bis_quatro__B,bis_quatro,B,4,318,1,0.10570136457681656,0
xgb,bis_quatro__B,bis_quatro,B,4,318,1,0.047262173146009445,0
xgb,bis_quatro__B,bis_quatro,B,4,318,1,0.09181481599807739,0
xgb,bis_quatro__B,bis_quatro,B,4,318,1,0.07579626142978668,0
xgb,bis_quatro__B,bis_quatro,B,4,318,1,0.25122228264808655,0
xgb,bis_quatro__B,bis_quatro,B,4,318,1,0.846520185470581,1
xgb,bis_quatro__B,bis_quatro,B,4,318,1,0.40145644545555115,0
xgb,bis_quatro__B,bis_quatro,B,4,318,1,0.1763560175895691,0
xgb,bis_quatro__B,bis_quatro,B,4,318,1,0.1552535593509674,0
xgb,bis_quatro__B,bis_quatro,B,4,318,1,0.0828319638967514,0
xgb,bis_quatro__B,bis_quatro,B,4,318,1,0.4029882252216339,0
xgb,bis_quatro__B,bis_quatro,B,4,318,1,0.1823907494544983,0
xgb,bis_quatro__B,bis_quatro,B,5,300,0,0.8863781094551086,1
xgb,bis_quatro__B,bis_quatro,B,5,300,0,0.9574200510978699,1
xgb,bis_quatro__B,bis_quatro,B,5,300,0,0.22828315198421478,0
xgb,bis_quatro__B,bis_quatro,B,5,300,0,0.029359007254242897,0
xgb,bis_quatro__B,bis_quatro,B,5,300,0,0.3162696063518524,0
xgb,bis_quatro__B,bis_quatro,B,5,300,0,0.7669069766998291,1
xgb,bis_quatro__B,bis_quatro,B,5,300,0,0.4530324637889862,0
xgb,bis_quatro__B,bis_quatro,B,5,300,0,0.9121028184890747,1
xgb,bis_quatro__B,bis_quatro,B,5,300,0,0.2672485113143921,0
xgb,bis_quatro__B,bis_quatro,B,5,300,0,0.3905622661113739,0
xgb,bis_quatro__B,bis_quatro,B,5,300,0,0.4267273545265198,0
xgb,bis_quatro__B,bis_quatro,B,5,300,0,0.3742716908454895,0
xgb,bis_quatro__B,bis_quatro,B,5,300,0,0.8006082773208618,1
xgb,bis_quatro__B,bis_quatro,B,5,300,0,0.6191219687461853,1
xgb,bis_quatro__B,bis_quatro,B,5,300,1,0.4041506052017212,0
xgb,bis_quatro__B,bis_quatro,B,5,300,1,0.9288561940193176,1
xgb,bis_quatro__B,bis_quatro,B,5,300,1,0.5752614736557007,1
xgb,bis_quatro__B,bis_quatro,B,5,300,1,0.15686629712581635,0
xgb,bis_quatro__B,bis_quatro,B,5,300,1,0.080121248960495,0
xgb,bis_quatro__B,bis_quatro,B,5,300,1,0.23497995734214783,0
xgb,bis_quatro__B,bis_quatro,B,5,300,1,0.8217033743858337,1
xgb,bis_quatro__B,bis_quatro,B,5,300,1,0.11771039664745331,0
xgb,bis_quatro__B,bis_quatro,B,5,300,1,0.14716409146785736,0
xgb,bis_quatro__B,bis_quatro,B,5,300,1,0.9726406335830688,1
xgb,bis_quatro__B,bis_quatro,B,5,300,1,0.7060920000076294,1
xgb,bis_quatro__B,bis_quatro,B,5,300,1,0.14943614602088928,0
xgb,bis_quatro__B,bis_quatro,B,5,300,1,0.5766932964324951,1
xgb,bis_quatro__B,bis_quatro,B,5,300,1,0.7125102281570435,1
xgb,bis_quatro__B,bis_quatro,B,6,271,0,0.674906313419342,1
xgb,bis_quatro__B,bis_quatro,B,6,271,0,0.4502217769622803,0
xgb,bis_quatro__B,bis_quatro,B,6,271,0,0.7085580825805664,1
xgb,bis_quatro__B,bis_quatro,B,6,271,0,0.09610369056463242,0
xgb,bis_quatro__B,bis_quatro,B,6,271,0,0.5338089466094971,1
xgb,bis_quatro__B,bis_quatro,B,6,271,0,0.3593183159828186,0
xgb,bis_quatro__B,bis_quatro,B,6,271,0,0.8650283217430115,1
xgb,bis_quatro__B,bis_quatro,B,6,271,0,0.8558911681175232,1
xgb,bis_quatro__B,bis_quatro,B,6,271,0,0.593717634677887,1
xgb,bis_quatro__B,bis_quatro,B,6,271,0,0.2288646250963211,0
xgb,bis_quatro__B,bis_quatro,B,6,271,0,0.4915659427642822,0
xgb,bis_quatro__B,bis_quatro,B,6,271,0,0.055901214480400085,0
xgb,bis_quatro__B,bis_quatro,B,6,271,0,0.0848601832985878,0
xgb,bis_quatro__B,bis_quatro,B,6,271,0,0.7203039526939392,1
xgb,bis_quatro__B,bis_quatro,B,6,271,1,0.9330523610115051,1
xgb,bis_quatro__B,bis_quatro,B,6,271,1,0.29275575280189514,0
xgb,bis_quatro__B,bis_quatro,B,6,271,1,0.698297917842865,1
xgb,bis_quatro__B,bis_quatro,B,6,271,1,0.7373335957527161,1
xgb,bis_quatro__B,bis_quatro,B,6,271,1,0.02095436304807663,0
xgb,bis_quatro__B,bis_quatro,B,6,271,1,0.3234962821006775,0
xgb,bis_quatro__B,bis_quatro,B,6,271,1,0.7537443041801453,1
xgb,bis_quatro__B,bis_quatro,B,6,271,1,0.8134520053863525,1
xgb,bis_quatro__B,bis_quatro,B,6,271,1,0.6512648463249207,1
xgb,bis_quatro__B,bis_quatro,B,6,271,1,0.9509738683700562,1
xgb,bis_quatro__B,bis_quatro,B,6,271,1,0.0697227194905281,0
xgb,bis_quatro__B,bis_quatro,B,6,271,1,0.2537514865398407,0
xgb,bis_quatro__B,bis_quatro,B,6,271,1,0.07408421486616135,0
xgb,bis_quatro__B,bis_quatro,B,6,271,1,0.24096642434597015,0
xgb,bis_quatro__B,bis_quatro,B,7,251,0,0.7101426720619202,1
xgb,bis_quatro__B,bis_quatro,B,7,251,0,0.8293361067771912,1
xgb,bis_quatro__B,bis_quatro,B,7,251,0,0.47937774658203125,0
xgb,bis_quatro__B,bis_quatro,B,7,251,0,0.8557337522506714,1
xgb,bis_quatro__B,bis_quatro,B,7,251,0,0.2749519944190979,0
xgb,bis_quatro__B,bis_quatro,B,7,251,0,0.7425088286399841,1
xgb,bis_quatro__B,bis_quatro,B,7,251,0,0.49301403760910034,0
xgb,bis_quatro__B,bis_quatro,B,7,251,0,0.4435339868068695,0
xgb,bis_quatro__B,bis_quatro,B,7,251,0,0.5503368377685547,1
xgb,bis_quatro__B,bis_quatro,B,7,251,0,0.08003780245780945,0
xgb,bis_quatro__B,bis_quatro,B,7,251,0,0.1272975206375122,0
xgb,bis_quatro__B,bis_quatro,B,7,251,0,0.04410519450902939,0
xgb,bis_quatro__B,bis_quatro,B,7,251,0,0.9490757584571838,1
xgb,bis_quatro__B,bis_quatro,B,7,251,0,0.5283384323120117,1
xgb,bis_quatro__B,bis_quatro,B,7,251,1,0.04205956682562828,0
xgb,bis_quatro__B,bis_quatro,B,7,251,1,0.27464351058006287,0
xgb,bis_quatro__B,bis_quatro,B,7,251,1,0.43671396374702454,0
xgb,bis_quatro__B,bis_quatro,B,7,251,1,0.013811683282256126,0
xgb,bis_quatro__B,bis_quatro,B,7,251,1,0.04616089537739754,0
xgb,bis_quatro__B,bis_quatro,B,7,251,1,0.19046656787395477,0
xgb,bis_quatro__B,bis_quatro,B,7,251,1,0.6856383085250854,1
xgb,bis_quatro__B,bis_quatro,B,7,251,1,0.5010972619056702,1
xgb,bis_quatro__B,bis_quatro,B,7,251,1,0.22100716829299927,0
xgb,bis_quatro__B,bis_quatro,B,7,251,1,0.5794267058372498,1
xgb,bis_quatro__B,bis_quatro,B,7,251,1,0.6642610430717468,1
xgb,bis_quatro__B,bis_quatro,B,7,251,1,0.19674673676490784,0
xgb,bis_quatro__B,bis_quatro,B,7,251,1,0.4171077013015747,0
xgb,bis_quatro__B,bis_quatro,B,8,282,0,0.7222445607185364,1
xgb,bis_quatro__B,bis_quatro,B,8,282,0,0.08958888798952103,0
xgb,bis_quatro__B,bis_quatro,B,8,282,0,0.32479652762413025,0
xgb,bis_quatro__B,bis_quatro,B,8,282,0,0.9061571955680847,1
xgb,bis_quatro__B,bis_quatro,B,8,282,0,0.5666115880012512,1
xgb,bis_quatro__B,bis_quatro,B,8,282,0,0.720565915107727,1
xgb,bis_quatro__B,bis_quatro,B,8,282,0,0.8424549102783203,1
xgb,bis_quatro__B,bis_quatro,B,8,282,0,0.7828214764595032,1
xgb,bis_quatro__B,bis_quatro,B,8,282,0,0.9088319540023804,1
xgb,bis_quatro__B,bis_quatro,B,8,282,0,0.5246294736862183,1
xgb,bis_quatro__B,bis_quatro,B,8,282,0,0.8247883319854736,1
xgb,bis_quatro__B,bis_quatro,B,8,282,0,0.8472522497177124,1
xgb,bis_quatro__B,bis_quatro,B,8,282,0,0.2856608033180237,0
xgb,bis_quatro__B,bis_quatro,B,8,282,0,0.0655789002776146,0
xgb,bis_quatro__B,bis_quatro,B,8,282,1,0.6354585289955139,1
xgb,bis_quatro__B,bis_quatro,B,8,282,1,0.9068068265914917,1
xgb,bis_quatro__B,bis_quatro,B,8,282,1,0.27703848481178284,0
xgb,bis_quatro__B,bis_quatro,B,8,282,1,0.24994300305843353,0
xgb,bis_quatro__B,bis_quatro,B,8,282,1,0.44634225964546204,0
xgb,bis_quatro__B,bis_quatro,B,8,282,1,0.88921058177948,1
xgb,bis_quatro__B,bis_quatro,B,8,282,1,0.9082329869270325,1
xgb,bis_quatro__B,bis_quatro,B,8,282,1,0.3264617323875427,0
xgb,bis_quatro__B,bis_quatro,B,8,282,1,0.7915264964103699,1
xgb,bis_quatro__B,bis_quatro,B,8,282,1,0.5554563403129578,1
xgb,bis_quatro__B,bis_quatro,B,8,282,1,0.22873681783676147,0
xgb,bis_quatro__B,bis_quatro,B,9,210,0,0.10116378962993622,0
xgb,bis_quatro__B,bis_quatro,B,9,210,0,0.3396127223968506,0
xgb,bis_quatro__B,bis_quatro,B,9,210,0,0.708716869354248,1
xgb,bis_quatro__B,bis_quatro,B,9,210,0,0.8403836488723755,1
xgb,bis_quatro__B,bis_quatro,B,9,210,0,0.05551323667168617,0
xgb,bis_quatro__B,bis_quatro,B,9,210,0,0.3909510374069214,0
xgb,bis_quatro__B,bis_quatro,B,9,210,0,0.43563783168792725,0
xgb,bis_quatro__B,bis_quatro,B,9,210,0,0.8827797174453735,1
xgb,bis_quatro__B,bis_quatro,B,9,210,0,0.6011433005332947,1
xgb,bis_quatro__B,bis_quatro,B,9,210,0,0.9063223600387573,1
xgb,bis_quatro__B,bis_quatro,B,9,210,0,0.26883798837661743,0
xgb,bis_quatro__B,bis_quatro,B,9,210,0,0.22210747003555298,0
xgb,bis_quatro__B,bis_quatro,B,9,210,0,0.818389892578125,1
xgb,bis_quatro__B,bis_quatro,B,9,210,0,0.6234632134437561,1
xgb,bis_quatro__B,bis_quatro,B,9,210,1,0.921272873878479,1
xgb,bis_quatro__B,bis_quatro,B,9,210,1,0.6788204312324524,1
xgb,bis_quatro__B,bis_quatro,B,9,210,1,0.9422065615653992,1
xgb,bis_quatro__B,bis_quatro,B,9,210,1,0.8018859028816223,1
xgb,bis_quatro__B,bis_quatro,B,9,210,1,0.5804274082183838,1
xgb,bis_quatro__B,bis_quatro,B,9,210,1,0.6968346238136292,1
xgb,bis_quatro__B,bis_quatro,B,9,210,1,0.34962737560272217,0
xgb,bis_quatro__B,bis_quatro,B,9,210,1,0.3457391560077667,0
xgb,bis_quatro__B,bis_quatro,B,9,210,1,0.332459419965744,0
xgb,bis_quatro__B,bis_quatro,B,9,210,1,0.8623857498168945,1
xgb,bis_quatro__B,bis_quatro,B,9,210,1,0.7815579175949097,1
xgb,bis_quatro__B,bis_quatro,B,10,265,0,0.6545347571372986,1
xgb,bis_quatro__B,bis_quatro,B,10,265,0,0.6272108554840088,1
xgb,bis_quatro__B,bis_quatro,B,10,265,0,0.7806047201156616,1
xgb,bis_quatro__B,bis_quatro,B,10,265,0,0.3662293553352356,0
xgb,bis_quatro__B,bis_quatro,B,10,265,0,0.8090824484825134,1
xgb,bis_quatro__B,bis_quatro,B,10,265,0,0.3121175169944763,0
xgb,bis_quatro__B,bis_quatro,B,10,265,0,0.5914549827575684,1
xgb,bis_quatro__B,bis_quatro,B,10,265,0,0.11239033937454224,0
xgb,bis_quatro__B,bis_quatro,B,10,265,0,0.420767605304718,0
xgb,bis_quatro__B,bis_quatro,B,10,265,0,0.820266842842102,1
xgb,bis_quatro__B,bis_quatro,B,10,265,0,0.4995969235897064,0
xgb,bis_quatro__B,bis_quatro,B,10,265,0,0.3953649401664734,0
xgb,bis_quatro__B,bis_quatro,B,10,265,0,0.6865293979644775,1
xgb,bis_quatro__B,bis_quatro,B,10,265,1,0.8026257753372192,1
xgb,bis_quatro__B,bis_quatro,B,10,265,1,0.13096344470977783,0
xgb,bis_quatro__B,bis_quatro,B,10,265,1,0.9132739901542664,1
xgb,bis_quatro__B,bis_quatro,B,10,265,1,0.6568223834037781,1
xgb,bis_quatro__B,bis_quatro,B,10,265,1,0.1293312907218933,0
xgb,bis_quatro__B,bis_quatro,B,10,265,1,0.9480074644088745,1
xgb,bis_quatro__B,bis_quatro,B,10,265,1,0.37983715534210205,0
xgb,bis_quatro__B,bis_quatro,B,10,265,1,0.955722451210022,1
xgb,bis_quatro__B,bis_quatro,B,10,265,1,0.6797686219215393,1
xgb,bis_quatro__B,bis_quatro,B,10,265,1,0.2527690529823303,0
xgb,bis_quatro__B,bis_quatro,B,10,265,1,0.9214245676994324,1
xgb,bis_quatro__C,bis_quatro,C,1,249,0,0.005994780920445919,0
xgb,bis_quatro__C,bis_quatro,C,1,249,0,0.60263991355896,1
xgb,bis_quatro__C,bis_quatro,C,1,249,0,0.9936072826385498,1
xgb,bis_quatro__C,bis_quatro,C,1,249,0,0.018779372796416283,0
xgb,bis_quatro__C,bis_quatro,C,1,249,0,0.0581103079020977,0
xgb,bis_quatro__C,bis_quatro,C,1,249,0,0.9015467166900635,1
xgb,bis_quatro__C,bis_quatro,C,1,249,0,0.033986106514930725,0
xgb,bis_quatro__C,bis_quatro,C,1,249,0,0.026229528710246086,0
xgb,bis_quatro__C,bis_quatro,C,1,249,0,0.011686326935887337,0
xgb,bis_quatro__C,bis_quatro,C,1,249,0,0.0053651765920221806,0
xgb,bis_quatro__C,bis_quatro,C,1,249,0,0.004236132837831974,0
xgb,bis_quatro__C,bis_quatro,C,1,249,0,0.06282991170883179,0
xgb,bis_quatro__C,bis_quatro,C,1,249,0,0.9519903659820557,1
xgb,bis_quatro__C,bis_quatro,C,1,249,0,0.7099021077156067,1
xgb,bis_quatro__C,bis_quatro,C,1,249,0,0.006771444343030453,0
xgb,bis_quatro__C,bis_quatro,C,1,249,1,0.8952057957649231,1
xgb,bis_quatro__C,bis_quatro,C,1,249,1,0.11537223309278488,0
xgb,bis_quatro__C,bis_quatro,C,1,249,1,0.7429486513137817,1
xgb,bis_quatro__C,bis_quatro,C,1,249,1,0.963352620601654,1
xgb,bis_quatro__C,bis_quatro,C,1,249,1,0.9383600950241089,1
xgb,bis_quatro__C,bis_quatro,C,1,249,1,0.4262582063674927,0
xgb,bis_quatro__C,bis_quatro,C,1,249,1,0.9305586218833923,1
xgb,bis_quatro__C,bis_quatro,C,1,249,1,0.672703742980957,1
xgb,bis_quatro__C,bis_quatro,C,1,249,1,0.977483868598938,1
xgb,bis_quatro__C,bis_quatro,C,1,249,1,0.5710146427154541,1
xgb,bis_quatro__C,bis_quatro,C,1,249,1,0.03566964343190193,0
xgb,bis_quatro__C,bis_quatro,C,1,249,1,0.48760607838630676,0
xgb,bis_quatro__C,bis_quatro,C,1,249,1,0.2528211176395416,0
xgb,bis_quatro__C,bis_quatro,C,1,249,1,0.2703436315059662,0
xgb,bis_quatro__C,bis_quatro,C,1,249,1,0.934615433216095,1
xgb,bis_quatro__C,bis_quatro,C,1,249,1,0.3120451271533966,0
xgb,bis_quatro__C,bis_quatro,C,1,249,1,0.7867852449417114,1
xgb,bis_quatro__C,bis_quatro,C,2,219,0,0.9704540967941284,1
xgb,bis_quatro__C,bis_quatro,C,2,219,0,0.5364952683448792,1
xgb,bis_quatro__C,bis_quatro,C,2,219,0,0.939628005027771,1
xgb,bis_quatro__C,bis_quatro,C,2,219,0,0.9562945365905762,1
xgb,bis_quatro__C,bis_quatro,C,2,219,0,0.8559503555297852,1
xgb,bis_quatro__C,bis_quatro,C,2,219,0,0.7243605256080627,1
xgb,bis_quatro__C,bis_quatro,C,2,219,0,0.3102189004421234,0
xgb,bis_quatro__C,bis_quatro,C,2,219,0,0.40741246938705444,0
xgb,bis_quatro__C,bis_quatro,C,2,219,0,0.9882535934448242,1
xgb,bis_quatro__C,bis_quatro,C,2,219,0,0.11638684570789337,0
xgb,bis_quatro__C,bis_quatro,C,2,219,0,0.018687637522816658,0
xgb,bis_quatro__C,bis_quatro,C,2,219,0,0.4589540958404541,0
xgb,bis_quatro__C,bis_quatro,C,2,219,0,0.01177031360566616,0
xgb,bis_quatro__C,bis_quatro,C,2,219,0,0.1355689913034439,0
xgb,bis_quatro__C,bis_quatro,C,2,219,1,0.5659592747688293,1
xgb,bis_quatro__C,bis_quatro,C,2,219,1,0.45196107029914856,0
xgb,bis_quatro__C,bis_quatro,C,2,219,1,0.8103889226913452,1
xgb,bis_quatro__C,bis_quatro,C,2,219,1,0.9331046342849731,1
xgb,bis_quatro__C,bis_quatro,C,2,219,1,0.33723360300064087,0
xgb,bis_quatro__C,bis_quatro,C,2,219,1,0.35496586561203003,0
xgb,bis_quatro__C,bis_quatro,C,2,219,1,0.3913841247558594,0
xgb,bis_quatro__C,bis_quatro,C,2,219,1,0.9709104299545288,1
xgb,bis_quatro__C,bis_quatro,C,2,219,1,0.9200126528739929,1
xgb,bis_quatro__C,bis_quatro,C,2,219,1,0.8196492195129395,1
xgb,bis_quatro__C,bis_quatro,C,2,219,1,0.1836177259683609,0
xgb,bis_quatro__C,bis_quatro,C,2,219,1,0.0751601904630661,0
xgb,bis_quatro__C,bis_quatro,C,2,219,1,0.5228341817855835,1
xgb,bis_quatro__C,bis_quatro,C,2,219,1,0.9496947526931763,1
xgb,bis_quatro__C,bis_quatro,C,2,219,1,0.8587669134140015,1
xgb,bis_quatro__C,bis_quatro,C,2,219,1,0.8710336685180664,1
xgb,bis_quatro__C,bis_quatro,C,3,313,0,0.28861716389656067,0
xgb,bis_quatro__C,bis_quatro,C,3,313,0,0.508579432964325,1
xgb,bis_quatro__C,bis_quatro,C,3,313,0,0.3194718062877655,0
xgb,bis_quatro__C,bis_quatro,C,3,313,0,0.7350978851318359,1
xgb,bis_quatro__C,bis_quatro,C,3,313,0,0.4120302200317383,0
xgb,bis_quatro__C,bis_quatro,C,3,313,0,0.9448537230491638,1
xgb,bis_quatro__C,bis_quatro,C,3,313,0,0.7963548898696899,1
xgb,bis_quatro__C,bis_quatro,C,3,313,0,0.6803851127624512,1
xgb,bis_quatro__C,bis_quatro,C,3,313,0,0.6061611771583557,1
xgb,bis_quatro__C,bis_quatro,C,3,313,0,0.7373464703559875,1
xgb,bis_quatro__C,bis_quatro,C,3,313,0,0.8116786479949951,1
xgb,bis_quatro__C,bis_quatro,C,3,313,0,0.2543502449989319,0
xgb,bis_quatro__C,bis_quatro,C,3,313,0,0.7220185399055481,1
xgb,bis_quatro__C,bis_quatro,C,3,313,0,0.5556102395057678,1
xgb,bis_quatro__C,bis_quatro,C,3,313,0,0.5090311765670776,1
xgb,bis_quatro__C,bis_quatro,C,3,313,1,0.8338799476623535,1
xgb,bis_quatro__C,bis_quatro,C,3,313,1,0.9419595003128052,1
xgb,bis_quatro__C,bis_quatro,C,3,313,1,0.2443264275789261,0
xgb,bis_quatro__C,bis_quatro,C,3,313,1,0.45250019431114197,0
xgb,bis_quatro__C,bis_quatro,C,3,313,1,0.9641342163085938,1
xgb,bis_quatro__C,bis_quatro,C,3,313,1,0.5583071112632751,1
xgb,bis_quatro__C,bis_quatro,C,3,313,1,0.4832904636859894,0
xgb,bis_quatro__C,bis_quatro,C,3,313,1,0.9569973349571228,1
xgb,bis_quatro__C,bis_quatro,C,3,313,1,0.4739898443222046,0
xgb,bis_quatro__C,bis_quatro,C,3,313,1,0.7155073881149292,1
xgb,bis_quatro__C,bis_quatro,C,3,313,1,0.7376508116722107,1
xgb,bis_quatro__C,bis_quatro,C,3,313,1,0.8790429830551147,1
xgb,bis_quatro__C,bis_quatro,C,3,313,1,0.7852593660354614,1
xgb,bis_quatro__C,bis_quatro,C,3,313,1,0.3918581008911133,0
xgb,bis_quatro__C,bis_quatro,C,4,318,0,0.4545212984085083,0
xgb,bis_quatro__C,bis_quatro,C,4,318,0,0.9017683267593384,1
xgb,bis_quatro__C,bis_quatro,C,4,318,0,0.7690562009811401,1
xgb,bis_quatro__C,bis_quatro,C,4,318,0,0.3771234452724457,0
xgb,bis_quatro__C,bis_quatro,C,4,318,0,0.9384257793426514,1
xgb,bis_quatro__C,bis_quatro,C,4,318,0,0.7084519267082214,1
xgb,bis_quatro__C,bis_quatro,C,4,318,0,0.12838353216648102,0
xgb,bis_quatro__C,bis_quatro,C,4,318,0,0.00267512327991426,0
xgb,bis_quatro__C,bis_quatro,C,4,318,0,0.02431521937251091,0
xgb,bis_quatro__C,bis_quatro,C,4,318,0,0.28088638186454773,0
xgb,bis_quatro__C,bis_quatro,C,4,318,0,0.018351633101701736,0
xgb,bis_quatro__C,bis_quatro,C,4,318,0,0.9190623164176941,1
xgb,bis_quatro__C,bis_quatro,C,4,318,0,0.03002561815083027,0
xgb,bis_quatro__C,bis_quatro,C,4,318,0,0.32687991857528687,0
xgb,bis_quatro__C,bis_quatro,C,4,318,1,0.06806343048810959,0
xgb,bis_quatro__C,bis_quatro,C,4,318,1,0.3733413517475128,0
xgb,bis_quatro__C,bis_quatro,C,4,318,1,0.011799830012023449,0
xgb,bis_quatro__C,bis_quatro,C,4,318,1,0.017168426886200905,0
xgb,bis_quatro__C,bis_quatro,C,4,318,1,0.3488019108772278,0
xgb,bis_quatro__C,bis_quatro,C,4,318,1,0.0558619350194931,0
xgb,bis_quatro__C,bis_quatro,C,4,318,1,0.6970802545547485,1
xgb,bis_quatro__C,bis_quatro,C,4,318,1,0.06347750127315521,0
xgb,bis_quatro__C,bis_quatro,C,4,318,1,0.9628896713256836,1
xgb,bis_quatro__C,bis_quatro,C,4,318,1,0.22215470671653748,0
xgb,bis_quatro__C,bis_quatro,C,4,318,1,0.04992253705859184,0
xgb,bis_quatro__C,bis_quatro,C,4,318,1,0.020926887169480324,0
xgb,bis_quatro__C,bis_quatro,C,4,318,1,0.06218220293521881,0
xgb,bis_quatro__C,bis_quatro,C,4,318,1,0.14067967236042023,0
xgb,bis_quatro__C,bis_quatro,C,5,300,0,0.9826052188873291,1
xgb,bis_quatro__C,bis_quatro,C,5,300,0,0.7088963985443115,1
xgb,bis_quatro__C,bis_quatro,C,5,300,0,0.9421803951263428,1
xgb,bis_quatro__C,bis_quatro,C,5,300,0,0.8350101709365845,1
xgb,bis_quatro__C,bis_quatro,C,5,300,0,0.894916296005249,1
xgb,bis_quatro__C,bis_quatro,C,5,300,0,0.7879401445388794,1
xgb,bis_quatro__C,bis_quatro,C,5,300,0,0.9412761926651001,1
xgb,bis_quatro__C,bis_quatro,C,5,300,0,0.9343847036361694,1
xgb,bis_quatro__C,bis_quatro,C,5,300,0,0.9196135401725769,1
xgb,bis_quatro__C,bis_quatro,C,5,300,0,0.7126345038414001,1
xgb,bis_quatro__C,bis_quatro,C,5,300,0,0.7518945932388306,1
xgb,bis_quatro__C,bis_quatro,C,5,300,0,0.526393711566925,1
xgb,bis_quatro__C,bis_quatro,C,5,300,0,0.9573100209236145,1
xgb,bis_quatro__C,bis_quatro,C,5,300,0,0.9311606884002686,1
xgb,bis_quatro__C,bis_quatro,C,5,300,1,0.6636645197868347,1
xgb,bis_quatro__C,bis_quatro,C,5,300,1,0.9906586408615112,1
xgb,bis_quatro__C,bis_quatro,C,5,300,1,0.9228760004043579,1
xgb,bis_quatro__C,bis_quatro,C,5,300,1,0.9733428955078125,1
xgb,bis_quatro__C,bis_quatro,C,5,300,1,0.8212679028511047,1
xgb,bis_quatro__C,bis_quatro,C,5,300,1,0.848013162612915,1
xgb,bis_quatro__C,bis_quatro,C,5,300,1,0.7165927290916443,1
xgb,bis_quatro__C,bis_quatro,C,5,300,1,0.5632352232933044,1
xgb,bis_quatro__C,bis_quatro,C,5,300,1,0.9817216396331787,1
xgb,bis_quatro__C,bis_quatro,C,5,300,1,0.9175937175750732,1
xgb,bis_quatro__C,bis_quatro,C,5,300,1,0.9852838516235352,1
xgb,bis_quatro__C,bis_quatro,C,5,300,1,0.8884736895561218,1
xgb,bis_quatro__C,bis_quatro,C,5,300,1,0.8230575323104858,1
xgb,bis_quatro__C,bis_quatro,C,5,300,1,0.8097845911979675,1
xgb,bis_quatro__C,bis_quatro,C,6,271,0,0.6986974477767944,1
xgb,bis_quatro__C,bis_quatro,C,6,271,0,0.0032692141830921173,0
xgb,bis_quatro__C,bis_quatro,C,6,271,0,0.3755994439125061,0
xgb,bis_quatro__C,bis_quatro,C,6,271,0,0.25045108795166016,0
xgb,bis_quatro__C,bis_quatro,C,6,271,0,0.9478161334991455,1
xgb,bis_quatro__C,bis_quatro,C,6,271,0,0.8821621537208557,1
xgb,bis_quatro__C,bis_quatro,C,6,271,0,0.980068564414978,1
xgb,bis_quatro__C,bis_quatro,C,6,271,0,0.03743971884250641,0
xgb,bis_quatro__C,bis_quatro,C,6,271,0,0.004989001899957657,0
xgb,bis_quatro__C,bis_quatro,C,6,271,0,0.4965311586856842,0
xgb,bis_quatro__C,bis_quatro,C,6,271,0,0.08149456977844238,0
xgb,bis_quatro__C,bis_quatro,C,6,271,0,0.042756132781505585,0
xgb,bis_quatro__C,bis_quatro,C,6,271,0,0.0011548189213499427,0
xgb,bis_quatro__C,bis_quatro,C,6,271,0,0.047558270394802094,0
xgb,bis_quatro__C,bis_quatro,C,6,271,1,0.9562335014343262,1
xgb,bis_quatro__C,bis_quatro,C,6,271,1,0.9844949841499329,1
xgb,bis_quatro__C,bis_quatro,C,6,271,1,0.8653448820114136,1
xgb,bis_quatro__C,bis_quatro,C,6,271,1,0.9974293112754822,1
xgb,bis_quatro__C,bis_quatro,C,6,271,1,0.2549593150615692,0
xgb,bis_quatro__C,bis_quatro,C,6,271,1,0.9285905957221985,1
xgb,bis_quatro__C,bis_quatro,C,6,271,1,0.9750381112098694,1
xgb,bis_quatro__C,bis_quatro,C,6,271,1,0.7559114694595337,1
xgb,bis_quatro__C,bis_quatro,C,6,271,1,0.6703812479972839,1
xgb,bis_quatro__C,bis_quatro,C,6,271,1,0.91130131483078,1
xgb,bis_quatro__C,bis_quatro,C,6,271,1,0.6457135081291199,1
xgb,bis_quatro__C,bis_quatro,C,6,271,1,0.7544760704040527,1
xgb,bis_quatro__C,bis_quatro,C,6,271,1,0.8503299951553345,1
xgb,bis_quatro__C,bis_quatro,C,6,271,1,0.9496759176254272,1
xgb,bis_quatro__C,bis_quatro,C,7,251,0,0.0006029827636666596,0
xgb,bis_quatro__C,bis_quatro,C,7,251,0,0.0024414837826043367,0
xgb,bis_quatro__C,bis_quatro,C,7,251,0,0.0015474234241992235,0
xgb,bis_quatro__C,bis_quatro,C,7,251,0,0.0018866370664909482,0
xgb,bis_quatro__C,bis_quatro,C,7,251,0,0.0018562593031674623,0
xgb,bis_quatro__C,bis_quatro,C,7,251,0,0.007047886494547129,0
xgb,bis_quatro__C,bis_quatro,C,7,251,0,0.020353468134999275,0
xgb,bis_quatro__C,bis_quatro,C,7,251,0,0.0006927215727046132,0
xgb,bis_quatro__C,bis_quatro,C,7,251,0,0.001573903951793909,0
xgb,bis_quatro__C,bis_quatro,C,7,251,0,0.0011070689652115107,0
xgb,bis_quatro__C,bis_quatro,C,7,251,0,0.0007532042218372226,0
xgb,bis_quatro__C,bis_quatro,C,7,251,0,0.0026657357811927795,0
xgb,bis_quatro__C,bis_quatro,C,7,251,0,0.0075997961685061455,0
xgb,bis_quatro__C,bis_quatro,C,7,251,0,0.000569273775909096,0
xgb,bis_quatro__C,bis_quatro,C,7,251,1,0.15890495479106903,0
xgb,bis_quatro__C,bis_quatro,C,7,251,1,0.012319286353886127,0
xgb,bis_quatro__C,bis_quatro,C,7,251,1,0.1366952657699585,0
xgb,bis_quatro__C,bis_quatro,C,7,251,1,0.10722295939922333,0
xgb,bis_quatro__C,bis_quatro,C,7,251,1,0.0019104286329820752,0
xgb,bis_quatro__C,bis_quatro,C,7,251,1,0.5742042064666748,1
xgb,bis_quatro__C,bis_quatro,C,7,251,1,0.013806261122226715,0
xgb,bis_quatro__C,bis_quatro,C,7,251,1,0.33765512704849243,0
xgb,bis_quatro__C,bis_quatro,C,7,251,1,0.47240281105041504,0
xgb,bis_quatro__C,bis_quatro,C,7,251,1,0.019734134897589684,0
xgb,bis_quatro__C,bis_quatro,C,7,251,1,0.00533044058829546,0
xgb,bis_quatro__C,bis_quatro,C,7,251,1,0.035069987177848816,0
xgb,bis_quatro__C,bis_quatro,C,7,251,1,0.15861259400844574,0
xgb,bis_quatro__C,bis_quatro,C,8,282,0,0.004390533082187176,0
xgb,bis_quatro__C,bis_quatro,C,8,282,0,0.002677945187315345,0
xgb,bis_quatro__C,bis_quatro,C,8,282,0,0.004913263022899628,0
xgb,bis_quatro__C,bis_quatro,C,8,282,0,0.03856964781880379,0
xgb,bis_quatro__C,bis_quatro,C,8,282,0,0.019742248579859734,0
xgb,bis_quatro__C,bis_quatro,C,8,282,0,0.0017155575333163142,0
xgb,bis_quatro__C,bis_quatro,C,8,282,0,0.016409048810601234,0
xgb,bis_quatro__C,bis_quatro,C,8,282,0,0.025230249390006065,0
xgb,bis_quatro__C,bis_quatro,C,8,282,0,0.03764006495475769,0
xgb,bis_quatro__C,bis_quatro,C,8,282,0,0.0012499962467700243,0
xgb,bis_quatro__C,bis_quatro,C,8,282,0,0.006146123167127371,0
xgb,bis_quatro__C,bis_quatro,C,8,282,0,0.0015011029317975044,0
xgb,bis_quatro__C,bis_quatro,C,8,282,0,0.0025044053327292204,0
xgb,bis_quatro__C,bis_quatro,C,8,282,0,0.0019978201016783714,0
xgb,bis_quatro__C,bis_quatro,C,8,282,1,0.9150785207748413,1
xgb,bis_quatro__C,bis_quatro,C,8,282,1,0.9595373868942261,1
xgb,bis_quatro__C,bis_quatro,C,8,282,1,0.6201693415641785,1
xgb,bis_quatro__C,bis_quatro,C,8,282,1,0.5935260057449341,1
xgb,bis_quatro__C,bis_quatro,C,8,282,1,0.8976726531982422,1
xgb,bis_quatro__C,bis_quatro,C,8,282,1,0.8906148672103882,1
xgb,bis_quatro__C,bis_quatro,C,8,282,1,0.40369927883148193,0
xgb,bis_quatro__C,bis_quatro,C,8,282,1,0.6761878728866577,1
xgb,bis_quatro__C,bis_quatro,C,8,282,1,0.9937081336975098,1
xgb,bis_quatro__C,bis_quatro,C,8,282,1,0.8283075094223022,1
xgb,bis_quatro__C,bis_quatro,C,8,282,1,0.3533611595630646,0
xgb,bis_quatro__C,bis_quatro,C,9,210,0,0.04403909295797348,0
xgb,bis_quatro__C,bis_quatro,C,9,210,0,0.2326994389295578,0
xgb,bis_quatro__C,bis_quatro,C,9,210,0,0.6936542391777039,1
xgb,bis_quatro__C,bis_quatro,C,9,210,0,0.7050232887268066,1
xgb,bis_quatro__C,bis_quatro,C,9,210,0,0.007994560524821281,0
xgb,bis_quatro__C,bis_quatro,C,9,210,0,0.6115317940711975,1
xgb,bis_quatro__C,bis_quatro,C,9,210,0,0.014347194693982601,0
xgb,bis_quatro__C,bis_quatro,C,9,210,0,0.9695799350738525,1
xgb,bis_quatro__C,bis_quatro,C,9,210,0,0.3809497058391571,0
xgb,bis_quatro__C,bis_quatro,C,9,210,0,0.035213056951761246,0
xgb,bis_quatro__C,bis_quatro,C,9,210,0,0.03343905135989189,0
xgb,bis_quatro__C,bis_quatro,C,9,210,0,0.0026609355118125677,0
xgb,bis_quatro__C,bis_quatro,C,9,210,0,0.04597949981689453,0
xgb,bis_quatro__C,bis_quatro,C,9,210,0,0.5142556428909302,1
xgb,bis_quatro__C,bis_quatro,C,9,210,1,0.5356518030166626,1
xgb,bis_quatro__C,bis_quatro,C,9,210,1,0.8274821639060974,1
xgb,bis_quatro__C,bis_quatro,C,9,210,1,0.9929893016815186,1
xgb,bis_quatro__C,bis_quatro,C,9,210,1,0.9024718999862671,1
xgb,bis_quatro__C,bis_quatro,C,9,210,1,0.8351237773895264,1
xgb,bis_quatro__C,bis_quatro,C,9,210,1,0.46806883811950684,0
xgb,bis_quatro__C,bis_quatro,C,9,210,1,0.6835302114486694,1
xgb,bis_quatro__C,bis_quatro,C,9,210,1,0.8333048224449158,1
xgb,bis_quatro__C,bis_quatro,C,9,210,1,0.9921289682388306,1
xgb,bis_quatro__C,bis_quatro,C,9,210,1,0.988831639289856,1
xgb,bis_quatro__C,bis_quatro,C,9,210,1,0.9059234857559204,1
xgb,bis_quatro__C,bis_quatro,C,10,265,0,0.7922737002372742,1
xgb,bis_quatro__C,bis_quatro,C,10,265,0,0.9926058053970337,1
xgb,bis_quatro__C,bis_quatro,C,10,265,0,0.9804153442382812,1
xgb,bis_quatro__C,bis_quatro,C,10,265,0,0.9556967616081238,1
xgb,bis_quatro__C,bis_quatro,C,10,265,0,0.997173547744751,1
xgb,bis_quatro__C,bis_quatro,C,10,265,0,0.9960134029388428,1
xgb,bis_quatro__C,bis_quatro,C,10,265,0,0.9256235957145691,1
xgb,bis_quatro__C,bis_quatro,C,10,265,0,0.9756764769554138,1
xgb,bis_quatro__C,bis_quatro,C,10,265,0,0.9551296830177307,1
xgb,bis_quatro__C,bis_quatro,C,10,265,0,0.9738203287124634,1
xgb,bis_quatro__C,bis_quatro,C,10,265,0,0.9315475225448608,1
xgb,bis_quatro__C,bis_quatro,C,10,265,0,0.48537465929985046,0
xgb,bis_quatro__C,bis_quatro,C,10,265,0,0.985479474067688,1
xgb,bis_quatro__C,bis_quatro,C,10,265,1,0.9914110898971558,1
xgb,bis_quatro__C,bis_quatro,C,10,265,1,0.3344165086746216,0
xgb,bis_quatro__C,bis_quatro,C,10,265,1,0.9957719445228577,1
xgb,bis_quatro__C,bis_quatro,C,10,265,1,0.9874512553215027,1
xgb,bis_quatro__C,bis_quatro,C,10,265,1,0.9668002724647522,1
xgb,bis_quatro__C,bis_quatro,C,10,265,1,0.8812546133995056,1
xgb,bis_quatro__C,bis_quatro,C,10,265,1,0.9800207614898682,1
xgb,bis_quatro__C,bis_quatro,C,10,265,1,0.9954922199249268,1
xgb,bis_quatro__C,bis_quatro,C,10,265,1,0.8848512768745422,1
xgb,bis_quatro__C,bis_quatro,C,10,265,1,0.9534109234809875,1
xgb,bis_quatro__C,bis_quatro,C,10,265,1,0.9675293564796448,1
