estimator,model,fold,subject_id,y_true,y_proba,y_pred
rf,A_bandpower_epoch,1,249,0,0.085,0
rf,A_bandpower_epoch,1,249,0,0.3647784167794317,0
rf,A_bandpower_epoch,1,249,0,0.2927868852459017,0
rf,A_bandpower_epoch,1,249,0,0.065,0
rf,A_bandpower_epoch,1,249,0,0.045,0
rf,A_bandpower_epoch,1,249,0,0.2294760213143872,0
rf,A_bandpower_epoch,1,249,0,0.1,0
rf,A_bandpower_epoch,1,249,0,0.135,0
rf,A_bandpower_epoch,1,249,0,0.09,0
rf,A_bandpower_epoch,1,249,0,0.06,0
rf,A_bandpower_epoch,1,249,0,0.06,0
rf,A_bandpower_epoch,1,249,0,0.085,0
rf,A_bandpower_epoch,1,249,0,0.357546156553644,0
rf,A_bandpower_epoch,1,249,0,0.3858555388436112,0
rf,A_bandpower_epoch,1,249,0,0.035,0
rf,A_bandpower_epoch,1,249,1,0.7896359160750754,1
rf,A_bandpower_epoch,1,249,1,0.7583471059637508,1
rf,A_bandpower_epoch,1,249,1,0.8746562493297205,1
rf,A_bandpower_epoch,1,249,1,0.9446753948014097,1
rf,A_bandpower_epoch,1,249,1,0.9546753948014097,1
rf,A_bandpower_epoch,1,249,1,0.275,0
rf,A_bandpower_epoch,1,249,1,0.944414332854507,1
rf,A_bandpower_epoch,1,249,1,0.9146753948014097,1
rf,A_bandpower_epoch,1,249,1,0.941013578812492,1
rf,A_bandpower_epoch,1,249,1,0.8446562493297205,1
rf,A_bandpower_epoch,1,249,1,0.365,0
rf,A_bandpower_epoch,1,249,1,0.839414332854507,1
rf,A_bandpower_epoch,1,249,1,0.405,0
rf,A_bandpower_epoch,1,249,1,0.6583471059637508,1
rf,A_bandpower_epoch,1,249,1,0.8796753948014097,1
rf,A_bandpower_epoch,1,249,1,0.22,0
rf,A_bandpower_epoch,1,249,1,0.6697389380530973,1
rf,A_bandpower_epoch,2,219,0,0.45444444444444443,0
rf,A_bandpower_epoch,2,219,0,0.6988420348058902,1
rf,A_bandpower_epoch,2,219,0,0.8288420348058902,1
rf,A_bandpower_epoch,2,219,0,0.8443975903614458,1
rf,A_bandpower_epoch,2,219,0,0.8985137247951259,1
rf,A_bandpower_epoch,2,219,0,0.8890692803506814,1
rf,A_bandpower_epoch,2,219,0,0.8203295543232844,1
rf,A_bandpower_epoch,2,219,0,0.085,0
rf,A_bandpower_epoch,2,219,0,0.875,1
rf,A_bandpower_epoch,2,219,0,0.385,0
rf,A_bandpower_epoch,2,219,0,0.275,0
rf,A_bandpower_epoch,2,219,0,0.5227232104928965,1
rf,A_bandpower_epoch,2,219,0,0.17,0
rf,A_bandpower_epoch,2,219,0,0.5994444444444444,1
rf,A_bandpower_epoch,2,219,1,0.9693975903614458,1
rf,A_bandpower_epoch,2,219,1,0.8793975903614458,1
rf,A_bandpower_epoch,2,219,1,0.8693975903614458,1
rf,A_bandpower_epoch,2,219,1,0.8743975903614458,1
rf,A_bandpower_epoch,2,219,1,0.8693975903614458,1
rf,A_bandpower_epoch,2,219,1,0.8043975903614458,1
rf,A_bandpower_epoch,2,219,1,0.8346716899892357,1
rf,A_bandpower_epoch,2,219,1,0.8443975903614458,1
rf,A_bandpower_epoch,2,219,1,0.8440692803506815,1
rf,A_bandpower_epoch,2,219,1,0.7703295543232843,1
rf,A_bandpower_epoch,2,219,1,0.875,1
rf,A_bandpower_epoch,2,219,1,0.8693975903614458,1
rf,A_bandpower_epoch,2,219,1,0.9290445008280284,1
rf,A_bandpower_epoch,2,219,1,0.9540692803506815,1
rf,A_bandpower_epoch,2,219,1,0.928513724795126,1
rf,A_bandpower_epoch,2,219,1,0.8293975903614458,1
rf,A_bandpower_epoch,3,313,0,0.4501667866323057,0
rf,A_bandpower_epoch,3,313,0,0.4840816326530612,0
rf,A_bandpower_epoch,3,313,0,0.561510782450632,1
rf,A_bandpower_epoch,3,313,0,0.47516678663230566,0
rf,A_bandpower_epoch,3,313,0,0.5529925871693969,1
rf,A_bandpower_epoch,3,313,0,0.3829925871693969,0
rf,A_bandpower_epoch,3,313,0,0.44125583211597,0
rf,A_bandpower_epoch,3,313,0,0.19146156180378504,0
rf,A_bandpower_epoch,3,313,0,0.3979925871693969,0
rf,A_bandpower_epoch,3,313,0,0.22859975696145932,0
rf,A_bandpower_epoch,3,313,0,0.15755060728744938,0
rf,A_bandpower_epoch,3,313,0,0.3779925871693969,0
rf,A_bandpower_epoch,3,313,0,0.5915310253656118,1
rf,A_bandpower_epoch,3,313,0,0.3689601751631827,0
rf,A_bandpower_epoch,3,313,0,0.637373056834688,1
rf,A_bandpower_epoch,3,313,1,0.6477581032412965,1
rf,A_bandpower_epoch,3,313,1,0.8199236641221375,1
rf,A_bandpower_epoch,3,313,1,0.6075506072874494,1
rf,A_bandpower_epoch,3,313,1,0.6790816326530611,1
rf,A_bandpower_epoch,3,313,1,0.46299258716939684,0
rf,A_bandpower_epoch,3,313,1,0.6310338082969662,1
rf,A_bandpower_epoch,3,313,1,0.62,1
rf,A_bandpower_epoch,3,313,1,0.45044197988194745,0
rf,A_bandpower_epoch,3,313,1,0.7176660482374768,1
rf,A_bandpower_epoch,3,313,1,0.5641276100412618,1
rf,A_bandpower_epoch,3,313,1,0.5001667866323056,1
rf,A_bandpower_epoch,3,313,1,0.5755431944568463,1
rf,A_bandpower_epoch,3,313,1,0.6104217369669677,1
rf,A_bandpower_epoch,3,313,1,0.48153102536561176,0
rf,A_bandpower_epoch,4,318,0,0.12,0
rf,A_bandpower_epoch,4,318,0,0.445,0
rf,A_bandpower_epoch,4,318,0,0.24057168784029037,0
rf,A_bandpower_epoch,4,318,0,0.025,0
rf,A_bandpower_epoch,4,318,0,0.095,0
rf,A_bandpower_epoch,4,318,0,0.115,0
rf,A_bandpower_epoch,4,318,0,0.265,0
rf,A_bandpower_epoch,4,318,0,0.09,0
rf,A_bandpower_epoch,4,318,0,0.08,0
rf,A_bandpower_epoch,4,318,0,0.165,0
rf,A_bandpower_epoch,4,318,0,0.03,0
rf,A_bandpower_epoch,4,318,0,0.09,0
rf,A_bandpower_epoch,4,318,0,0.09,0
rf,A_bandpower_epoch,4,318,0,0.035,0
rf,A_bandpower_epoch,4,318,1,0.03,0
rf,A_bandpower_epoch,4,318,1,0.33,0
rf,A_bandpower_epoch,4,318,1,0.2805716878402904,0
rf,A_bandpower_epoch,4,318,1,0.545,1
rf,A_bandpower_epoch,4,318,1,0.4405716878402904,0
rf,A_bandpower_epoch,4,318,1,0.22,0
rf,A_bandpower_epoch,4,318,1,0.72,1
rf,A_bandpower_epoch,4,318,1,0.2943965517241379,0
rf,A_bandpower_epoch,4,318,1,0.645,1
rf,A_bandpower_epoch,4,318,1,0.705,1
rf,A_bandpower_epoch,4,318,1,0.4405716878402904,0
rf,A_bandpower_epoch,4,318,1,0.105,0
rf,A_bandpower_epoch,4,318,1,0.205,0
rf,A_bandpower_epoch,4,318,1,0.415,0
rf,A_bandpower_epoch,5,300,0,0.795,1
rf,A_bandpower_epoch,5,300,0,0.8177822580645162,1
rf,A_bandpower_epoch,5,300,0,0.8377822580645161,1
rf,A_bandpower_epoch,5,300,0,0.8377822580645161,1
rf,A_bandpower_epoch,5,300,0,0.7833298983138484,1
rf,A_bandpower_epoch,5,300,0,0.7783298983138484,1
rf,A_bandpower_epoch,5,300,0,0.8005476402493322,1
rf,A_bandpower_epoch,5,300,0,0.7755476402493322,1
rf,A_bandpower_epoch,5,300,0,0.7905476402493322,1
rf,A_bandpower_epoch,5,300,0,0.8127822580645162,1
rf,A_bandpower_epoch,5,300,0,0.7927822580645162,1
rf,A_bandpower_epoch,5,300,0,0.7339367816091954,1
rf,A_bandpower_epoch,5,300,0,0.785,1
rf,A_bandpower_epoch,5,300,0,0.78,1
rf,A_bandpower_epoch,5,300,1,0.6677822580645162,1
rf,A_bandpower_epoch,5,300,1,0.815,1
rf,A_bandpower_epoch,5,300,1,0.8027822580645162,1
rf,A_bandpower_epoch,5,300,1,0.81,1
rf,A_bandpower_epoch,5,300,1,0.8005476402493322,1
rf,A_bandpower_epoch,5,300,1,0.735,1
rf,A_bandpower_epoch,5,300,1,0.76,1
rf,A_bandpower_epoch,5,300,1,0.75,1
rf,A_bandpower_epoch,5,300,1,0.7577822580645162,1
rf,A_bandpower_epoch,5,300,1,0.665,1
rf,A_bandpower_epoch,5,300,1,0.805,1
rf,A_bandpower_epoch,5,300,1,0.8,1
rf,A_bandpower_epoch,5,300,1,0.69,1
rf,A_bandpower_epoch,5,300,1,0.77,1
rf,A_bandpower_epoch,6,271,0,0.1611328125,0
rf,A_bandpower_epoch,6,271,0,0.3161328125,0
rf,A_bandpower_epoch,6,271,0,0.2811328125,0
rf,A_bandpower_epoch,6,271,0,0.2434204752402356,0
rf,A_bandpower_epoch,6,271,0,0.15,0
rf,A_bandpower_epoch,6,271,0,0.1471960308908046,0
rf,A_bandpower_epoch,6,271,0,0.13,0
rf,A_bandpower_epoch,6,271,0,0.065,0
rf,A_bandpower_epoch,6,271,0,0.05,0
rf,A_bandpower_epoch,6,271,0,0.1161328125,0
rf,A_bandpower_epoch,6,271,0,0.1711328125,0
rf,A_bandpower_epoch,6,271,0,0.09,0
rf,A_bandpower_epoch,6,271,0,0.085,0
rf,A_bandpower_epoch,6,271,0,0.2084204752402356,0
rf,A_bandpower_epoch,6,271,1,0.47,0
rf,A_bandpower_epoch,6,271,1,0.7517027027027027,1
rf,A_bandpower_epoch,6,271,1,0.485,0
rf,A_bandpower_epoch,6,271,1,0.48152631578947364,0
rf,A_bandpower_epoch,6,271,1,0.5765263157894737,1
rf,A_bandpower_epoch,6,271,1,0.4761328125,0
rf,A_bandpower_epoch,6,271,1,0.5494891640866872,1
rf,A_bandpower_epoch,6,271,1,0.49152631578947364,0
rf,A_bandpower_epoch,6,271,1,0.6644891640866873,1
rf,A_bandpower_epoch,6,271,1,0.5465263157894736,1
rf,A_bandpower_epoch,6,271,1,0.3947755180353032,0
rf,A_bandpower_epoch,6,271,1,0.6881263991663432,1
rf,A_bandpower_epoch,6,271,1,0.7579823468189972,1
rf,A_bandpower_epoch,6,271,1,0.6406946840787617,1
rf,A_bandpower_epoch,7,251,0,0.02,0
rf,A_bandpower_epoch,7,251,0,0.025,0
rf,A_bandpower_epoch,7,251,0,0.005,0
rf,A_bandpower_epoch,7,251,0,0.025,0
rf,A_bandpower_epoch,7,251,0,0.0,0
rf,A_bandpower_epoch,7,251,0,0.0,0
rf,A_bandpower_epoch,7,251,0,0.04,0
rf,A_bandpower_epoch,7,251,0,0.0,0
rf,A_bandpower_epoch,7,251,0,0.05,0
rf,A_bandpower_epoch,7,251,0,0.005,0
rf,A_bandpower_epoch,7,251,0,0.005,0
rf,A_bandpower_epoch,7,251,0,0.03,0
rf,A_bandpower_epoch,7,251,0,0.005,0
rf,A_bandpower_epoch,7,251,0,0.0,0
rf,A_bandpower_epoch,7,251,1,0.075,0
rf,A_bandpower_epoch,7,251,1,0.045,0
rf,A_bandpower_epoch,7,251,1,0.055,0
rf,A_bandpower_epoch,7,251,1,0.1,0
rf,A_bandpower_epoch,7,251,1,0.01,0
rf,A_bandpower_epoch,7,251,1,0.2747747989276139,0
rf,A_bandpower_epoch,7,251,1,0.005,0
rf,A_bandpower_epoch,7,251,1,0.1,0
rf,A_bandpower_epoch,7,251,1,0.205,0
rf,A_bandpower_epoch,7,251,1,0.015,0
rf,A_bandpower_epoch,7,251,1,0.155,0
rf,A_bandpower_epoch,7,251,1,0.09,0
rf,A_bandpower_epoch,7,251,1,0.41477479892761393,0
rf,A_bandpower_epoch,8,282,0,0.02,0
rf,A_bandpower_epoch,8,282,0,0.045,0
rf,A_bandpower_epoch,8,282,0,0.115,0
rf,A_bandpower_epoch,8,282,0,0.05,0
rf,A_bandpower_epoch,8,282,0,0.09,0
rf,A_bandpower_epoch,8,282,0,0.36,0
rf,A_bandpower_epoch,8,282,0,0.145,0
rf,A_bandpower_epoch,8,282,0,0.075,0
rf,A_bandpower_epoch,8,282,0,0.14,0
rf,A_bandpower_epoch,8,282,0,0.14,0
rf,A_bandpower_epoch,8,282,0,0.195,0
rf,A_bandpower_epoch,8,282,0,0.125,0
rf,A_bandpower_epoch,8,282,0,0.295,0
rf,A_bandpower_epoch,8,282,0,0.19,0
rf,A_bandpower_epoch,8,282,1,0.703783618854481,1
rf,A_bandpower_epoch,8,282,1,0.6997686832740213,1
rf,A_bandpower_epoch,8,282,1,0.6386484715676737,1
rf,A_bandpower_epoch,8,282,1,0.6745443368050397,1
rf,A_bandpower_epoch,8,282,1,0.8632860108650054,1
rf,A_bandpower_epoch,8,282,1,0.8692104578120653,1
rf,A_bandpower_epoch,8,282,1,0.867744288285176,1
rf,A_bandpower_epoch,8,282,1,0.8467113756625118,1
rf,A_bandpower_epoch,8,282,1,0.6447686832740213,1
rf,A_bandpower_epoch,8,282,1,0.8748157032452514,1
rf,A_bandpower_epoch,8,282,1,0.6399665181313446,1
rf,A_bandpower_epoch,9,210,0,0.015,0
rf,A_bandpower_epoch,9,210,0,0.09,0
rf,A_bandpower_epoch,9,210,0,0.26,0
rf,A_bandpower_epoch,9,210,0,0.655,1
rf,A_bandpower_epoch,9,210,0,0.05,0
rf,A_bandpower_epoch,9,210,0,0.7376754381043881,1
rf,A_bandpower_epoch,9,210,0,0.04,0
rf,A_bandpower_epoch,9,210,0,0.445,0
rf,A_bandpower_epoch,9,210,0,0.35,0
rf,A_bandpower_epoch,9,210,0,0.1748338584932684,0
rf,A_bandpower_epoch,9,210,0,0.085,0
rf,A_bandpower_epoch,9,210,0,0.015,0
rf,A_bandpower_epoch,9,210,0,0.06,0
rf,A_bandpower_epoch,9,210,0,0.145,0
rf,A_bandpower_epoch,9,210,1,0.8964630005976407,1
rf,A_bandpower_epoch,9,210,1,0.6307271119004569,1
rf,A_bandpower_epoch,9,210,1,0.8843793445878848,1
rf,A_bandpower_epoch,9,210,1,0.7396617518938181,1
rf,A_bandpower_epoch,9,210,1,0.7925441941149313,1
rf,A_bandpower_epoch,9,210,1,0.8348338584932685,1
rf,A_bandpower_epoch,9,210,1,0.5948338584932684,1
rf,A_bandpower_epoch,9,210,1,0.7720482800939101,1
rf,A_bandpower_epoch,9,210,1,0.8067546861933053,1
rf,A_bandpower_epoch,9,210,1,0.6963676252048733,1
rf,A_bandpower_epoch,9,210,1,0.74,1
rf,A_bandpower_epoch,10,265,0,0.4296969696969697,0
rf,A_bandpower_epoch,10,265,0,0.6387834137048283,1
rf,A_bandpower_epoch,10,265,0,0.5487834137048282,1
rf,A_bandpower_epoch,10,265,0,0.7040280209231196,1
rf,A_bandpower_epoch,10,265,0,0.8901405037194511,1
rf,A_bandpower_epoch,10,265,0,0.8762674878464353,1
rf,A_bandpower_epoch,10,265,0,0.185,0
rf,A_bandpower_epoch,10,265,0,0.8199415769152611,1
rf,A_bandpower_epoch,10,265,0,0.5546969696969697,1
rf,A_bandpower_epoch,10,265,0,0.6087834137048282,1
rf,A_bandpower_epoch,10,265,0,0.7112885152288222,1
rf,A_bandpower_epoch,10,265,0,0.4496969696969697,0
rf,A_bandpower_epoch,10,265,0,0.6446969696969697,1
rf,A_bandpower_epoch,10,265,1,0.6237834137048283,1
rf,A_bandpower_epoch,10,265,1,0.9446713066449908,1
rf,A_bandpower_epoch,10,265,1,0.9840280209231197,1
rf,A_bandpower_epoch,10,265,1,0.9672109891846733,1
rf,A_bandpower_epoch,10,265,1,0.6287834137048283,1
rf,A_bandpower_epoch,10,265,1,0.25,0
rf,A_bandpower_epoch,10,265,1,0.7037834137048281,1
rf,A_bandpower_epoch,10,265,1,0.7666261265475411,1
rf,A_bandpower_epoch,10,265,1,0.7686840907358998,1
rf,A_bandpower_epoch,10,265,1,0.9662674878464352,1
rf,A_bandpower_epoch,10,265,1,0.5937834137048282,1
rf,B_wpli_edges_epoch_sliding,1,249,0,0.3240459677739216,0
rf,B_wpli_edges_epoch_sliding,1,249,0,0.31611396482720666,0
rf,B_wpli_edges_epoch_sliding,1,249,0,0.4607718506840679,0
rf,B_wpli_edges_epoch_sliding,1,249,0,0.3744976010343815,0
rf,B_wpli_edges_epoch_sliding,1,249,0,0.41364682062957925,0
rf,B_wpli_edges_epoch_sliding,1,249,0,0.4035374265960219,0
rf,B_wpli_edges_epoch_sliding,1,249,0,0.5497993015692452,1
rf,B_wpli_edges_epoch_sliding,1,249,0,0.3138344307351916,0
rf,B_wpli_edges_epoch_sliding,1,249,0,0.2969996710064562,0
rf,B_wpli_edges_epoch_sliding,1,249,0,0.38024590722523965,0
rf,B_wpli_edges_epoch_sliding,1,249,0,0.40822768769525597,0
rf,B_wpli_edges_epoch_sliding,1,249,0,0.32635150814394875,0
rf,B_wpli_edges_epoch_sliding,1,249,0,0.4488547192285143,0
rf,B_wpli_edges_epoch_sliding,1,249,0,0.38242302089009456,0
rf,B_wpli_edges_epoch_sliding,1,249,0,0.31021240637569447,0
rf,B_wpli_edges_epoch_sliding,1,249,1,0.35037513481167587,0
rf,B_wpli_edges_epoch_sliding,1,249,1,0.4232692716308729,0
rf,B_wpli_edges_epoch_sliding,1,249,1,0.34405707259184815,0
rf,B_wpli_edges_epoch_sliding,1,249,1,0.4185862603639605,0
rf,B_wpli_edges_epoch_sliding,1,249,1,0.5205361417232958,1
rf,B_wpli_edges_epoch_sliding,1,249,1,0.46387195337555853,0
rf,B_wpli_edges_epoch_sliding,1,249,1,0.6413302454297802,1
rf,B_wpli_edges_epoch_sliding,1,249,1,0.34172448731603067,0
rf,B_wpli_edges_epoch_sliding,1,249,1,0.34041635593396014,0
rf,B_wpli_edges_epoch_sliding,1,249,1,0.3636676396234712,0
rf,B_wpli_edges_epoch_sliding,1,249,1,0.48468709610463,0
rf,B_wpli_edges_epoch_sliding,1,249,1,0.31146855235972704,0
rf,B_wpli_edges_epoch_sliding,1,249,1,0.4845594389702415,0
rf,B_wpli_edges_epoch_sliding,1,249,1,0.3272399987877958,0
rf,B_wpli_edges_epoch_sliding,1,249,1,0.4604495855704415,0
rf,B_wpli_edges_epoch_sliding,1,249,1,0.34624342722114265,0
rf,B_wpli_edges_epoch_sliding,1,249,1,0.5466411350731579,1
rf,B_wpli_edges_epoch_sliding,2,219,0,0.4927592822468009,0
rf,B_wpli_edges_epoch_sliding,2,219,0,0.47392187468800356,0
rf,B_wpli_edges_epoch_sliding,2,219,0,0.49849118476431614,0
rf,B_wpli_edges_epoch_sliding,2,219,0,0.47128131483997526,0
rf,B_wpli_edges_epoch_sliding,2,219,0,0.4556943832283487,0
rf,B_wpli_edges_epoch_sliding,2,219,0,0.5572281452545789,1
rf,B_wpli_edges_epoch_sliding,2,219,0,0.38328750386223215,0
rf,B_wpli_edges_epoch_sliding,2,219,0,0.5356440320581889,1
rf,B_wpli_edges_epoch_sliding,2,219,0,0.35392356070990333,0
rf,B_wpli_edges_epoch_sliding,2,219,0,0.5310320598582254,1
rf,B_wpli_edges_epoch_sliding,2,219,0,0.47321212173683463,0
rf,B_wpli_edges_epoch_sliding,2,219,0,0.5027368209711525,1
rf,B_wpli_edges_epoch_sliding,2,219,0,0.41982508715112254,0
rf,B_wpli_edges_epoch_sliding,2,219,0,0.3720869625262053,0
rf,B_wpli_edges_epoch_sliding,2,219,1,0.37689390229097186,0
rf,B_wpli_edges_epoch_sliding,2,219,1,0.4231240285084795,0
rf,B_wpli_edges_epoch_sliding,2,219,1,0.4518941533540314,0
rf,B_wpli_edges_epoch_sliding,2,219,1,0.45019936620009604,0
rf,B_wpli_edges_epoch_sliding,2,219,1,0.5005452010534622,1
rf,B_wpli_edges_epoch_sliding,2,219,1,0.4245067300278549,0
rf,B_wpli_edges_epoch_sliding,2,219,1,0.38132580873219063,0
rf,B_wpli_edges_epoch_sliding,2,219,1,0.3402219206063164,0
rf,B_wpli_edges_epoch_sliding,2,219,1,0.460404284613235,0
rf,B_wpli_edges_epoch_sliding,2,219,1,0.4962925449897258,0
rf,B_wpli_edges_epoch_sliding,2,219,1,0.4654034517584914,0
rf,B_wpli_edges_epoch_sliding,2,219,1,0.43819828249831416,0
rf,B_wpli_edges_epoch_sliding,2,219,1,0.2892415741237762,0
rf,B_wpli_edges_epoch_sliding,2,219,1,0.46375989899541503,0
rf,B_wpli_edges_epoch_sliding,2,219,1,0.3381244568579463,0
rf,B_wpli_edges_epoch_sliding,2,219,1,0.32867555907008805,0
rf,B_wpli_edges_epoch_sliding,3,313,0,0.5960704421959,1
rf,B_wpli_edges_epoch_sliding,3,313,0,0.3598733150066177,0
rf,B_wpli_edges_epoch_sliding,3,313,0,0.5393435916805831,1
rf,B_wpli_edges_epoch_sliding,3,313,0,0.4294989330097296,0
rf,B_wpli_edges_epoch_sliding,3,313,0,0.551400211166245,1
rf,B_wpli_edges_epoch_sliding,3,313,0,0.5785878867207828,1
rf,B_wpli_edges_epoch_sliding,3,313,0,0.5017800087083109,1
rf,B_wpli_edges_epoch_sliding,3,313,0,0.4100015776181347,0
rf,B_wpli_edges_epoch_sliding,3,313,0,0.5335526139110404,1
rf,B_wpli_edges_epoch_sliding,3,313,0,0.5023585061091624,1
rf,B_wpli_edges_epoch_sliding,3,313,0,0.4721847836833771,0
rf,B_wpli_edges_epoch_sliding,3,313,0,0.5365718076022076,1
rf,B_wpli_edges_epoch_sliding,3,313,0,0.5735550569333142,1
rf,B_wpli_edges_epoch_sliding,3,313,0,0.4882522571476916,0
rf,B_wpli_edges_epoch_sliding,3,313,0,0.4198960992415996,0
rf,B_wpli_edges_epoch_sliding,3,313,1,0.5598969637918906,1
rf,B_wpli_edges_epoch_sliding,3,313,1,0.4570968407110905,0
rf,B_wpli_edges_epoch_sliding,3,313,1,0.4102914105722521,0
rf,B_wpli_edges_epoch_sliding,3,313,1,0.36737101050020016,0
rf,B_wpli_edges_epoch_sliding,3,313,1,0.4266668215375607,0
rf,B_wpli_edges_epoch_sliding,3,313,1,0.5129180931308146,1
rf,B_wpli_edges_epoch_sliding,3,313,1,0.527723909339124,1
rf,B_wpli_edges_epoch_sliding,3,313,1,0.4301278705366183,0
rf,B_wpli_edges_epoch_sliding,3,313,1,0.46161565993974973,0
rf,B_wpli_edges_epoch_sliding,3,313,1,0.5204137940545988,1
rf,B_wpli_edges_epoch_sliding,3,313,1,0.4741533013358389,0
rf,B_wpli_edges_epoch_sliding,3,313,1,0.4359423191401392,0
rf,B_wpli_edges_epoch_sliding,3,313,1,0.5399310904323675,1
rf,B_wpli_edges_epoch_sliding,3,313,1,0.4128439503476448,0
rf,B_wpli_edges_epoch_sliding,4,318,0,0.4723546645097319,0
rf,B_wpli_edges_epoch_sliding,4,318,0,0.4141689704748749,0
rf,B_wpli_edges_epoch_sliding,4,318,0,0.42182133047044523,0
rf,B_wpli_edges_epoch_sliding,4,318,0,0.36028164658369427,0
rf,B_wpli_edges_epoch_sliding,4,318,0,0.49812069164224787,0
rf,B_wpli_edges_epoch_sliding,4,318,0,0.4291678569660833,0
rf,B_wpli_edges_epoch_sliding,4,318,0,0.3632929942625778,0
rf,B_wpli_edges_epoch_sliding,4,318,0,0.45902351828051996,0
rf,B_wpli_edges_epoch_sliding,4,318,0,0.3364805035261571,0
rf,B_wpli_edges_epoch_sliding,4,318,0,0.4106510312954315,0
rf,B_wpli_edges_epoch_sliding,4,318,0,0.4168708994514612,0
rf,B_wpli_edges_epoch_sliding,4,318,0,0.43000903692848846,0
rf,B_wpli_edges_epoch_sliding,4,318,0,0.33269796763585574,0
rf,B_wpli_edges_epoch_sliding,4,318,0,0.2869323363993174,0
rf,B_wpli_edges_epoch_sliding,4,318,1,0.4489516139928425,0
rf,B_wpli_edges_epoch_sliding,4,318,1,0.45937701076262644,0
rf,B_wpli_edges_epoch_sliding,4,318,1,0.4998290149296965,0
rf,B_wpli_edges_epoch_sliding,4,318,1,0.4348870739813636,0
rf,B_wpli_edges_epoch_sliding,4,318,1,0.5287698854197049,1
rf,B_wpli_edges_epoch_sliding,4,318,1,0.4571278128170141,0
rf,B_wpli_edges_epoch_sliding,4,318,1,0.5244150187424479,1
rf,B_wpli_edges_epoch_sliding,4,318,1,0.4858834587786983,0
rf,B_wpli_edges_epoch_sliding,4,318,1,0.5619046654548638,1
rf,B_wpli_edges_epoch_sliding,4,318,1,0.45915541125998977,0
rf,B_wpli_edges_epoch_sliding,4,318,1,0.5109118467246268,1
rf,B_wpli_edges_epoch_sliding,4,318,1,0.38774775085159274,0
rf,B_wpli_edges_epoch_sliding,4,318,1,0.5313915023165348,1
rf,B_wpli_edges_epoch_sliding,4,318,1,0.5057976817428452,1
rf,B_wpli_edges_epoch_sliding,5,300,0,0.5413956172455386,1
rf,B_wpli_edges_epoch_sliding,5,300,0,0.5093706806325559,1
rf,B_wpli_edges_epoch_sliding,5,300,0,0.47454136953041376,0
rf,B_wpli_edges_epoch_sliding,5,300,0,0.6010514785334182,1
rf,B_wpli_edges_epoch_sliding,5,300,0,0.5284861951203589,1
rf,B_wpli_edges_epoch_sliding,5,300,0,0.5983403294530861,1
rf,B_wpli_edges_epoch_sliding,5,300,0,0.5411541628810632,1
rf,B_wpli_edges_epoch_sliding,5,300,0,0.5738383245515357,1
rf,B_wpli_edges_epoch_sliding,5,300,0,0.631155705077791,1
rf,B_wpli_edges_epoch_sliding,5,300,0,0.4769335461789938,0
rf,B_wpli_edges_epoch_sliding,5,300,0,0.5370509126931521,1
rf,B_wpli_edges_epoch_sliding,5,300,0,0.4990276692808102,0
rf,B_wpli_edges_epoch_sliding,5,300,0,0.49876417928119154,0
rf,B_wpli_edges_epoch_sliding,5,300,0,0.49992560060939634,0
rf,B_wpli_edges_epoch_sliding,5,300,1,0.37237431627752704,0
rf,B_wpli_edges_epoch_sliding,5,300,1,0.4340200350284518,0
rf,B_wpli_edges_epoch_sliding,5,300,1,0.5756327585910644,1
rf,B_wpli_edges_epoch_sliding,5,300,1,0.47576546332614944,0
rf,B_wpli_edges_epoch_sliding,5,300,1,0.46266978011570714,0
rf,B_wpli_edges_epoch_sliding,5,300,1,0.46589864647666823,0
rf,B_wpli_edges_epoch_sliding,5,300,1,0.5077304726478431,1
rf,B_wpli_edges_epoch_sliding,5,300,1,0.5299986087142127,1
rf,B_wpli_edges_epoch_sliding,5,300,1,0.41996667844825936,0
rf,B_wpli_edges_epoch_sliding,5,300,1,0.38705983342991446,0
rf,B_wpli_edges_epoch_sliding,5,300,1,0.29034870626419995,0
rf,B_wpli_edges_epoch_sliding,5,300,1,0.6227847279052137,1
rf,B_wpli_edges_epoch_sliding,5,300,1,0.4631038572070965,0
rf,B_wpli_edges_epoch_sliding,5,300,1,0.5715900201551771,1
rf,B_wpli_edges_epoch_sliding,6,271,0,0.6582033298163367,1
rf,B_wpli_edges_epoch_sliding,6,271,0,0.3642819184110232,0
rf,B_wpli_edges_epoch_sliding,6,271,0,0.4895594305618094,0
rf,B_wpli_edges_epoch_sliding,6,271,0,0.42389354885939107,0
rf,B_wpli_edges_epoch_sliding,6,271,0,0.48402543444661744,0
rf,B_wpli_edges_epoch_sliding,6,271,0,0.4780812073522286,0
rf,B_wpli_edges_epoch_sliding,6,271,0,0.5610457495868917,1
rf,B_wpli_edges_epoch_sliding,6,271,0,0.4504136372012644,0
rf,B_wpli_edges_epoch_sliding,6,271,0,0.6754324479382787,1
rf,B_wpli_edges_epoch_sliding,6,271,0,0.5138400587557848,1
rf,B_wpli_edges_epoch_sliding,6,271,0,0.42971952408013503,0
rf,B_wpli_edges_epoch_sliding,6,271,0,0.48428525470809936,0
rf,B_wpli_edges_epoch_sliding,6,271,0,0.5662660531575493,1
rf,B_wpli_edges_epoch_sliding,6,271,0,0.48658677098778624,0
rf,B_wpli_edges_epoch_sliding,6,271,1,0.3939438325620134,0
rf,B_wpli_edges_epoch_sliding,6,271,1,0.34791503861721723,0
rf,B_wpli_edges_epoch_sliding,6,271,1,0.37541945988331243,0
rf,B_wpli_edges_epoch_sliding,6,271,1,0.36372496050905767,0
rf,B_wpli_edges_epoch_sliding,6,271,1,0.4307896928402286,0
rf,B_wpli_edges_epoch_sliding,6,271,1,0.48488576244859444,0
rf,B_wpli_edges_epoch_sliding,6,271,1,0.4114103858483224,0
rf,B_wpli_edges_epoch_sliding,6,271,1,0.4229136333957364,0
rf,B_wpli_edges_epoch_sliding,6,271,1,0.506839345490881,1
rf,B_wpli_edges_epoch_sliding,6,271,1,0.4860536013907407,0
rf,B_wpli_edges_epoch_sliding,6,271,1,0.4273944670867645,0
rf,B_wpli_edges_epoch_sliding,6,271,1,0.39832039600656066,0
rf,B_wpli_edges_epoch_sliding,6,271,1,0.5684911569659351,1
rf,B_wpli_edges_epoch_sliding,6,271,1,0.40782957188731284,0
rf,B_wpli_edges_epoch_sliding,7,251,0,0.45746497958198923,0
rf,B_wpli_edges_epoch_sliding,7,251,0,0.6099734489529053,1
rf,B_wpli_edges_epoch_sliding,7,251,0,0.4402826312824503,0
rf,B_wpli_edges_epoch_sliding,7,251,0,0.5384949919105737,1
rf,B_wpli_edges_epoch_sliding,7,251,0,0.5414979237250389,1
rf,B_wpli_edges_epoch_sliding,7,251,0,0.5004570583986718,1
rf,B_wpli_edges_epoch_sliding,7,251,0,0.4678484110921204,0
rf,B_wpli_edges_epoch_sliding,7,251,0,0.47917441649364717,0
rf,B_wpli_edges_epoch_sliding,7,251,0,0.38844787057894803,0
rf,B_wpli_edges_epoch_sliding,7,251,0,0.4537209519011616,0
rf,B_wpli_edges_epoch_sliding,7,251,0,0.5431808200718949,1
rf,B_wpli_edges_epoch_sliding,7,251,0,0.5345668192835401,1
rf,B_wpli_edges_epoch_sliding,7,251,0,0.5199842560060314,1
rf,B_wpli_edges_epoch_sliding,7,251,0,0.5497349947084659,1
rf,B_wpli_edges_epoch_sliding,7,251,1,0.40524638023536314,0
rf,B_wpli_edges_epoch_sliding,7,251,1,0.510381797352626,1
rf,B_wpli_edges_epoch_sliding,7,251,1,0.49639335993670564,0
rf,B_wpli_edges_epoch_sliding,7,251,1,0.5110331823019545,1
rf,B_wpli_edges_epoch_sliding,7,251,1,0.4162441353220431,0
rf,B_wpli_edges_epoch_sliding,7,251,1,0.3716464259080697,0
rf,B_wpli_edges_epoch_sliding,7,251,1,0.4330527242363097,0
rf,B_wpli_edges_epoch_sliding,7,251,1,0.35126327072363284,0
rf,B_wpli_edges_epoch_sliding,7,251,1,0.4646259745058828,0
rf,B_wpli_edges_epoch_sliding,7,251,1,0.6339476790833455,1
rf,B_wpli_edges_epoch_sliding,7,251,1,0.43562231938860074,0
rf,B_wpli_edges_epoch_sliding,7,251,1,0.4743576256058518,0
rf,B_wpli_edges_epoch_sliding,7,251,1,0.5015853974975854,1
rf,B_wpli_edges_epoch_sliding,8,282,0,0.47227093493504874,0
rf,B_wpli_edges_epoch_sliding,8,282,0,0.6120068007358819,1
rf,B_wpli_edges_epoch_sliding,8,282,0,0.5653880662276375,1
rf,B_wpli_edges_epoch_sliding,8,282,0,0.5725191252810992,1
rf,B_wpli_edges_epoch_sliding,8,282,0,0.7218775371344279,1
rf,B_wpli_edges_epoch_sliding,8,282,0,0.5582647484296578,1
rf,B_wpli_edges_epoch_sliding,8,282,0,0.5234562417366164,1
rf,B_wpli_edges_epoch_sliding,8,282,0,0.4375655080286112,0
rf,B_wpli_edges_epoch_sliding,8,282,0,0.5422420728933247,1
rf,B_wpli_edges_epoch_sliding,8,282,0,0.4931271436795682,0
rf,B_wpli_edges_epoch_sliding,8,282,0,0.5675215335828271,1
rf,B_wpli_edges_epoch_sliding,8,282,0,0.4572654120843898,0
rf,B_wpli_edges_epoch_sliding,8,282,0,0.6242212038317774,1
rf,B_wpli_edges_epoch_sliding,8,282,0,0.5161272385301631,1
rf,B_wpli_edges_epoch_sliding,8,282,1,0.56871177674707,1
rf,B_wpli_edges_epoch_sliding,8,282,1,0.6549281432732983,1
rf,B_wpli_edges_epoch_sliding,8,282,1,0.6530447066456003,1
rf,B_wpli_edges_epoch_sliding,8,282,1,0.566303942764533,1
rf,B_wpli_edges_epoch_sliding,8,282,1,0.6304630557093929,1
rf,B_wpli_edges_epoch_sliding,8,282,1,0.46182595139572635,0
rf,B_wpli_edges_epoch_sliding,8,282,1,0.5413248711466934,1
rf,B_wpli_edges_epoch_sliding,8,282,1,0.5006612486400194,1
rf,B_wpli_edges_epoch_sliding,8,282,1,0.34673710325763685,0
rf,B_wpli_edges_epoch_sliding,8,282,1,0.3678067947562756,0
rf,B_wpli_edges_epoch_sliding,8,282,1,0.6622350949692865,1
rf,B_wpli_edges_epoch_sliding,9,210,0,0.5607533918129188,1
rf,B_wpli_edges_epoch_sliding,9,210,0,0.42444395549508,0
rf,B_wpli_edges_epoch_sliding,9,210,0,0.5251224257938475,1
rf,B_wpli_edges_epoch_sliding,9,210,0,0.42449284409974025,0
rf,B_wpli_edges_epoch_sliding,9,210,0,0.5961409937063372,1
rf,B_wpli_edges_epoch_sliding,9,210,0,0.5702062189860054,1
rf,B_wpli_edges_epoch_sliding,9,210,0,0.5394706494168107,1
rf,B_wpli_edges_epoch_sliding,9,210,0,0.3647457538244695,0
rf,B_wpli_edges_epoch_sliding,9,210,0,0.3590022478458519,0
rf,B_wpli_edges_epoch_sliding,9,210,0,0.46908890418442745,0
rf,B_wpli_edges_epoch_sliding,9,210,0,0.46410572333625744,0
rf,B_wpli_edges_epoch_sliding,9,210,0,0.5826777979719815,1
rf,B_wpli_edges_epoch_sliding,9,210,0,0.44989902596978676,0
rf,B_wpli_edges_epoch_sliding,9,210,0,0.4735410571928646,0
rf,B_wpli_edges_epoch_sliding,9,210,1,0.3892510733794945,0
rf,B_wpli_edges_epoch_sliding,9,210,1,0.5356305587773151,1
rf,B_wpli_edges_epoch_sliding,9,210,1,0.5009748755014087,1
rf,B_wpli_edges_epoch_sliding,9,210,1,0.4127709764965335,0
rf,B_wpli_edges_epoch_sliding,9,210,1,0.48439762471611436,0
rf,B_wpli_edges_epoch_sliding,9,210,1,0.5876706261597304,1
rf,B_wpli_edges_epoch_sliding,9,210,1,0.5239477238492729,1
rf,B_wpli_edges_epoch_sliding,9,210,1,0.44820754409263097,0
rf,B_wpli_edges_epoch_sliding,9,210,1,0.519477334994,1
rf,B_wpli_edges_epoch_sliding,9,210,1,0.4666370715301272,0
rf,B_wpli_edges_epoch_sliding,9,210,1,0.5561122337285328,1
rf,B_wpli_edges_epoch_sliding,10,265,0,0.567486878701275,1
rf,B_wpli_edges_epoch_sliding,10,265,0,0.57563911476372,1
rf,B_wpli_edges_epoch_sliding,10,265,0,0.705169926189464,1
rf,B_wpli_edges_epoch_sliding,10,265,0,0.39994160259151906,0
rf,B_wpli_edges_epoch_sliding,10,265,0,0.41638368607777565,0
rf,B_wpli_edges_epoch_sliding,10,265,0,0.3970286297398533,0
rf,B_wpli_edges_epoch_sliding,10,265,0,0.49967154810340575,0
rf,B_wpli_edges_epoch_sliding,10,265,0,0.44023224607155226,0
rf,B_wpli_edges_epoch_sliding,10,265,0,0.4052995019300844,0
rf,B_wpli_edges_epoch_sliding,10,265,0,0.5248240443610521,1
rf,B_wpli_edges_epoch_sliding,10,265,0,0.4567259564155098,0
rf,B_wpli_edges_epoch_sliding,10,265,0,0.5083851625641291,1
rf,B_wpli_edges_epoch_sliding,10,265,0,0.6092272297443625,1
rf,B_wpli_edges_epoch_sliding,10,265,1,0.5422081790615869,1
rf,B_wpli_edges_epoch_sliding,10,265,1,0.6122173520064893,1
rf,B_wpli_edges_epoch_sliding,10,265,1,0.497312387025612,0
rf,B_wpli_edges_epoch_sliding,10,265,1,0.4783058897785885,0
rf,B_wpli_edges_epoch_sliding,10,265,1,0.6164866961271953,1
rf,B_wpli_edges_epoch_sliding,10,265,1,0.5421634571571552,1
rf,B_wpli_edges_epoch_sliding,10,265,1,0.6531394734707382,1
rf,B_wpli_edges_epoch_sliding,10,265,1,0.6368129195517569,1
rf,B_wpli_edges_epoch_sliding,10,265,1,0.5210654624141927,1
rf,B_wpli_edges_epoch_sliding,10,265,1,0.5691091930221894,1
rf,B_wpli_edges_epoch_sliding,10,265,1,0.5312215017634753,1
rf,C_AplusB_epoch_sliding,1,249,0,0.37260778651619164,0
rf,C_AplusB_epoch_sliding,1,249,0,0.3825449570695575,0
rf,C_AplusB_epoch_sliding,1,249,0,0.42049695332632353,0
rf,C_AplusB_epoch_sliding,1,249,0,0.42636097573815074,0
rf,C_AplusB_epoch_sliding,1,249,0,0.35085619341459645,0
rf,C_AplusB_epoch_sliding,1,249,0,0.3248545273652871,0
rf,C_AplusB_epoch_sliding,1,249,0,0.6029790432642151,1
rf,C_AplusB_epoch_sliding,1,249,0,0.3028531317011027,0
rf,C_AplusB_epoch_sliding,1,249,0,0.28910415282624524,0
rf,C_AplusB_epoch_sliding,1,249,0,0.2730904298449326,0
rf,C_AplusB_epoch_sliding,1,249,0,0.3142135646057172,0
rf,C_AplusB_epoch_sliding,1,249,0,0.31442184296062914,0
rf,C_AplusB_epoch_sliding,1,249,0,0.5804483302258925,1
rf,C_AplusB_epoch_sliding,1,249,0,0.5126074944512954,1
rf,C_AplusB_epoch_sliding,1,249,0,0.3231516933987878,0
rf,C_AplusB_epoch_sliding,1,249,1,0.7426919799874233,1
rf,C_AplusB_epoch_sliding,1,249,1,0.5055160034899671,1
rf,C_AplusB_epoch_sliding,1,249,1,0.3117220877079263,0
rf,C_AplusB_epoch_sliding,1,249,1,0.5280097952809194,1
rf,C_AplusB_epoch_sliding,1,249,1,0.5667543779497158,1
rf,C_AplusB_epoch_sliding,1,249,1,0.47902916096277814,0
rf,C_AplusB_epoch_sliding,1,249,1,0.661290416999178,1
rf,C_AplusB_epoch_sliding,1,249,1,0.5200083025111962,1
rf,C_AplusB_epoch_sliding,1,249,1,0.5975986029019071,1
rf,C_AplusB_epoch_sliding,1,249,1,0.5371895522081377,1
rf,C_AplusB_epoch_sliding,1,249,1,0.6516083817335159,1
rf,C_AplusB_epoch_sliding,1,249,1,0.35514866654543625,0
rf,C_AplusB_epoch_sliding,1,249,1,0.6043966693528293,1
rf,C_AplusB_epoch_sliding,1,249,1,0.37353446047128896,0
rf,C_AplusB_epoch_sliding,1,249,1,0.5853491050483592,1
rf,C_AplusB_epoch_sliding,1,249,1,0.35436934326020775,0
rf,C_AplusB_epoch_sliding,1,249,1,0.6966496339701932,1
rf,C_AplusB_epoch_sliding,2,219,0,0.5545620844551592,1
rf,C_AplusB_epoch_sliding,2,219,0,0.39041928520121955,0
rf,C_AplusB_epoch_sliding,2,219,0,0.3146103411521907,0
rf,C_AplusB_epoch_sliding,2,219,0,0.7435001530820992,1
rf,C_AplusB_epoch_sliding,2,219,0,0.6135202928957338,1
rf,C_AplusB_epoch_sliding,2,219,0,0.6443415550322743,1
rf,C_AplusB_epoch_sliding,2,219,0,0.683406353090873,1
rf,C_AplusB_epoch_sliding,2,219,0,0.6379213381245799,1
rf,C_AplusB_epoch_sliding,2,219,0,0.6341929396001609,1
rf,C_AplusB_epoch_sliding,2,219,0,0.5427026404593157,1
rf,C_AplusB_epoch_sliding,2,219,0,0.5285096020261143,1
rf,C_AplusB_epoch_sliding,2,219,0,0.5845465899250484,1
rf,C_AplusB_epoch_sliding,2,219,0,0.43371399202272537,0
rf,C_AplusB_epoch_sliding,2,219,0,0.37909062863044957,0
rf,C_AplusB_epoch_sliding,2,219,1,0.475915596017106,0
rf,C_AplusB_epoch_sliding,2,219,1,0.4926409910196003,0
rf,C_AplusB_epoch_sliding,2,219,1,0.5455618871536527,1
rf,C_AplusB_epoch_sliding,2,219,1,0.7411672515451513,1
rf,C_AplusB_epoch_sliding,2,219,1,0.6667932405925757,1
rf,C_AplusB_epoch_sliding,2,219,1,0.736313147298091,1
rf,C_AplusB_epoch_sliding,2,219,1,0.6330999075906942,1
rf,C_AplusB_epoch_sliding,2,219,1,0.7521165892973031,1
rf,C_AplusB_epoch_sliding,2,219,1,0.6528148158977177,1
rf,C_AplusB_epoch_sliding,2,219,1,0.6306682821372152,1
rf,C_AplusB_epoch_sliding,2,219,1,0.6785436483195417,1
rf,C_AplusB_epoch_sliding,2,219,1,0.7189514118752407,1
rf,C_AplusB_epoch_sliding,2,219,1,0.6324054758437874,1
rf,C_AplusB_epoch_sliding,2,219,1,0.662303025827742,1
rf,C_AplusB_epoch_sliding,2,219,1,0.47884429756408664,0
rf,C_AplusB_epoch_sliding,2,219,1,0.661722302790928,1
rf,C_AplusB_epoch_sliding,3,313,0,0.5295524142521747,1
rf,C_AplusB_epoch_sliding,3,313,0,0.3625698014097683,0
rf,C_AplusB_epoch_sliding,3,313,0,0.4611783674394536,0
rf,C_AplusB_epoch_sliding,3,313,0,0.5073477735734125,1
rf,C_AplusB_epoch_sliding,3,313,0,0.45834342835907677,0
rf,C_AplusB_epoch_sliding,3,313,0,0.5727602233383884,1
rf,C_AplusB_epoch_sliding,3,313,0,0.5303827186306441,1
rf,C_AplusB_epoch_sliding,3,313,0,0.46992210577430965,0
rf,C_AplusB_epoch_sliding,3,313,0,0.3797734823585391,0
rf,C_AplusB_epoch_sliding,3,313,0,0.4794343525099911,0
rf,C_AplusB_epoch_sliding,3,313,0,0.4777748594219347,0
rf,C_AplusB_epoch_sliding,3,313,0,0.507714162663926,1
rf,C_AplusB_epoch_sliding,3,313,0,0.5785147083202332,1
rf,C_AplusB_epoch_sliding,3,313,0,0.4929600559281599,0
rf,C_AplusB_epoch_sliding,3,313,0,0.3945223930604631,0
rf,C_AplusB_epoch_sliding,3,313,1,0.6910335872922552,1
rf,C_AplusB_epoch_sliding,3,313,1,0.5467892214492196,1
rf,C_AplusB_epoch_sliding,3,313,1,0.4315400512830726,0
rf,C_AplusB_epoch_sliding,3,313,1,0.45069421027324225,0
rf,C_AplusB_epoch_sliding,3,313,1,0.5339353472658867,1
rf,C_AplusB_epoch_sliding,3,313,1,0.4450294881529577,0
rf,C_AplusB_epoch_sliding,3,313,1,0.7290034511564895,1
rf,C_AplusB_epoch_sliding,3,313,1,0.529798367643854,1
rf,C_AplusB_epoch_sliding,3,313,1,0.5007390480429057,1
rf,C_AplusB_epoch_sliding,3,313,1,0.5178798120426513,1
rf,C_AplusB_epoch_sliding,3,313,1,0.5777225740893727,1
rf,C_AplusB_epoch_sliding,3,313,1,0.4873291006982798,0
rf,C_AplusB_epoch_sliding,3,313,1,0.5642328319622275,1
rf,C_AplusB_epoch_sliding,3,313,1,0.5745807610766025,1
rf,C_AplusB_epoch_sliding,4,318,0,0.43897893683352585,0
rf,C_AplusB_epoch_sliding,4,318,0,0.34711823793349794,0
rf,C_AplusB_epoch_sliding,4,318,0,0.4204543834078641,0
rf,C_AplusB_epoch_sliding,4,318,0,0.2830953600027512,0
rf,C_AplusB_epoch_sliding,4,318,0,0.4918053907329887,0
rf,C_AplusB_epoch_sliding,4,318,0,0.3685820090935451,0
rf,C_AplusB_epoch_sliding,4,318,0,0.21002806191763873,0
rf,C_AplusB_epoch_sliding,4,318,0,0.3876676234510942,0
rf,C_AplusB_epoch_sliding,4,318,0,0.3282592126205411,0
rf,C_AplusB_epoch_sliding,4,318,0,0.37061954219481824,0
rf,C_AplusB_epoch_sliding,4,318,0,0.2736065829023171,0
rf,C_AplusB_epoch_sliding,4,318,0,0.36325123994177116,0
rf,C_AplusB_epoch_sliding,4,318,0,0.30696871492822525,0
rf,C_AplusB_epoch_sliding,4,318,0,0.3438499238578411,0
rf,C_AplusB_epoch_sliding,4,318,1,0.5340248337866005,1
rf,C_AplusB_epoch_sliding,4,318,1,0.6834548262540204,1
rf,C_AplusB_epoch_sliding,4,318,1,0.5219173610912586,1
rf,C_AplusB_epoch_sliding,4,318,1,0.5843512759192399,1
rf,C_AplusB_epoch_sliding,4,318,1,0.6080606873994844,1
rf,C_AplusB_epoch_sliding,4,318,1,0.5430395140953432,1
rf,C_AplusB_epoch_sliding,4,318,1,0.6138177236055266,1
rf,C_AplusB_epoch_sliding,4,318,1,0.4020151232711705,0
rf,C_AplusB_epoch_sliding,4,318,1,0.6588048644920197,1
rf,C_AplusB_epoch_sliding,4,318,1,0.4667059918399055,0
rf,C_AplusB_epoch_sliding,4,318,1,0.42612655661168913,0
rf,C_AplusB_epoch_sliding,4,318,1,0.5488927414715866,1
rf,C_AplusB_epoch_sliding,4,318,1,0.6455950600502101,1
rf,C_AplusB_epoch_sliding,4,318,1,0.5467319099759359,1
rf,C_AplusB_epoch_sliding,5,300,0,0.5801227107392178,1
rf,C_AplusB_epoch_sliding,5,300,0,0.7089911398669657,1
rf,C_AplusB_epoch_sliding,5,300,0,0.679094388976219,1
rf,C_AplusB_epoch_sliding,5,300,0,0.7790781954873591,1
rf,C_AplusB_epoch_sliding,5,300,0,0.8087978683266993,1
rf,C_AplusB_epoch_sliding,5,300,0,0.6545648660852234,1
rf,C_AplusB_epoch_sliding,5,300,0,0.7043820029402801,1
rf,C_AplusB_epoch_sliding,5,300,0,0.753466999775261,1
rf,C_AplusB_epoch_sliding,5,300,0,0.6740680073982412,1
rf,C_AplusB_epoch_sliding,5,300,0,0.5831890400459844,1
rf,C_AplusB_epoch_sliding,5,300,0,0.6695527187478294,1
rf,C_AplusB_epoch_sliding,5,300,0,0.5941992842442975,1
rf,C_AplusB_epoch_sliding,5,300,0,0.7092438267216763,1
rf,C_AplusB_epoch_sliding,5,300,0,0.673634626294541,1
rf,C_AplusB_epoch_sliding,5,300,1,0.712810526217901,1
rf,C_AplusB_epoch_sliding,5,300,1,0.7044199148394809,1
rf,C_AplusB_epoch_sliding,5,300,1,0.7042843019210081,1
rf,C_AplusB_epoch_sliding,5,300,1,0.7193542062624354,1
rf,C_AplusB_epoch_sliding,5,300,1,0.7828610329919894,1
rf,C_AplusB_epoch_sliding,5,300,1,0.7394171058293566,1
rf,C_AplusB_epoch_sliding,5,300,1,0.6941521459802524,1
rf,C_AplusB_epoch_sliding,5,300,1,0.7741875081118461,1
rf,C_AplusB_epoch_sliding,5,300,1,0.7536777223095524,1
rf,C_AplusB_epoch_sliding,5,300,1,0.7337453771551015,1
rf,C_AplusB_epoch_sliding,5,300,1,0.6391787140850724,1
rf,C_AplusB_epoch_sliding,5,300,1,0.7582698191809084,1
rf,C_AplusB_epoch_sliding,5,300,1,0.6941739223802489,1
rf,C_AplusB_epoch_sliding,5,300,1,0.7272818639391154,1
rf,C_AplusB_epoch_sliding,6,271,0,0.6971746625259724,1
rf,C_AplusB_epoch_sliding,6,271,0,0.31254052089912643,0
rf,C_AplusB_epoch_sliding,6,271,0,0.4796988014771616,0
rf,C_AplusB_epoch_sliding,6,271,0,0.4776561490089254,0
rf,C_AplusB_epoch_sliding,6,271,0,0.5026202105201526,1
rf,C_AplusB_epoch_sliding,6,271,0,0.29399128897658144,0
rf,C_AplusB_epoch_sliding,6,271,0,0.4075328240947642,0
rf,C_AplusB_epoch_sliding,6,271,0,0.26501542040734116,0
rf,C_AplusB_epoch_sliding,6,271,0,0.2405060757516755,0
rf,C_AplusB_epoch_sliding,6,271,0,0.5056895059429649,1
rf,C_AplusB_epoch_sliding,6,271,0,0.5029845901454154,1
rf,C_AplusB_epoch_sliding,6,271,0,0.4205783765470136,0
rf,C_AplusB_epoch_sliding,6,271,0,0.4796463954017758,0
rf,C_AplusB_epoch_sliding,6,271,0,0.2880388808395728,0
rf,C_AplusB_epoch_sliding,6,271,1,0.5352305692749659,1
rf,C_AplusB_epoch_sliding,6,271,1,0.4476006862930136,0
rf,C_AplusB_epoch_sliding,6,271,1,0.453646218575416,0
rf,C_AplusB_epoch_sliding,6,271,1,0.4329874884637619,0
rf,C_AplusB_epoch_sliding,6,271,1,0.5207486527009985,1
rf,C_AplusB_epoch_sliding,6,271,1,0.45525233587535185,0
rf,C_AplusB_epoch_sliding,6,271,1,0.43479625882798706,0
rf,C_AplusB_epoch_sliding,6,271,1,0.3720324752577406,0
rf,C_AplusB_epoch_sliding,6,271,1,0.5651426181033108,1
rf,C_AplusB_epoch_sliding,6,271,1,0.4840576682098602,0
rf,C_AplusB_epoch_sliding,6,271,1,0.48437400691901666,0
rf,C_AplusB_epoch_sliding,6,271,1,0.48408477513630777,0
rf,C_AplusB_epoch_sliding,6,271,1,0.49498787057242893,0
rf,C_AplusB_epoch_sliding,6,271,1,0.4168397877305394,0
rf,C_AplusB_epoch_sliding,7,251,0,0.21596902024685147,0
rf,C_AplusB_epoch_sliding,7,251,0,0.3401464710364952,0
rf,C_AplusB_epoch_sliding,7,251,0,0.4126813355954325,0
rf,C_AplusB_epoch_sliding,7,251,0,0.3456745258639278,0
rf,C_AplusB_epoch_sliding,7,251,0,0.21059796356897123,0
rf,C_AplusB_epoch_sliding,7,251,0,0.4419269386030998,0
rf,C_AplusB_epoch_sliding,7,251,0,0.3589021224923012,0
rf,C_AplusB_epoch_sliding,7,251,0,0.2969086328392011,0
rf,C_AplusB_epoch_sliding,7,251,0,0.20447589299156918,0
rf,C_AplusB_epoch_sliding,7,251,0,0.19546270064212898,0
rf,C_AplusB_epoch_sliding,7,251,0,0.389950587883302,0
rf,C_AplusB_epoch_sliding,7,251,0,0.3607433242956691,0
rf,C_AplusB_epoch_sliding,7,251,0,0.48087940576266364,0
rf,C_AplusB_epoch_sliding,7,251,0,0.36020957861966524,0
rf,C_AplusB_epoch_sliding,7,251,1,0.5269239466312002,1
rf,C_AplusB_epoch_sliding,7,251,1,0.538100180496656,1
rf,C_AplusB_epoch_sliding,7,251,1,0.4418484154563971,0
rf,C_AplusB_epoch_sliding,7,251,1,0.45525052701108676,0
rf,C_AplusB_epoch_sliding,7,251,1,0.37928971777426357,0
rf,C_AplusB_epoch_sliding,7,251,1,0.38148330055182605,0
rf,C_AplusB_epoch_sliding,7,251,1,0.36210235601189084,0
rf,C_AplusB_epoch_sliding,7,251,1,0.4162092191229394,0
rf,C_AplusB_epoch_sliding,7,251,1,0.3792099316524602,0
rf,C_AplusB_epoch_sliding,7,251,1,0.35324818417792103,0
rf,C_AplusB_epoch_sliding,7,251,1,0.3300513122950173,0
rf,C_AplusB_epoch_sliding,7,251,1,0.39912266713195477,0
rf,C_AplusB_epoch_sliding,7,251,1,0.5207669433921361,1
rf,C_AplusB_epoch_sliding,8,282,0,0.24836230413337282,0
rf,C_AplusB_epoch_sliding,8,282,0,0.3427522462452699,0
rf,C_AplusB_epoch_sliding,8,282,0,0.32836382580633183,0
rf,C_AplusB_epoch_sliding,8,282,0,0.2757667540160082,0
rf,C_AplusB_epoch_sliding,8,282,0,0.27029338390809415,0
rf,C_AplusB_epoch_sliding,8,282,0,0.44776714147289853,0
rf,C_AplusB_epoch_sliding,8,282,0,0.34184510803000656,0
rf,C_AplusB_epoch_sliding,8,282,0,0.23767332897450985,0
rf,C_AplusB_epoch_sliding,8,282,0,0.34901732236004634,0
rf,C_AplusB_epoch_sliding,8,282,0,0.5031720930186367,1
rf,C_AplusB_epoch_sliding,8,282,0,0.41297575901624006,0
rf,C_AplusB_epoch_sliding,8,282,0,0.5150089043467546,1
rf,C_AplusB_epoch_sliding,8,282,0,0.4509801212564779,0
rf,C_AplusB_epoch_sliding,8,282,0,0.299834805995992,0
rf,C_AplusB_epoch_sliding,8,282,1,0.7149404156086863,1
rf,C_AplusB_epoch_sliding,8,282,1,0.7408519471984681,1
rf,C_AplusB_epoch_sliding,8,282,1,0.5216573847273103,1
rf,C_AplusB_epoch_sliding,8,282,1,0.6274826169901722,1
rf,C_AplusB_epoch_sliding,8,282,1,0.6546521600267261,1
rf,C_AplusB_epoch_sliding,8,282,1,0.5902414669690839,1
rf,C_AplusB_epoch_sliding,8,282,1,0.451286035899644,0
rf,C_AplusB_epoch_sliding,8,282,1,0.5440246511253196,1
rf,C_AplusB_epoch_sliding,8,282,1,0.44872241085613834,0
rf,C_AplusB_epoch_sliding,8,282,1,0.37103968938533505,0
rf,C_AplusB_epoch_sliding,8,282,1,0.6025592148736529,1
rf,C_AplusB_epoch_sliding,9,210,0,0.44569841604391164,0
rf,C_AplusB_epoch_sliding,9,210,0,0.2624297417948061,0
rf,C_AplusB_epoch_sliding,9,210,0,0.2747903916829044,0
rf,C_AplusB_epoch_sliding,9,210,0,0.3600430851589461,0
rf,C_AplusB_epoch_sliding,9,210,0,0.4478534136695992,0
rf,C_AplusB_epoch_sliding,9,210,0,0.3901986157940647,0
rf,C_AplusB_epoch_sliding,9,210,0,0.3888412755477215,0
rf,C_AplusB_epoch_sliding,9,210,0,0.3397338971465427,0
rf,C_AplusB_epoch_sliding,9,210,0,0.28754039299190737,0
rf,C_AplusB_epoch_sliding,9,210,0,0.39470128076464794,0
rf,C_AplusB_epoch_sliding,9,210,0,0.30408802385905964,0
rf,C_AplusB_epoch_sliding,9,210,0,0.2647608350952555,0
rf,C_AplusB_epoch_sliding,9,210,0,0.3970872571198251,0
rf,C_AplusB_epoch_sliding,9,210,0,0.33,0
rf,C_AplusB_epoch_sliding,9,210,1,0.3826282322070802,0
rf,C_AplusB_epoch_sliding,9,210,1,0.5313736742664976,1
rf,C_AplusB_epoch_sliding,9,210,1,0.5515932555511323,1
rf,C_AplusB_epoch_sliding,9,210,1,0.45753248661217893,0
rf,C_AplusB_epoch_sliding,9,210,1,0.6419481480605645,1
rf,C_AplusB_epoch_sliding,9,210,1,0.549229303341289,1
rf,C_AplusB_epoch_sliding,9,210,1,0.4298134112547781,0
rf,C_AplusB_epoch_sliding,9,210,1,0.41362121676088565,0
rf,C_AplusB_epoch_sliding,9,210,1,0.5687273338025278,1
rf,C_AplusB_epoch_sliding,9,210,1,0.4407602683001769,0
rf,C_AplusB_epoch_sliding,9,210,1,0.7227515413725503,1
rf,C_AplusB_epoch_sliding,10,265,0,0.5196872794604649,1
rf,C_AplusB_epoch_sliding,10,265,0,0.5344635119045621,1
rf,C_AplusB_epoch_sliding,10,265,0,0.6067252181996278,1
rf,C_AplusB_epoch_sliding,10,265,0,0.2761296462315848,0
rf,C_AplusB_epoch_sliding,10,265,0,0.49498251339294647,0
rf,C_AplusB_epoch_sliding,10,265,0,0.3922075933536032,0
rf,C_AplusB_epoch_sliding,10,265,0,0.6536311448884069,1
rf,C_AplusB_epoch_sliding,10,265,0,0.31817307024433344,0
rf,C_AplusB_epoch_sliding,10,265,0,0.6552403901406437,1
rf,C_AplusB_epoch_sliding,10,265,0,0.5332587864991484,1
rf,C_AplusB_epoch_sliding,10,265,0,0.40363515824363844,0
rf,C_AplusB_epoch_sliding,10,265,0,0.35352577829787946,0
rf,C_AplusB_epoch_sliding,10,265,0,0.523215756591376,1
rf,C_AplusB_epoch_sliding,10,265,1,0.5200192855788344,1
rf,C_AplusB_epoch_sliding,10,265,1,0.5572045928513927,1
rf,C_AplusB_epoch_sliding,10,265,1,0.5545696686597412,1
rf,C_AplusB_epoch_sliding,10,265,1,0.6765195659870678,1
rf,C_AplusB_epoch_sliding,10,265,1,0.7336106243520504,1
rf,C_AplusB_epoch_sliding,10,265,1,0.5893738208512184,1
rf,C_AplusB_epoch_sliding,10,265,1,0.6390505368308405,1
rf,C_AplusB_epoch_sliding,10,265,1,0.4989911060611229,0
rf,C_AplusB_epoch_sliding,10,265,1,0.49338805858683155,0
rf,C_AplusB_epoch_sliding,10,265,1,0.7010051477046224,1
rf,C_AplusB_epoch_sliding,10,265,1,0.49823008597689045,0
svm,A_bandpower_epoch,1,249,0,-1.4169969996872838,0
svm,A_bandpower_epoch,1,249,0,0.0036864757513475066,1
svm,A_bandpower_epoch,1,249,0,-0.7884923413826328,0
svm,A_bandpower_epoch,1,249,0,-1.2060271364497797,0
svm,A_bandpower_epoch,1,249,0,-1.808665926915532,0
svm,A_bandpower_epoch,1,249,0,-0.9113953489593352,0
svm,A_bandpower_epoch,1,249,0,-1.3976315866362388,0
svm,A_bandpower_epoch,1,249,0,-1.2333372204432393,0
svm,A_bandpower_epoch,1,249,0,-0.9338871444663056,0
svm,A_bandpower_epoch,1,249,0,-1.4537002140632076,0
svm,A_bandpower_epoch,1,249,0,-1.8102027328214367,0
svm,A_bandpower_epoch,1,249,0,-1.5335937390829915,0
svm,A_bandpower_epoch,1,249,0,-0.7104116803032565,0
svm,A_bandpower_epoch,1,249,0,0.04066013728175877,1
svm,A_bandpower_epoch,1,249,0,-1.813491759442601,0
svm,A_bandpower_epoch,1,249,1,1.0739088776869652,1
svm,A_bandpower_epoch,1,249,1,-0.010920502527643094,0
svm,A_bandpower_epoch,1,249,1,1.0348059382115748,1
svm,A_bandpower_epoch,1,249,1,0.7054903434236421,1
svm,A_bandpower_epoch,1,249,1,1.2528563764012446,1
svm,A_bandpower_epoch,1,249,1,-0.5146733603545328,0
svm,A_bandpower_epoch,1,249,1,0.9857220244312757,1
svm,A_bandpower_epoch,1,249,1,0.8291413295337695,1
svm,A_bandpower_epoch,1,249,1,0.6650546696722555,1
svm,A_bandpower_epoch,1,249,1,0.9129224991396643,1
svm,A_bandpower_epoch,1,249,1,0.48815578363921097,1
svm,A_bandpower_epoch,1,249,1,0.6091517172556646,1
svm,A_bandpower_epoch,1,249,1,0.07961276627537583,1
svm,A_bandpower_epoch,1,249,1,-0.30460818345130725,0
svm,A_bandpower_epoch,1,249,1,0.3575419461868834,1
svm,A_bandpower_epoch,1,249,1,-0.36855510453617224,0
svm,A_bandpower_epoch,1,249,1,0.3867120187326524,1
svm,A_bandpower_epoch,2,219,0,0.6505782161885189,1
svm,A_bandpower_epoch,2,219,0,0.6138707994526739,1
svm,A_bandpower_epoch,2,219,0,1.0291563594930149,1
svm,A_bandpower_epoch,2,219,0,1.1693494665988338,1
svm,A_bandpower_epoch,2,219,0,1.1353016640248859,1
svm,A_bandpower_epoch,2,219,0,1.4392548484436807,1
svm,A_bandpower_epoch,2,219,0,1.1957086260346412,1
svm,A_bandpower_epoch,2,219,0,-1.5425567855636055,0
svm,A_bandpower_epoch,2,219,0,1.3703213901282538,1
svm,A_bandpower_epoch,2,219,0,-0.4967125372777489,0
svm,A_bandpower_epoch,2,219,0,-0.9969145388021211,0
svm,A_bandpower_epoch,2,219,0,0.05722956117674266,1
svm,A_bandpower_epoch,2,219,0,-1.386393006294321,0
svm,A_bandpower_epoch,2,219,0,0.4778714242015618,1
svm,A_bandpower_epoch,2,219,1,1.672818558309431,1
svm,A_bandpower_epoch,2,219,1,1.4406335279893527,1
svm,A_bandpower_epoch,2,219,1,1.2862500040964577,1
svm,A_bandpower_epoch,2,219,1,1.2472642592696155,1
svm,A_bandpower_epoch,2,219,1,1.5697634991177947,1
svm,A_bandpower_epoch,2,219,1,1.5869830093298392,1
svm,A_bandpower_epoch,2,219,1,1.3284460549698602,1
svm,A_bandpower_epoch,2,219,1,1.117525543994288,1
svm,A_bandpower_epoch,2,219,1,1.3561954538838559,1
svm,A_bandpower_epoch,2,219,1,1.2402210747627889,1
svm,A_bandpower_epoch,2,219,1,1.6245108901392697,1
svm,A_bandpower_epoch,2,219,1,1.4732864757118733,1
svm,A_bandpower_epoch,2,219,1,1.4331514668321965,1
svm,A_bandpower_epoch,2,219,1,1.591494272473223,1
svm,A_bandpower_epoch,2,219,1,1.452823632360344,1
svm,A_bandpower_epoch,2,219,1,1.1118824678323795,1
svm,A_bandpower_epoch,3,313,0,0.6442459326443082,1
svm,A_bandpower_epoch,3,313,0,0.7182972263904706,1
svm,A_bandpower_epoch,3,313,0,0.6699095382055367,1
svm,A_bandpower_epoch,3,313,0,0.2889204535458783,1
svm,A_bandpower_epoch,3,313,0,0.7251377627541131,1
svm,A_bandpower_epoch,3,313,0,0.5282710463105285,1
svm,A_bandpower_epoch,3,313,0,0.5622349204547481,1
svm,A_bandpower_epoch,3,313,0,-0.0780133326858311,0
svm,A_bandpower_epoch,3,313,0,0.8536177215950564,1
svm,A_bandpower_epoch,3,313,0,0.3433382830207516,1
svm,A_bandpower_epoch,3,313,0,-0.09511615148481206,0
svm,A_bandpower_epoch,3,313,0,0.29199950398163305,1
svm,A_bandpower_epoch,3,313,0,0.8293509204167897,1
svm,A_bandpower_epoch,3,313,0,-0.21242657584530222,0
svm,A_bandpower_epoch,3,313,0,0.6132955785692922,1
svm,A_bandpower_epoch,3,313,1,1.1442497713955202,1
svm,A_bandpower_epoch,3,313,1,0.5785405772711127,1
svm,A_bandpower_epoch,3,313,1,1.102107021393683,1
svm,A_bandpower_epoch,3,313,1,0.9335282553692321,1
svm,A_bandpower_epoch,3,313,1,0.8512461961130242,1
svm,A_bandpower_epoch,3,313,1,0.8246697978872501,1
svm,A_bandpower_epoch,3,313,1,0.7902824520148479,1
svm,A_bandpower_epoch,3,313,1,0.8112204065164854,1
svm,A_bandpower_epoch,3,313,1,1.1661986828944118,1
svm,A_bandpower_epoch,3,313,1,0.902600298003936,1
svm,A_bandpower_epoch,3,313,1,0.5052695792440007,1
svm,A_bandpower_epoch,3,313,1,1.136355025100919,1
svm,A_bandpower_epoch,3,313,1,0.7548509562889252,1
svm,A_bandpower_epoch,3,313,1,0.754455289813595,1
svm,A_bandpower_epoch,4,318,0,-0.15131198691115677,0
svm,A_bandpower_epoch,4,318,0,1.8530494343672992,1
svm,A_bandpower_epoch,4,318,0,-0.5647880245548096,0
svm,A_bandpower_epoch,4,318,0,-0.5374630638779518,0
svm,A_bandpower_epoch,4,318,0,0.36841673479833115,1
svm,A_bandpower_epoch,4,318,0,-1.356730406156283,0
svm,A_bandpower_epoch,4,318,0,-0.7866472705555612,0
svm,A_bandpower_epoch,4,318,0,-2.155989192286719,0
svm,A_bandpower_epoch,4,318,0,-1.593598200039734,0
svm,A_bandpower_epoch,4,318,0,-0.3988756017016495,0
svm,A_bandpower_epoch,4,318,0,-2.0309203930444832,0
svm,A_bandpower_epoch,4,318,0,-1.1459702314329039,0
svm,A_bandpower_epoch,4,318,0,-1.3197651329250002,0
svm,A_bandpower_epoch,4,318,0,-1.929932289871538,0
svm,A_bandpower_epoch,4,318,1,-2.2590004299739856,0
svm,A_bandpower_epoch,4,318,1,-0.11733648783469408,0
svm,A_bandpower_epoch,4,318,1,-0.7130705549215797,0
svm,A_bandpower_epoch,4,318,1,0.16583010494519956,1
svm,A_bandpower_epoch,4,318,1,-0.544624479997921,0
svm,A_bandpower_epoch,4,318,1,-0.7873327122340388,0
svm,A_bandpower_epoch,4,318,1,0.5032003538381631,1
svm,A_bandpower_epoch,4,318,1,-0.6535409891121822,0
svm,A_bandpower_epoch,4,318,1,0.05887850141575446,1
svm,A_bandpower_epoch,4,318,1,1.623328342777126,1
svm,A_bandpower_epoch,4,318,1,0.6542011276931852,1
svm,A_bandpower_epoch,4,318,1,-0.839146891337281,0
svm,A_bandpower_epoch,4,318,1,-0.23718364142809123,0
svm,A_bandpower_epoch,4,318,1,-0.39387995636210493,0
svm,A_bandpower_epoch,5,300,0,0.5067223649480368,1
svm,A_bandpower_epoch,5,300,0,0.9642512062764279,1
svm,A_bandpower_epoch,5,300,0,1.3995574828642958,1
svm,A_bandpower_epoch,5,300,0,1.7972437316509375,1
svm,A_bandpower_epoch,5,300,0,-0.17777403249243173,0
svm,A_bandpower_epoch,5,300,0,0.15121372322856153,1
svm,A_bandpower_epoch,5,300,0,0.13680720869816887,1
svm,A_bandpower_epoch,5,300,0,0.06495718409080953,1
svm,A_bandpower_epoch,5,300,0,0.8926118035259525,1
svm,A_bandpower_epoch,5,300,0,0.9670911462136309,1
svm,A_bandpower_epoch,5,300,0,0.5685043494142596,1
svm,A_bandpower_epoch,5,300,0,-0.20574390721283742,0
svm,A_bandpower_epoch,5,300,0,0.25289993622163875,1
svm,A_bandpower_epoch,5,300,0,0.9454526556272695,1
svm,A_bandpower_epoch,5,300,1,0.3662339820930889,1
svm,A_bandpower_epoch,5,300,1,0.34951296199736515,1
svm,A_bandpower_epoch,5,300,1,-0.057721356402632984,0
svm,A_bandpower_epoch,5,300,1,-0.28734423093189176,0
svm,A_bandpower_epoch,5,300,1,0.24320671760571932,1
svm,A_bandpower_epoch,5,300,1,0.03733065961720983,1
svm,A_bandpower_epoch,5,300,1,0.04521083199909215,1
svm,A_bandpower_epoch,5,300,1,-0.06636611388996672,0
svm,A_bandpower_epoch,5,300,1,0.21437900877991323,1
svm,A_bandpower_epoch,5,300,1,-0.0713078958910276,0
svm,A_bandpower_epoch,5,300,1,-0.02935386711626431,0
svm,A_bandpower_epoch,5,300,1,-0.2920266827938506,0
svm,A_bandpower_epoch,5,300,1,-0.18186594966911873,0
svm,A_bandpower_epoch,5,300,1,-0.1945553221009133,0
svm,A_bandpower_epoch,6,271,0,-1.1332200122009075,0
svm,A_bandpower_epoch,6,271,0,-0.2313566960265408,0
svm,A_bandpower_epoch,6,271,0,-1.09800407382638,0
svm,A_bandpower_epoch,6,271,0,-1.2217058275903736,0
svm,A_bandpower_epoch,6,271,0,-1.054316222695343,0
svm,A_bandpower_epoch,6,271,0,-1.2148117394567857,0
svm,A_bandpower_epoch,6,271,0,-1.9923699928599354,0
svm,A_bandpower_epoch,6,271,0,-0.914156281846396,0
svm,A_bandpower_epoch,6,271,0,-0.475731150151592,0
svm,A_bandpower_epoch,6,271,0,-1.762452388271407,0
svm,A_bandpower_epoch,6,271,0,-1.1445627668351102,0
svm,A_bandpower_epoch,6,271,0,-0.7501379136886537,0
svm,A_bandpower_epoch,6,271,0,-0.2724838444922478,0
svm,A_bandpower_epoch,6,271,0,-1.4965642447294716,0
svm,A_bandpower_epoch,6,271,1,1.6891150168141018,1
svm,A_bandpower_epoch,6,271,1,3.6658145738805517,1
svm,A_bandpower_epoch,6,271,1,0.9191716681427764,1
svm,A_bandpower_epoch,6,271,1,2.014457912915701,1
svm,A_bandpower_epoch,6,271,1,1.8760785613263025,1
svm,A_bandpower_epoch,6,271,1,0.25090336710992517,1
svm,A_bandpower_epoch,6,271,1,2.0239329647400397,1
svm,A_bandpower_epoch,6,271,1,1.1438529168022418,1
svm,A_bandpower_epoch,6,271,1,2.1784360374013096,1
svm,A_bandpower_epoch,6,271,1,1.9971935733910242,1
svm,A_bandpower_epoch,6,271,1,1.651343116700247,1
svm,A_bandpower_epoch,6,271,1,2.379901471096025,1
svm,A_bandpower_epoch,6,271,1,2.3384060290698705,1
svm,A_bandpower_epoch,6,271,1,1.9899715448263318,1
svm,A_bandpower_epoch,7,251,0,-1.22657860619671,0
svm,A_bandpower_epoch,7,251,0,-0.7306540775796344,0
svm,A_bandpower_epoch,7,251,0,-0.9296682821570812,0
svm,A_bandpower_epoch,7,251,0,-1.186403816534127,0
svm,A_bandpower_epoch,7,251,0,-0.9557066574854878,0
svm,A_bandpower_epoch,7,251,0,-1.2795453684597646,0
svm,A_bandpower_epoch,7,251,0,-1.562334091808944,0
svm,A_bandpower_epoch,7,251,0,-1.0076137550664577,0
svm,A_bandpower_epoch,7,251,0,-0.615511040557538,0
svm,A_bandpower_epoch,7,251,0,-0.7544911269944033,0
svm,A_bandpower_epoch,7,251,0,-0.8995188334059128,0
svm,A_bandpower_epoch,7,251,0,-0.6030464881155115,0
svm,A_bandpower_epoch,7,251,0,-1.1324124016994725,0
svm,A_bandpower_epoch,7,251,0,-0.8250386200737659,0
svm,A_bandpower_epoch,7,251,1,-1.282598961125109,0
svm,A_bandpower_epoch,7,251,1,-1.3659917344538448,0
svm,A_bandpower_epoch,7,251,1,-1.2490367424353097,0
svm,A_bandpower_epoch,7,251,1,-1.2592369535440733,0
svm,A_bandpower_epoch,7,251,1,-1.1843496244103484,0
svm,A_bandpower_epoch,7,251,1,-0.9486949275679701,0
svm,A_bandpower_epoch,7,251,1,-1.2551137590528114,0
svm,A_bandpower_epoch,7,251,1,-1.8013741039455258,0
svm,A_bandpower_epoch,7,251,1,-0.9147914964729582,0
svm,A_bandpower_epoch,7,251,1,-1.1981554024780112,0
svm,A_bandpower_epoch,7,251,1,-1.0780590772419234,0
svm,A_bandpower_epoch,7,251,1,-1.4322858047805662,0
svm,A_bandpower_epoch,7,251,1,-0.6213972455522063,0
svm,A_bandpower_epoch,8,282,0,-1.372402249428041,0
svm,A_bandpower_epoch,8,282,0,-1.7399155435287967,0
svm,A_bandpower_epoch,8,282,0,-1.9080643344981143,0
svm,A_bandpower_epoch,8,282,0,-2.080824029492868,0
svm,A_bandpower_epoch,8,282,0,-1.456862605448196,0
svm,A_bandpower_epoch,8,282,0,-1.232504355227718,0
svm,A_bandpower_epoch,8,282,0,-1.820429528396518,0
svm,A_bandpower_epoch,8,282,0,-1.9486784022927048,0
svm,A_bandpower_epoch,8,282,0,-1.1081958072128653,0
svm,A_bandpower_epoch,8,282,0,-1.5779138603141452,0
svm,A_bandpower_epoch,8,282,0,-1.2250867682074664,0
svm,A_bandpower_epoch,8,282,0,-1.351225551652602,0
svm,A_bandpower_epoch,8,282,0,-1.089440110579449,0
svm,A_bandpower_epoch,8,282,0,-1.724485369780316,0
svm,A_bandpower_epoch,8,282,1,1.8756309525454096,1
svm,A_bandpower_epoch,8,282,1,1.8177765754940316,1
svm,A_bandpower_epoch,8,282,1,1.327614291029891,1
svm,A_bandpower_epoch,8,282,1,1.6236365814920475,1
svm,A_bandpower_epoch,8,282,1,1.6034410944393882,1
svm,A_bandpower_epoch,8,282,1,2.180339311503577,1
svm,A_bandpower_epoch,8,282,1,2.1088881288828487,1
svm,A_bandpower_epoch,8,282,1,1.9728713238280535,1
svm,A_bandpower_epoch,8,282,1,1.1822424186095595,1
svm,A_bandpower_epoch,8,282,1,1.2534194254233841,1
svm,A_bandpower_epoch,8,282,1,1.0660417819295387,1
svm,A_bandpower_epoch,9,210,0,-0.2775738684110594,0
svm,A_bandpower_epoch,9,210,0,-0.8338144531998894,0
svm,A_bandpower_epoch,9,210,0,-0.06514638397301087,0
svm,A_bandpower_epoch,9,210,0,0.20001443291160287,1
svm,A_bandpower_epoch,9,210,0,-0.6731637137051572,0
svm,A_bandpower_epoch,9,210,0,0.04342932599589577,1
svm,A_bandpower_epoch,9,210,0,-1.59796216478773,0
svm,A_bandpower_epoch,9,210,0,-0.8305530256945173,0
svm,A_bandpower_epoch,9,210,0,0.22402472250982813,1
svm,A_bandpower_epoch,9,210,0,-1.242143834099739,0
svm,A_bandpower_epoch,9,210,0,-0.7189269241455399,0
svm,A_bandpower_epoch,9,210,0,-1.6867710355588028,0
svm,A_bandpower_epoch,9,210,0,-1.670286758373441,0
svm,A_bandpower_epoch,9,210,0,-0.2658309954985443,0
svm,A_bandpower_epoch,9,210,1,2.5950097278159467,1
svm,A_bandpower_epoch,9,210,1,1.9168789813984533,1
svm,A_bandpower_epoch,9,210,1,1.369206506635956,1
svm,A_bandpower_epoch,9,210,1,0.3734642486890977,1
svm,A_bandpower_epoch,9,210,1,0.8773021950743853,1
svm,A_bandpower_epoch,9,210,1,0.590514586851504,1
svm,A_bandpower_epoch,9,210,1,-0.43190810268723795,0
svm,A_bandpower_epoch,9,210,1,0.4925078877851761,1
svm,A_bandpower_epoch,9,210,1,0.4509848936960957,1
svm,A_bandpower_epoch,9,210,1,0.587111539190357,1
svm,A_bandpower_epoch,9,210,1,-0.6879253311738236,0
svm,A_bandpower_epoch,10,265,0,-0.7668183769399629,0
svm,A_bandpower_epoch,10,265,0,-0.39259439421299175,0
svm,A_bandpower_epoch,10,265,0,-0.4074472846792112,0
svm,A_bandpower_epoch,10,265,0,0.21785811701192126,1
svm,A_bandpower_epoch,10,265,0,0.49787654703703765,1
svm,A_bandpower_epoch,10,265,0,0.48668655275570905,1
svm,A_bandpower_epoch,10,265,0,-0.5714123267678753,0
svm,A_bandpower_epoch,10,265,0,0.2504372646810483,1
svm,A_bandpower_epoch,10,265,0,-0.5955194288188612,0
svm,A_bandpower_epoch,10,265,0,-0.1237699176942138,0
svm,A_bandpower_epoch,10,265,0,0.14307937088504052,1
svm,A_bandpower_epoch,10,265,0,-0.7972310438276105,0
svm,A_bandpower_epoch,10,265,0,-0.5552600349967061,0
svm,A_bandpower_epoch,10,265,1,-0.23509610024938443,0
svm,A_bandpower_epoch,10,265,1,0.9042216407376632,1
svm,A_bandpower_epoch,10,265,1,1.1774228350130973,1
svm,A_bandpower_epoch,10,265,1,1.1148081935697225,1
svm,A_bandpower_epoch,10,265,1,-0.1436847042585369,0
svm,A_bandpower_epoch,10,265,1,-0.8136490689249452,0
svm,A_bandpower_epoch,10,265,1,0.13474767877935945,1
svm,A_bandpower_epoch,10,265,1,0.4087758266819461,1
svm,A_bandpower_epoch,10,265,1,0.7110144296483808,1
svm,A_bandpower_epoch,10,265,1,0.9856412584107438,1
svm,A_bandpower_epoch,10,265,1,-0.528576990583794,0
svm,B_wpli_edges_epoch_sliding,1,249,0,-0.4398477477265158,0
svm,B_wpli_edges_epoch_sliding,1,249,0,-0.404739891893819,0
svm,B_wpli_edges_epoch_sliding,1,249,0,-0.13607555670707216,0
svm,B_wpli_edges_epoch_sliding,1,249,0,-0.8713458841313314,0
svm,B_wpli_edges_epoch_sliding,1,249,0,0.31454872660198274,1
svm,B_wpli_edges_epoch_sliding,1,249,0,-0.2851506127474154,0
svm,B_wpli_edges_epoch_sliding,1,249,0,1.4539542853879568,1
svm,B_wpli_edges_epoch_sliding,1,249,0,-0.32758998730059574,0
svm,B_wpli_edges_epoch_sliding,1,249,0,-1.041700292063614,0
svm,B_wpli_edges_epoch_sliding,1,249,0,-1.2919359232918342,0
svm,B_wpli_edges_epoch_sliding,1,249,0,-0.8530468240852163,0
svm,B_wpli_edges_epoch_sliding,1,249,0,-0.5373266679155468,0
svm,B_wpli_edges_epoch_sliding,1,249,0,0.33438002884563367,1
svm,B_wpli_edges_epoch_sliding,1,249,0,-0.11586528366550264,0
svm,B_wpli_edges_epoch_sliding,1,249,0,-1.174661012730617,0
svm,B_wpli_edges_epoch_sliding,1,249,1,-0.004432099631766717,0
svm,B_wpli_edges_epoch_sliding,1,249,1,0.9056680655365842,1
svm,B_wpli_edges_epoch_sliding,1,249,1,-0.3974717725377389,0
svm,B_wpli_edges_epoch_sliding,1,249,1,-0.1393486532726032,0
svm,B_wpli_edges_epoch_sliding,1,249,1,0.6155910310173239,1
svm,B_wpli_edges_epoch_sliding,1,249,1,-0.1290622995143551,0
svm,B_wpli_edges_epoch_sliding,1,249,1,0.7696618577466462,1
svm,B_wpli_edges_epoch_sliding,1,249,1,0.06217455058702892,1
svm,B_wpli_edges_epoch_sliding,1,249,1,0.10753146387992052,1
svm,B_wpli_edges_epoch_sliding,1,249,1,-0.08942503769902721,0
svm,B_wpli_edges_epoch_sliding,1,249,1,0.3480255229361615,1
svm,B_wpli_edges_epoch_sliding,1,249,1,-0.6342188244343685,0
svm,B_wpli_edges_epoch_sliding,1,249,1,0.35152270936184227,1
svm,B_wpli_edges_epoch_sliding,1,249,1,-0.7988893348110888,0
svm,B_wpli_edges_epoch_sliding,1,249,1,0.32121248888487086,1
svm,B_wpli_edges_epoch_sliding,1,249,1,0.02255575554164413,1
svm,B_wpli_edges_epoch_sliding,1,249,1,0.41169498472127275,1
svm,B_wpli_edges_epoch_sliding,2,219,0,0.4383763621062882,1
svm,B_wpli_edges_epoch_sliding,2,219,0,-0.42671635025281435,0
svm,B_wpli_edges_epoch_sliding,2,219,0,0.3113465532212591,1
svm,B_wpli_edges_epoch_sliding,2,219,0,-0.31842946931779237,0
svm,B_wpli_edges_epoch_sliding,2,219,0,0.005112641593766509,1
svm,B_wpli_edges_epoch_sliding,2,219,0,0.41831543678759847,1
svm,B_wpli_edges_epoch_sliding,2,219,0,-0.7966413080709542,0
svm,B_wpli_edges_epoch_sliding,2,219,0,0.3902289124363602,1
svm,B_wpli_edges_epoch_sliding,2,219,0,-0.6466714108195604,0
svm,B_wpli_edges_epoch_sliding,2,219,0,-0.4370826287597674,0
svm,B_wpli_edges_epoch_sliding,2,219,0,-0.04036259051510471,0
svm,B_wpli_edges_epoch_sliding,2,219,0,-0.262351397639665,0
svm,B_wpli_edges_epoch_sliding,2,219,0,-0.8414361721568775,0
svm,B_wpli_edges_epoch_sliding,2,219,0,-1.1138808367513444,0
svm,B_wpli_edges_epoch_sliding,2,219,1,-0.3638834359509694,0
svm,B_wpli_edges_epoch_sliding,2,219,1,-0.08265048309980444,0
svm,B_wpli_edges_epoch_sliding,2,219,1,0.14346166766329732,1
svm,B_wpli_edges_epoch_sliding,2,219,1,-0.001096142038706116,0
svm,B_wpli_edges_epoch_sliding,2,219,1,0.2757471201064808,1
svm,B_wpli_edges_epoch_sliding,2,219,1,0.48723384758225835,1
svm,B_wpli_edges_epoch_sliding,2,219,1,0.03922938783099306,1
svm,B_wpli_edges_epoch_sliding,2,219,1,0.4779817819341697,1
svm,B_wpli_edges_epoch_sliding,2,219,1,0.02459307413926093,1
svm,B_wpli_edges_epoch_sliding,2,219,1,-0.25375719242848277,0
svm,B_wpli_edges_epoch_sliding,2,219,1,-0.6592920248389571,0
svm,B_wpli_edges_epoch_sliding,2,219,1,-0.15719831711699447,0
svm,B_wpli_edges_epoch_sliding,2,219,1,-0.8017376692850424,0
svm,B_wpli_edges_epoch_sliding,2,219,1,0.19976818542017222,1
svm,B_wpli_edges_epoch_sliding,2,219,1,-0.6401523837466551,0
svm,B_wpli_edges_epoch_sliding,2,219,1,0.021267804204832264,1
svm,B_wpli_edges_epoch_sliding,3,313,0,0.27515932700187673,1
svm,B_wpli_edges_epoch_sliding,3,313,0,-1.0780775675613847,0
svm,B_wpli_edges_epoch_sliding,3,313,0,-0.12140475983628962,0
svm,B_wpli_edges_epoch_sliding,3,313,0,0.03928498589685414,1
svm,B_wpli_edges_epoch_sliding,3,313,0,-0.3706169844370088,0
svm,B_wpli_edges_epoch_sliding,3,313,0,0.2280614991309856,1
svm,B_wpli_edges_epoch_sliding,3,313,0,0.6184068393852084,1
svm,B_wpli_edges_epoch_sliding,3,313,0,-0.25325178230708817,0
svm,B_wpli_edges_epoch_sliding,3,313,0,-0.02733485055769269,0
svm,B_wpli_edges_epoch_sliding,3,313,0,0.04141582235074015,1
svm,B_wpli_edges_epoch_sliding,3,313,0,0.6459301247426829,1
svm,B_wpli_edges_epoch_sliding,3,313,0,0.4736405970478349,1
svm,B_wpli_edges_epoch_sliding,3,313,0,0.6394064591311147,1
svm,B_wpli_edges_epoch_sliding,3,313,0,0.3441320917271593,1
svm,B_wpli_edges_epoch_sliding,3,313,0,-0.16552397932248697,0
svm,B_wpli_edges_epoch_sliding,3,313,1,0.7955041033870963,1
svm,B_wpli_edges_epoch_sliding,3,313,1,-0.036486788617062116,0
svm,B_wpli_edges_epoch_sliding,3,313,1,-0.12642577111326891,0
svm,B_wpli_edges_epoch_sliding,3,313,1,-0.3838393860267647,0
svm,B_wpli_edges_epoch_sliding,3,313,1,-0.10555877520436363,0
svm,B_wpli_edges_epoch_sliding,3,313,1,0.3482069899111152,1
svm,B_wpli_edges_epoch_sliding,3,313,1,0.6811936368376906,1
svm,B_wpli_edges_epoch_sliding,3,313,1,-0.18471899568339595,0
svm,B_wpli_edges_epoch_sliding,3,313,1,-0.1136332072382294,0
svm,B_wpli_edges_epoch_sliding,3,313,1,0.1414451118311566,1
svm,B_wpli_edges_epoch_sliding,3,313,1,0.199358777255921,1
svm,B_wpli_edges_epoch_sliding,3,313,1,0.0023543579539775372,1
svm,B_wpli_edges_epoch_sliding,3,313,1,0.6725986645258736,1
svm,B_wpli_edges_epoch_sliding,3,313,1,0.8043990792892862,1
svm,B_wpli_edges_epoch_sliding,4,318,0,-0.24037735068004726,0
svm,B_wpli_edges_epoch_sliding,4,318,0,-0.021208812204956018,0
svm,B_wpli_edges_epoch_sliding,4,318,0,-0.3852837710681369,0
svm,B_wpli_edges_epoch_sliding,4,318,0,-0.90800989599704,0
svm,B_wpli_edges_epoch_sliding,4,318,0,0.5211948840107397,1
svm,B_wpli_edges_epoch_sliding,4,318,0,0.29813397781650447,1
svm,B_wpli_edges_epoch_sliding,4,318,0,-0.3182189041878004,0
svm,B_wpli_edges_epoch_sliding,4,318,0,0.056939575986335644,1
svm,B_wpli_edges_epoch_sliding,4,318,0,-0.6793549720600738,0
svm,B_wpli_edges_epoch_sliding,4,318,0,-0.012755293956917269,0
svm,B_wpli_edges_epoch_sliding,4,318,0,-0.6560697954923009,0
svm,B_wpli_edges_epoch_sliding,4,318,0,-0.10470010399936247,0
svm,B_wpli_edges_epoch_sliding,4,318,0,-0.661703479372936,0
svm,B_wpli_edges_epoch_sliding,4,318,0,-0.39601185432028396,0
svm,B_wpli_edges_epoch_sliding,4,318,1,-0.08911325810644716,0
svm,B_wpli_edges_epoch_sliding,4,318,1,-0.02423438730249816,0
svm,B_wpli_edges_epoch_sliding,4,318,1,0.12193705722495934,1
svm,B_wpli_edges_epoch_sliding,4,318,1,0.03631601234854226,1
svm,B_wpli_edges_epoch_sliding,4,318,1,0.1853271152115607,1
svm,B_wpli_edges_epoch_sliding,4,318,1,-0.12220032599985903,0
svm,B_wpli_edges_epoch_sliding,4,318,1,0.384401033563551,1
svm,B_wpli_edges_epoch_sliding,4,318,1,0.09161256161131276,1
svm,B_wpli_edges_epoch_sliding,4,318,1,0.5478633640330963,1
svm,B_wpli_edges_epoch_sliding,4,318,1,0.3792368086523787,1
svm,B_wpli_edges_epoch_sliding,4,318,1,-0.11290563508495316,0
svm,B_wpli_edges_epoch_sliding,4,318,1,0.22810023041301247,1
svm,B_wpli_edges_epoch_sliding,4,318,1,-0.07361740095292696,0
svm,B_wpli_edges_epoch_sliding,4,318,1,0.4924360967522525,1
svm,B_wpli_edges_epoch_sliding,5,300,0,0.2086221770625296,1
svm,B_wpli_edges_epoch_sliding,5,300,0,0.4661893586664684,1
svm,B_wpli_edges_epoch_sliding,5,300,0,-0.09168134413055562,0
svm,B_wpli_edges_epoch_sliding,5,300,0,0.7218122650902639,1
svm,B_wpli_edges_epoch_sliding,5,300,0,1.046923384138996,1
svm,B_wpli_edges_epoch_sliding,5,300,0,-0.037552455680194774,0
svm,B_wpli_edges_epoch_sliding,5,300,0,-0.4729862927084899,0
svm,B_wpli_edges_epoch_sliding,5,300,0,-0.09155588109365698,0
svm,B_wpli_edges_epoch_sliding,5,300,0,0.07607722240343362,1
svm,B_wpli_edges_epoch_sliding,5,300,0,0.3760506847596098,1
svm,B_wpli_edges_epoch_sliding,5,300,0,-0.04178686953936328,0
svm,B_wpli_edges_epoch_sliding,5,300,0,0.36062550745668576,1
svm,B_wpli_edges_epoch_sliding,5,300,0,0.06627728623273443,1
svm,B_wpli_edges_epoch_sliding,5,300,0,0.5773983356232983,1
svm,B_wpli_edges_epoch_sliding,5,300,1,0.17205880711186627,1
svm,B_wpli_edges_epoch_sliding,5,300,1,-0.6300214497782868,0
svm,B_wpli_edges_epoch_sliding,5,300,1,0.4319676352634041,1
svm,B_wpli_edges_epoch_sliding,5,300,1,0.02543507142532575,1
svm,B_wpli_edges_epoch_sliding,5,300,1,0.004090786077386721,1
svm,B_wpli_edges_epoch_sliding,5,300,1,-0.7286168143305246,0
svm,B_wpli_edges_epoch_sliding,5,300,1,0.23203798419345234,1
svm,B_wpli_edges_epoch_sliding,5,300,1,-0.12745867761441543,0
svm,B_wpli_edges_epoch_sliding,5,300,1,-0.14899893377522577,0
svm,B_wpli_edges_epoch_sliding,5,300,1,-0.4399957326492467,0
svm,B_wpli_edges_epoch_sliding,5,300,1,-0.5027632379766421,0
svm,B_wpli_edges_epoch_sliding,5,300,1,0.21199818579505925,1
svm,B_wpli_edges_epoch_sliding,5,300,1,-0.22858187620529974,0
svm,B_wpli_edges_epoch_sliding,5,300,1,0.10753979586903462,1
svm,B_wpli_edges_epoch_sliding,6,271,0,0.7487528630130581,1
svm,B_wpli_edges_epoch_sliding,6,271,0,0.18864758889713829,1
svm,B_wpli_edges_epoch_sliding,6,271,0,-0.23711707115149955,0
svm,B_wpli_edges_epoch_sliding,6,271,0,0.6105334658830287,1
svm,B_wpli_edges_epoch_sliding,6,271,0,0.250594938101255,1
svm,B_wpli_edges_epoch_sliding,6,271,0,-0.15891010806165135,0
svm,B_wpli_edges_epoch_sliding,6,271,0,0.5241526977683583,1
svm,B_wpli_edges_epoch_sliding,6,271,0,0.5988847211477598,1
svm,B_wpli_edges_epoch_sliding,6,271,0,0.8324157010446213,1
svm,B_wpli_edges_epoch_sliding,6,271,0,0.4555608389967404,1
svm,B_wpli_edges_epoch_sliding,6,271,0,0.6876494383031492,1
svm,B_wpli_edges_epoch_sliding,6,271,0,0.9834225805191043,1
svm,B_wpli_edges_epoch_sliding,6,271,0,0.9774469302310481,1
svm,B_wpli_edges_epoch_sliding,6,271,0,0.08963394037953376,1
svm,B_wpli_edges_epoch_sliding,6,271,1,0.8566743833923011,1
svm,B_wpli_edges_epoch_sliding,6,271,1,0.10612509771372902,1
svm,B_wpli_edges_epoch_sliding,6,271,1,0.23131325479549325,1
svm,B_wpli_edges_epoch_sliding,6,271,1,-0.22057727410616057,0
svm,B_wpli_edges_epoch_sliding,6,271,1,-0.12224042157211779,0
svm,B_wpli_edges_epoch_sliding,6,271,1,0.6931332619286427,1
svm,B_wpli_edges_epoch_sliding,6,271,1,0.6778793077347046,1
svm,B_wpli_edges_epoch_sliding,6,271,1,0.17786025912081704,1
svm,B_wpli_edges_epoch_sliding,6,271,1,0.2144325980187447,1
svm,B_wpli_edges_epoch_sliding,6,271,1,1.1615049487706015,1
svm,B_wpli_edges_epoch_sliding,6,271,1,0.5830791931153944,1
svm,B_wpli_edges_epoch_sliding,6,271,1,1.0457759199514194,1
svm,B_wpli_edges_epoch_sliding,6,271,1,0.96249897634571,1
svm,B_wpli_edges_epoch_sliding,6,271,1,0.5565880659112593,1
svm,B_wpli_edges_epoch_sliding,7,251,0,-0.34055483877119086,0
svm,B_wpli_edges_epoch_sliding,7,251,0,0.5217604325567808,1
svm,B_wpli_edges_epoch_sliding,7,251,0,0.3227346906694118,1
svm,B_wpli_edges_epoch_sliding,7,251,0,-0.17604125557209677,0
svm,B_wpli_edges_epoch_sliding,7,251,0,0.06173591296076336,1
svm,B_wpli_edges_epoch_sliding,7,251,0,0.20559981761733176,1
svm,B_wpli_edges_epoch_sliding,7,251,0,0.3569786214328439,1
svm,B_wpli_edges_epoch_sliding,7,251,0,-0.24658164601285643,0
svm,B_wpli_edges_epoch_sliding,7,251,0,0.23769269704127655,1
svm,B_wpli_edges_epoch_sliding,7,251,0,-0.07344646534471627,0
svm,B_wpli_edges_epoch_sliding,7,251,0,1.1811816284289949,1
svm,B_wpli_edges_epoch_sliding,7,251,0,0.7410043504642063,1
svm,B_wpli_edges_epoch_sliding,7,251,0,1.0655966626550202,1
svm,B_wpli_edges_epoch_sliding,7,251,0,1.0628759633508365,1
svm,B_wpli_edges_epoch_sliding,7,251,1,0.26890980732197406,1
svm,B_wpli_edges_epoch_sliding,7,251,1,0.7789936929816974,1
svm,B_wpli_edges_epoch_sliding,7,251,1,0.4495865717717757,1
svm,B_wpli_edges_epoch_sliding,7,251,1,0.7004865149871378,1
svm,B_wpli_edges_epoch_sliding,7,251,1,-0.37556597344209364,0
svm,B_wpli_edges_epoch_sliding,7,251,1,-0.3970470763305014,0
svm,B_wpli_edges_epoch_sliding,7,251,1,0.27049036492822437,1
svm,B_wpli_edges_epoch_sliding,7,251,1,-0.002943842746632952,0
svm,B_wpli_edges_epoch_sliding,7,251,1,0.24346685295900888,1
svm,B_wpli_edges_epoch_sliding,7,251,1,0.9435415829990497,1
svm,B_wpli_edges_epoch_sliding,7,251,1,-0.11438287602651992,0
svm,B_wpli_edges_epoch_sliding,7,251,1,0.3303361696017479,1
svm,B_wpli_edges_epoch_sliding,7,251,1,0.5178090903201684,1
svm,B_wpli_edges_epoch_sliding,8,282,0,-0.09099913035707063,0
svm,B_wpli_edges_epoch_sliding,8,282,0,0.47551076611448195,1
svm,B_wpli_edges_epoch_sliding,8,282,0,1.0659012238585162,1
svm,B_wpli_edges_epoch_sliding,8,282,0,-0.013469856850242934,0
svm,B_wpli_edges_epoch_sliding,8,282,0,0.6282441863298018,1
svm,B_wpli_edges_epoch_sliding,8,282,0,0.21709737519126926,1
svm,B_wpli_edges_epoch_sliding,8,282,0,-0.12114608908272018,0
svm,B_wpli_edges_epoch_sliding,8,282,0,-0.9640805935450807,0
svm,B_wpli_edges_epoch_sliding,8,282,0,0.3041429574419049,1
svm,B_wpli_edges_epoch_sliding,8,282,0,0.24655357154645774,1
svm,B_wpli_edges_epoch_sliding,8,282,0,0.2744938773190162,1
svm,B_wpli_edges_epoch_sliding,8,282,0,0.6369671089152702,1
svm,B_wpli_edges_epoch_sliding,8,282,0,0.32338958984965904,1
svm,B_wpli_edges_epoch_sliding,8,282,0,-0.4106825431738108,0
svm,B_wpli_edges_epoch_sliding,8,282,1,0.7742110181774329,1
svm,B_wpli_edges_epoch_sliding,8,282,1,0.9972968461382947,1
svm,B_wpli_edges_epoch_sliding,8,282,1,0.7139490170115859,1
svm,B_wpli_edges_epoch_sliding,8,282,1,0.36305591146164695,1
svm,B_wpli_edges_epoch_sliding,8,282,1,0.6137637628177691,1
svm,B_wpli_edges_epoch_sliding,8,282,1,0.585312030330091,1
svm,B_wpli_edges_epoch_sliding,8,282,1,0.9375782487915887,1
svm,B_wpli_edges_epoch_sliding,8,282,1,0.12584016903929296,1
svm,B_wpli_edges_epoch_sliding,8,282,1,-0.5285669388192262,0
svm,B_wpli_edges_epoch_sliding,8,282,1,-0.5907742464447047,0
svm,B_wpli_edges_epoch_sliding,8,282,1,0.6565137992462271,1
svm,B_wpli_edges_epoch_sliding,9,210,0,-0.22172705000434026,0
svm,B_wpli_edges_epoch_sliding,9,210,0,-0.8877980024644123,0
svm,B_wpli_edges_epoch_sliding,9,210,0,-0.3206417867263158,0
svm,B_wpli_edges_epoch_sliding,9,210,0,0.20944411150907133,1
svm,B_wpli_edges_epoch_sliding,9,210,0,0.4700864530868995,1
svm,B_wpli_edges_epoch_sliding,9,210,0,-0.13195400372333527,0
svm,B_wpli_edges_epoch_sliding,9,210,0,0.6061678341846277,1
svm,B_wpli_edges_epoch_sliding,9,210,0,-0.39415077350765343,0
svm,B_wpli_edges_epoch_sliding,9,210,0,-0.3736582422019413,0
svm,B_wpli_edges_epoch_sliding,9,210,0,0.03341676839892288,1
svm,B_wpli_edges_epoch_sliding,9,210,0,-0.175396035672155,0
svm,B_wpli_edges_epoch_sliding,9,210,0,0.6808009417687171,1
svm,B_wpli_edges_epoch_sliding,9,210,0,0.2597427565839258,1
svm,B_wpli_edges_epoch_sliding,9,210,0,0.14993041325447493,1
svm,B_wpli_edges_epoch_sliding,9,210,1,-0.4429088611285532,0
svm,B_wpli_edges_epoch_sliding,9,210,1,0.34964995607569965,1
svm,B_wpli_edges_epoch_sliding,9,210,1,0.0649075572471059,1
svm,B_wpli_edges_epoch_sliding,9,210,1,-0.615220317549637,0
svm,B_wpli_edges_epoch_sliding,9,210,1,0.4837125967439347,1
svm,B_wpli_edges_epoch_sliding,9,210,1,0.35093801113699313,1
svm,B_wpli_edges_epoch_sliding,9,210,1,-0.10711286381959606,0
svm,B_wpli_edges_epoch_sliding,9,210,1,-0.29075592608176604,0
svm,B_wpli_edges_epoch_sliding,9,210,1,-0.0897177684968462,0
svm,B_wpli_edges_epoch_sliding,9,210,1,-0.011675513795860182,0
svm,B_wpli_edges_epoch_sliding,9,210,1,-0.02842136643926302,0
svm,B_wpli_edges_epoch_sliding,10,265,0,0.5628016548851278,1
svm,B_wpli_edges_epoch_sliding,10,265,0,0.7354509217294518,1
svm,B_wpli_edges_epoch_sliding,10,265,0,1.354877529474656,1
svm,B_wpli_edges_epoch_sliding,10,265,0,-0.19177299440803217,0
svm,B_wpli_edges_epoch_sliding,10,265,0,-0.15366858643910142,0
svm,B_wpli_edges_epoch_sliding,10,265,0,-0.0023410483384753156,0
svm,B_wpli_edges_epoch_sliding,10,265,0,0.5429039764738188,1
svm,B_wpli_edges_epoch_sliding,10,265,0,-0.3789283788056032,0
svm,B_wpli_edges_epoch_sliding,10,265,0,1.020813606723096,1
svm,B_wpli_edges_epoch_sliding,10,265,0,-0.12068704557365445,0
svm,B_wpli_edges_epoch_sliding,10,265,0,0.010452961479719358,1
svm,B_wpli_edges_epoch_sliding,10,265,0,-0.47072597353438433,0
svm,B_wpli_edges_epoch_sliding,10,265,0,0.7790955275316698,1
svm,B_wpli_edges_epoch_sliding,10,265,1,0.5664040971371722,1
svm,B_wpli_edges_epoch_sliding,10,265,1,0.5151007203521476,1
svm,B_wpli_edges_epoch_sliding,10,265,1,0.2702217012308115,1
svm,B_wpli_edges_epoch_sliding,10,265,1,0.8450795251420224,1
svm,B_wpli_edges_epoch_sliding,10,265,1,0.9574013444566329,1
svm,B_wpli_edges_epoch_sliding,10,265,1,0.48866246439201305,1
svm,B_wpli_edges_epoch_sliding,10,265,1,0.9597775360590655,1
svm,B_wpli_edges_epoch_sliding,10,265,1,0.04065726951784859,1
svm,B_wpli_edges_epoch_sliding,10,265,1,0.9842431901280526,1
svm,B_wpli_edges_epoch_sliding,10,265,1,0.8040029188210223,1
svm,B_wpli_edges_epoch_sliding,10,265,1,0.8340054135912587,1
svm,C_AplusB_epoch_sliding,1,249,0,-0.6059372892515172,0
svm,C_AplusB_epoch_sliding,1,249,0,-0.513626589800033,0
svm,C_AplusB_epoch_sliding,1,249,0,-0.20947108254940267,0
svm,C_AplusB_epoch_sliding,1,249,0,-0.8919490487602131,0
svm,C_AplusB_epoch_sliding,1,249,0,0.206094285911261,1
svm,C_AplusB_epoch_sliding,1,249,0,-0.3914389854770768,0
svm,C_AplusB_epoch_sliding,1,249,0,1.439955988699914,1
svm,C_AplusB_epoch_sliding,1,249,0,-0.36689177798568395,0
svm,C_AplusB_epoch_sliding,1,249,0,-1.0727433101373984,0
svm,C_AplusB_epoch_sliding,1,249,0,-1.356142862010607,0
svm,C_AplusB_epoch_sliding,1,249,0,-0.8735707752560364,0
svm,C_AplusB_epoch_sliding,1,249,0,-0.5649835094402113,0
svm,C_AplusB_epoch_sliding,1,249,0,0.23603888655846672,1
svm,C_AplusB_epoch_sliding,1,249,0,-0.16335638594452917,0
svm,C_AplusB_epoch_sliding,1,249,0,-1.2487974817702852,0
svm,C_AplusB_epoch_sliding,1,249,1,0.025546478047734356,1
svm,C_AplusB_epoch_sliding,1,249,1,0.9011591163280979,1
svm,C_AplusB_epoch_sliding,1,249,1,-0.3280525433755088,0
svm,C_AplusB_epoch_sliding,1,249,1,-0.1601747304850309,0
svm,C_AplusB_epoch_sliding,1,249,1,0.6051430849619832,1
svm,C_AplusB_epoch_sliding,1,249,1,-0.05862614153788209,0
svm,C_AplusB_epoch_sliding,1,249,1,0.8284995039822132,1
svm,C_AplusB_epoch_sliding,1,249,1,0.08944812214901254,1
svm,C_AplusB_epoch_sliding,1,249,1,0.1788589745902026,1
svm,C_AplusB_epoch_sliding,1,249,1,-0.04296623123819465,0
svm,C_AplusB_epoch_sliding,1,249,1,0.37893397462584755,1
svm,C_AplusB_epoch_sliding,1,249,1,-0.5647531393641589,0
svm,C_AplusB_epoch_sliding,1,249,1,0.37080150929528277,1
svm,C_AplusB_epoch_sliding,1,249,1,-0.7606548492038854,0
svm,C_AplusB_epoch_sliding,1,249,1,0.37800576481427883,1
svm,C_AplusB_epoch_sliding,1,249,1,-0.03511680958782076,0
svm,C_AplusB_epoch_sliding,1,249,1,0.39756780172624806,1
svm,C_AplusB_epoch_sliding,2,219,0,0.4176228754494868,1
svm,C_AplusB_epoch_sliding,2,219,0,-0.2647729591133605,0
svm,C_AplusB_epoch_sliding,2,219,0,0.31472135678934726,1
svm,C_AplusB_epoch_sliding,2,219,0,-0.08050311404557198,0
svm,C_AplusB_epoch_sliding,2,219,0,0.08978677235740201,1
svm,C_AplusB_epoch_sliding,2,219,0,0.5008736143773043,1
svm,C_AplusB_epoch_sliding,2,219,0,-0.7262959342883906,0
svm,C_AplusB_epoch_sliding,2,219,0,0.30581693728302967,1
svm,C_AplusB_epoch_sliding,2,219,0,-0.47300120574604876,0
svm,C_AplusB_epoch_sliding,2,219,0,-0.44098001234226625,0
svm,C_AplusB_epoch_sliding,2,219,0,-0.07658822972999577,0
svm,C_AplusB_epoch_sliding,2,219,0,-0.1680217772283607,0
svm,C_AplusB_epoch_sliding,2,219,0,-0.9341718867124089,0
svm,C_AplusB_epoch_sliding,2,219,0,-1.055909842178068,0
svm,C_AplusB_epoch_sliding,2,219,1,-0.21468024336767996,0
svm,C_AplusB_epoch_sliding,2,219,1,-0.08310791556669289,0
svm,C_AplusB_epoch_sliding,2,219,1,0.282966520137174,1
svm,C_AplusB_epoch_sliding,2,219,1,0.050173306576002,1
svm,C_AplusB_epoch_sliding,2,219,1,0.31985444843948835,1
svm,C_AplusB_epoch_sliding,2,219,1,0.4209040259747277,1
svm,C_AplusB_epoch_sliding,2,219,1,0.22661314064982202,1
svm,C_AplusB_epoch_sliding,2,219,1,0.5314939655255815,1
svm,C_AplusB_epoch_sliding,2,219,1,0.07946794222080661,1
svm,C_AplusB_epoch_sliding,2,219,1,-0.11130605260228141,0
svm,C_AplusB_epoch_sliding,2,219,1,-0.3881070356023346,0
svm,C_AplusB_epoch_sliding,2,219,1,-0.10022171584461936,0
svm,C_AplusB_epoch_sliding,2,219,1,-0.6556921732664547,0
svm,C_AplusB_epoch_sliding,2,219,1,0.2775563090314866,1
svm,C_AplusB_epoch_sliding,2,219,1,-0.4935767353762811,0
svm,C_AplusB_epoch_sliding,2,219,1,0.23723339755428935,1
svm,C_AplusB_epoch_sliding,3,313,0,0.158885788954577,1
svm,C_AplusB_epoch_sliding,3,313,0,-1.0206349123727159,0
svm,C_AplusB_epoch_sliding,3,313,0,-0.14064997946862318,0
svm,C_AplusB_epoch_sliding,3,313,0,-8.727847120781895e-05,0
svm,C_AplusB_epoch_sliding,3,313,0,-0.34356693898229873,0
svm,C_AplusB_epoch_sliding,3,313,0,0.28564813113270476,1
svm,C_AplusB_epoch_sliding,3,313,0,0.6161769488469298,1
svm,C_AplusB_epoch_sliding,3,313,0,-0.33592855226441376,0
svm,C_AplusB_epoch_sliding,3,313,0,0.011527884921552323,1
svm,C_AplusB_epoch_sliding,3,313,0,0.032256263817200814,1
svm,C_AplusB_epoch_sliding,3,313,0,0.40817413035429423,1
svm,C_AplusB_epoch_sliding,3,313,0,0.42723782971525853,1
svm,C_AplusB_epoch_sliding,3,313,0,0.6633997493556387,1
svm,C_AplusB_epoch_sliding,3,313,0,0.35321418097494456,1
svm,C_AplusB_epoch_sliding,3,313,0,-0.10335441673580764,0
svm,C_AplusB_epoch_sliding,3,313,1,0.8040831786108296,1
svm,C_AplusB_epoch_sliding,3,313,1,-0.1506188764550227,0
svm,C_AplusB_epoch_sliding,3,313,1,-0.12480460250660647,0
svm,C_AplusB_epoch_sliding,3,313,1,-0.3512756260648571,0
svm,C_AplusB_epoch_sliding,3,313,1,-0.05447766799273923,0
svm,C_AplusB_epoch_sliding,3,313,1,0.2949904867253759,1
svm,C_AplusB_epoch_sliding,3,313,1,0.749277919159038,1
svm,C_AplusB_epoch_sliding,3,313,1,-0.1543039987415521,0
svm,C_AplusB_epoch_sliding,3,313,1,-0.2012075804357999,0
svm,C_AplusB_epoch_sliding,3,313,1,0.10346540381295183,1
svm,C_AplusB_epoch_sliding,3,313,1,0.1925009701933002,1
svm,C_AplusB_epoch_sliding,3,313,1,-0.0426198128096153,0
svm,C_AplusB_epoch_sliding,3,313,1,0.6705406055980909,1
svm,C_AplusB_epoch_sliding,3,313,1,0.7822287659221596,1
svm,C_AplusB_epoch_sliding,4,318,0,-0.3515616176543688,0
svm,C_AplusB_epoch_sliding,4,318,0,-0.12033996306329503,0
svm,C_AplusB_epoch_sliding,4,318,0,-0.47909672378038926,0
svm,C_AplusB_epoch_sliding,4,318,0,-0.863026191596792,0
svm,C_AplusB_epoch_sliding,4,318,0,0.37202395563874574,1
svm,C_AplusB_epoch_sliding,4,318,0,0.08346442062750487,1
svm,C_AplusB_epoch_sliding,4,318,0,-0.49048548878745324,0
svm,C_AplusB_epoch_sliding,4,318,0,-0.11968660631719857,0
svm,C_AplusB_epoch_sliding,4,318,0,-0.8028564722062804,0
svm,C_AplusB_epoch_sliding,4,318,0,-0.15118989938739597,0
svm,C_AplusB_epoch_sliding,4,318,0,-0.8031843247326669,0
svm,C_AplusB_epoch_sliding,4,318,0,-0.23422805353663012,0
svm,C_AplusB_epoch_sliding,4,318,0,-0.884436290513378,0
svm,C_AplusB_epoch_sliding,4,318,0,-0.6043820662393515,0
svm,C_AplusB_epoch_sliding,4,318,1,-0.20579662180327707,0
svm,C_AplusB_epoch_sliding,4,318,1,0.00280396635913005,1
svm,C_AplusB_epoch_sliding,4,318,1,0.11048708762059284,1
svm,C_AplusB_epoch_sliding,4,318,1,0.0369882361218134,1
svm,C_AplusB_epoch_sliding,4,318,1,0.16873891068127705,1
svm,C_AplusB_epoch_sliding,4,318,1,-0.22589013651971057,0
svm,C_AplusB_epoch_sliding,4,318,1,0.3745445397062071,1
svm,C_AplusB_epoch_sliding,4,318,1,0.02934411226426198,1
svm,C_AplusB_epoch_sliding,4,318,1,0.5245531665948431,1
svm,C_AplusB_epoch_sliding,4,318,1,0.3056322730271967,1
svm,C_AplusB_epoch_sliding,4,318,1,-0.07201002244793431,0
svm,C_AplusB_epoch_sliding,4,318,1,0.2995910545550052,1
svm,C_AplusB_epoch_sliding,4,318,1,-0.06937644855465541,0
svm,C_AplusB_epoch_sliding,4,318,1,0.421479374133048,1
svm,C_AplusB_epoch_sliding,5,300,0,0.2847264712661182,1
svm,C_AplusB_epoch_sliding,5,300,0,0.8302183614531475,1
svm,C_AplusB_epoch_sliding,5,300,0,0.07078767572946104,1
svm,C_AplusB_epoch_sliding,5,300,0,0.8124208699572111,1
svm,C_AplusB_epoch_sliding,5,300,0,1.2239496896507958,1
svm,C_AplusB_epoch_sliding,5,300,0,0.48984974668116305,1
svm,C_AplusB_epoch_sliding,5,300,0,0.14449084176199806,1
svm,C_AplusB_epoch_sliding,5,300,0,0.4703647658170211,1
svm,C_AplusB_epoch_sliding,5,300,0,0.4383709351388067,1
svm,C_AplusB_epoch_sliding,5,300,0,0.5142463810465383,1
svm,C_AplusB_epoch_sliding,5,300,0,0.398713907934004,1
svm,C_AplusB_epoch_sliding,5,300,0,0.6436885420155407,1
svm,C_AplusB_epoch_sliding,5,300,0,0.570168035031569,1
svm,C_AplusB_epoch_sliding,5,300,0,0.7187583216185902,1
svm,C_AplusB_epoch_sliding,5,300,1,0.47638610487852634,1
svm,C_AplusB_epoch_sliding,5,300,1,-0.0774071609942083,0
svm,C_AplusB_epoch_sliding,5,300,1,0.9382995456220391,1
svm,C_AplusB_epoch_sliding,5,300,1,0.4896178443925597,1
svm,C_AplusB_epoch_sliding,5,300,1,0.4508955306233065,1
svm,C_AplusB_epoch_sliding,5,300,1,-0.12904749022165088,0
svm,C_AplusB_epoch_sliding,5,300,1,0.7588852580776797,1
svm,C_AplusB_epoch_sliding,5,300,1,0.2838223085844462,1
svm,C_AplusB_epoch_sliding,5,300,1,0.3553310250053003,1
svm,C_AplusB_epoch_sliding,5,300,1,0.07249307119038328,1
svm,C_AplusB_epoch_sliding,5,300,1,-0.29818143734210467,0
svm,C_AplusB_epoch_sliding,5,300,1,0.7138804762965831,1
svm,C_AplusB_epoch_sliding,5,300,1,0.21757121533581153,1
svm,C_AplusB_epoch_sliding,5,300,1,0.6650039128288574,1
svm,C_AplusB_epoch_sliding,6,271,0,0.6190024512983576,1
svm,C_AplusB_epoch_sliding,6,271,0,0.028766884415769245,1
svm,C_AplusB_epoch_sliding,6,271,0,-0.2023722738074319,0
svm,C_AplusB_epoch_sliding,6,271,0,0.5967161138994015,1
svm,C_AplusB_epoch_sliding,6,271,0,-0.10817295618921352,0
svm,C_AplusB_epoch_sliding,6,271,0,-0.3942484495668255,0
svm,C_AplusB_epoch_sliding,6,271,0,0.32413692685926065,1
svm,C_AplusB_epoch_sliding,6,271,0,0.09999681422036744,1
svm,C_AplusB_epoch_sliding,6,271,0,0.30123624711873553,1
svm,C_AplusB_epoch_sliding,6,271,0,0.3871416563245784,1
svm,C_AplusB_epoch_sliding,6,271,0,0.2756962161841897,1
svm,C_AplusB_epoch_sliding,6,271,0,0.4491749238727736,1
svm,C_AplusB_epoch_sliding,6,271,0,0.6827786784552927,1
svm,C_AplusB_epoch_sliding,6,271,0,-0.02668512047097782,0
svm,C_AplusB_epoch_sliding,6,271,1,0.7489694104749491,1
svm,C_AplusB_epoch_sliding,6,271,1,-0.2573374612509734,0
svm,C_AplusB_epoch_sliding,6,271,1,-0.055209865371051436,0
svm,C_AplusB_epoch_sliding,6,271,1,-0.3900104261073442,0
svm,C_AplusB_epoch_sliding,6,271,1,-0.29470356925144475,0
svm,C_AplusB_epoch_sliding,6,271,1,0.3737808956282834,1
svm,C_AplusB_epoch_sliding,6,271,1,0.5194564175294474,1
svm,C_AplusB_epoch_sliding,6,271,1,-0.3676541132600373,0
svm,C_AplusB_epoch_sliding,6,271,1,0.12075283486697352,1
svm,C_AplusB_epoch_sliding,6,271,1,0.9232234541845137,1
svm,C_AplusB_epoch_sliding,6,271,1,0.2129640786758048,1
svm,C_AplusB_epoch_sliding,6,271,1,0.7323859710613285,1
svm,C_AplusB_epoch_sliding,6,271,1,0.7806999775441934,1
svm,C_AplusB_epoch_sliding,6,271,1,0.3088443373579649,1
svm,C_AplusB_epoch_sliding,7,251,0,-0.7957383829236995,0
svm,C_AplusB_epoch_sliding,7,251,0,0.21640676259414726,1
svm,C_AplusB_epoch_sliding,7,251,0,-0.10001273362210517,0
svm,C_AplusB_epoch_sliding,7,251,0,-0.3215959728000599,0
svm,C_AplusB_epoch_sliding,7,251,0,-0.24047970419253512,0
svm,C_AplusB_epoch_sliding,7,251,0,-0.1590450638874521,0
svm,C_AplusB_epoch_sliding,7,251,0,0.07667330521514737,1
svm,C_AplusB_epoch_sliding,7,251,0,-0.7543136493411119,0
svm,C_AplusB_epoch_sliding,7,251,0,-0.41037987129933395,0
svm,C_AplusB_epoch_sliding,7,251,0,-0.7031294065072289,0
svm,C_AplusB_epoch_sliding,7,251,0,0.6271082378657848,1
svm,C_AplusB_epoch_sliding,7,251,0,0.31525957499344615,1
svm,C_AplusB_epoch_sliding,7,251,0,0.7788083600721467,1
svm,C_AplusB_epoch_sliding,7,251,0,0.47787798788477154,1
svm,C_AplusB_epoch_sliding,7,251,1,0.06943353822668641,1
svm,C_AplusB_epoch_sliding,7,251,1,0.5126162548606193,1
svm,C_AplusB_epoch_sliding,7,251,1,0.09485021034759644,1
svm,C_AplusB_epoch_sliding,7,251,1,0.37124344418370525,1
svm,C_AplusB_epoch_sliding,7,251,1,-0.5482173568357036,0
svm,C_AplusB_epoch_sliding,7,251,1,-0.5371856299557827,0
svm,C_AplusB_epoch_sliding,7,251,1,0.13900038227355538,1
svm,C_AplusB_epoch_sliding,7,251,1,-0.3371504092957235,0
svm,C_AplusB_epoch_sliding,7,251,1,-0.047664738618105884,0
svm,C_AplusB_epoch_sliding,7,251,1,0.2827911945012389,1
svm,C_AplusB_epoch_sliding,7,251,1,-0.3720312371366458,0
svm,C_AplusB_epoch_sliding,7,251,1,0.1373028586008127,1
svm,C_AplusB_epoch_sliding,7,251,1,0.290282581736398,1
svm,C_AplusB_epoch_sliding,8,282,0,-0.07907759631310943,0
svm,C_AplusB_epoch_sliding,8,282,0,0.5851524115571074,1
svm,C_AplusB_epoch_sliding,8,282,0,0.6947697113019864,1
svm,C_AplusB_epoch_sliding,8,282,0,-0.2551337508403214,0
svm,C_AplusB_epoch_sliding,8,282,0,0.3726661502016538,1
svm,C_AplusB_epoch_sliding,8,282,0,0.25675499664250206,1
svm,C_AplusB_epoch_sliding,8,282,0,-0.21653227593774266,0
svm,C_AplusB_epoch_sliding,8,282,0,-0.8906513051739229,0
svm,C_AplusB_epoch_sliding,8,282,0,0.34947150320683956,1
svm,C_AplusB_epoch_sliding,8,282,0,0.43788055437307766,1
svm,C_AplusB_epoch_sliding,8,282,0,0.37515466213298837,1
svm,C_AplusB_epoch_sliding,8,282,0,0.7347051740454384,1
svm,C_AplusB_epoch_sliding,8,282,0,0.327903493208717,1
svm,C_AplusB_epoch_sliding,8,282,0,-0.8205339663418503,0
svm,C_AplusB_epoch_sliding,8,282,1,0.8980429099234559,1
svm,C_AplusB_epoch_sliding,8,282,1,0.9095866068112062,1
svm,C_AplusB_epoch_sliding,8,282,1,0.6034317662801358,1
svm,C_AplusB_epoch_sliding,8,282,1,0.41932565609519873,1
svm,C_AplusB_epoch_sliding,8,282,1,1.022676889101163,1
svm,C_AplusB_epoch_sliding,8,282,1,0.797513382548463,1
svm,C_AplusB_epoch_sliding,8,282,1,1.081900421435771,1
svm,C_AplusB_epoch_sliding,8,282,1,0.2183239138878647,1
svm,C_AplusB_epoch_sliding,8,282,1,-0.3126231831379191,0
svm,C_AplusB_epoch_sliding,8,282,1,-0.6524565778327815,0
svm,C_AplusB_epoch_sliding,8,282,1,0.43096215612955996,1
svm,C_AplusB_epoch_sliding,9,210,0,-0.09556911014219938,0
svm,C_AplusB_epoch_sliding,9,210,0,-0.8791829044083038,0
svm,C_AplusB_epoch_sliding,9,210,0,-0.4451819785182467,0
svm,C_AplusB_epoch_sliding,9,210,0,0.136817112013844,1
svm,C_AplusB_epoch_sliding,9,210,0,0.1753115802021853,1
svm,C_AplusB_epoch_sliding,9,210,0,-0.4516056690128618,0
svm,C_AplusB_epoch_sliding,9,210,0,0.5966312463279625,1
svm,C_AplusB_epoch_sliding,9,210,0,-0.48581292514272967,0
svm,C_AplusB_epoch_sliding,9,210,0,-0.24725657084333375,0
svm,C_AplusB_epoch_sliding,9,210,0,0.001986615924761681,1
svm,C_AplusB_epoch_sliding,9,210,0,-0.3316211206543226,0
svm,C_AplusB_epoch_sliding,9,210,0,0.6375253459786934,1
svm,C_AplusB_epoch_sliding,9,210,0,0.2594342039612918,1
svm,C_AplusB_epoch_sliding,9,210,0,0.016436182875877614,1
svm,C_AplusB_epoch_sliding,9,210,1,-0.3625717126884498,0
svm,C_AplusB_epoch_sliding,9,210,1,0.3955583596906209,1
svm,C_AplusB_epoch_sliding,9,210,1,0.09261940463858609,1
svm,C_AplusB_epoch_sliding,9,210,1,-0.4115266507128288,0
svm,C_AplusB_epoch_sliding,9,210,1,0.5452589439579975,1
svm,C_AplusB_epoch_sliding,9,210,1,0.20670296920370013,1
svm,C_AplusB_epoch_sliding,9,210,1,0.0188487017389406,1
svm,C_AplusB_epoch_sliding,9,210,1,-0.18445275868919497,0
svm,C_AplusB_epoch_sliding,9,210,1,0.0013998433378092368,1
svm,C_AplusB_epoch_sliding,9,210,1,0.2391279971302075,1
svm,C_AplusB_epoch_sliding,9,210,1,0.13851839028893898,1
svm,C_AplusB_epoch_sliding,10,265,0,0.5756929104187428,1
svm,C_AplusB_epoch_sliding,10,265,0,0.7053084465957411,1
svm,C_AplusB_epoch_sliding,10,265,0,1.3500346477514107,1
svm,C_AplusB_epoch_sliding,10,265,0,-0.17322513462784334,0
svm,C_AplusB_epoch_sliding,10,265,0,-0.07856018070943266,0
svm,C_AplusB_epoch_sliding,10,265,0,0.017831375986963383,1
svm,C_AplusB_epoch_sliding,10,265,0,0.5379653151861306,1
svm,C_AplusB_epoch_sliding,10,265,0,-0.2947565500267566,0
svm,C_AplusB_epoch_sliding,10,265,0,0.8768742842748986,1
svm,C_AplusB_epoch_sliding,10,265,0,-0.02957228041876525,0
svm,C_AplusB_epoch_sliding,10,265,0,0.014953327283818263,1
svm,C_AplusB_epoch_sliding,10,265,0,-0.4871982095178323,0
svm,C_AplusB_epoch_sliding,10,265,0,0.7827187032684005,1
svm,C_AplusB_epoch_sliding,10,265,1,0.5598573527545972,1
svm,C_AplusB_epoch_sliding,10,265,1,0.5567353011379933,1
svm,C_AplusB_epoch_sliding,10,265,1,0.3483855347844753,1
svm,C_AplusB_epoch_sliding,10,265,1,0.8345972287281284,1
svm,C_AplusB_epoch_sliding,10,265,1,1.0109035958620431,1
svm,C_AplusB_epoch_sliding,10,265,1,0.4646380545481741,1
svm,C_AplusB_epoch_sliding,10,265,1,0.9402395181281905,1
svm,C_AplusB_epoch_sliding,10,265,1,0.11537312697066471,1
svm,C_AplusB_epoch_sliding,10,265,1,0.9746862989927946,1
svm,C_AplusB_epoch_sliding,10,265,1,0.8322508181116851,1
svm,C_AplusB_epoch_sliding,10,265,1,0.7802957723701801,1
xgb,A_bandpower_epoch,1,249,0,0.06413249671459198,0
xgb,A_bandpower_epoch,1,249,0,0.5672662854194641,1
xgb,A_bandpower_epoch,1,249,0,0.3036339581012726,0
xgb,A_bandpower_epoch,1,249,0,0.011412844993174076,0
xgb,A_bandpower_epoch,1,249,0,0.0058857593685388565,0
xgb,A_bandpower_epoch,1,249,0,0.007570115849375725,0
xgb,A_bandpower_epoch,1,249,0,0.016497697681188583,0
xgb,A_bandpower_epoch,1,249,0,0.11559399217367172,0
xgb,A_bandpower_epoch,1,249,0,0.02689371630549431,0
xgb,A_bandpower_epoch,1,249,0,0.015968192368745804,0
xgb,A_bandpower_epoch,1,249,0,0.028753703460097313,0
xgb,A_bandpower_epoch,1,249,0,0.006470711436122656,0
xgb,A_bandpower_epoch,1,249,0,0.6661896705627441,1
xgb,A_bandpower_epoch,1,249,0,0.31501710414886475,0
xgb,A_bandpower_epoch,1,249,0,0.010387363843619823,0
xgb,A_bandpower_epoch,1,249,1,0.9979103207588196,1
xgb,A_bandpower_epoch,1,249,1,0.9938923120498657,1
xgb,A_bandpower_epoch,1,249,1,0.9843207597732544,1
xgb,A_bandpower_epoch,1,249,1,0.9897045493125916,1
xgb,A_bandpower_epoch,1,249,1,0.9945821166038513,1
xgb,A_bandpower_epoch,1,249,1,0.32963117957115173,0
xgb,A_bandpower_epoch,1,249,1,0.9953505992889404,1
xgb,A_bandpower_epoch,1,249,1,0.9928944706916809,1
xgb,A_bandpower_epoch,1,249,1,0.9946309328079224,1
xgb,A_bandpower_epoch,1,249,1,0.9721300005912781,1
xgb,A_bandpower_epoch,1,249,1,0.2566843628883362,0
xgb,A_bandpower_epoch,1,249,1,0.9860472679138184,1
xgb,A_bandpower_epoch,1,249,1,0.3096328675746918,0
xgb,A_bandpower_epoch,1,249,1,0.9943976402282715,1
xgb,A_bandpower_epoch,1,249,1,0.991624653339386,1
xgb,A_bandpower_epoch,1,249,1,0.05885295942425728,0
xgb,A_bandpower_epoch,1,249,1,0.9955323934555054,1
xgb,A_bandpower_epoch,2,219,0,0.21216531097888947,0
xgb,A_bandpower_epoch,2,219,0,0.3868553340435028,0
xgb,A_bandpower_epoch,2,219,0,0.9555305242538452,1
xgb,A_bandpower_epoch,2,219,0,0.9494513869285583,1
xgb,A_bandpower_epoch,2,219,0,0.9613602161407471,1
xgb,A_bandpower_epoch,2,219,0,0.9874745607376099,1
xgb,A_bandpower_epoch,2,219,0,0.9768075346946716,1
xgb,A_bandpower_epoch,2,219,0,0.0037357783876359463,0
xgb,A_bandpower_epoch,2,219,0,0.9808957576751709,1
xgb,A_bandpower_epoch,2,219,0,0.38672035932540894,0
xgb,A_bandpower_epoch,2,219,0,0.05858590826392174,0
xgb,A_bandpower_epoch,2,219,0,0.9567124843597412,1
xgb,A_bandpower_epoch,2,219,0,0.27444225549697876,0
xgb,A_bandpower_epoch,2,219,0,0.9945331811904907,1
xgb,A_bandpower_epoch,2,219,1,0.9937973618507385,1
xgb,A_bandpower_epoch,2,219,1,0.9960231781005859,1
xgb,A_bandpower_epoch,2,219,1,0.9976643323898315,1
xgb,A_bandpower_epoch,2,219,1,0.9968423843383789,1
xgb,A_bandpower_epoch,2,219,1,0.998467743396759,1
xgb,A_bandpower_epoch,2,219,1,0.9932914972305298,1
xgb,A_bandpower_epoch,2,219,1,0.9941233992576599,1
xgb,A_bandpower_epoch,2,219,1,0.9979196190834045,1
xgb,A_bandpower_epoch,2,219,1,0.994002640247345,1
xgb,A_bandpower_epoch,2,219,1,0.9872105121612549,1
xgb,A_bandpower_epoch,2,219,1,0.993286669254303,1
xgb,A_bandpower_epoch,2,219,1,0.9949070811271667,1
xgb,A_bandpower_epoch,2,219,1,0.9920825958251953,1
xgb,A_bandpower_epoch,2,219,1,0.9957828521728516,1
xgb,A_bandpower_epoch,2,219,1,0.9749190211296082,1
xgb,A_bandpower_epoch,2,219,1,0.9979084730148315,1
xgb,A_bandpower_epoch,3,313,0,0.04162625968456268,0
xgb,A_bandpower_epoch,3,313,0,0.11214154958724976,0
xgb,A_bandpower_epoch,3,313,0,0.25269120931625366,0
xgb,A_bandpower_epoch,3,313,0,0.14442941546440125,0
xgb,A_bandpower_epoch,3,313,0,0.3902597725391388,0
xgb,A_bandpower_epoch,3,313,0,0.1421302706003189,0
xgb,A_bandpower_epoch,3,313,0,0.23433122038841248,0
xgb,A_bandpower_epoch,3,313,0,0.052719686180353165,0
xgb,A_bandpower_epoch,3,313,0,0.26945704221725464,0
xgb,A_bandpower_epoch,3,313,0,0.10572434961795807,0
xgb,A_bandpower_epoch,3,313,0,0.01318288128823042,0
xgb,A_bandpower_epoch,3,313,0,0.10404769331216812,0
xgb,A_bandpower_epoch,3,313,0,0.09794371575117111,0
xgb,A_bandpower_epoch,3,313,0,0.01939566805958748,0
xgb,A_bandpower_epoch,3,313,0,0.45598405599594116,0
xgb,A_bandpower_epoch,3,313,1,0.6052293181419373,1
xgb,A_bandpower_epoch,3,313,1,0.39808326959609985,0
xgb,A_bandpower_epoch,3,313,1,0.7474483251571655,1
xgb,A_bandpower_epoch,3,313,1,0.7008771300315857,1
xgb,A_bandpower_epoch,3,313,1,0.27856355905532837,0
xgb,A_bandpower_epoch,3,313,1,0.5153905153274536,1
xgb,A_bandpower_epoch,3,313,1,0.055290572345256805,0
xgb,A_bandpower_epoch,3,313,1,0.12683258950710297,0
xgb,A_bandpower_epoch,3,313,1,0.8324398398399353,1
xgb,A_bandpower_epoch,3,313,1,0.5501518249511719,1
xgb,A_bandpower_epoch,3,313,1,0.08527758717536926,0
xgb,A_bandpower_epoch,3,313,1,0.2862061858177185,0
xgb,A_bandpower_epoch,3,313,1,0.30598241090774536,0
xgb,A_bandpower_epoch,3,313,1,0.5981422066688538,1
xgb,A_bandpower_epoch,4,318,0,0.0031016028951853514,0
xgb,A_bandpower_epoch,4,318,0,0.6941061019897461,1
xgb,A_bandpower_epoch,4,318,0,0.045899201184511185,0
xgb,A_bandpower_epoch,4,318,0,0.004493225831538439,0
xgb,A_bandpower_epoch,4,318,0,0.0045985933393239975,0
xgb,A_bandpower_epoch,4,318,0,0.003890097141265869,0
xgb,A_bandpower_epoch,4,318,0,0.34883445501327515,0
xgb,A_bandpower_epoch,4,318,0,0.005900475662201643,0
xgb,A_bandpower_epoch,4,318,0,0.0020354746375232935,0
xgb,A_bandpower_epoch,4,318,0,0.03460163250565529,0
xgb,A_bandpower_epoch,4,318,0,0.0008086120360530913,0
xgb,A_bandpower_epoch,4,318,0,0.005472951103001833,0
xgb,A_bandpower_epoch,4,318,0,0.0057585532777011395,0
xgb,A_bandpower_epoch,4,318,0,0.002315687946975231,0
xgb,A_bandpower_epoch,4,318,1,0.0006057494319975376,0
xgb,A_bandpower_epoch,4,318,1,0.12053550779819489,0
xgb,A_bandpower_epoch,4,318,1,0.06182828173041344,0
xgb,A_bandpower_epoch,4,318,1,0.4838290214538574,0
xgb,A_bandpower_epoch,4,318,1,0.054105520248413086,0
xgb,A_bandpower_epoch,4,318,1,0.021643294021487236,0
xgb,A_bandpower_epoch,4,318,1,0.36323392391204834,0
xgb,A_bandpower_epoch,4,318,1,0.014492269605398178,0
xgb,A_bandpower_epoch,4,318,1,0.8428521156311035,1
xgb,A_bandpower_epoch,4,318,1,0.8611668348312378,1
xgb,A_bandpower_epoch,4,318,1,0.07254566252231598,0
xgb,A_bandpower_epoch,4,318,1,0.0034050308167934418,0
xgb,A_bandpower_epoch,4,318,1,0.003610713640227914,0
xgb,A_bandpower_epoch,4,318,1,0.25330331921577454,0
xgb,A_bandpower_epoch,5,300,0,0.9856225848197937,1
xgb,A_bandpower_epoch,5,300,0,0.9965830445289612,1
xgb,A_bandpower_epoch,5,300,0,0.9870705008506775,1
xgb,A_bandpower_epoch,5,300,0,0.9981764554977417,1
xgb,A_bandpower_epoch,5,300,0,0.9829572439193726,1
xgb,A_bandpower_epoch,5,300,0,0.9821179509162903,1
xgb,A_bandpower_epoch,5,300,0,0.9936273097991943,1
xgb,A_bandpower_epoch,5,300,0,0.9877174496650696,1
xgb,A_bandpower_epoch,5,300,0,0.9720988273620605,1
xgb,A_bandpower_epoch,5,300,0,0.996832549571991,1
xgb,A_bandpower_epoch,5,300,0,0.9733065366744995,1
xgb,A_bandpower_epoch,5,300,0,0.9896711707115173,1
xgb,A_bandpower_epoch,5,300,0,0.9861527681350708,1
xgb,A_bandpower_epoch,5,300,0,0.9924701452255249,1
xgb,A_bandpower_epoch,5,300,1,0.996832549571991,1
xgb,A_bandpower_epoch,5,300,1,0.9869086146354675,1
xgb,A_bandpower_epoch,5,300,1,0.9847860932350159,1
xgb,A_bandpower_epoch,5,300,1,0.9854685664176941,1
xgb,A_bandpower_epoch,5,300,1,0.9931055903434753,1
xgb,A_bandpower_epoch,5,300,1,0.9406406879425049,1
xgb,A_bandpower_epoch,5,300,1,0.9711471796035767,1
xgb,A_bandpower_epoch,5,300,1,0.9815420508384705,1
xgb,A_bandpower_epoch,5,300,1,0.9744570851325989,1
xgb,A_bandpower_epoch,5,300,1,0.9264136552810669,1
xgb,A_bandpower_epoch,5,300,1,0.9936273097991943,1
xgb,A_bandpower_epoch,5,300,1,0.9837203025817871,1
xgb,A_bandpower_epoch,5,300,1,0.9234407544136047,1
xgb,A_bandpower_epoch,5,300,1,0.9433561563491821,1
xgb,A_bandpower_epoch,6,271,0,0.04030483216047287,0
xgb,A_bandpower_epoch,6,271,0,0.010713298805058002,0
xgb,A_bandpower_epoch,6,271,0,0.004647171590477228,0
xgb,A_bandpower_epoch,6,271,0,0.022971509024500847,0
xgb,A_bandpower_epoch,6,271,0,0.02989814803004265,0
xgb,A_bandpower_epoch,6,271,0,0.022884422913193703,0
xgb,A_bandpower_epoch,6,271,0,0.021583188325166702,0
xgb,A_bandpower_epoch,6,271,0,0.0069077652879059315,0
xgb,A_bandpower_epoch,6,271,0,0.006639184430241585,0
xgb,A_bandpower_epoch,6,271,0,0.022031689062714577,0
xgb,A_bandpower_epoch,6,271,0,0.0028860634192824364,0
xgb,A_bandpower_epoch,6,271,0,0.007542078383266926,0
xgb,A_bandpower_epoch,6,271,0,0.0019281702116131783,0
xgb,A_bandpower_epoch,6,271,0,0.00763465603813529,0
xgb,A_bandpower_epoch,6,271,1,0.7333458065986633,1
xgb,A_bandpower_epoch,6,271,1,0.9970250725746155,1
xgb,A_bandpower_epoch,6,271,1,0.9624497294425964,1
xgb,A_bandpower_epoch,6,271,1,0.9657202363014221,1
xgb,A_bandpower_epoch,6,271,1,0.9687738418579102,1
xgb,A_bandpower_epoch,6,271,1,0.7894459366798401,1
xgb,A_bandpower_epoch,6,271,1,0.9759686589241028,1
xgb,A_bandpower_epoch,6,271,1,0.9542784094810486,1
xgb,A_bandpower_epoch,6,271,1,0.9945951104164124,1
xgb,A_bandpower_epoch,6,271,1,0.9733762145042419,1
xgb,A_bandpower_epoch,6,271,1,0.7607829570770264,1
xgb,A_bandpower_epoch,6,271,1,0.9922078251838684,1
xgb,A_bandpower_epoch,6,271,1,0.9938915967941284,1
xgb,A_bandpower_epoch,6,271,1,0.8752895593643188,1
xgb,A_bandpower_epoch,7,251,0,0.001789484522305429,0
xgb,A_bandpower_epoch,7,251,0,0.006238228175789118,0
xgb,A_bandpower_epoch,7,251,0,0.0018987816292792559,0
xgb,A_bandpower_epoch,7,251,0,0.0018899936694651842,0
xgb,A_bandpower_epoch,7,251,0,0.001797730685211718,0
xgb,A_bandpower_epoch,7,251,0,0.0010030746925622225,0
xgb,A_bandpower_epoch,7,251,0,0.003531777299940586,0
xgb,A_bandpower_epoch,7,251,0,0.0011642106110230088,0
xgb,A_bandpower_epoch,7,251,0,0.002754651242867112,0
xgb,A_bandpower_epoch,7,251,0,0.0043046800419688225,0
xgb,A_bandpower_epoch,7,251,0,0.0018075205152854323,0
xgb,A_bandpower_epoch,7,251,0,0.006238228175789118,0
xgb,A_bandpower_epoch,7,251,0,0.005884548649191856,0
xgb,A_bandpower_epoch,7,251,0,0.0018987816292792559,0
xgb,A_bandpower_epoch,7,251,1,0.01066662184894085,0
xgb,A_bandpower_epoch,7,251,1,0.0028469529934227467,0
xgb,A_bandpower_epoch,7,251,1,0.03684694319963455,0
xgb,A_bandpower_epoch,7,251,1,0.020559081807732582,0
xgb,A_bandpower_epoch,7,251,1,0.014097260311245918,0
xgb,A_bandpower_epoch,7,251,1,0.10665518045425415,0
xgb,A_bandpower_epoch,7,251,1,0.010016809217631817,0
xgb,A_bandpower_epoch,7,251,1,0.0024205497466027737,0
xgb,A_bandpower_epoch,7,251,1,0.1641722470521927,0
xgb,A_bandpower_epoch,7,251,1,0.015336979180574417,0
xgb,A_bandpower_epoch,7,251,1,0.202921524643898,0
xgb,A_bandpower_epoch,7,251,1,0.006081982981413603,0
xgb,A_bandpower_epoch,7,251,1,0.08238901197910309,0
xgb,A_bandpower_epoch,8,282,0,0.004293814767152071,0
xgb,A_bandpower_epoch,8,282,0,0.002390416106209159,0
xgb,A_bandpower_epoch,8,282,0,0.0031754346564412117,0
xgb,A_bandpower_epoch,8,282,0,0.0026660668663680553,0
xgb,A_bandpower_epoch,8,282,0,0.005177740473300219,0
xgb,A_bandpower_epoch,8,282,0,0.0676359012722969,0
xgb,A_bandpower_epoch,8,282,0,0.009058567695319653,0
xgb,A_bandpower_epoch,8,282,0,0.0020413422025740147,0
xgb,A_bandpower_epoch,8,282,0,0.005671728402376175,0
xgb,A_bandpower_epoch,8,282,0,0.00655387481674552,0
xgb,A_bandpower_epoch,8,282,0,0.004021349363029003,0
xgb,A_bandpower_epoch,8,282,0,0.022205505520105362,0
xgb,A_bandpower_epoch,8,282,0,0.020556701347231865,0
xgb,A_bandpower_epoch,8,282,0,0.02012449875473976,0
xgb,A_bandpower_epoch,8,282,1,0.97278892993927,1
xgb,A_bandpower_epoch,8,282,1,0.9018843173980713,1
xgb,A_bandpower_epoch,8,282,1,0.8949096202850342,1
xgb,A_bandpower_epoch,8,282,1,0.9112359881401062,1
xgb,A_bandpower_epoch,8,282,1,0.9892348647117615,1
xgb,A_bandpower_epoch,8,282,1,0.996563732624054,1
xgb,A_bandpower_epoch,8,282,1,0.9958374500274658,1
xgb,A_bandpower_epoch,8,282,1,0.9967340230941772,1
xgb,A_bandpower_epoch,8,282,1,0.7630986571311951,1
xgb,A_bandpower_epoch,8,282,1,0.9898574352264404,1
xgb,A_bandpower_epoch,8,282,1,0.8701286911964417,1
xgb,A_bandpower_epoch,9,210,0,0.0033346274867653847,0
xgb,A_bandpower_epoch,9,210,0,0.002293739467859268,0
xgb,A_bandpower_epoch,9,210,0,0.07318899035453796,0
xgb,A_bandpower_epoch,9,210,0,0.7807732224464417,1
xgb,A_bandpower_epoch,9,210,0,0.005730466451495886,0
xgb,A_bandpower_epoch,9,210,0,0.9860716462135315,1
xgb,A_bandpower_epoch,9,210,0,0.004912388511002064,0
xgb,A_bandpower_epoch,9,210,0,0.4352114796638489,0
xgb,A_bandpower_epoch,9,210,0,0.25582993030548096,0
xgb,A_bandpower_epoch,9,210,0,0.01895809918642044,0
xgb,A_bandpower_epoch,9,210,0,0.008966951631009579,0
xgb,A_bandpower_epoch,9,210,0,0.006160385441035032,0
xgb,A_bandpower_epoch,9,210,0,0.0018399556865915656,0
xgb,A_bandpower_epoch,9,210,0,0.010902142152190208,0
xgb,A_bandpower_epoch,9,210,1,0.9996787309646606,1
xgb,A_bandpower_epoch,9,210,1,0.9630569219589233,1
xgb,A_bandpower_epoch,9,210,1,0.9728896617889404,1
xgb,A_bandpower_epoch,9,210,1,0.8074438571929932,1
xgb,A_bandpower_epoch,9,210,1,0.7261477112770081,1
xgb,A_bandpower_epoch,9,210,1,0.864711344242096,1
xgb,A_bandpower_epoch,9,210,1,0.5121402144432068,1
xgb,A_bandpower_epoch,9,210,1,0.6632118821144104,1
xgb,A_bandpower_epoch,9,210,1,0.888644278049469,1
xgb,A_bandpower_epoch,9,210,1,0.7054122090339661,1
xgb,A_bandpower_epoch,9,210,1,0.6019828915596008,1
xgb,A_bandpower_epoch,10,265,0,0.910443902015686,1
xgb,A_bandpower_epoch,10,265,0,0.9804387092590332,1
xgb,A_bandpower_epoch,10,265,0,0.42506635189056396,0
xgb,A_bandpower_epoch,10,265,0,0.9119206070899963,1
xgb,A_bandpower_epoch,10,265,0,0.9165242314338684,1
xgb,A_bandpower_epoch,10,265,0,0.9311000108718872,1
xgb,A_bandpower_epoch,10,265,0,0.12023558467626572,0
xgb,A_bandpower_epoch,10,265,0,0.9359906315803528,1
xgb,A_bandpower_epoch,10,265,0,0.9553834795951843,1
xgb,A_bandpower_epoch,10,265,0,0.9945494532585144,1
xgb,A_bandpower_epoch,10,265,0,0.993033766746521,1
xgb,A_bandpower_epoch,10,265,0,0.3214908540248871,0
xgb,A_bandpower_epoch,10,265,0,0.8550012707710266,1
xgb,A_bandpower_epoch,10,265,1,0.967961847782135,1
xgb,A_bandpower_epoch,10,265,1,0.9865321516990662,1
xgb,A_bandpower_epoch,10,265,1,0.9850986003875732,1
xgb,A_bandpower_epoch,10,265,1,0.9847608208656311,1
xgb,A_bandpower_epoch,10,265,1,0.732694685459137,1
xgb,A_bandpower_epoch,10,265,1,0.14308315515518188,0
xgb,A_bandpower_epoch,10,265,1,0.9877112507820129,1
xgb,A_bandpower_epoch,10,265,1,0.9822065830230713,1
xgb,A_bandpower_epoch,10,265,1,0.5267679691314697,1
xgb,A_bandpower_epoch,10,265,1,0.9934048056602478,1
xgb,A_bandpower_epoch,10,265,1,0.9423782229423523,1
xgb,B_wpli_edges_epoch_sliding,1,249,0,0.14574387669563293,0
xgb,B_wpli_edges_epoch_sliding,1,249,0,0.014604520983994007,0
xgb,B_wpli_edges_epoch_sliding,1,249,0,0.710844099521637,1
xgb,B_wpli_edges_epoch_sliding,1,249,0,0.14703167974948883,0
xgb,B_wpli_edges_epoch_sliding,1,249,0,0.048819400370121,0
xgb,B_wpli_edges_epoch_sliding,1,249,0,0.11064708977937698,0
xgb,B_wpli_edges_epoch_sliding,1,249,0,0.9278970956802368,1
xgb,B_wpli_edges_epoch_sliding,1,249,0,0.12186264246702194,0
xgb,B_wpli_edges_epoch_sliding,1,249,0,0.09734675288200378,0
xgb,B_wpli_edges_epoch_sliding,1,249,0,0.4733694791793823,0
xgb,B_wpli_edges_epoch_sliding,1,249,0,0.18145549297332764,0
xgb,B_wpli_edges_epoch_sliding,1,249,0,0.16207586228847504,0
xgb,B_wpli_edges_epoch_sliding,1,249,0,0.18184097111225128,0
xgb,B_wpli_edges_epoch_sliding,1,249,0,0.2541847229003906,0
xgb,B_wpli_edges_epoch_sliding,1,249,0,0.2567278742790222,0
xgb,B_wpli_edges_epoch_sliding,1,249,1,0.016185801476240158,0
xgb,B_wpli_edges_epoch_sliding,1,249,1,0.6219090819358826,1
xgb,B_wpli_edges_epoch_sliding,1,249,1,0.01761261373758316,0
xgb,B_wpli_edges_epoch_sliding,1,249,1,0.07907986640930176,0
xgb,B_wpli_edges_epoch_sliding,1,249,1,0.8358626365661621,1
xgb,B_wpli_edges_epoch_sliding,1,249,1,0.6721223592758179,1
xgb,B_wpli_edges_epoch_sliding,1,249,1,0.9434128403663635,1
xgb,B_wpli_edges_epoch_sliding,1,249,1,0.11615811288356781,0
xgb,B_wpli_edges_epoch_sliding,1,249,1,0.349560022354126,0
xgb,B_wpli_edges_epoch_sliding,1,249,1,0.07597921043634415,0
xgb,B_wpli_edges_epoch_sliding,1,249,1,0.7996456027030945,1
xgb,B_wpli_edges_epoch_sliding,1,249,1,0.02221253141760826,0
xgb,B_wpli_edges_epoch_sliding,1,249,1,0.5873283743858337,1
xgb,B_wpli_edges_epoch_sliding,1,249,1,0.010238357819616795,0
xgb,B_wpli_edges_epoch_sliding,1,249,1,0.15702824294567108,0
xgb,B_wpli_edges_epoch_sliding,1,249,1,0.15908317267894745,0
xgb,B_wpli_edges_epoch_sliding,1,249,1,0.9645646214485168,1
xgb,B_wpli_edges_epoch_sliding,2,219,0,0.7582763433456421,1
xgb,B_wpli_edges_epoch_sliding,2,219,0,0.2258942425251007,0
xgb,B_wpli_edges_epoch_sliding,2,219,0,0.33276310563087463,0
xgb,B_wpli_edges_epoch_sliding,2,219,0,0.1396312415599823,0
xgb,B_wpli_edges_epoch_sliding,2,219,0,0.4567759037017822,0
xgb,B_wpli_edges_epoch_sliding,2,219,0,0.54159015417099,1
xgb,B_wpli_edges_epoch_sliding,2,219,0,0.04233921691775322,0
xgb,B_wpli_edges_epoch_sliding,2,219,0,0.5723320841789246,1
xgb,B_wpli_edges_epoch_sliding,2,219,0,0.07620444893836975,0
xgb,B_wpli_edges_epoch_sliding,2,219,0,0.8201308250427246,1
xgb,B_wpli_edges_epoch_sliding,2,219,0,0.4577152729034424,0
xgb,B_wpli_edges_epoch_sliding,2,219,0,0.4975278377532959,0
xgb,B_wpli_edges_epoch_sliding,2,219,0,0.17888294160366058,0
xgb,B_wpli_edges_epoch_sliding,2,219,0,0.07207281142473221,0
xgb,B_wpli_edges_epoch_sliding,2,219,1,0.21819281578063965,0
xgb,B_wpli_edges_epoch_sliding,2,219,1,0.08629899471998215,0
xgb,B_wpli_edges_epoch_sliding,2,219,1,0.2026374340057373,0
xgb,B_wpli_edges_epoch_sliding,2,219,1,0.2993171215057373,0
xgb,B_wpli_edges_epoch_sliding,2,219,1,0.376235693693161,0
xgb,B_wpli_edges_epoch_sliding,2,219,1,0.5561209917068481,1
xgb,B_wpli_edges_epoch_sliding,2,219,1,0.12959739565849304,0
xgb,B_wpli_edges_epoch_sliding,2,219,1,0.011083475314080715,0
xgb,B_wpli_edges_epoch_sliding,2,219,1,0.11380039900541306,0
xgb,B_wpli_edges_epoch_sliding,2,219,1,0.3059271574020386,0
xgb,B_wpli_edges_epoch_sliding,2,219,1,0.8336842656135559,1
xgb,B_wpli_edges_epoch_sliding,2,219,1,0.052544672042131424,0
xgb,B_wpli_edges_epoch_sliding,2,219,1,0.050901610404253006,0
xgb,B_wpli_edges_epoch_sliding,2,219,1,0.354770302772522,0
xgb,B_wpli_edges_epoch_sliding,2,219,1,0.2812942862510681,0
xgb,B_wpli_edges_epoch_sliding,2,219,1,0.04165929555892944,0
xgb,B_wpli_edges_epoch_sliding,3,313,0,0.7252303957939148,1
xgb,B_wpli_edges_epoch_sliding,3,313,0,0.05056527629494667,0
xgb,B_wpli_edges_epoch_sliding,3,313,0,0.8290227651596069,1
xgb,B_wpli_edges_epoch_sliding,3,313,0,0.20059171319007874,0
xgb,B_wpli_edges_epoch_sliding,3,313,0,0.3183507025241852,0
xgb,B_wpli_edges_epoch_sliding,3,313,0,0.6322792768478394,1
xgb,B_wpli_edges_epoch_sliding,3,313,0,0.4889969527721405,0
xgb,B_wpli_edges_epoch_sliding,3,313,0,0.08332482725381851,0
xgb,B_wpli_edges_epoch_sliding,3,313,0,0.8886318206787109,1
xgb,B_wpli_edges_epoch_sliding,3,313,0,0.6300004124641418,1
xgb,B_wpli_edges_epoch_sliding,3,313,0,0.20129099488258362,0
xgb,B_wpli_edges_epoch_sliding,3,313,0,0.22604425251483917,0
xgb,B_wpli_edges_epoch_sliding,3,313,0,0.9421843886375427,1
xgb,B_wpli_edges_epoch_sliding,3,313,0,0.13291579484939575,0
xgb,B_wpli_edges_epoch_sliding,3,313,0,0.4509035050868988,0
xgb,B_wpli_edges_epoch_sliding,3,313,1,0.8871641159057617,1
xgb,B_wpli_edges_epoch_sliding,3,313,1,0.12968775629997253,0
xgb,B_wpli_edges_epoch_sliding,3,313,1,0.4532371759414673,0
xgb,B_wpli_edges_epoch_sliding,3,313,1,0.02440260909497738,0
xgb,B_wpli_edges_epoch_sliding,3,313,1,0.42379969358444214,0
xgb,B_wpli_edges_epoch_sliding,3,313,1,0.5462242960929871,1
xgb,B_wpli_edges_epoch_sliding,3,313,1,0.7976319789886475,1
xgb,B_wpli_edges_epoch_sliding,3,313,1,0.4637696444988251,0
xgb,B_wpli_edges_epoch_sliding,3,313,1,0.24083954095840454,0
xgb,B_wpli_edges_epoch_sliding,3,313,1,0.6509796380996704,1
xgb,B_wpli_edges_epoch_sliding,3,313,1,0.7383731007575989,1
xgb,B_wpli_edges_epoch_sliding,3,313,1,0.4702371656894684,0
xgb,B_wpli_edges_epoch_sliding,3,313,1,0.7425094246864319,1
xgb,B_wpli_edges_epoch_sliding,3,313,1,0.3943275809288025,0
xgb,B_wpli_edges_epoch_sliding,4,318,0,0.9034388065338135,1
xgb,B_wpli_edges_epoch_sliding,4,318,0,0.19665543735027313,0
xgb,B_wpli_edges_epoch_sliding,4,318,0,0.07825494557619095,0
xgb,B_wpli_edges_epoch_sliding,4,318,0,0.014710827730596066,0
xgb,B_wpli_edges_epoch_sliding,4,318,0,0.11552687734365463,0
xgb,B_wpli_edges_epoch_sliding,4,318,0,0.29667454957962036,0
xgb,B_wpli_edges_epoch_sliding,4,318,0,0.07801876962184906,0
xgb,B_wpli_edges_epoch_sliding,4,318,0,0.4474550485610962,0
xgb,B_wpli_edges_epoch_sliding,4,318,0,0.033468108624219894,0
xgb,B_wpli_edges_epoch_sliding,4,318,0,0.5754414200782776,1
xgb,B_wpli_edges_epoch_sliding,4,318,0,0.25473856925964355,0
xgb,B_wpli_edges_epoch_sliding,4,318,0,0.19605283439159393,0
xgb,B_wpli_edges_epoch_sliding,4,318,0,0.009820054285228252,0
xgb,B_wpli_edges_epoch_sliding,4,318,0,0.018374599516391754,0
xgb,B_wpli_edges_epoch_sliding,4,318,1,0.4432920515537262,0
xgb,B_wpli_edges_epoch_sliding,4,318,1,0.10577208548784256,0
xgb,B_wpli_edges_epoch_sliding,4,318,1,0.48989835381507874,0
xgb,B_wpli_edges_epoch_sliding,4,318,1,0.14139212667942047,0
xgb,B_wpli_edges_epoch_sliding,4,318,1,0.4763822853565216,0
xgb,B_wpli_edges_epoch_sliding,4,318,1,0.1700366884469986,0
xgb,B_wpli_edges_epoch_sliding,4,318,1,0.7424544095993042,1
xgb,B_wpli_edges_epoch_sliding,4,318,1,0.3559228181838989,0
xgb,B_wpli_edges_epoch_sliding,4,318,1,0.3762224614620209,0
xgb,B_wpli_edges_epoch_sliding,4,318,1,0.14848344027996063,0
xgb,B_wpli_edges_epoch_sliding,4,318,1,0.31646665930747986,0
xgb,B_wpli_edges_epoch_sliding,4,318,1,0.39694684743881226,0
xgb,B_wpli_edges_epoch_sliding,4,318,1,0.36296603083610535,0
xgb,B_wpli_edges_epoch_sliding,4,318,1,0.6715136766433716,1
xgb,B_wpli_edges_epoch_sliding,5,300,0,0.9536707401275635,1
xgb,B_wpli_edges_epoch_sliding,5,300,0,0.8869591951370239,1
xgb,B_wpli_edges_epoch_sliding,5,300,0,0.487396240234375,0
xgb,B_wpli_edges_epoch_sliding,5,300,0,0.855717658996582,1
xgb,B_wpli_edges_epoch_sliding,5,300,0,0.8298530578613281,1
xgb,B_wpli_edges_epoch_sliding,5,300,0,0.7864758372306824,1
xgb,B_wpli_edges_epoch_sliding,5,300,0,0.6800658702850342,1
xgb,B_wpli_edges_epoch_sliding,5,300,0,0.9193814992904663,1
xgb,B_wpli_edges_epoch_sliding,5,300,0,0.8622292876243591,1
xgb,B_wpli_edges_epoch_sliding,5,300,0,0.9034395813941956,1
xgb,B_wpli_edges_epoch_sliding,5,300,0,0.791679859161377,1
xgb,B_wpli_edges_epoch_sliding,5,300,0,0.40547850728034973,0
xgb,B_wpli_edges_epoch_sliding,5,300,0,0.8588597178459167,1
xgb,B_wpli_edges_epoch_sliding,5,300,0,0.8296499252319336,1
xgb,B_wpli_edges_epoch_sliding,5,300,1,0.16851723194122314,0
xgb,B_wpli_edges_epoch_sliding,5,300,1,0.040217313915491104,0
xgb,B_wpli_edges_epoch_sliding,5,300,1,0.47429150342941284,0
xgb,B_wpli_edges_epoch_sliding,5,300,1,0.6472041010856628,1
xgb,B_wpli_edges_epoch_sliding,5,300,1,0.16694951057434082,0
xgb,B_wpli_edges_epoch_sliding,5,300,1,0.2498813271522522,0
xgb,B_wpli_edges_epoch_sliding,5,300,1,0.9533727765083313,1
xgb,B_wpli_edges_epoch_sliding,5,300,1,0.7268474102020264,1
xgb,B_wpli_edges_epoch_sliding,5,300,1,0.5865879654884338,1
xgb,B_wpli_edges_epoch_sliding,5,300,1,0.25238025188446045,0
xgb,B_wpli_edges_epoch_sliding,5,300,1,0.037673089653253555,0
xgb,B_wpli_edges_epoch_sliding,5,300,1,0.773139238357544,1
xgb,B_wpli_edges_epoch_sliding,5,300,1,0.3373618721961975,0
xgb,B_wpli_edges_epoch_sliding,5,300,1,0.9703602194786072,1
xgb,B_wpli_edges_epoch_sliding,6,271,0,0.991605281829834,1
xgb,B_wpli_edges_epoch_sliding,6,271,0,0.011746017262339592,0
xgb,B_wpli_edges_epoch_sliding,6,271,0,0.2710030674934387,0
xgb,B_wpli_edges_epoch_sliding,6,271,0,0.12179519236087799,0
xgb,B_wpli_edges_epoch_sliding,6,271,0,0.6349130272865295,1
xgb,B_wpli_edges_epoch_sliding,6,271,0,0.11852647364139557,0
xgb,B_wpli_edges_epoch_sliding,6,271,0,0.6542516350746155,1
xgb,B_wpli_edges_epoch_sliding,6,271,0,0.42719578742980957,0
xgb,B_wpli_edges_epoch_sliding,6,271,0,0.9525413513183594,1
xgb,B_wpli_edges_epoch_sliding,6,271,0,0.8404334187507629,1
xgb,B_wpli_edges_epoch_sliding,6,271,0,0.29117879271507263,0
xgb,B_wpli_edges_epoch_sliding,6,271,0,0.3644843101501465,0
xgb,B_wpli_edges_epoch_sliding,6,271,0,0.6346930265426636,1
xgb,B_wpli_edges_epoch_sliding,6,271,0,0.06884706020355225,0
xgb,B_wpli_edges_epoch_sliding,6,271,1,0.07778877764940262,0
xgb,B_wpli_edges_epoch_sliding,6,271,1,0.032922156155109406,0
xgb,B_wpli_edges_epoch_sliding,6,271,1,0.5746108293533325,1
xgb,B_wpli_edges_epoch_sliding,6,271,1,0.06567736715078354,0
xgb,B_wpli_edges_epoch_sliding,6,271,1,0.08601633459329605,0
xgb,B_wpli_edges_epoch_sliding,6,271,1,0.4948752820491791,0
xgb,B_wpli_edges_epoch_sliding,6,271,1,0.11649239808320999,0
xgb,B_wpli_edges_epoch_sliding,6,271,1,0.41836845874786377,0
xgb,B_wpli_edges_epoch_sliding,6,271,1,0.85223388671875,1
xgb,B_wpli_edges_epoch_sliding,6,271,1,0.5831453800201416,1
xgb,B_wpli_edges_epoch_sliding,6,271,1,0.18080244958400726,0
xgb,B_wpli_edges_epoch_sliding,6,271,1,0.03777645528316498,0
xgb,B_wpli_edges_epoch_sliding,6,271,1,0.6998813152313232,1
xgb,B_wpli_edges_epoch_sliding,6,271,1,0.36234962940216064,0
xgb,B_wpli_edges_epoch_sliding,7,251,0,0.20956695079803467,0
xgb,B_wpli_edges_epoch_sliding,7,251,0,0.2648760974407196,0
xgb,B_wpli_edges_epoch_sliding,7,251,0,0.3224627673625946,0
xgb,B_wpli_edges_epoch_sliding,7,251,0,0.6813515424728394,1
xgb,B_wpli_edges_epoch_sliding,7,251,0,0.7356963157653809,1
xgb,B_wpli_edges_epoch_sliding,7,251,0,0.08350366353988647,0
xgb,B_wpli_edges_epoch_sliding,7,251,0,0.6973965167999268,1
xgb,B_wpli_edges_epoch_sliding,7,251,0,0.7466749548912048,1
xgb,B_wpli_edges_epoch_sliding,7,251,0,0.16132387518882751,0
xgb,B_wpli_edges_epoch_sliding,7,251,0,0.2547560930252075,0
xgb,B_wpli_edges_epoch_sliding,7,251,0,0.4560680687427521,0
xgb,B_wpli_edges_epoch_sliding,7,251,0,0.8159398436546326,1
xgb,B_wpli_edges_epoch_sliding,7,251,0,0.6355834603309631,1
xgb,B_wpli_edges_epoch_sliding,7,251,0,0.3242000341415405,0
xgb,B_wpli_edges_epoch_sliding,7,251,1,0.15616947412490845,0
xgb,B_wpli_edges_epoch_sliding,7,251,1,0.7807548642158508,1
xgb,B_wpli_edges_epoch_sliding,7,251,1,0.7616935968399048,1
xgb,B_wpli_edges_epoch_sliding,7,251,1,0.926976203918457,1
xgb,B_wpli_edges_epoch_sliding,7,251,1,0.2578108012676239,0
xgb,B_wpli_edges_epoch_sliding,7,251,1,0.0925244614481926,0
xgb,B_wpli_edges_epoch_sliding,7,251,1,0.3919886350631714,0
xgb,B_wpli_edges_epoch_sliding,7,251,1,0.16812625527381897,0
xgb,B_wpli_edges_epoch_sliding,7,251,1,0.285428524017334,0
xgb,B_wpli_edges_epoch_sliding,7,251,1,0.8206455111503601,1
xgb,B_wpli_edges_epoch_sliding,7,251,1,0.6978249549865723,1
xgb,B_wpli_edges_epoch_sliding,7,251,1,0.6237654685974121,1
xgb,B_wpli_edges_epoch_sliding,7,251,1,0.49879562854766846,0
xgb,B_wpli_edges_epoch_sliding,8,282,0,0.36671409010887146,0
xgb,B_wpli_edges_epoch_sliding,8,282,0,0.541059672832489,1
xgb,B_wpli_edges_epoch_sliding,8,282,0,0.03831418976187706,0
xgb,B_wpli_edges_epoch_sliding,8,282,0,0.5638929009437561,1
xgb,B_wpli_edges_epoch_sliding,8,282,0,0.8972873091697693,1
xgb,B_wpli_edges_epoch_sliding,8,282,0,0.6018913984298706,1
xgb,B_wpli_edges_epoch_sliding,8,282,0,0.11285065114498138,0
xgb,B_wpli_edges_epoch_sliding,8,282,0,0.3365868330001831,0
xgb,B_wpli_edges_epoch_sliding,8,282,0,0.6504981517791748,1
xgb,B_wpli_edges_epoch_sliding,8,282,0,0.7771530747413635,1
xgb,B_wpli_edges_epoch_sliding,8,282,0,0.8393415808677673,1
xgb,B_wpli_edges_epoch_sliding,8,282,0,0.6384698748588562,1
xgb,B_wpli_edges_epoch_sliding,8,282,0,0.9161495566368103,1
xgb,B_wpli_edges_epoch_sliding,8,282,0,0.4236099123954773,0
xgb,B_wpli_edges_epoch_sliding,8,282,1,0.7767414450645447,1
xgb,B_wpli_edges_epoch_sliding,8,282,1,0.9804292917251587,1
xgb,B_wpli_edges_epoch_sliding,8,282,1,0.9030680060386658,1
xgb,B_wpli_edges_epoch_sliding,8,282,1,0.46861910820007324,0
xgb,B_wpli_edges_epoch_sliding,8,282,1,0.701825737953186,1
xgb,B_wpli_edges_epoch_sliding,8,282,1,0.3156733810901642,0
xgb,B_wpli_edges_epoch_sliding,8,282,1,0.4401741325855255,0
xgb,B_wpli_edges_epoch_sliding,8,282,1,0.6664931178092957,1
xgb,B_wpli_edges_epoch_sliding,8,282,1,0.06273850798606873,0
xgb,B_wpli_edges_epoch_sliding,8,282,1,0.1436585634946823,0
xgb,B_wpli_edges_epoch_sliding,8,282,1,0.8444170355796814,1
xgb,B_wpli_edges_epoch_sliding,9,210,0,0.9247147440910339,1
xgb,B_wpli_edges_epoch_sliding,9,210,0,0.7090726494789124,1
xgb,B_wpli_edges_epoch_sliding,9,210,0,0.6816356778144836,1
xgb,B_wpli_edges_epoch_sliding,9,210,0,0.42717230319976807,0
xgb,B_wpli_edges_epoch_sliding,9,210,0,0.4899451732635498,0
xgb,B_wpli_edges_epoch_sliding,9,210,0,0.7288366556167603,1
xgb,B_wpli_edges_epoch_sliding,9,210,0,0.6504286527633667,1
xgb,B_wpli_edges_epoch_sliding,9,210,0,0.581207811832428,1
xgb,B_wpli_edges_epoch_sliding,9,210,0,0.08491938561201096,0
xgb,B_wpli_edges_epoch_sliding,9,210,0,0.21706974506378174,0
xgb,B_wpli_edges_epoch_sliding,9,210,0,0.6269784569740295,1
xgb,B_wpli_edges_epoch_sliding,9,210,0,0.7672069668769836,1
xgb,B_wpli_edges_epoch_sliding,9,210,0,0.388139009475708,0
xgb,B_wpli_edges_epoch_sliding,9,210,0,0.7038944363594055,1
xgb,B_wpli_edges_epoch_sliding,9,210,1,0.1203833743929863,0
xgb,B_wpli_edges_epoch_sliding,9,210,1,0.8752904534339905,1
xgb,B_wpli_edges_epoch_sliding,9,210,1,0.8905814290046692,1
xgb,B_wpli_edges_epoch_sliding,9,210,1,0.8333099484443665,1
xgb,B_wpli_edges_epoch_sliding,9,210,1,0.2050103098154068,0
xgb,B_wpli_edges_epoch_sliding,9,210,1,0.6549286842346191,1
xgb,B_wpli_edges_epoch_sliding,9,210,1,0.47977885603904724,0
xgb,B_wpli_edges_epoch_sliding,9,210,1,0.29516541957855225,0
xgb,B_wpli_edges_epoch_sliding,9,210,1,0.6734302639961243,1
xgb,B_wpli_edges_epoch_sliding,9,210,1,0.6971824765205383,1
xgb,B_wpli_edges_epoch_sliding,9,210,1,0.6850274205207825,1
xgb,B_wpli_edges_epoch_sliding,10,265,0,0.9711717963218689,1
xgb,B_wpli_edges_epoch_sliding,10,265,0,0.8278074264526367,1
xgb,B_wpli_edges_epoch_sliding,10,265,0,0.9629794955253601,1
xgb,B_wpli_edges_epoch_sliding,10,265,0,0.18776407837867737,0
xgb,B_wpli_edges_epoch_sliding,10,265,0,0.7350427508354187,1
xgb,B_wpli_edges_epoch_sliding,10,265,0,0.2573971450328827,0
xgb,B_wpli_edges_epoch_sliding,10,265,0,0.297741174697876,0
xgb,B_wpli_edges_epoch_sliding,10,265,0,0.27740079164505005,0
xgb,B_wpli_edges_epoch_sliding,10,265,0,0.18146851658821106,0
xgb,B_wpli_edges_epoch_sliding,10,265,0,0.519600510597229,1
xgb,B_wpli_edges_epoch_sliding,10,265,0,0.6591946482658386,1
xgb,B_wpli_edges_epoch_sliding,10,265,0,0.6284538507461548,1
xgb,B_wpli_edges_epoch_sliding,10,265,0,0.8510014414787292,1
xgb,B_wpli_edges_epoch_sliding,10,265,1,0.8005658388137817,1
xgb,B_wpli_edges_epoch_sliding,10,265,1,0.7232304215431213,1
xgb,B_wpli_edges_epoch_sliding,10,265,1,0.7750566005706787,1
xgb,B_wpli_edges_epoch_sliding,10,265,1,0.7008995413780212,1
xgb,B_wpli_edges_epoch_sliding,10,265,1,0.9706618189811707,1
xgb,B_wpli_edges_epoch_sliding,10,265,1,0.8553665280342102,1
xgb,B_wpli_edges_epoch_sliding,10,265,1,0.9271647334098816,1
xgb,B_wpli_edges_epoch_sliding,10,265,1,0.8857784271240234,1
xgb,B_wpli_edges_epoch_sliding,10,265,1,0.539162278175354,1
xgb,B_wpli_edges_epoch_sliding,10,265,1,0.5644405484199524,1
xgb,B_wpli_edges_epoch_sliding,10,265,1,0.3722919225692749,0
xgb,C_AplusB_epoch_sliding,1,249,0,0.16250181198120117,0
xgb,C_AplusB_epoch_sliding,1,249,0,0.0716928094625473,0
xgb,C_AplusB_epoch_sliding,1,249,0,0.08417751640081406,0
xgb,C_AplusB_epoch_sliding,1,249,0,0.7899226546287537,1
xgb,C_AplusB_epoch_sliding,1,249,0,0.047104451805353165,0
xgb,C_AplusB_epoch_sliding,1,249,0,0.015238220803439617,0
xgb,C_AplusB_epoch_sliding,1,249,0,0.9370036125183105,1
xgb,C_AplusB_epoch_sliding,1,249,0,0.0072043463587760925,0
xgb,C_AplusB_epoch_sliding,1,249,0,0.06085600703954697,0
xgb,C_AplusB_epoch_sliding,1,249,0,0.011903636157512665,0
xgb,C_AplusB_epoch_sliding,1,249,0,0.015248213894665241,0
xgb,C_AplusB_epoch_sliding,1,249,0,0.032975293695926666,0
xgb,C_AplusB_epoch_sliding,1,249,0,0.941955029964447,1
xgb,C_AplusB_epoch_sliding,1,249,0,0.5086999535560608,1
xgb,C_AplusB_epoch_sliding,1,249,0,0.009546278975903988,0
xgb,C_AplusB_epoch_sliding,1,249,1,0.9954102635383606,1
xgb,C_AplusB_epoch_sliding,1,249,1,0.8321503400802612,1
xgb,C_AplusB_epoch_sliding,1,249,1,0.03785182908177376,0
xgb,C_AplusB_epoch_sliding,1,249,1,0.7142826318740845,1
xgb,C_AplusB_epoch_sliding,1,249,1,0.7073718309402466,1
xgb,C_AplusB_epoch_sliding,1,249,1,0.4499884843826294,0
xgb,C_AplusB_epoch_sliding,1,249,1,0.9804243445396423,1
xgb,C_AplusB_epoch_sliding,1,249,1,0.9680022597312927,1
xgb,C_AplusB_epoch_sliding,1,249,1,0.9728893637657166,1
xgb,C_AplusB_epoch_sliding,1,249,1,0.15417739748954773,0
xgb,C_AplusB_epoch_sliding,1,249,1,0.9626511931419373,1
xgb,C_AplusB_epoch_sliding,1,249,1,0.07937715947628021,0
xgb,C_AplusB_epoch_sliding,1,249,1,0.8641676306724548,1
xgb,C_AplusB_epoch_sliding,1,249,1,0.1677207350730896,0
xgb,C_AplusB_epoch_sliding,1,249,1,0.8989794254302979,1
xgb,C_AplusB_epoch_sliding,1,249,1,0.10455497354269028,0
xgb,C_AplusB_epoch_sliding,1,249,1,0.9537599682807922,1
xgb,C_AplusB_epoch_sliding,2,219,0,0.8261435627937317,1
xgb,C_AplusB_epoch_sliding,2,219,0,0.5321481823921204,1
xgb,C_AplusB_epoch_sliding,2,219,0,0.06675423681735992,0
xgb,C_AplusB_epoch_sliding,2,219,0,0.9960708618164062,1
xgb,C_AplusB_epoch_sliding,2,219,0,0.978736400604248,1
xgb,C_AplusB_epoch_sliding,2,219,0,0.9446829557418823,1
xgb,C_AplusB_epoch_sliding,2,219,0,0.9236053824424744,1
xgb,C_AplusB_epoch_sliding,2,219,0,0.9827308058738708,1
xgb,C_AplusB_epoch_sliding,2,219,0,0.8675653338432312,1
xgb,C_AplusB_epoch_sliding,2,219,0,0.5841965675354004,1
xgb,C_AplusB_epoch_sliding,2,219,0,0.17593227326869965,0
xgb,C_AplusB_epoch_sliding,2,219,0,0.7696593403816223,1
xgb,C_AplusB_epoch_sliding,2,219,0,0.07228497415781021,0
xgb,C_AplusB_epoch_sliding,2,219,0,0.04789724573493004,0
xgb,C_AplusB_epoch_sliding,2,219,1,0.6768109798431396,1
xgb,C_AplusB_epoch_sliding,2,219,1,0.17593234777450562,0
xgb,C_AplusB_epoch_sliding,2,219,1,0.5272611975669861,1
xgb,C_AplusB_epoch_sliding,2,219,1,0.9071258306503296,1
xgb,C_AplusB_epoch_sliding,2,219,1,0.9519940614700317,1
xgb,C_AplusB_epoch_sliding,2,219,1,0.9763986468315125,1
xgb,C_AplusB_epoch_sliding,2,219,1,0.9801502227783203,1
xgb,C_AplusB_epoch_sliding,2,219,1,0.8298022747039795,1
xgb,C_AplusB_epoch_sliding,2,219,1,0.8509088158607483,1
xgb,C_AplusB_epoch_sliding,2,219,1,0.8955243229866028,1
xgb,C_AplusB_epoch_sliding,2,219,1,0.9726832509040833,1
xgb,C_AplusB_epoch_sliding,2,219,1,0.9117682576179504,1
xgb,C_AplusB_epoch_sliding,2,219,1,0.9271053671836853,1
xgb,C_AplusB_epoch_sliding,2,219,1,0.9543038010597229,1
xgb,C_AplusB_epoch_sliding,2,219,1,0.6723706722259521,1
xgb,C_AplusB_epoch_sliding,2,219,1,0.9691557288169861,1
xgb,C_AplusB_epoch_sliding,3,313,0,0.5606633424758911,1
xgb,C_AplusB_epoch_sliding,3,313,0,0.15227535367012024,0
xgb,C_AplusB_epoch_sliding,3,313,0,0.5923189520835876,1
xgb,C_AplusB_epoch_sliding,3,313,0,0.5121206641197205,1
xgb,C_AplusB_epoch_sliding,3,313,0,0.6888930201530457,1
xgb,C_AplusB_epoch_sliding,3,313,0,0.6836129426956177,1
xgb,C_AplusB_epoch_sliding,3,313,0,0.785187840461731,1
xgb,C_AplusB_epoch_sliding,3,313,0,0.6519722938537598,1
xgb,C_AplusB_epoch_sliding,3,313,0,0.14205196499824524,0
xgb,C_AplusB_epoch_sliding,3,313,0,0.7709532976150513,1
xgb,C_AplusB_epoch_sliding,3,313,0,0.34830260276794434,0
xgb,C_AplusB_epoch_sliding,3,313,0,0.45820748805999756,0
xgb,C_AplusB_epoch_sliding,3,313,0,0.6438059210777283,1
xgb,C_AplusB_epoch_sliding,3,313,0,0.12012122571468353,0
xgb,C_AplusB_epoch_sliding,3,313,0,0.11621472984552383,0
xgb,C_AplusB_epoch_sliding,3,313,1,0.9708608984947205,1
xgb,C_AplusB_epoch_sliding,3,313,1,0.711665689945221,1
xgb,C_AplusB_epoch_sliding,3,313,1,0.2978097200393677,0
xgb,C_AplusB_epoch_sliding,3,313,1,0.14400960505008698,0
xgb,C_AplusB_epoch_sliding,3,313,1,0.6494038701057434,1
xgb,C_AplusB_epoch_sliding,3,313,1,0.31984415650367737,0
xgb,C_AplusB_epoch_sliding,3,313,1,0.9920010566711426,1
xgb,C_AplusB_epoch_sliding,3,313,1,0.6699932217597961,1
xgb,C_AplusB_epoch_sliding,3,313,1,0.1051923856139183,0
xgb,C_AplusB_epoch_sliding,3,313,1,0.823850154876709,1
xgb,C_AplusB_epoch_sliding,3,313,1,0.9533720016479492,1
xgb,C_AplusB_epoch_sliding,3,313,1,0.42307204008102417,0
xgb,C_AplusB_epoch_sliding,3,313,1,0.6009687781333923,1
xgb,C_AplusB_epoch_sliding,3,313,1,0.8084360361099243,1
xgb,C_AplusB_epoch_sliding,4,318,0,0.14587891101837158,0
xgb,C_AplusB_epoch_sliding,4,318,0,0.08338883519172668,0
xgb,C_AplusB_epoch_sliding,4,318,0,0.06445170938968658,0
xgb,C_AplusB_epoch_sliding,4,318,0,0.0005698636523447931,0
xgb,C_AplusB_epoch_sliding,4,318,0,0.25557005405426025,0
xgb,C_AplusB_epoch_sliding,4,318,0,0.007164210081100464,0
xgb,C_AplusB_epoch_sliding,4,318,0,0.0011489404132589698,0
xgb,C_AplusB_epoch_sliding,4,318,0,0.0145581578835845,0
xgb,C_AplusB_epoch_sliding,4,318,0,0.008167358115315437,0
xgb,C_AplusB_epoch_sliding,4,318,0,0.007883111014962196,0
xgb,C_AplusB_epoch_sliding,4,318,0,0.002443209057673812,0
xgb,C_AplusB_epoch_sliding,4,318,0,0.02464263327419758,0
xgb,C_AplusB_epoch_sliding,4,318,0,0.004604085814207792,0
xgb,C_AplusB_epoch_sliding,4,318,0,0.09857278317213058,0
xgb,C_AplusB_epoch_sliding,4,318,1,0.7283436059951782,1
xgb,C_AplusB_epoch_sliding,4,318,1,0.951326847076416,1
xgb,C_AplusB_epoch_sliding,4,318,1,0.3772575557231903,0
xgb,C_AplusB_epoch_sliding,4,318,1,0.7875412106513977,1
xgb,C_AplusB_epoch_sliding,4,318,1,0.5202735066413879,1
xgb,C_AplusB_epoch_sliding,4,318,1,0.24045699834823608,0
xgb,C_AplusB_epoch_sliding,4,318,1,0.9841418862342834,1
xgb,C_AplusB_epoch_sliding,4,318,1,0.05496600270271301,0
xgb,C_AplusB_epoch_sliding,4,318,1,0.9860473871231079,1
xgb,C_AplusB_epoch_sliding,4,318,1,0.5366799235343933,1
xgb,C_AplusB_epoch_sliding,4,318,1,0.008729050867259502,0
xgb,C_AplusB_epoch_sliding,4,318,1,0.8567496538162231,1
xgb,C_AplusB_epoch_sliding,4,318,1,0.8185707330703735,1
xgb,C_AplusB_epoch_sliding,4,318,1,0.3851151168346405,0
xgb,C_AplusB_epoch_sliding,5,300,0,0.9712790846824646,1
xgb,C_AplusB_epoch_sliding,5,300,0,0.9547522664070129,1
xgb,C_AplusB_epoch_sliding,5,300,0,0.954730212688446,1
xgb,C_AplusB_epoch_sliding,5,300,0,0.9984726309776306,1
xgb,C_AplusB_epoch_sliding,5,300,0,0.9971851706504822,1
xgb,C_AplusB_epoch_sliding,5,300,0,0.9104921221733093,1
xgb,C_AplusB_epoch_sliding,5,300,0,0.9926043748855591,1
xgb,C_AplusB_epoch_sliding,5,300,0,0.9948146939277649,1
xgb,C_AplusB_epoch_sliding,5,300,0,0.9732714295387268,1
xgb,C_AplusB_epoch_sliding,5,300,0,0.935824453830719,1
xgb,C_AplusB_epoch_sliding,5,300,0,0.9615654945373535,1
xgb,C_AplusB_epoch_sliding,5,300,0,0.938523530960083,1
xgb,C_AplusB_epoch_sliding,5,300,0,0.9901047348976135,1
xgb,C_AplusB_epoch_sliding,5,300,0,0.9947019219398499,1
xgb,C_AplusB_epoch_sliding,5,300,1,0.9295928478240967,1
xgb,C_AplusB_epoch_sliding,5,300,1,0.9886942505836487,1
xgb,C_AplusB_epoch_sliding,5,300,1,0.991710364818573,1
xgb,C_AplusB_epoch_sliding,5,300,1,0.9617887735366821,1
xgb,C_AplusB_epoch_sliding,5,300,1,0.9969274401664734,1
xgb,C_AplusB_epoch_sliding,5,300,1,0.9935240745544434,1
xgb,C_AplusB_epoch_sliding,5,300,1,0.9615313410758972,1
xgb,C_AplusB_epoch_sliding,5,300,1,0.984675943851471,1
xgb,C_AplusB_epoch_sliding,5,300,1,0.9918680787086487,1
xgb,C_AplusB_epoch_sliding,5,300,1,0.9704356789588928,1
xgb,C_AplusB_epoch_sliding,5,300,1,0.8860523104667664,1
xgb,C_AplusB_epoch_sliding,5,300,1,0.996217668056488,1
xgb,C_AplusB_epoch_sliding,5,300,1,0.9316730499267578,1
xgb,C_AplusB_epoch_sliding,5,300,1,0.9978518486022949,1
xgb,C_AplusB_epoch_sliding,6,271,0,0.9815448522567749,1
xgb,C_AplusB_epoch_sliding,6,271,0,0.009964557364583015,0
xgb,C_AplusB_epoch_sliding,6,271,0,0.01223423145711422,0
xgb,C_AplusB_epoch_sliding,6,271,0,0.8717570900917053,1
xgb,C_AplusB_epoch_sliding,6,271,0,0.2713475227355957,0
xgb,C_AplusB_epoch_sliding,6,271,0,0.02420220896601677,0
xgb,C_AplusB_epoch_sliding,6,271,0,0.3482605814933777,0
xgb,C_AplusB_epoch_sliding,6,271,0,0.010887349024415016,0
xgb,C_AplusB_epoch_sliding,6,271,0,0.0007716270047239959,0
xgb,C_AplusB_epoch_sliding,6,271,0,0.8354109525680542,1
xgb,C_AplusB_epoch_sliding,6,271,0,0.24895079433918,0
xgb,C_AplusB_epoch_sliding,6,271,0,0.3261021077632904,0
xgb,C_AplusB_epoch_sliding,6,271,0,0.8210647106170654,1
xgb,C_AplusB_epoch_sliding,6,271,0,0.005265193525701761,0
xgb,C_AplusB_epoch_sliding,6,271,1,0.5264335870742798,1
xgb,C_AplusB_epoch_sliding,6,271,1,0.5946826934814453,1
xgb,C_AplusB_epoch_sliding,6,271,1,0.23766595125198364,0
xgb,C_AplusB_epoch_sliding,6,271,1,0.18030434846878052,0
xgb,C_AplusB_epoch_sliding,6,271,1,0.41770651936531067,0
xgb,C_AplusB_epoch_sliding,6,271,1,0.44060808420181274,0
xgb,C_AplusB_epoch_sliding,6,271,1,0.6439493894577026,1
xgb,C_AplusB_epoch_sliding,6,271,1,0.10336678475141525,0
xgb,C_AplusB_epoch_sliding,6,271,1,0.7376018166542053,1
xgb,C_AplusB_epoch_sliding,6,271,1,0.7221781611442566,1
xgb,C_AplusB_epoch_sliding,6,271,1,0.4937090277671814,0
xgb,C_AplusB_epoch_sliding,6,271,1,0.7344008088111877,1
xgb,C_AplusB_epoch_sliding,6,271,1,0.8488069772720337,1
xgb,C_AplusB_epoch_sliding,6,271,1,0.22337162494659424,0
xgb,C_AplusB_epoch_sliding,7,251,0,0.003024076111614704,0
xgb,C_AplusB_epoch_sliding,7,251,0,0.00318543310277164,0
xgb,C_AplusB_epoch_sliding,7,251,0,0.16119582951068878,0
xgb,C_AplusB_epoch_sliding,7,251,0,0.13039158284664154,0
xgb,C_AplusB_epoch_sliding,7,251,0,0.002742021344602108,0
xgb,C_AplusB_epoch_sliding,7,251,0,0.5614506602287292,1
xgb,C_AplusB_epoch_sliding,7,251,0,0.06331485509872437,0
xgb,C_AplusB_epoch_sliding,7,251,0,0.05283493176102638,0
xgb,C_AplusB_epoch_sliding,7,251,0,0.0013570556184276938,0
xgb,C_AplusB_epoch_sliding,7,251,0,0.0012326098512858152,0
xgb,C_AplusB_epoch_sliding,7,251,0,0.032124485820531845,0
xgb,C_AplusB_epoch_sliding,7,251,0,0.041235342621803284,0
xgb,C_AplusB_epoch_sliding,7,251,0,0.28780603408813477,0
xgb,C_AplusB_epoch_sliding,7,251,0,0.012669774703681469,0
xgb,C_AplusB_epoch_sliding,7,251,1,0.5588148832321167,1
xgb,C_AplusB_epoch_sliding,7,251,1,0.2736908495426178,0
xgb,C_AplusB_epoch_sliding,7,251,1,0.2556140422821045,0
xgb,C_AplusB_epoch_sliding,7,251,1,0.18417248129844666,0
xgb,C_AplusB_epoch_sliding,7,251,1,0.03232784569263458,0
xgb,C_AplusB_epoch_sliding,7,251,1,0.010147002525627613,0
xgb,C_AplusB_epoch_sliding,7,251,1,0.07575607299804688,0
xgb,C_AplusB_epoch_sliding,7,251,1,0.15463708341121674,0
xgb,C_AplusB_epoch_sliding,7,251,1,0.21644432842731476,0
xgb,C_AplusB_epoch_sliding,7,251,1,0.07527042925357819,0
xgb,C_AplusB_epoch_sliding,7,251,1,0.07690475881099701,0
xgb,C_AplusB_epoch_sliding,7,251,1,0.1192869320511818,0
xgb,C_AplusB_epoch_sliding,7,251,1,0.9298463463783264,1
xgb,C_AplusB_epoch_sliding,8,282,0,0.0006815149099566042,0
xgb,C_AplusB_epoch_sliding,8,282,0,0.02434486523270607,0
xgb,C_AplusB_epoch_sliding,8,282,0,0.035969819873571396,0
xgb,C_AplusB_epoch_sliding,8,282,0,0.014820275828242302,0
xgb,C_AplusB_epoch_sliding,8,282,0,0.001016675028949976,0
xgb,C_AplusB_epoch_sliding,8,282,0,0.17333774268627167,0
xgb,C_AplusB_epoch_sliding,8,282,0,0.02091764658689499,0
xgb,C_AplusB_epoch_sliding,8,282,0,0.004444651771336794,0
xgb,C_AplusB_epoch_sliding,8,282,0,0.1792270541191101,0
xgb,C_AplusB_epoch_sliding,8,282,0,0.2671490013599396,0
xgb,C_AplusB_epoch_sliding,8,282,0,0.01497630588710308,0
xgb,C_AplusB_epoch_sliding,8,282,0,0.46480685472488403,0
xgb,C_AplusB_epoch_sliding,8,282,0,0.12548239529132843,0
xgb,C_AplusB_epoch_sliding,8,282,0,0.004596838727593422,0
xgb,C_AplusB_epoch_sliding,8,282,1,0.9818352460861206,1
xgb,C_AplusB_epoch_sliding,8,282,1,0.9921890497207642,1
xgb,C_AplusB_epoch_sliding,8,282,1,0.7609220743179321,1
xgb,C_AplusB_epoch_sliding,8,282,1,0.923470139503479,1
xgb,C_AplusB_epoch_sliding,8,282,1,0.4754372835159302,0
xgb,C_AplusB_epoch_sliding,8,282,1,0.9616947174072266,1
xgb,C_AplusB_epoch_sliding,8,282,1,0.08075821399688721,0
xgb,C_AplusB_epoch_sliding,8,282,1,0.515273928642273,1
xgb,C_AplusB_epoch_sliding,8,282,1,0.3131987750530243,0
xgb,C_AplusB_epoch_sliding,8,282,1,0.07968006283044815,0
xgb,C_AplusB_epoch_sliding,8,282,1,0.5658162236213684,1
xgb,C_AplusB_epoch_sliding,9,210,0,0.7547552585601807,1
xgb,C_AplusB_epoch_sliding,9,210,0,0.005532778799533844,0
xgb,C_AplusB_epoch_sliding,9,210,0,0.02521156147122383,0
xgb,C_AplusB_epoch_sliding,9,210,0,0.11255908757448196,0
xgb,C_AplusB_epoch_sliding,9,210,0,0.1837175190448761,0
xgb,C_AplusB_epoch_sliding,9,210,0,0.020935731008648872,0
xgb,C_AplusB_epoch_sliding,9,210,0,0.6982352137565613,1
xgb,C_AplusB_epoch_sliding,9,210,0,0.039317864924669266,0
xgb,C_AplusB_epoch_sliding,9,210,0,0.09549679607152939,0
xgb,C_AplusB_epoch_sliding,9,210,0,0.3503323793411255,0
xgb,C_AplusB_epoch_sliding,9,210,0,0.06043703481554985,0
xgb,C_AplusB_epoch_sliding,9,210,0,0.06689293682575226,0
xgb,C_AplusB_epoch_sliding,9,210,0,0.18785037100315094,0
xgb,C_AplusB_epoch_sliding,9,210,0,0.03386986628174782,0
xgb,C_AplusB_epoch_sliding,9,210,1,0.045657966285943985,0
xgb,C_AplusB_epoch_sliding,9,210,1,0.6023873090744019,1
xgb,C_AplusB_epoch_sliding,9,210,1,0.3468414843082428,0
xgb,C_AplusB_epoch_sliding,9,210,1,0.5628339052200317,1
xgb,C_AplusB_epoch_sliding,9,210,1,0.8732401132583618,1
xgb,C_AplusB_epoch_sliding,9,210,1,0.5575512051582336,1
xgb,C_AplusB_epoch_sliding,9,210,1,0.6663720011711121,1
xgb,C_AplusB_epoch_sliding,9,210,1,0.24443547427654266,0
xgb,C_AplusB_epoch_sliding,9,210,1,0.7628225088119507,1
xgb,C_AplusB_epoch_sliding,9,210,1,0.43689364194869995,0
xgb,C_AplusB_epoch_sliding,9,210,1,0.95382159948349,1
xgb,C_AplusB_epoch_sliding,10,265,0,0.904657244682312,1
xgb,C_AplusB_epoch_sliding,10,265,0,0.9693212509155273,1
xgb,C_AplusB_epoch_sliding,10,265,0,0.8013069033622742,1
xgb,C_AplusB_epoch_sliding,10,265,0,0.012392530217766762,0
xgb,C_AplusB_epoch_sliding,10,265,0,0.411021888256073,0
xgb,C_AplusB_epoch_sliding,10,265,0,0.42956188321113586,0
xgb,C_AplusB_epoch_sliding,10,265,0,0.9706339836120605,1
xgb,C_AplusB_epoch_sliding,10,265,0,0.08025530725717545,0
xgb,C_AplusB_epoch_sliding,10,265,0,0.9172198176383972,1
xgb,C_AplusB_epoch_sliding,10,265,0,0.7580182552337646,1
xgb,C_AplusB_epoch_sliding,10,265,0,0.05673857033252716,0
xgb,C_AplusB_epoch_sliding,10,265,0,0.018398305401206017,0
xgb,C_AplusB_epoch_sliding,10,265,0,0.8104603886604309,1
xgb,C_AplusB_epoch_sliding,10,265,1,0.6966751217842102,1
xgb,C_AplusB_epoch_sliding,10,265,1,0.8709835410118103,1
xgb,C_AplusB_epoch_sliding,10,265,1,0.6594587564468384,1
xgb,C_AplusB_epoch_sliding,10,265,1,0.9578608274459839,1
xgb,C_AplusB_epoch_sliding,10,265,1,0.9944039583206177,1
xgb,C_AplusB_epoch_sliding,10,265,1,0.6380277872085571,1
xgb,C_AplusB_epoch_sliding,10,265,1,0.9566738605499268,1
xgb,C_AplusB_epoch_sliding,10,265,1,0.8027766346931458,1
xgb,C_AplusB_epoch_sliding,10,265,1,0.7071364521980286,1
xgb,C_AplusB_epoch_sliding,10,265,1,0.9630182981491089,1
xgb,C_AplusB_epoch_sliding,10,265,1,0.3444517254829407,0
