estimator,model,fold,subject_id,y_true,y_proba,y_pred
rf,A_bandpower_epoch,1,249,0,0.0941015153086017,0
rf,A_bandpower_epoch,1,249,0,0.30260145729870924,0
rf,A_bandpower_epoch,1,249,0,0.24435028082451615,0
rf,A_bandpower_epoch,1,249,0,0.06371269993663593,0
rf,A_bandpower_epoch,1,249,0,0.046279408312925915,0
rf,A_bandpower_epoch,1,249,0,0.1917248781598932,0
rf,A_bandpower_epoch,1,249,0,0.11151259234870058,0
rf,A_bandpower_epoch,1,249,0,0.14351256439584037,0
rf,A_bandpower_epoch,1,249,0,0.08069305643633448,0
rf,A_bandpower_epoch,1,249,0,0.07308405135527907,0
rf,A_bandpower_epoch,1,249,0,0.06888998473398536,0
rf,A_bandpower_epoch,1,249,0,0.10879750039115396,0
rf,A_bandpower_epoch,1,249,0,0.33537776351432524,0
rf,A_bandpower_epoch,1,249,0,0.35218810903957687,0
rf,A_bandpower_epoch,1,249,0,0.03994474000236643,0
rf,A_bandpower_epoch,1,249,1,0.8318970869419519,1
rf,A_bandpower_epoch,1,249,1,0.8623995896549217,1
rf,A_bandpower_epoch,1,249,1,0.8936885357397507,1
rf,A_bandpower_epoch,1,249,1,0.9635989581810483,1
rf,A_bandpower_epoch,1,249,1,0.9780325113491538,1
rf,A_bandpower_epoch,1,249,1,0.2131006969349151,0
rf,A_bandpower_epoch,1,249,1,0.9785630480206418,1
rf,A_bandpower_epoch,1,249,1,0.9607898029942994,1
rf,A_bandpower_epoch,1,249,1,0.9686422242938663,1
rf,A_bandpower_epoch,1,249,1,0.8767200817175368,1
rf,A_bandpower_epoch,1,249,1,0.3591528373660018,0
rf,A_bandpower_epoch,1,249,1,0.9003955396348318,1
rf,A_bandpower_epoch,1,249,1,0.31505006119377144,0
rf,A_bandpower_epoch,1,249,1,0.7724290846450848,1
rf,A_bandpower_epoch,1,249,1,0.9141834143403561,1
rf,A_bandpower_epoch,1,249,1,0.21782769640570027,0
rf,A_bandpower_epoch,1,249,1,0.7386523462198454,1
rf,A_bandpower_epoch,2,219,0,0.3367950996893901,0
rf,A_bandpower_epoch,2,219,0,0.6437369688974325,1
rf,A_bandpower_epoch,2,219,0,0.7500802988732496,1
rf,A_bandpower_epoch,2,219,0,0.7695723462943937,1
rf,A_bandpower_epoch,2,219,0,0.7991644083953452,1
rf,A_bandpower_epoch,2,219,0,0.9381716193742128,1
rf,A_bandpower_epoch,2,219,0,0.9312006503867452,1
rf,A_bandpower_epoch,2,219,0,0.14614178462696964,0
rf,A_bandpower_epoch,2,219,0,0.811545918858646,1
rf,A_bandpower_epoch,2,219,0,0.44113367714862717,0
rf,A_bandpower_epoch,2,219,0,0.2003726584328059,0
rf,A_bandpower_epoch,2,219,0,0.722063351996036,1
rf,A_bandpower_epoch,2,219,0,0.3180415868452927,0
rf,A_bandpower_epoch,2,219,0,0.6033935374177588,1
rf,A_bandpower_epoch,2,219,1,0.9449464347447893,1
rf,A_bandpower_epoch,2,219,1,0.8059776413677819,1
rf,A_bandpower_epoch,2,219,1,0.8230379179874886,1
rf,A_bandpower_epoch,2,219,1,0.804073262076144,1
rf,A_bandpower_epoch,2,219,1,0.7977985804131148,1
rf,A_bandpower_epoch,2,219,1,0.7949734140221426,1
rf,A_bandpower_epoch,2,219,1,0.7940526513234454,1
rf,A_bandpower_epoch,2,219,1,0.8051104835536682,1
rf,A_bandpower_epoch,2,219,1,0.8093930099996695,1
rf,A_bandpower_epoch,2,219,1,0.8071916112962321,1
rf,A_bandpower_epoch,2,219,1,0.7862002569948342,1
rf,A_bandpower_epoch,2,219,1,0.8190955081948929,1
rf,A_bandpower_epoch,2,219,1,0.9383073452320904,1
rf,A_bandpower_epoch,2,219,1,0.9052691808731681,1
rf,A_bandpower_epoch,2,219,1,0.9046117730038249,1
rf,A_bandpower_epoch,2,219,1,0.7951484874696955,1
rf,A_bandpower_epoch,3,313,0,0.4859255790204958,0
rf,A_bandpower_epoch,3,313,0,0.5606738053559835,1
rf,A_bandpower_epoch,3,313,0,0.5883244690597293,1
rf,A_bandpower_epoch,3,313,0,0.5377620904516696,1
rf,A_bandpower_epoch,3,313,0,0.5890881550226365,1
rf,A_bandpower_epoch,3,313,0,0.42957351988807896,0
rf,A_bandpower_epoch,3,313,0,0.4477040390154868,0
rf,A_bandpower_epoch,3,313,0,0.2937171563260073,0
rf,A_bandpower_epoch,3,313,0,0.4757415779304647,0
rf,A_bandpower_epoch,3,313,0,0.3731952826766139,0
rf,A_bandpower_epoch,3,313,0,0.2530694949631231,0
rf,A_bandpower_epoch,3,313,0,0.41524644030604174,0
rf,A_bandpower_epoch,3,313,0,0.5976396015043062,1
rf,A_bandpower_epoch,3,313,0,0.3215328808663918,0
rf,A_bandpower_epoch,3,313,0,0.6386485827400578,1
rf,A_bandpower_epoch,3,313,1,0.661092679741224,1
rf,A_bandpower_epoch,3,313,1,0.8393083972470373,1
rf,A_bandpower_epoch,3,313,1,0.6147632167574303,1
rf,A_bandpower_epoch,3,313,1,0.6934534499667753,1
rf,A_bandpower_epoch,3,313,1,0.5206863315177922,1
rf,A_bandpower_epoch,3,313,1,0.6483638158882127,1
rf,A_bandpower_epoch,3,313,1,0.5913580795062896,1
rf,A_bandpower_epoch,3,313,1,0.47521095554988024,0
rf,A_bandpower_epoch,3,313,1,0.7197017678745092,1
rf,A_bandpower_epoch,3,313,1,0.5930640700235592,1
rf,A_bandpower_epoch,3,313,1,0.5150438108741373,1
rf,A_bandpower_epoch,3,313,1,0.5738423619770047,1
rf,A_bandpower_epoch,3,313,1,0.5769278846457921,1
rf,A_bandpower_epoch,3,313,1,0.5641407774482365,1
rf,A_bandpower_epoch,4,318,0,0.03768316034575479,0
rf,A_bandpower_epoch,4,318,0,0.48410757289752143,0
rf,A_bandpower_epoch,4,318,0,0.14979128052614843,0
rf,A_bandpower_epoch,4,318,0,0.01680693538736359,0
rf,A_bandpower_epoch,4,318,0,0.04147303596519736,0
rf,A_bandpower_epoch,4,318,0,0.05687000779421129,0
rf,A_bandpower_epoch,4,318,0,0.3311705035283822,0
rf,A_bandpower_epoch,4,318,0,0.01844227463955141,0
rf,A_bandpower_epoch,4,318,0,0.022444857199097622,0
rf,A_bandpower_epoch,4,318,0,0.15105040479303683,0
rf,A_bandpower_epoch,4,318,0,0.0022383524726291605,0
rf,A_bandpower_epoch,4,318,0,0.07145036698790626,0
rf,A_bandpower_epoch,4,318,0,0.0847725302772367,0
rf,A_bandpower_epoch,4,318,0,0.06814466668887194,0
rf,A_bandpower_epoch,4,318,1,0.006872889573310584,0
rf,A_bandpower_epoch,4,318,1,0.5352061083938526,1
rf,A_bandpower_epoch,4,318,1,0.29476280053414267,0
rf,A_bandpower_epoch,4,318,1,0.7033592810823914,1
rf,A_bandpower_epoch,4,318,1,0.4697544921145006,0
rf,A_bandpower_epoch,4,318,1,0.3647344412303453,0
rf,A_bandpower_epoch,4,318,1,0.8084799723263119,1
rf,A_bandpower_epoch,4,318,1,0.240086948809585,0
rf,A_bandpower_epoch,4,318,1,0.8728741714187803,1
rf,A_bandpower_epoch,4,318,1,0.9316530592948786,1
rf,A_bandpower_epoch,4,318,1,0.4387471070609368,0
rf,A_bandpower_epoch,4,318,1,0.056252920226973695,0
rf,A_bandpower_epoch,4,318,1,0.11735092132943022,0
rf,A_bandpower_epoch,4,318,1,0.6661183773433357,1
rf,A_bandpower_epoch,5,300,0,0.45386292457015603,0
rf,A_bandpower_epoch,5,300,0,0.4645636928303048,0
rf,A_bandpower_epoch,5,300,0,0.5381165995658721,1
rf,A_bandpower_epoch,5,300,0,0.5481964478921146,1
rf,A_bandpower_epoch,5,300,0,0.45526009435138204,0
rf,A_bandpower_epoch,5,300,0,0.4730929472134124,0
rf,A_bandpower_epoch,5,300,0,0.45517808816557015,0
rf,A_bandpower_epoch,5,300,0,0.46489790633765726,0
rf,A_bandpower_epoch,5,300,0,0.4997871583782707,0
rf,A_bandpower_epoch,5,300,0,0.5174103589063592,1
rf,A_bandpower_epoch,5,300,0,0.49450329526230274,0
rf,A_bandpower_epoch,5,300,0,0.4523342627632394,0
rf,A_bandpower_epoch,5,300,0,0.45248203000167697,0
rf,A_bandpower_epoch,5,300,0,0.4854501775694076,0
rf,A_bandpower_epoch,5,300,1,0.45122933317663394,0
rf,A_bandpower_epoch,5,300,1,0.4531351514743513,0
rf,A_bandpower_epoch,5,300,1,0.45143182379650154,0
rf,A_bandpower_epoch,5,300,1,0.45148203000167697,0
rf,A_bandpower_epoch,5,300,1,0.4518248768781206,0
rf,A_bandpower_epoch,5,300,1,0.43956356327769874,0
rf,A_bandpower_epoch,5,300,1,0.4626344909916557,0
rf,A_bandpower_epoch,5,300,1,0.44378456112509373,0
rf,A_bandpower_epoch,5,300,1,0.470315982310951,0
rf,A_bandpower_epoch,5,300,1,0.43816109833635125,0
rf,A_bandpower_epoch,5,300,1,0.45552030243865593,0
rf,A_bandpower_epoch,5,300,1,0.4513343068532909,0
rf,A_bandpower_epoch,5,300,1,0.43697487613760855,0
rf,A_bandpower_epoch,5,300,1,0.4403218523936991,0
rf,A_bandpower_epoch,6,271,0,0.14236898131753425,0
rf,A_bandpower_epoch,6,271,0,0.3198227862260972,0
rf,A_bandpower_epoch,6,271,0,0.16267783505683844,0
rf,A_bandpower_epoch,6,271,0,0.21678954820318327,0
rf,A_bandpower_epoch,6,271,0,0.15353851866795493,0
rf,A_bandpower_epoch,6,271,0,0.15385923280642178,0
rf,A_bandpower_epoch,6,271,0,0.239208144071623,0
rf,A_bandpower_epoch,6,271,0,0.05282395329681442,0
rf,A_bandpower_epoch,6,271,0,0.031597158350834424,0
rf,A_bandpower_epoch,6,271,0,0.1373138766768307,0
rf,A_bandpower_epoch,6,271,0,0.14748095342671377,0
rf,A_bandpower_epoch,6,271,0,0.07626764348354521,0
rf,A_bandpower_epoch,6,271,0,0.13980819815793802,0
rf,A_bandpower_epoch,6,271,0,0.15555901952927106,0
rf,A_bandpower_epoch,6,271,1,0.4513553078066243,0
rf,A_bandpower_epoch,6,271,1,0.7276821106933451,1
rf,A_bandpower_epoch,6,271,1,0.3664928992294406,0
rf,A_bandpower_epoch,6,271,1,0.41771570648453604,0
rf,A_bandpower_epoch,6,271,1,0.517206961031721,1
rf,A_bandpower_epoch,6,271,1,0.3832187493518289,0
rf,A_bandpower_epoch,6,271,1,0.47587190693530146,0
rf,A_bandpower_epoch,6,271,1,0.42415083861658404,0
rf,A_bandpower_epoch,6,271,1,0.6181277960803603,1
rf,A_bandpower_epoch,6,271,1,0.49409721402949636,0
rf,A_bandpower_epoch,6,271,1,0.33291709065236497,0
rf,A_bandpower_epoch,6,271,1,0.6990102887375711,1
rf,A_bandpower_epoch,6,271,1,0.7754934302301677,1
rf,A_bandpower_epoch,6,271,1,0.582358329241097,1
rf,A_bandpower_epoch,7,251,0,0.0377176539005327,0
rf,A_bandpower_epoch,7,251,0,0.03396874134046467,0
rf,A_bandpower_epoch,7,251,0,0.015313011170056881,0
rf,A_bandpower_epoch,7,251,0,0.03586915776232894,0
rf,A_bandpower_epoch,7,251,0,0.02679130027251909,0
rf,A_bandpower_epoch,7,251,0,0.011423677412624143,0
rf,A_bandpower_epoch,7,251,0,0.07280684515988242,0
rf,A_bandpower_epoch,7,251,0,0.015313011170056881,0
rf,A_bandpower_epoch,7,251,0,0.038446446416352,0
rf,A_bandpower_epoch,7,251,0,0.021509788507784552,0
rf,A_bandpower_epoch,7,251,0,0.015313011170056881,0
rf,A_bandpower_epoch,7,251,0,0.03708972877456246,0
rf,A_bandpower_epoch,7,251,0,0.03524917586842617,0
rf,A_bandpower_epoch,7,251,0,0.01726785532155026,0
rf,A_bandpower_epoch,7,251,1,0.13066128646668906,0
rf,A_bandpower_epoch,7,251,1,0.06890246408872913,0
rf,A_bandpower_epoch,7,251,1,0.09456829538225624,0
rf,A_bandpower_epoch,7,251,1,0.1486116317648936,0
rf,A_bandpower_epoch,7,251,1,0.03470555987207647,0
rf,A_bandpower_epoch,7,251,1,0.31732812043629416,0
rf,A_bandpower_epoch,7,251,1,0.02485452753990123,0
rf,A_bandpower_epoch,7,251,1,0.11753019981692536,0
rf,A_bandpower_epoch,7,251,1,0.31693881692746473,0
rf,A_bandpower_epoch,7,251,1,0.042715759428054154,0
rf,A_bandpower_epoch,7,251,1,0.15841822364612188,0
rf,A_bandpower_epoch,7,251,1,0.11110252832792947,0
rf,A_bandpower_epoch,7,251,1,0.46750909696744714,0
rf,A_bandpower_epoch,8,282,0,0.025643947066895625,0
rf,A_bandpower_epoch,8,282,0,0.03627646071752506,0
rf,A_bandpower_epoch,8,282,0,0.10769701232640765,0
rf,A_bandpower_epoch,8,282,0,0.03970619265506464,0
rf,A_bandpower_epoch,8,282,0,0.05383217968946226,0
rf,A_bandpower_epoch,8,282,0,0.3649894242662711,0
rf,A_bandpower_epoch,8,282,0,0.13328965641148324,0
rf,A_bandpower_epoch,8,282,0,0.0410218809719357,0
rf,A_bandpower_epoch,8,282,0,0.091756214845364,0
rf,A_bandpower_epoch,8,282,0,0.12535219552161106,0
rf,A_bandpower_epoch,8,282,0,0.18974888372898796,0
rf,A_bandpower_epoch,8,282,0,0.08413220387726553,0
rf,A_bandpower_epoch,8,282,0,0.2561448303097419,0
rf,A_bandpower_epoch,8,282,0,0.1203623071502566,0
rf,A_bandpower_epoch,8,282,1,0.6982859905337303,1
rf,A_bandpower_epoch,8,282,1,0.6563092002399905,1
rf,A_bandpower_epoch,8,282,1,0.6253379536855193,1
rf,A_bandpower_epoch,8,282,1,0.6497971573309994,1
rf,A_bandpower_epoch,8,282,1,0.7736558941572143,1
rf,A_bandpower_epoch,8,282,1,0.8384292451994826,1
rf,A_bandpower_epoch,8,282,1,0.8615483673832718,1
rf,A_bandpower_epoch,8,282,1,0.803579886118356,1
rf,A_bandpower_epoch,8,282,1,0.6485284626744793,1
rf,A_bandpower_epoch,8,282,1,0.8697835643785549,1
rf,A_bandpower_epoch,8,282,1,0.6075442171758545,1
rf,A_bandpower_epoch,9,210,0,0.007589420524627786,0
rf,A_bandpower_epoch,9,210,0,0.05148619315577494,0
rf,A_bandpower_epoch,9,210,0,0.2971088500507271,0
rf,A_bandpower_epoch,9,210,0,0.569267329571865,1
rf,A_bandpower_epoch,9,210,0,0.035516333059914654,0
rf,A_bandpower_epoch,9,210,0,0.7654645102320313,1
rf,A_bandpower_epoch,9,210,0,0.032834634979046456,0
rf,A_bandpower_epoch,9,210,0,0.44294410978183657,0
rf,A_bandpower_epoch,9,210,0,0.5183345180812587,1
rf,A_bandpower_epoch,9,210,0,0.14595905205033746,0
rf,A_bandpower_epoch,9,210,0,0.1493146924391164,0
rf,A_bandpower_epoch,9,210,0,0.05568883698457152,0
rf,A_bandpower_epoch,9,210,0,0.05459011365961579,0
rf,A_bandpower_epoch,9,210,0,0.1710237328781632,0
rf,A_bandpower_epoch,9,210,1,0.9121367838437154,1
rf,A_bandpower_epoch,9,210,1,0.6750849962806875,1
rf,A_bandpower_epoch,9,210,1,0.815999708354921,1
rf,A_bandpower_epoch,9,210,1,0.6439263627588179,1
rf,A_bandpower_epoch,9,210,1,0.6457053197578416,1
rf,A_bandpower_epoch,9,210,1,0.731726458045786,1
rf,A_bandpower_epoch,9,210,1,0.5040663331200892,1
rf,A_bandpower_epoch,9,210,1,0.7609955764368973,1
rf,A_bandpower_epoch,9,210,1,0.8367484507767331,1
rf,A_bandpower_epoch,9,210,1,0.6732650875081053,1
rf,A_bandpower_epoch,9,210,1,0.7500812463041658,1
rf,A_bandpower_epoch,10,265,0,0.5821959460170486,1
rf,A_bandpower_epoch,10,265,0,0.7512423995800109,1
rf,A_bandpower_epoch,10,265,0,0.5877005467013052,1
rf,A_bandpower_epoch,10,265,0,0.7763221812441716,1
rf,A_bandpower_epoch,10,265,0,0.9056970234192556,1
rf,A_bandpower_epoch,10,265,0,0.8689449848833027,1
rf,A_bandpower_epoch,10,265,0,0.1958470332418716,0
rf,A_bandpower_epoch,10,265,0,0.8371489112057857,1
rf,A_bandpower_epoch,10,265,0,0.7176807470426513,1
rf,A_bandpower_epoch,10,265,0,0.7667078596331449,1
rf,A_bandpower_epoch,10,265,0,0.8375554409453541,1
rf,A_bandpower_epoch,10,265,0,0.4581290524651143,0
rf,A_bandpower_epoch,10,265,0,0.6485267686916403,1
rf,A_bandpower_epoch,10,265,1,0.7786520433137797,1
rf,A_bandpower_epoch,10,265,1,0.931046532497535,1
rf,A_bandpower_epoch,10,265,1,0.947982951928521,1
rf,A_bandpower_epoch,10,265,1,0.9441149887047742,1
rf,A_bandpower_epoch,10,265,1,0.6331137513194217,1
rf,A_bandpower_epoch,10,265,1,0.27227286482719637,0
rf,A_bandpower_epoch,10,265,1,0.7835258584464733,1
rf,A_bandpower_epoch,10,265,1,0.8287079501785364,1
rf,A_bandpower_epoch,10,265,1,0.7150996437715014,1
rf,A_bandpower_epoch,10,265,1,0.9563015576220648,1
rf,A_bandpower_epoch,10,265,1,0.650354891456383,1
rf,B_wpli_edges_epoch_sliding,1,249,0,0.328804480145831,0
rf,B_wpli_edges_epoch_sliding,1,249,0,0.31510945446230126,0
rf,B_wpli_edges_epoch_sliding,1,249,0,0.43217439745502273,0
rf,B_wpli_edges_epoch_sliding,1,249,0,0.37544534346884795,0
rf,B_wpli_edges_epoch_sliding,1,249,0,0.42281447229290253,0
rf,B_wpli_edges_epoch_sliding,1,249,0,0.33218425878292457,0
rf,B_wpli_edges_epoch_sliding,1,249,0,0.6640106863487003,1
rf,B_wpli_edges_epoch_sliding,1,249,0,0.33190388503011303,0
rf,B_wpli_edges_epoch_sliding,1,249,0,0.339991597418852,0
rf,B_wpli_edges_epoch_sliding,1,249,0,0.49722376921302774,0
rf,B_wpli_edges_epoch_sliding,1,249,0,0.39728143096739793,0
rf,B_wpli_edges_epoch_sliding,1,249,0,0.3457786470775608,0
rf,B_wpli_edges_epoch_sliding,1,249,0,0.39828833390494006,0
rf,B_wpli_edges_epoch_sliding,1,249,0,0.44841798394002075,0
rf,B_wpli_edges_epoch_sliding,1,249,0,0.3104084497542963,0
rf,B_wpli_edges_epoch_sliding,1,249,1,0.3324724145763184,0
rf,B_wpli_edges_epoch_sliding,1,249,1,0.5412629644797047,1
rf,B_wpli_edges_epoch_sliding,1,249,1,0.3035210257477194,0
rf,B_wpli_edges_epoch_sliding,1,249,1,0.36523019125492806,0
rf,B_wpli_edges_epoch_sliding,1,249,1,0.513694895825864,1
rf,B_wpli_edges_epoch_sliding,1,249,1,0.4987827018827863,0
rf,B_wpli_edges_epoch_sliding,1,249,1,0.6256988501699077,1
rf,B_wpli_edges_epoch_sliding,1,249,1,0.304346044297506,0
rf,B_wpli_edges_epoch_sliding,1,249,1,0.3649408948617323,0
rf,B_wpli_edges_epoch_sliding,1,249,1,0.33130325412767136,0
rf,B_wpli_edges_epoch_sliding,1,249,1,0.5614339411491557,1
rf,B_wpli_edges_epoch_sliding,1,249,1,0.23284570764106483,0
rf,B_wpli_edges_epoch_sliding,1,249,1,0.6084834997616035,1
rf,B_wpli_edges_epoch_sliding,1,249,1,0.2720627244033085,0
rf,B_wpli_edges_epoch_sliding,1,249,1,0.38952340845094713,0
rf,B_wpli_edges_epoch_sliding,1,249,1,0.3826146887211844,0
rf,B_wpli_edges_epoch_sliding,1,249,1,0.6107706132308107,1
rf,B_wpli_edges_epoch_sliding,2,219,0,0.4607980530489937,0
rf,B_wpli_edges_epoch_sliding,2,219,0,0.5029565164070983,1
rf,B_wpli_edges_epoch_sliding,2,219,0,0.48552347412157026,0
rf,B_wpli_edges_epoch_sliding,2,219,0,0.5289935136151701,1
rf,B_wpli_edges_epoch_sliding,2,219,0,0.547786016191364,1
rf,B_wpli_edges_epoch_sliding,2,219,0,0.6731456050757992,1
rf,B_wpli_edges_epoch_sliding,2,219,0,0.4024254941443958,0
rf,B_wpli_edges_epoch_sliding,2,219,0,0.562065924350048,1
rf,B_wpli_edges_epoch_sliding,2,219,0,0.32670292249104016,0
rf,B_wpli_edges_epoch_sliding,2,219,0,0.6281921096865825,1
rf,B_wpli_edges_epoch_sliding,2,219,0,0.5823964112228658,1
rf,B_wpli_edges_epoch_sliding,2,219,0,0.5153545600301025,1
rf,B_wpli_edges_epoch_sliding,2,219,0,0.34411858877059787,0
rf,B_wpli_edges_epoch_sliding,2,219,0,0.5357673816585169,1
rf,B_wpli_edges_epoch_sliding,2,219,1,0.4432879688794338,0
rf,B_wpli_edges_epoch_sliding,2,219,1,0.3679951728061618,0
rf,B_wpli_edges_epoch_sliding,2,219,1,0.4814821362917891,0
rf,B_wpli_edges_epoch_sliding,2,219,1,0.5211198200911535,1
rf,B_wpli_edges_epoch_sliding,2,219,1,0.5471380398498112,1
rf,B_wpli_edges_epoch_sliding,2,219,1,0.4900997797749919,0
rf,B_wpli_edges_epoch_sliding,2,219,1,0.3955264638525465,0
rf,B_wpli_edges_epoch_sliding,2,219,1,0.34223358124812264,0
rf,B_wpli_edges_epoch_sliding,2,219,1,0.46496890605474844,0
rf,B_wpli_edges_epoch_sliding,2,219,1,0.5213792384612908,1
rf,B_wpli_edges_epoch_sliding,2,219,1,0.575446940228932,1
rf,B_wpli_edges_epoch_sliding,2,219,1,0.3818407878164798,0
rf,B_wpli_edges_epoch_sliding,2,219,1,0.349461995947826,0
rf,B_wpli_edges_epoch_sliding,2,219,1,0.5422804918442841,1
rf,B_wpli_edges_epoch_sliding,2,219,1,0.43163153018310474,0
rf,B_wpli_edges_epoch_sliding,2,219,1,0.35781214066946065,0
rf,B_wpli_edges_epoch_sliding,3,313,0,0.5059803693818471,1
rf,B_wpli_edges_epoch_sliding,3,313,0,0.45819279539922,0
rf,B_wpli_edges_epoch_sliding,3,313,0,0.5194839863579417,1
rf,B_wpli_edges_epoch_sliding,3,313,0,0.42662273095289677,0
rf,B_wpli_edges_epoch_sliding,3,313,0,0.5107793518947351,1
rf,B_wpli_edges_epoch_sliding,3,313,0,0.5806926358607588,1
rf,B_wpli_edges_epoch_sliding,3,313,0,0.5204921552881738,1
rf,B_wpli_edges_epoch_sliding,3,313,0,0.4287522283187315,0
rf,B_wpli_edges_epoch_sliding,3,313,0,0.5322488563386473,1
rf,B_wpli_edges_epoch_sliding,3,313,0,0.5208880762487673,1
rf,B_wpli_edges_epoch_sliding,3,313,0,0.4696386368983982,0
rf,B_wpli_edges_epoch_sliding,3,313,0,0.5377409304214307,1
rf,B_wpli_edges_epoch_sliding,3,313,0,0.545257190851012,1
rf,B_wpli_edges_epoch_sliding,3,313,0,0.5294177640647252,1
rf,B_wpli_edges_epoch_sliding,3,313,0,0.4667254266854675,0
rf,B_wpli_edges_epoch_sliding,3,313,1,0.5431254208134202,1
rf,B_wpli_edges_epoch_sliding,3,313,1,0.46578075153512555,0
rf,B_wpli_edges_epoch_sliding,3,313,1,0.44462052586603507,0
rf,B_wpli_edges_epoch_sliding,3,313,1,0.39735240782494363,0
rf,B_wpli_edges_epoch_sliding,3,313,1,0.4470525013055653,0
rf,B_wpli_edges_epoch_sliding,3,313,1,0.4943429402007172,0
rf,B_wpli_edges_epoch_sliding,3,313,1,0.5219865911493605,1
rf,B_wpli_edges_epoch_sliding,3,313,1,0.4408809109619973,0
rf,B_wpli_edges_epoch_sliding,3,313,1,0.4576360378403119,0
rf,B_wpli_edges_epoch_sliding,3,313,1,0.4967248020437423,0
rf,B_wpli_edges_epoch_sliding,3,313,1,0.47469143888830195,0
rf,B_wpli_edges_epoch_sliding,3,313,1,0.48809832163267264,0
rf,B_wpli_edges_epoch_sliding,3,313,1,0.48825854916702915,0
rf,B_wpli_edges_epoch_sliding,3,313,1,0.43082976251003785,0
rf,B_wpli_edges_epoch_sliding,4,318,0,0.5583459418699085,1
rf,B_wpli_edges_epoch_sliding,4,318,0,0.40072312600234805,0
rf,B_wpli_edges_epoch_sliding,4,318,0,0.35914451315468304,0
rf,B_wpli_edges_epoch_sliding,4,318,0,0.3057821653332073,0
rf,B_wpli_edges_epoch_sliding,4,318,0,0.47501215902291277,0
rf,B_wpli_edges_epoch_sliding,4,318,0,0.43776572156375715,0
rf,B_wpli_edges_epoch_sliding,4,318,0,0.3550930535833415,0
rf,B_wpli_edges_epoch_sliding,4,318,0,0.44583004153430406,0
rf,B_wpli_edges_epoch_sliding,4,318,0,0.3194425449093996,0
rf,B_wpli_edges_epoch_sliding,4,318,0,0.47576205341902367,0
rf,B_wpli_edges_epoch_sliding,4,318,0,0.40570733348906973,0
rf,B_wpli_edges_epoch_sliding,4,318,0,0.4440886685815702,0
rf,B_wpli_edges_epoch_sliding,4,318,0,0.2596386389170179,0
rf,B_wpli_edges_epoch_sliding,4,318,0,0.2782690877726902,0
rf,B_wpli_edges_epoch_sliding,4,318,1,0.4628504528954559,0
rf,B_wpli_edges_epoch_sliding,4,318,1,0.4901436402213613,0
rf,B_wpli_edges_epoch_sliding,4,318,1,0.463975351515698,0
rf,B_wpli_edges_epoch_sliding,4,318,1,0.45397152972001725,0
rf,B_wpli_edges_epoch_sliding,4,318,1,0.5408664737778599,1
rf,B_wpli_edges_epoch_sliding,4,318,1,0.40882010867801977,0
rf,B_wpli_edges_epoch_sliding,4,318,1,0.5471515825424569,1
rf,B_wpli_edges_epoch_sliding,4,318,1,0.504683629690208,1
rf,B_wpli_edges_epoch_sliding,4,318,1,0.5648214856017747,1
rf,B_wpli_edges_epoch_sliding,4,318,1,0.4629209627182417,0
rf,B_wpli_edges_epoch_sliding,4,318,1,0.4735204805978967,0
rf,B_wpli_edges_epoch_sliding,4,318,1,0.4761492769355157,0
rf,B_wpli_edges_epoch_sliding,4,318,1,0.5401009085731687,1
rf,B_wpli_edges_epoch_sliding,4,318,1,0.5677886995272591,1
rf,B_wpli_edges_epoch_sliding,5,300,0,0.6667068419035708,1
rf,B_wpli_edges_epoch_sliding,5,300,0,0.6441906432133437,1
rf,B_wpli_edges_epoch_sliding,5,300,0,0.5017247758569856,1
rf,B_wpli_edges_epoch_sliding,5,300,0,0.5635398249865223,1
rf,B_wpli_edges_epoch_sliding,5,300,0,0.5240105364050388,1
rf,B_wpli_edges_epoch_sliding,5,300,0,0.6576621609532646,1
rf,B_wpli_edges_epoch_sliding,5,300,0,0.5163256954398914,1
rf,B_wpli_edges_epoch_sliding,5,300,0,0.5927988348738155,1
rf,B_wpli_edges_epoch_sliding,5,300,0,0.6616864026387226,1
rf,B_wpli_edges_epoch_sliding,5,300,0,0.5868158859767227,1
rf,B_wpli_edges_epoch_sliding,5,300,0,0.5932714661661757,1
rf,B_wpli_edges_epoch_sliding,5,300,0,0.5859548459319118,1
rf,B_wpli_edges_epoch_sliding,5,300,0,0.5484984777851402,1
rf,B_wpli_edges_epoch_sliding,5,300,0,0.5147145126796194,1
rf,B_wpli_edges_epoch_sliding,5,300,1,0.3997691472332058,0
rf,B_wpli_edges_epoch_sliding,5,300,1,0.38377070675194086,0
rf,B_wpli_edges_epoch_sliding,5,300,1,0.5093073564411923,1
rf,B_wpli_edges_epoch_sliding,5,300,1,0.5419439597985242,1
rf,B_wpli_edges_epoch_sliding,5,300,1,0.4904705580623858,0
rf,B_wpli_edges_epoch_sliding,5,300,1,0.4104495387413873,0
rf,B_wpli_edges_epoch_sliding,5,300,1,0.6446048400889007,1
rf,B_wpli_edges_epoch_sliding,5,300,1,0.5582859208233711,1
rf,B_wpli_edges_epoch_sliding,5,300,1,0.5633894362530165,1
rf,B_wpli_edges_epoch_sliding,5,300,1,0.5477703935110708,1
rf,B_wpli_edges_epoch_sliding,5,300,1,0.37086385338252265,0
rf,B_wpli_edges_epoch_sliding,5,300,1,0.6732697409873236,1
rf,B_wpli_edges_epoch_sliding,5,300,1,0.5658692513270992,1
rf,B_wpli_edges_epoch_sliding,5,300,1,0.6708115582442289,1
rf,B_wpli_edges_epoch_sliding,6,271,0,0.6170805261367464,1
rf,B_wpli_edges_epoch_sliding,6,271,0,0.36972551332549386,0
rf,B_wpli_edges_epoch_sliding,6,271,0,0.44272718160423985,0
rf,B_wpli_edges_epoch_sliding,6,271,0,0.4909332385236012,0
rf,B_wpli_edges_epoch_sliding,6,271,0,0.5060412145054695,1
rf,B_wpli_edges_epoch_sliding,6,271,0,0.484305316991649,0
rf,B_wpli_edges_epoch_sliding,6,271,0,0.511293644225334,1
rf,B_wpli_edges_epoch_sliding,6,271,0,0.44721317061483623,0
rf,B_wpli_edges_epoch_sliding,6,271,0,0.6038354752727613,1
rf,B_wpli_edges_epoch_sliding,6,271,0,0.5019333707883038,1
rf,B_wpli_edges_epoch_sliding,6,271,0,0.5332798347405813,1
rf,B_wpli_edges_epoch_sliding,6,271,0,0.4595638243417859,0
rf,B_wpli_edges_epoch_sliding,6,271,0,0.5284471945451604,1
rf,B_wpli_edges_epoch_sliding,6,271,0,0.48702711868016835,0
rf,B_wpli_edges_epoch_sliding,6,271,1,0.4349343350183725,0
rf,B_wpli_edges_epoch_sliding,6,271,1,0.35784449445395,0
rf,B_wpli_edges_epoch_sliding,6,271,1,0.41089149934225927,0
rf,B_wpli_edges_epoch_sliding,6,271,1,0.35602475151986823,0
rf,B_wpli_edges_epoch_sliding,6,271,1,0.43292059203394834,0
rf,B_wpli_edges_epoch_sliding,6,271,1,0.5009303438909695,1
rf,B_wpli_edges_epoch_sliding,6,271,1,0.459732583090944,0
rf,B_wpli_edges_epoch_sliding,6,271,1,0.4394032446758688,0
rf,B_wpli_edges_epoch_sliding,6,271,1,0.5082533069002326,1
rf,B_wpli_edges_epoch_sliding,6,271,1,0.48688384313325167,0
rf,B_wpli_edges_epoch_sliding,6,271,1,0.46923715324612564,0
rf,B_wpli_edges_epoch_sliding,6,271,1,0.41989416602577817,0
rf,B_wpli_edges_epoch_sliding,6,271,1,0.5430938441171385,1
rf,B_wpli_edges_epoch_sliding,6,271,1,0.454542428638939,0
rf,B_wpli_edges_epoch_sliding,7,251,0,0.4487179745738041,0
rf,B_wpli_edges_epoch_sliding,7,251,0,0.5326593987133301,1
rf,B_wpli_edges_epoch_sliding,7,251,0,0.5058074390639375,1
rf,B_wpli_edges_epoch_sliding,7,251,0,0.5415158591810721,1
rf,B_wpli_edges_epoch_sliding,7,251,0,0.4982243249422325,0
rf,B_wpli_edges_epoch_sliding,7,251,0,0.46811335300521945,0
rf,B_wpli_edges_epoch_sliding,7,251,0,0.5113072769708604,1
rf,B_wpli_edges_epoch_sliding,7,251,0,0.4623827040047444,0
rf,B_wpli_edges_epoch_sliding,7,251,0,0.40077981465894635,0
rf,B_wpli_edges_epoch_sliding,7,251,0,0.4368783624272546,0
rf,B_wpli_edges_epoch_sliding,7,251,0,0.5399473679825023,1
rf,B_wpli_edges_epoch_sliding,7,251,0,0.5384708865225273,1
rf,B_wpli_edges_epoch_sliding,7,251,0,0.5256713843608607,1
rf,B_wpli_edges_epoch_sliding,7,251,0,0.5085022539983587,1
rf,B_wpli_edges_epoch_sliding,7,251,1,0.44541435694005804,0
rf,B_wpli_edges_epoch_sliding,7,251,1,0.5305564435353832,1
rf,B_wpli_edges_epoch_sliding,7,251,1,0.5216411776483312,1
rf,B_wpli_edges_epoch_sliding,7,251,1,0.5485823754180903,1
rf,B_wpli_edges_epoch_sliding,7,251,1,0.4379608940903384,0
rf,B_wpli_edges_epoch_sliding,7,251,1,0.42877797944983626,0
rf,B_wpli_edges_epoch_sliding,7,251,1,0.4838485583225565,0
rf,B_wpli_edges_epoch_sliding,7,251,1,0.42996027297217937,0
rf,B_wpli_edges_epoch_sliding,7,251,1,0.4853463718180528,0
rf,B_wpli_edges_epoch_sliding,7,251,1,0.563297289913362,1
rf,B_wpli_edges_epoch_sliding,7,251,1,0.4743796001865654,0
rf,B_wpli_edges_epoch_sliding,7,251,1,0.46783246750388274,0
rf,B_wpli_edges_epoch_sliding,7,251,1,0.5050636160083668,1
rf,B_wpli_edges_epoch_sliding,8,282,0,0.5116300333010105,1
rf,B_wpli_edges_epoch_sliding,8,282,0,0.6959226361508347,1
rf,B_wpli_edges_epoch_sliding,8,282,0,0.3784512544164217,0
rf,B_wpli_edges_epoch_sliding,8,282,0,0.5641785131140127,1
rf,B_wpli_edges_epoch_sliding,8,282,0,0.6353385050169854,1
rf,B_wpli_edges_epoch_sliding,8,282,0,0.58878331827513,1
rf,B_wpli_edges_epoch_sliding,8,282,0,0.4413516021345547,0
rf,B_wpli_edges_epoch_sliding,8,282,0,0.5166422483796566,1
rf,B_wpli_edges_epoch_sliding,8,282,0,0.5895954792784271,1
rf,B_wpli_edges_epoch_sliding,8,282,0,0.6438353181719072,1
rf,B_wpli_edges_epoch_sliding,8,282,0,0.5929868385322602,1
rf,B_wpli_edges_epoch_sliding,8,282,0,0.4593513876685164,0
rf,B_wpli_edges_epoch_sliding,8,282,0,0.6986874102862322,1
rf,B_wpli_edges_epoch_sliding,8,282,0,0.5195023628460884,1
rf,B_wpli_edges_epoch_sliding,8,282,1,0.5010846958141884,1
rf,B_wpli_edges_epoch_sliding,8,282,1,0.7174913035183551,1
rf,B_wpli_edges_epoch_sliding,8,282,1,0.7165268857312751,1
rf,B_wpli_edges_epoch_sliding,8,282,1,0.6577323538479404,1
rf,B_wpli_edges_epoch_sliding,8,282,1,0.6915691162727358,1
rf,B_wpli_edges_epoch_sliding,8,282,1,0.428472995945447,0
rf,B_wpli_edges_epoch_sliding,8,282,1,0.5577541345604812,1
rf,B_wpli_edges_epoch_sliding,8,282,1,0.5604404972590908,1
rf,B_wpli_edges_epoch_sliding,8,282,1,0.22500289312679422,0
rf,B_wpli_edges_epoch_sliding,8,282,1,0.3088158381240461,0
rf,B_wpli_edges_epoch_sliding,8,282,1,0.6677885084007694,1
rf,B_wpli_edges_epoch_sliding,9,210,0,0.5643488702721455,1
rf,B_wpli_edges_epoch_sliding,9,210,0,0.46984139324308205,0
rf,B_wpli_edges_epoch_sliding,9,210,0,0.5262402064925392,1
rf,B_wpli_edges_epoch_sliding,9,210,0,0.4435837118576071,0
rf,B_wpli_edges_epoch_sliding,9,210,0,0.6413974431406905,1
rf,B_wpli_edges_epoch_sliding,9,210,0,0.5116041139789858,1
rf,B_wpli_edges_epoch_sliding,9,210,0,0.5025289706981422,1
rf,B_wpli_edges_epoch_sliding,9,210,0,0.4190341151125942,0
rf,B_wpli_edges_epoch_sliding,9,210,0,0.4348733876735,0
rf,B_wpli_edges_epoch_sliding,9,210,0,0.49777990848113923,0
rf,B_wpli_edges_epoch_sliding,9,210,0,0.4268113472161927,0
rf,B_wpli_edges_epoch_sliding,9,210,0,0.5603727444572787,1
rf,B_wpli_edges_epoch_sliding,9,210,0,0.4211001599530074,0
rf,B_wpli_edges_epoch_sliding,9,210,0,0.4648019245971489,0
rf,B_wpli_edges_epoch_sliding,9,210,1,0.34141321975092626,0
rf,B_wpli_edges_epoch_sliding,9,210,1,0.5339924776676999,1
rf,B_wpli_edges_epoch_sliding,9,210,1,0.5251020245869144,1
rf,B_wpli_edges_epoch_sliding,9,210,1,0.5372352877734121,1
rf,B_wpli_edges_epoch_sliding,9,210,1,0.4629773386519423,0
rf,B_wpli_edges_epoch_sliding,9,210,1,0.55529918046747,1
rf,B_wpli_edges_epoch_sliding,9,210,1,0.5486037363118879,1
rf,B_wpli_edges_epoch_sliding,9,210,1,0.5323247160620642,1
rf,B_wpli_edges_epoch_sliding,9,210,1,0.5176597689218759,1
rf,B_wpli_edges_epoch_sliding,9,210,1,0.49899627925650436,0
rf,B_wpli_edges_epoch_sliding,9,210,1,0.5366532482392578,1
rf,B_wpli_edges_epoch_sliding,10,265,0,0.5620947307128764,1
rf,B_wpli_edges_epoch_sliding,10,265,0,0.5619757874292787,1
rf,B_wpli_edges_epoch_sliding,10,265,0,0.6572103154033353,1
rf,B_wpli_edges_epoch_sliding,10,265,0,0.422599536982664,0
rf,B_wpli_edges_epoch_sliding,10,265,0,0.42620117425348186,0
rf,B_wpli_edges_epoch_sliding,10,265,0,0.47448570284591873,0
rf,B_wpli_edges_epoch_sliding,10,265,0,0.5023033694315123,1
rf,B_wpli_edges_epoch_sliding,10,265,0,0.47645335347975276,0
rf,B_wpli_edges_epoch_sliding,10,265,0,0.4673194384239974,0
rf,B_wpli_edges_epoch_sliding,10,265,0,0.5409022661146521,1
rf,B_wpli_edges_epoch_sliding,10,265,0,0.5066422334228309,1
rf,B_wpli_edges_epoch_sliding,10,265,0,0.4963361066382046,0
rf,B_wpli_edges_epoch_sliding,10,265,0,0.5569088873285909,1
rf,B_wpli_edges_epoch_sliding,10,265,1,0.5130165639042308,1
rf,B_wpli_edges_epoch_sliding,10,265,1,0.582208690802692,1
rf,B_wpli_edges_epoch_sliding,10,265,1,0.4864912133794215,0
rf,B_wpli_edges_epoch_sliding,10,265,1,0.5140769252258428,1
rf,B_wpli_edges_epoch_sliding,10,265,1,0.6056251338833316,1
rf,B_wpli_edges_epoch_sliding,10,265,1,0.559086504407708,1
rf,B_wpli_edges_epoch_sliding,10,265,1,0.5782099179415423,1
rf,B_wpli_edges_epoch_sliding,10,265,1,0.5543875054091211,1
rf,B_wpli_edges_epoch_sliding,10,265,1,0.4926153962540473,0
rf,B_wpli_edges_epoch_sliding,10,265,1,0.5665277577087763,1
rf,B_wpli_edges_epoch_sliding,10,265,1,0.536050612116475,1
rf,C_AplusB_epoch_sliding,1,249,0,0.33571689673533656,0
rf,C_AplusB_epoch_sliding,1,249,0,0.3838056941000804,0
rf,C_AplusB_epoch_sliding,1,249,0,0.4005996613764061,0
rf,C_AplusB_epoch_sliding,1,249,0,0.44793295196868455,0
rf,C_AplusB_epoch_sliding,1,249,0,0.3516783072588952,0
rf,C_AplusB_epoch_sliding,1,249,0,0.33554934079558335,0
rf,C_AplusB_epoch_sliding,1,249,0,0.574842865322502,1
rf,C_AplusB_epoch_sliding,1,249,0,0.3295795278100849,0
rf,C_AplusB_epoch_sliding,1,249,0,0.3409087440547932,0
rf,C_AplusB_epoch_sliding,1,249,0,0.3342714391911465,0
rf,C_AplusB_epoch_sliding,1,249,0,0.30405912908391075,0
rf,C_AplusB_epoch_sliding,1,249,0,0.33021649056795593,0
rf,C_AplusB_epoch_sliding,1,249,0,0.5545872801368499,1
rf,C_AplusB_epoch_sliding,1,249,0,0.5233952777863453,1
rf,C_AplusB_epoch_sliding,1,249,0,0.29897558769020516,0
rf,C_AplusB_epoch_sliding,1,249,1,0.6742305108531282,1
rf,C_AplusB_epoch_sliding,1,249,1,0.5195240873334059,1
rf,C_AplusB_epoch_sliding,1,249,1,0.340590577093655,0
rf,C_AplusB_epoch_sliding,1,249,1,0.48917089487333143,0
rf,C_AplusB_epoch_sliding,1,249,1,0.5582297825975904,1
rf,C_AplusB_epoch_sliding,1,249,1,0.43824675001504765,0
rf,C_AplusB_epoch_sliding,1,249,1,0.6130531631336417,1
rf,C_AplusB_epoch_sliding,1,249,1,0.5104979547064318,1
rf,C_AplusB_epoch_sliding,1,249,1,0.6044982992460147,1
rf,C_AplusB_epoch_sliding,1,249,1,0.5044314796737972,1
rf,C_AplusB_epoch_sliding,1,249,1,0.5972291978722035,1
rf,C_AplusB_epoch_sliding,1,249,1,0.3748611785350891,0
rf,C_AplusB_epoch_sliding,1,249,1,0.5701954918742097,1
rf,C_AplusB_epoch_sliding,1,249,1,0.4142324125777624,0
rf,C_AplusB_epoch_sliding,1,249,1,0.5789075122176289,1
rf,C_AplusB_epoch_sliding,1,249,1,0.36616632283862516,0
rf,C_AplusB_epoch_sliding,1,249,1,0.5951668083169946,1
rf,C_AplusB_epoch_sliding,2,219,0,0.5757988391662944,1
rf,C_AplusB_epoch_sliding,2,219,0,0.32751145635314294,0
rf,C_AplusB_epoch_sliding,2,219,0,0.3004385189232444,0
rf,C_AplusB_epoch_sliding,2,219,0,0.7689914433912497,1
rf,C_AplusB_epoch_sliding,2,219,0,0.6528772243217535,1
rf,C_AplusB_epoch_sliding,2,219,0,0.6369128668660483,1
rf,C_AplusB_epoch_sliding,2,219,0,0.7456372544344292,1
rf,C_AplusB_epoch_sliding,2,219,0,0.6572809594965365,1
rf,C_AplusB_epoch_sliding,2,219,0,0.6963083006145833,1
rf,C_AplusB_epoch_sliding,2,219,0,0.6295569903319679,1
rf,C_AplusB_epoch_sliding,2,219,0,0.6048487090220621,1
rf,C_AplusB_epoch_sliding,2,219,0,0.6684794356897558,1
rf,C_AplusB_epoch_sliding,2,219,0,0.30853900362667813,0
rf,C_AplusB_epoch_sliding,2,219,0,0.3293104792770017,0
rf,C_AplusB_epoch_sliding,2,219,1,0.5922818985096295,1
rf,C_AplusB_epoch_sliding,2,219,1,0.4823229139531053,0
rf,C_AplusB_epoch_sliding,2,219,1,0.5938599669963293,1
rf,C_AplusB_epoch_sliding,2,219,1,0.7966419105565674,1
rf,C_AplusB_epoch_sliding,2,219,1,0.7857622374869933,1
rf,C_AplusB_epoch_sliding,2,219,1,0.7392069869744258,1
rf,C_AplusB_epoch_sliding,2,219,1,0.7013934801449931,1
rf,C_AplusB_epoch_sliding,2,219,1,0.6883605355726905,1
rf,C_AplusB_epoch_sliding,2,219,1,0.701326989011447,1
rf,C_AplusB_epoch_sliding,2,219,1,0.6830549696841349,1
rf,C_AplusB_epoch_sliding,2,219,1,0.7425550990804869,1
rf,C_AplusB_epoch_sliding,2,219,1,0.7645786785209381,1
rf,C_AplusB_epoch_sliding,2,219,1,0.715407500546991,1
rf,C_AplusB_epoch_sliding,2,219,1,0.6593453497719843,1
rf,C_AplusB_epoch_sliding,2,219,1,0.5389983234678624,1
rf,C_AplusB_epoch_sliding,2,219,1,0.7439156579163231,1
rf,C_AplusB_epoch_sliding,3,313,0,0.39084814643626914,0
rf,C_AplusB_epoch_sliding,3,313,0,0.18022386345448388,0
rf,C_AplusB_epoch_sliding,3,313,0,0.24660403456834487,0
rf,C_AplusB_epoch_sliding,3,313,0,0.24541997325020187,0
rf,C_AplusB_epoch_sliding,3,313,0,0.3244030149961489,0
rf,C_AplusB_epoch_sliding,3,313,0,0.7729525861905486,1
rf,C_AplusB_epoch_sliding,3,313,0,0.4786573990633504,0
rf,C_AplusB_epoch_sliding,3,313,0,0.21667223360027346,0
rf,C_AplusB_epoch_sliding,3,313,0,0.19223128902735984,0
rf,C_AplusB_epoch_sliding,3,313,0,0.22568690904691177,0
rf,C_AplusB_epoch_sliding,3,313,0,0.34475176198673024,0
rf,C_AplusB_epoch_sliding,3,313,0,0.4071637132743986,0
rf,C_AplusB_epoch_sliding,3,313,0,0.576743079418579,1
rf,C_AplusB_epoch_sliding,3,313,0,0.2765213866235464,0
rf,C_AplusB_epoch_sliding,3,313,0,0.20956803141252703,0
rf,C_AplusB_epoch_sliding,3,313,1,0.6065345102026519,1
rf,C_AplusB_epoch_sliding,3,313,1,0.6297877242938285,1
rf,C_AplusB_epoch_sliding,3,313,1,0.3955512097331628,0
rf,C_AplusB_epoch_sliding,3,313,1,0.32964464427673845,0
rf,C_AplusB_epoch_sliding,3,313,1,0.8129292274576972,1
rf,C_AplusB_epoch_sliding,3,313,1,0.2655152874088252,0
rf,C_AplusB_epoch_sliding,3,313,1,0.881433058753698,1
rf,C_AplusB_epoch_sliding,3,313,1,0.7629354222670156,1
rf,C_AplusB_epoch_sliding,3,313,1,0.5829997450012971,1
rf,C_AplusB_epoch_sliding,3,313,1,0.4200585987131374,0
rf,C_AplusB_epoch_sliding,3,313,1,0.6269642639504345,1
rf,C_AplusB_epoch_sliding,3,313,1,0.44885798651643344,0
rf,C_AplusB_epoch_sliding,3,313,1,0.4560587041109428,0
rf,C_AplusB_epoch_sliding,3,313,1,0.6524221897611292,1
rf,C_AplusB_epoch_sliding,4,318,0,0.38666666666666666,0
rf,C_AplusB_epoch_sliding,4,318,0,0.4583333333333333,0
rf,C_AplusB_epoch_sliding,4,318,0,0.15166666666666667,0
rf,C_AplusB_epoch_sliding,4,318,0,0.08166666666666667,0
rf,C_AplusB_epoch_sliding,4,318,0,0.685,1
rf,C_AplusB_epoch_sliding,4,318,0,0.215,0
rf,C_AplusB_epoch_sliding,4,318,0,0.058333333333333334,0
rf,C_AplusB_epoch_sliding,4,318,0,0.17333333333333334,0
rf,C_AplusB_epoch_sliding,4,318,0,0.29,0
rf,C_AplusB_epoch_sliding,4,318,0,0.18833333333333332,0
rf,C_AplusB_epoch_sliding,4,318,0,0.21,0
rf,C_AplusB_epoch_sliding,4,318,0,0.13833333333333334,0
rf,C_AplusB_epoch_sliding,4,318,0,0.145,0
rf,C_AplusB_epoch_sliding,4,318,0,0.14666666666666667,0
rf,C_AplusB_epoch_sliding,4,318,1,0.7066666666666667,1
rf,C_AplusB_epoch_sliding,4,318,1,0.7233333333333334,1
rf,C_AplusB_epoch_sliding,4,318,1,0.26,0
rf,C_AplusB_epoch_sliding,4,318,1,0.8316666666666667,1
rf,C_AplusB_epoch_sliding,4,318,1,0.6566666666666666,1
rf,C_AplusB_epoch_sliding,4,318,1,0.4766666666666667,0
rf,C_AplusB_epoch_sliding,4,318,1,0.8583333333333333,1
rf,C_AplusB_epoch_sliding,4,318,1,0.4816666666666667,0
rf,C_AplusB_epoch_sliding,4,318,1,0.8166666666666667,1
rf,C_AplusB_epoch_sliding,4,318,1,0.49166666666666664,0
rf,C_AplusB_epoch_sliding,4,318,1,0.155,0
rf,C_AplusB_epoch_sliding,4,318,1,0.6966666666666667,1
rf,C_AplusB_epoch_sliding,4,318,1,0.8316666666666667,1
rf,C_AplusB_epoch_sliding,4,318,1,0.41833333333333333,0
rf,C_AplusB_epoch_sliding,5,300,0,0.6315187181954677,1
rf,C_AplusB_epoch_sliding,5,300,0,0.7738161319449983,1
rf,C_AplusB_epoch_sliding,5,300,0,0.7609066112064455,1
rf,C_AplusB_epoch_sliding,5,300,0,0.7994467480672456,1
rf,C_AplusB_epoch_sliding,5,300,0,0.8749044719545308,1
rf,C_AplusB_epoch_sliding,5,300,0,0.7084649060205104,1
rf,C_AplusB_epoch_sliding,5,300,0,0.7190238787532112,1
rf,C_AplusB_epoch_sliding,5,300,0,0.8355467159812432,1
rf,C_AplusB_epoch_sliding,5,300,0,0.6757673409722025,1
rf,C_AplusB_epoch_sliding,5,300,0,0.5321317822392376,1
rf,C_AplusB_epoch_sliding,5,300,0,0.7240456142069667,1
rf,C_AplusB_epoch_sliding,5,300,0,0.7448285816108872,1
rf,C_AplusB_epoch_sliding,5,300,0,0.8177183444115423,1
rf,C_AplusB_epoch_sliding,5,300,0,0.7265116587189513,1
rf,C_AplusB_epoch_sliding,5,300,1,0.7860921358044707,1
rf,C_AplusB_epoch_sliding,5,300,1,0.7570775573535868,1
rf,C_AplusB_epoch_sliding,5,300,1,0.8140893774808796,1
rf,C_AplusB_epoch_sliding,5,300,1,0.7950047114504553,1
rf,C_AplusB_epoch_sliding,5,300,1,0.8308539641217146,1
rf,C_AplusB_epoch_sliding,5,300,1,0.843151921232146,1
rf,C_AplusB_epoch_sliding,5,300,1,0.8148633547780016,1
rf,C_AplusB_epoch_sliding,5,300,1,0.8189243806855095,1
rf,C_AplusB_epoch_sliding,5,300,1,0.7874952173675781,1
rf,C_AplusB_epoch_sliding,5,300,1,0.8286687677890195,1
rf,C_AplusB_epoch_sliding,5,300,1,0.7521093368848767,1
rf,C_AplusB_epoch_sliding,5,300,1,0.8240614366228305,1
rf,C_AplusB_epoch_sliding,5,300,1,0.8031985404815362,1
rf,C_AplusB_epoch_sliding,5,300,1,0.8464300179300283,1
rf,C_AplusB_epoch_sliding,6,271,0,0.7826349565395019,1
rf,C_AplusB_epoch_sliding,6,271,0,0.2577425985251482,0
rf,C_AplusB_epoch_sliding,6,271,0,0.34128854893345495,0
rf,C_AplusB_epoch_sliding,6,271,0,0.5660304321097799,1
rf,C_AplusB_epoch_sliding,6,271,0,0.45711046376675957,0
rf,C_AplusB_epoch_sliding,6,271,0,0.24566476308808632,0
rf,C_AplusB_epoch_sliding,6,271,0,0.4609209768916854,0
rf,C_AplusB_epoch_sliding,6,271,0,0.16477566822652978,0
rf,C_AplusB_epoch_sliding,6,271,0,0.12830722704040345,0
rf,C_AplusB_epoch_sliding,6,271,0,0.6439505995987354,1
rf,C_AplusB_epoch_sliding,6,271,0,0.5445356850561796,1
rf,C_AplusB_epoch_sliding,6,271,0,0.46015026868674597,0
rf,C_AplusB_epoch_sliding,6,271,0,0.5017856727291466,1
rf,C_AplusB_epoch_sliding,6,271,0,0.21966531590250157,0
rf,C_AplusB_epoch_sliding,6,271,1,0.4792001716881584,0
rf,C_AplusB_epoch_sliding,6,271,1,0.5229122137287793,1
rf,C_AplusB_epoch_sliding,6,271,1,0.39431521428702987,0
rf,C_AplusB_epoch_sliding,6,271,1,0.3984672998644021,0
rf,C_AplusB_epoch_sliding,6,271,1,0.5778118681477453,1
rf,C_AplusB_epoch_sliding,6,271,1,0.536719421034478,1
rf,C_AplusB_epoch_sliding,6,271,1,0.5587375889597052,1
rf,C_AplusB_epoch_sliding,6,271,1,0.46554772388973664,0
rf,C_AplusB_epoch_sliding,6,271,1,0.5955354723969769,1
rf,C_AplusB_epoch_sliding,6,271,1,0.6115551374207125,1
rf,C_AplusB_epoch_sliding,6,271,1,0.5346716099459495,1
rf,C_AplusB_epoch_sliding,6,271,1,0.61288840122422,1
rf,C_AplusB_epoch_sliding,6,271,1,0.6270719247567828,1
rf,C_AplusB_epoch_sliding,6,271,1,0.4931523441817796,0
rf,C_AplusB_epoch_sliding,7,251,0,0.12530670802636681,0
rf,C_AplusB_epoch_sliding,7,251,0,0.23544731683537048,0
rf,C_AplusB_epoch_sliding,7,251,0,0.3925840342672177,0
rf,C_AplusB_epoch_sliding,7,251,0,0.25703627915573324,0
rf,C_AplusB_epoch_sliding,7,251,0,0.13049753597342745,0
rf,C_AplusB_epoch_sliding,7,251,0,0.43002324302417255,0
rf,C_AplusB_epoch_sliding,7,251,0,0.26,0
rf,C_AplusB_epoch_sliding,7,251,0,0.13549753597342745,0
rf,C_AplusB_epoch_sliding,7,251,0,0.09549753597342743,0
rf,C_AplusB_epoch_sliding,7,251,0,0.08049753597342743,0
rf,C_AplusB_epoch_sliding,7,251,0,0.29544731683537045,0
rf,C_AplusB_epoch_sliding,7,251,0,0.3154473168353705,0
rf,C_AplusB_epoch_sliding,7,251,0,0.40020592165587643,0
rf,C_AplusB_epoch_sliding,7,251,0,0.2850324004296592,0
rf,C_AplusB_epoch_sliding,7,251,1,0.49731691161846087,0
rf,C_AplusB_epoch_sliding,7,251,1,0.45033690643331264,0
rf,C_AplusB_epoch_sliding,7,251,1,0.39539989309786727,0
rf,C_AplusB_epoch_sliding,7,251,1,0.4553382736096387,0
rf,C_AplusB_epoch_sliding,7,251,1,0.3701331868001496,0
rf,C_AplusB_epoch_sliding,7,251,1,0.28497082186340217,0
rf,C_AplusB_epoch_sliding,7,251,1,0.26227732624085087,0
rf,C_AplusB_epoch_sliding,7,251,1,0.4201776440695238,0
rf,C_AplusB_epoch_sliding,7,251,1,0.24476359343657653,0
rf,C_AplusB_epoch_sliding,7,251,1,0.2903493258654339,0
rf,C_AplusB_epoch_sliding,7,251,1,0.3253967496029371,0
rf,C_AplusB_epoch_sliding,7,251,1,0.3769782899144458,0
rf,C_AplusB_epoch_sliding,7,251,1,0.5998524165572773,1
rf,C_AplusB_epoch_sliding,8,282,0,0.07553565189545285,0
rf,C_AplusB_epoch_sliding,8,282,0,0.39998295795252714,0
rf,C_AplusB_epoch_sliding,8,282,0,0.16590673570399822,0
rf,C_AplusB_epoch_sliding,8,282,0,0.21459040323854495,0
rf,C_AplusB_epoch_sliding,8,282,0,0.07129453454353898,0
rf,C_AplusB_epoch_sliding,8,282,0,0.5001109242994413,1
rf,C_AplusB_epoch_sliding,8,282,0,0.1784213209910375,0
rf,C_AplusB_epoch_sliding,8,282,0,0.0436172422844093,0
rf,C_AplusB_epoch_sliding,8,282,0,0.3208401658154399,0
rf,C_AplusB_epoch_sliding,8,282,0,0.4028729817073081,0
rf,C_AplusB_epoch_sliding,8,282,0,0.243996201519859,0
rf,C_AplusB_epoch_sliding,8,282,0,0.46740830331836736,0
rf,C_AplusB_epoch_sliding,8,282,0,0.45584889842748294,0
rf,C_AplusB_epoch_sliding,8,282,0,0.09615836821271899,0
rf,C_AplusB_epoch_sliding,8,282,1,0.8548106620526059,1
rf,C_AplusB_epoch_sliding,8,282,1,0.8615268375051051,1
rf,C_AplusB_epoch_sliding,8,282,1,0.4655602410635625,0
rf,C_AplusB_epoch_sliding,8,282,1,0.7970098367729256,1
rf,C_AplusB_epoch_sliding,8,282,1,0.827814488937129,1
rf,C_AplusB_epoch_sliding,8,282,1,0.7952697591231831,1
rf,C_AplusB_epoch_sliding,8,282,1,0.48435145445704825,0
rf,C_AplusB_epoch_sliding,8,282,1,0.4840771100688414,0
rf,C_AplusB_epoch_sliding,8,282,1,0.5318492915060188,1
rf,C_AplusB_epoch_sliding,8,282,1,0.1722098214102908,0
rf,C_AplusB_epoch_sliding,8,282,1,0.5963286447494285,1
rf,C_AplusB_epoch_sliding,9,210,0,0.5589374813486943,1
rf,C_AplusB_epoch_sliding,9,210,0,0.1973321746118567,0
rf,C_AplusB_epoch_sliding,9,210,0,0.13282664315513504,0
rf,C_AplusB_epoch_sliding,9,210,0,0.5222639474975606,1
rf,C_AplusB_epoch_sliding,9,210,0,0.5113012949618703,1
rf,C_AplusB_epoch_sliding,9,210,0,0.2194504412862788,0
rf,C_AplusB_epoch_sliding,9,210,0,0.3395738498152819,0
rf,C_AplusB_epoch_sliding,9,210,0,0.40635298829039374,0
rf,C_AplusB_epoch_sliding,9,210,0,0.19505659698822847,0
rf,C_AplusB_epoch_sliding,9,210,0,0.25423545571619277,0
rf,C_AplusB_epoch_sliding,9,210,0,0.362568926829921,0
rf,C_AplusB_epoch_sliding,9,210,0,0.202386060499838,0
rf,C_AplusB_epoch_sliding,9,210,0,0.5100904905868846,1
rf,C_AplusB_epoch_sliding,9,210,0,0.14102155596379057,0
rf,C_AplusB_epoch_sliding,9,210,1,0.17270493108227603,0
rf,C_AplusB_epoch_sliding,9,210,1,0.7051158949801285,1
rf,C_AplusB_epoch_sliding,9,210,1,0.7052719912502096,1
rf,C_AplusB_epoch_sliding,9,210,1,0.5898950640282004,1
rf,C_AplusB_epoch_sliding,9,210,1,0.7618381534267268,1
rf,C_AplusB_epoch_sliding,9,210,1,0.6648856594597689,1
rf,C_AplusB_epoch_sliding,9,210,1,0.40520166025095783,0
rf,C_AplusB_epoch_sliding,9,210,1,0.30000741330526703,0
rf,C_AplusB_epoch_sliding,9,210,1,0.7049348325061965,1
rf,C_AplusB_epoch_sliding,9,210,1,0.4920038897339837,0
rf,C_AplusB_epoch_sliding,9,210,1,0.817105946385983,1
rf,C_AplusB_epoch_sliding,10,265,0,0.5634831564523622,1
rf,C_AplusB_epoch_sliding,10,265,0,0.5551760379830276,1
rf,C_AplusB_epoch_sliding,10,265,0,0.5745161549943542,1
rf,C_AplusB_epoch_sliding,10,265,0,0.24451570981820045,0
rf,C_AplusB_epoch_sliding,10,265,0,0.31823011366868265,0
rf,C_AplusB_epoch_sliding,10,265,0,0.3451707384016061,0
rf,C_AplusB_epoch_sliding,10,265,0,0.7013129174264087,1
rf,C_AplusB_epoch_sliding,10,265,0,0.2672943674285094,0
rf,C_AplusB_epoch_sliding,10,265,0,0.6567204388307334,1
rf,C_AplusB_epoch_sliding,10,265,0,0.5816070946940985,1
rf,C_AplusB_epoch_sliding,10,265,0,0.23756424046088204,0
rf,C_AplusB_epoch_sliding,10,265,0,0.2591029825748865,0
rf,C_AplusB_epoch_sliding,10,265,0,0.4908111137651376,0
rf,C_AplusB_epoch_sliding,10,265,1,0.5767055119889389,1
rf,C_AplusB_epoch_sliding,10,265,1,0.5981124526499526,1
rf,C_AplusB_epoch_sliding,10,265,1,0.6131975394953266,1
rf,C_AplusB_epoch_sliding,10,265,1,0.6798319812619128,1
rf,C_AplusB_epoch_sliding,10,265,1,0.7594441063227998,1
rf,C_AplusB_epoch_sliding,10,265,1,0.6405258868817306,1
rf,C_AplusB_epoch_sliding,10,265,1,0.676004103925423,1
rf,C_AplusB_epoch_sliding,10,265,1,0.5764137293918881,1
rf,C_AplusB_epoch_sliding,10,265,1,0.5751967698294099,1
rf,C_AplusB_epoch_sliding,10,265,1,0.6843569214015442,1
rf,C_AplusB_epoch_sliding,10,265,1,0.6269655525494244,1
svm,A_bandpower_epoch,1,249,0,-1.1372793401267849,0
svm,A_bandpower_epoch,1,249,0,-0.03588710603721168,0
svm,A_bandpower_epoch,1,249,0,-1.1423859370569893,0
svm,A_bandpower_epoch,1,249,0,-2.080238042597504,0
svm,A_bandpower_epoch,1,249,0,-3.347117797967261,0
svm,A_bandpower_epoch,1,249,0,-2.3467158044992438,0
svm,A_bandpower_epoch,1,249,0,-1.3927747509885258,0
svm,A_bandpower_epoch,1,249,0,-1.365104070846943,0
svm,A_bandpower_epoch,1,249,0,-0.8419925409774045,0
svm,A_bandpower_epoch,1,249,0,-0.9641519756304611,0
svm,A_bandpower_epoch,1,249,0,-2.33949110865726,0
svm,A_bandpower_epoch,1,249,0,-1.9301268602358768,0
svm,A_bandpower_epoch,1,249,0,-1.249742746680429,0
svm,A_bandpower_epoch,1,249,0,-0.3978515523644184,0
svm,A_bandpower_epoch,1,249,0,-3.48474048215569,0
svm,A_bandpower_epoch,1,249,1,2.9642617782439196,1
svm,A_bandpower_epoch,1,249,1,1.0493709952303156,1
svm,A_bandpower_epoch,1,249,1,1.7943348323701933,1
svm,A_bandpower_epoch,1,249,1,0.574322671534329,1
svm,A_bandpower_epoch,1,249,1,1.9927716773653792,1
svm,A_bandpower_epoch,1,249,1,-0.07376233311879687,0
svm,A_bandpower_epoch,1,249,1,1.7989051346733014,1
svm,A_bandpower_epoch,1,249,1,1.6761477661459558,1
svm,A_bandpower_epoch,1,249,1,0.6444660430506524,1
svm,A_bandpower_epoch,1,249,1,1.6892214052769212,1
svm,A_bandpower_epoch,1,249,1,1.2262504245478532,1
svm,A_bandpower_epoch,1,249,1,1.742271066994359,1
svm,A_bandpower_epoch,1,249,1,0.08845443702153588,1
svm,A_bandpower_epoch,1,249,1,-0.20843324405997876,0
svm,A_bandpower_epoch,1,249,1,1.313442546327888,1
svm,A_bandpower_epoch,1,249,1,-0.7277605559466913,0
svm,A_bandpower_epoch,1,249,1,0.9138155592366637,1
svm,A_bandpower_epoch,2,219,0,0.9444961941386313,1
svm,A_bandpower_epoch,2,219,0,1.045400728541606,1
svm,A_bandpower_epoch,2,219,0,1.0138417705371694,1
svm,A_bandpower_epoch,2,219,0,1.5011118421092253,1
svm,A_bandpower_epoch,2,219,0,0.9603363048371713,1
svm,A_bandpower_epoch,2,219,0,0.994531694740521,1
svm,A_bandpower_epoch,2,219,0,0.6869494666113979,1
svm,A_bandpower_epoch,2,219,0,-1.5579967909117052,0
svm,A_bandpower_epoch,2,219,0,1.3270604578678715,1
svm,A_bandpower_epoch,2,219,0,0.03621994820988472,1
svm,A_bandpower_epoch,2,219,0,-0.8171144369918203,0
svm,A_bandpower_epoch,2,219,0,0.022932154592134935,1
svm,A_bandpower_epoch,2,219,0,-1.0012249915746578,0
svm,A_bandpower_epoch,2,219,0,0.15644653196519298,1
svm,A_bandpower_epoch,2,219,1,1.3089530167045242,1
svm,A_bandpower_epoch,2,219,1,1.8229065256013324,1
svm,A_bandpower_epoch,2,219,1,1.5096746920982178,1
svm,A_bandpower_epoch,2,219,1,1.8077177492461218,1
svm,A_bandpower_epoch,2,219,1,1.7106871027720412,1
svm,A_bandpower_epoch,2,219,1,1.5363897489901555,1
svm,A_bandpower_epoch,2,219,1,1.3801671450090365,1
svm,A_bandpower_epoch,2,219,1,1.6981798043724319,1
svm,A_bandpower_epoch,2,219,1,1.6160675169304697,1
svm,A_bandpower_epoch,2,219,1,1.2977244330797335,1
svm,A_bandpower_epoch,2,219,1,1.5579765962087389,1
svm,A_bandpower_epoch,2,219,1,1.6198588366312285,1
svm,A_bandpower_epoch,2,219,1,1.620485227064468,1
svm,A_bandpower_epoch,2,219,1,1.2674709597544478,1
svm,A_bandpower_epoch,2,219,1,1.2212207992652528,1
svm,A_bandpower_epoch,2,219,1,1.7029822709463156,1
svm,A_bandpower_epoch,3,313,0,-0.1340507054568416,0
svm,A_bandpower_epoch,3,313,0,-0.0655948930529302,0
svm,A_bandpower_epoch,3,313,0,0.6722136414683195,1
svm,A_bandpower_epoch,3,313,0,-0.25322901797284025,0
svm,A_bandpower_epoch,3,313,0,-0.27281505929383165,0
svm,A_bandpower_epoch,3,313,0,0.0734014550386366,1
svm,A_bandpower_epoch,3,313,0,-0.1822386290967284,0
svm,A_bandpower_epoch,3,313,0,-0.11332194010105745,0
svm,A_bandpower_epoch,3,313,0,0.7886710401037238,1
svm,A_bandpower_epoch,3,313,0,0.3891362206170772,1
svm,A_bandpower_epoch,3,313,0,-0.7887488392691164,0
svm,A_bandpower_epoch,3,313,0,-0.48979102342459946,0
svm,A_bandpower_epoch,3,313,0,0.8448621291190523,1
svm,A_bandpower_epoch,3,313,0,-0.7494596904400463,0
svm,A_bandpower_epoch,3,313,0,0.3768227039456793,1
svm,A_bandpower_epoch,3,313,1,0.8902294735502512,1
svm,A_bandpower_epoch,3,313,1,0.7873336077150714,1
svm,A_bandpower_epoch,3,313,1,1.200848563456491,1
svm,A_bandpower_epoch,3,313,1,0.674343740423824,1
svm,A_bandpower_epoch,3,313,1,1.0052225990345267,1
svm,A_bandpower_epoch,3,313,1,0.4834510511830121,1
svm,A_bandpower_epoch,3,313,1,0.8837850236994758,1
svm,A_bandpower_epoch,3,313,1,0.8365496976290547,1
svm,A_bandpower_epoch,3,313,1,1.7179634470528828,1
svm,A_bandpower_epoch,3,313,1,1.3629802563835955,1
svm,A_bandpower_epoch,3,313,1,-0.7341916998355611,0
svm,A_bandpower_epoch,3,313,1,0.7913099203240552,1
svm,A_bandpower_epoch,3,313,1,0.27556742152876446,1
svm,A_bandpower_epoch,3,313,1,0.5028407567023567,1
svm,A_bandpower_epoch,4,318,0,0.10846445610388344,1
svm,A_bandpower_epoch,4,318,0,-1.7840037269134557,0
svm,A_bandpower_epoch,4,318,0,-0.5834328370143707,0
svm,A_bandpower_epoch,4,318,0,-0.0486419190770897,0
svm,A_bandpower_epoch,4,318,0,0.17767773525274522,1
svm,A_bandpower_epoch,4,318,0,-1.5780217662738207,0
svm,A_bandpower_epoch,4,318,0,-0.8656419445677377,0
svm,A_bandpower_epoch,4,318,0,-2.584414802907002,0
svm,A_bandpower_epoch,4,318,0,-0.6230312221931606,0
svm,A_bandpower_epoch,4,318,0,-0.17855222643856705,0
svm,A_bandpower_epoch,4,318,0,-1.7868031976362422,0
svm,A_bandpower_epoch,4,318,0,-0.9128865572212967,0
svm,A_bandpower_epoch,4,318,0,-2.3267666089944488,0
svm,A_bandpower_epoch,4,318,0,-1.1667032629130227,0
svm,A_bandpower_epoch,4,318,1,-1.0309717486561405,0
svm,A_bandpower_epoch,4,318,1,0.08623768719056302,1
svm,A_bandpower_epoch,4,318,1,-0.4409022379662042,0
svm,A_bandpower_epoch,4,318,1,0.11270249442406155,1
svm,A_bandpower_epoch,4,318,1,-0.22238767055420694,0
svm,A_bandpower_epoch,4,318,1,-0.3651681799572175,0
svm,A_bandpower_epoch,4,318,1,0.20884607936720045,1
svm,A_bandpower_epoch,4,318,1,-0.2859353032420786,0
svm,A_bandpower_epoch,4,318,1,0.10807704411086783,1
svm,A_bandpower_epoch,4,318,1,0.625960793962909,1
svm,A_bandpower_epoch,4,318,1,0.05546468215375833,1
svm,A_bandpower_epoch,4,318,1,-0.2911584234463793,0
svm,A_bandpower_epoch,4,318,1,-0.04381459249712605,0
svm,A_bandpower_epoch,4,318,1,-0.13742977113182575,0
svm,A_bandpower_epoch,5,300,0,3.1625134030349646,1
svm,A_bandpower_epoch,5,300,0,3.9865711287164607,1
svm,A_bandpower_epoch,5,300,0,3.940076560271643,1
svm,A_bandpower_epoch,5,300,0,4.739275880622557,1
svm,A_bandpower_epoch,5,300,0,2.125861752071535,1
svm,A_bandpower_epoch,5,300,0,2.3828088395583236,1
svm,A_bandpower_epoch,5,300,0,3.775867891622251,1
svm,A_bandpower_epoch,5,300,0,3.0864039236210847,1
svm,A_bandpower_epoch,5,300,0,3.93240232693011,1
svm,A_bandpower_epoch,5,300,0,2.7381859551885683,1
svm,A_bandpower_epoch,5,300,0,2.6574580220594846,1
svm,A_bandpower_epoch,5,300,0,1.5022217929546788,1
svm,A_bandpower_epoch,5,300,0,3.313935901444943,1
svm,A_bandpower_epoch,5,300,0,4.039028356001705,1
svm,A_bandpower_epoch,5,300,1,2.8784301078032173,1
svm,A_bandpower_epoch,5,300,1,3.693098896156713,1
svm,A_bandpower_epoch,5,300,1,2.1883728903625275,1
svm,A_bandpower_epoch,5,300,1,2.535740497512179,1
svm,A_bandpower_epoch,5,300,1,3.7721664865836515,1
svm,A_bandpower_epoch,5,300,1,3.1569494296967098,1
svm,A_bandpower_epoch,5,300,1,2.848718075900989,1
svm,A_bandpower_epoch,5,300,1,2.823555304622261,1
svm,A_bandpower_epoch,5,300,1,2.936692717345649,1
svm,A_bandpower_epoch,5,300,1,2.6600449742563073,1
svm,A_bandpower_epoch,5,300,1,3.5505500245390214,1
svm,A_bandpower_epoch,5,300,1,1.8211038893605953,1
svm,A_bandpower_epoch,5,300,1,2.445785618770492,1
svm,A_bandpower_epoch,5,300,1,2.2467329482998646,1
svm,A_bandpower_epoch,6,271,0,-0.3363335233665123,0
svm,A_bandpower_epoch,6,271,0,-0.3009522798972936,0
svm,A_bandpower_epoch,6,271,0,-0.7321218367822713,0
svm,A_bandpower_epoch,6,271,0,-0.37988100808281206,0
svm,A_bandpower_epoch,6,271,0,-0.12536021857215446,0
svm,A_bandpower_epoch,6,271,0,-0.16277742313350968,0
svm,A_bandpower_epoch,6,271,0,-0.8935661473718475,0
svm,A_bandpower_epoch,6,271,0,-1.9142008345007877,0
svm,A_bandpower_epoch,6,271,0,-1.4867993620516304,0
svm,A_bandpower_epoch,6,271,0,-0.6150930224850539,0
svm,A_bandpower_epoch,6,271,0,-0.4820659810028664,0
svm,A_bandpower_epoch,6,271,0,-0.5577280029183269,0
svm,A_bandpower_epoch,6,271,0,-0.988288293284445,0
svm,A_bandpower_epoch,6,271,0,-0.6380342834421444,0
svm,A_bandpower_epoch,6,271,1,-0.41161749753391014,0
svm,A_bandpower_epoch,6,271,1,0.23045457884634707,1
svm,A_bandpower_epoch,6,271,1,-0.5669977068790026,0
svm,A_bandpower_epoch,6,271,1,-0.32814419288057667,0
svm,A_bandpower_epoch,6,271,1,-0.2757965448686059,0
svm,A_bandpower_epoch,6,271,1,-0.617010459763738,0
svm,A_bandpower_epoch,6,271,1,-0.21855875718639822,0
svm,A_bandpower_epoch,6,271,1,-0.5317331433111367,0
svm,A_bandpower_epoch,6,271,1,-0.07520846561800648,0
svm,A_bandpower_epoch,6,271,1,-0.23682260035172215,0
svm,A_bandpower_epoch,6,271,1,-0.4678048029701241,0
svm,A_bandpower_epoch,6,271,1,-0.07357268802976719,0
svm,A_bandpower_epoch,6,271,1,-0.012536842233010714,0
svm,A_bandpower_epoch,6,271,1,-0.17581698012350871,0
svm,A_bandpower_epoch,7,251,0,-2.62151080846796,0
svm,A_bandpower_epoch,7,251,0,-2.9757008085288756,0
svm,A_bandpower_epoch,7,251,0,-3.3546605542722174,0
svm,A_bandpower_epoch,7,251,0,-2.85801054658727,0
svm,A_bandpower_epoch,7,251,0,-2.742204388623283,0
svm,A_bandpower_epoch,7,251,0,-2.790769712063269,0
svm,A_bandpower_epoch,7,251,0,-2.5915172778226063,0
svm,A_bandpower_epoch,7,251,0,-3.3394013992517024,0
svm,A_bandpower_epoch,7,251,0,-2.9287679871341057,0
svm,A_bandpower_epoch,7,251,0,-2.9393377669158105,0
svm,A_bandpower_epoch,7,251,0,-3.554636211386801,0
svm,A_bandpower_epoch,7,251,0,-2.9353407266870195,0
svm,A_bandpower_epoch,7,251,0,-3.2998259601053554,0
svm,A_bandpower_epoch,7,251,0,-3.5258165526342173,0
svm,A_bandpower_epoch,7,251,1,-1.4772774785105602,0
svm,A_bandpower_epoch,7,251,1,-2.173269762323276,0
svm,A_bandpower_epoch,7,251,1,-1.4910408540095672,0
svm,A_bandpower_epoch,7,251,1,-1.8213236827253463,0
svm,A_bandpower_epoch,7,251,1,-2.8809149449810274,0
svm,A_bandpower_epoch,7,251,1,-0.8342133472759763,0
svm,A_bandpower_epoch,7,251,1,-2.8528843059385087,0
svm,A_bandpower_epoch,7,251,1,-2.33250508759561,0
svm,A_bandpower_epoch,7,251,1,-0.6750402356347316,0
svm,A_bandpower_epoch,7,251,1,-2.809500922604193,0
svm,A_bandpower_epoch,7,251,1,-2.2564769957723234,0
svm,A_bandpower_epoch,7,251,1,-1.734162694004245,0
svm,A_bandpower_epoch,7,251,1,-0.3750439676943238,0
svm,A_bandpower_epoch,8,282,0,-1.7293543825709172,0
svm,A_bandpower_epoch,8,282,0,-1.8421349804309337,0
svm,A_bandpower_epoch,8,282,0,-1.3586505099387731,0
svm,A_bandpower_epoch,8,282,0,-1.5201354068494235,0
svm,A_bandpower_epoch,8,282,0,-1.9836651871941202,0
svm,A_bandpower_epoch,8,282,0,-0.9467004112105297,0
svm,A_bandpower_epoch,8,282,0,-1.2685396972823384,0
svm,A_bandpower_epoch,8,282,0,-1.1880327901505965,0
svm,A_bandpower_epoch,8,282,0,-0.6835720516002335,0
svm,A_bandpower_epoch,8,282,0,-0.9974707771209099,0
svm,A_bandpower_epoch,8,282,0,-1.0916643682145664,0
svm,A_bandpower_epoch,8,282,0,-1.013469582969557,0
svm,A_bandpower_epoch,8,282,0,-1.0815837971969817,0
svm,A_bandpower_epoch,8,282,0,-1.8115553978707732,0
svm,A_bandpower_epoch,8,282,1,1.6662194585757193,1
svm,A_bandpower_epoch,8,282,1,1.7186092907517672,1
svm,A_bandpower_epoch,8,282,1,1.4430173339467582,1
svm,A_bandpower_epoch,8,282,1,1.798523059641681,1
svm,A_bandpower_epoch,8,282,1,1.467072926008625,1
svm,A_bandpower_epoch,8,282,1,1.143988753706006,1
svm,A_bandpower_epoch,8,282,1,0.5644225907950815,1
svm,A_bandpower_epoch,8,282,1,0.4627215812754286,1
svm,A_bandpower_epoch,8,282,1,1.0356921830281933,1
svm,A_bandpower_epoch,8,282,1,1.1532620827978268,1
svm,A_bandpower_epoch,8,282,1,1.358568886672147,1
svm,A_bandpower_epoch,9,210,0,-0.9972557611074127,0
svm,A_bandpower_epoch,9,210,0,-1.3795289647646616,0
svm,A_bandpower_epoch,9,210,0,-1.2452762278762624,0
svm,A_bandpower_epoch,9,210,0,-1.3842615541789787,0
svm,A_bandpower_epoch,9,210,0,-1.508994312380823,0
svm,A_bandpower_epoch,9,210,0,-0.7219346066928001,0
svm,A_bandpower_epoch,9,210,0,-2.2080702879100773,0
svm,A_bandpower_epoch,9,210,0,-1.177674012080674,0
svm,A_bandpower_epoch,9,210,0,-0.6635341503262868,0
svm,A_bandpower_epoch,9,210,0,-1.2206320894378297,0
svm,A_bandpower_epoch,9,210,0,-0.6980459903997787,0
svm,A_bandpower_epoch,9,210,0,-2.467190052007753,0
svm,A_bandpower_epoch,9,210,0,-2.224574196679045,0
svm,A_bandpower_epoch,9,210,0,-0.6403295943044061,0
svm,A_bandpower_epoch,9,210,1,1.1837507643296572,1
svm,A_bandpower_epoch,9,210,1,0.7481605946070129,1
svm,A_bandpower_epoch,9,210,1,0.8275557328961707,1
svm,A_bandpower_epoch,9,210,1,0.18591303592478248,1
svm,A_bandpower_epoch,9,210,1,0.12892920077942271,1
svm,A_bandpower_epoch,9,210,1,0.261529569516993,1
svm,A_bandpower_epoch,9,210,1,-0.4083444481524925,0
svm,A_bandpower_epoch,9,210,1,0.7857672056422285,1
svm,A_bandpower_epoch,9,210,1,0.3561741944110235,1
svm,A_bandpower_epoch,9,210,1,0.23232815643102178,1
svm,A_bandpower_epoch,9,210,1,-0.46983215361766106,0
svm,A_bandpower_epoch,10,265,0,-0.2859261893544467,0
svm,A_bandpower_epoch,10,265,0,-0.023211454337234372,0
svm,A_bandpower_epoch,10,265,0,-0.48392743461324095,0
svm,A_bandpower_epoch,10,265,0,0.3363294157052312,1
svm,A_bandpower_epoch,10,265,0,-0.15321804779198622,0
svm,A_bandpower_epoch,10,265,0,-0.07498902200585711,0
svm,A_bandpower_epoch,10,265,0,-0.7298845436758992,0
svm,A_bandpower_epoch,10,265,0,-0.11048567846437685,0
svm,A_bandpower_epoch,10,265,0,-0.17544656655564062,0
svm,A_bandpower_epoch,10,265,0,-0.1534001031659411,0
svm,A_bandpower_epoch,10,265,0,0.09842897074518397,1
svm,A_bandpower_epoch,10,265,0,-1.1600589295279402,0
svm,A_bandpower_epoch,10,265,0,-0.5625906227160353,0
svm,A_bandpower_epoch,10,265,1,0.3067013608907079,1
svm,A_bandpower_epoch,10,265,1,0.5447555971249987,1
svm,A_bandpower_epoch,10,265,1,1.1511298936689887,1
svm,A_bandpower_epoch,10,265,1,1.0418311908271196,1
svm,A_bandpower_epoch,10,265,1,0.547758667478627,1
svm,A_bandpower_epoch,10,265,1,-0.5443789061362647,0
svm,A_bandpower_epoch,10,265,1,0.5140571487775336,1
svm,A_bandpower_epoch,10,265,1,0.7286002990764846,1
svm,A_bandpower_epoch,10,265,1,0.1335323321628099,1
svm,A_bandpower_epoch,10,265,1,0.7765786106175145,1
svm,A_bandpower_epoch,10,265,1,-0.3850194162856919,0
svm,B_wpli_edges_epoch_sliding,1,249,0,-0.84228461775013,0
svm,B_wpli_edges_epoch_sliding,1,249,0,-0.7731452658241296,0
svm,B_wpli_edges_epoch_sliding,1,249,0,-0.769941879241365,0
svm,B_wpli_edges_epoch_sliding,1,249,0,-0.7966914939818484,0
svm,B_wpli_edges_epoch_sliding,1,249,0,-0.6144420371724775,0
svm,B_wpli_edges_epoch_sliding,1,249,0,-0.6990341832996516,0
svm,B_wpli_edges_epoch_sliding,1,249,0,-0.2608182941165984,0
svm,B_wpli_edges_epoch_sliding,1,249,0,-0.7209975098741205,0
svm,B_wpli_edges_epoch_sliding,1,249,0,-0.8571061993231145,0
svm,B_wpli_edges_epoch_sliding,1,249,0,-0.8482310737154413,0
svm,B_wpli_edges_epoch_sliding,1,249,0,-0.8360296460009893,0
svm,B_wpli_edges_epoch_sliding,1,249,0,-0.7384055930344604,0
svm,B_wpli_edges_epoch_sliding,1,249,0,-0.726112184501637,0
svm,B_wpli_edges_epoch_sliding,1,249,0,-0.7195616499359359,0
svm,B_wpli_edges_epoch_sliding,1,249,0,-0.8398412727891886,0
svm,B_wpli_edges_epoch_sliding,1,249,1,-0.7868172581405645,0
svm,B_wpli_edges_epoch_sliding,1,249,1,-0.43199181483155125,0
svm,B_wpli_edges_epoch_sliding,1,249,1,-0.6790887012367288,0
svm,B_wpli_edges_epoch_sliding,1,249,1,-0.6262582925444309,0
svm,B_wpli_edges_epoch_sliding,1,249,1,-0.5315541259386636,0
svm,B_wpli_edges_epoch_sliding,1,249,1,-0.6637082778528685,0
svm,B_wpli_edges_epoch_sliding,1,249,1,-0.46220732073278104,0
svm,B_wpli_edges_epoch_sliding,1,249,1,-0.6598654416424864,0
svm,B_wpli_edges_epoch_sliding,1,249,1,-0.6108568139281674,0
svm,B_wpli_edges_epoch_sliding,1,249,1,-0.6680168602145201,0
svm,B_wpli_edges_epoch_sliding,1,249,1,-0.6876295470577474,0
svm,B_wpli_edges_epoch_sliding,1,249,1,-0.7346588445929824,0
svm,B_wpli_edges_epoch_sliding,1,249,1,-0.5842407265838034,0
svm,B_wpli_edges_epoch_sliding,1,249,1,-0.819222434842473,0
svm,B_wpli_edges_epoch_sliding,1,249,1,-0.5484552498731283,0
svm,B_wpli_edges_epoch_sliding,1,249,1,-0.6601578933059381,0
svm,B_wpli_edges_epoch_sliding,1,249,1,-0.6877054870110655,0
svm,B_wpli_edges_epoch_sliding,2,219,0,0.4383763621062882,1
svm,B_wpli_edges_epoch_sliding,2,219,0,-0.42671635025281435,0
svm,B_wpli_edges_epoch_sliding,2,219,0,0.3113465532212591,1
svm,B_wpli_edges_epoch_sliding,2,219,0,-0.31842946931779237,0
svm,B_wpli_edges_epoch_sliding,2,219,0,0.005112641593766509,1
svm,B_wpli_edges_epoch_sliding,2,219,0,0.41831543678759847,1
svm,B_wpli_edges_epoch_sliding,2,219,0,-0.7966413080709542,0
svm,B_wpli_edges_epoch_sliding,2,219,0,0.3902289124363602,1
svm,B_wpli_edges_epoch_sliding,2,219,0,-0.6466714108195604,0
svm,B_wpli_edges_epoch_sliding,2,219,0,-0.4370826287597674,0
svm,B_wpli_edges_epoch_sliding,2,219,0,-0.04036259051510471,0
svm,B_wpli_edges_epoch_sliding,2,219,0,-0.262351397639665,0
svm,B_wpli_edges_epoch_sliding,2,219,0,-0.8414361721568775,0
svm,B_wpli_edges_epoch_sliding,2,219,0,-1.1138808367513444,0
svm,B_wpli_edges_epoch_sliding,2,219,1,-0.3638834359509694,0
svm,B_wpli_edges_epoch_sliding,2,219,1,-0.08265048309980444,0
svm,B_wpli_edges_epoch_sliding,2,219,1,0.14346166766329732,1
svm,B_wpli_edges_epoch_sliding,2,219,1,-0.001096142038706116,0
svm,B_wpli_edges_epoch_sliding,2,219,1,0.2757471201064808,1
svm,B_wpli_edges_epoch_sliding,2,219,1,0.48723384758225835,1
svm,B_wpli_edges_epoch_sliding,2,219,1,0.03922938783099306,1
svm,B_wpli_edges_epoch_sliding,2,219,1,0.4779817819341697,1
svm,B_wpli_edges_epoch_sliding,2,219,1,0.02459307413926093,1
svm,B_wpli_edges_epoch_sliding,2,219,1,-0.25375719242848277,0
svm,B_wpli_edges_epoch_sliding,2,219,1,-0.6592920248389571,0
svm,B_wpli_edges_epoch_sliding,2,219,1,-0.15719831711699447,0
svm,B_wpli_edges_epoch_sliding,2,219,1,-0.8017376692850424,0
svm,B_wpli_edges_epoch_sliding,2,219,1,0.19976818542017222,1
svm,B_wpli_edges_epoch_sliding,2,219,1,-0.6401523837466551,0
svm,B_wpli_edges_epoch_sliding,2,219,1,0.021267804204832264,1
svm,B_wpli_edges_epoch_sliding,3,313,0,0.5954898296406846,1
svm,B_wpli_edges_epoch_sliding,3,313,0,0.49756160526002646,1
svm,B_wpli_edges_epoch_sliding,3,313,0,0.6761009374159239,1
svm,B_wpli_edges_epoch_sliding,3,313,0,0.6717992616084492,1
svm,B_wpli_edges_epoch_sliding,3,313,0,0.6580619960904774,1
svm,B_wpli_edges_epoch_sliding,3,313,0,0.7901918832628327,1
svm,B_wpli_edges_epoch_sliding,3,313,0,0.8673322914187979,1
svm,B_wpli_edges_epoch_sliding,3,313,0,0.5806593945950145,1
svm,B_wpli_edges_epoch_sliding,3,313,0,0.7121115345379655,1
svm,B_wpli_edges_epoch_sliding,3,313,0,0.6681380583117964,1
svm,B_wpli_edges_epoch_sliding,3,313,0,0.6019022533217249,1
svm,B_wpli_edges_epoch_sliding,3,313,0,0.802006509445987,1
svm,B_wpli_edges_epoch_sliding,3,313,0,0.7551536775442942,1
svm,B_wpli_edges_epoch_sliding,3,313,0,0.7783064044117318,1
svm,B_wpli_edges_epoch_sliding,3,313,0,0.6562330334957798,1
svm,B_wpli_edges_epoch_sliding,3,313,1,0.7934286944585087,1
svm,B_wpli_edges_epoch_sliding,3,313,1,0.5214622389277894,1
svm,B_wpli_edges_epoch_sliding,3,313,1,0.6060816952581165,1
svm,B_wpli_edges_epoch_sliding,3,313,1,0.6041428673099636,1
svm,B_wpli_edges_epoch_sliding,3,313,1,0.7127106465220135,1
svm,B_wpli_edges_epoch_sliding,3,313,1,0.6266699894146367,1
svm,B_wpli_edges_epoch_sliding,3,313,1,0.8978281148403005,1
svm,B_wpli_edges_epoch_sliding,3,313,1,0.6738060436697734,1
svm,B_wpli_edges_epoch_sliding,3,313,1,0.6093178759421444,1
svm,B_wpli_edges_epoch_sliding,3,313,1,0.7671262071544921,1
svm,B_wpli_edges_epoch_sliding,3,313,1,0.7757429082527606,1
svm,B_wpli_edges_epoch_sliding,3,313,1,0.6966937639088,1
svm,B_wpli_edges_epoch_sliding,3,313,1,0.8378707688200638,1
svm,B_wpli_edges_epoch_sliding,3,313,1,0.7585566505174361,1
svm,B_wpli_edges_epoch_sliding,4,318,0,-0.24037735068004726,0
svm,B_wpli_edges_epoch_sliding,4,318,0,-0.021208812204956018,0
svm,B_wpli_edges_epoch_sliding,4,318,0,-0.3852837710681369,0
svm,B_wpli_edges_epoch_sliding,4,318,0,-0.90800989599704,0
svm,B_wpli_edges_epoch_sliding,4,318,0,0.5211948840107397,1
svm,B_wpli_edges_epoch_sliding,4,318,0,0.29813397781650447,1
svm,B_wpli_edges_epoch_sliding,4,318,0,-0.3182189041878004,0
svm,B_wpli_edges_epoch_sliding,4,318,0,0.056939575986335644,1
svm,B_wpli_edges_epoch_sliding,4,318,0,-0.6793549720600738,0
svm,B_wpli_edges_epoch_sliding,4,318,0,-0.012755293956917269,0
svm,B_wpli_edges_epoch_sliding,4,318,0,-0.6560697954923009,0
svm,B_wpli_edges_epoch_sliding,4,318,0,-0.10470010399936247,0
svm,B_wpli_edges_epoch_sliding,4,318,0,-0.661703479372936,0
svm,B_wpli_edges_epoch_sliding,4,318,0,-0.39601185432028396,0
svm,B_wpli_edges_epoch_sliding,4,318,1,-0.08911325810644716,0
svm,B_wpli_edges_epoch_sliding,4,318,1,-0.02423438730249816,0
svm,B_wpli_edges_epoch_sliding,4,318,1,0.12193705722495934,1
svm,B_wpli_edges_epoch_sliding,4,318,1,0.03631601234854226,1
svm,B_wpli_edges_epoch_sliding,4,318,1,0.1853271152115607,1
svm,B_wpli_edges_epoch_sliding,4,318,1,-0.12220032599985903,0
svm,B_wpli_edges_epoch_sliding,4,318,1,0.384401033563551,1
svm,B_wpli_edges_epoch_sliding,4,318,1,0.09161256161131276,1
svm,B_wpli_edges_epoch_sliding,4,318,1,0.5478633640330963,1
svm,B_wpli_edges_epoch_sliding,4,318,1,0.3792368086523787,1
svm,B_wpli_edges_epoch_sliding,4,318,1,-0.11290563508495316,0
svm,B_wpli_edges_epoch_sliding,4,318,1,0.22810023041301247,1
svm,B_wpli_edges_epoch_sliding,4,318,1,-0.07361740095292696,0
svm,B_wpli_edges_epoch_sliding,4,318,1,0.4924360967522525,1
svm,B_wpli_edges_epoch_sliding,5,300,0,0.2086221770625296,1
svm,B_wpli_edges_epoch_sliding,5,300,0,0.4661893586664684,1
svm,B_wpli_edges_epoch_sliding,5,300,0,-0.09168134413055562,0
svm,B_wpli_edges_epoch_sliding,5,300,0,0.7218122650902639,1
svm,B_wpli_edges_epoch_sliding,5,300,0,1.046923384138996,1
svm,B_wpli_edges_epoch_sliding,5,300,0,-0.037552455680194774,0
svm,B_wpli_edges_epoch_sliding,5,300,0,-0.4729862927084899,0
svm,B_wpli_edges_epoch_sliding,5,300,0,-0.09155588109365698,0
svm,B_wpli_edges_epoch_sliding,5,300,0,0.07607722240343362,1
svm,B_wpli_edges_epoch_sliding,5,300,0,0.3760506847596098,1
svm,B_wpli_edges_epoch_sliding,5,300,0,-0.04178686953936328,0
svm,B_wpli_edges_epoch_sliding,5,300,0,0.36062550745668576,1
svm,B_wpli_edges_epoch_sliding,5,300,0,0.06627728623273443,1
svm,B_wpli_edges_epoch_sliding,5,300,0,0.5773983356232983,1
svm,B_wpli_edges_epoch_sliding,5,300,1,0.17205880711186627,1
svm,B_wpli_edges_epoch_sliding,5,300,1,-0.6300214497782868,0
svm,B_wpli_edges_epoch_sliding,5,300,1,0.4319676352634041,1
svm,B_wpli_edges_epoch_sliding,5,300,1,0.02543507142532575,1
svm,B_wpli_edges_epoch_sliding,5,300,1,0.004090786077386721,1
svm,B_wpli_edges_epoch_sliding,5,300,1,-0.7286168143305246,0
svm,B_wpli_edges_epoch_sliding,5,300,1,0.23203798419345234,1
svm,B_wpli_edges_epoch_sliding,5,300,1,-0.12745867761441543,0
svm,B_wpli_edges_epoch_sliding,5,300,1,-0.14899893377522577,0
svm,B_wpli_edges_epoch_sliding,5,300,1,-0.4399957326492467,0
svm,B_wpli_edges_epoch_sliding,5,300,1,-0.5027632379766421,0
svm,B_wpli_edges_epoch_sliding,5,300,1,0.21199818579505925,1
svm,B_wpli_edges_epoch_sliding,5,300,1,-0.22858187620529974,0
svm,B_wpli_edges_epoch_sliding,5,300,1,0.10753979586903462,1
svm,B_wpli_edges_epoch_sliding,6,271,0,0.7089532649383703,1
svm,B_wpli_edges_epoch_sliding,6,271,0,0.061019462886412246,1
svm,B_wpli_edges_epoch_sliding,6,271,0,-0.07614567223081081,0
svm,B_wpli_edges_epoch_sliding,6,271,0,0.5916722250219912,1
svm,B_wpli_edges_epoch_sliding,6,271,0,0.010122473927561826,1
svm,B_wpli_edges_epoch_sliding,6,271,0,-0.26593053342067796,0
svm,B_wpli_edges_epoch_sliding,6,271,0,0.5848780817749033,1
svm,B_wpli_edges_epoch_sliding,6,271,0,0.49589900131184583,1
svm,B_wpli_edges_epoch_sliding,6,271,0,0.7396134264420589,1
svm,B_wpli_edges_epoch_sliding,6,271,0,0.5084155091127929,1
svm,B_wpli_edges_epoch_sliding,6,271,0,0.38762661902134044,1
svm,B_wpli_edges_epoch_sliding,6,271,0,0.7373739065747464,1
svm,B_wpli_edges_epoch_sliding,6,271,0,0.9346324755514084,1
svm,B_wpli_edges_epoch_sliding,6,271,0,0.10737568954452592,1
svm,B_wpli_edges_epoch_sliding,6,271,1,0.8598075028807095,1
svm,B_wpli_edges_epoch_sliding,6,271,1,-0.09877713094606755,0
svm,B_wpli_edges_epoch_sliding,6,271,1,0.11312073387266963,1
svm,B_wpli_edges_epoch_sliding,6,271,1,-0.2978150478968204,0
svm,B_wpli_edges_epoch_sliding,6,271,1,-0.1701925775174168,0
svm,B_wpli_edges_epoch_sliding,6,271,1,0.49984079411488125,1
svm,B_wpli_edges_epoch_sliding,6,271,1,0.5491477618210663,1
svm,B_wpli_edges_epoch_sliding,6,271,1,-0.2917480086117173,0
svm,B_wpli_edges_epoch_sliding,6,271,1,0.2161087863082224,1
svm,B_wpli_edges_epoch_sliding,6,271,1,1.0700378932446202,1
svm,B_wpli_edges_epoch_sliding,6,271,1,0.44943026564982613,1
svm,B_wpli_edges_epoch_sliding,6,271,1,0.8783524916189784,1
svm,B_wpli_edges_epoch_sliding,6,271,1,0.8629838820384608,1
svm,B_wpli_edges_epoch_sliding,6,271,1,0.4267255071051057,1
svm,B_wpli_edges_epoch_sliding,7,251,0,-0.3531154556819943,0
svm,B_wpli_edges_epoch_sliding,7,251,0,0.47143520767676295,1
svm,B_wpli_edges_epoch_sliding,7,251,0,0.19745855269752333,1
svm,B_wpli_edges_epoch_sliding,7,251,0,-0.07580396474852152,0
svm,B_wpli_edges_epoch_sliding,7,251,0,0.28022637977841014,1
svm,B_wpli_edges_epoch_sliding,7,251,0,0.0627339151372438,1
svm,B_wpli_edges_epoch_sliding,7,251,0,0.230758575603509,1
svm,B_wpli_edges_epoch_sliding,7,251,0,-0.40443211649371524,0
svm,B_wpli_edges_epoch_sliding,7,251,0,0.07115957891543345,1
svm,B_wpli_edges_epoch_sliding,7,251,0,-0.2479394614007438,0
svm,B_wpli_edges_epoch_sliding,7,251,0,0.9834495145032116,1
svm,B_wpli_edges_epoch_sliding,7,251,0,0.624656287440813,1
svm,B_wpli_edges_epoch_sliding,7,251,0,0.931353924947449,1
svm,B_wpli_edges_epoch_sliding,7,251,0,0.9349724730285955,1
svm,B_wpli_edges_epoch_sliding,7,251,1,0.22479661899155978,1
svm,B_wpli_edges_epoch_sliding,7,251,1,0.6784557044163944,1
svm,B_wpli_edges_epoch_sliding,7,251,1,0.25079751029380737,1
svm,B_wpli_edges_epoch_sliding,7,251,1,0.6056806570185038,1
svm,B_wpli_edges_epoch_sliding,7,251,1,-0.49265945914997666,0
svm,B_wpli_edges_epoch_sliding,7,251,1,-0.35535824938387567,0
svm,B_wpli_edges_epoch_sliding,7,251,1,0.3351942754180013,1
svm,B_wpli_edges_epoch_sliding,7,251,1,-0.19512061247376955,0
svm,B_wpli_edges_epoch_sliding,7,251,1,0.2614719315512809,1
svm,B_wpli_edges_epoch_sliding,7,251,1,0.7231838070731242,1
svm,B_wpli_edges_epoch_sliding,7,251,1,-0.32571396495121324,0
svm,B_wpli_edges_epoch_sliding,7,251,1,0.28809480435248214,1
svm,B_wpli_edges_epoch_sliding,7,251,1,0.4319956506090964,1
svm,B_wpli_edges_epoch_sliding,8,282,0,0.1761040715750884,1
svm,B_wpli_edges_epoch_sliding,8,282,0,0.8309480031963166,1
svm,B_wpli_edges_epoch_sliding,8,282,0,0.8634211222629582,1
svm,B_wpli_edges_epoch_sliding,8,282,0,-0.03470809766774996,0
svm,B_wpli_edges_epoch_sliding,8,282,0,0.6116976983669284,1
svm,B_wpli_edges_epoch_sliding,8,282,0,0.4201987203632604,1
svm,B_wpli_edges_epoch_sliding,8,282,0,-0.0912894100069574,0
svm,B_wpli_edges_epoch_sliding,8,282,0,-0.8406257730160667,0
svm,B_wpli_edges_epoch_sliding,8,282,0,0.5203113182977341,1
svm,B_wpli_edges_epoch_sliding,8,282,0,0.5365420303700605,1
svm,B_wpli_edges_epoch_sliding,8,282,0,0.5260278382139143,1
svm,B_wpli_edges_epoch_sliding,8,282,0,0.8458228446197027,1
svm,B_wpli_edges_epoch_sliding,8,282,0,0.5179433726974296,1
svm,B_wpli_edges_epoch_sliding,8,282,0,-0.7574357550688637,0
svm,B_wpli_edges_epoch_sliding,8,282,1,0.8604795862997758,1
svm,B_wpli_edges_epoch_sliding,8,282,1,0.8469423663164133,1
svm,B_wpli_edges_epoch_sliding,8,282,1,0.5083978872963946,1
svm,B_wpli_edges_epoch_sliding,8,282,1,0.3297794793472349,1
svm,B_wpli_edges_epoch_sliding,8,282,1,0.9382573037526813,1
svm,B_wpli_edges_epoch_sliding,8,282,1,0.7914391962397178,1
svm,B_wpli_edges_epoch_sliding,8,282,1,1.0949862777885067,1
svm,B_wpli_edges_epoch_sliding,8,282,1,0.16679064261742022,1
svm,B_wpli_edges_epoch_sliding,8,282,1,-0.4890511918691832,0
svm,B_wpli_edges_epoch_sliding,8,282,1,-0.7721154891604465,0
svm,B_wpli_edges_epoch_sliding,8,282,1,0.3595492595717423,1
svm,B_wpli_edges_epoch_sliding,9,210,0,-0.22172705000434026,0
svm,B_wpli_edges_epoch_sliding,9,210,0,-0.8877980024644123,0
svm,B_wpli_edges_epoch_sliding,9,210,0,-0.3206417867263158,0
svm,B_wpli_edges_epoch_sliding,9,210,0,0.20944411150907133,1
svm,B_wpli_edges_epoch_sliding,9,210,0,0.4700864530868995,1
svm,B_wpli_edges_epoch_sliding,9,210,0,-0.13195400372333527,0
svm,B_wpli_edges_epoch_sliding,9,210,0,0.6061678341846277,1
svm,B_wpli_edges_epoch_sliding,9,210,0,-0.39415077350765343,0
svm,B_wpli_edges_epoch_sliding,9,210,0,-0.3736582422019413,0
svm,B_wpli_edges_epoch_sliding,9,210,0,0.03341676839892288,1
svm,B_wpli_edges_epoch_sliding,9,210,0,-0.175396035672155,0
svm,B_wpli_edges_epoch_sliding,9,210,0,0.6808009417687171,1
svm,B_wpli_edges_epoch_sliding,9,210,0,0.2597427565839258,1
svm,B_wpli_edges_epoch_sliding,9,210,0,0.14993041325447493,1
svm,B_wpli_edges_epoch_sliding,9,210,1,-0.4429088611285532,0
svm,B_wpli_edges_epoch_sliding,9,210,1,0.34964995607569965,1
svm,B_wpli_edges_epoch_sliding,9,210,1,0.0649075572471059,1
svm,B_wpli_edges_epoch_sliding,9,210,1,-0.615220317549637,0
svm,B_wpli_edges_epoch_sliding,9,210,1,0.4837125967439347,1
svm,B_wpli_edges_epoch_sliding,9,210,1,0.35093801113699313,1
svm,B_wpli_edges_epoch_sliding,9,210,1,-0.10711286381959606,0
svm,B_wpli_edges_epoch_sliding,9,210,1,-0.29075592608176604,0
svm,B_wpli_edges_epoch_sliding,9,210,1,-0.0897177684968462,0
svm,B_wpli_edges_epoch_sliding,9,210,1,-0.011675513795860182,0
svm,B_wpli_edges_epoch_sliding,9,210,1,-0.02842136643926302,0
svm,B_wpli_edges_epoch_sliding,10,265,0,0.2979091046571649,1
svm,B_wpli_edges_epoch_sliding,10,265,0,0.5089912490630104,1
svm,B_wpli_edges_epoch_sliding,10,265,0,0.6517952488899404,1
svm,B_wpli_edges_epoch_sliding,10,265,0,-0.16347947414303066,0
svm,B_wpli_edges_epoch_sliding,10,265,0,-0.05459732827597419,0
svm,B_wpli_edges_epoch_sliding,10,265,0,-0.22577464413574688,0
svm,B_wpli_edges_epoch_sliding,10,265,0,0.35674595883452653,1
svm,B_wpli_edges_epoch_sliding,10,265,0,-0.44969078873088464,0
svm,B_wpli_edges_epoch_sliding,10,265,0,0.9938610182800814,1
svm,B_wpli_edges_epoch_sliding,10,265,0,-0.16685699691877937,0
svm,B_wpli_edges_epoch_sliding,10,265,0,-0.0027315224392143733,0
svm,B_wpli_edges_epoch_sliding,10,265,0,-0.7679174796254085,0
svm,B_wpli_edges_epoch_sliding,10,265,0,0.34416814628835113,1
svm,B_wpli_edges_epoch_sliding,10,265,1,0.224706743059379,1
svm,B_wpli_edges_epoch_sliding,10,265,1,0.37518076469057415,1
svm,B_wpli_edges_epoch_sliding,10,265,1,0.06994287302004881,1
svm,B_wpli_edges_epoch_sliding,10,265,1,0.8562870302576576,1
svm,B_wpli_edges_epoch_sliding,10,265,1,0.9587233963501601,1
svm,B_wpli_edges_epoch_sliding,10,265,1,-0.2162677037393946,0
svm,B_wpli_edges_epoch_sliding,10,265,1,0.33501950383031875,1
svm,B_wpli_edges_epoch_sliding,10,265,1,0.022293263951289,1
svm,B_wpli_edges_epoch_sliding,10,265,1,0.624105948447619,1
svm,B_wpli_edges_epoch_sliding,10,265,1,0.6861959603676197,1
svm,B_wpli_edges_epoch_sliding,10,265,1,0.8782330534902004,1
svm,C_AplusB_epoch_sliding,1,249,0,-0.6059372892515172,0
svm,C_AplusB_epoch_sliding,1,249,0,-0.513626589800033,0
svm,C_AplusB_epoch_sliding,1,249,0,-0.20947108254940267,0
svm,C_AplusB_epoch_sliding,1,249,0,-0.8919490487602131,0
svm,C_AplusB_epoch_sliding,1,249,0,0.206094285911261,1
svm,C_AplusB_epoch_sliding,1,249,0,-0.3914389854770768,0
svm,C_AplusB_epoch_sliding,1,249,0,1.439955988699914,1
svm,C_AplusB_epoch_sliding,1,249,0,-0.36689177798568395,0
svm,C_AplusB_epoch_sliding,1,249,0,-1.0727433101373984,0
svm,C_AplusB_epoch_sliding,1,249,0,-1.356142862010607,0
svm,C_AplusB_epoch_sliding,1,249,0,-0.8735707752560364,0
svm,C_AplusB_epoch_sliding,1,249,0,-0.5649835094402113,0
svm,C_AplusB_epoch_sliding,1,249,0,0.23603888655846672,1
svm,C_AplusB_epoch_sliding,1,249,0,-0.16335638594452917,0
svm,C_AplusB_epoch_sliding,1,249,0,-1.2487974817702852,0
svm,C_AplusB_epoch_sliding,1,249,1,0.025546478047734356,1
svm,C_AplusB_epoch_sliding,1,249,1,0.9011591163280979,1
svm,C_AplusB_epoch_sliding,1,249,1,-0.3280525433755088,0
svm,C_AplusB_epoch_sliding,1,249,1,-0.1601747304850309,0
svm,C_AplusB_epoch_sliding,1,249,1,0.6051430849619832,1
svm,C_AplusB_epoch_sliding,1,249,1,-0.05862614153788209,0
svm,C_AplusB_epoch_sliding,1,249,1,0.8284995039822132,1
svm,C_AplusB_epoch_sliding,1,249,1,0.08944812214901254,1
svm,C_AplusB_epoch_sliding,1,249,1,0.1788589745902026,1
svm,C_AplusB_epoch_sliding,1,249,1,-0.04296623123819465,0
svm,C_AplusB_epoch_sliding,1,249,1,0.37893397462584755,1
svm,C_AplusB_epoch_sliding,1,249,1,-0.5647531393641589,0
svm,C_AplusB_epoch_sliding,1,249,1,0.37080150929528277,1
svm,C_AplusB_epoch_sliding,1,249,1,-0.7606548492038854,0
svm,C_AplusB_epoch_sliding,1,249,1,0.37800576481427883,1
svm,C_AplusB_epoch_sliding,1,249,1,-0.03511680958782076,0
svm,C_AplusB_epoch_sliding,1,249,1,0.39756780172624806,1
svm,C_AplusB_epoch_sliding,2,219,0,0.4176228754494868,1
svm,C_AplusB_epoch_sliding,2,219,0,-0.2647729591133605,0
svm,C_AplusB_epoch_sliding,2,219,0,0.31472135678934726,1
svm,C_AplusB_epoch_sliding,2,219,0,-0.08050311404557198,0
svm,C_AplusB_epoch_sliding,2,219,0,0.08978677235740201,1
svm,C_AplusB_epoch_sliding,2,219,0,0.5008736143773043,1
svm,C_AplusB_epoch_sliding,2,219,0,-0.7262959342883906,0
svm,C_AplusB_epoch_sliding,2,219,0,0.30581693728302967,1
svm,C_AplusB_epoch_sliding,2,219,0,-0.47300120574604876,0
svm,C_AplusB_epoch_sliding,2,219,0,-0.44098001234226625,0
svm,C_AplusB_epoch_sliding,2,219,0,-0.07658822972999577,0
svm,C_AplusB_epoch_sliding,2,219,0,-0.1680217772283607,0
svm,C_AplusB_epoch_sliding,2,219,0,-0.9341718867124089,0
svm,C_AplusB_epoch_sliding,2,219,0,-1.055909842178068,0
svm,C_AplusB_epoch_sliding,2,219,1,-0.21468024336767996,0
svm,C_AplusB_epoch_sliding,2,219,1,-0.08310791556669289,0
svm,C_AplusB_epoch_sliding,2,219,1,0.282966520137174,1
svm,C_AplusB_epoch_sliding,2,219,1,0.050173306576002,1
svm,C_AplusB_epoch_sliding,2,219,1,0.31985444843948835,1
svm,C_AplusB_epoch_sliding,2,219,1,0.4209040259747277,1
svm,C_AplusB_epoch_sliding,2,219,1,0.22661314064982202,1
svm,C_AplusB_epoch_sliding,2,219,1,0.5314939655255815,1
svm,C_AplusB_epoch_sliding,2,219,1,0.07946794222080661,1
svm,C_AplusB_epoch_sliding,2,219,1,-0.11130605260228141,0
svm,C_AplusB_epoch_sliding,2,219,1,-0.3881070356023346,0
svm,C_AplusB_epoch_sliding,2,219,1,-0.10022171584461936,0
svm,C_AplusB_epoch_sliding,2,219,1,-0.6556921732664547,0
svm,C_AplusB_epoch_sliding,2,219,1,0.2775563090314866,1
svm,C_AplusB_epoch_sliding,2,219,1,-0.4935767353762811,0
svm,C_AplusB_epoch_sliding,2,219,1,0.23723339755428935,1
svm,C_AplusB_epoch_sliding,3,313,0,0.158885788954577,1
svm,C_AplusB_epoch_sliding,3,313,0,-1.0206349123727159,0
svm,C_AplusB_epoch_sliding,3,313,0,-0.14064997946862318,0
svm,C_AplusB_epoch_sliding,3,313,0,-8.727847120781895e-05,0
svm,C_AplusB_epoch_sliding,3,313,0,-0.34356693898229873,0
svm,C_AplusB_epoch_sliding,3,313,0,0.28564813113270476,1
svm,C_AplusB_epoch_sliding,3,313,0,0.6161769488469298,1
svm,C_AplusB_epoch_sliding,3,313,0,-0.33592855226441376,0
svm,C_AplusB_epoch_sliding,3,313,0,0.011527884921552323,1
svm,C_AplusB_epoch_sliding,3,313,0,0.032256263817200814,1
svm,C_AplusB_epoch_sliding,3,313,0,0.40817413035429423,1
svm,C_AplusB_epoch_sliding,3,313,0,0.42723782971525853,1
svm,C_AplusB_epoch_sliding,3,313,0,0.6633997493556387,1
svm,C_AplusB_epoch_sliding,3,313,0,0.35321418097494456,1
svm,C_AplusB_epoch_sliding,3,313,0,-0.10335441673580764,0
svm,C_AplusB_epoch_sliding,3,313,1,0.8040831786108296,1
svm,C_AplusB_epoch_sliding,3,313,1,-0.1506188764550227,0
svm,C_AplusB_epoch_sliding,3,313,1,-0.12480460250660647,0
svm,C_AplusB_epoch_sliding,3,313,1,-0.3512756260648571,0
svm,C_AplusB_epoch_sliding,3,313,1,-0.05447766799273923,0
svm,C_AplusB_epoch_sliding,3,313,1,0.2949904867253759,1
svm,C_AplusB_epoch_sliding,3,313,1,0.749277919159038,1
svm,C_AplusB_epoch_sliding,3,313,1,-0.1543039987415521,0
svm,C_AplusB_epoch_sliding,3,313,1,-0.2012075804357999,0
svm,C_AplusB_epoch_sliding,3,313,1,0.10346540381295183,1
svm,C_AplusB_epoch_sliding,3,313,1,0.1925009701933002,1
svm,C_AplusB_epoch_sliding,3,313,1,-0.0426198128096153,0
svm,C_AplusB_epoch_sliding,3,313,1,0.6705406055980909,1
svm,C_AplusB_epoch_sliding,3,313,1,0.7822287659221596,1
svm,C_AplusB_epoch_sliding,4,318,0,-0.3515616176543688,0
svm,C_AplusB_epoch_sliding,4,318,0,-0.12033996306329503,0
svm,C_AplusB_epoch_sliding,4,318,0,-0.47909672378038926,0
svm,C_AplusB_epoch_sliding,4,318,0,-0.863026191596792,0
svm,C_AplusB_epoch_sliding,4,318,0,0.37202395563874574,1
svm,C_AplusB_epoch_sliding,4,318,0,0.08346442062750487,1
svm,C_AplusB_epoch_sliding,4,318,0,-0.49048548878745324,0
svm,C_AplusB_epoch_sliding,4,318,0,-0.11968660631719857,0
svm,C_AplusB_epoch_sliding,4,318,0,-0.8028564722062804,0
svm,C_AplusB_epoch_sliding,4,318,0,-0.15118989938739597,0
svm,C_AplusB_epoch_sliding,4,318,0,-0.8031843247326669,0
svm,C_AplusB_epoch_sliding,4,318,0,-0.23422805353663012,0
svm,C_AplusB_epoch_sliding,4,318,0,-0.884436290513378,0
svm,C_AplusB_epoch_sliding,4,318,0,-0.6043820662393515,0
svm,C_AplusB_epoch_sliding,4,318,1,-0.20579662180327707,0
svm,C_AplusB_epoch_sliding,4,318,1,0.00280396635913005,1
svm,C_AplusB_epoch_sliding,4,318,1,0.11048708762059284,1
svm,C_AplusB_epoch_sliding,4,318,1,0.0369882361218134,1
svm,C_AplusB_epoch_sliding,4,318,1,0.16873891068127705,1
svm,C_AplusB_epoch_sliding,4,318,1,-0.22589013651971057,0
svm,C_AplusB_epoch_sliding,4,318,1,0.3745445397062071,1
svm,C_AplusB_epoch_sliding,4,318,1,0.02934411226426198,1
svm,C_AplusB_epoch_sliding,4,318,1,0.5245531665948431,1
svm,C_AplusB_epoch_sliding,4,318,1,0.3056322730271967,1
svm,C_AplusB_epoch_sliding,4,318,1,-0.07201002244793431,0
svm,C_AplusB_epoch_sliding,4,318,1,0.2995910545550052,1
svm,C_AplusB_epoch_sliding,4,318,1,-0.06937644855465541,0
svm,C_AplusB_epoch_sliding,4,318,1,0.421479374133048,1
svm,C_AplusB_epoch_sliding,5,300,0,0.4283580934586294,1
svm,C_AplusB_epoch_sliding,5,300,0,0.7753439076918965,1
svm,C_AplusB_epoch_sliding,5,300,0,0.0793688985459261,1
svm,C_AplusB_epoch_sliding,5,300,0,0.8370856392872968,1
svm,C_AplusB_epoch_sliding,5,300,0,1.282506160915721,1
svm,C_AplusB_epoch_sliding,5,300,0,0.27559361823164485,1
svm,C_AplusB_epoch_sliding,5,300,0,-0.027929131500981697,0
svm,C_AplusB_epoch_sliding,5,300,0,0.330029867368962,1
svm,C_AplusB_epoch_sliding,5,300,0,0.31662005312552643,1
svm,C_AplusB_epoch_sliding,5,300,0,0.5320553679685268,1
svm,C_AplusB_epoch_sliding,5,300,0,0.21922688721148453,1
svm,C_AplusB_epoch_sliding,5,300,0,0.6013168561665979,1
svm,C_AplusB_epoch_sliding,5,300,0,0.4510772047187419,1
svm,C_AplusB_epoch_sliding,5,300,0,0.8034994066169473,1
svm,C_AplusB_epoch_sliding,5,300,1,0.4175577272654055,1
svm,C_AplusB_epoch_sliding,5,300,1,-0.23319272373437078,0
svm,C_AplusB_epoch_sliding,5,300,1,0.8088252468121754,1
svm,C_AplusB_epoch_sliding,5,300,1,0.41796552878574067,1
svm,C_AplusB_epoch_sliding,5,300,1,0.38021693469846507,1
svm,C_AplusB_epoch_sliding,5,300,1,-0.3278427127471764,0
svm,C_AplusB_epoch_sliding,5,300,1,0.567842380605985,1
svm,C_AplusB_epoch_sliding,5,300,1,0.22263333822233455,1
svm,C_AplusB_epoch_sliding,5,300,1,0.20375944579966132,1
svm,C_AplusB_epoch_sliding,5,300,1,-0.05426453821032606,0
svm,C_AplusB_epoch_sliding,5,300,1,-0.2643734136791339,0
svm,C_AplusB_epoch_sliding,5,300,1,0.5421436284212704,1
svm,C_AplusB_epoch_sliding,5,300,1,0.17912337290479374,1
svm,C_AplusB_epoch_sliding,5,300,1,0.4903315718415092,1
svm,C_AplusB_epoch_sliding,6,271,0,0.6190024512983576,1
svm,C_AplusB_epoch_sliding,6,271,0,0.028766884415769245,1
svm,C_AplusB_epoch_sliding,6,271,0,-0.2023722738074319,0
svm,C_AplusB_epoch_sliding,6,271,0,0.5967161138994015,1
svm,C_AplusB_epoch_sliding,6,271,0,-0.10817295618921352,0
svm,C_AplusB_epoch_sliding,6,271,0,-0.3942484495668255,0
svm,C_AplusB_epoch_sliding,6,271,0,0.32413692685926065,1
svm,C_AplusB_epoch_sliding,6,271,0,0.09999681422036744,1
svm,C_AplusB_epoch_sliding,6,271,0,0.30123624711873553,1
svm,C_AplusB_epoch_sliding,6,271,0,0.3871416563245784,1
svm,C_AplusB_epoch_sliding,6,271,0,0.2756962161841897,1
svm,C_AplusB_epoch_sliding,6,271,0,0.4491749238727736,1
svm,C_AplusB_epoch_sliding,6,271,0,0.6827786784552927,1
svm,C_AplusB_epoch_sliding,6,271,0,-0.02668512047097782,0
svm,C_AplusB_epoch_sliding,6,271,1,0.7489694104749491,1
svm,C_AplusB_epoch_sliding,6,271,1,-0.2573374612509734,0
svm,C_AplusB_epoch_sliding,6,271,1,-0.055209865371051436,0
svm,C_AplusB_epoch_sliding,6,271,1,-0.3900104261073442,0
svm,C_AplusB_epoch_sliding,6,271,1,-0.29470356925144475,0
svm,C_AplusB_epoch_sliding,6,271,1,0.3737808956282834,1
svm,C_AplusB_epoch_sliding,6,271,1,0.5194564175294474,1
svm,C_AplusB_epoch_sliding,6,271,1,-0.3676541132600373,0
svm,C_AplusB_epoch_sliding,6,271,1,0.12075283486697352,1
svm,C_AplusB_epoch_sliding,6,271,1,0.9232234541845137,1
svm,C_AplusB_epoch_sliding,6,271,1,0.2129640786758048,1
svm,C_AplusB_epoch_sliding,6,271,1,0.7323859710613285,1
svm,C_AplusB_epoch_sliding,6,271,1,0.7806999775441934,1
svm,C_AplusB_epoch_sliding,6,271,1,0.3088443373579649,1
svm,C_AplusB_epoch_sliding,7,251,0,-0.7957383829236995,0
svm,C_AplusB_epoch_sliding,7,251,0,0.21640676259414726,1
svm,C_AplusB_epoch_sliding,7,251,0,-0.10001273362210517,0
svm,C_AplusB_epoch_sliding,7,251,0,-0.3215959728000599,0
svm,C_AplusB_epoch_sliding,7,251,0,-0.24047970419253512,0
svm,C_AplusB_epoch_sliding,7,251,0,-0.1590450638874521,0
svm,C_AplusB_epoch_sliding,7,251,0,0.07667330521514737,1
svm,C_AplusB_epoch_sliding,7,251,0,-0.7543136493411119,0
svm,C_AplusB_epoch_sliding,7,251,0,-0.41037987129933395,0
svm,C_AplusB_epoch_sliding,7,251,0,-0.7031294065072289,0
svm,C_AplusB_epoch_sliding,7,251,0,0.6271082378657848,1
svm,C_AplusB_epoch_sliding,7,251,0,0.31525957499344615,1
svm,C_AplusB_epoch_sliding,7,251,0,0.7788083600721467,1
svm,C_AplusB_epoch_sliding,7,251,0,0.47787798788477154,1
svm,C_AplusB_epoch_sliding,7,251,1,0.06943353822668641,1
svm,C_AplusB_epoch_sliding,7,251,1,0.5126162548606193,1
svm,C_AplusB_epoch_sliding,7,251,1,0.09485021034759644,1
svm,C_AplusB_epoch_sliding,7,251,1,0.37124344418370525,1
svm,C_AplusB_epoch_sliding,7,251,1,-0.5482173568357036,0
svm,C_AplusB_epoch_sliding,7,251,1,-0.5371856299557827,0
svm,C_AplusB_epoch_sliding,7,251,1,0.13900038227355538,1
svm,C_AplusB_epoch_sliding,7,251,1,-0.3371504092957235,0
svm,C_AplusB_epoch_sliding,7,251,1,-0.047664738618105884,0
svm,C_AplusB_epoch_sliding,7,251,1,0.2827911945012389,1
svm,C_AplusB_epoch_sliding,7,251,1,-0.3720312371366458,0
svm,C_AplusB_epoch_sliding,7,251,1,0.1373028586008127,1
svm,C_AplusB_epoch_sliding,7,251,1,0.290282581736398,1
svm,C_AplusB_epoch_sliding,8,282,0,-0.07907759631310943,0
svm,C_AplusB_epoch_sliding,8,282,0,0.5851524115571074,1
svm,C_AplusB_epoch_sliding,8,282,0,0.6947697113019864,1
svm,C_AplusB_epoch_sliding,8,282,0,-0.2551337508403214,0
svm,C_AplusB_epoch_sliding,8,282,0,0.3726661502016538,1
svm,C_AplusB_epoch_sliding,8,282,0,0.25675499664250206,1
svm,C_AplusB_epoch_sliding,8,282,0,-0.21653227593774266,0
svm,C_AplusB_epoch_sliding,8,282,0,-0.8906513051739229,0
svm,C_AplusB_epoch_sliding,8,282,0,0.34947150320683956,1
svm,C_AplusB_epoch_sliding,8,282,0,0.43788055437307766,1
svm,C_AplusB_epoch_sliding,8,282,0,0.37515466213298837,1
svm,C_AplusB_epoch_sliding,8,282,0,0.7347051740454384,1
svm,C_AplusB_epoch_sliding,8,282,0,0.327903493208717,1
svm,C_AplusB_epoch_sliding,8,282,0,-0.8205339663418503,0
svm,C_AplusB_epoch_sliding,8,282,1,0.8980429099234559,1
svm,C_AplusB_epoch_sliding,8,282,1,0.9095866068112062,1
svm,C_AplusB_epoch_sliding,8,282,1,0.6034317662801358,1
svm,C_AplusB_epoch_sliding,8,282,1,0.41932565609519873,1
svm,C_AplusB_epoch_sliding,8,282,1,1.022676889101163,1
svm,C_AplusB_epoch_sliding,8,282,1,0.797513382548463,1
svm,C_AplusB_epoch_sliding,8,282,1,1.081900421435771,1
svm,C_AplusB_epoch_sliding,8,282,1,0.2183239138878647,1
svm,C_AplusB_epoch_sliding,8,282,1,-0.3126231831379191,0
svm,C_AplusB_epoch_sliding,8,282,1,-0.6524565778327815,0
svm,C_AplusB_epoch_sliding,8,282,1,0.43096215612955996,1
svm,C_AplusB_epoch_sliding,9,210,0,-0.27955600801909886,0
svm,C_AplusB_epoch_sliding,9,210,0,-1.0052098714872018,0
svm,C_AplusB_epoch_sliding,9,210,0,-0.43489726725327493,0
svm,C_AplusB_epoch_sliding,9,210,0,0.1333999447595106,1
svm,C_AplusB_epoch_sliding,9,210,0,0.2685448752830864,1
svm,C_AplusB_epoch_sliding,9,210,0,-0.2799751639326743,0
svm,C_AplusB_epoch_sliding,9,210,0,0.44760118267612253,1
svm,C_AplusB_epoch_sliding,9,210,0,-0.5218568701957975,0
svm,C_AplusB_epoch_sliding,9,210,0,-0.4884797766378157,0
svm,C_AplusB_epoch_sliding,9,210,0,-0.04963824280434376,0
svm,C_AplusB_epoch_sliding,9,210,0,-0.26468304194428843,0
svm,C_AplusB_epoch_sliding,9,210,0,0.5499769413812736,1
svm,C_AplusB_epoch_sliding,9,210,0,0.13474006333585736,1
svm,C_AplusB_epoch_sliding,9,210,0,-0.011673656487019735,0
svm,C_AplusB_epoch_sliding,9,210,1,-0.5656500282540992,0
svm,C_AplusB_epoch_sliding,9,210,1,0.34515251950194364,1
svm,C_AplusB_epoch_sliding,9,210,1,0.008820077275742022,1
svm,C_AplusB_epoch_sliding,9,210,1,-0.499788979773076,0
svm,C_AplusB_epoch_sliding,9,210,1,0.3684862293343056,1
svm,C_AplusB_epoch_sliding,9,210,1,0.2744120877819816,1
svm,C_AplusB_epoch_sliding,9,210,1,-0.05359087530655654,0
svm,C_AplusB_epoch_sliding,9,210,1,-0.3044001716030354,0
svm,C_AplusB_epoch_sliding,9,210,1,-0.06457069722146219,0
svm,C_AplusB_epoch_sliding,9,210,1,0.015270007029717758,1
svm,C_AplusB_epoch_sliding,9,210,1,0.1113713827446427,1
svm,C_AplusB_epoch_sliding,10,265,0,0.34245193463999957,1
svm,C_AplusB_epoch_sliding,10,265,0,0.4720465942666303,1
svm,C_AplusB_epoch_sliding,10,265,0,0.6892077225296235,1
svm,C_AplusB_epoch_sliding,10,265,0,-0.1631268812622576,0
svm,C_AplusB_epoch_sliding,10,265,0,-0.03722698462425822,0
svm,C_AplusB_epoch_sliding,10,265,0,-0.31596375005447047,0
svm,C_AplusB_epoch_sliding,10,265,0,0.2708068991246396,1
svm,C_AplusB_epoch_sliding,10,265,0,-0.5188395051426531,0
svm,C_AplusB_epoch_sliding,10,265,0,0.8032290287812484,1
svm,C_AplusB_epoch_sliding,10,265,0,-0.19637013949739887,0
svm,C_AplusB_epoch_sliding,10,265,0,-0.09587005035767887,0
svm,C_AplusB_epoch_sliding,10,265,0,-0.8573252658590501,0
svm,C_AplusB_epoch_sliding,10,265,0,0.37003742844166054,1
svm,C_AplusB_epoch_sliding,10,265,1,0.22749163383745885,1
svm,C_AplusB_epoch_sliding,10,265,1,0.28983243417250104,1
svm,C_AplusB_epoch_sliding,10,265,1,0.0701697273222664,1
svm,C_AplusB_epoch_sliding,10,265,1,0.8427830679155234,1
svm,C_AplusB_epoch_sliding,10,265,1,0.9934161007425221,1
svm,C_AplusB_epoch_sliding,10,265,1,-0.19681291903396378,0
svm,C_AplusB_epoch_sliding,10,265,1,0.31953465249267576,1
svm,C_AplusB_epoch_sliding,10,265,1,0.05907330607372918,1
svm,C_AplusB_epoch_sliding,10,265,1,0.570489716827381,1
svm,C_AplusB_epoch_sliding,10,265,1,0.6741709728069653,1
svm,C_AplusB_epoch_sliding,10,265,1,0.7821218881461803,1
xgb,A_bandpower_epoch,1,249,0,0.038102902472019196,0
xgb,A_bandpower_epoch,1,249,0,0.49591532349586487,0
xgb,A_bandpower_epoch,1,249,0,0.06798799335956573,0
xgb,A_bandpower_epoch,1,249,0,0.021255936473608017,0
xgb,A_bandpower_epoch,1,249,0,0.01016148179769516,0
xgb,A_bandpower_epoch,1,249,0,0.018035056069493294,0
xgb,A_bandpower_epoch,1,249,0,0.01778525486588478,0
xgb,A_bandpower_epoch,1,249,0,0.052543412894010544,0
xgb,A_bandpower_epoch,1,249,0,0.015561345964670181,0
xgb,A_bandpower_epoch,1,249,0,0.01273402664810419,0
xgb,A_bandpower_epoch,1,249,0,0.005256110802292824,0
xgb,A_bandpower_epoch,1,249,0,0.008814816363155842,0
xgb,A_bandpower_epoch,1,249,0,0.6720784902572632,1
xgb,A_bandpower_epoch,1,249,0,0.06708886474370956,0
xgb,A_bandpower_epoch,1,249,0,0.007179165259003639,0
xgb,A_bandpower_epoch,1,249,1,0.9984065890312195,1
xgb,A_bandpower_epoch,1,249,1,0.995807409286499,1
xgb,A_bandpower_epoch,1,249,1,0.9930353760719299,1
xgb,A_bandpower_epoch,1,249,1,0.9957448840141296,1
xgb,A_bandpower_epoch,1,249,1,0.9988638162612915,1
xgb,A_bandpower_epoch,1,249,1,0.20999154448509216,0
xgb,A_bandpower_epoch,1,249,1,0.998955488204956,1
xgb,A_bandpower_epoch,1,249,1,0.9972910284996033,1
xgb,A_bandpower_epoch,1,249,1,0.9968628883361816,1
xgb,A_bandpower_epoch,1,249,1,0.9947242140769958,1
xgb,A_bandpower_epoch,1,249,1,0.2549281120300293,0
xgb,A_bandpower_epoch,1,249,1,0.9942798614501953,1
xgb,A_bandpower_epoch,1,249,1,0.20499825477600098,0
xgb,A_bandpower_epoch,1,249,1,0.9942660927772522,1
xgb,A_bandpower_epoch,1,249,1,0.9984081387519836,1
xgb,A_bandpower_epoch,1,249,1,0.05530818924307823,0
xgb,A_bandpower_epoch,1,249,1,0.9972526431083679,1
xgb,A_bandpower_epoch,2,219,0,0.305116206407547,0
xgb,A_bandpower_epoch,2,219,0,0.6319513916969299,1
xgb,A_bandpower_epoch,2,219,0,0.9322644472122192,1
xgb,A_bandpower_epoch,2,219,0,0.9424423575401306,1
xgb,A_bandpower_epoch,2,219,0,0.9614408612251282,1
xgb,A_bandpower_epoch,2,219,0,0.9718273878097534,1
xgb,A_bandpower_epoch,2,219,0,0.9524827599525452,1
xgb,A_bandpower_epoch,2,219,0,0.0035801613703370094,0
xgb,A_bandpower_epoch,2,219,0,0.9813370108604431,1
xgb,A_bandpower_epoch,2,219,0,0.5856977701187134,1
xgb,A_bandpower_epoch,2,219,0,0.03777722641825676,0
xgb,A_bandpower_epoch,2,219,0,0.8084678053855896,1
xgb,A_bandpower_epoch,2,219,0,0.18463321030139923,0
xgb,A_bandpower_epoch,2,219,0,0.9735600352287292,1
xgb,A_bandpower_epoch,2,219,1,0.994566798210144,1
xgb,A_bandpower_epoch,2,219,1,0.996263325214386,1
xgb,A_bandpower_epoch,2,219,1,0.9975282549858093,1
xgb,A_bandpower_epoch,2,219,1,0.996321439743042,1
xgb,A_bandpower_epoch,2,219,1,0.9986942410469055,1
xgb,A_bandpower_epoch,2,219,1,0.9940122961997986,1
xgb,A_bandpower_epoch,2,219,1,0.9924351572990417,1
xgb,A_bandpower_epoch,2,219,1,0.9974051117897034,1
xgb,A_bandpower_epoch,2,219,1,0.9969770908355713,1
xgb,A_bandpower_epoch,2,219,1,0.9941076040267944,1
xgb,A_bandpower_epoch,2,219,1,0.9907922744750977,1
xgb,A_bandpower_epoch,2,219,1,0.992385983467102,1
xgb,A_bandpower_epoch,2,219,1,0.9952172040939331,1
xgb,A_bandpower_epoch,2,219,1,0.996087908744812,1
xgb,A_bandpower_epoch,2,219,1,0.9708922505378723,1
xgb,A_bandpower_epoch,2,219,1,0.9976510405540466,1
xgb,A_bandpower_epoch,3,313,0,0.05546054616570473,0
xgb,A_bandpower_epoch,3,313,0,0.04391157254576683,0
xgb,A_bandpower_epoch,3,313,0,0.042134735733270645,0
xgb,A_bandpower_epoch,3,313,0,0.1125047504901886,0
xgb,A_bandpower_epoch,3,313,0,0.25552448630332947,0
xgb,A_bandpower_epoch,3,313,0,0.029487470164895058,0
xgb,A_bandpower_epoch,3,313,0,0.20586656033992767,0
xgb,A_bandpower_epoch,3,313,0,0.01996227353811264,0
xgb,A_bandpower_epoch,3,313,0,0.09671864658594131,0
xgb,A_bandpower_epoch,3,313,0,0.05549364164471626,0
xgb,A_bandpower_epoch,3,313,0,0.007148418575525284,0
xgb,A_bandpower_epoch,3,313,0,0.02598242089152336,0
xgb,A_bandpower_epoch,3,313,0,0.02654166705906391,0
xgb,A_bandpower_epoch,3,313,0,0.005795917008072138,0
xgb,A_bandpower_epoch,3,313,0,0.14162802696228027,0
xgb,A_bandpower_epoch,3,313,1,0.4008304178714752,0
xgb,A_bandpower_epoch,3,313,1,0.5210505127906799,1
xgb,A_bandpower_epoch,3,313,1,0.6871764659881592,1
xgb,A_bandpower_epoch,3,313,1,0.44817355275154114,0
xgb,A_bandpower_epoch,3,313,1,0.19000685214996338,0
xgb,A_bandpower_epoch,3,313,1,0.48849642276763916,0
xgb,A_bandpower_epoch,3,313,1,0.1419575959444046,0
xgb,A_bandpower_epoch,3,313,1,0.09494654834270477,0
xgb,A_bandpower_epoch,3,313,1,0.6268066763877869,1
xgb,A_bandpower_epoch,3,313,1,0.5010632276535034,1
xgb,A_bandpower_epoch,3,313,1,0.11876428127288818,0
xgb,A_bandpower_epoch,3,313,1,0.4617801606655121,0
xgb,A_bandpower_epoch,3,313,1,0.18481634557247162,0
xgb,A_bandpower_epoch,3,313,1,0.20110149681568146,0
xgb,A_bandpower_epoch,4,318,0,0.001588778686709702,0
xgb,A_bandpower_epoch,4,318,0,0.619029700756073,1
xgb,A_bandpower_epoch,4,318,0,0.02946462109684944,0
xgb,A_bandpower_epoch,4,318,0,0.004150360822677612,0
xgb,A_bandpower_epoch,4,318,0,0.007789029739797115,0
xgb,A_bandpower_epoch,4,318,0,0.0030062475707381964,0
xgb,A_bandpower_epoch,4,318,0,0.2273506075143814,0
xgb,A_bandpower_epoch,4,318,0,0.005545665975660086,0
xgb,A_bandpower_epoch,4,318,0,0.0028380246367305517,0
xgb,A_bandpower_epoch,4,318,0,0.021498579531908035,0
xgb,A_bandpower_epoch,4,318,0,0.001226188032887876,0
xgb,A_bandpower_epoch,4,318,0,0.0033473961520940065,0
xgb,A_bandpower_epoch,4,318,0,0.009122675284743309,0
xgb,A_bandpower_epoch,4,318,0,0.0033463132567703724,0
xgb,A_bandpower_epoch,4,318,1,0.0009363136487081647,0
xgb,A_bandpower_epoch,4,318,1,0.09016922861337662,0
xgb,A_bandpower_epoch,4,318,1,0.04554701969027519,0
xgb,A_bandpower_epoch,4,318,1,0.4300665557384491,0
xgb,A_bandpower_epoch,4,318,1,0.049569521099328995,0
xgb,A_bandpower_epoch,4,318,1,0.02399587817490101,0
xgb,A_bandpower_epoch,4,318,1,0.6139991879463196,1
xgb,A_bandpower_epoch,4,318,1,0.01311680767685175,0
xgb,A_bandpower_epoch,4,318,1,0.9199526906013489,1
xgb,A_bandpower_epoch,4,318,1,0.9732615947723389,1
xgb,A_bandpower_epoch,4,318,1,0.12410037964582443,0
xgb,A_bandpower_epoch,4,318,1,0.004285468254238367,0
xgb,A_bandpower_epoch,4,318,1,0.015716804191470146,0
xgb,A_bandpower_epoch,4,318,1,0.23036335408687592,0
xgb,A_bandpower_epoch,5,300,0,0.967766284942627,1
xgb,A_bandpower_epoch,5,300,0,0.9879921674728394,1
xgb,A_bandpower_epoch,5,300,0,0.9708596467971802,1
xgb,A_bandpower_epoch,5,300,0,0.989744246006012,1
xgb,A_bandpower_epoch,5,300,0,0.9496915936470032,1
xgb,A_bandpower_epoch,5,300,0,0.9411912560462952,1
xgb,A_bandpower_epoch,5,300,0,0.9702267646789551,1
xgb,A_bandpower_epoch,5,300,0,0.9567634463310242,1
xgb,A_bandpower_epoch,5,300,0,0.9326980710029602,1
xgb,A_bandpower_epoch,5,300,0,0.986626923084259,1
xgb,A_bandpower_epoch,5,300,0,0.942663311958313,1
xgb,A_bandpower_epoch,5,300,0,0.9477073550224304,1
xgb,A_bandpower_epoch,5,300,0,0.9539538025856018,1
xgb,A_bandpower_epoch,5,300,0,0.9809048175811768,1
xgb,A_bandpower_epoch,5,300,1,0.980998694896698,1
xgb,A_bandpower_epoch,5,300,1,0.9752022624015808,1
xgb,A_bandpower_epoch,5,300,1,0.9448999166488647,1
xgb,A_bandpower_epoch,5,300,1,0.9503477215766907,1
xgb,A_bandpower_epoch,5,300,1,0.9713298678398132,1
xgb,A_bandpower_epoch,5,300,1,0.868682324886322,1
xgb,A_bandpower_epoch,5,300,1,0.9243382215499878,1
xgb,A_bandpower_epoch,5,300,1,0.9609149694442749,1
xgb,A_bandpower_epoch,5,300,1,0.9423176646232605,1
xgb,A_bandpower_epoch,5,300,1,0.8696936964988708,1
xgb,A_bandpower_epoch,5,300,1,0.9769407510757446,1
xgb,A_bandpower_epoch,5,300,1,0.950505256652832,1
xgb,A_bandpower_epoch,5,300,1,0.8810557126998901,1
xgb,A_bandpower_epoch,5,300,1,0.8682528734207153,1
xgb,A_bandpower_epoch,6,271,0,0.009094735607504845,0
xgb,A_bandpower_epoch,6,271,0,0.006414780393242836,0
xgb,A_bandpower_epoch,6,271,0,0.012072481215000153,0
xgb,A_bandpower_epoch,6,271,0,0.011295510455965996,0
xgb,A_bandpower_epoch,6,271,0,0.008341996930539608,0
xgb,A_bandpower_epoch,6,271,0,0.004025606904178858,0
xgb,A_bandpower_epoch,6,271,0,0.012629913166165352,0
xgb,A_bandpower_epoch,6,271,0,0.004457260016351938,0
xgb,A_bandpower_epoch,6,271,0,0.003225008025765419,0
xgb,A_bandpower_epoch,6,271,0,0.008442225866019726,0
xgb,A_bandpower_epoch,6,271,0,0.0010931903962045908,0
xgb,A_bandpower_epoch,6,271,0,0.010351691395044327,0
xgb,A_bandpower_epoch,6,271,0,0.0010482905199751258,0
xgb,A_bandpower_epoch,6,271,0,0.0015803432324901223,0
xgb,A_bandpower_epoch,6,271,1,0.8289073705673218,1
xgb,A_bandpower_epoch,6,271,1,0.9998346567153931,1
xgb,A_bandpower_epoch,6,271,1,0.9473040103912354,1
xgb,A_bandpower_epoch,6,271,1,0.9788957238197327,1
xgb,A_bandpower_epoch,6,271,1,0.9635655283927917,1
xgb,A_bandpower_epoch,6,271,1,0.7061541080474854,1
xgb,A_bandpower_epoch,6,271,1,0.9899152517318726,1
xgb,A_bandpower_epoch,6,271,1,0.9603566527366638,1
xgb,A_bandpower_epoch,6,271,1,0.9985069632530212,1
xgb,A_bandpower_epoch,6,271,1,0.9902905821800232,1
xgb,A_bandpower_epoch,6,271,1,0.5554850697517395,1
xgb,A_bandpower_epoch,6,271,1,0.9945924878120422,1
xgb,A_bandpower_epoch,6,271,1,0.9994376301765442,1
xgb,A_bandpower_epoch,6,271,1,0.96312415599823,1
xgb,A_bandpower_epoch,7,251,0,0.0019795368425548077,0
xgb,A_bandpower_epoch,7,251,0,0.00287439557723701,0
xgb,A_bandpower_epoch,7,251,0,0.0021929615177214146,0
xgb,A_bandpower_epoch,7,251,0,0.001855809590779245,0
xgb,A_bandpower_epoch,7,251,0,0.0018819745164364576,0
xgb,A_bandpower_epoch,7,251,0,0.0013124425895512104,0
xgb,A_bandpower_epoch,7,251,0,0.002694465219974518,0
xgb,A_bandpower_epoch,7,251,0,0.0018286930862814188,0
xgb,A_bandpower_epoch,7,251,0,0.0021929615177214146,0
xgb,A_bandpower_epoch,7,251,0,0.00287439557723701,0
xgb,A_bandpower_epoch,7,251,0,0.0021929615177214146,0
xgb,A_bandpower_epoch,7,251,0,0.00287439557723701,0
xgb,A_bandpower_epoch,7,251,0,0.0033649220131337643,0
xgb,A_bandpower_epoch,7,251,0,0.0021929615177214146,0
xgb,A_bandpower_epoch,7,251,1,0.006883956957608461,0
xgb,A_bandpower_epoch,7,251,1,0.0036456091329455376,0
xgb,A_bandpower_epoch,7,251,1,0.016753945499658585,0
xgb,A_bandpower_epoch,7,251,1,0.009358515962958336,0
xgb,A_bandpower_epoch,7,251,1,0.00508860731497407,0
xgb,A_bandpower_epoch,7,251,1,0.04508870467543602,0
xgb,A_bandpower_epoch,7,251,1,0.004352673422545195,0
xgb,A_bandpower_epoch,7,251,1,0.0029961986001580954,0
xgb,A_bandpower_epoch,7,251,1,0.10031580179929733,0
xgb,A_bandpower_epoch,7,251,1,0.00508860731497407,0
xgb,A_bandpower_epoch,7,251,1,0.07687028497457504,0
xgb,A_bandpower_epoch,7,251,1,0.006529742851853371,0
xgb,A_bandpower_epoch,7,251,1,0.039391785860061646,0
xgb,A_bandpower_epoch,8,282,0,0.00766605231910944,0
xgb,A_bandpower_epoch,8,282,0,0.006358814891427755,0
xgb,A_bandpower_epoch,8,282,0,0.008326638489961624,0
xgb,A_bandpower_epoch,8,282,0,0.005911416374146938,0
xgb,A_bandpower_epoch,8,282,0,0.008662221021950245,0
xgb,A_bandpower_epoch,8,282,0,0.08320903778076172,0
xgb,A_bandpower_epoch,8,282,0,0.014526388607919216,0
xgb,A_bandpower_epoch,8,282,0,0.0037873678375035524,0
xgb,A_bandpower_epoch,8,282,0,0.015512813813984394,0
xgb,A_bandpower_epoch,8,282,0,0.012579617090523243,0
xgb,A_bandpower_epoch,8,282,0,0.0136024234816432,0
xgb,A_bandpower_epoch,8,282,0,0.029656365513801575,0
xgb,A_bandpower_epoch,8,282,0,0.10227321088314056,0
xgb,A_bandpower_epoch,8,282,0,0.03383386507630348,0
xgb,A_bandpower_epoch,8,282,1,0.969735324382782,1
xgb,A_bandpower_epoch,8,282,1,0.8926180005073547,1
xgb,A_bandpower_epoch,8,282,1,0.9465370774269104,1
xgb,A_bandpower_epoch,8,282,1,0.9265782237052917,1
xgb,A_bandpower_epoch,8,282,1,0.9832974672317505,1
xgb,A_bandpower_epoch,8,282,1,0.9923610091209412,1
xgb,A_bandpower_epoch,8,282,1,0.9949811100959778,1
xgb,A_bandpower_epoch,8,282,1,0.9890271425247192,1
xgb,A_bandpower_epoch,8,282,1,0.6403090953826904,1
xgb,A_bandpower_epoch,8,282,1,0.9812303781509399,1
xgb,A_bandpower_epoch,8,282,1,0.9148851037025452,1
xgb,A_bandpower_epoch,9,210,0,0.003727841656655073,0
xgb,A_bandpower_epoch,9,210,0,0.0024810372851788998,0
xgb,A_bandpower_epoch,9,210,0,0.09804248064756393,0
xgb,A_bandpower_epoch,9,210,0,0.7676111459732056,1
xgb,A_bandpower_epoch,9,210,0,0.007864110171794891,0
xgb,A_bandpower_epoch,9,210,0,0.9820143580436707,1
xgb,A_bandpower_epoch,9,210,0,0.0049841804429888725,0
xgb,A_bandpower_epoch,9,210,0,0.42854833602905273,0
xgb,A_bandpower_epoch,9,210,0,0.3128379285335541,0
xgb,A_bandpower_epoch,9,210,0,0.01751818135380745,0
xgb,A_bandpower_epoch,9,210,0,0.010816866531968117,0
xgb,A_bandpower_epoch,9,210,0,0.005068070720881224,0
xgb,A_bandpower_epoch,9,210,0,0.002202319912612438,0
xgb,A_bandpower_epoch,9,210,0,0.008324638940393925,0
xgb,A_bandpower_epoch,9,210,1,0.9991833567619324,1
xgb,A_bandpower_epoch,9,210,1,0.9493750929832458,1
xgb,A_bandpower_epoch,9,210,1,0.9513098001480103,1
xgb,A_bandpower_epoch,9,210,1,0.6931656002998352,1
xgb,A_bandpower_epoch,9,210,1,0.7675195336341858,1
xgb,A_bandpower_epoch,9,210,1,0.8499749302864075,1
xgb,A_bandpower_epoch,9,210,1,0.5604084730148315,1
xgb,A_bandpower_epoch,9,210,1,0.7116530537605286,1
xgb,A_bandpower_epoch,9,210,1,0.9265481233596802,1
xgb,A_bandpower_epoch,9,210,1,0.7093371748924255,1
xgb,A_bandpower_epoch,9,210,1,0.7710093259811401,1
xgb,A_bandpower_epoch,10,265,0,0.8528521060943604,1
xgb,A_bandpower_epoch,10,265,0,0.9792699813842773,1
xgb,A_bandpower_epoch,10,265,0,0.5789238810539246,1
xgb,A_bandpower_epoch,10,265,0,0.8827564120292664,1
xgb,A_bandpower_epoch,10,265,0,0.9199854731559753,1
xgb,A_bandpower_epoch,10,265,0,0.9380016922950745,1
xgb,A_bandpower_epoch,10,265,0,0.14550532400608063,0
xgb,A_bandpower_epoch,10,265,0,0.9583462476730347,1
xgb,A_bandpower_epoch,10,265,0,0.9549758434295654,1
xgb,A_bandpower_epoch,10,265,0,0.9878675937652588,1
xgb,A_bandpower_epoch,10,265,0,0.9829533100128174,1
xgb,A_bandpower_epoch,10,265,0,0.6639847755432129,1
xgb,A_bandpower_epoch,10,265,0,0.8584712147712708,1
xgb,A_bandpower_epoch,10,265,1,0.9683972001075745,1
xgb,A_bandpower_epoch,10,265,1,0.9814386963844299,1
xgb,A_bandpower_epoch,10,265,1,0.9864063858985901,1
xgb,A_bandpower_epoch,10,265,1,0.9709135890007019,1
xgb,A_bandpower_epoch,10,265,1,0.87639319896698,1
xgb,A_bandpower_epoch,10,265,1,0.11540983617305756,0
xgb,A_bandpower_epoch,10,265,1,0.9822281002998352,1
xgb,A_bandpower_epoch,10,265,1,0.9618114829063416,1
xgb,A_bandpower_epoch,10,265,1,0.5099622011184692,1
xgb,A_bandpower_epoch,10,265,1,0.9878543019294739,1
xgb,A_bandpower_epoch,10,265,1,0.8918930292129517,1
xgb,B_wpli_edges_epoch_sliding,1,249,0,0.1831687092781067,0
xgb,B_wpli_edges_epoch_sliding,1,249,0,0.03486742824316025,0
xgb,B_wpli_edges_epoch_sliding,1,249,0,0.7574346661567688,1
xgb,B_wpli_edges_epoch_sliding,1,249,0,0.13669529557228088,0
xgb,B_wpli_edges_epoch_sliding,1,249,0,0.15344126522541046,0
xgb,B_wpli_edges_epoch_sliding,1,249,0,0.19648316502571106,0
xgb,B_wpli_edges_epoch_sliding,1,249,0,0.8956074714660645,1
xgb,B_wpli_edges_epoch_sliding,1,249,0,0.11972106248140335,0
xgb,B_wpli_edges_epoch_sliding,1,249,0,0.13190005719661713,0
xgb,B_wpli_edges_epoch_sliding,1,249,0,0.6701267957687378,1
xgb,B_wpli_edges_epoch_sliding,1,249,0,0.18948256969451904,0
xgb,B_wpli_edges_epoch_sliding,1,249,0,0.2112453132867813,0
xgb,B_wpli_edges_epoch_sliding,1,249,0,0.21487154066562653,0
xgb,B_wpli_edges_epoch_sliding,1,249,0,0.26898688077926636,0
xgb,B_wpli_edges_epoch_sliding,1,249,0,0.22828924655914307,0
xgb,B_wpli_edges_epoch_sliding,1,249,1,0.03827029839158058,0
xgb,B_wpli_edges_epoch_sliding,1,249,1,0.5762583613395691,1
xgb,B_wpli_edges_epoch_sliding,1,249,1,0.03973962366580963,0
xgb,B_wpli_edges_epoch_sliding,1,249,1,0.11741317808628082,0
xgb,B_wpli_edges_epoch_sliding,1,249,1,0.8864913582801819,1
xgb,B_wpli_edges_epoch_sliding,1,249,1,0.539391279220581,1
xgb,B_wpli_edges_epoch_sliding,1,249,1,0.9446501731872559,1
xgb,B_wpli_edges_epoch_sliding,1,249,1,0.1063937097787857,0
xgb,B_wpli_edges_epoch_sliding,1,249,1,0.4892407953739166,0
xgb,B_wpli_edges_epoch_sliding,1,249,1,0.09253356605768204,0
xgb,B_wpli_edges_epoch_sliding,1,249,1,0.7318238019943237,1
xgb,B_wpli_edges_epoch_sliding,1,249,1,0.05392972752451897,0
xgb,B_wpli_edges_epoch_sliding,1,249,1,0.6752614974975586,1
xgb,B_wpli_edges_epoch_sliding,1,249,1,0.027371011674404144,0
xgb,B_wpli_edges_epoch_sliding,1,249,1,0.3279038369655609,0
xgb,B_wpli_edges_epoch_sliding,1,249,1,0.19054216146469116,0
xgb,B_wpli_edges_epoch_sliding,1,249,1,0.8724637627601624,1
xgb,B_wpli_edges_epoch_sliding,2,219,0,0.8332561254501343,1
xgb,B_wpli_edges_epoch_sliding,2,219,0,0.6078904867172241,1
xgb,B_wpli_edges_epoch_sliding,2,219,0,0.4317311644554138,0
xgb,B_wpli_edges_epoch_sliding,2,219,0,0.13338319957256317,0
xgb,B_wpli_edges_epoch_sliding,2,219,0,0.395382285118103,0
xgb,B_wpli_edges_epoch_sliding,2,219,0,0.5449187755584717,1
xgb,B_wpli_edges_epoch_sliding,2,219,0,0.03870612010359764,0
xgb,B_wpli_edges_epoch_sliding,2,219,0,0.40707898139953613,0
xgb,B_wpli_edges_epoch_sliding,2,219,0,0.04240280017256737,0
xgb,B_wpli_edges_epoch_sliding,2,219,0,0.5740703344345093,1
xgb,B_wpli_edges_epoch_sliding,2,219,0,0.7195780873298645,1
xgb,B_wpli_edges_epoch_sliding,2,219,0,0.4539470374584198,0
xgb,B_wpli_edges_epoch_sliding,2,219,0,0.050086572766304016,0
xgb,B_wpli_edges_epoch_sliding,2,219,0,0.04597621411085129,0
xgb,B_wpli_edges_epoch_sliding,2,219,1,0.16903769969940186,0
xgb,B_wpli_edges_epoch_sliding,2,219,1,0.1102689579129219,0
xgb,B_wpli_edges_epoch_sliding,2,219,1,0.37296929955482483,0
xgb,B_wpli_edges_epoch_sliding,2,219,1,0.10977337509393692,0
xgb,B_wpli_edges_epoch_sliding,2,219,1,0.27820873260498047,0
xgb,B_wpli_edges_epoch_sliding,2,219,1,0.35187122225761414,0
xgb,B_wpli_edges_epoch_sliding,2,219,1,0.0695839673280716,0
xgb,B_wpli_edges_epoch_sliding,2,219,1,0.005034756381064653,0
xgb,B_wpli_edges_epoch_sliding,2,219,1,0.07468719035387039,0
xgb,B_wpli_edges_epoch_sliding,2,219,1,0.3653305768966675,0
xgb,B_wpli_edges_epoch_sliding,2,219,1,0.8422872424125671,1
xgb,B_wpli_edges_epoch_sliding,2,219,1,0.03797435387969017,0
xgb,B_wpli_edges_epoch_sliding,2,219,1,0.03341270983219147,0
xgb,B_wpli_edges_epoch_sliding,2,219,1,0.3895558714866638,0
xgb,B_wpli_edges_epoch_sliding,2,219,1,0.050333574414253235,0
xgb,B_wpli_edges_epoch_sliding,2,219,1,0.1504489928483963,0
xgb,B_wpli_edges_epoch_sliding,3,313,0,0.6051016449928284,1
xgb,B_wpli_edges_epoch_sliding,3,313,0,0.022601744160056114,0
xgb,B_wpli_edges_epoch_sliding,3,313,0,0.8727774620056152,1
xgb,B_wpli_edges_epoch_sliding,3,313,0,0.13005098700523376,0
xgb,B_wpli_edges_epoch_sliding,3,313,0,0.675021231174469,1
xgb,B_wpli_edges_epoch_sliding,3,313,0,0.8594405055046082,1
xgb,B_wpli_edges_epoch_sliding,3,313,0,0.6052699089050293,1
xgb,B_wpli_edges_epoch_sliding,3,313,0,0.2098146677017212,0
xgb,B_wpli_edges_epoch_sliding,3,313,0,0.8439463973045349,1
xgb,B_wpli_edges_epoch_sliding,3,313,0,0.8055776953697205,1
xgb,B_wpli_edges_epoch_sliding,3,313,0,0.26754167675971985,0
xgb,B_wpli_edges_epoch_sliding,3,313,0,0.427421897649765,0
xgb,B_wpli_edges_epoch_sliding,3,313,0,0.953548014163971,1
xgb,B_wpli_edges_epoch_sliding,3,313,0,0.877643883228302,1
xgb,B_wpli_edges_epoch_sliding,3,313,0,0.5027938485145569,1
xgb,B_wpli_edges_epoch_sliding,3,313,1,0.9143226742744446,1
xgb,B_wpli_edges_epoch_sliding,3,313,1,0.10623906552791595,0
xgb,B_wpli_edges_epoch_sliding,3,313,1,0.23811709880828857,0
xgb,B_wpli_edges_epoch_sliding,3,313,1,0.01740279607474804,0
xgb,B_wpli_edges_epoch_sliding,3,313,1,0.337623655796051,0
xgb,B_wpli_edges_epoch_sliding,3,313,1,0.6976460814476013,1
xgb,B_wpli_edges_epoch_sliding,3,313,1,0.5298042893409729,1
xgb,B_wpli_edges_epoch_sliding,3,313,1,0.4348412752151489,0
xgb,B_wpli_edges_epoch_sliding,3,313,1,0.12762537598609924,0
xgb,B_wpli_edges_epoch_sliding,3,313,1,0.5557212829589844,1
xgb,B_wpli_edges_epoch_sliding,3,313,1,0.5176101326942444,1
xgb,B_wpli_edges_epoch_sliding,3,313,1,0.5233364701271057,1
xgb,B_wpli_edges_epoch_sliding,3,313,1,0.6462959051132202,1
xgb,B_wpli_edges_epoch_sliding,3,313,1,0.18901214003562927,0
xgb,B_wpli_edges_epoch_sliding,4,318,0,0.8165327310562134,1
xgb,B_wpli_edges_epoch_sliding,4,318,0,0.3747013509273529,0
xgb,B_wpli_edges_epoch_sliding,4,318,0,0.0550667904317379,0
xgb,B_wpli_edges_epoch_sliding,4,318,0,0.033260077238082886,0
xgb,B_wpli_edges_epoch_sliding,4,318,0,0.4862480163574219,0
xgb,B_wpli_edges_epoch_sliding,4,318,0,0.30173763632774353,0
xgb,B_wpli_edges_epoch_sliding,4,318,0,0.13457000255584717,0
xgb,B_wpli_edges_epoch_sliding,4,318,0,0.39203575253486633,0
xgb,B_wpli_edges_epoch_sliding,4,318,0,0.031461164355278015,0
xgb,B_wpli_edges_epoch_sliding,4,318,0,0.3171755373477936,0
xgb,B_wpli_edges_epoch_sliding,4,318,0,0.38625675439834595,0
xgb,B_wpli_edges_epoch_sliding,4,318,0,0.18409615755081177,0
xgb,B_wpli_edges_epoch_sliding,4,318,0,0.015713093802332878,0
xgb,B_wpli_edges_epoch_sliding,4,318,0,0.036485157907009125,0
xgb,B_wpli_edges_epoch_sliding,4,318,1,0.49519526958465576,0
xgb,B_wpli_edges_epoch_sliding,4,318,1,0.1354953795671463,0
xgb,B_wpli_edges_epoch_sliding,4,318,1,0.5587468147277832,1
xgb,B_wpli_edges_epoch_sliding,4,318,1,0.3981320858001709,0
xgb,B_wpli_edges_epoch_sliding,4,318,1,0.5108757019042969,1
xgb,B_wpli_edges_epoch_sliding,4,318,1,0.19377323985099792,0
xgb,B_wpli_edges_epoch_sliding,4,318,1,0.8243064284324646,1
xgb,B_wpli_edges_epoch_sliding,4,318,1,0.5507137775421143,1
xgb,B_wpli_edges_epoch_sliding,4,318,1,0.7040005922317505,1
xgb,B_wpli_edges_epoch_sliding,4,318,1,0.14566414058208466,0
xgb,B_wpli_edges_epoch_sliding,4,318,1,0.3756723701953888,0
xgb,B_wpli_edges_epoch_sliding,4,318,1,0.6414309740066528,1
xgb,B_wpli_edges_epoch_sliding,4,318,1,0.44817668199539185,0
xgb,B_wpli_edges_epoch_sliding,4,318,1,0.7475261092185974,1
xgb,B_wpli_edges_epoch_sliding,5,300,0,0.9333351254463196,1
xgb,B_wpli_edges_epoch_sliding,5,300,0,0.8430037498474121,1
xgb,B_wpli_edges_epoch_sliding,5,300,0,0.364573210477829,0
xgb,B_wpli_edges_epoch_sliding,5,300,0,0.7289047837257385,1
xgb,B_wpli_edges_epoch_sliding,5,300,0,0.8184269666671753,1
xgb,B_wpli_edges_epoch_sliding,5,300,0,0.9287636280059814,1
xgb,B_wpli_edges_epoch_sliding,5,300,0,0.6500819325447083,1
xgb,B_wpli_edges_epoch_sliding,5,300,0,0.7605443596839905,1
xgb,B_wpli_edges_epoch_sliding,5,300,0,0.8618519306182861,1
xgb,B_wpli_edges_epoch_sliding,5,300,0,0.8219122886657715,1
xgb,B_wpli_edges_epoch_sliding,5,300,0,0.886763870716095,1
xgb,B_wpli_edges_epoch_sliding,5,300,0,0.30365657806396484,0
xgb,B_wpli_edges_epoch_sliding,5,300,0,0.7427623271942139,1
xgb,B_wpli_edges_epoch_sliding,5,300,0,0.7816611528396606,1
xgb,B_wpli_edges_epoch_sliding,5,300,1,0.3273443877696991,0
xgb,B_wpli_edges_epoch_sliding,5,300,1,0.03842228278517723,0
xgb,B_wpli_edges_epoch_sliding,5,300,1,0.8400084972381592,1
xgb,B_wpli_edges_epoch_sliding,5,300,1,0.6814924478530884,1
xgb,B_wpli_edges_epoch_sliding,5,300,1,0.12501759827136993,0
xgb,B_wpli_edges_epoch_sliding,5,300,1,0.09512531012296677,0
xgb,B_wpli_edges_epoch_sliding,5,300,1,0.8865531086921692,1
xgb,B_wpli_edges_epoch_sliding,5,300,1,0.8487757444381714,1
xgb,B_wpli_edges_epoch_sliding,5,300,1,0.6654643416404724,1
xgb,B_wpli_edges_epoch_sliding,5,300,1,0.22757555544376373,0
xgb,B_wpli_edges_epoch_sliding,5,300,1,0.059622153639793396,0
xgb,B_wpli_edges_epoch_sliding,5,300,1,0.490382581949234,0
xgb,B_wpli_edges_epoch_sliding,5,300,1,0.47526824474334717,0
xgb,B_wpli_edges_epoch_sliding,5,300,1,0.9711028933525085,1
xgb,B_wpli_edges_epoch_sliding,6,271,0,0.9949731826782227,1
xgb,B_wpli_edges_epoch_sliding,6,271,0,0.00578209338709712,0
xgb,B_wpli_edges_epoch_sliding,6,271,0,0.5980971455574036,1
xgb,B_wpli_edges_epoch_sliding,6,271,0,0.3990081250667572,0
xgb,B_wpli_edges_epoch_sliding,6,271,0,0.36592403054237366,0
xgb,B_wpli_edges_epoch_sliding,6,271,0,0.01418719720095396,0
xgb,B_wpli_edges_epoch_sliding,6,271,0,0.5064948797225952,1
xgb,B_wpli_edges_epoch_sliding,6,271,0,0.2244720309972763,0
xgb,B_wpli_edges_epoch_sliding,6,271,0,0.9816006422042847,1
xgb,B_wpli_edges_epoch_sliding,6,271,0,0.44452545046806335,0
xgb,B_wpli_edges_epoch_sliding,6,271,0,0.4544242024421692,0
xgb,B_wpli_edges_epoch_sliding,6,271,0,0.42769497632980347,0
xgb,B_wpli_edges_epoch_sliding,6,271,0,0.6631654500961304,1
xgb,B_wpli_edges_epoch_sliding,6,271,0,0.43837618827819824,0
xgb,B_wpli_edges_epoch_sliding,6,271,1,0.5530285239219666,1
xgb,B_wpli_edges_epoch_sliding,6,271,1,0.022676127031445503,0
xgb,B_wpli_edges_epoch_sliding,6,271,1,0.39149579405784607,0
xgb,B_wpli_edges_epoch_sliding,6,271,1,0.02220614068210125,0
xgb,B_wpli_edges_epoch_sliding,6,271,1,0.18707385659217834,0
xgb,B_wpli_edges_epoch_sliding,6,271,1,0.7743497490882874,1
xgb,B_wpli_edges_epoch_sliding,6,271,1,0.03632652759552002,0
xgb,B_wpli_edges_epoch_sliding,6,271,1,0.4928203225135803,0
xgb,B_wpli_edges_epoch_sliding,6,271,1,0.8421266674995422,1
xgb,B_wpli_edges_epoch_sliding,6,271,1,0.5578927993774414,1
xgb,B_wpli_edges_epoch_sliding,6,271,1,0.2765781283378601,0
xgb,B_wpli_edges_epoch_sliding,6,271,1,0.1323762834072113,0
xgb,B_wpli_edges_epoch_sliding,6,271,1,0.7850857973098755,1
xgb,B_wpli_edges_epoch_sliding,6,271,1,0.395722359418869,0
xgb,B_wpli_edges_epoch_sliding,7,251,0,0.2631101608276367,0
xgb,B_wpli_edges_epoch_sliding,7,251,0,0.32182151079177856,0
xgb,B_wpli_edges_epoch_sliding,7,251,0,0.4967116713523865,0
xgb,B_wpli_edges_epoch_sliding,7,251,0,0.6363369226455688,1
xgb,B_wpli_edges_epoch_sliding,7,251,0,0.7019263505935669,1
xgb,B_wpli_edges_epoch_sliding,7,251,0,0.19191794097423553,0
xgb,B_wpli_edges_epoch_sliding,7,251,0,0.5617062449455261,1
xgb,B_wpli_edges_epoch_sliding,7,251,0,0.6657951474189758,1
xgb,B_wpli_edges_epoch_sliding,7,251,0,0.07461810857057571,0
xgb,B_wpli_edges_epoch_sliding,7,251,0,0.22858907282352448,0
xgb,B_wpli_edges_epoch_sliding,7,251,0,0.671873927116394,1
xgb,B_wpli_edges_epoch_sliding,7,251,0,0.7077575325965881,1
xgb,B_wpli_edges_epoch_sliding,7,251,0,0.6303574442863464,1
xgb,B_wpli_edges_epoch_sliding,7,251,0,0.6164626479148865,1
xgb,B_wpli_edges_epoch_sliding,7,251,1,0.2034645676612854,0
xgb,B_wpli_edges_epoch_sliding,7,251,1,0.7434266805648804,1
xgb,B_wpli_edges_epoch_sliding,7,251,1,0.5239078402519226,1
xgb,B_wpli_edges_epoch_sliding,7,251,1,0.9746935963630676,1
xgb,B_wpli_edges_epoch_sliding,7,251,1,0.21975040435791016,0
xgb,B_wpli_edges_epoch_sliding,7,251,1,0.04514399915933609,0
xgb,B_wpli_edges_epoch_sliding,7,251,1,0.5123593807220459,1
xgb,B_wpli_edges_epoch_sliding,7,251,1,0.0760515034198761,0
xgb,B_wpli_edges_epoch_sliding,7,251,1,0.7156546711921692,1
xgb,B_wpli_edges_epoch_sliding,7,251,1,0.7564380168914795,1
xgb,B_wpli_edges_epoch_sliding,7,251,1,0.08073217421770096,0
xgb,B_wpli_edges_epoch_sliding,7,251,1,0.45190706849098206,0
xgb,B_wpli_edges_epoch_sliding,7,251,1,0.7101442813873291,1
xgb,B_wpli_edges_epoch_sliding,8,282,0,0.6238785982131958,1
xgb,B_wpli_edges_epoch_sliding,8,282,0,0.8141648769378662,1
xgb,B_wpli_edges_epoch_sliding,8,282,0,0.13700512051582336,0
xgb,B_wpli_edges_epoch_sliding,8,282,0,0.6580425500869751,1
xgb,B_wpli_edges_epoch_sliding,8,282,0,0.8429007530212402,1
xgb,B_wpli_edges_epoch_sliding,8,282,0,0.6252771615982056,1
xgb,B_wpli_edges_epoch_sliding,8,282,0,0.13666266202926636,0
xgb,B_wpli_edges_epoch_sliding,8,282,0,0.23929792642593384,0
xgb,B_wpli_edges_epoch_sliding,8,282,0,0.6891969442367554,1
xgb,B_wpli_edges_epoch_sliding,8,282,0,0.7901241183280945,1
xgb,B_wpli_edges_epoch_sliding,8,282,0,0.9232536554336548,1
xgb,B_wpli_edges_epoch_sliding,8,282,0,0.6941143274307251,1
xgb,B_wpli_edges_epoch_sliding,8,282,0,0.9789549112319946,1
xgb,B_wpli_edges_epoch_sliding,8,282,0,0.173392191529274,0
xgb,B_wpli_edges_epoch_sliding,8,282,1,0.7964040040969849,1
xgb,B_wpli_edges_epoch_sliding,8,282,1,0.9548073410987854,1
xgb,B_wpli_edges_epoch_sliding,8,282,1,0.9697326421737671,1
xgb,B_wpli_edges_epoch_sliding,8,282,1,0.8249403238296509,1
xgb,B_wpli_edges_epoch_sliding,8,282,1,0.924022376537323,1
xgb,B_wpli_edges_epoch_sliding,8,282,1,0.7630587220191956,1
xgb,B_wpli_edges_epoch_sliding,8,282,1,0.4726620614528656,0
xgb,B_wpli_edges_epoch_sliding,8,282,1,0.6153675317764282,1
xgb,B_wpli_edges_epoch_sliding,8,282,1,0.04320443049073219,0
xgb,B_wpli_edges_epoch_sliding,8,282,1,0.03739599138498306,0
xgb,B_wpli_edges_epoch_sliding,8,282,1,0.8921023607254028,1
xgb,B_wpli_edges_epoch_sliding,9,210,0,0.8588927388191223,1
xgb,B_wpli_edges_epoch_sliding,9,210,0,0.26668480038642883,0
xgb,B_wpli_edges_epoch_sliding,9,210,0,0.6265154480934143,1
xgb,B_wpli_edges_epoch_sliding,9,210,0,0.34473252296447754,0
xgb,B_wpli_edges_epoch_sliding,9,210,0,0.7121776938438416,1
xgb,B_wpli_edges_epoch_sliding,9,210,0,0.6320316791534424,1
xgb,B_wpli_edges_epoch_sliding,9,210,0,0.590728223323822,1
xgb,B_wpli_edges_epoch_sliding,9,210,0,0.40774548053741455,0
xgb,B_wpli_edges_epoch_sliding,9,210,0,0.19369100034236908,0
xgb,B_wpli_edges_epoch_sliding,9,210,0,0.47343748807907104,0
xgb,B_wpli_edges_epoch_sliding,9,210,0,0.47281381487846375,0
xgb,B_wpli_edges_epoch_sliding,9,210,0,0.836699366569519,1
xgb,B_wpli_edges_epoch_sliding,9,210,0,0.49913153052330017,0
xgb,B_wpli_edges_epoch_sliding,9,210,0,0.56745445728302,1
xgb,B_wpli_edges_epoch_sliding,9,210,1,0.09310252219438553,0
xgb,B_wpli_edges_epoch_sliding,9,210,1,0.7256482243537903,1
xgb,B_wpli_edges_epoch_sliding,9,210,1,0.7079105973243713,1
xgb,B_wpli_edges_epoch_sliding,9,210,1,0.46295881271362305,0
xgb,B_wpli_edges_epoch_sliding,9,210,1,0.2921709418296814,0
xgb,B_wpli_edges_epoch_sliding,9,210,1,0.5859782695770264,1
xgb,B_wpli_edges_epoch_sliding,9,210,1,0.5256710648536682,1
xgb,B_wpli_edges_epoch_sliding,9,210,1,0.39553824067115784,0
xgb,B_wpli_edges_epoch_sliding,9,210,1,0.5958207249641418,1
xgb,B_wpli_edges_epoch_sliding,9,210,1,0.6386547088623047,1
xgb,B_wpli_edges_epoch_sliding,9,210,1,0.4920218288898468,0
xgb,B_wpli_edges_epoch_sliding,10,265,0,0.91460120677948,1
xgb,B_wpli_edges_epoch_sliding,10,265,0,0.9383396506309509,1
xgb,B_wpli_edges_epoch_sliding,10,265,0,0.9943894743919373,1
xgb,B_wpli_edges_epoch_sliding,10,265,0,0.060611288994550705,0
xgb,B_wpli_edges_epoch_sliding,10,265,0,0.4226369559764862,0
xgb,B_wpli_edges_epoch_sliding,10,265,0,0.12956298887729645,0
xgb,B_wpli_edges_epoch_sliding,10,265,0,0.3370456099510193,0
xgb,B_wpli_edges_epoch_sliding,10,265,0,0.32584959268569946,0
xgb,B_wpli_edges_epoch_sliding,10,265,0,0.2767348885536194,0
xgb,B_wpli_edges_epoch_sliding,10,265,0,0.669897735118866,1
xgb,B_wpli_edges_epoch_sliding,10,265,0,0.19522835314273834,0
xgb,B_wpli_edges_epoch_sliding,10,265,0,0.4159304201602936,0
xgb,B_wpli_edges_epoch_sliding,10,265,0,0.9616718888282776,1
xgb,B_wpli_edges_epoch_sliding,10,265,1,0.7928158044815063,1
xgb,B_wpli_edges_epoch_sliding,10,265,1,0.6114706993103027,1
xgb,B_wpli_edges_epoch_sliding,10,265,1,0.8392935395240784,1
xgb,B_wpli_edges_epoch_sliding,10,265,1,0.6197913289070129,1
xgb,B_wpli_edges_epoch_sliding,10,265,1,0.9901195764541626,1
xgb,B_wpli_edges_epoch_sliding,10,265,1,0.9099992513656616,1
xgb,B_wpli_edges_epoch_sliding,10,265,1,0.9387369751930237,1
xgb,B_wpli_edges_epoch_sliding,10,265,1,0.9819489121437073,1
xgb,B_wpli_edges_epoch_sliding,10,265,1,0.5461723208427429,1
xgb,B_wpli_edges_epoch_sliding,10,265,1,0.797710120677948,1
xgb,B_wpli_edges_epoch_sliding,10,265,1,0.6432850956916809,1
xgb,C_AplusB_epoch_sliding,1,249,0,0.17559991776943207,0
xgb,C_AplusB_epoch_sliding,1,249,0,0.012292799539864063,0
xgb,C_AplusB_epoch_sliding,1,249,0,0.04641934856772423,0
xgb,C_AplusB_epoch_sliding,1,249,0,0.3489481806755066,0
xgb,C_AplusB_epoch_sliding,1,249,0,0.11664649844169617,0
xgb,C_AplusB_epoch_sliding,1,249,0,0.027911419048905373,0
xgb,C_AplusB_epoch_sliding,1,249,0,0.9296036958694458,1
xgb,C_AplusB_epoch_sliding,1,249,0,0.03437880426645279,0
xgb,C_AplusB_epoch_sliding,1,249,0,0.13452810049057007,0
xgb,C_AplusB_epoch_sliding,1,249,0,0.03640870377421379,0
xgb,C_AplusB_epoch_sliding,1,249,0,0.01424206793308258,0
xgb,C_AplusB_epoch_sliding,1,249,0,0.05306230112910271,0
xgb,C_AplusB_epoch_sliding,1,249,0,0.851797878742218,1
xgb,C_AplusB_epoch_sliding,1,249,0,0.5284029245376587,1
xgb,C_AplusB_epoch_sliding,1,249,0,0.005669144913554192,0
xgb,C_AplusB_epoch_sliding,1,249,1,0.9893597364425659,1
xgb,C_AplusB_epoch_sliding,1,249,1,0.9067109823226929,1
xgb,C_AplusB_epoch_sliding,1,249,1,0.02510269172489643,0
xgb,C_AplusB_epoch_sliding,1,249,1,0.7119571566581726,1
xgb,C_AplusB_epoch_sliding,1,249,1,0.8825204372406006,1
xgb,C_AplusB_epoch_sliding,1,249,1,0.5716722011566162,1
xgb,C_AplusB_epoch_sliding,1,249,1,0.9610124826431274,1
xgb,C_AplusB_epoch_sliding,1,249,1,0.7640894651412964,1
xgb,C_AplusB_epoch_sliding,1,249,1,0.9248349070549011,1
xgb,C_AplusB_epoch_sliding,1,249,1,0.25216707587242126,0
xgb,C_AplusB_epoch_sliding,1,249,1,0.9622560143470764,1
xgb,C_AplusB_epoch_sliding,1,249,1,0.062038272619247437,0
xgb,C_AplusB_epoch_sliding,1,249,1,0.6397665143013,1
xgb,C_AplusB_epoch_sliding,1,249,1,0.16806615889072418,0
xgb,C_AplusB_epoch_sliding,1,249,1,0.8233540654182434,1
xgb,C_AplusB_epoch_sliding,1,249,1,0.20130494236946106,0
xgb,C_AplusB_epoch_sliding,1,249,1,0.9400864839553833,1
xgb,C_AplusB_epoch_sliding,2,219,0,0.9182507395744324,1
xgb,C_AplusB_epoch_sliding,2,219,0,0.3221319019794464,0
xgb,C_AplusB_epoch_sliding,2,219,0,0.08007432520389557,0
xgb,C_AplusB_epoch_sliding,2,219,0,0.9954649806022644,1
xgb,C_AplusB_epoch_sliding,2,219,0,0.9779878854751587,1
xgb,C_AplusB_epoch_sliding,2,219,0,0.960350513458252,1
xgb,C_AplusB_epoch_sliding,2,219,0,0.8811946511268616,1
xgb,C_AplusB_epoch_sliding,2,219,0,0.9894611239433289,1
xgb,C_AplusB_epoch_sliding,2,219,0,0.9487214088439941,1
xgb,C_AplusB_epoch_sliding,2,219,0,0.48938316106796265,0
xgb,C_AplusB_epoch_sliding,2,219,0,0.35019320249557495,0
xgb,C_AplusB_epoch_sliding,2,219,0,0.8328313231468201,1
xgb,C_AplusB_epoch_sliding,2,219,0,0.022472184151411057,0
xgb,C_AplusB_epoch_sliding,2,219,0,0.006071701180189848,0
xgb,C_AplusB_epoch_sliding,2,219,1,0.7297770380973816,1
xgb,C_AplusB_epoch_sliding,2,219,1,0.1269223392009735,0
xgb,C_AplusB_epoch_sliding,2,219,1,0.45397257804870605,0
xgb,C_AplusB_epoch_sliding,2,219,1,0.9753037691116333,1
xgb,C_AplusB_epoch_sliding,2,219,1,0.9779776334762573,1
xgb,C_AplusB_epoch_sliding,2,219,1,0.9897965788841248,1
xgb,C_AplusB_epoch_sliding,2,219,1,0.9879629611968994,1
xgb,C_AplusB_epoch_sliding,2,219,1,0.9466651082038879,1
xgb,C_AplusB_epoch_sliding,2,219,1,0.9527056813240051,1
xgb,C_AplusB_epoch_sliding,2,219,1,0.8928854465484619,1
xgb,C_AplusB_epoch_sliding,2,219,1,0.9589405059814453,1
xgb,C_AplusB_epoch_sliding,2,219,1,0.8666300773620605,1
xgb,C_AplusB_epoch_sliding,2,219,1,0.9453573822975159,1
xgb,C_AplusB_epoch_sliding,2,219,1,0.9695596694946289,1
xgb,C_AplusB_epoch_sliding,2,219,1,0.782285749912262,1
xgb,C_AplusB_epoch_sliding,2,219,1,0.9528764486312866,1
xgb,C_AplusB_epoch_sliding,3,313,0,0.7576742172241211,1
xgb,C_AplusB_epoch_sliding,3,313,0,0.06947416067123413,0
xgb,C_AplusB_epoch_sliding,3,313,0,0.47952285408973694,0
xgb,C_AplusB_epoch_sliding,3,313,0,0.7764970660209656,1
xgb,C_AplusB_epoch_sliding,3,313,0,0.9335839152336121,1
xgb,C_AplusB_epoch_sliding,3,313,0,0.9253307580947876,1
xgb,C_AplusB_epoch_sliding,3,313,0,0.750825822353363,1
xgb,C_AplusB_epoch_sliding,3,313,0,0.762408971786499,1
xgb,C_AplusB_epoch_sliding,3,313,0,0.35870808362960815,0
xgb,C_AplusB_epoch_sliding,3,313,0,0.904719889163971,1
xgb,C_AplusB_epoch_sliding,3,313,0,0.2669728696346283,0
xgb,C_AplusB_epoch_sliding,3,313,0,0.8539894223213196,1
xgb,C_AplusB_epoch_sliding,3,313,0,0.7843996286392212,1
xgb,C_AplusB_epoch_sliding,3,313,0,0.37126782536506653,0
xgb,C_AplusB_epoch_sliding,3,313,0,0.3509417474269867,0
xgb,C_AplusB_epoch_sliding,3,313,1,0.9916930794715881,1
xgb,C_AplusB_epoch_sliding,3,313,1,0.9179647564888,1
xgb,C_AplusB_epoch_sliding,3,313,1,0.2125847488641739,0
xgb,C_AplusB_epoch_sliding,3,313,1,0.28326061367988586,0
xgb,C_AplusB_epoch_sliding,3,313,1,0.8215385675430298,1
xgb,C_AplusB_epoch_sliding,3,313,1,0.6614181995391846,1
xgb,C_AplusB_epoch_sliding,3,313,1,0.9978996515274048,1
xgb,C_AplusB_epoch_sliding,3,313,1,0.5645714402198792,1
xgb,C_AplusB_epoch_sliding,3,313,1,0.08725237846374512,0
xgb,C_AplusB_epoch_sliding,3,313,1,0.9620905518531799,1
xgb,C_AplusB_epoch_sliding,3,313,1,0.9136777520179749,1
xgb,C_AplusB_epoch_sliding,3,313,1,0.20307984948158264,0
xgb,C_AplusB_epoch_sliding,3,313,1,0.7025529146194458,1
xgb,C_AplusB_epoch_sliding,3,313,1,0.9256196022033691,1
xgb,C_AplusB_epoch_sliding,4,318,0,0.1326102912425995,0
xgb,C_AplusB_epoch_sliding,4,318,0,0.0829564705491066,0
xgb,C_AplusB_epoch_sliding,4,318,0,0.02276267670094967,0
xgb,C_AplusB_epoch_sliding,4,318,0,0.001688524498604238,0
xgb,C_AplusB_epoch_sliding,4,318,0,0.15246926248073578,0
xgb,C_AplusB_epoch_sliding,4,318,0,0.0049820877611637115,0
xgb,C_AplusB_epoch_sliding,4,318,0,0.0027139424346387386,0
xgb,C_AplusB_epoch_sliding,4,318,0,0.01228255033493042,0
xgb,C_AplusB_epoch_sliding,4,318,0,0.0081602418795228,0
xgb,C_AplusB_epoch_sliding,4,318,0,0.017678093165159225,0
xgb,C_AplusB_epoch_sliding,4,318,0,0.0048989043571054935,0
xgb,C_AplusB_epoch_sliding,4,318,0,0.03200178220868111,0
xgb,C_AplusB_epoch_sliding,4,318,0,0.012154948897659779,0
xgb,C_AplusB_epoch_sliding,4,318,0,0.0909813642501831,0
xgb,C_AplusB_epoch_sliding,4,318,1,0.6796519160270691,1
xgb,C_AplusB_epoch_sliding,4,318,1,0.9097792506217957,1
xgb,C_AplusB_epoch_sliding,4,318,1,0.31133970618247986,0
xgb,C_AplusB_epoch_sliding,4,318,1,0.9107818007469177,1
xgb,C_AplusB_epoch_sliding,4,318,1,0.7290377020835876,1
xgb,C_AplusB_epoch_sliding,4,318,1,0.1623312383890152,0
xgb,C_AplusB_epoch_sliding,4,318,1,0.9776784181594849,1
xgb,C_AplusB_epoch_sliding,4,318,1,0.13390007615089417,0
xgb,C_AplusB_epoch_sliding,4,318,1,0.942091166973114,1
xgb,C_AplusB_epoch_sliding,4,318,1,0.5123624801635742,1
xgb,C_AplusB_epoch_sliding,4,318,1,0.02073492668569088,0
xgb,C_AplusB_epoch_sliding,4,318,1,0.9158748984336853,1
xgb,C_AplusB_epoch_sliding,4,318,1,0.8542615175247192,1
xgb,C_AplusB_epoch_sliding,4,318,1,0.20883271098136902,0
xgb,C_AplusB_epoch_sliding,5,300,0,0.9177959561347961,1
xgb,C_AplusB_epoch_sliding,5,300,0,0.981094479560852,1
xgb,C_AplusB_epoch_sliding,5,300,0,0.9831565022468567,1
xgb,C_AplusB_epoch_sliding,5,300,0,0.995225191116333,1
xgb,C_AplusB_epoch_sliding,5,300,0,0.9931489825248718,1
xgb,C_AplusB_epoch_sliding,5,300,0,0.9214493632316589,1
xgb,C_AplusB_epoch_sliding,5,300,0,0.9820330739021301,1
xgb,C_AplusB_epoch_sliding,5,300,0,0.9953254461288452,1
xgb,C_AplusB_epoch_sliding,5,300,0,0.9442444443702698,1
xgb,C_AplusB_epoch_sliding,5,300,0,0.7691225409507751,1
xgb,C_AplusB_epoch_sliding,5,300,0,0.9847391843795776,1
xgb,C_AplusB_epoch_sliding,5,300,0,0.9675145149230957,1
xgb,C_AplusB_epoch_sliding,5,300,0,0.9901732206344604,1
xgb,C_AplusB_epoch_sliding,5,300,0,0.9798827767372131,1
xgb,C_AplusB_epoch_sliding,5,300,1,0.9750269055366516,1
xgb,C_AplusB_epoch_sliding,5,300,1,0.9923338890075684,1
xgb,C_AplusB_epoch_sliding,5,300,1,0.9874744415283203,1
xgb,C_AplusB_epoch_sliding,5,300,1,0.961931586265564,1
xgb,C_AplusB_epoch_sliding,5,300,1,0.9939113855361938,1
xgb,C_AplusB_epoch_sliding,5,300,1,0.9953597187995911,1
xgb,C_AplusB_epoch_sliding,5,300,1,0.9918476343154907,1
xgb,C_AplusB_epoch_sliding,5,300,1,0.9895403981208801,1
xgb,C_AplusB_epoch_sliding,5,300,1,0.9895678162574768,1
xgb,C_AplusB_epoch_sliding,5,300,1,0.9869339466094971,1
xgb,C_AplusB_epoch_sliding,5,300,1,0.9500082731246948,1
xgb,C_AplusB_epoch_sliding,5,300,1,0.9952038526535034,1
xgb,C_AplusB_epoch_sliding,5,300,1,0.9745360016822815,1
xgb,C_AplusB_epoch_sliding,5,300,1,0.9967639446258545,1
xgb,C_AplusB_epoch_sliding,6,271,0,0.9654032588005066,1
xgb,C_AplusB_epoch_sliding,6,271,0,0.002424356061965227,0
xgb,C_AplusB_epoch_sliding,6,271,0,0.016837675124406815,0
xgb,C_AplusB_epoch_sliding,6,271,0,0.5132079720497131,1
xgb,C_AplusB_epoch_sliding,6,271,0,0.08661137521266937,0
xgb,C_AplusB_epoch_sliding,6,271,0,0.12581194937229156,0
xgb,C_AplusB_epoch_sliding,6,271,0,0.06570587307214737,0
xgb,C_AplusB_epoch_sliding,6,271,0,0.0035752146504819393,0
xgb,C_AplusB_epoch_sliding,6,271,0,0.0023039071820676327,0
xgb,C_AplusB_epoch_sliding,6,271,0,0.587212085723877,1
xgb,C_AplusB_epoch_sliding,6,271,0,0.04422202333807945,0
xgb,C_AplusB_epoch_sliding,6,271,0,0.014996599406003952,0
xgb,C_AplusB_epoch_sliding,6,271,0,0.5592525601387024,1
xgb,C_AplusB_epoch_sliding,6,271,0,0.031241441145539284,0
xgb,C_AplusB_epoch_sliding,6,271,1,0.7376580238342285,1
xgb,C_AplusB_epoch_sliding,6,271,1,0.24613922834396362,0
xgb,C_AplusB_epoch_sliding,6,271,1,0.056764453649520874,0
xgb,C_AplusB_epoch_sliding,6,271,1,0.010411039926111698,0
xgb,C_AplusB_epoch_sliding,6,271,1,0.057563237845897675,0
xgb,C_AplusB_epoch_sliding,6,271,1,0.1135009229183197,0
xgb,C_AplusB_epoch_sliding,6,271,1,0.3220469355583191,0
xgb,C_AplusB_epoch_sliding,6,271,1,0.0477130301296711,0
xgb,C_AplusB_epoch_sliding,6,271,1,0.41712236404418945,0
xgb,C_AplusB_epoch_sliding,6,271,1,0.6675202250480652,1
xgb,C_AplusB_epoch_sliding,6,271,1,0.14519274234771729,0
xgb,C_AplusB_epoch_sliding,6,271,1,0.6963489651679993,1
xgb,C_AplusB_epoch_sliding,6,271,1,0.7813771963119507,1
xgb,C_AplusB_epoch_sliding,6,271,1,0.43417197465896606,0
xgb,C_AplusB_epoch_sliding,7,251,0,0.0046171811409294605,0
xgb,C_AplusB_epoch_sliding,7,251,0,0.025664081797003746,0
xgb,C_AplusB_epoch_sliding,7,251,0,0.15070249140262604,0
xgb,C_AplusB_epoch_sliding,7,251,0,0.037249788641929626,0
xgb,C_AplusB_epoch_sliding,7,251,0,0.0060266656801104546,0
xgb,C_AplusB_epoch_sliding,7,251,0,0.45988550782203674,0
xgb,C_AplusB_epoch_sliding,7,251,0,0.05884665623307228,0
xgb,C_AplusB_epoch_sliding,7,251,0,0.040524087846279144,0
xgb,C_AplusB_epoch_sliding,7,251,0,0.004461175762116909,0
xgb,C_AplusB_epoch_sliding,7,251,0,0.001912816078402102,0
xgb,C_AplusB_epoch_sliding,7,251,0,0.08104956150054932,0
xgb,C_AplusB_epoch_sliding,7,251,0,0.09118654578924179,0
xgb,C_AplusB_epoch_sliding,7,251,0,0.30753979086875916,0
xgb,C_AplusB_epoch_sliding,7,251,0,0.07730743288993835,0
xgb,C_AplusB_epoch_sliding,7,251,1,0.4183761775493622,0
xgb,C_AplusB_epoch_sliding,7,251,1,0.584510862827301,1
xgb,C_AplusB_epoch_sliding,7,251,1,0.3186096251010895,0
xgb,C_AplusB_epoch_sliding,7,251,1,0.5557255148887634,1
xgb,C_AplusB_epoch_sliding,7,251,1,0.1706741899251938,0
xgb,C_AplusB_epoch_sliding,7,251,1,0.024638870730996132,0
xgb,C_AplusB_epoch_sliding,7,251,1,0.11095689982175827,0
xgb,C_AplusB_epoch_sliding,7,251,1,0.2910676598548889,0
xgb,C_AplusB_epoch_sliding,7,251,1,0.07307671010494232,0
xgb,C_AplusB_epoch_sliding,7,251,1,0.08472225815057755,0
xgb,C_AplusB_epoch_sliding,7,251,1,0.21221642196178436,0
xgb,C_AplusB_epoch_sliding,7,251,1,0.18180060386657715,0
xgb,C_AplusB_epoch_sliding,7,251,1,0.7252918481826782,1
xgb,C_AplusB_epoch_sliding,8,282,0,0.0014097555540502071,0
xgb,C_AplusB_epoch_sliding,8,282,0,0.07642913609743118,0
xgb,C_AplusB_epoch_sliding,8,282,0,0.08384156972169876,0
xgb,C_AplusB_epoch_sliding,8,282,0,0.010961092077195644,0
xgb,C_AplusB_epoch_sliding,8,282,0,0.004402030725032091,0
xgb,C_AplusB_epoch_sliding,8,282,0,0.5951230525970459,1
xgb,C_AplusB_epoch_sliding,8,282,0,0.033074621111154556,0
xgb,C_AplusB_epoch_sliding,8,282,0,0.005674250889569521,0
xgb,C_AplusB_epoch_sliding,8,282,0,0.1262352466583252,0
xgb,C_AplusB_epoch_sliding,8,282,0,0.15373548865318298,0
xgb,C_AplusB_epoch_sliding,8,282,0,0.011231807060539722,0
xgb,C_AplusB_epoch_sliding,8,282,0,0.39650607109069824,0
xgb,C_AplusB_epoch_sliding,8,282,0,0.27794164419174194,0
xgb,C_AplusB_epoch_sliding,8,282,0,0.020357387140393257,0
xgb,C_AplusB_epoch_sliding,8,282,1,0.9850245714187622,1
xgb,C_AplusB_epoch_sliding,8,282,1,0.9896286725997925,1
xgb,C_AplusB_epoch_sliding,8,282,1,0.8675746321678162,1
xgb,C_AplusB_epoch_sliding,8,282,1,0.9759986400604248,1
xgb,C_AplusB_epoch_sliding,8,282,1,0.5667339563369751,1
xgb,C_AplusB_epoch_sliding,8,282,1,0.9829455614089966,1
xgb,C_AplusB_epoch_sliding,8,282,1,0.12772610783576965,0
xgb,C_AplusB_epoch_sliding,8,282,1,0.2554801106452942,0
xgb,C_AplusB_epoch_sliding,8,282,1,0.21616601943969727,0
xgb,C_AplusB_epoch_sliding,8,282,1,0.06078103929758072,0
xgb,C_AplusB_epoch_sliding,8,282,1,0.48278680443763733,0
xgb,C_AplusB_epoch_sliding,9,210,0,0.7676743865013123,1
xgb,C_AplusB_epoch_sliding,9,210,0,0.010178714990615845,0
xgb,C_AplusB_epoch_sliding,9,210,0,0.03547203913331032,0
xgb,C_AplusB_epoch_sliding,9,210,0,0.18844789266586304,0
xgb,C_AplusB_epoch_sliding,9,210,0,0.20502418279647827,0
xgb,C_AplusB_epoch_sliding,9,210,0,0.041782815009355545,0
xgb,C_AplusB_epoch_sliding,9,210,0,0.680426836013794,1
xgb,C_AplusB_epoch_sliding,9,210,0,0.08012328296899796,0
xgb,C_AplusB_epoch_sliding,9,210,0,0.1488613486289978,0
xgb,C_AplusB_epoch_sliding,9,210,0,0.3948630392551422,0
xgb,C_AplusB_epoch_sliding,9,210,0,0.12290792912244797,0
xgb,C_AplusB_epoch_sliding,9,210,0,0.061386026442050934,0
xgb,C_AplusB_epoch_sliding,9,210,0,0.3136557638645172,0
xgb,C_AplusB_epoch_sliding,9,210,0,0.029055820778012276,0
xgb,C_AplusB_epoch_sliding,9,210,1,0.11410973221063614,0
xgb,C_AplusB_epoch_sliding,9,210,1,0.673507034778595,1
xgb,C_AplusB_epoch_sliding,9,210,1,0.4015893042087555,0
xgb,C_AplusB_epoch_sliding,9,210,1,0.4786253571510315,0
xgb,C_AplusB_epoch_sliding,9,210,1,0.875494658946991,1
xgb,C_AplusB_epoch_sliding,9,210,1,0.6056921482086182,1
xgb,C_AplusB_epoch_sliding,9,210,1,0.6895182728767395,1
xgb,C_AplusB_epoch_sliding,9,210,1,0.18947218358516693,0
xgb,C_AplusB_epoch_sliding,9,210,1,0.8420199155807495,1
xgb,C_AplusB_epoch_sliding,9,210,1,0.5484500527381897,1
xgb,C_AplusB_epoch_sliding,9,210,1,0.9564567804336548,1
xgb,C_AplusB_epoch_sliding,10,265,0,0.9463598132133484,1
xgb,C_AplusB_epoch_sliding,10,265,0,0.9844304919242859,1
xgb,C_AplusB_epoch_sliding,10,265,0,0.8890709280967712,1
xgb,C_AplusB_epoch_sliding,10,265,0,0.004355207551270723,0
xgb,C_AplusB_epoch_sliding,10,265,0,0.10136544704437256,0
xgb,C_AplusB_epoch_sliding,10,265,0,0.07082507759332657,0
xgb,C_AplusB_epoch_sliding,10,265,0,0.7648969888687134,1
xgb,C_AplusB_epoch_sliding,10,265,0,0.007273391354829073,0
xgb,C_AplusB_epoch_sliding,10,265,0,0.9827436208724976,1
xgb,C_AplusB_epoch_sliding,10,265,0,0.7885231971740723,1
xgb,C_AplusB_epoch_sliding,10,265,0,0.016257086768746376,0
xgb,C_AplusB_epoch_sliding,10,265,0,0.0018523256294429302,0
xgb,C_AplusB_epoch_sliding,10,265,0,0.8667749166488647,1
xgb,C_AplusB_epoch_sliding,10,265,1,0.548612117767334,1
xgb,C_AplusB_epoch_sliding,10,265,1,0.9664762616157532,1
xgb,C_AplusB_epoch_sliding,10,265,1,0.6799030900001526,1
xgb,C_AplusB_epoch_sliding,10,265,1,0.9929531216621399,1
xgb,C_AplusB_epoch_sliding,10,265,1,0.9950359463691711,1
xgb,C_AplusB_epoch_sliding,10,265,1,0.8639958500862122,1
xgb,C_AplusB_epoch_sliding,10,265,1,0.9764284491539001,1
xgb,C_AplusB_epoch_sliding,10,265,1,0.8568716645240784,1
xgb,C_AplusB_epoch_sliding,10,265,1,0.47165820002555847,0
xgb,C_AplusB_epoch_sliding,10,265,1,0.9783597588539124,1
xgb,C_AplusB_epoch_sliding,10,265,1,0.30104830861091614,0
