model,subset,feat_type,fold,subject_id,y_true,y_proba,y_pred
left_lateral__A,left_lateral,A,1,249,0,0.10190167542200668,0
left_lateral__A,left_lateral,A,1,249,0,0.19976686983957914,0
left_lateral__A,left_lateral,A,1,249,0,0.898959978463684,1
left_lateral__A,left_lateral,A,1,249,0,0.10873592721485935,0
left_lateral__A,left_lateral,A,1,249,0,0.08549503449007492,0
left_lateral__A,left_lateral,A,1,249,0,0.2589556070611406,0
left_lateral__A,left_lateral,A,1,249,0,0.12368169679881343,0
left_lateral__A,left_lateral,A,1,249,0,0.11935229963596479,0
left_lateral__A,left_lateral,A,1,249,0,0.1006823914209906,0
left_lateral__A,left_lateral,A,1,249,0,0.0833308740329589,0
left_lateral__A,left_lateral,A,1,249,0,0.11665750246532962,0
left_lateral__A,left_lateral,A,1,249,0,0.28630483622568526,0
left_lateral__A,left_lateral,A,1,249,0,0.2564103057467986,0
left_lateral__A,left_lateral,A,1,249,0,0.973363247816091,1
left_lateral__A,left_lateral,A,1,249,0,0.05845641829890999,0
left_lateral__A,left_lateral,A,1,249,1,0.5480484857499693,1
left_lateral__A,left_lateral,A,1,249,1,0.6623303408792737,1
left_lateral__A,left_lateral,A,1,249,1,0.8663331738995923,1
left_lateral__A,left_lateral,A,1,249,1,0.7434234746119722,1
left_lateral__A,left_lateral,A,1,249,1,0.7488151826510644,1
left_lateral__A,left_lateral,A,1,249,1,0.23765285824553056,0
left_lateral__A,left_lateral,A,1,249,1,0.3041579235997019,0
left_lateral__A,left_lateral,A,1,249,1,0.495791829682682,0
left_lateral__A,left_lateral,A,1,249,1,0.6379457886273988,1
left_lateral__A,left_lateral,A,1,249,1,0.5343502576346205,1
left_lateral__A,left_lateral,A,1,249,1,0.2953357640388845,0
left_lateral__A,left_lateral,A,1,249,1,0.4689142880158066,0
left_lateral__A,left_lateral,A,1,249,1,0.7242051815165267,1
left_lateral__A,left_lateral,A,1,249,1,0.9141973570494669,1
left_lateral__A,left_lateral,A,1,249,1,0.6360777941118917,1
left_lateral__A,left_lateral,A,1,249,1,0.590203712466955,1
left_lateral__A,left_lateral,A,1,249,1,0.8429998889033944,1
left_lateral__A,left_lateral,A,1,265,0,0.0709460927984296,0
left_lateral__A,left_lateral,A,1,265,0,0.33674557429990204,0
left_lateral__A,left_lateral,A,1,265,0,0.4353065511497508,0
left_lateral__A,left_lateral,A,1,265,0,0.8152987579667219,1
left_lateral__A,left_lateral,A,1,265,0,0.8460831321320817,1
left_lateral__A,left_lateral,A,1,265,0,0.3245216142354409,0
left_lateral__A,left_lateral,A,1,265,0,0.37747851546061534,0
left_lateral__A,left_lateral,A,1,265,0,0.8613693354548172,1
left_lateral__A,left_lateral,A,1,265,0,0.09760853919560562,0
left_lateral__A,left_lateral,A,1,265,0,0.33930532839657174,0
left_lateral__A,left_lateral,A,1,265,0,0.27920739693838814,0
left_lateral__A,left_lateral,A,1,265,0,0.14300578598265967,0
left_lateral__A,left_lateral,A,1,265,0,0.36681806568709485,0
left_lateral__A,left_lateral,A,1,265,1,0.11541053165126837,0
left_lateral__A,left_lateral,A,1,265,1,0.5236198662240376,1
left_lateral__A,left_lateral,A,1,265,1,0.6185930869489801,1
left_lateral__A,left_lateral,A,1,265,1,0.7979714189386996,1
left_lateral__A,left_lateral,A,1,265,1,0.3144921732877473,0
left_lateral__A,left_lateral,A,1,265,1,0.1097184460421524,0
left_lateral__A,left_lateral,A,1,265,1,0.09403174186967062,0
left_lateral__A,left_lateral,A,1,265,1,0.7742508236899446,1
left_lateral__A,left_lateral,A,1,265,1,0.9691667557528832,1
left_lateral__A,left_lateral,A,1,265,1,0.6270393560416295,1
left_lateral__A,left_lateral,A,1,265,1,0.28389955926597127,0
left_lateral__A,left_lateral,A,2,210,0,0.014574011447039029,0
left_lateral__A,left_lateral,A,2,210,0,0.05611572994963463,0
left_lateral__A,left_lateral,A,2,210,0,0.21966988880403995,0
left_lateral__A,left_lateral,A,2,210,0,0.27610195942381294,0
left_lateral__A,left_lateral,A,2,210,0,0.16139860113508994,0
left_lateral__A,left_lateral,A,2,210,0,0.41040086896253053,0
left_lateral__A,left_lateral,A,2,210,0,0.07574464808975927,0
left_lateral__A,left_lateral,A,2,210,0,0.9050905604883505,1
left_lateral__A,left_lateral,A,2,210,0,0.22119011311303144,0
left_lateral__A,left_lateral,A,2,210,0,0.1831553680067496,0
left_lateral__A,left_lateral,A,2,210,0,0.16305525100759474,0
left_lateral__A,left_lateral,A,2,210,0,0.024487112276479834,0
left_lateral__A,left_lateral,A,2,210,0,0.17614483231652536,0
left_lateral__A,left_lateral,A,2,210,0,0.28232134195668485,0
left_lateral__A,left_lateral,A,2,210,1,0.9015467571891861,1
left_lateral__A,left_lateral,A,2,210,1,0.8889927264429666,1
left_lateral__A,left_lateral,A,2,210,1,0.9341484488651691,1
left_lateral__A,left_lateral,A,2,210,1,0.9250454744377754,1
left_lateral__A,left_lateral,A,2,210,1,0.9066978615840751,1
left_lateral__A,left_lateral,A,2,210,1,0.839021934039315,1
left_lateral__A,left_lateral,A,2,210,1,0.7881137736395764,1
left_lateral__A,left_lateral,A,2,210,1,0.9085200128141533,1
left_lateral__A,left_lateral,A,2,210,1,0.9457144529183539,1
left_lateral__A,left_lateral,A,2,210,1,0.8914426779693184,1
left_lateral__A,left_lateral,A,2,210,1,0.9099775748726099,1
left_lateral__A,left_lateral,A,2,219,0,0.26403493074869167,0
left_lateral__A,left_lateral,A,2,219,0,0.6099975753681544,1
left_lateral__A,left_lateral,A,2,219,0,0.7656020229426278,1
left_lateral__A,left_lateral,A,2,219,0,0.6314465219396422,1
left_lateral__A,left_lateral,A,2,219,0,0.6449595547582218,1
left_lateral__A,left_lateral,A,2,219,0,0.7889570746611717,1
left_lateral__A,left_lateral,A,2,219,0,0.6594322635961325,1
left_lateral__A,left_lateral,A,2,219,0,0.14158048091624692,0
left_lateral__A,left_lateral,A,2,219,0,0.7640460769052743,1
left_lateral__A,left_lateral,A,2,219,0,0.16054252518616313,0
left_lateral__A,left_lateral,A,2,219,0,0.22385637332395789,0
left_lateral__A,left_lateral,A,2,219,0,0.7582209827414023,1
left_lateral__A,left_lateral,A,2,219,0,0.031002344366581634,0
left_lateral__A,left_lateral,A,2,219,0,0.47037338645114296,0
left_lateral__A,left_lateral,A,2,219,1,0.5379030733646674,1
left_lateral__A,left_lateral,A,2,219,1,0.84408769145934,1
left_lateral__A,left_lateral,A,2,219,1,0.5708064240046322,1
left_lateral__A,left_lateral,A,2,219,1,0.851837803395541,1
left_lateral__A,left_lateral,A,2,219,1,0.7003558212353412,1
left_lateral__A,left_lateral,A,2,219,1,0.6706791226215928,1
left_lateral__A,left_lateral,A,2,219,1,0.713233949819153,1
left_lateral__A,left_lateral,A,2,219,1,0.7306682966430842,1
left_lateral__A,left_lateral,A,2,219,1,0.8014980744585454,1
left_lateral__A,left_lateral,A,2,219,1,0.7847133136737322,1
left_lateral__A,left_lateral,A,2,219,1,0.5554501644943497,1
left_lateral__A,left_lateral,A,2,219,1,0.5566357253170403,1
left_lateral__A,left_lateral,A,2,219,1,0.8734280016340208,1
left_lateral__A,left_lateral,A,2,219,1,0.609015253042095,1
left_lateral__A,left_lateral,A,2,219,1,0.5520584706242584,1
left_lateral__A,left_lateral,A,2,219,1,0.5768291717638522,1
left_lateral__A,left_lateral,A,3,282,0,0.012746945758815196,0
left_lateral__A,left_lateral,A,3,282,0,0.03533703584890528,0
left_lateral__A,left_lateral,A,3,282,0,0.14061440503950526,0
left_lateral__A,left_lateral,A,3,282,0,0.32048860112940525,0
left_lateral__A,left_lateral,A,3,282,0,0.1422779106270201,0
left_lateral__A,left_lateral,A,3,282,0,0.22576823226770157,0
left_lateral__A,left_lateral,A,3,282,0,0.15344149628232645,0
left_lateral__A,left_lateral,A,3,282,0,0.13918718172680708,0
left_lateral__A,left_lateral,A,3,282,0,0.03229649530836474,0
left_lateral__A,left_lateral,A,3,282,0,0.06161490683289627,0
left_lateral__A,left_lateral,A,3,282,0,0.09901554091786516,0
left_lateral__A,left_lateral,A,3,282,0,0.02218106178492494,0
left_lateral__A,left_lateral,A,3,282,0,0.35977519113045003,0
left_lateral__A,left_lateral,A,3,282,0,0.07388020675841958,0
left_lateral__A,left_lateral,A,3,282,1,0.6527322329241707,1
left_lateral__A,left_lateral,A,3,282,1,0.6823837609528725,1
left_lateral__A,left_lateral,A,3,282,1,0.3082957291013887,0
left_lateral__A,left_lateral,A,3,282,1,0.5704410184480754,1
left_lateral__A,left_lateral,A,3,282,1,0.46248581600404237,0
left_lateral__A,left_lateral,A,3,282,1,0.33773020334319176,0
left_lateral__A,left_lateral,A,3,282,1,0.7893406212362234,1
left_lateral__A,left_lateral,A,3,282,1,0.7918463340016207,1
left_lateral__A,left_lateral,A,3,282,1,0.6375192577281592,1
left_lateral__A,left_lateral,A,3,282,1,0.49781658935696094,0
left_lateral__A,left_lateral,A,3,282,1,0.6437516817611152,1
left_lateral__A,left_lateral,A,3,313,0,0.3591217002813673,0
left_lateral__A,left_lateral,A,3,313,0,0.4648634178992442,0
left_lateral__A,left_lateral,A,3,313,0,0.2277074333864643,0
left_lateral__A,left_lateral,A,3,313,0,0.3119202912262942,0
left_lateral__A,left_lateral,A,3,313,0,0.32381542893537046,0
left_lateral__A,left_lateral,A,3,313,0,0.44559869966422305,0
left_lateral__A,left_lateral,A,3,313,0,0.31156427839201783,0
left_lateral__A,left_lateral,A,3,313,0,0.8460719776177003,1
left_lateral__A,left_lateral,A,3,313,0,0.411246033753749,0
left_lateral__A,left_lateral,A,3,313,0,0.39531883107297167,0
left_lateral__A,left_lateral,A,3,313,0,0.23894804215661075,0
left_lateral__A,left_lateral,A,3,313,0,0.4173040301046248,0
left_lateral__A,left_lateral,A,3,313,0,0.23142650795288902,0
left_lateral__A,left_lateral,A,3,313,0,0.16157538567057003,0
left_lateral__A,left_lateral,A,3,313,0,0.22755430210450267,0
left_lateral__A,left_lateral,A,3,313,1,0.2530953023533987,0
left_lateral__A,left_lateral,A,3,313,1,0.25680648406249645,0
left_lateral__A,left_lateral,A,3,313,1,0.3481174802668305,0
left_lateral__A,left_lateral,A,3,313,1,0.2477218945645595,0
left_lateral__A,left_lateral,A,3,313,1,0.364187739805313,0
left_lateral__A,left_lateral,A,3,313,1,0.2608583727918746,0
left_lateral__A,left_lateral,A,3,313,1,0.33218682738047556,0
left_lateral__A,left_lateral,A,3,313,1,0.5663678695505979,1
left_lateral__A,left_lateral,A,3,313,1,0.30165013490443465,0
left_lateral__A,left_lateral,A,3,313,1,0.3131316813196674,0
left_lateral__A,left_lateral,A,3,313,1,0.5254153055485473,1
left_lateral__A,left_lateral,A,3,313,1,0.3503070606828284,0
left_lateral__A,left_lateral,A,3,313,1,0.3911317490975423,0
left_lateral__A,left_lateral,A,3,313,1,0.39987850317327983,0
left_lateral__A,left_lateral,A,4,271,0,0.3150925458399877,0
left_lateral__A,left_lateral,A,4,271,0,0.3593422008205265,0
left_lateral__A,left_lateral,A,4,271,0,0.23057760475449002,0
left_lateral__A,left_lateral,A,4,271,0,0.588695189640462,1
left_lateral__A,left_lateral,A,4,271,0,0.2637475394658115,0
left_lateral__A,left_lateral,A,4,271,0,0.32520432528054627,0
left_lateral__A,left_lateral,A,4,271,0,0.3305772489054943,0
left_lateral__A,left_lateral,A,4,271,0,0.02612636569437914,0
left_lateral__A,left_lateral,A,4,271,0,0.018861739362946214,0
left_lateral__A,left_lateral,A,4,271,0,0.3120834815661579,0
left_lateral__A,left_lateral,A,4,271,0,0.40235511126926476,0
left_lateral__A,left_lateral,A,4,271,0,0.05098898262467335,0
left_lateral__A,left_lateral,A,4,271,0,0.2582902499165668,0
left_lateral__A,left_lateral,A,4,271,0,0.2242964268252711,0
left_lateral__A,left_lateral,A,4,271,1,0.5070099361498991,1
left_lateral__A,left_lateral,A,4,271,1,0.6517369631995861,1
left_lateral__A,left_lateral,A,4,271,1,0.48271531607252,0
left_lateral__A,left_lateral,A,4,271,1,0.5937487057894508,1
left_lateral__A,left_lateral,A,4,271,1,0.6661916258900462,1
left_lateral__A,left_lateral,A,4,271,1,0.6459904928805051,1
left_lateral__A,left_lateral,A,4,271,1,0.7211198945309504,1
left_lateral__A,left_lateral,A,4,271,1,0.5822458093442026,1
left_lateral__A,left_lateral,A,4,271,1,0.6604882561749709,1
left_lateral__A,left_lateral,A,4,271,1,0.5877706139613172,1
left_lateral__A,left_lateral,A,4,271,1,0.5869015996648241,1
left_lateral__A,left_lateral,A,4,271,1,0.7914017684954531,1
left_lateral__A,left_lateral,A,4,271,1,0.6702048883196906,1
left_lateral__A,left_lateral,A,4,271,1,0.6447182497803888,1
left_lateral__A,left_lateral,A,4,318,0,0.1840458568716655,0
left_lateral__A,left_lateral,A,4,318,0,0.3367962795495532,0
left_lateral__A,left_lateral,A,4,318,0,0.40309617925114666,0
left_lateral__A,left_lateral,A,4,318,0,0.1837523412314283,0
left_lateral__A,left_lateral,A,4,318,0,0.27277038610869636,0
left_lateral__A,left_lateral,A,4,318,0,0.37867422477893875,0
left_lateral__A,left_lateral,A,4,318,0,0.4238530211441817,0
left_lateral__A,left_lateral,A,4,318,0,0.011146588740965411,0
left_lateral__A,left_lateral,A,4,318,0,0.2512130441424405,0
left_lateral__A,left_lateral,A,4,318,0,0.44533088674048615,0
left_lateral__A,left_lateral,A,4,318,0,0.42233686604486875,0
left_lateral__A,left_lateral,A,4,318,0,0.39021227915110734,0
left_lateral__A,left_lateral,A,4,318,0,0.26127674650288274,0
left_lateral__A,left_lateral,A,4,318,0,0.5738113056601665,1
left_lateral__A,left_lateral,A,4,318,1,0.4550091029215136,0
left_lateral__A,left_lateral,A,4,318,1,0.48274370926248883,0
left_lateral__A,left_lateral,A,4,318,1,0.6347042138260792,1
left_lateral__A,left_lateral,A,4,318,1,0.5860989622536651,1
left_lateral__A,left_lateral,A,4,318,1,0.7603931008982283,1
left_lateral__A,left_lateral,A,4,318,1,0.4656870434037671,0
left_lateral__A,left_lateral,A,4,318,1,0.7488221134278326,1
left_lateral__A,left_lateral,A,4,318,1,0.5548867005707868,1
left_lateral__A,left_lateral,A,4,318,1,0.5482516922242697,1
left_lateral__A,left_lateral,A,4,318,1,0.7919557068980473,1
left_lateral__A,left_lateral,A,4,318,1,0.5825725651734202,1
left_lateral__A,left_lateral,A,4,318,1,0.6770111027248814,1
left_lateral__A,left_lateral,A,4,318,1,0.7923033061644891,1
left_lateral__A,left_lateral,A,4,318,1,0.6722398176375429,1
left_lateral__A,left_lateral,A,5,251,0,0.018966870504701278,0
left_lateral__A,left_lateral,A,5,251,0,0.020435888455472596,0
left_lateral__A,left_lateral,A,5,251,0,0.017543075837398038,0
left_lateral__A,left_lateral,A,5,251,0,0.055523814398339526,0
left_lateral__A,left_lateral,A,5,251,0,0.04498001460722158,0
left_lateral__A,left_lateral,A,5,251,0,0.08187638839502533,0
left_lateral__A,left_lateral,A,5,251,0,0.14999344195144157,0
left_lateral__A,left_lateral,A,5,251,0,0.024555311870556054,0
left_lateral__A,left_lateral,A,5,251,0,0.029940377556568875,0
left_lateral__A,left_lateral,A,5,251,0,0.06412787955685013,0
left_lateral__A,left_lateral,A,5,251,0,0.06271160219770047,0
left_lateral__A,left_lateral,A,5,251,0,0.029547516347717594,0
left_lateral__A,left_lateral,A,5,251,0,0.027521573128372633,0
left_lateral__A,left_lateral,A,5,251,0,0.027866823247394493,0
left_lateral__A,left_lateral,A,5,251,1,0.2889729181809286,0
left_lateral__A,left_lateral,A,5,251,1,0.17397746703378175,0
left_lateral__A,left_lateral,A,5,251,1,0.09590714393638156,0
left_lateral__A,left_lateral,A,5,251,1,0.07743445814562891,0
left_lateral__A,left_lateral,A,5,251,1,0.04084469477275042,0
left_lateral__A,left_lateral,A,5,251,1,0.375112496352699,0
left_lateral__A,left_lateral,A,5,251,1,0.12155907406374528,0
left_lateral__A,left_lateral,A,5,251,1,0.1653601021049358,0
left_lateral__A,left_lateral,A,5,251,1,0.28313938289837476,0
left_lateral__A,left_lateral,A,5,251,1,0.046644801039026774,0
left_lateral__A,left_lateral,A,5,251,1,0.0682207764293996,0
left_lateral__A,left_lateral,A,5,251,1,0.2132417277609228,0
left_lateral__A,left_lateral,A,5,251,1,0.5334727873216477,1
left_lateral__A,left_lateral,A,5,300,0,0.8018368056547156,1
left_lateral__A,left_lateral,A,5,300,0,0.8028490007160214,1
left_lateral__A,left_lateral,A,5,300,0,0.7534905417442782,1
left_lateral__A,left_lateral,A,5,300,0,0.6676563121845461,1
left_lateral__A,left_lateral,A,5,300,0,0.7834948334428639,1
left_lateral__A,left_lateral,A,5,300,0,0.7817320576692512,1
left_lateral__A,left_lateral,A,5,300,0,0.7808425792943398,1
left_lateral__A,left_lateral,A,5,300,0,0.766091839680476,1
left_lateral__A,left_lateral,A,5,300,0,0.7333101992310117,1
left_lateral__A,left_lateral,A,5,300,0,0.7883787467869984,1
left_lateral__A,left_lateral,A,5,300,0,0.7575140764656791,1
left_lateral__A,left_lateral,A,5,300,0,0.6595219732850025,1
left_lateral__A,left_lateral,A,5,300,0,0.7513982613140702,1
left_lateral__A,left_lateral,A,5,300,0,0.8025816072314812,1
left_lateral__A,left_lateral,A,5,300,1,0.7000255435863789,1
left_lateral__A,left_lateral,A,5,300,1,0.7974931029436942,1
left_lateral__A,left_lateral,A,5,300,1,0.7487239764977223,1
left_lateral__A,left_lateral,A,5,300,1,0.7442793891459979,1
left_lateral__A,left_lateral,A,5,300,1,0.7616915297983939,1
left_lateral__A,left_lateral,A,5,300,1,0.7854676852518113,1
left_lateral__A,left_lateral,A,5,300,1,0.7449953948188014,1
left_lateral__A,left_lateral,A,5,300,1,0.8025721183080694,1
left_lateral__A,left_lateral,A,5,300,1,0.8115570419018296,1
left_lateral__A,left_lateral,A,5,300,1,0.7846410447078759,1
left_lateral__A,left_lateral,A,5,300,1,0.7992130147159585,1
left_lateral__A,left_lateral,A,5,300,1,0.8072351554759813,1
left_lateral__A,left_lateral,A,5,300,1,0.7306188677888906,1
left_lateral__A,left_lateral,A,5,300,1,0.7862880389965341,1
left_lateral__B,left_lateral,B,1,249,0,0.5689153065368125,1
left_lateral__B,left_lateral,B,1,249,0,0.4851048693877443,0
left_lateral__B,left_lateral,B,1,249,0,0.4047172525760853,0
left_lateral__B,left_lateral,B,1,249,0,0.7177703883411276,1
left_lateral__B,left_lateral,B,1,249,0,0.782584979561329,1
left_lateral__B,left_lateral,B,1,249,0,0.5871338618415689,1
left_lateral__B,left_lateral,B,1,249,0,0.5306795102219352,1
left_lateral__B,left_lateral,B,1,249,0,0.5045007757091022,1
left_lateral__B,left_lateral,B,1,249,0,0.6534794381098935,1
left_lateral__B,left_lateral,B,1,249,0,0.41035166188297595,0
left_lateral__B,left_lateral,B,1,249,0,0.3982677554661576,0
left_lateral__B,left_lateral,B,1,249,0,0.7550861978497221,1
left_lateral__B,left_lateral,B,1,249,0,0.30530021549635245,0
left_lateral__B,left_lateral,B,1,249,0,0.5660532105696777,1
left_lateral__B,left_lateral,B,1,249,0,0.49955622600727523,0
left_lateral__B,left_lateral,B,1,249,1,0.3886420979322729,0
left_lateral__B,left_lateral,B,1,249,1,0.5994130457164326,1
left_lateral__B,left_lateral,B,1,249,1,0.4424009039632611,0
left_lateral__B,left_lateral,B,1,249,1,0.5590497969203885,1
left_lateral__B,left_lateral,B,1,249,1,0.5451246812503913,1
left_lateral__B,left_lateral,B,1,249,1,0.5545868929335067,1
left_lateral__B,left_lateral,B,1,249,1,0.5641901079235757,1
left_lateral__B,left_lateral,B,1,249,1,0.6533351572794817,1
left_lateral__B,left_lateral,B,1,249,1,0.48539569865330656,0
left_lateral__B,left_lateral,B,1,249,1,0.5283326210399034,1
left_lateral__B,left_lateral,B,1,249,1,0.5958927996789357,1
left_lateral__B,left_lateral,B,1,249,1,0.5893712787262944,1
left_lateral__B,left_lateral,B,1,249,1,0.5164877651998594,1
left_lateral__B,left_lateral,B,1,249,1,0.47899294361494305,0
left_lateral__B,left_lateral,B,1,249,1,0.5340931317340127,1
left_lateral__B,left_lateral,B,1,249,1,0.7212722969447971,1
left_lateral__B,left_lateral,B,1,249,1,0.5327373283766161,1
left_lateral__B,left_lateral,B,1,265,0,0.4034916981369475,0
left_lateral__B,left_lateral,B,1,265,0,0.36701071722418865,0
left_lateral__B,left_lateral,B,1,265,0,0.5215317103750298,1
left_lateral__B,left_lateral,B,1,265,0,0.43408086325405665,0
left_lateral__B,left_lateral,B,1,265,0,0.3717526551440284,0
left_lateral__B,left_lateral,B,1,265,0,0.44091389229480227,0
left_lateral__B,left_lateral,B,1,265,0,0.5823826315583011,1
left_lateral__B,left_lateral,B,1,265,0,0.3679981500125489,0
left_lateral__B,left_lateral,B,1,265,0,0.598353837975285,1
left_lateral__B,left_lateral,B,1,265,0,0.4806102133766552,0
left_lateral__B,left_lateral,B,1,265,0,0.41988720899774745,0
left_lateral__B,left_lateral,B,1,265,0,0.3054851400927634,0
left_lateral__B,left_lateral,B,1,265,0,0.5248144348805056,1
left_lateral__B,left_lateral,B,1,265,1,0.45414528775729346,0
left_lateral__B,left_lateral,B,1,265,1,0.3293040783048056,0
left_lateral__B,left_lateral,B,1,265,1,0.49357687621463364,0
left_lateral__B,left_lateral,B,1,265,1,0.6741306029659359,1
left_lateral__B,left_lateral,B,1,265,1,0.42008819708540324,0
left_lateral__B,left_lateral,B,1,265,1,0.5687619432530457,1
left_lateral__B,left_lateral,B,1,265,1,0.47191848027033834,0
left_lateral__B,left_lateral,B,1,265,1,0.5124162632367556,1
left_lateral__B,left_lateral,B,1,265,1,0.5779929809192387,1
left_lateral__B,left_lateral,B,1,265,1,0.471336458760083,0
left_lateral__B,left_lateral,B,1,265,1,0.6752641036576434,1
left_lateral__B,left_lateral,B,2,210,0,0.5468170044762853,1
left_lateral__B,left_lateral,B,2,210,0,0.5698642079708939,1
left_lateral__B,left_lateral,B,2,210,0,0.3377152129708085,0
left_lateral__B,left_lateral,B,2,210,0,0.3955230720269064,0
left_lateral__B,left_lateral,B,2,210,0,0.44117722909778634,0
left_lateral__B,left_lateral,B,2,210,0,0.3687680004622827,0
left_lateral__B,left_lateral,B,2,210,0,0.5723445781469554,1
left_lateral__B,left_lateral,B,2,210,0,0.5177193590237387,1
left_lateral__B,left_lateral,B,2,210,0,0.5090071281271894,1
left_lateral__B,left_lateral,B,2,210,0,0.42193943383203936,0
left_lateral__B,left_lateral,B,2,210,0,0.2919204910604822,0
left_lateral__B,left_lateral,B,2,210,0,0.41071747038517276,0
left_lateral__B,left_lateral,B,2,210,0,0.6193053218805159,1
left_lateral__B,left_lateral,B,2,210,0,0.3609703537297688,0
left_lateral__B,left_lateral,B,2,210,1,0.46996175875617047,0
left_lateral__B,left_lateral,B,2,210,1,0.4187902080579161,0
left_lateral__B,left_lateral,B,2,210,1,0.4775654326490728,0
left_lateral__B,left_lateral,B,2,210,1,0.5059655858027758,1
left_lateral__B,left_lateral,B,2,210,1,0.4999493665549838,0
left_lateral__B,left_lateral,B,2,210,1,0.47379443235194707,0
left_lateral__B,left_lateral,B,2,210,1,0.5182929306971382,1
left_lateral__B,left_lateral,B,2,210,1,0.4253875927729787,0
left_lateral__B,left_lateral,B,2,210,1,0.4468943610613652,0
left_lateral__B,left_lateral,B,2,210,1,0.48146363007465487,0
left_lateral__B,left_lateral,B,2,210,1,0.5863741597644756,1
left_lateral__B,left_lateral,B,2,219,0,0.5255194026537847,1
left_lateral__B,left_lateral,B,2,219,0,0.525597234056415,1
left_lateral__B,left_lateral,B,2,219,0,0.480683091348461,0
left_lateral__B,left_lateral,B,2,219,0,0.5989639440263114,1
left_lateral__B,left_lateral,B,2,219,0,0.4187459415934303,0
left_lateral__B,left_lateral,B,2,219,0,0.5711827105864044,1
left_lateral__B,left_lateral,B,2,219,0,0.4549593659288976,0
left_lateral__B,left_lateral,B,2,219,0,0.45336691307963045,0
left_lateral__B,left_lateral,B,2,219,0,0.4423790554377557,0
left_lateral__B,left_lateral,B,2,219,0,0.5634624534709539,1
left_lateral__B,left_lateral,B,2,219,0,0.6245761578731296,1
left_lateral__B,left_lateral,B,2,219,0,0.35329128818972305,0
left_lateral__B,left_lateral,B,2,219,0,0.5417373851865144,1
left_lateral__B,left_lateral,B,2,219,0,0.357777963195877,0
left_lateral__B,left_lateral,B,2,219,1,0.5704626670096303,1
left_lateral__B,left_lateral,B,2,219,1,0.5983210704383807,1
left_lateral__B,left_lateral,B,2,219,1,0.6711781655462071,1
left_lateral__B,left_lateral,B,2,219,1,0.45950821029465666,0
left_lateral__B,left_lateral,B,2,219,1,0.5110970131733861,1
left_lateral__B,left_lateral,B,2,219,1,0.4052994321405569,0
left_lateral__B,left_lateral,B,2,219,1,0.48082847945793566,0
left_lateral__B,left_lateral,B,2,219,1,0.32457425433649384,0
left_lateral__B,left_lateral,B,2,219,1,0.39590693554707657,0
left_lateral__B,left_lateral,B,2,219,1,0.38671801150421936,0
left_lateral__B,left_lateral,B,2,219,1,0.4874552506554106,0
left_lateral__B,left_lateral,B,2,219,1,0.4012628205136405,0
left_lateral__B,left_lateral,B,2,219,1,0.5267153186150481,1
left_lateral__B,left_lateral,B,2,219,1,0.385838006161869,0
left_lateral__B,left_lateral,B,2,219,1,0.6268929806574213,1
left_lateral__B,left_lateral,B,2,219,1,0.4215273489615736,0
left_lateral__B,left_lateral,B,3,282,0,0.5569552928417794,1
left_lateral__B,left_lateral,B,3,282,0,0.563561942816375,1
left_lateral__B,left_lateral,B,3,282,0,0.2725304804189214,0
left_lateral__B,left_lateral,B,3,282,0,0.28457522705691035,0
left_lateral__B,left_lateral,B,3,282,0,0.6442895207082437,1
left_lateral__B,left_lateral,B,3,282,0,0.526197727369054,1
left_lateral__B,left_lateral,B,3,282,0,0.5552988612514622,1
left_lateral__B,left_lateral,B,3,282,0,0.31350841729917134,0
left_lateral__B,left_lateral,B,3,282,0,0.7158537452444145,1
left_lateral__B,left_lateral,B,3,282,0,0.5019174378577665,1
left_lateral__B,left_lateral,B,3,282,0,0.5604456662380625,1
left_lateral__B,left_lateral,B,3,282,0,0.2284711322682484,0
left_lateral__B,left_lateral,B,3,282,0,0.45598890095914507,0
left_lateral__B,left_lateral,B,3,282,0,0.48642591854352846,0
left_lateral__B,left_lateral,B,3,282,1,0.5751969421583492,1
left_lateral__B,left_lateral,B,3,282,1,0.5728229717028984,1
left_lateral__B,left_lateral,B,3,282,1,0.4514082918974176,0
left_lateral__B,left_lateral,B,3,282,1,0.3263611471753899,0
left_lateral__B,left_lateral,B,3,282,1,0.36588991739935217,0
left_lateral__B,left_lateral,B,3,282,1,0.586262574129122,1
left_lateral__B,left_lateral,B,3,282,1,0.6425173820945641,1
left_lateral__B,left_lateral,B,3,282,1,0.6987599109552797,1
left_lateral__B,left_lateral,B,3,282,1,0.3996491144547353,0
left_lateral__B,left_lateral,B,3,282,1,0.2984866856571756,0
left_lateral__B,left_lateral,B,3,282,1,0.5375454777127275,1
left_lateral__B,left_lateral,B,3,313,0,0.46035445083701887,0
left_lateral__B,left_lateral,B,3,313,0,0.43456005665387104,0
left_lateral__B,left_lateral,B,3,313,0,0.38282683549810526,0
left_lateral__B,left_lateral,B,3,313,0,0.4592415464856297,0
left_lateral__B,left_lateral,B,3,313,0,0.5474757648071019,1
left_lateral__B,left_lateral,B,3,313,0,0.6976265128233176,1
left_lateral__B,left_lateral,B,3,313,0,0.52012329256653,1
left_lateral__B,left_lateral,B,3,313,0,0.530192508468749,1
left_lateral__B,left_lateral,B,3,313,0,0.619301069763659,1
left_lateral__B,left_lateral,B,3,313,0,0.4063210277657669,0
left_lateral__B,left_lateral,B,3,313,0,0.5580067957420028,1
left_lateral__B,left_lateral,B,3,313,0,0.4138685289806133,0
left_lateral__B,left_lateral,B,3,313,0,0.49301098904753815,0
left_lateral__B,left_lateral,B,3,313,0,0.499380370945155,0
left_lateral__B,left_lateral,B,3,313,0,0.4045131045289606,0
left_lateral__B,left_lateral,B,3,313,1,0.4426567311120783,0
left_lateral__B,left_lateral,B,3,313,1,0.4455879575875747,0
left_lateral__B,left_lateral,B,3,313,1,0.46815105328377754,0
left_lateral__B,left_lateral,B,3,313,1,0.4151328121075883,0
left_lateral__B,left_lateral,B,3,313,1,0.486862091196851,0
left_lateral__B,left_lateral,B,3,313,1,0.6437300237535262,1
left_lateral__B,left_lateral,B,3,313,1,0.6957012494412049,1
left_lateral__B,left_lateral,B,3,313,1,0.4179492581461354,0
left_lateral__B,left_lateral,B,3,313,1,0.349760405801564,0
left_lateral__B,left_lateral,B,3,313,1,0.5970100505440281,1
left_lateral__B,left_lateral,B,3,313,1,0.49412741186045367,0
left_lateral__B,left_lateral,B,3,313,1,0.6335085332873841,1
left_lateral__B,left_lateral,B,3,313,1,0.5736316438611159,1
left_lateral__B,left_lateral,B,3,313,1,0.5686507832932743,1
left_lateral__B,left_lateral,B,4,271,0,0.5718940134450229,1
left_lateral__B,left_lateral,B,4,271,0,0.5714573882319788,1
left_lateral__B,left_lateral,B,4,271,0,0.33008119286990684,0
left_lateral__B,left_lateral,B,4,271,0,0.49971523908601695,0
left_lateral__B,left_lateral,B,4,271,0,0.2652123550578273,0
left_lateral__B,left_lateral,B,4,271,0,0.38931599278260537,0
left_lateral__B,left_lateral,B,4,271,0,0.5683083021996346,1
left_lateral__B,left_lateral,B,4,271,0,0.4165888974310953,0
left_lateral__B,left_lateral,B,4,271,0,0.4309391304198117,0
left_lateral__B,left_lateral,B,4,271,0,0.4362020328947212,0
left_lateral__B,left_lateral,B,4,271,0,0.48811855693304546,0
left_lateral__B,left_lateral,B,4,271,0,0.5224841940626281,1
left_lateral__B,left_lateral,B,4,271,0,0.5105360035118836,1
left_lateral__B,left_lateral,B,4,271,0,0.5099327601085801,1
left_lateral__B,left_lateral,B,4,271,1,0.5245733113470419,1
left_lateral__B,left_lateral,B,4,271,1,0.45604023382478637,0
left_lateral__B,left_lateral,B,4,271,1,0.3428418537042633,0
left_lateral__B,left_lateral,B,4,271,1,0.3744284689629575,0
left_lateral__B,left_lateral,B,4,271,1,0.4073136914330069,0
left_lateral__B,left_lateral,B,4,271,1,0.4988786139022737,0
left_lateral__B,left_lateral,B,4,271,1,0.5920177983010335,1
left_lateral__B,left_lateral,B,4,271,1,0.5581235045692354,1
left_lateral__B,left_lateral,B,4,271,1,0.5668213334807957,1
left_lateral__B,left_lateral,B,4,271,1,0.5771613732086969,1
left_lateral__B,left_lateral,B,4,271,1,0.4690690973895977,0
left_lateral__B,left_lateral,B,4,271,1,0.6313197049115634,1
left_lateral__B,left_lateral,B,4,271,1,0.5432608957944524,1
left_lateral__B,left_lateral,B,4,271,1,0.6436805166840424,1
left_lateral__B,left_lateral,B,4,318,0,0.5383858960043514,1
left_lateral__B,left_lateral,B,4,318,0,0.44978075653621596,0
left_lateral__B,left_lateral,B,4,318,0,0.5163018055219386,1
left_lateral__B,left_lateral,B,4,318,0,0.45790724733679455,0
left_lateral__B,left_lateral,B,4,318,0,0.36704521105735133,0
left_lateral__B,left_lateral,B,4,318,0,0.5734238602012747,1
left_lateral__B,left_lateral,B,4,318,0,0.38342829544933094,0
left_lateral__B,left_lateral,B,4,318,0,0.48219165248676893,0
left_lateral__B,left_lateral,B,4,318,0,0.2716843938405196,0
left_lateral__B,left_lateral,B,4,318,0,0.5447162814793493,1
left_lateral__B,left_lateral,B,4,318,0,0.553607199982749,1
left_lateral__B,left_lateral,B,4,318,0,0.36378130004383585,0
left_lateral__B,left_lateral,B,4,318,0,0.5012564071221105,1
left_lateral__B,left_lateral,B,4,318,0,0.5159118504453835,1
left_lateral__B,left_lateral,B,4,318,1,0.4728593605649526,0
left_lateral__B,left_lateral,B,4,318,1,0.5428280220542665,1
left_lateral__B,left_lateral,B,4,318,1,0.49430958499633076,0
left_lateral__B,left_lateral,B,4,318,1,0.5386005345533302,1
left_lateral__B,left_lateral,B,4,318,1,0.5062060236863444,1
left_lateral__B,left_lateral,B,4,318,1,0.4355777393256296,0
left_lateral__B,left_lateral,B,4,318,1,0.39348775115185264,0
left_lateral__B,left_lateral,B,4,318,1,0.41001598056464256,0
left_lateral__B,left_lateral,B,4,318,1,0.5796321203451824,1
left_lateral__B,left_lateral,B,4,318,1,0.5022907565076242,1
left_lateral__B,left_lateral,B,4,318,1,0.46354492764293664,0
left_lateral__B,left_lateral,B,4,318,1,0.425122365815735,0
left_lateral__B,left_lateral,B,4,318,1,0.41362261571941394,0
left_lateral__B,left_lateral,B,4,318,1,0.4699264311889065,0
left_lateral__B,left_lateral,B,5,251,0,0.37605046837762607,0
left_lateral__B,left_lateral,B,5,251,0,0.5389906658156083,1
left_lateral__B,left_lateral,B,5,251,0,0.20575208256193256,0
left_lateral__B,left_lateral,B,5,251,0,0.28288915086950367,0
left_lateral__B,left_lateral,B,5,251,0,0.4278763608605483,0
left_lateral__B,left_lateral,B,5,251,0,0.39562056231222265,0
left_lateral__B,left_lateral,B,5,251,0,0.4405679791017177,0
left_lateral__B,left_lateral,B,5,251,0,0.3383475339785294,0
left_lateral__B,left_lateral,B,5,251,0,0.4487622331975263,0
left_lateral__B,left_lateral,B,5,251,0,0.401574988403037,0
left_lateral__B,left_lateral,B,5,251,0,0.5688594959350872,1
left_lateral__B,left_lateral,B,5,251,0,0.42311218904034886,0
left_lateral__B,left_lateral,B,5,251,0,0.6342182720494174,1
left_lateral__B,left_lateral,B,5,251,0,0.6387415062430236,1
left_lateral__B,left_lateral,B,5,251,1,0.48761719938387776,0
left_lateral__B,left_lateral,B,5,251,1,0.24849618247513688,0
left_lateral__B,left_lateral,B,5,251,1,0.4160958202212597,0
left_lateral__B,left_lateral,B,5,251,1,0.38429766032494106,0
left_lateral__B,left_lateral,B,5,251,1,0.2686719477175039,0
left_lateral__B,left_lateral,B,5,251,1,0.3341355680637806,0
left_lateral__B,left_lateral,B,5,251,1,0.6152033870565099,1
left_lateral__B,left_lateral,B,5,251,1,0.29771668100339765,0
left_lateral__B,left_lateral,B,5,251,1,0.4859246466759803,0
left_lateral__B,left_lateral,B,5,251,1,0.45674907979213814,0
left_lateral__B,left_lateral,B,5,251,1,0.33286723461139184,0
left_lateral__B,left_lateral,B,5,251,1,0.40692300477080096,0
left_lateral__B,left_lateral,B,5,251,1,0.5808897921528877,1
left_lateral__B,left_lateral,B,5,300,0,0.48921100642796594,0
left_lateral__B,left_lateral,B,5,300,0,0.39653791656888693,0
left_lateral__B,left_lateral,B,5,300,0,0.42874597085630456,0
left_lateral__B,left_lateral,B,5,300,0,0.3494219256159583,0
left_lateral__B,left_lateral,B,5,300,0,0.48724069092274297,0
left_lateral__B,left_lateral,B,5,300,0,0.5053380377732406,1
left_lateral__B,left_lateral,B,5,300,0,0.4800811201187934,0
left_lateral__B,left_lateral,B,5,300,0,0.3575809485836489,0
left_lateral__B,left_lateral,B,5,300,0,0.4638284742969653,0
left_lateral__B,left_lateral,B,5,300,0,0.3744965562641909,0
left_lateral__B,left_lateral,B,5,300,0,0.48279964448849505,0
left_lateral__B,left_lateral,B,5,300,0,0.5463925354252284,1
left_lateral__B,left_lateral,B,5,300,0,0.39411742421920537,0
left_lateral__B,left_lateral,B,5,300,0,0.35320564662446885,0
left_lateral__B,left_lateral,B,5,300,1,0.37701297115100374,0
left_lateral__B,left_lateral,B,5,300,1,0.43691015407749584,0
left_lateral__B,left_lateral,B,5,300,1,0.3516996401247951,0
left_lateral__B,left_lateral,B,5,300,1,0.472038044553085,0
left_lateral__B,left_lateral,B,5,300,1,0.6765621391400393,1
left_lateral__B,left_lateral,B,5,300,1,0.46961791350212456,0
left_lateral__B,left_lateral,B,5,300,1,0.49926759409347915,0
left_lateral__B,left_lateral,B,5,300,1,0.4566466801707703,0
left_lateral__B,left_lateral,B,5,300,1,0.369711905973521,0
left_lateral__B,left_lateral,B,5,300,1,0.37763308830709397,0
left_lateral__B,left_lateral,B,5,300,1,0.4372418207278852,0
left_lateral__B,left_lateral,B,5,300,1,0.45499785741389176,0
left_lateral__B,left_lateral,B,5,300,1,0.5442977874594932,1
left_lateral__B,left_lateral,B,5,300,1,0.39257697293199423,0
left_lateral__C,left_lateral,C,1,249,0,0.13636964190742407,0
left_lateral__C,left_lateral,C,1,249,0,0.31509716727878084,0
left_lateral__C,left_lateral,C,1,249,0,0.8116469613004407,1
left_lateral__C,left_lateral,C,1,249,0,0.20545250251778102,0
left_lateral__C,left_lateral,C,1,249,0,0.15591119922499452,0
left_lateral__C,left_lateral,C,1,249,0,0.40939786988514326,0
left_lateral__C,left_lateral,C,1,249,0,0.26604638292410887,0
left_lateral__C,left_lateral,C,1,249,0,0.18400838319655197,0
left_lateral__C,left_lateral,C,1,249,0,0.18539452915502047,0
left_lateral__C,left_lateral,C,1,249,0,0.19917635470910866,0
left_lateral__C,left_lateral,C,1,249,0,0.17343883298655008,0
left_lateral__C,left_lateral,C,1,249,0,0.37679016625335215,0
left_lateral__C,left_lateral,C,1,249,0,0.4014715747684016,0
left_lateral__C,left_lateral,C,1,249,0,0.8942397993210506,1
left_lateral__C,left_lateral,C,1,249,0,0.12476123526212847,0
left_lateral__C,left_lateral,C,1,249,1,0.6119136124569163,1
left_lateral__C,left_lateral,C,1,249,1,0.6238119137289198,1
left_lateral__C,left_lateral,C,1,249,1,0.756783257068993,1
left_lateral__C,left_lateral,C,1,249,1,0.7603177649459628,1
left_lateral__C,left_lateral,C,1,249,1,0.7310424636004553,1
left_lateral__C,left_lateral,C,1,249,1,0.25890927214340126,0
left_lateral__C,left_lateral,C,1,249,1,0.47506129886458887,0
left_lateral__C,left_lateral,C,1,249,1,0.5558436221074867,1
left_lateral__C,left_lateral,C,1,249,1,0.6506192642064574,1
left_lateral__C,left_lateral,C,1,249,1,0.6137976920145579,1
left_lateral__C,left_lateral,C,1,249,1,0.45676447270612963,0
left_lateral__C,left_lateral,C,1,249,1,0.4972717505057653,0
left_lateral__C,left_lateral,C,1,249,1,0.7065755765087723,1
left_lateral__C,left_lateral,C,1,249,1,0.8360472722285371,1
left_lateral__C,left_lateral,C,1,249,1,0.7009067198778041,1
left_lateral__C,left_lateral,C,1,249,1,0.63869008599059,1
left_lateral__C,left_lateral,C,1,249,1,0.8041512579966984,1
left_lateral__C,left_lateral,C,1,265,0,0.13755536427335635,0
left_lateral__C,left_lateral,C,1,265,0,0.2542270060833918,0
left_lateral__C,left_lateral,C,1,265,0,0.40899300931194515,0
left_lateral__C,left_lateral,C,1,265,0,0.7443059715249513,1
left_lateral__C,left_lateral,C,1,265,0,0.7286354500211881,1
left_lateral__C,left_lateral,C,1,265,0,0.4250799834146115,0
left_lateral__C,left_lateral,C,1,265,0,0.47654836711107235,0
left_lateral__C,left_lateral,C,1,265,0,0.7093327867613826,1
left_lateral__C,left_lateral,C,1,265,0,0.21308313848715554,0
left_lateral__C,left_lateral,C,1,265,0,0.3802474583502541,0
left_lateral__C,left_lateral,C,1,265,0,0.36581820728825964,0
left_lateral__C,left_lateral,C,1,265,0,0.24033380929669262,0
left_lateral__C,left_lateral,C,1,265,0,0.4639475520946273,0
left_lateral__C,left_lateral,C,1,265,1,0.20738092405975794,0
left_lateral__C,left_lateral,C,1,265,1,0.49181556820001116,0
left_lateral__C,left_lateral,C,1,265,1,0.592792897423715,1
left_lateral__C,left_lateral,C,1,265,1,0.7623752091530921,1
left_lateral__C,left_lateral,C,1,265,1,0.4154861423963842,0
left_lateral__C,left_lateral,C,1,265,1,0.29373521444207235,0
left_lateral__C,left_lateral,C,1,265,1,0.22883620577100355,0
left_lateral__C,left_lateral,C,1,265,1,0.7919103797551577,1
left_lateral__C,left_lateral,C,1,265,1,0.915319809694804,1
left_lateral__C,left_lateral,C,1,265,1,0.646962907855066,1
left_lateral__C,left_lateral,C,1,265,1,0.446744437464556,0
left_lateral__C,left_lateral,C,2,210,0,0.10350175185769267,0
left_lateral__C,left_lateral,C,2,210,0,0.08255880606068895,0
left_lateral__C,left_lateral,C,2,210,0,0.16281016052527683,0
left_lateral__C,left_lateral,C,2,210,0,0.2195138816946597,0
left_lateral__C,left_lateral,C,2,210,0,0.16653926774069608,0
left_lateral__C,left_lateral,C,2,210,0,0.35594917706332163,0
left_lateral__C,left_lateral,C,2,210,0,0.13950972521777247,0
left_lateral__C,left_lateral,C,2,210,0,0.8484054301028094,1
left_lateral__C,left_lateral,C,2,210,0,0.24839688279866862,0
left_lateral__C,left_lateral,C,2,210,0,0.13960367862525624,0
left_lateral__C,left_lateral,C,2,210,0,0.12215322901575601,0
left_lateral__C,left_lateral,C,2,210,0,0.048863219342487316,0
left_lateral__C,left_lateral,C,2,210,0,0.23271555546614947,0
left_lateral__C,left_lateral,C,2,210,0,0.16610121806773612,0
left_lateral__C,left_lateral,C,2,210,1,0.8548610296024992,1
left_lateral__C,left_lateral,C,2,210,1,0.8348235961256824,1
left_lateral__C,left_lateral,C,2,210,1,0.9228095674295704,1
left_lateral__C,left_lateral,C,2,210,1,0.8117018883022264,1
left_lateral__C,left_lateral,C,2,210,1,0.8791276278739123,1
left_lateral__C,left_lateral,C,2,210,1,0.7587867188992977,1
left_lateral__C,left_lateral,C,2,210,1,0.7726312886188131,1
left_lateral__C,left_lateral,C,2,210,1,0.7492795595082216,1
left_lateral__C,left_lateral,C,2,210,1,0.9287513320459211,1
left_lateral__C,left_lateral,C,2,210,1,0.8045605973255874,1
left_lateral__C,left_lateral,C,2,210,1,0.9217773197992866,1
left_lateral__C,left_lateral,C,2,219,0,0.413393343542943,0
left_lateral__C,left_lateral,C,2,219,0,0.6556743889777842,1
left_lateral__C,left_lateral,C,2,219,0,0.8392694618183684,1
left_lateral__C,left_lateral,C,2,219,0,0.6348965290535317,1
left_lateral__C,left_lateral,C,2,219,0,0.7124108277410589,1
left_lateral__C,left_lateral,C,2,219,0,0.7571807837740792,1
left_lateral__C,left_lateral,C,2,219,0,0.6187529888980914,1
left_lateral__C,left_lateral,C,2,219,0,0.16904765585039846,0
left_lateral__C,left_lateral,C,2,219,0,0.8158460430609769,1
left_lateral__C,left_lateral,C,2,219,0,0.16988510164673457,0
left_lateral__C,left_lateral,C,2,219,0,0.28348938413164315,0
left_lateral__C,left_lateral,C,2,219,0,0.6212255043377318,1
left_lateral__C,left_lateral,C,2,219,0,0.2020752875574297,0
left_lateral__C,left_lateral,C,2,219,0,0.4453914263597119,0
left_lateral__C,left_lateral,C,2,219,1,0.5418610484191955,1
left_lateral__C,left_lateral,C,2,219,1,0.808201470539766,1
left_lateral__C,left_lateral,C,2,219,1,0.5743809522809241,1
left_lateral__C,left_lateral,C,2,219,1,0.7697937877407394,1
left_lateral__C,left_lateral,C,2,219,1,0.6594670766516572,1
left_lateral__C,left_lateral,C,2,219,1,0.5585945095854641,1
left_lateral__C,left_lateral,C,2,219,1,0.7084658531374246,1
left_lateral__C,left_lateral,C,2,219,1,0.69271808456029,1
left_lateral__C,left_lateral,C,2,219,1,0.7092462748462225,1
left_lateral__C,left_lateral,C,2,219,1,0.7090989528891637,1
left_lateral__C,left_lateral,C,2,219,1,0.474925858280043,0
left_lateral__C,left_lateral,C,2,219,1,0.6053854488784673,1
left_lateral__C,left_lateral,C,2,219,1,0.7404458436906859,1
left_lateral__C,left_lateral,C,2,219,1,0.5715264123666038,1
left_lateral__C,left_lateral,C,2,219,1,0.5824837577244736,1
left_lateral__C,left_lateral,C,2,219,1,0.6031663405227294,1
left_lateral__C,left_lateral,C,3,282,0,0.0628190879521939,0
left_lateral__C,left_lateral,C,3,282,0,0.05683455939301388,0
left_lateral__C,left_lateral,C,3,282,0,0.06168345599362828,0
left_lateral__C,left_lateral,C,3,282,0,0.2376180196925617,0
left_lateral__C,left_lateral,C,3,282,0,0.14902657648632509,0
left_lateral__C,left_lateral,C,3,282,0,0.3142336611649655,0
left_lateral__C,left_lateral,C,3,282,0,0.05474982907042478,0
left_lateral__C,left_lateral,C,3,282,0,0.05612070235512197,0
left_lateral__C,left_lateral,C,3,282,0,0.03929744419321565,0
left_lateral__C,left_lateral,C,3,282,0,0.04977116951718496,0
left_lateral__C,left_lateral,C,3,282,0,0.09834576570800257,0
left_lateral__C,left_lateral,C,3,282,0,0.03137775350207194,0
left_lateral__C,left_lateral,C,3,282,0,0.38489285836768283,0
left_lateral__C,left_lateral,C,3,282,0,0.0812954455140732,0
left_lateral__C,left_lateral,C,3,282,1,0.7316026391833368,1
left_lateral__C,left_lateral,C,3,282,1,0.6593781248406511,1
left_lateral__C,left_lateral,C,3,282,1,0.40599168657714335,0
left_lateral__C,left_lateral,C,3,282,1,0.5648259063262827,1
left_lateral__C,left_lateral,C,3,282,1,0.5397560982396381,1
left_lateral__C,left_lateral,C,3,282,1,0.5036919026637866,1
left_lateral__C,left_lateral,C,3,282,1,0.854639367515443,1
left_lateral__C,left_lateral,C,3,282,1,0.7806186969465838,1
left_lateral__C,left_lateral,C,3,282,1,0.6207393312347874,1
left_lateral__C,left_lateral,C,3,282,1,0.5102359031777703,1
left_lateral__C,left_lateral,C,3,282,1,0.6891255776696957,1
left_lateral__C,left_lateral,C,3,313,0,0.47355155629040124,0
left_lateral__C,left_lateral,C,3,313,0,0.647523413432189,1
left_lateral__C,left_lateral,C,3,313,0,0.3267769486209503,0
left_lateral__C,left_lateral,C,3,313,0,0.3429433158172291,0
left_lateral__C,left_lateral,C,3,313,0,0.5410896290739372,1
left_lateral__C,left_lateral,C,3,313,0,0.6018393157058279,1
left_lateral__C,left_lateral,C,3,313,0,0.30315502545024436,0
left_lateral__C,left_lateral,C,3,313,0,0.8854566487085239,1
left_lateral__C,left_lateral,C,3,313,0,0.5395490838087242,1
left_lateral__C,left_lateral,C,3,313,0,0.31466014545795945,0
left_lateral__C,left_lateral,C,3,313,0,0.33009308226169887,0
left_lateral__C,left_lateral,C,3,313,0,0.6108042854351885,1
left_lateral__C,left_lateral,C,3,313,0,0.37302004855740556,0
left_lateral__C,left_lateral,C,3,313,0,0.298735165679121,0
left_lateral__C,left_lateral,C,3,313,0,0.43177889204881176,0
left_lateral__C,left_lateral,C,3,313,1,0.43818674482359427,0
left_lateral__C,left_lateral,C,3,313,1,0.3373425073502608,0
left_lateral__C,left_lateral,C,3,313,1,0.4994776367937071,0
left_lateral__C,left_lateral,C,3,313,1,0.42102846500715885,0
left_lateral__C,left_lateral,C,3,313,1,0.5698907514295675,1
left_lateral__C,left_lateral,C,3,313,1,0.47937180685739533,0
left_lateral__C,left_lateral,C,3,313,1,0.5754041494192359,1
left_lateral__C,left_lateral,C,3,313,1,0.6493768927060357,1
left_lateral__C,left_lateral,C,3,313,1,0.41718507511018416,0
left_lateral__C,left_lateral,C,3,313,1,0.575307306039547,1
left_lateral__C,left_lateral,C,3,313,1,0.6686661933215414,1
left_lateral__C,left_lateral,C,3,313,1,0.5438491822509427,1
left_lateral__C,left_lateral,C,3,313,1,0.5457170391928028,1
left_lateral__C,left_lateral,C,3,313,1,0.6056323034374212,1
left_lateral__C,left_lateral,C,4,271,0,0.31743426101563443,0
left_lateral__C,left_lateral,C,4,271,0,0.2987072573356327,0
left_lateral__C,left_lateral,C,4,271,0,0.21579425860387388,0
left_lateral__C,left_lateral,C,4,271,0,0.5382237125182148,1
left_lateral__C,left_lateral,C,4,271,0,0.2570288142845931,0
left_lateral__C,left_lateral,C,4,271,0,0.4028147670274484,0
left_lateral__C,left_lateral,C,4,271,0,0.3335705712474381,0
left_lateral__C,left_lateral,C,4,271,0,0.06608740847053869,0
left_lateral__C,left_lateral,C,4,271,0,0.0721618443962907,0
left_lateral__C,left_lateral,C,4,271,0,0.33152479715845756,0
left_lateral__C,left_lateral,C,4,271,0,0.39501293322678543,0
left_lateral__C,left_lateral,C,4,271,0,0.18731457492492656,0
left_lateral__C,left_lateral,C,4,271,0,0.2331598226539764,0
left_lateral__C,left_lateral,C,4,271,0,0.21921690175499944,0
left_lateral__C,left_lateral,C,4,271,1,0.48070096832378345,0
left_lateral__C,left_lateral,C,4,271,1,0.6227124767771618,1
left_lateral__C,left_lateral,C,4,271,1,0.40920507499885217,0
left_lateral__C,left_lateral,C,4,271,1,0.5539482196003762,1
left_lateral__C,left_lateral,C,4,271,1,0.5239128960838993,1
left_lateral__C,left_lateral,C,4,271,1,0.4717873353786606,0
left_lateral__C,left_lateral,C,4,271,1,0.5739590860012409,1
left_lateral__C,left_lateral,C,4,271,1,0.5215317676332273,1
left_lateral__C,left_lateral,C,4,271,1,0.5919545420521571,1
left_lateral__C,left_lateral,C,4,271,1,0.5671284707497871,1
left_lateral__C,left_lateral,C,4,271,1,0.4907627424451652,0
left_lateral__C,left_lateral,C,4,271,1,0.7371436117979085,1
left_lateral__C,left_lateral,C,4,271,1,0.5573389911601798,1
left_lateral__C,left_lateral,C,4,271,1,0.6100720386325763,1
left_lateral__C,left_lateral,C,4,318,0,0.2463116409280765,0
left_lateral__C,left_lateral,C,4,318,0,0.33896322425452396,0
left_lateral__C,left_lateral,C,4,318,0,0.36810626754615455,0
left_lateral__C,left_lateral,C,4,318,0,0.24702349277398594,0
left_lateral__C,left_lateral,C,4,318,0,0.3056016542479908,0
left_lateral__C,left_lateral,C,4,318,0,0.400963741828037,0
left_lateral__C,left_lateral,C,4,318,0,0.3126655198130271,0
left_lateral__C,left_lateral,C,4,318,0,0.07105890510846992,0
left_lateral__C,left_lateral,C,4,318,0,0.3169017267921135,0
left_lateral__C,left_lateral,C,4,318,0,0.3623303270950221,0
left_lateral__C,left_lateral,C,4,318,0,0.45766376180309465,0
left_lateral__C,left_lateral,C,4,318,0,0.30515682031873526,0
left_lateral__C,left_lateral,C,4,318,0,0.28736877322326826,0
left_lateral__C,left_lateral,C,4,318,0,0.5078531077548576,1
left_lateral__C,left_lateral,C,4,318,1,0.3980296493904571,0
left_lateral__C,left_lateral,C,4,318,1,0.5250244954898701,1
left_lateral__C,left_lateral,C,4,318,1,0.5756007065552755,1
left_lateral__C,left_lateral,C,4,318,1,0.6356850306117343,1
left_lateral__C,left_lateral,C,4,318,1,0.6136053759071275,1
left_lateral__C,left_lateral,C,4,318,1,0.3782238215491518,0
left_lateral__C,left_lateral,C,4,318,1,0.6331140940696881,1
left_lateral__C,left_lateral,C,4,318,1,0.4901347454285532,0
left_lateral__C,left_lateral,C,4,318,1,0.5678587335757873,1
left_lateral__C,left_lateral,C,4,318,1,0.6328515443611973,1
left_lateral__C,left_lateral,C,4,318,1,0.523016214619043,1
left_lateral__C,left_lateral,C,4,318,1,0.6326671324140609,1
left_lateral__C,left_lateral,C,4,318,1,0.712560118683367,1
left_lateral__C,left_lateral,C,4,318,1,0.5346269103555695,1
left_lateral__C,left_lateral,C,5,251,0,0.012766546794614848,0
left_lateral__C,left_lateral,C,5,251,0,0.01825315643698041,0
left_lateral__C,left_lateral,C,5,251,0,0.004933658506266471,0
left_lateral__C,left_lateral,C,5,251,0,0.022044084975558716,0
left_lateral__C,left_lateral,C,5,251,0,0.025819168769312246,0
left_lateral__C,left_lateral,C,5,251,0,0.1143717610935441,0
left_lateral__C,left_lateral,C,5,251,0,0.12606855631221295,0
left_lateral__C,left_lateral,C,5,251,0,0.004437600059303097,0
left_lateral__C,left_lateral,C,5,251,0,0.032103642035785966,0
left_lateral__C,left_lateral,C,5,251,0,0.04301725716143979,0
left_lateral__C,left_lateral,C,5,251,0,0.028000201178430637,0
left_lateral__C,left_lateral,C,5,251,0,0.03476251266627072,0
left_lateral__C,left_lateral,C,5,251,0,0.2139878270754462,0
left_lateral__C,left_lateral,C,5,251,0,0.04198245473052666,0
left_lateral__C,left_lateral,C,5,251,1,0.33116860762973227,0
left_lateral__C,left_lateral,C,5,251,1,0.15763170363327433,0
left_lateral__C,left_lateral,C,5,251,1,0.06340802804138483,0
left_lateral__C,left_lateral,C,5,251,1,0.07613520527025977,0
left_lateral__C,left_lateral,C,5,251,1,0.026420983849409184,0
left_lateral__C,left_lateral,C,5,251,1,0.39739215891076646,0
left_lateral__C,left_lateral,C,5,251,1,0.0929598257891104,0
left_lateral__C,left_lateral,C,5,251,1,0.1904596806692356,0
left_lateral__C,left_lateral,C,5,251,1,0.3163879969490912,0
left_lateral__C,left_lateral,C,5,251,1,0.02009765458168122,0
left_lateral__C,left_lateral,C,5,251,1,0.05925403512182889,0
left_lateral__C,left_lateral,C,5,251,1,0.20315118338594768,0
left_lateral__C,left_lateral,C,5,251,1,0.5925857399371693,1
left_lateral__C,left_lateral,C,5,300,0,0.7313605393988564,1
left_lateral__C,left_lateral,C,5,300,0,0.7292480213671695,1
left_lateral__C,left_lateral,C,5,300,0,0.6671076735722713,1
left_lateral__C,left_lateral,C,5,300,0,0.6309001391750292,1
left_lateral__C,left_lateral,C,5,300,0,0.733838607829467,1
left_lateral__C,left_lateral,C,5,300,0,0.7364776116587209,1
left_lateral__C,left_lateral,C,5,300,0,0.7013010185831451,1
left_lateral__C,left_lateral,C,5,300,0,0.688579956533133,1
left_lateral__C,left_lateral,C,5,300,0,0.6509979082708367,1
left_lateral__C,left_lateral,C,5,300,0,0.7651011878911403,1
left_lateral__C,left_lateral,C,5,300,0,0.6572650116802318,1
left_lateral__C,left_lateral,C,5,300,0,0.6306853830935928,1
left_lateral__C,left_lateral,C,5,300,0,0.7038584452161197,1
left_lateral__C,left_lateral,C,5,300,0,0.7368032505811315,1
left_lateral__C,left_lateral,C,5,300,1,0.6788484126669891,1
left_lateral__C,left_lateral,C,5,300,1,0.7083071903335239,1
left_lateral__C,left_lateral,C,5,300,1,0.7023742863921194,1
left_lateral__C,left_lateral,C,5,300,1,0.6939617448075778,1
left_lateral__C,left_lateral,C,5,300,1,0.7305947083899951,1
left_lateral__C,left_lateral,C,5,300,1,0.7052165234287834,1
left_lateral__C,left_lateral,C,5,300,1,0.6847491050134243,1
left_lateral__C,left_lateral,C,5,300,1,0.7270414911411468,1
left_lateral__C,left_lateral,C,5,300,1,0.7344212804064102,1
left_lateral__C,left_lateral,C,5,300,1,0.6812709222490217,1
left_lateral__C,left_lateral,C,5,300,1,0.7037654331912148,1
left_lateral__C,left_lateral,C,5,300,1,0.7090287529208337,1
left_lateral__C,left_lateral,C,5,300,1,0.6982694969919078,1
left_lateral__C,left_lateral,C,5,300,1,0.733571620354256,1
right_lateral__A,right_lateral,A,1,249,0,0.22649530627307843,0
right_lateral__A,right_lateral,A,1,249,0,0.508398144099811,1
right_lateral__A,right_lateral,A,1,249,0,0.2666040160557379,0
right_lateral__A,right_lateral,A,1,249,0,0.13634874709833136,0
right_lateral__A,right_lateral,A,1,249,0,0.13643032199820654,0
right_lateral__A,right_lateral,A,1,249,0,0.23618228677293857,0
right_lateral__A,right_lateral,A,1,249,0,0.19947977671151385,0
right_lateral__A,right_lateral,A,1,249,0,0.24757839260442446,0
right_lateral__A,right_lateral,A,1,249,0,0.2449467697687159,0
right_lateral__A,right_lateral,A,1,249,0,0.1498092723070769,0
right_lateral__A,right_lateral,A,1,249,0,0.15859970137286608,0
right_lateral__A,right_lateral,A,1,249,0,0.3439826528350121,0
right_lateral__A,right_lateral,A,1,249,0,0.4631216179279188,0
right_lateral__A,right_lateral,A,1,249,0,0.4386349812665934,0
right_lateral__A,right_lateral,A,1,249,0,0.09472650818158662,0
right_lateral__A,right_lateral,A,1,249,1,0.6445917437371526,1
right_lateral__A,right_lateral,A,1,249,1,0.6710832744868159,1
right_lateral__A,right_lateral,A,1,249,1,0.7679621421192756,1
right_lateral__A,right_lateral,A,1,249,1,0.8614693347945652,1
right_lateral__A,right_lateral,A,1,249,1,0.7337957610947032,1
right_lateral__A,right_lateral,A,1,249,1,0.48681530371069875,0
right_lateral__A,right_lateral,A,1,249,1,0.7033862927545645,1
right_lateral__A,right_lateral,A,1,249,1,0.746114618515997,1
right_lateral__A,right_lateral,A,1,249,1,0.7836948714050774,1
right_lateral__A,right_lateral,A,1,249,1,0.616225442023439,1
right_lateral__A,right_lateral,A,1,249,1,0.5913434352565141,1
right_lateral__A,right_lateral,A,1,249,1,0.6147118166681821,1
right_lateral__A,right_lateral,A,1,249,1,0.6078426402707158,1
right_lateral__A,right_lateral,A,1,249,1,0.5586509797864059,1
right_lateral__A,right_lateral,A,1,249,1,0.705692023630325,1
right_lateral__A,right_lateral,A,1,249,1,0.5948382983727282,1
right_lateral__A,right_lateral,A,1,249,1,0.66927833100482,1
right_lateral__A,right_lateral,A,1,265,0,0.3820222256208366,0
right_lateral__A,right_lateral,A,1,265,0,0.3775247149128998,0
right_lateral__A,right_lateral,A,1,265,0,0.48202710367883767,0
right_lateral__A,right_lateral,A,1,265,0,0.4495567240892727,0
right_lateral__A,right_lateral,A,1,265,0,0.5705892232876058,1
right_lateral__A,right_lateral,A,1,265,0,0.6792391885289761,1
right_lateral__A,right_lateral,A,1,265,0,0.287899287519717,0
right_lateral__A,right_lateral,A,1,265,0,0.5314999744845008,1
right_lateral__A,right_lateral,A,1,265,0,0.3799080736775317,0
right_lateral__A,right_lateral,A,1,265,0,0.3690976745929481,0
right_lateral__A,right_lateral,A,1,265,0,0.4802473341683337,0
right_lateral__A,right_lateral,A,1,265,0,0.2993002164199004,0
right_lateral__A,right_lateral,A,1,265,0,0.39600452764786676,0
right_lateral__A,right_lateral,A,1,265,1,0.33624388056919086,0
right_lateral__A,right_lateral,A,1,265,1,0.42061086594372626,0
right_lateral__A,right_lateral,A,1,265,1,0.9203598997387051,1
right_lateral__A,right_lateral,A,1,265,1,0.7685707657573908,1
right_lateral__A,right_lateral,A,1,265,1,0.39895543097062974,0
right_lateral__A,right_lateral,A,1,265,1,0.29437915374566476,0
right_lateral__A,right_lateral,A,1,265,1,0.4181700057763083,0
right_lateral__A,right_lateral,A,1,265,1,0.6533454583576541,1
right_lateral__A,right_lateral,A,1,265,1,0.6304821205973741,1
right_lateral__A,right_lateral,A,1,265,1,0.7294474414068349,1
right_lateral__A,right_lateral,A,1,265,1,0.37175954441529063,0
right_lateral__A,right_lateral,A,2,210,0,0.7315838920320529,1
right_lateral__A,right_lateral,A,2,210,0,0.15959231913404992,0
right_lateral__A,right_lateral,A,2,210,0,0.467137546391402,0
right_lateral__A,right_lateral,A,2,210,0,0.636002777735739,1
right_lateral__A,right_lateral,A,2,210,0,0.18623969077145233,0
right_lateral__A,right_lateral,A,2,210,0,0.7221602878602781,1
right_lateral__A,right_lateral,A,2,210,0,0.22519781656639515,0
right_lateral__A,right_lateral,A,2,210,0,0.6112411816938357,1
right_lateral__A,right_lateral,A,2,210,0,0.5985227763897322,1
right_lateral__A,right_lateral,A,2,210,0,0.20513817682789284,0
right_lateral__A,right_lateral,A,2,210,0,0.37264882887786044,0
right_lateral__A,right_lateral,A,2,210,0,0.35406697057956704,0
right_lateral__A,right_lateral,A,2,210,0,0.2581277112772239,0
right_lateral__A,right_lateral,A,2,210,0,0.646712219813542,1
right_lateral__A,right_lateral,A,2,210,1,0.8868410390557041,1
right_lateral__A,right_lateral,A,2,210,1,0.8953616971186065,1
right_lateral__A,right_lateral,A,2,210,1,0.9560025844401325,1
right_lateral__A,right_lateral,A,2,210,1,0.7572754754417115,1
right_lateral__A,right_lateral,A,2,210,1,0.8161683769598291,1
right_lateral__A,right_lateral,A,2,210,1,0.8481692236001348,1
right_lateral__A,right_lateral,A,2,210,1,0.8262788142702335,1
right_lateral__A,right_lateral,A,2,210,1,0.8747992330488827,1
right_lateral__A,right_lateral,A,2,210,1,0.8219802752520516,1
right_lateral__A,right_lateral,A,2,210,1,0.7942593550892945,1
right_lateral__A,right_lateral,A,2,210,1,0.7567504831981472,1
right_lateral__A,right_lateral,A,2,219,0,0.5717558029846884,1
right_lateral__A,right_lateral,A,2,219,0,0.6842148840300734,1
right_lateral__A,right_lateral,A,2,219,0,0.8100903620764695,1
right_lateral__A,right_lateral,A,2,219,0,0.8489982556543222,1
right_lateral__A,right_lateral,A,2,219,0,0.7400533005013186,1
right_lateral__A,right_lateral,A,2,219,0,0.7899132567365241,1
right_lateral__A,right_lateral,A,2,219,0,0.6252764306174471,1
right_lateral__A,right_lateral,A,2,219,0,0.1355808408082856,0
right_lateral__A,right_lateral,A,2,219,0,0.861085241447968,1
right_lateral__A,right_lateral,A,2,219,0,0.3215493007163892,0
right_lateral__A,right_lateral,A,2,219,0,0.24828186156024387,0
right_lateral__A,right_lateral,A,2,219,0,0.4392616173992793,0
right_lateral__A,right_lateral,A,2,219,0,0.22738528556977214,0
right_lateral__A,right_lateral,A,2,219,0,0.24447372532313227,0
right_lateral__A,right_lateral,A,2,219,1,0.5334939095753005,1
right_lateral__A,right_lateral,A,2,219,1,0.5099635642953553,1
right_lateral__A,right_lateral,A,2,219,1,0.6025005328620312,1
right_lateral__A,right_lateral,A,2,219,1,0.5375303902891958,1
right_lateral__A,right_lateral,A,2,219,1,0.49758211157516496,0
right_lateral__A,right_lateral,A,2,219,1,0.528490721369844,1
right_lateral__A,right_lateral,A,2,219,1,0.4728716467117525,0
right_lateral__A,right_lateral,A,2,219,1,0.6275401637005814,1
right_lateral__A,right_lateral,A,2,219,1,0.6119440935688996,1
right_lateral__A,right_lateral,A,2,219,1,0.5075430311995005,1
right_lateral__A,right_lateral,A,2,219,1,0.4870460179185762,0
right_lateral__A,right_lateral,A,2,219,1,0.4772087777637416,0
right_lateral__A,right_lateral,A,2,219,1,0.6414266584735268,1
right_lateral__A,right_lateral,A,2,219,1,0.459146156776282,0
right_lateral__A,right_lateral,A,2,219,1,0.43876269898159853,0
right_lateral__A,right_lateral,A,2,219,1,0.5112796867025838,1
right_lateral__A,right_lateral,A,3,282,0,0.0827083388953886,0
right_lateral__A,right_lateral,A,3,282,0,0.17584589644717702,0
right_lateral__A,right_lateral,A,3,282,0,0.1651073103616056,0
right_lateral__A,right_lateral,A,3,282,0,0.1606196149014342,0
right_lateral__A,right_lateral,A,3,282,0,0.14598413198992946,0
right_lateral__A,right_lateral,A,3,282,0,0.19540624821346758,0
right_lateral__A,right_lateral,A,3,282,0,0.18940431875203717,0
right_lateral__A,right_lateral,A,3,282,0,0.2699687512765615,0
right_lateral__A,right_lateral,A,3,282,0,0.34523055049143236,0
right_lateral__A,right_lateral,A,3,282,0,0.20754620915317543,0
right_lateral__A,right_lateral,A,3,282,0,0.319751263158451,0
right_lateral__A,right_lateral,A,3,282,0,0.18750158389174953,0
right_lateral__A,right_lateral,A,3,282,0,0.13651586621228534,0
right_lateral__A,right_lateral,A,3,282,0,0.2474884726521697,0
right_lateral__A,right_lateral,A,3,282,1,0.5466065402726096,1
right_lateral__A,right_lateral,A,3,282,1,0.7946196430379031,1
right_lateral__A,right_lateral,A,3,282,1,0.5779691457873519,1
right_lateral__A,right_lateral,A,3,282,1,0.545632713762601,1
right_lateral__A,right_lateral,A,3,282,1,0.8581898481390862,1
right_lateral__A,right_lateral,A,3,282,1,0.48746432385247196,0
right_lateral__A,right_lateral,A,3,282,1,0.23794321617482747,0
right_lateral__A,right_lateral,A,3,282,1,0.48159687125431105,0
right_lateral__A,right_lateral,A,3,282,1,0.6103701067741898,1
right_lateral__A,right_lateral,A,3,282,1,0.833205418722814,1
right_lateral__A,right_lateral,A,3,282,1,0.5400919409069664,1
right_lateral__A,right_lateral,A,3,313,0,0.5646845101739576,1
right_lateral__A,right_lateral,A,3,313,0,0.6982593965159496,1
right_lateral__A,right_lateral,A,3,313,0,0.49755375001275587,0
right_lateral__A,right_lateral,A,3,313,0,0.6676842335151947,1
right_lateral__A,right_lateral,A,3,313,0,0.7957805256046872,1
right_lateral__A,right_lateral,A,3,313,0,0.6340642845791542,1
right_lateral__A,right_lateral,A,3,313,0,0.523589972908474,1
right_lateral__A,right_lateral,A,3,313,0,0.5501279382100364,1
right_lateral__A,right_lateral,A,3,313,0,0.4496691351353612,0
right_lateral__A,right_lateral,A,3,313,0,0.814589482699344,1
right_lateral__A,right_lateral,A,3,313,0,0.42973678907112955,0
right_lateral__A,right_lateral,A,3,313,0,0.5150338654454946,1
right_lateral__A,right_lateral,A,3,313,0,0.5252038852671661,1
right_lateral__A,right_lateral,A,3,313,0,0.4674716691443248,0
right_lateral__A,right_lateral,A,3,313,0,0.5786498362276351,1
right_lateral__A,right_lateral,A,3,313,1,0.6543035507281474,1
right_lateral__A,right_lateral,A,3,313,1,0.5238534576944882,1
right_lateral__A,right_lateral,A,3,313,1,0.7035192019163945,1
right_lateral__A,right_lateral,A,3,313,1,0.6326184405529536,1
right_lateral__A,right_lateral,A,3,313,1,0.6747759443281741,1
right_lateral__A,right_lateral,A,3,313,1,0.6252382959463975,1
right_lateral__A,right_lateral,A,3,313,1,0.6653703706696468,1
right_lateral__A,right_lateral,A,3,313,1,0.6778414726758341,1
right_lateral__A,right_lateral,A,3,313,1,0.7510629630012832,1
right_lateral__A,right_lateral,A,3,313,1,0.5062037859261022,1
right_lateral__A,right_lateral,A,3,313,1,0.5766217249258238,1
right_lateral__A,right_lateral,A,3,313,1,0.49329757434994875,0
right_lateral__A,right_lateral,A,3,313,1,0.5177097526346072,1
right_lateral__A,right_lateral,A,3,313,1,0.6115268394691972,1
right_lateral__A,right_lateral,A,4,271,0,0.30896243673101,0
right_lateral__A,right_lateral,A,4,271,0,0.2325742738807734,0
right_lateral__A,right_lateral,A,4,271,0,0.17689859344596892,0
right_lateral__A,right_lateral,A,4,271,0,0.1755420993053938,0
right_lateral__A,right_lateral,A,4,271,0,0.48517960101754815,0
right_lateral__A,right_lateral,A,4,271,0,0.4437722058518128,0
right_lateral__A,right_lateral,A,4,271,0,0.3587520999628924,0
right_lateral__A,right_lateral,A,4,271,0,0.15715833389144607,0
right_lateral__A,right_lateral,A,4,271,0,0.2046902365973288,0
right_lateral__A,right_lateral,A,4,271,0,0.4659471857970171,0
right_lateral__A,right_lateral,A,4,271,0,0.19713667992794118,0
right_lateral__A,right_lateral,A,4,271,0,0.13488588709026308,0
right_lateral__A,right_lateral,A,4,271,0,0.24777138148817746,0
right_lateral__A,right_lateral,A,4,271,0,0.17854109613374877,0
right_lateral__A,right_lateral,A,4,271,1,0.49025969591759977,0
right_lateral__A,right_lateral,A,4,271,1,0.7031018090799956,1
right_lateral__A,right_lateral,A,4,271,1,0.5207466684148576,1
right_lateral__A,right_lateral,A,4,271,1,0.5227555863458795,1
right_lateral__A,right_lateral,A,4,271,1,0.6599057627652123,1
right_lateral__A,right_lateral,A,4,271,1,0.5234685753325579,1
right_lateral__A,right_lateral,A,4,271,1,0.632773920398969,1
right_lateral__A,right_lateral,A,4,271,1,0.5463438879969172,1
right_lateral__A,right_lateral,A,4,271,1,0.7606938283859719,1
right_lateral__A,right_lateral,A,4,271,1,0.5832317363851858,1
right_lateral__A,right_lateral,A,4,271,1,0.6454871072772626,1
right_lateral__A,right_lateral,A,4,271,1,0.5018775566785325,1
right_lateral__A,right_lateral,A,4,271,1,0.656109159497824,1
right_lateral__A,right_lateral,A,4,271,1,0.49557674249447764,0
right_lateral__A,right_lateral,A,4,318,0,0.4903934223679815,0
right_lateral__A,right_lateral,A,4,318,0,0.5078514119283085,1
right_lateral__A,right_lateral,A,4,318,0,0.4819181364150178,0
right_lateral__A,right_lateral,A,4,318,0,0.48722004851463846,0
right_lateral__A,right_lateral,A,4,318,0,0.588440240478071,1
right_lateral__A,right_lateral,A,4,318,0,0.4105206516021195,0
right_lateral__A,right_lateral,A,4,318,0,0.4512457855736624,0
right_lateral__A,right_lateral,A,4,318,0,0.20852311954800717,0
right_lateral__A,right_lateral,A,4,318,0,0.416563842394852,0
right_lateral__A,right_lateral,A,4,318,0,0.3760098472052365,0
right_lateral__A,right_lateral,A,4,318,0,0.4107306448646998,0
right_lateral__A,right_lateral,A,4,318,0,0.4323184708086164,0
right_lateral__A,right_lateral,A,4,318,0,0.4848784808514751,0
right_lateral__A,right_lateral,A,4,318,0,0.3889964937253651,0
right_lateral__A,right_lateral,A,4,318,1,0.1696719948022816,0
right_lateral__A,right_lateral,A,4,318,1,0.5967480514295965,1
right_lateral__A,right_lateral,A,4,318,1,0.45139714919476176,0
right_lateral__A,right_lateral,A,4,318,1,0.6741307787118,1
right_lateral__A,right_lateral,A,4,318,1,0.5755940324697691,1
right_lateral__A,right_lateral,A,4,318,1,0.5303543828352548,1
right_lateral__A,right_lateral,A,4,318,1,0.6396135551415557,1
right_lateral__A,right_lateral,A,4,318,1,0.6891853735283578,1
right_lateral__A,right_lateral,A,4,318,1,0.7922396805326553,1
right_lateral__A,right_lateral,A,4,318,1,0.7712799418943418,1
right_lateral__A,right_lateral,A,4,318,1,0.6144255947951759,1
right_lateral__A,right_lateral,A,4,318,1,0.49423005203646736,0
right_lateral__A,right_lateral,A,4,318,1,0.35091514225866194,0
right_lateral__A,right_lateral,A,4,318,1,0.4574401689727693,0
right_lateral__A,right_lateral,A,5,251,0,0.04742993098065309,0
right_lateral__A,right_lateral,A,5,251,0,0.06530906484759857,0
right_lateral__A,right_lateral,A,5,251,0,0.013871384497952784,0
right_lateral__A,right_lateral,A,5,251,0,0.02699539245687688,0
right_lateral__A,right_lateral,A,5,251,0,0.023131859414552945,0
right_lateral__A,right_lateral,A,5,251,0,0.019898695417646498,0
right_lateral__A,right_lateral,A,5,251,0,0.06438133289923231,0
right_lateral__A,right_lateral,A,5,251,0,0.03897101450956239,0
right_lateral__A,right_lateral,A,5,251,0,0.04705350893363125,0
right_lateral__A,right_lateral,A,5,251,0,0.03368484814761416,0
right_lateral__A,right_lateral,A,5,251,0,0.013000368866037925,0
right_lateral__A,right_lateral,A,5,251,0,0.026423707982497994,0
right_lateral__A,right_lateral,A,5,251,0,0.02282315140157002,0
right_lateral__A,right_lateral,A,5,251,0,0.03497103734957449,0
right_lateral__A,right_lateral,A,5,251,1,0.07133968746712804,0
right_lateral__A,right_lateral,A,5,251,1,0.057286792203150645,0
right_lateral__A,right_lateral,A,5,251,1,0.0659772776715363,0
right_lateral__A,right_lateral,A,5,251,1,0.05670280006446835,0
right_lateral__A,right_lateral,A,5,251,1,0.10696456185328562,0
right_lateral__A,right_lateral,A,5,251,1,0.10230344907158245,0
right_lateral__A,right_lateral,A,5,251,1,0.039204079307122434,0
right_lateral__A,right_lateral,A,5,251,1,0.08034563067268725,0
right_lateral__A,right_lateral,A,5,251,1,0.25267101777333617,0
right_lateral__A,right_lateral,A,5,251,1,0.042415605448614106,0
right_lateral__A,right_lateral,A,5,251,1,0.07182949696307676,0
right_lateral__A,right_lateral,A,5,251,1,0.08942582561752664,0
right_lateral__A,right_lateral,A,5,251,1,0.20209325280702328,0
right_lateral__A,right_lateral,A,5,300,0,0.7100071938758142,1
right_lateral__A,right_lateral,A,5,300,0,0.8821319608287052,1
right_lateral__A,right_lateral,A,5,300,0,0.6969245553710323,1
right_lateral__A,right_lateral,A,5,300,0,0.8708149809793666,1
right_lateral__A,right_lateral,A,5,300,0,0.7587002995937426,1
right_lateral__A,right_lateral,A,5,300,0,0.7099184354828205,1
right_lateral__A,right_lateral,A,5,300,0,0.7104183077389099,1
right_lateral__A,right_lateral,A,5,300,0,0.6959931044513543,1
right_lateral__A,right_lateral,A,5,300,0,0.7074291504254754,1
right_lateral__A,right_lateral,A,5,300,0,0.6464595410045836,1
right_lateral__A,right_lateral,A,5,300,0,0.70644852458158,1
right_lateral__A,right_lateral,A,5,300,0,0.585311230410488,1
right_lateral__A,right_lateral,A,5,300,0,0.7217729229860512,1
right_lateral__A,right_lateral,A,5,300,0,0.7469849987552662,1
right_lateral__A,right_lateral,A,5,300,1,0.6940751134223829,1
right_lateral__A,right_lateral,A,5,300,1,0.7097420358399834,1
right_lateral__A,right_lateral,A,5,300,1,0.6640109104791385,1
right_lateral__A,right_lateral,A,5,300,1,0.7047012280259094,1
right_lateral__A,right_lateral,A,5,300,1,0.7045319013732845,1
right_lateral__A,right_lateral,A,5,300,1,0.6870818939604392,1
right_lateral__A,right_lateral,A,5,300,1,0.7100754138477601,1
right_lateral__A,right_lateral,A,5,300,1,0.6836322275816002,1
right_lateral__A,right_lateral,A,5,300,1,0.7122069764043214,1
right_lateral__A,right_lateral,A,5,300,1,0.7580668074140346,1
right_lateral__A,right_lateral,A,5,300,1,0.7131259459502705,1
right_lateral__A,right_lateral,A,5,300,1,0.8326063994510997,1
right_lateral__A,right_lateral,A,5,300,1,0.7041270192870439,1
right_lateral__A,right_lateral,A,5,300,1,0.6762958560974103,1
right_lateral__B,right_lateral,B,1,249,0,0.7177507824548117,1
right_lateral__B,right_lateral,B,1,249,0,0.4577274081321218,0
right_lateral__B,right_lateral,B,1,249,0,0.5318135666853596,1
right_lateral__B,right_lateral,B,1,249,0,0.45915710142559457,0
right_lateral__B,right_lateral,B,1,249,0,0.5378523335157148,1
right_lateral__B,right_lateral,B,1,249,0,0.5531477897056457,1
right_lateral__B,right_lateral,B,1,249,0,0.5943009358673269,1
right_lateral__B,right_lateral,B,1,249,0,0.6687255781974865,1
right_lateral__B,right_lateral,B,1,249,0,0.5142088512800985,1
right_lateral__B,right_lateral,B,1,249,0,0.3875567814339196,0
right_lateral__B,right_lateral,B,1,249,0,0.6305271257123606,1
right_lateral__B,right_lateral,B,1,249,0,0.5876019753117919,1
right_lateral__B,right_lateral,B,1,249,0,0.43387525156279627,0
right_lateral__B,right_lateral,B,1,249,0,0.44748093185921484,0
right_lateral__B,right_lateral,B,1,249,0,0.5194161669744897,1
right_lateral__B,right_lateral,B,1,249,1,0.41515877408303686,0
right_lateral__B,right_lateral,B,1,249,1,0.6681392034036923,1
right_lateral__B,right_lateral,B,1,249,1,0.531841708657827,1
right_lateral__B,right_lateral,B,1,249,1,0.49202146812280056,0
right_lateral__B,right_lateral,B,1,249,1,0.5632576459626306,1
right_lateral__B,right_lateral,B,1,249,1,0.42658612331835705,0
right_lateral__B,right_lateral,B,1,249,1,0.6572308175670655,1
right_lateral__B,right_lateral,B,1,249,1,0.41845888663924,0
right_lateral__B,right_lateral,B,1,249,1,0.44210727503019975,0
right_lateral__B,right_lateral,B,1,249,1,0.4294666050895779,0
right_lateral__B,right_lateral,B,1,249,1,0.40521795184807496,0
right_lateral__B,right_lateral,B,1,249,1,0.5301932037737389,1
right_lateral__B,right_lateral,B,1,249,1,0.4351707970134291,0
right_lateral__B,right_lateral,B,1,249,1,0.43884028359410315,0
right_lateral__B,right_lateral,B,1,249,1,0.4632602499411872,0
right_lateral__B,right_lateral,B,1,249,1,0.5094302982752065,1
right_lateral__B,right_lateral,B,1,249,1,0.4861398186801418,0
right_lateral__B,right_lateral,B,1,265,0,0.7084498084410599,1
right_lateral__B,right_lateral,B,1,265,0,0.7084529699354379,1
right_lateral__B,right_lateral,B,1,265,0,0.5365188819203153,1
right_lateral__B,right_lateral,B,1,265,0,0.47772678208561176,0
right_lateral__B,right_lateral,B,1,265,0,0.46546260630374164,0
right_lateral__B,right_lateral,B,1,265,0,0.5509116216791543,1
right_lateral__B,right_lateral,B,1,265,0,0.5298094959049564,1
right_lateral__B,right_lateral,B,1,265,0,0.6550825346072376,1
right_lateral__B,right_lateral,B,1,265,0,0.778223204412018,1
right_lateral__B,right_lateral,B,1,265,0,0.588219724905886,1
right_lateral__B,right_lateral,B,1,265,0,0.5555135850606319,1
right_lateral__B,right_lateral,B,1,265,0,0.5453814284654811,1
right_lateral__B,right_lateral,B,1,265,0,0.4054816288616257,0
right_lateral__B,right_lateral,B,1,265,1,0.5036202642934687,1
right_lateral__B,right_lateral,B,1,265,1,0.5382417120688789,1
right_lateral__B,right_lateral,B,1,265,1,0.43473392946960493,0
right_lateral__B,right_lateral,B,1,265,1,0.38329071350240584,0
right_lateral__B,right_lateral,B,1,265,1,0.6613480415951876,1
right_lateral__B,right_lateral,B,1,265,1,0.48158889658170895,0
right_lateral__B,right_lateral,B,1,265,1,0.49035196624347,0
right_lateral__B,right_lateral,B,1,265,1,0.49598060663597304,0
right_lateral__B,right_lateral,B,1,265,1,0.4892994149468998,0
right_lateral__B,right_lateral,B,1,265,1,0.45246120313111676,0
right_lateral__B,right_lateral,B,1,265,1,0.5239063920186436,1
right_lateral__B,right_lateral,B,2,210,0,0.4791566145539303,0
right_lateral__B,right_lateral,B,2,210,0,0.4909847004351927,0
right_lateral__B,right_lateral,B,2,210,0,0.47726473835801886,0
right_lateral__B,right_lateral,B,2,210,0,0.6529254595540961,1
right_lateral__B,right_lateral,B,2,210,0,0.42863387303677597,0
right_lateral__B,right_lateral,B,2,210,0,0.5145333724119858,1
right_lateral__B,right_lateral,B,2,210,0,0.4895154194681938,0
right_lateral__B,right_lateral,B,2,210,0,0.6139084213439323,1
right_lateral__B,right_lateral,B,2,210,0,0.3686618095982764,0
right_lateral__B,right_lateral,B,2,210,0,0.2758960209289535,0
right_lateral__B,right_lateral,B,2,210,0,0.5050727001545169,1
right_lateral__B,right_lateral,B,2,210,0,0.5276093014734655,1
right_lateral__B,right_lateral,B,2,210,0,0.4181476896217065,0
right_lateral__B,right_lateral,B,2,210,0,0.44843151199330095,0
right_lateral__B,right_lateral,B,2,210,1,0.35866324223586843,0
right_lateral__B,right_lateral,B,2,210,1,0.5203412988155454,1
right_lateral__B,right_lateral,B,2,210,1,0.6720176329357455,1
right_lateral__B,right_lateral,B,2,210,1,0.2766284952645233,0
right_lateral__B,right_lateral,B,2,210,1,0.4797431639508408,0
right_lateral__B,right_lateral,B,2,210,1,0.5185218742264328,1
right_lateral__B,right_lateral,B,2,210,1,0.285829795255996,0
right_lateral__B,right_lateral,B,2,210,1,0.5444343487251847,1
right_lateral__B,right_lateral,B,2,210,1,0.6169961695608092,1
right_lateral__B,right_lateral,B,2,210,1,0.6594160819223042,1
right_lateral__B,right_lateral,B,2,210,1,0.3311111204882137,0
right_lateral__B,right_lateral,B,2,219,0,0.7193508891896233,1
right_lateral__B,right_lateral,B,2,219,0,0.7306234305146502,1
right_lateral__B,right_lateral,B,2,219,0,0.7326502146018171,1
right_lateral__B,right_lateral,B,2,219,0,0.3030096256548305,0
right_lateral__B,right_lateral,B,2,219,0,0.5954522242840489,1
right_lateral__B,right_lateral,B,2,219,0,0.44267352051674425,0
right_lateral__B,right_lateral,B,2,219,0,0.2771395255107745,0
right_lateral__B,right_lateral,B,2,219,0,0.5181895558208722,1
right_lateral__B,right_lateral,B,2,219,0,0.29823878111070967,0
right_lateral__B,right_lateral,B,2,219,0,0.37773606223677697,0
right_lateral__B,right_lateral,B,2,219,0,0.39176382135377075,0
right_lateral__B,right_lateral,B,2,219,0,0.6194948293101937,1
right_lateral__B,right_lateral,B,2,219,0,0.6019372213486595,1
right_lateral__B,right_lateral,B,2,219,0,0.46650781306359124,0
right_lateral__B,right_lateral,B,2,219,1,0.4383897675318105,0
right_lateral__B,right_lateral,B,2,219,1,0.5023665818805378,1
right_lateral__B,right_lateral,B,2,219,1,0.4562906165762015,0
right_lateral__B,right_lateral,B,2,219,1,0.3830912105845946,0
right_lateral__B,right_lateral,B,2,219,1,0.3525075867061013,0
right_lateral__B,right_lateral,B,2,219,1,0.33447788268469436,0
right_lateral__B,right_lateral,B,2,219,1,0.13971350830592924,0
right_lateral__B,right_lateral,B,2,219,1,0.5875386044944675,1
right_lateral__B,right_lateral,B,2,219,1,0.4958912167906101,0
right_lateral__B,right_lateral,B,2,219,1,0.48474074508471715,0
right_lateral__B,right_lateral,B,2,219,1,0.34236624321437065,0
right_lateral__B,right_lateral,B,2,219,1,0.4498386198634743,0
right_lateral__B,right_lateral,B,2,219,1,0.3589195016786554,0
right_lateral__B,right_lateral,B,2,219,1,0.35908473233485316,0
right_lateral__B,right_lateral,B,2,219,1,0.36914166374981966,0
right_lateral__B,right_lateral,B,2,219,1,0.39488536800170787,0
right_lateral__B,right_lateral,B,3,282,0,0.4617564596567351,0
right_lateral__B,right_lateral,B,3,282,0,0.6300560191055437,1
right_lateral__B,right_lateral,B,3,282,0,0.5053333811527246,1
right_lateral__B,right_lateral,B,3,282,0,0.4285726037199632,0
right_lateral__B,right_lateral,B,3,282,0,0.505947369916826,1
right_lateral__B,right_lateral,B,3,282,0,0.5502823821476196,1
right_lateral__B,right_lateral,B,3,282,0,0.6110915124277361,1
right_lateral__B,right_lateral,B,3,282,0,0.5953172979164464,1
right_lateral__B,right_lateral,B,3,282,0,0.4740808771639158,0
right_lateral__B,right_lateral,B,3,282,0,0.6308738849276367,1
right_lateral__B,right_lateral,B,3,282,0,0.5491105867218814,1
right_lateral__B,right_lateral,B,3,282,0,0.5665118610654307,1
right_lateral__B,right_lateral,B,3,282,0,0.5968719630803354,1
right_lateral__B,right_lateral,B,3,282,0,0.4314215674202444,0
right_lateral__B,right_lateral,B,3,282,1,0.38006831275862896,0
right_lateral__B,right_lateral,B,3,282,1,0.498719009643787,0
right_lateral__B,right_lateral,B,3,282,1,0.5088323528324602,1
right_lateral__B,right_lateral,B,3,282,1,0.47735414178569274,0
right_lateral__B,right_lateral,B,3,282,1,0.5684262457499148,1
right_lateral__B,right_lateral,B,3,282,1,0.46628955005217615,0
right_lateral__B,right_lateral,B,3,282,1,0.4068390953789444,0
right_lateral__B,right_lateral,B,3,282,1,0.47756871246326893,0
right_lateral__B,right_lateral,B,3,282,1,0.49915612794270925,0
right_lateral__B,right_lateral,B,3,282,1,0.5498802072376365,1
right_lateral__B,right_lateral,B,3,282,1,0.5344792516025465,1
right_lateral__B,right_lateral,B,3,313,0,0.5837585016972962,1
right_lateral__B,right_lateral,B,3,313,0,0.5039555640944366,1
right_lateral__B,right_lateral,B,3,313,0,0.5025715821589565,1
right_lateral__B,right_lateral,B,3,313,0,0.4596301870419658,0
right_lateral__B,right_lateral,B,3,313,0,0.4778357210701751,0
right_lateral__B,right_lateral,B,3,313,0,0.5361701221692686,1
right_lateral__B,right_lateral,B,3,313,0,0.7726737839437334,1
right_lateral__B,right_lateral,B,3,313,0,0.5719312086914862,1
right_lateral__B,right_lateral,B,3,313,0,0.543141664572204,1
right_lateral__B,right_lateral,B,3,313,0,0.4139150857810292,0
right_lateral__B,right_lateral,B,3,313,0,0.5348710791148905,1
right_lateral__B,right_lateral,B,3,313,0,0.5583071002829691,1
right_lateral__B,right_lateral,B,3,313,0,0.4522831297642596,0
right_lateral__B,right_lateral,B,3,313,0,0.3995078523100626,0
right_lateral__B,right_lateral,B,3,313,0,0.47208619071797986,0
right_lateral__B,right_lateral,B,3,313,1,0.4857824503007824,0
right_lateral__B,right_lateral,B,3,313,1,0.46182292522697643,0
right_lateral__B,right_lateral,B,3,313,1,0.4718836169397095,0
right_lateral__B,right_lateral,B,3,313,1,0.4629490872276882,0
right_lateral__B,right_lateral,B,3,313,1,0.45132788124532297,0
right_lateral__B,right_lateral,B,3,313,1,0.5137519088237933,1
right_lateral__B,right_lateral,B,3,313,1,0.49462863948005986,0
right_lateral__B,right_lateral,B,3,313,1,0.5093569852810872,1
right_lateral__B,right_lateral,B,3,313,1,0.48772298776768536,0
right_lateral__B,right_lateral,B,3,313,1,0.3747486530808387,0
right_lateral__B,right_lateral,B,3,313,1,0.5701675914357425,1
right_lateral__B,right_lateral,B,3,313,1,0.44042483096441715,0
right_lateral__B,right_lateral,B,3,313,1,0.5484965074531453,1
right_lateral__B,right_lateral,B,3,313,1,0.3685706182449762,0
right_lateral__B,right_lateral,B,4,271,0,0.46454954777799484,0
right_lateral__B,right_lateral,B,4,271,0,0.5297596789836373,1
right_lateral__B,right_lateral,B,4,271,0,0.3744268304922702,0
right_lateral__B,right_lateral,B,4,271,0,0.48668444962391066,0
right_lateral__B,right_lateral,B,4,271,0,0.46601036584479943,0
right_lateral__B,right_lateral,B,4,271,0,0.5851329105867742,1
right_lateral__B,right_lateral,B,4,271,0,0.4716938716824505,0
right_lateral__B,right_lateral,B,4,271,0,0.4848554703333918,0
right_lateral__B,right_lateral,B,4,271,0,0.5552382099388502,1
right_lateral__B,right_lateral,B,4,271,0,0.5082895826171862,1
right_lateral__B,right_lateral,B,4,271,0,0.5392201129732715,1
right_lateral__B,right_lateral,B,4,271,0,0.5738964106057597,1
right_lateral__B,right_lateral,B,4,271,0,0.4332380430092181,0
right_lateral__B,right_lateral,B,4,271,0,0.5239860307395782,1
right_lateral__B,right_lateral,B,4,271,1,0.3247921497702226,0
right_lateral__B,right_lateral,B,4,271,1,0.42631333794640797,0
right_lateral__B,right_lateral,B,4,271,1,0.4651692873931752,0
right_lateral__B,right_lateral,B,4,271,1,0.4534629889010899,0
right_lateral__B,right_lateral,B,4,271,1,0.46567201355770665,0
right_lateral__B,right_lateral,B,4,271,1,0.36133546728865334,0
right_lateral__B,right_lateral,B,4,271,1,0.5236178449182216,1
right_lateral__B,right_lateral,B,4,271,1,0.3269273613023787,0
right_lateral__B,right_lateral,B,4,271,1,0.41311614215595704,0
right_lateral__B,right_lateral,B,4,271,1,0.44849096579288983,0
right_lateral__B,right_lateral,B,4,271,1,0.4086180074636445,0
right_lateral__B,right_lateral,B,4,271,1,0.42204950411472497,0
right_lateral__B,right_lateral,B,4,271,1,0.3178378700715352,0
right_lateral__B,right_lateral,B,4,271,1,0.3024091324822247,0
right_lateral__B,right_lateral,B,4,318,0,0.5789344242975747,1
right_lateral__B,right_lateral,B,4,318,0,0.6384727633151328,1
right_lateral__B,right_lateral,B,4,318,0,0.42695107707163515,0
right_lateral__B,right_lateral,B,4,318,0,0.5755854490742146,1
right_lateral__B,right_lateral,B,4,318,0,0.5176210328620631,1
right_lateral__B,right_lateral,B,4,318,0,0.5129566728096208,1
right_lateral__B,right_lateral,B,4,318,0,0.5279559898534646,1
right_lateral__B,right_lateral,B,4,318,0,0.37249606380964567,0
right_lateral__B,right_lateral,B,4,318,0,0.4666606276965215,0
right_lateral__B,right_lateral,B,4,318,0,0.5707392451649455,1
right_lateral__B,right_lateral,B,4,318,0,0.5579501964034043,1
right_lateral__B,right_lateral,B,4,318,0,0.5676388986040485,1
right_lateral__B,right_lateral,B,4,318,0,0.5112181488514227,1
right_lateral__B,right_lateral,B,4,318,0,0.5834544429720663,1
right_lateral__B,right_lateral,B,4,318,1,0.5002029732825917,1
right_lateral__B,right_lateral,B,4,318,1,0.41617605723879814,0
right_lateral__B,right_lateral,B,4,318,1,0.46503370926822396,0
right_lateral__B,right_lateral,B,4,318,1,0.47174945422769754,0
right_lateral__B,right_lateral,B,4,318,1,0.45490011790380896,0
right_lateral__B,right_lateral,B,4,318,1,0.4362739297912463,0
right_lateral__B,right_lateral,B,4,318,1,0.43585819802642384,0
right_lateral__B,right_lateral,B,4,318,1,0.6209900707948635,1
right_lateral__B,right_lateral,B,4,318,1,0.5610012188897702,1
right_lateral__B,right_lateral,B,4,318,1,0.4732235910415031,0
right_lateral__B,right_lateral,B,4,318,1,0.4563223027193805,0
right_lateral__B,right_lateral,B,4,318,1,0.5496374207200758,1
right_lateral__B,right_lateral,B,4,318,1,0.3233352819787438,0
right_lateral__B,right_lateral,B,4,318,1,0.5676079431412234,1
right_lateral__B,right_lateral,B,5,251,0,0.5042923015578519,1
right_lateral__B,right_lateral,B,5,251,0,0.5694263520344722,1
right_lateral__B,right_lateral,B,5,251,0,0.6055463446297029,1
right_lateral__B,right_lateral,B,5,251,0,0.5504844037559606,1
right_lateral__B,right_lateral,B,5,251,0,0.6112109297220519,1
right_lateral__B,right_lateral,B,5,251,0,0.5719623107845576,1
right_lateral__B,right_lateral,B,5,251,0,0.5182427859906009,1
right_lateral__B,right_lateral,B,5,251,0,0.5729490788473917,1
right_lateral__B,right_lateral,B,5,251,0,0.48872524885886975,0
right_lateral__B,right_lateral,B,5,251,0,0.43268386225749284,0
right_lateral__B,right_lateral,B,5,251,0,0.5486145034160888,1
right_lateral__B,right_lateral,B,5,251,0,0.6309893973601239,1
right_lateral__B,right_lateral,B,5,251,0,0.5758753144341302,1
right_lateral__B,right_lateral,B,5,251,0,0.6123872754277467,1
right_lateral__B,right_lateral,B,5,251,1,0.5563244443959232,1
right_lateral__B,right_lateral,B,5,251,1,0.5815209333628912,1
right_lateral__B,right_lateral,B,5,251,1,0.6283524452775752,1
right_lateral__B,right_lateral,B,5,251,1,0.6203400373535569,1
right_lateral__B,right_lateral,B,5,251,1,0.5707668493292817,1
right_lateral__B,right_lateral,B,5,251,1,0.5543083621311387,1
right_lateral__B,right_lateral,B,5,251,1,0.5576176339252572,1
right_lateral__B,right_lateral,B,5,251,1,0.4917101170973398,0
right_lateral__B,right_lateral,B,5,251,1,0.45848873805086326,0
right_lateral__B,right_lateral,B,5,251,1,0.5826141493440846,1
right_lateral__B,right_lateral,B,5,251,1,0.5370323854789298,1
right_lateral__B,right_lateral,B,5,251,1,0.5327346780874168,1
right_lateral__B,right_lateral,B,5,251,1,0.5747748555872231,1
right_lateral__B,right_lateral,B,5,300,0,0.6074239295914886,1
right_lateral__B,right_lateral,B,5,300,0,0.43418629261122144,0
right_lateral__B,right_lateral,B,5,300,0,0.5008800274707798,1
right_lateral__B,right_lateral,B,5,300,0,0.46815066538390887,0
right_lateral__B,right_lateral,B,5,300,0,0.46405365350858835,0
right_lateral__B,right_lateral,B,5,300,0,0.41890100079473447,0
right_lateral__B,right_lateral,B,5,300,0,0.47759246199186867,0
right_lateral__B,right_lateral,B,5,300,0,0.4295163885062692,0
right_lateral__B,right_lateral,B,5,300,0,0.5323674004621765,1
right_lateral__B,right_lateral,B,5,300,0,0.40609948231772686,0
right_lateral__B,right_lateral,B,5,300,0,0.5636484298535978,1
right_lateral__B,right_lateral,B,5,300,0,0.44283182322225156,0
right_lateral__B,right_lateral,B,5,300,0,0.39915586531200686,0
right_lateral__B,right_lateral,B,5,300,0,0.5581904170615486,1
right_lateral__B,right_lateral,B,5,300,1,0.47134000795609254,0
right_lateral__B,right_lateral,B,5,300,1,0.4888007190712025,0
right_lateral__B,right_lateral,B,5,300,1,0.4436584797621941,0
right_lateral__B,right_lateral,B,5,300,1,0.4728312525463723,0
right_lateral__B,right_lateral,B,5,300,1,0.34139263415823407,0
right_lateral__B,right_lateral,B,5,300,1,0.4621701441323918,0
right_lateral__B,right_lateral,B,5,300,1,0.37615995190835777,0
right_lateral__B,right_lateral,B,5,300,1,0.339301887379949,0
right_lateral__B,right_lateral,B,5,300,1,0.3920808868374613,0
right_lateral__B,right_lateral,B,5,300,1,0.38665399279440943,0
right_lateral__B,right_lateral,B,5,300,1,0.3293324345726532,0
right_lateral__B,right_lateral,B,5,300,1,0.3877380263325736,0
right_lateral__B,right_lateral,B,5,300,1,0.6114018999397228,1
right_lateral__B,right_lateral,B,5,300,1,0.4062944999771467,0
right_lateral__C,right_lateral,C,1,249,0,0.35224708616268374,0
right_lateral__C,right_lateral,C,1,249,0,0.41996243886305396,0
right_lateral__C,right_lateral,C,1,249,0,0.35772106710499146,0
right_lateral__C,right_lateral,C,1,249,0,0.24897633663014926,0
right_lateral__C,right_lateral,C,1,249,0,0.20995593463988851,0
right_lateral__C,right_lateral,C,1,249,0,0.28989737283855516,0
right_lateral__C,right_lateral,C,1,249,0,0.24524993375561166,0
right_lateral__C,right_lateral,C,1,249,0,0.4113009350107233,0
right_lateral__C,right_lateral,C,1,249,0,0.3256836902510233,0
right_lateral__C,right_lateral,C,1,249,0,0.2585730956235343,0
right_lateral__C,right_lateral,C,1,249,0,0.31425766803819694,0
right_lateral__C,right_lateral,C,1,249,0,0.40169117366070767,0
right_lateral__C,right_lateral,C,1,249,0,0.42466018950607143,0
right_lateral__C,right_lateral,C,1,249,0,0.4174453408309895,0
right_lateral__C,right_lateral,C,1,249,0,0.24390570282932272,0
right_lateral__C,right_lateral,C,1,249,1,0.6467095632840398,1
right_lateral__C,right_lateral,C,1,249,1,0.7443953028103462,1
right_lateral__C,right_lateral,C,1,249,1,0.6928531575680305,1
right_lateral__C,right_lateral,C,1,249,1,0.7688319211996958,1
right_lateral__C,right_lateral,C,1,249,1,0.7163778180730976,1
right_lateral__C,right_lateral,C,1,249,1,0.5411626454242596,1
right_lateral__C,right_lateral,C,1,249,1,0.7267752366178892,1
right_lateral__C,right_lateral,C,1,249,1,0.605868117942132,1
right_lateral__C,right_lateral,C,1,249,1,0.6641844959800156,1
right_lateral__C,right_lateral,C,1,249,1,0.5472075022094601,1
right_lateral__C,right_lateral,C,1,249,1,0.5338192175547277,1
right_lateral__C,right_lateral,C,1,249,1,0.6512350986089492,1
right_lateral__C,right_lateral,C,1,249,1,0.6049529754258178,1
right_lateral__C,right_lateral,C,1,249,1,0.52980825021487,1
right_lateral__C,right_lateral,C,1,249,1,0.6308445972696122,1
right_lateral__C,right_lateral,C,1,249,1,0.647374376674075,1
right_lateral__C,right_lateral,C,1,249,1,0.7431325601311191,1
right_lateral__C,right_lateral,C,1,265,0,0.47148541860048854,0
right_lateral__C,right_lateral,C,1,265,0,0.44183090098668143,0
right_lateral__C,right_lateral,C,1,265,0,0.4922056183731567,0
right_lateral__C,right_lateral,C,1,265,0,0.5914240349444707,1
right_lateral__C,right_lateral,C,1,265,0,0.6052585799461867,1
right_lateral__C,right_lateral,C,1,265,0,0.6033262194858301,1
right_lateral__C,right_lateral,C,1,265,0,0.2948514538813808,0
right_lateral__C,right_lateral,C,1,265,0,0.5767366024666621,1
right_lateral__C,right_lateral,C,1,265,0,0.4489335145499752,0
right_lateral__C,right_lateral,C,1,265,0,0.45598420730489486,0
right_lateral__C,right_lateral,C,1,265,0,0.46690013014495585,0
right_lateral__C,right_lateral,C,1,265,0,0.42519376746623655,0
right_lateral__C,right_lateral,C,1,265,0,0.37574665391260764,0
right_lateral__C,right_lateral,C,1,265,1,0.30956960754222057,0
right_lateral__C,right_lateral,C,1,265,1,0.5265924646078596,1
right_lateral__C,right_lateral,C,1,265,1,0.8067824185305942,1
right_lateral__C,right_lateral,C,1,265,1,0.6756104951579904,1
right_lateral__C,right_lateral,C,1,265,1,0.4084797290210473,0
right_lateral__C,right_lateral,C,1,265,1,0.3117906687493583,0
right_lateral__C,right_lateral,C,1,265,1,0.4417018199126902,0
right_lateral__C,right_lateral,C,1,265,1,0.5642833333625424,1
right_lateral__C,right_lateral,C,1,265,1,0.6781962866399495,1
right_lateral__C,right_lateral,C,1,265,1,0.6467354252809677,1
right_lateral__C,right_lateral,C,1,265,1,0.4103985917118017,0
right_lateral__C,right_lateral,C,2,210,0,0.6995226475898076,1
right_lateral__C,right_lateral,C,2,210,0,0.15295974668250653,0
right_lateral__C,right_lateral,C,2,210,0,0.5134949623800145,1
right_lateral__C,right_lateral,C,2,210,0,0.7143278724759231,1
right_lateral__C,right_lateral,C,2,210,0,0.25063463448209355,0
right_lateral__C,right_lateral,C,2,210,0,0.7624637734906109,1
right_lateral__C,right_lateral,C,2,210,0,0.20045230997113225,0
right_lateral__C,right_lateral,C,2,210,0,0.6777017475933523,1
right_lateral__C,right_lateral,C,2,210,0,0.6069225454242125,1
right_lateral__C,right_lateral,C,2,210,0,0.17770130801085915,0
right_lateral__C,right_lateral,C,2,210,0,0.3858927475059163,0
right_lateral__C,right_lateral,C,2,210,0,0.3604655566498319,0
right_lateral__C,right_lateral,C,2,210,0,0.2633910791454874,0
right_lateral__C,right_lateral,C,2,210,0,0.5981052758306793,1
right_lateral__C,right_lateral,C,2,210,1,0.9037610142013499,1
right_lateral__C,right_lateral,C,2,210,1,0.8068726267193452,1
right_lateral__C,right_lateral,C,2,210,1,0.8473768001226467,1
right_lateral__C,right_lateral,C,2,210,1,0.7173009745231117,1
right_lateral__C,right_lateral,C,2,210,1,0.8232755846721802,1
right_lateral__C,right_lateral,C,2,210,1,0.8107819285396403,1
right_lateral__C,right_lateral,C,2,210,1,0.772751622700128,1
right_lateral__C,right_lateral,C,2,210,1,0.8572516930096761,1
right_lateral__C,right_lateral,C,2,210,1,0.7968745404823132,1
right_lateral__C,right_lateral,C,2,210,1,0.7800167202447135,1
right_lateral__C,right_lateral,C,2,210,1,0.7595041305236198,1
right_lateral__C,right_lateral,C,2,219,0,0.5634941677718889,1
right_lateral__C,right_lateral,C,2,219,0,0.666908099312887,1
right_lateral__C,right_lateral,C,2,219,0,0.7291558553913571,1
right_lateral__C,right_lateral,C,2,219,0,0.7906087134237285,1
right_lateral__C,right_lateral,C,2,219,0,0.6771628815786896,1
right_lateral__C,right_lateral,C,2,219,0,0.7524292947234457,1
right_lateral__C,right_lateral,C,2,219,0,0.5574044498566151,1
right_lateral__C,right_lateral,C,2,219,0,0.14473047849319742,0
right_lateral__C,right_lateral,C,2,219,0,0.7792747377060607,1
right_lateral__C,right_lateral,C,2,219,0,0.3255274670785746,0
right_lateral__C,right_lateral,C,2,219,0,0.25575549162886707,0
right_lateral__C,right_lateral,C,2,219,0,0.5536691015314301,1
right_lateral__C,right_lateral,C,2,219,0,0.22714909975065953,0
right_lateral__C,right_lateral,C,2,219,0,0.16107250773629095,0
right_lateral__C,right_lateral,C,2,219,1,0.4838391555476531,0
right_lateral__C,right_lateral,C,2,219,1,0.44424959485138027,0
right_lateral__C,right_lateral,C,2,219,1,0.5592130244524817,1
right_lateral__C,right_lateral,C,2,219,1,0.4675698923377999,0
right_lateral__C,right_lateral,C,2,219,1,0.46398713263480745,0
right_lateral__C,right_lateral,C,2,219,1,0.48311021758461564,0
right_lateral__C,right_lateral,C,2,219,1,0.39546345372510844,0
right_lateral__C,right_lateral,C,2,219,1,0.5935746791275549,1
right_lateral__C,right_lateral,C,2,219,1,0.5797673319249881,1
right_lateral__C,right_lateral,C,2,219,1,0.4817815173325708,0
right_lateral__C,right_lateral,C,2,219,1,0.45408227977094134,0
right_lateral__C,right_lateral,C,2,219,1,0.4122265449603138,0
right_lateral__C,right_lateral,C,2,219,1,0.5890555907240214,1
right_lateral__C,right_lateral,C,2,219,1,0.44519103659036313,0
right_lateral__C,right_lateral,C,2,219,1,0.4142159495030531,0
right_lateral__C,right_lateral,C,2,219,1,0.46592500281341587,0
right_lateral__C,right_lateral,C,3,282,0,0.047575594252086864,0
right_lateral__C,right_lateral,C,3,282,0,0.16463807725499266,0
right_lateral__C,right_lateral,C,3,282,0,0.1618323042759509,0
right_lateral__C,right_lateral,C,3,282,0,0.13222409583995304,0
right_lateral__C,right_lateral,C,3,282,0,0.12851203754165616,0
right_lateral__C,right_lateral,C,3,282,0,0.1966674516580281,0
right_lateral__C,right_lateral,C,3,282,0,0.2457353950681336,0
right_lateral__C,right_lateral,C,3,282,0,0.2973271190231745,0
right_lateral__C,right_lateral,C,3,282,0,0.32474638138411016,0
right_lateral__C,right_lateral,C,3,282,0,0.26502939139997395,0
right_lateral__C,right_lateral,C,3,282,0,0.2455644893328077,0
right_lateral__C,right_lateral,C,3,282,0,0.19297012515210768,0
right_lateral__C,right_lateral,C,3,282,0,0.1824298431386051,0
right_lateral__C,right_lateral,C,3,282,0,0.2606178192758915,0
right_lateral__C,right_lateral,C,3,282,1,0.5321436636885469,1
right_lateral__C,right_lateral,C,3,282,1,0.7310474160608149,1
right_lateral__C,right_lateral,C,3,282,1,0.5591172202061581,1
right_lateral__C,right_lateral,C,3,282,1,0.5340694779985028,1
right_lateral__C,right_lateral,C,3,282,1,0.824834424572814,1
right_lateral__C,right_lateral,C,3,282,1,0.5115877291618697,1
right_lateral__C,right_lateral,C,3,282,1,0.24921645683075574,0
right_lateral__C,right_lateral,C,3,282,1,0.46399397390663794,0
right_lateral__C,right_lateral,C,3,282,1,0.5654096822246126,1
right_lateral__C,right_lateral,C,3,282,1,0.6879027732297542,1
right_lateral__C,right_lateral,C,3,282,1,0.5297311997774282,1
right_lateral__C,right_lateral,C,3,313,0,0.5605588090687086,1
right_lateral__C,right_lateral,C,3,313,0,0.6279487541175863,1
right_lateral__C,right_lateral,C,3,313,0,0.5751702195219528,1
right_lateral__C,right_lateral,C,3,313,0,0.515097733237445,1
right_lateral__C,right_lateral,C,3,313,0,0.693339339153473,1
right_lateral__C,right_lateral,C,3,313,0,0.6246363854992587,1
right_lateral__C,right_lateral,C,3,313,0,0.6982913622299904,1
right_lateral__C,right_lateral,C,3,313,0,0.5229875049901872,1
right_lateral__C,right_lateral,C,3,313,0,0.5901776509573392,1
right_lateral__C,right_lateral,C,3,313,0,0.7011856950754998,1
right_lateral__C,right_lateral,C,3,313,0,0.41311255648715445,0
right_lateral__C,right_lateral,C,3,313,0,0.5478841538078507,1
right_lateral__C,right_lateral,C,3,313,0,0.6252997075621505,1
right_lateral__C,right_lateral,C,3,313,0,0.5130376142641209,1
right_lateral__C,right_lateral,C,3,313,0,0.6579148330965833,1
right_lateral__C,right_lateral,C,3,313,1,0.5964689370953097,1
right_lateral__C,right_lateral,C,3,313,1,0.5778636246861553,1
right_lateral__C,right_lateral,C,3,313,1,0.6715000019858124,1
right_lateral__C,right_lateral,C,3,313,1,0.6304358857628949,1
right_lateral__C,right_lateral,C,3,313,1,0.6737021100830504,1
right_lateral__C,right_lateral,C,3,313,1,0.6151881706913341,1
right_lateral__C,right_lateral,C,3,313,1,0.6656288684344154,1
right_lateral__C,right_lateral,C,3,313,1,0.6617857506020107,1
right_lateral__C,right_lateral,C,3,313,1,0.6712268367276633,1
right_lateral__C,right_lateral,C,3,313,1,0.5758029205103047,1
right_lateral__C,right_lateral,C,3,313,1,0.5701627415340372,1
right_lateral__C,right_lateral,C,3,313,1,0.47947670259668,0
right_lateral__C,right_lateral,C,3,313,1,0.5111922018004802,1
right_lateral__C,right_lateral,C,3,313,1,0.6293651190718644,1
right_lateral__C,right_lateral,C,4,271,0,0.37553315840417795,0
right_lateral__C,right_lateral,C,4,271,0,0.30335758561146003,0
right_lateral__C,right_lateral,C,4,271,0,0.25019436479867674,0
right_lateral__C,right_lateral,C,4,271,0,0.2863056184914427,0
right_lateral__C,right_lateral,C,4,271,0,0.492834301223391,0
right_lateral__C,right_lateral,C,4,271,0,0.5019275295606378,1
right_lateral__C,right_lateral,C,4,271,0,0.3484709576443546,0
right_lateral__C,right_lateral,C,4,271,0,0.1776515966691143,0
right_lateral__C,right_lateral,C,4,271,0,0.22935876486260295,0
right_lateral__C,right_lateral,C,4,271,0,0.5202066864908838,1
right_lateral__C,right_lateral,C,4,271,0,0.23437152741086226,0
right_lateral__C,right_lateral,C,4,271,0,0.23132736000581094,0
right_lateral__C,right_lateral,C,4,271,0,0.2656865886633994,0
right_lateral__C,right_lateral,C,4,271,0,0.25287030503020186,0
right_lateral__C,right_lateral,C,4,271,1,0.36339435555723776,0
right_lateral__C,right_lateral,C,4,271,1,0.5715359527791283,1
right_lateral__C,right_lateral,C,4,271,1,0.46610028246726853,0
right_lateral__C,right_lateral,C,4,271,1,0.5005625738725009,1
right_lateral__C,right_lateral,C,4,271,1,0.5252786403174448,1
right_lateral__C,right_lateral,C,4,271,1,0.4194858323195307,0
right_lateral__C,right_lateral,C,4,271,1,0.5836596918902616,1
right_lateral__C,right_lateral,C,4,271,1,0.40614237417348364,0
right_lateral__C,right_lateral,C,4,271,1,0.6314276386131891,1
right_lateral__C,right_lateral,C,4,271,1,0.4986509773397044,0
right_lateral__C,right_lateral,C,4,271,1,0.5265006388481788,1
right_lateral__C,right_lateral,C,4,271,1,0.4286415178997319,0
right_lateral__C,right_lateral,C,4,271,1,0.47574528782575704,0
right_lateral__C,right_lateral,C,4,271,1,0.40220288002478477,0
right_lateral__C,right_lateral,C,4,318,0,0.5592857219559071,1
right_lateral__C,right_lateral,C,4,318,0,0.51157927459993,1
right_lateral__C,right_lateral,C,4,318,0,0.506488920418511,1
right_lateral__C,right_lateral,C,4,318,0,0.6323914294413856,1
right_lateral__C,right_lateral,C,4,318,0,0.553966731382808,1
right_lateral__C,right_lateral,C,4,318,0,0.40561988906653235,0
right_lateral__C,right_lateral,C,4,318,0,0.4833293770363648,0
right_lateral__C,right_lateral,C,4,318,0,0.20025573804555763,0
right_lateral__C,right_lateral,C,4,318,0,0.39960195447026176,0
right_lateral__C,right_lateral,C,4,318,0,0.4958357958434144,0
right_lateral__C,right_lateral,C,4,318,0,0.47924939263933114,0
right_lateral__C,right_lateral,C,4,318,0,0.44514122556211083,0
right_lateral__C,right_lateral,C,4,318,0,0.4807794768138227,0
right_lateral__C,right_lateral,C,4,318,0,0.4330263641056913,0
right_lateral__C,right_lateral,C,4,318,1,0.2890825564048408,0
right_lateral__C,right_lateral,C,4,318,1,0.6208593674997117,1
right_lateral__C,right_lateral,C,4,318,1,0.4808150722074438,0
right_lateral__C,right_lateral,C,4,318,1,0.6369577718462057,1
right_lateral__C,right_lateral,C,4,318,1,0.5040464907572013,1
right_lateral__C,right_lateral,C,4,318,1,0.5431337765529404,1
right_lateral__C,right_lateral,C,4,318,1,0.5937738652323484,1
right_lateral__C,right_lateral,C,4,318,1,0.7221014806322734,1
right_lateral__C,right_lateral,C,4,318,1,0.7738631174073763,1
right_lateral__C,right_lateral,C,4,318,1,0.6658575311592899,1
right_lateral__C,right_lateral,C,4,318,1,0.563259014638505,1
right_lateral__C,right_lateral,C,4,318,1,0.5767879542247634,1
right_lateral__C,right_lateral,C,4,318,1,0.39107461551364864,0
right_lateral__C,right_lateral,C,4,318,1,0.5125733305605883,1
right_lateral__C,right_lateral,C,5,251,0,0.16623263796138565,0
right_lateral__C,right_lateral,C,5,251,0,0.09320154274639031,0
right_lateral__C,right_lateral,C,5,251,0,0.08326691467201881,0
right_lateral__C,right_lateral,C,5,251,0,0.13394018987844578,0
right_lateral__C,right_lateral,C,5,251,0,0.09199155468537402,0
right_lateral__C,right_lateral,C,5,251,0,0.11416166104858037,0
right_lateral__C,right_lateral,C,5,251,0,0.1680237078515708,0
right_lateral__C,right_lateral,C,5,251,0,0.10967369902006606,0
right_lateral__C,right_lateral,C,5,251,0,0.05975193903665414,0
right_lateral__C,right_lateral,C,5,251,0,0.06371198161346958,0
right_lateral__C,right_lateral,C,5,251,0,0.085434403296841,0
right_lateral__C,right_lateral,C,5,251,0,0.09478396037688337,0
right_lateral__C,right_lateral,C,5,251,0,0.08953583631291691,0
right_lateral__C,right_lateral,C,5,251,0,0.07341077715906597,0
right_lateral__C,right_lateral,C,5,251,1,0.1390160293010374,0
right_lateral__C,right_lateral,C,5,251,1,0.14481222363277846,0
right_lateral__C,right_lateral,C,5,251,1,0.16663247368616793,0
right_lateral__C,right_lateral,C,5,251,1,0.10123091239615087,0
right_lateral__C,right_lateral,C,5,251,1,0.14641559533715123,0
right_lateral__C,right_lateral,C,5,251,1,0.15937633271917231,0
right_lateral__C,right_lateral,C,5,251,1,0.08850358476890464,0
right_lateral__C,right_lateral,C,5,251,1,0.14670551524527772,0
right_lateral__C,right_lateral,C,5,251,1,0.24792035587659117,0
right_lateral__C,right_lateral,C,5,251,1,0.10278183456160632,0
right_lateral__C,right_lateral,C,5,251,1,0.15673712799259637,0
right_lateral__C,right_lateral,C,5,251,1,0.14729595159356731,0
right_lateral__C,right_lateral,C,5,251,1,0.27090534492983176,0
right_lateral__C,right_lateral,C,5,300,0,0.7462565112307721,1
right_lateral__C,right_lateral,C,5,300,0,0.8683673349781091,1
right_lateral__C,right_lateral,C,5,300,0,0.6982464605086686,1
right_lateral__C,right_lateral,C,5,300,0,0.8080987751127457,1
right_lateral__C,right_lateral,C,5,300,0,0.8384402148069614,1
right_lateral__C,right_lateral,C,5,300,0,0.7984418463827018,1
right_lateral__C,right_lateral,C,5,300,0,0.8109378953648794,1
right_lateral__C,right_lateral,C,5,300,0,0.8291164668727569,1
right_lateral__C,right_lateral,C,5,300,0,0.799215183096506,1
right_lateral__C,right_lateral,C,5,300,0,0.7185778178229938,1
right_lateral__C,right_lateral,C,5,300,0,0.8143828144740666,1
right_lateral__C,right_lateral,C,5,300,0,0.6892678118471955,1
right_lateral__C,right_lateral,C,5,300,0,0.812682714488586,1
right_lateral__C,right_lateral,C,5,300,0,0.8633373051937445,1
right_lateral__C,right_lateral,C,5,300,1,0.7469020977757418,1
right_lateral__C,right_lateral,C,5,300,1,0.7862814391588063,1
right_lateral__C,right_lateral,C,5,300,1,0.7597177132653767,1
right_lateral__C,right_lateral,C,5,300,1,0.8090409700659474,1
right_lateral__C,right_lateral,C,5,300,1,0.8026549420673166,1
right_lateral__C,right_lateral,C,5,300,1,0.7979271464853558,1
right_lateral__C,right_lateral,C,5,300,1,0.8470049379099538,1
right_lateral__C,right_lateral,C,5,300,1,0.7165064130670875,1
right_lateral__C,right_lateral,C,5,300,1,0.8536404818017254,1
right_lateral__C,right_lateral,C,5,300,1,0.7980426808789922,1
right_lateral__C,right_lateral,C,5,300,1,0.7762612934093002,1
right_lateral__C,right_lateral,C,5,300,1,0.8489896274713022,1
right_lateral__C,right_lateral,C,5,300,1,0.8242648055517025,1
right_lateral__C,right_lateral,C,5,300,1,0.7590482311739997,1
both_lateral__A,both_lateral,A,1,249,0,0.20751309637309912,0
both_lateral__A,both_lateral,A,1,249,0,0.4177440067323659,0
both_lateral__A,both_lateral,A,1,249,0,0.5917601464579997,1
both_lateral__A,both_lateral,A,1,249,0,0.1857576046892454,0
both_lateral__A,both_lateral,A,1,249,0,0.15751189446685745,0
both_lateral__A,both_lateral,A,1,249,0,0.3305272437960592,0
both_lateral__A,both_lateral,A,1,249,0,0.2093186421314201,0
both_lateral__A,both_lateral,A,1,249,0,0.2045263129723877,0
both_lateral__A,both_lateral,A,1,249,0,0.23674418223314053,0
both_lateral__A,both_lateral,A,1,249,0,0.18323785685244487,0
both_lateral__A,both_lateral,A,1,249,0,0.1528735858434203,0
both_lateral__A,both_lateral,A,1,249,0,0.3322117364822046,0
both_lateral__A,both_lateral,A,1,249,0,0.44962234301405457,0
both_lateral__A,both_lateral,A,1,249,0,0.7188415592432755,1
both_lateral__A,both_lateral,A,1,249,0,0.13250787338330583,0
both_lateral__A,both_lateral,A,1,249,1,0.6870197703242593,1
both_lateral__A,both_lateral,A,1,249,1,0.7221142112815349,1
both_lateral__A,both_lateral,A,1,249,1,0.8237585284897867,1
both_lateral__A,both_lateral,A,1,249,1,0.8190289532276444,1
both_lateral__A,both_lateral,A,1,249,1,0.7774277695251218,1
both_lateral__A,both_lateral,A,1,249,1,0.3630637057115016,0
both_lateral__A,both_lateral,A,1,249,1,0.5900418207314942,1
both_lateral__A,both_lateral,A,1,249,1,0.6692660731844471,1
both_lateral__A,both_lateral,A,1,249,1,0.7470434823290613,1
both_lateral__A,both_lateral,A,1,249,1,0.6061418486566214,1
both_lateral__A,both_lateral,A,1,249,1,0.4805205340916573,0
both_lateral__A,both_lateral,A,1,249,1,0.6030232895945917,1
both_lateral__A,both_lateral,A,1,249,1,0.6959290272997964,1
both_lateral__A,both_lateral,A,1,249,1,0.8083899478485638,1
both_lateral__A,both_lateral,A,1,249,1,0.6534542069508684,1
both_lateral__A,both_lateral,A,1,249,1,0.7343566464592063,1
both_lateral__A,both_lateral,A,1,249,1,0.7590833318010478,1
both_lateral__A,both_lateral,A,1,265,0,0.25932106535728283,0
both_lateral__A,both_lateral,A,1,265,0,0.38524284968157807,0
both_lateral__A,both_lateral,A,1,265,0,0.49851796515727137,0
both_lateral__A,both_lateral,A,1,265,0,0.6914010517179565,1
both_lateral__A,both_lateral,A,1,265,0,0.7963543715596673,1
both_lateral__A,both_lateral,A,1,265,0,0.6116321348981213,1
both_lateral__A,both_lateral,A,1,265,0,0.4635900006581403,0
both_lateral__A,both_lateral,A,1,265,0,0.7366626205247548,1
both_lateral__A,both_lateral,A,1,265,0,0.28307834334166143,0
both_lateral__A,both_lateral,A,1,265,0,0.38624419075331606,0
both_lateral__A,both_lateral,A,1,265,0,0.3998794777443719,0
both_lateral__A,both_lateral,A,1,265,0,0.3546898324246246,0
both_lateral__A,both_lateral,A,1,265,0,0.47822567048199405,0
both_lateral__A,both_lateral,A,1,265,1,0.304329703850691,0
both_lateral__A,both_lateral,A,1,265,1,0.5251703674785229,1
both_lateral__A,both_lateral,A,1,265,1,0.774800004983581,1
both_lateral__A,both_lateral,A,1,265,1,0.8153070921409534,1
both_lateral__A,both_lateral,A,1,265,1,0.43581478399178564,0
both_lateral__A,both_lateral,A,1,265,1,0.28593823143448294,0
both_lateral__A,both_lateral,A,1,265,1,0.32628984307157366,0
both_lateral__A,both_lateral,A,1,265,1,0.744417691124716,1
both_lateral__A,both_lateral,A,1,265,1,0.8017842603462215,1
both_lateral__A,both_lateral,A,1,265,1,0.7143362554631577,1
both_lateral__A,both_lateral,A,1,265,1,0.4161208410088568,0
both_lateral__A,both_lateral,A,2,210,0,0.3006246525269126,0
both_lateral__A,both_lateral,A,2,210,0,0.09823498823897696,0
both_lateral__A,both_lateral,A,2,210,0,0.3928758810120923,0
both_lateral__A,both_lateral,A,2,210,0,0.4263180861904592,0
both_lateral__A,both_lateral,A,2,210,0,0.16223333112566707,0
both_lateral__A,both_lateral,A,2,210,0,0.5418498793350701,1
both_lateral__A,both_lateral,A,2,210,0,0.17322571775235962,0
both_lateral__A,both_lateral,A,2,210,0,0.7062099746250236,1
both_lateral__A,both_lateral,A,2,210,0,0.386301940399518,0
both_lateral__A,both_lateral,A,2,210,0,0.24172710341041598,0
both_lateral__A,both_lateral,A,2,210,0,0.23523763488270746,0
both_lateral__A,both_lateral,A,2,210,0,0.059511462120971005,0
both_lateral__A,both_lateral,A,2,210,0,0.1758805967835449,0
both_lateral__A,both_lateral,A,2,210,0,0.4226651335344499,0
both_lateral__A,both_lateral,A,2,210,1,0.8137912517447802,1
both_lateral__A,both_lateral,A,2,210,1,0.800522374866746,1
both_lateral__A,both_lateral,A,2,210,1,0.8778452240175842,1
both_lateral__A,both_lateral,A,2,210,1,0.7466693868939577,1
both_lateral__A,both_lateral,A,2,210,1,0.8231307271294274,1
both_lateral__A,both_lateral,A,2,210,1,0.8086338209423716,1
both_lateral__A,both_lateral,A,2,210,1,0.701254387888342,1
both_lateral__A,both_lateral,A,2,210,1,0.8199369825053605,1
both_lateral__A,both_lateral,A,2,210,1,0.8500316877078423,1
both_lateral__A,both_lateral,A,2,210,1,0.7941333783771185,1
both_lateral__A,both_lateral,A,2,210,1,0.7976865196283092,1
both_lateral__A,both_lateral,A,2,219,0,0.35419618528192404,0
both_lateral__A,both_lateral,A,2,219,0,0.5857413919807695,1
both_lateral__A,both_lateral,A,2,219,0,0.6892416202341408,1
both_lateral__A,both_lateral,A,2,219,0,0.7305350967967899,1
both_lateral__A,both_lateral,A,2,219,0,0.6522130849191689,1
both_lateral__A,both_lateral,A,2,219,0,0.7360552505830843,1
both_lateral__A,both_lateral,A,2,219,0,0.5790258398091702,1
both_lateral__A,both_lateral,A,2,219,0,0.1389774310299215,0
both_lateral__A,both_lateral,A,2,219,0,0.7254935434473322,1
both_lateral__A,both_lateral,A,2,219,0,0.2610734020039767,0
both_lateral__A,both_lateral,A,2,219,0,0.25057523194358816,0
both_lateral__A,both_lateral,A,2,219,0,0.5461284936393532,1
both_lateral__A,both_lateral,A,2,219,0,0.13262183569976813,0
both_lateral__A,both_lateral,A,2,219,0,0.37503933868199424,0
both_lateral__A,both_lateral,A,2,219,1,0.6152053083852912,1
both_lateral__A,both_lateral,A,2,219,1,0.6989894899472294,1
both_lateral__A,both_lateral,A,2,219,1,0.6418761386358875,1
both_lateral__A,both_lateral,A,2,219,1,0.6861631836628986,1
both_lateral__A,both_lateral,A,2,219,1,0.6222254203081653,1
both_lateral__A,both_lateral,A,2,219,1,0.6255039043985571,1
both_lateral__A,both_lateral,A,2,219,1,0.6049817854287955,1
both_lateral__A,both_lateral,A,2,219,1,0.6455152426326743,1
both_lateral__A,both_lateral,A,2,219,1,0.6747900735791452,1
both_lateral__A,both_lateral,A,2,219,1,0.6558067174283387,1
both_lateral__A,both_lateral,A,2,219,1,0.6295740068179247,1
both_lateral__A,both_lateral,A,2,219,1,0.6173625709740265,1
both_lateral__A,both_lateral,A,2,219,1,0.7574620820866841,1
both_lateral__A,both_lateral,A,2,219,1,0.5948364547744458,1
both_lateral__A,both_lateral,A,2,219,1,0.5875137406159187,1
both_lateral__A,both_lateral,A,2,219,1,0.6488935426103137,1
both_lateral__A,both_lateral,A,3,282,0,0.03451950236688838,0
both_lateral__A,both_lateral,A,3,282,0,0.07888251409781749,0
both_lateral__A,both_lateral,A,3,282,0,0.09789046223799719,0
both_lateral__A,both_lateral,A,3,282,0,0.14097427336932322,0
both_lateral__A,both_lateral,A,3,282,0,0.11456085225005491,0
both_lateral__A,both_lateral,A,3,282,0,0.22285028769045132,0
both_lateral__A,both_lateral,A,3,282,0,0.1222573401876023,0
both_lateral__A,both_lateral,A,3,282,0,0.1375646671689079,0
both_lateral__A,both_lateral,A,3,282,0,0.16706783212293064,0
both_lateral__A,both_lateral,A,3,282,0,0.11226645717131532,0
both_lateral__A,both_lateral,A,3,282,0,0.19064774576686994,0
both_lateral__A,both_lateral,A,3,282,0,0.08927923809677166,0
both_lateral__A,both_lateral,A,3,282,0,0.16202651949536953,0
both_lateral__A,both_lateral,A,3,282,0,0.22239085065787242,0
both_lateral__A,both_lateral,A,3,282,1,0.6099666516293357,1
both_lateral__A,both_lateral,A,3,282,1,0.7585443559082893,1
both_lateral__A,both_lateral,A,3,282,1,0.5165652882349181,1
both_lateral__A,both_lateral,A,3,282,1,0.5867013624475024,1
both_lateral__A,both_lateral,A,3,282,1,0.7040597391196881,1
both_lateral__A,both_lateral,A,3,282,1,0.4813915346133912,0
both_lateral__A,both_lateral,A,3,282,1,0.40431092542791935,0
both_lateral__A,both_lateral,A,3,282,1,0.6299901820287371,1
both_lateral__A,both_lateral,A,3,282,1,0.6556329916693872,1
both_lateral__A,both_lateral,A,3,282,1,0.7053131386756911,1
both_lateral__A,both_lateral,A,3,282,1,0.599175924046505,1
both_lateral__A,both_lateral,A,3,313,0,0.558816180595722,1
both_lateral__A,both_lateral,A,3,313,0,0.6344063698296323,1
both_lateral__A,both_lateral,A,3,313,0,0.4389024473760653,0
both_lateral__A,both_lateral,A,3,313,0,0.4891162723456231,0
both_lateral__A,both_lateral,A,3,313,0,0.6468213073549883,1
both_lateral__A,both_lateral,A,3,313,0,0.5873505635450595,1
both_lateral__A,both_lateral,A,3,313,0,0.4377241068025984,0
both_lateral__A,both_lateral,A,3,313,0,0.6676710930785744,1
both_lateral__A,both_lateral,A,3,313,0,0.4666863102898149,0
both_lateral__A,both_lateral,A,3,313,0,0.6123199727320202,1
both_lateral__A,both_lateral,A,3,313,0,0.3880260638313074,0
both_lateral__A,both_lateral,A,3,313,0,0.47513843941746825,0
both_lateral__A,both_lateral,A,3,313,0,0.478551683186846,0
both_lateral__A,both_lateral,A,3,313,0,0.3268678156307812,0
both_lateral__A,both_lateral,A,3,313,0,0.46939849262714317,0
both_lateral__A,both_lateral,A,3,313,1,0.5593623555092959,1
both_lateral__A,both_lateral,A,3,313,1,0.43125184628641267,0
both_lateral__A,both_lateral,A,3,313,1,0.62212050365495,1
both_lateral__A,both_lateral,A,3,313,1,0.5142608768173266,1
both_lateral__A,both_lateral,A,3,313,1,0.5825956332174825,1
both_lateral__A,both_lateral,A,3,313,1,0.5489499714893008,1
both_lateral__A,both_lateral,A,3,313,1,0.5634448570505495,1
both_lateral__A,both_lateral,A,3,313,1,0.6934324337863572,1
both_lateral__A,both_lateral,A,3,313,1,0.5747534031649658,1
both_lateral__A,both_lateral,A,3,313,1,0.499723523922919,0
both_lateral__A,both_lateral,A,3,313,1,0.6668823240726719,1
both_lateral__A,both_lateral,A,3,313,1,0.5204978324318563,1
both_lateral__A,both_lateral,A,3,313,1,0.47258753796222336,0
both_lateral__A,both_lateral,A,3,313,1,0.5849729290608291,1
both_lateral__A,both_lateral,A,4,271,0,0.3384050531863455,0
both_lateral__A,both_lateral,A,4,271,0,0.3005972225422477,0
both_lateral__A,both_lateral,A,4,271,0,0.2320385233281447,0
both_lateral__A,both_lateral,A,4,271,0,0.32116164634733757,0
both_lateral__A,both_lateral,A,4,271,0,0.4066716562963576,0
both_lateral__A,both_lateral,A,4,271,0,0.40772582156000176,0
both_lateral__A,both_lateral,A,4,271,0,0.3336462080013372,0
both_lateral__A,both_lateral,A,4,271,0,0.14924080680844487,0
both_lateral__A,both_lateral,A,4,271,0,0.16714325578684583,0
both_lateral__A,both_lateral,A,4,271,0,0.3864730959982113,0
both_lateral__A,both_lateral,A,4,271,0,0.2594917822218905,0
both_lateral__A,both_lateral,A,4,271,0,0.1518529704324637,0
both_lateral__A,both_lateral,A,4,271,0,0.29787329124819073,0
both_lateral__A,both_lateral,A,4,271,0,0.23537086254355116,0
both_lateral__A,both_lateral,A,4,271,1,0.4678118759268447,0
both_lateral__A,both_lateral,A,4,271,1,0.6735551436065346,1
both_lateral__A,both_lateral,A,4,271,1,0.48890967249364864,0
both_lateral__A,both_lateral,A,4,271,1,0.5394477013294345,1
both_lateral__A,both_lateral,A,4,271,1,0.6304256394097456,1
both_lateral__A,both_lateral,A,4,271,1,0.5351982392724146,1
both_lateral__A,both_lateral,A,4,271,1,0.6197524217216325,1
both_lateral__A,both_lateral,A,4,271,1,0.5175731105264163,1
both_lateral__A,both_lateral,A,4,271,1,0.6692995398973685,1
both_lateral__A,both_lateral,A,4,271,1,0.563980137836426,1
both_lateral__A,both_lateral,A,4,271,1,0.5056750744632057,1
both_lateral__A,both_lateral,A,4,271,1,0.5853588263797566,1
both_lateral__A,both_lateral,A,4,271,1,0.5840333495226372,1
both_lateral__A,both_lateral,A,4,271,1,0.5175203699564207,1
both_lateral__A,both_lateral,A,4,318,0,0.37283096069626515,0
both_lateral__A,both_lateral,A,4,318,0,0.3807037799913596,0
both_lateral__A,both_lateral,A,4,318,0,0.44077252779147796,0
both_lateral__A,both_lateral,A,4,318,0,0.3553412133855857,0
both_lateral__A,both_lateral,A,4,318,0,0.4229213563151265,0
both_lateral__A,both_lateral,A,4,318,0,0.37748394029757504,0
both_lateral__A,both_lateral,A,4,318,0,0.40614613419529744,0
both_lateral__A,both_lateral,A,4,318,0,0.13132109365391798,0
both_lateral__A,both_lateral,A,4,318,0,0.35083787943456907,0
both_lateral__A,both_lateral,A,4,318,0,0.39169576116596394,0
both_lateral__A,both_lateral,A,4,318,0,0.4192366083820266,0
both_lateral__A,both_lateral,A,4,318,0,0.39650724015164385,0
both_lateral__A,both_lateral,A,4,318,0,0.40441682623740627,0
both_lateral__A,both_lateral,A,4,318,0,0.41026839136289306,0
both_lateral__A,both_lateral,A,4,318,1,0.31534827573651286,0
both_lateral__A,both_lateral,A,4,318,1,0.5250604913622455,1
both_lateral__A,both_lateral,A,4,318,1,0.49334799584510797,0
both_lateral__A,both_lateral,A,4,318,1,0.5889914327051247,1
both_lateral__A,both_lateral,A,4,318,1,0.5965392017635321,1
both_lateral__A,both_lateral,A,4,318,1,0.45968102012938544,0
both_lateral__A,both_lateral,A,4,318,1,0.6651774872378197,1
both_lateral__A,both_lateral,A,4,318,1,0.5665092292721172,1
both_lateral__A,both_lateral,A,4,318,1,0.6114030892841794,1
both_lateral__A,both_lateral,A,4,318,1,0.6575362145575254,1
both_lateral__A,both_lateral,A,4,318,1,0.5635290092309995,1
both_lateral__A,both_lateral,A,4,318,1,0.4566996083995565,0
both_lateral__A,both_lateral,A,4,318,1,0.5562724845417601,1
both_lateral__A,both_lateral,A,4,318,1,0.4768961143799706,0
both_lateral__A,both_lateral,A,5,251,0,0.02560269279829779,0
both_lateral__A,both_lateral,A,5,251,0,0.04618572267103795,0
both_lateral__A,both_lateral,A,5,251,0,0.02136672294712082,0
both_lateral__A,both_lateral,A,5,251,0,0.030775375863984406,0
both_lateral__A,both_lateral,A,5,251,0,0.039542072396742574,0
both_lateral__A,both_lateral,A,5,251,0,0.07482422048675187,0
both_lateral__A,both_lateral,A,5,251,0,0.13239570785803698,0
both_lateral__A,both_lateral,A,5,251,0,0.028901410756171465,0
both_lateral__A,both_lateral,A,5,251,0,0.0391973582435285,0
both_lateral__A,both_lateral,A,5,251,0,0.06053624983698271,0
both_lateral__A,both_lateral,A,5,251,0,0.05464820488208662,0
both_lateral__A,both_lateral,A,5,251,0,0.04037051741725492,0
both_lateral__A,both_lateral,A,5,251,0,0.022893189673995357,0
both_lateral__A,both_lateral,A,5,251,0,0.03573399019135927,0
both_lateral__A,both_lateral,A,5,251,1,0.20311977711629722,0
both_lateral__A,both_lateral,A,5,251,1,0.1277909280778139,0
both_lateral__A,both_lateral,A,5,251,1,0.08394814991717889,0
both_lateral__A,both_lateral,A,5,251,1,0.060280592510972335,0
both_lateral__A,both_lateral,A,5,251,1,0.054509091932622884,0
both_lateral__A,both_lateral,A,5,251,1,0.2530669520004474,0
both_lateral__A,both_lateral,A,5,251,1,0.06974253704908234,0
both_lateral__A,both_lateral,A,5,251,1,0.10982756141282676,0
both_lateral__A,both_lateral,A,5,251,1,0.27324628046252303,0
both_lateral__A,both_lateral,A,5,251,1,0.04120409969360597,0
both_lateral__A,both_lateral,A,5,251,1,0.07813477625435993,0
both_lateral__A,both_lateral,A,5,251,1,0.18511605140759213,0
both_lateral__A,both_lateral,A,5,251,1,0.3852552714673507,0
both_lateral__A,both_lateral,A,5,300,0,0.7703844444810735,1
both_lateral__A,both_lateral,A,5,300,0,0.8439953714511758,1
both_lateral__A,both_lateral,A,5,300,0,0.7226246036220529,1
both_lateral__A,both_lateral,A,5,300,0,0.7851461832287279,1
both_lateral__A,both_lateral,A,5,300,0,0.7921228627977323,1
both_lateral__A,both_lateral,A,5,300,0,0.7723615378053165,1
both_lateral__A,both_lateral,A,5,300,0,0.7674385900995583,1
both_lateral__A,both_lateral,A,5,300,0,0.753997056828378,1
both_lateral__A,both_lateral,A,5,300,0,0.7440080721687399,1
both_lateral__A,both_lateral,A,5,300,0,0.7626379967627855,1
both_lateral__A,both_lateral,A,5,300,0,0.7618894941504603,1
both_lateral__A,both_lateral,A,5,300,0,0.6615801911662216,1
both_lateral__A,both_lateral,A,5,300,0,0.7589117582079274,1
both_lateral__A,both_lateral,A,5,300,0,0.7906094878374051,1
both_lateral__A,both_lateral,A,5,300,1,0.7247732982929601,1
both_lateral__A,both_lateral,A,5,300,1,0.7723059528410745,1
both_lateral__A,both_lateral,A,5,300,1,0.7332555523724849,1
both_lateral__A,both_lateral,A,5,300,1,0.7379068521338893,1
both_lateral__A,both_lateral,A,5,300,1,0.7487856760518022,1
both_lateral__A,both_lateral,A,5,300,1,0.7530911193810149,1
both_lateral__A,both_lateral,A,5,300,1,0.7493908849432063,1
both_lateral__A,both_lateral,A,5,300,1,0.7466848832498661,1
both_lateral__A,both_lateral,A,5,300,1,0.7848944170433999,1
both_lateral__A,both_lateral,A,5,300,1,0.7842384097485652,1
both_lateral__A,both_lateral,A,5,300,1,0.7771883665014411,1
both_lateral__A,both_lateral,A,5,300,1,0.8138362799746277,1
both_lateral__A,both_lateral,A,5,300,1,0.7378857777860652,1
both_lateral__A,both_lateral,A,5,300,1,0.7562412163659351,1
both_lateral__B,both_lateral,B,1,249,0,0.576149838381794,1
both_lateral__B,both_lateral,B,1,249,0,0.5723917156956625,1
both_lateral__B,both_lateral,B,1,249,0,0.5659122843605341,1
both_lateral__B,both_lateral,B,1,249,0,0.6191588419575421,1
both_lateral__B,both_lateral,B,1,249,0,0.7346146731934664,1
both_lateral__B,both_lateral,B,1,249,0,0.5237284145867536,1
both_lateral__B,both_lateral,B,1,249,0,0.6183510525433437,1
both_lateral__B,both_lateral,B,1,249,0,0.5597227757449619,1
both_lateral__B,both_lateral,B,1,249,0,0.5489975250414842,1
both_lateral__B,both_lateral,B,1,249,0,0.42130266858552384,0
both_lateral__B,both_lateral,B,1,249,0,0.48094824335059405,0
both_lateral__B,both_lateral,B,1,249,0,0.6141384526163316,1
both_lateral__B,both_lateral,B,1,249,0,0.5214823187848263,1
both_lateral__B,both_lateral,B,1,249,0,0.5555951837262648,1
both_lateral__B,both_lateral,B,1,249,0,0.5196536693725665,1
both_lateral__B,both_lateral,B,1,249,1,0.3873587361821142,0
both_lateral__B,both_lateral,B,1,249,1,0.6733425693654641,1
both_lateral__B,both_lateral,B,1,249,1,0.4711550786008473,0
both_lateral__B,both_lateral,B,1,249,1,0.5262328899035099,1
both_lateral__B,both_lateral,B,1,249,1,0.6138967473486824,1
both_lateral__B,both_lateral,B,1,249,1,0.4602610098530501,0
both_lateral__B,both_lateral,B,1,249,1,0.5783920803560479,1
both_lateral__B,both_lateral,B,1,249,1,0.5961899655106929,1
both_lateral__B,both_lateral,B,1,249,1,0.4844736980537154,0
both_lateral__B,both_lateral,B,1,249,1,0.4824586299784778,0
both_lateral__B,both_lateral,B,1,249,1,0.5581569301713487,1
both_lateral__B,both_lateral,B,1,249,1,0.4836663338059454,0
both_lateral__B,both_lateral,B,1,249,1,0.4481840580746143,0
both_lateral__B,both_lateral,B,1,249,1,0.45383785080327466,0
both_lateral__B,both_lateral,B,1,249,1,0.5105901154810151,1
both_lateral__B,both_lateral,B,1,249,1,0.6259548308984606,1
both_lateral__B,both_lateral,B,1,249,1,0.6409458227558775,1
both_lateral__B,both_lateral,B,1,265,0,0.5789182945025091,1
both_lateral__B,both_lateral,B,1,265,0,0.5682916544270005,1
both_lateral__B,both_lateral,B,1,265,0,0.5971514070221808,1
both_lateral__B,both_lateral,B,1,265,0,0.3935736219456525,0
both_lateral__B,both_lateral,B,1,265,0,0.35501929536669125,0
both_lateral__B,both_lateral,B,1,265,0,0.5553558695219872,1
both_lateral__B,both_lateral,B,1,265,0,0.5640282913966338,1
both_lateral__B,both_lateral,B,1,265,0,0.4984835665572486,0
both_lateral__B,both_lateral,B,1,265,0,0.7232701831280244,1
both_lateral__B,both_lateral,B,1,265,0,0.5338976454363181,1
both_lateral__B,both_lateral,B,1,265,0,0.5216517927027031,1
both_lateral__B,both_lateral,B,1,265,0,0.3947985858085783,0
both_lateral__B,both_lateral,B,1,265,0,0.5585595771295606,1
both_lateral__B,both_lateral,B,1,265,1,0.4264237416143269,0
both_lateral__B,both_lateral,B,1,265,1,0.4942765141988599,0
both_lateral__B,both_lateral,B,1,265,1,0.45508727120668724,0
both_lateral__B,both_lateral,B,1,265,1,0.5464675386271067,1
both_lateral__B,both_lateral,B,1,265,1,0.45553235926127167,0
both_lateral__B,both_lateral,B,1,265,1,0.5536916697064314,1
both_lateral__B,both_lateral,B,1,265,1,0.48827937075954897,0
both_lateral__B,both_lateral,B,1,265,1,0.5443042180139179,1
both_lateral__B,both_lateral,B,1,265,1,0.5203229204581615,1
both_lateral__B,both_lateral,B,1,265,1,0.46891527450875814,0
both_lateral__B,both_lateral,B,1,265,1,0.5701234648360566,1
both_lateral__B,both_lateral,B,2,210,0,0.5297732174263757,1
both_lateral__B,both_lateral,B,2,210,0,0.4890701770026928,0
both_lateral__B,both_lateral,B,2,210,0,0.397175233926927,0
both_lateral__B,both_lateral,B,2,210,0,0.49154897497990624,0
both_lateral__B,both_lateral,B,2,210,0,0.5175729427064721,1
both_lateral__B,both_lateral,B,2,210,0,0.43872855047343795,0
both_lateral__B,both_lateral,B,2,210,0,0.5557227074893866,1
both_lateral__B,both_lateral,B,2,210,0,0.5220000301854383,1
both_lateral__B,both_lateral,B,2,210,0,0.4744830514905754,0
both_lateral__B,both_lateral,B,2,210,0,0.3613276769885895,0
both_lateral__B,both_lateral,B,2,210,0,0.31080021074058173,0
both_lateral__B,both_lateral,B,2,210,0,0.5023764166753787,1
both_lateral__B,both_lateral,B,2,210,0,0.6146754858157099,1
both_lateral__B,both_lateral,B,2,210,0,0.41707863584966764,0
both_lateral__B,both_lateral,B,2,210,1,0.41362091810733564,0
both_lateral__B,both_lateral,B,2,210,1,0.5150079265999536,1
both_lateral__B,both_lateral,B,2,210,1,0.5605918819458712,1
both_lateral__B,both_lateral,B,2,210,1,0.4992544820731963,0
both_lateral__B,both_lateral,B,2,210,1,0.5164124404749907,1
both_lateral__B,both_lateral,B,2,210,1,0.551811697474409,1
both_lateral__B,both_lateral,B,2,210,1,0.4862423812625936,0
both_lateral__B,both_lateral,B,2,210,1,0.41641255044570563,0
both_lateral__B,both_lateral,B,2,210,1,0.4373894868836127,0
both_lateral__B,both_lateral,B,2,210,1,0.5319938026770236,1
both_lateral__B,both_lateral,B,2,210,1,0.4863118153920973,0
both_lateral__B,both_lateral,B,2,219,0,0.5577826515503052,1
both_lateral__B,both_lateral,B,2,219,0,0.5671837020246884,1
both_lateral__B,both_lateral,B,2,219,0,0.5093124253163436,1
both_lateral__B,both_lateral,B,2,219,0,0.5050630143791343,1
both_lateral__B,both_lateral,B,2,219,0,0.43067203368774704,0
both_lateral__B,both_lateral,B,2,219,0,0.44695412898989206,0
both_lateral__B,both_lateral,B,2,219,0,0.4472936872910094,0
both_lateral__B,both_lateral,B,2,219,0,0.555202691572547,1
both_lateral__B,both_lateral,B,2,219,0,0.392505870196493,0
both_lateral__B,both_lateral,B,2,219,0,0.5168935639898874,1
both_lateral__B,both_lateral,B,2,219,0,0.4983056597059366,0
both_lateral__B,both_lateral,B,2,219,0,0.42977284938400395,0
both_lateral__B,both_lateral,B,2,219,0,0.4941391920171461,0
both_lateral__B,both_lateral,B,2,219,0,0.41595314170121367,0
both_lateral__B,both_lateral,B,2,219,1,0.5832246978834956,1
both_lateral__B,both_lateral,B,2,219,1,0.5445932371782981,1
both_lateral__B,both_lateral,B,2,219,1,0.6199052308271168,1
both_lateral__B,both_lateral,B,2,219,1,0.36176839208860456,0
both_lateral__B,both_lateral,B,2,219,1,0.5655217672104297,1
both_lateral__B,both_lateral,B,2,219,1,0.32331446997750746,0
both_lateral__B,both_lateral,B,2,219,1,0.4055485998856306,0
both_lateral__B,both_lateral,B,2,219,1,0.5804208879998619,1
both_lateral__B,both_lateral,B,2,219,1,0.41234154140967794,0
both_lateral__B,both_lateral,B,2,219,1,0.40436041530748684,0
both_lateral__B,both_lateral,B,2,219,1,0.3936523902314903,0
both_lateral__B,both_lateral,B,2,219,1,0.4978074757983063,0
both_lateral__B,both_lateral,B,2,219,1,0.5069019894091508,1
both_lateral__B,both_lateral,B,2,219,1,0.4515329727504627,0
both_lateral__B,both_lateral,B,2,219,1,0.5862487692110071,1
both_lateral__B,both_lateral,B,2,219,1,0.5329640928051137,1
both_lateral__B,both_lateral,B,3,282,0,0.4803989433428375,0
both_lateral__B,both_lateral,B,3,282,0,0.5502499348788055,1
both_lateral__B,both_lateral,B,3,282,0,0.40722426218541363,0
both_lateral__B,both_lateral,B,3,282,0,0.41766165302315983,0
both_lateral__B,both_lateral,B,3,282,0,0.5966673662913631,1
both_lateral__B,both_lateral,B,3,282,0,0.5850726667473151,1
both_lateral__B,both_lateral,B,3,282,0,0.5111839417875566,1
both_lateral__B,both_lateral,B,3,282,0,0.3024734179018023,0
both_lateral__B,both_lateral,B,3,282,0,0.6002826396685709,1
both_lateral__B,both_lateral,B,3,282,0,0.5976289296856375,1
both_lateral__B,both_lateral,B,3,282,0,0.5579535232515376,1
both_lateral__B,both_lateral,B,3,282,0,0.44965028773675825,0
both_lateral__B,both_lateral,B,3,282,0,0.6185170437568511,1
both_lateral__B,both_lateral,B,3,282,0,0.4055438586084805,0
both_lateral__B,both_lateral,B,3,282,1,0.6597759172994142,1
both_lateral__B,both_lateral,B,3,282,1,0.4518922981157707,0
both_lateral__B,both_lateral,B,3,282,1,0.4970301602506909,0
both_lateral__B,both_lateral,B,3,282,1,0.44215067876205616,0
both_lateral__B,both_lateral,B,3,282,1,0.4276962877298456,0
both_lateral__B,both_lateral,B,3,282,1,0.42836248124298915,0
both_lateral__B,both_lateral,B,3,282,1,0.47002677930318937,0
both_lateral__B,both_lateral,B,3,282,1,0.5862540201421571,1
both_lateral__B,both_lateral,B,3,282,1,0.561176307939352,1
both_lateral__B,both_lateral,B,3,282,1,0.38809920173081613,0
both_lateral__B,both_lateral,B,3,282,1,0.4496545161107645,0
both_lateral__B,both_lateral,B,3,313,0,0.6985084895042831,1
both_lateral__B,both_lateral,B,3,313,0,0.4950288751774751,0
both_lateral__B,both_lateral,B,3,313,0,0.44745239334225767,0
both_lateral__B,both_lateral,B,3,313,0,0.47859154521626196,0
both_lateral__B,both_lateral,B,3,313,0,0.6011376985390392,1
both_lateral__B,both_lateral,B,3,313,0,0.6014737225714065,1
both_lateral__B,both_lateral,B,3,313,0,0.6250758233055669,1
both_lateral__B,both_lateral,B,3,313,0,0.6078225132831304,1
both_lateral__B,both_lateral,B,3,313,0,0.6839504154618212,1
both_lateral__B,both_lateral,B,3,313,0,0.46121971237438397,0
both_lateral__B,both_lateral,B,3,313,0,0.5018260124856906,1
both_lateral__B,both_lateral,B,3,313,0,0.6121783240478312,1
both_lateral__B,both_lateral,B,3,313,0,0.4724488044655125,0
both_lateral__B,both_lateral,B,3,313,0,0.5693902663749953,1
both_lateral__B,both_lateral,B,3,313,0,0.39360162650636077,0
both_lateral__B,both_lateral,B,3,313,1,0.5052907970120044,1
both_lateral__B,both_lateral,B,3,313,1,0.4344763677065988,0
both_lateral__B,both_lateral,B,3,313,1,0.32858679434430516,0
both_lateral__B,both_lateral,B,3,313,1,0.5496408971699762,1
both_lateral__B,both_lateral,B,3,313,1,0.5781440648149675,1
both_lateral__B,both_lateral,B,3,313,1,0.5185214676129325,1
both_lateral__B,both_lateral,B,3,313,1,0.6029573829638321,1
both_lateral__B,both_lateral,B,3,313,1,0.4272058226817266,0
both_lateral__B,both_lateral,B,3,313,1,0.3365657670446278,0
both_lateral__B,both_lateral,B,3,313,1,0.5361008738622807,1
both_lateral__B,both_lateral,B,3,313,1,0.49839855055643256,0
both_lateral__B,both_lateral,B,3,313,1,0.5551309025058522,1
both_lateral__B,both_lateral,B,3,313,1,0.4808676698378649,0
both_lateral__B,both_lateral,B,3,313,1,0.36281890291627933,0
both_lateral__B,both_lateral,B,4,271,0,0.5830299238300756,1
both_lateral__B,both_lateral,B,4,271,0,0.4740328384608901,0
both_lateral__B,both_lateral,B,4,271,0,0.4670533590984064,0
both_lateral__B,both_lateral,B,4,271,0,0.4754873065447102,0
both_lateral__B,both_lateral,B,4,271,0,0.449110533030046,0
both_lateral__B,both_lateral,B,4,271,0,0.4732848826265091,0
both_lateral__B,both_lateral,B,4,271,0,0.49124828178490776,0
both_lateral__B,both_lateral,B,4,271,0,0.4538076991742102,0
both_lateral__B,both_lateral,B,4,271,0,0.45801142962644625,0
both_lateral__B,both_lateral,B,4,271,0,0.5281915179183759,1
both_lateral__B,both_lateral,B,4,271,0,0.517371102626495,1
both_lateral__B,both_lateral,B,4,271,0,0.5628438744441646,1
both_lateral__B,both_lateral,B,4,271,0,0.5739736243489987,1
both_lateral__B,both_lateral,B,4,271,0,0.47771644790748724,0
both_lateral__B,both_lateral,B,4,271,1,0.4792253260408434,0
both_lateral__B,both_lateral,B,4,271,1,0.5061945941826328,1
both_lateral__B,both_lateral,B,4,271,1,0.46874457903675887,0
both_lateral__B,both_lateral,B,4,271,1,0.43803494615496136,0
both_lateral__B,both_lateral,B,4,271,1,0.44347925022963386,0
both_lateral__B,both_lateral,B,4,271,1,0.4539521982840713,0
both_lateral__B,both_lateral,B,4,271,1,0.5587879942431916,1
both_lateral__B,both_lateral,B,4,271,1,0.49913979375544665,0
both_lateral__B,both_lateral,B,4,271,1,0.5239209467394993,1
both_lateral__B,both_lateral,B,4,271,1,0.4951401649741615,0
both_lateral__B,both_lateral,B,4,271,1,0.46212122442083514,0
both_lateral__B,both_lateral,B,4,271,1,0.5253204111618363,1
both_lateral__B,both_lateral,B,4,271,1,0.5199587985483554,1
both_lateral__B,both_lateral,B,4,271,1,0.5184353828720615,1
both_lateral__B,both_lateral,B,4,318,0,0.5238569797500124,1
both_lateral__B,both_lateral,B,4,318,0,0.5342603046201837,1
both_lateral__B,both_lateral,B,4,318,0,0.4236130013783132,0
both_lateral__B,both_lateral,B,4,318,0,0.44765191908631363,0
both_lateral__B,both_lateral,B,4,318,0,0.49089810179463667,0
both_lateral__B,both_lateral,B,4,318,0,0.44658747567232693,0
both_lateral__B,both_lateral,B,4,318,0,0.4696530735976149,0
both_lateral__B,both_lateral,B,4,318,0,0.5340746448744565,1
both_lateral__B,both_lateral,B,4,318,0,0.37746769742324404,0
both_lateral__B,both_lateral,B,4,318,0,0.5269769429780924,1
both_lateral__B,both_lateral,B,4,318,0,0.5266449676542592,1
both_lateral__B,both_lateral,B,4,318,0,0.42565940631794696,0
both_lateral__B,both_lateral,B,4,318,0,0.5089785052136535,1
both_lateral__B,both_lateral,B,4,318,0,0.5797125554545227,1
both_lateral__B,both_lateral,B,4,318,1,0.5578529646701906,1
both_lateral__B,both_lateral,B,4,318,1,0.43690678025791385,0
both_lateral__B,both_lateral,B,4,318,1,0.5539361325703116,1
both_lateral__B,both_lateral,B,4,318,1,0.5026245545991251,1
both_lateral__B,both_lateral,B,4,318,1,0.5211836121514907,1
both_lateral__B,both_lateral,B,4,318,1,0.4234049148342254,0
both_lateral__B,both_lateral,B,4,318,1,0.5268670884390912,1
both_lateral__B,both_lateral,B,4,318,1,0.5298681782091744,1
both_lateral__B,both_lateral,B,4,318,1,0.5907991869447077,1
both_lateral__B,both_lateral,B,4,318,1,0.521905830543228,1
both_lateral__B,both_lateral,B,4,318,1,0.40619314216468,0
both_lateral__B,both_lateral,B,4,318,1,0.4517639237169479,0
both_lateral__B,both_lateral,B,4,318,1,0.417611398658332,0
both_lateral__B,both_lateral,B,4,318,1,0.49042627485474194,0
both_lateral__B,both_lateral,B,5,251,0,0.37623574293218587,0
both_lateral__B,both_lateral,B,5,251,0,0.4685800679536364,0
both_lateral__B,both_lateral,B,5,251,0,0.4409463393401949,0
both_lateral__B,both_lateral,B,5,251,0,0.41269693513646016,0
both_lateral__B,both_lateral,B,5,251,0,0.47487163594353615,0
both_lateral__B,both_lateral,B,5,251,0,0.42665826273038365,0
both_lateral__B,both_lateral,B,5,251,0,0.4521073734123066,0
both_lateral__B,both_lateral,B,5,251,0,0.47580415453691605,0
both_lateral__B,both_lateral,B,5,251,0,0.41540768306648035,0
both_lateral__B,both_lateral,B,5,251,0,0.4642257150698874,0
both_lateral__B,both_lateral,B,5,251,0,0.591965218753579,1
both_lateral__B,both_lateral,B,5,251,0,0.5050490334681088,1
both_lateral__B,both_lateral,B,5,251,0,0.6683316965556876,1
both_lateral__B,both_lateral,B,5,251,0,0.6282704677290706,1
both_lateral__B,both_lateral,B,5,251,1,0.6198204221955068,1
both_lateral__B,both_lateral,B,5,251,1,0.5037358529888,1
both_lateral__B,both_lateral,B,5,251,1,0.536834466015463,1
both_lateral__B,both_lateral,B,5,251,1,0.5232900707222448,1
both_lateral__B,both_lateral,B,5,251,1,0.4445991108560019,0
both_lateral__B,both_lateral,B,5,251,1,0.39464455473180415,0
both_lateral__B,both_lateral,B,5,251,1,0.5315178933560394,1
both_lateral__B,both_lateral,B,5,251,1,0.3796804708309156,0
both_lateral__B,both_lateral,B,5,251,1,0.48293450008407923,0
both_lateral__B,both_lateral,B,5,251,1,0.5134102251240208,1
both_lateral__B,both_lateral,B,5,251,1,0.38772932170007934,0
both_lateral__B,both_lateral,B,5,251,1,0.4781439144690065,0
both_lateral__B,both_lateral,B,5,251,1,0.5690529944447968,1
both_lateral__B,both_lateral,B,5,300,0,0.4608990899496389,0
both_lateral__B,both_lateral,B,5,300,0,0.4145220007463124,0
both_lateral__B,both_lateral,B,5,300,0,0.4783276113162998,0
both_lateral__B,both_lateral,B,5,300,0,0.49595005218640753,0
both_lateral__B,both_lateral,B,5,300,0,0.598169952685033,1
both_lateral__B,both_lateral,B,5,300,0,0.4949625960573901,0
both_lateral__B,both_lateral,B,5,300,0,0.3908048239495283,0
both_lateral__B,both_lateral,B,5,300,0,0.3620987619533657,0
both_lateral__B,both_lateral,B,5,300,0,0.47161601617962623,0
both_lateral__B,both_lateral,B,5,300,0,0.4724558550110219,0
both_lateral__B,both_lateral,B,5,300,0,0.4749555167484884,0
both_lateral__B,both_lateral,B,5,300,0,0.476295594228624,0
both_lateral__B,both_lateral,B,5,300,0,0.40597802151346046,0
both_lateral__B,both_lateral,B,5,300,0,0.46990799627509316,0
both_lateral__B,both_lateral,B,5,300,1,0.38975836338163977,0
both_lateral__B,both_lateral,B,5,300,1,0.4080569447081399,0
both_lateral__B,both_lateral,B,5,300,1,0.4543224458097919,0
both_lateral__B,both_lateral,B,5,300,1,0.5479271869675763,1
both_lateral__B,both_lateral,B,5,300,1,0.4695635204431121,0
both_lateral__B,both_lateral,B,5,300,1,0.3910231583265448,0
both_lateral__B,both_lateral,B,5,300,1,0.4641379600714879,0
both_lateral__B,both_lateral,B,5,300,1,0.36602835313558785,0
both_lateral__B,both_lateral,B,5,300,1,0.3981730489413418,0
both_lateral__B,both_lateral,B,5,300,1,0.33837781255444155,0
both_lateral__B,both_lateral,B,5,300,1,0.3585793545640824,0
both_lateral__B,both_lateral,B,5,300,1,0.4034903227763227,0
both_lateral__B,both_lateral,B,5,300,1,0.4936367196625042,0
both_lateral__B,both_lateral,B,5,300,1,0.3940377757795139,0
both_lateral__C,both_lateral,C,1,249,0,0.08153812958878684,0
both_lateral__C,both_lateral,C,1,249,0,0.29835434099796027,0
both_lateral__C,both_lateral,C,1,249,0,0.6584312363528695,1
both_lateral__C,both_lateral,C,1,249,0,0.20625210260186225,0
both_lateral__C,both_lateral,C,1,249,0,0.17543564482587828,0
both_lateral__C,both_lateral,C,1,249,0,0.2561288759378952,0
both_lateral__C,both_lateral,C,1,249,0,0.1529555003121685,0
both_lateral__C,both_lateral,C,1,249,0,0.13162941428714897,0
both_lateral__C,both_lateral,C,1,249,0,0.13546917400804975,0
both_lateral__C,both_lateral,C,1,249,0,0.11819854347995103,0
both_lateral__C,both_lateral,C,1,249,0,0.16195083453876236,0
both_lateral__C,both_lateral,C,1,249,0,0.21778303947741068,0
both_lateral__C,both_lateral,C,1,249,0,0.2419045322085424,0
both_lateral__C,both_lateral,C,1,249,0,0.6393651423617291,1
both_lateral__C,both_lateral,C,1,249,0,0.087790464309683,0
both_lateral__C,both_lateral,C,1,249,1,0.5169598415881019,1
both_lateral__C,both_lateral,C,1,249,1,0.7499528944308174,1
both_lateral__C,both_lateral,C,1,249,1,0.8831857263610235,1
both_lateral__C,both_lateral,C,1,249,1,0.7410155179268605,1
both_lateral__C,both_lateral,C,1,249,1,0.7844263194335993,1
both_lateral__C,both_lateral,C,1,249,1,0.22094576493349088,0
both_lateral__C,both_lateral,C,1,249,1,0.3166484118389163,0
both_lateral__C,both_lateral,C,1,249,1,0.5830311584973004,1
both_lateral__C,both_lateral,C,1,249,1,0.608013076113182,1
both_lateral__C,both_lateral,C,1,249,1,0.6170780464219134,1
both_lateral__C,both_lateral,C,1,249,1,0.4408903141747677,0
both_lateral__C,both_lateral,C,1,249,1,0.5881021165689053,1
both_lateral__C,both_lateral,C,1,249,1,0.7429312753102861,1
both_lateral__C,both_lateral,C,1,249,1,0.7881968856038983,1
both_lateral__C,both_lateral,C,1,249,1,0.6956399202690129,1
both_lateral__C,both_lateral,C,1,249,1,0.7656879326414756,1
both_lateral__C,both_lateral,C,1,249,1,0.8102393045229066,1
both_lateral__C,both_lateral,C,1,265,0,0.32126127446221825,0
both_lateral__C,both_lateral,C,1,265,0,0.26937266724050146,0
both_lateral__C,both_lateral,C,1,265,0,0.4422732496708519,0
both_lateral__C,both_lateral,C,1,265,0,0.7051853832371466,1
both_lateral__C,both_lateral,C,1,265,0,0.8082405662848627,1
both_lateral__C,both_lateral,C,1,265,0,0.31410018674437484,0
both_lateral__C,both_lateral,C,1,265,0,0.36203174063310795,0
both_lateral__C,both_lateral,C,1,265,0,0.8288360791901848,1
both_lateral__C,both_lateral,C,1,265,0,0.19989113861176439,0
both_lateral__C,both_lateral,C,1,265,0,0.2883524969708735,0
both_lateral__C,both_lateral,C,1,265,0,0.416144406186818,0
both_lateral__C,both_lateral,C,1,265,0,0.1820396995181438,0
both_lateral__C,both_lateral,C,1,265,0,0.5361292349051527,1
both_lateral__C,both_lateral,C,1,265,1,0.22590813512333277,0
both_lateral__C,both_lateral,C,1,265,1,0.3076520955712611,0
both_lateral__C,both_lateral,C,1,265,1,0.6278950287277094,1
both_lateral__C,both_lateral,C,1,265,1,0.7993881329355702,1
both_lateral__C,both_lateral,C,1,265,1,0.48109336557415966,0
both_lateral__C,both_lateral,C,1,265,1,0.24300891696059923,0
both_lateral__C,both_lateral,C,1,265,1,0.2830182382058393,0
both_lateral__C,both_lateral,C,1,265,1,0.724587362511373,1
both_lateral__C,both_lateral,C,1,265,1,0.8403463082096205,1
both_lateral__C,both_lateral,C,1,265,1,0.5020977099375369,1
both_lateral__C,both_lateral,C,1,265,1,0.43949635381535956,0
both_lateral__C,both_lateral,C,2,210,0,0.2631031878746885,0
both_lateral__C,both_lateral,C,2,210,0,0.13159748776311087,0
both_lateral__C,both_lateral,C,2,210,0,0.3124423853836792,0
both_lateral__C,both_lateral,C,2,210,0,0.4166014923153362,0
both_lateral__C,both_lateral,C,2,210,0,0.2441149812558569,0
both_lateral__C,both_lateral,C,2,210,0,0.5485393090875639,1
both_lateral__C,both_lateral,C,2,210,0,0.19438296647096376,0
both_lateral__C,both_lateral,C,2,210,0,0.7416400532855719,1
both_lateral__C,both_lateral,C,2,210,0,0.36354545101207525,0
both_lateral__C,both_lateral,C,2,210,0,0.2425000910757987,0
both_lateral__C,both_lateral,C,2,210,0,0.2841455253201276,0
both_lateral__C,both_lateral,C,2,210,0,0.11803556378323281,0
both_lateral__C,both_lateral,C,2,210,0,0.24858686675791752,0
both_lateral__C,both_lateral,C,2,210,0,0.3777243781889058,0
both_lateral__C,both_lateral,C,2,210,1,0.8162423380620061,1
both_lateral__C,both_lateral,C,2,210,1,0.788297803964063,1
both_lateral__C,both_lateral,C,2,210,1,0.8653128491701676,1
both_lateral__C,both_lateral,C,2,210,1,0.7865917940340887,1
both_lateral__C,both_lateral,C,2,210,1,0.8093776211613256,1
both_lateral__C,both_lateral,C,2,210,1,0.788366229679716,1
both_lateral__C,both_lateral,C,2,210,1,0.7062557355475216,1
both_lateral__C,both_lateral,C,2,210,1,0.7560269028740744,1
both_lateral__C,both_lateral,C,2,210,1,0.838035598609801,1
both_lateral__C,both_lateral,C,2,210,1,0.8028237103331519,1
both_lateral__C,both_lateral,C,2,210,1,0.770012383650456,1
both_lateral__C,both_lateral,C,2,219,0,0.3745158897075199,0
both_lateral__C,both_lateral,C,2,219,0,0.5658133350875553,1
both_lateral__C,both_lateral,C,2,219,0,0.6020925034095479,1
both_lateral__C,both_lateral,C,2,219,0,0.655889884467741,1
both_lateral__C,both_lateral,C,2,219,0,0.5815150230367233,1
both_lateral__C,both_lateral,C,2,219,0,0.6982954957717925,1
both_lateral__C,both_lateral,C,2,219,0,0.51096301539541,1
both_lateral__C,both_lateral,C,2,219,0,0.124573561434336,0
both_lateral__C,both_lateral,C,2,219,0,0.637787111280261,1
both_lateral__C,both_lateral,C,2,219,0,0.29677536934568244,0
both_lateral__C,both_lateral,C,2,219,0,0.23911851565887715,0
both_lateral__C,both_lateral,C,2,219,0,0.54999336617976,1
both_lateral__C,both_lateral,C,2,219,0,0.14063027590917374,0
both_lateral__C,both_lateral,C,2,219,0,0.3468684315546014,0
both_lateral__C,both_lateral,C,2,219,1,0.5514000387384465,1
both_lateral__C,both_lateral,C,2,219,1,0.6502286642369698,1
both_lateral__C,both_lateral,C,2,219,1,0.5703548806080063,1
both_lateral__C,both_lateral,C,2,219,1,0.647339360837329,1
both_lateral__C,both_lateral,C,2,219,1,0.6083521297912714,1
both_lateral__C,both_lateral,C,2,219,1,0.5589830013366471,1
both_lateral__C,both_lateral,C,2,219,1,0.5884529325942874,1
both_lateral__C,both_lateral,C,2,219,1,0.6304190576664535,1
both_lateral__C,both_lateral,C,2,219,1,0.5984003075414903,1
both_lateral__C,both_lateral,C,2,219,1,0.6474595856798802,1
both_lateral__C,both_lateral,C,2,219,1,0.5315377740924173,1
both_lateral__C,both_lateral,C,2,219,1,0.4950780073768031,0
both_lateral__C,both_lateral,C,2,219,1,0.7029503101852873,1
both_lateral__C,both_lateral,C,2,219,1,0.4920339997094053,0
both_lateral__C,both_lateral,C,2,219,1,0.5427995562373189,1
both_lateral__C,both_lateral,C,2,219,1,0.5801591971971312,1
both_lateral__C,both_lateral,C,3,282,0,0.03922553468974039,0
both_lateral__C,both_lateral,C,3,282,0,0.07106250885895682,0
both_lateral__C,both_lateral,C,3,282,0,0.09455146764790077,0
both_lateral__C,both_lateral,C,3,282,0,0.14640642635161843,0
both_lateral__C,both_lateral,C,3,282,0,0.11922573475000893,0
both_lateral__C,both_lateral,C,3,282,0,0.29419677337360556,0
both_lateral__C,both_lateral,C,3,282,0,0.13420577818767873,0
both_lateral__C,both_lateral,C,3,282,0,0.1105944364112606,0
both_lateral__C,both_lateral,C,3,282,0,0.19482762977916462,0
both_lateral__C,both_lateral,C,3,282,0,0.08600614909087366,0
both_lateral__C,both_lateral,C,3,282,0,0.250460760532223,0
both_lateral__C,both_lateral,C,3,282,0,0.07827487527002584,0
both_lateral__C,both_lateral,C,3,282,0,0.20350165360253963,0
both_lateral__C,both_lateral,C,3,282,0,0.1890436699027854,0
both_lateral__C,both_lateral,C,3,282,1,0.7517463439154983,1
both_lateral__C,both_lateral,C,3,282,1,0.7541973908603147,1
both_lateral__C,both_lateral,C,3,282,1,0.5322266447930122,1
both_lateral__C,both_lateral,C,3,282,1,0.6127326415587122,1
both_lateral__C,both_lateral,C,3,282,1,0.754776832599162,1
both_lateral__C,both_lateral,C,3,282,1,0.5596295905836215,1
both_lateral__C,both_lateral,C,3,282,1,0.3446906624226327,0
both_lateral__C,both_lateral,C,3,282,1,0.6636672975305458,1
both_lateral__C,both_lateral,C,3,282,1,0.6542021191489136,1
both_lateral__C,both_lateral,C,3,282,1,0.6483577417467814,1
both_lateral__C,both_lateral,C,3,282,1,0.5666835621370512,1
both_lateral__C,both_lateral,C,3,313,0,0.574714488154267,1
both_lateral__C,both_lateral,C,3,313,0,0.6215534344796976,1
both_lateral__C,both_lateral,C,3,313,0,0.5400227473648921,1
both_lateral__C,both_lateral,C,3,313,0,0.5133787019017518,1
both_lateral__C,both_lateral,C,3,313,0,0.6368717665488182,1
both_lateral__C,both_lateral,C,3,313,0,0.6291973174926221,1
both_lateral__C,both_lateral,C,3,313,0,0.6009439252065808,1
both_lateral__C,both_lateral,C,3,313,0,0.7259479019158648,1
both_lateral__C,both_lateral,C,3,313,0,0.6501833126649293,1
both_lateral__C,both_lateral,C,3,313,0,0.5881011621725992,1
both_lateral__C,both_lateral,C,3,313,0,0.4051540573683786,0
both_lateral__C,both_lateral,C,3,313,0,0.671596337800899,1
both_lateral__C,both_lateral,C,3,313,0,0.5906290056869329,1
both_lateral__C,both_lateral,C,3,313,0,0.4094837555011047,0
both_lateral__C,both_lateral,C,3,313,0,0.5929594427183339,1
both_lateral__C,both_lateral,C,3,313,1,0.5125040259649013,1
both_lateral__C,both_lateral,C,3,313,1,0.48085768229404185,0
both_lateral__C,both_lateral,C,3,313,1,0.5917897751818566,1
both_lateral__C,both_lateral,C,3,313,1,0.6014021892807402,1
both_lateral__C,both_lateral,C,3,313,1,0.6673257570346012,1
both_lateral__C,both_lateral,C,3,313,1,0.6147160463091411,1
both_lateral__C,both_lateral,C,3,313,1,0.6803824303339073,1
both_lateral__C,both_lateral,C,3,313,1,0.6784263548315324,1
both_lateral__C,both_lateral,C,3,313,1,0.5765967146222695,1
both_lateral__C,both_lateral,C,3,313,1,0.6516542538563922,1
both_lateral__C,both_lateral,C,3,313,1,0.7046500070605093,1
both_lateral__C,both_lateral,C,3,313,1,0.5868902850393861,1
both_lateral__C,both_lateral,C,3,313,1,0.605402511011308,1
both_lateral__C,both_lateral,C,3,313,1,0.6102785161646789,1
both_lateral__C,both_lateral,C,4,271,0,0.3301317498100508,0
both_lateral__C,both_lateral,C,4,271,0,0.27620472035170346,0
both_lateral__C,both_lateral,C,4,271,0,0.24214444441600605,0
both_lateral__C,both_lateral,C,4,271,0,0.3556100542087637,0
both_lateral__C,both_lateral,C,4,271,0,0.38402157027371836,0
both_lateral__C,both_lateral,C,4,271,0,0.39185444189547314,0
both_lateral__C,both_lateral,C,4,271,0,0.34338615547764784,0
both_lateral__C,both_lateral,C,4,271,0,0.14443186347056913,0
both_lateral__C,both_lateral,C,4,271,0,0.13847576797870706,0
both_lateral__C,both_lateral,C,4,271,0,0.4130264083091329,0
both_lateral__C,both_lateral,C,4,271,0,0.3172145424314061,0
both_lateral__C,both_lateral,C,4,271,0,0.23752646093134946,0
both_lateral__C,both_lateral,C,4,271,0,0.27976055088917023,0
both_lateral__C,both_lateral,C,4,271,0,0.23547772163946987,0
both_lateral__C,both_lateral,C,4,271,1,0.4425081822209127,0
both_lateral__C,both_lateral,C,4,271,1,0.6444596715559373,1
both_lateral__C,both_lateral,C,4,271,1,0.46329704790891246,0
both_lateral__C,both_lateral,C,4,271,1,0.5272139259564351,1
both_lateral__C,both_lateral,C,4,271,1,0.500578509229096,1
both_lateral__C,both_lateral,C,4,271,1,0.5114528707178557,1
both_lateral__C,both_lateral,C,4,271,1,0.5884220937782688,1
both_lateral__C,both_lateral,C,4,271,1,0.40940744978733074,0
both_lateral__C,both_lateral,C,4,271,1,0.6022527406658208,1
both_lateral__C,both_lateral,C,4,271,1,0.5157091738297037,1
both_lateral__C,both_lateral,C,4,271,1,0.4360121893058386,0
both_lateral__C,both_lateral,C,4,271,1,0.5842087705633991,1
both_lateral__C,both_lateral,C,4,271,1,0.5202599713722897,1
both_lateral__C,both_lateral,C,4,271,1,0.4861547320222828,0
both_lateral__C,both_lateral,C,4,318,0,0.42370843263377894,0
both_lateral__C,both_lateral,C,4,318,0,0.4061739616061736,0
both_lateral__C,both_lateral,C,4,318,0,0.409823341166386,0
both_lateral__C,both_lateral,C,4,318,0,0.41320328202641726,0
both_lateral__C,both_lateral,C,4,318,0,0.4618655512858274,0
both_lateral__C,both_lateral,C,4,318,0,0.3440951558698273,0
both_lateral__C,both_lateral,C,4,318,0,0.37603157626433636,0
both_lateral__C,both_lateral,C,4,318,0,0.13766254504780906,0
both_lateral__C,both_lateral,C,4,318,0,0.38494089015304467,0
both_lateral__C,both_lateral,C,4,318,0,0.39303711381767215,0
both_lateral__C,both_lateral,C,4,318,0,0.3917445382540643,0
both_lateral__C,both_lateral,C,4,318,0,0.3888349283537879,0
both_lateral__C,both_lateral,C,4,318,0,0.3416169200491388,0
both_lateral__C,both_lateral,C,4,318,0,0.41954024743701285,0
both_lateral__C,both_lateral,C,4,318,1,0.335203923556234,0
both_lateral__C,both_lateral,C,4,318,1,0.608925583301001,1
both_lateral__C,both_lateral,C,4,318,1,0.5419976677123952,1
both_lateral__C,both_lateral,C,4,318,1,0.630558955982856,1
both_lateral__C,both_lateral,C,4,318,1,0.6087579361358288,1
both_lateral__C,both_lateral,C,4,318,1,0.4655682032959767,0
both_lateral__C,both_lateral,C,4,318,1,0.683115285856439,1
both_lateral__C,both_lateral,C,4,318,1,0.5986439104194148,1
both_lateral__C,both_lateral,C,4,318,1,0.6819663044176772,1
both_lateral__C,both_lateral,C,4,318,1,0.644600501261138,1
both_lateral__C,both_lateral,C,4,318,1,0.6027353098342322,1
both_lateral__C,both_lateral,C,4,318,1,0.5832007589342681,1
both_lateral__C,both_lateral,C,4,318,1,0.5156345777515141,1
both_lateral__C,both_lateral,C,4,318,1,0.5041719437234836,1
both_lateral__C,both_lateral,C,5,251,0,0.11509367077821114,0
both_lateral__C,both_lateral,C,5,251,0,0.08048028765425716,0
both_lateral__C,both_lateral,C,5,251,0,0.03918741635068982,0
both_lateral__C,both_lateral,C,5,251,0,0.1042048173512368,0
both_lateral__C,both_lateral,C,5,251,0,0.07733735569648818,0
both_lateral__C,both_lateral,C,5,251,0,0.11264549546211028,0
both_lateral__C,both_lateral,C,5,251,0,0.2242699526313169,0
both_lateral__C,both_lateral,C,5,251,0,0.08575381208059295,0
both_lateral__C,both_lateral,C,5,251,0,0.07762342303906607,0
both_lateral__C,both_lateral,C,5,251,0,0.07526210413454572,0
both_lateral__C,both_lateral,C,5,251,0,0.07598733255758548,0
both_lateral__C,both_lateral,C,5,251,0,0.08819079520550244,0
both_lateral__C,both_lateral,C,5,251,0,0.2132259018767382,0
both_lateral__C,both_lateral,C,5,251,0,0.1005786639232653,0
both_lateral__C,both_lateral,C,5,251,1,0.2569614047317685,0
both_lateral__C,both_lateral,C,5,251,1,0.15071979470528746,0
both_lateral__C,both_lateral,C,5,251,1,0.17856839689308263,0
both_lateral__C,both_lateral,C,5,251,1,0.0890161202964535,0
both_lateral__C,both_lateral,C,5,251,1,0.12384496574511729,0
both_lateral__C,both_lateral,C,5,251,1,0.24399844866393305,0
both_lateral__C,both_lateral,C,5,251,1,0.12199501957388399,0
both_lateral__C,both_lateral,C,5,251,1,0.11845185997155909,0
both_lateral__C,both_lateral,C,5,251,1,0.32426155569710596,0
both_lateral__C,both_lateral,C,5,251,1,0.06375275868371685,0
both_lateral__C,both_lateral,C,5,251,1,0.1746884664570689,0
both_lateral__C,both_lateral,C,5,251,1,0.23769726648240558,0
both_lateral__C,both_lateral,C,5,251,1,0.28449705994839786,0
both_lateral__C,both_lateral,C,5,300,0,0.7445087011229634,1
both_lateral__C,both_lateral,C,5,300,0,0.8236023977425537,1
both_lateral__C,both_lateral,C,5,300,0,0.6679091607547947,1
both_lateral__C,both_lateral,C,5,300,0,0.75458674425102,1
both_lateral__C,both_lateral,C,5,300,0,0.8086350151917061,1
both_lateral__C,both_lateral,C,5,300,0,0.7197249690414254,1
both_lateral__C,both_lateral,C,5,300,0,0.7101787135379609,1
both_lateral__C,both_lateral,C,5,300,0,0.6928472755718603,1
both_lateral__C,both_lateral,C,5,300,0,0.7420815800131736,1
both_lateral__C,both_lateral,C,5,300,0,0.759593619986875,1
both_lateral__C,both_lateral,C,5,300,0,0.7461239732117099,1
both_lateral__C,both_lateral,C,5,300,0,0.6526166152561537,1
both_lateral__C,both_lateral,C,5,300,0,0.7273040956398052,1
both_lateral__C,both_lateral,C,5,300,0,0.7653524014225365,1
both_lateral__C,both_lateral,C,5,300,1,0.6801014069366489,1
both_lateral__C,both_lateral,C,5,300,1,0.7226743796686383,1
both_lateral__C,both_lateral,C,5,300,1,0.7243931473789609,1
both_lateral__C,both_lateral,C,5,300,1,0.7374589054549959,1
both_lateral__C,both_lateral,C,5,300,1,0.7420690862286302,1
both_lateral__C,both_lateral,C,5,300,1,0.7419138871816675,1
both_lateral__C,both_lateral,C,5,300,1,0.7180499677396311,1
both_lateral__C,both_lateral,C,5,300,1,0.6438385621358933,1
both_lateral__C,both_lateral,C,5,300,1,0.755852884980393,1
both_lateral__C,both_lateral,C,5,300,1,0.7460624319550768,1
both_lateral__C,both_lateral,C,5,300,1,0.7284295234320691,1
both_lateral__C,both_lateral,C,5,300,1,0.7967099531072102,1
both_lateral__C,both_lateral,C,5,300,1,0.693734991620846,1
both_lateral__C,both_lateral,C,5,300,1,0.7631038055904652,1
bis_quatro__A,bis_quatro,A,1,249,0,0.10060343589196385,0
bis_quatro__A,bis_quatro,A,1,249,0,0.4801751569992044,0
bis_quatro__A,bis_quatro,A,1,249,0,0.9593742082788009,1
bis_quatro__A,bis_quatro,A,1,249,0,0.13902532513218469,0
bis_quatro__A,bis_quatro,A,1,249,0,0.1509665601273618,0
bis_quatro__A,bis_quatro,A,1,249,0,0.7373216727124724,1
bis_quatro__A,bis_quatro,A,1,249,0,0.1436861630915932,0
bis_quatro__A,bis_quatro,A,1,249,0,0.12570821133539214,0
bis_quatro__A,bis_quatro,A,1,249,0,0.07040499640181946,0
bis_quatro__A,bis_quatro,A,1,249,0,0.13107037649655554,0
bis_quatro__A,bis_quatro,A,1,249,0,0.04383042369889914,0
bis_quatro__A,bis_quatro,A,1,249,0,0.19017353608207174,0
bis_quatro__A,bis_quatro,A,1,249,0,0.8659850302271491,1
bis_quatro__A,bis_quatro,A,1,249,0,0.5384690888556699,1
bis_quatro__A,bis_quatro,A,1,249,0,0.1308309031826775,0
bis_quatro__A,bis_quatro,A,1,249,1,0.557286583522705,1
bis_quatro__A,bis_quatro,A,1,249,1,0.4881768495921845,0
bis_quatro__A,bis_quatro,A,1,249,1,0.6425336703655892,1
bis_quatro__A,bis_quatro,A,1,249,1,0.8063084076990666,1
bis_quatro__A,bis_quatro,A,1,249,1,0.8133318794984526,1
bis_quatro__A,bis_quatro,A,1,249,1,0.52783590614001,1
bis_quatro__A,bis_quatro,A,1,249,1,0.7576325409663324,1
bis_quatro__A,bis_quatro,A,1,249,1,0.4056050165680714,0
bis_quatro__A,bis_quatro,A,1,249,1,0.6451833870335267,1
bis_quatro__A,bis_quatro,A,1,249,1,0.4449093260450149,0
bis_quatro__A,bis_quatro,A,1,249,1,0.36383754197433027,0
bis_quatro__A,bis_quatro,A,1,249,1,0.5476128745020913,1
bis_quatro__A,bis_quatro,A,1,249,1,0.5763762710407729,1
bis_quatro__A,bis_quatro,A,1,249,1,0.4847750805783177,0
bis_quatro__A,bis_quatro,A,1,249,1,0.6574959680075908,1
bis_quatro__A,bis_quatro,A,1,249,1,0.28887061960212135,0
bis_quatro__A,bis_quatro,A,1,249,1,0.7377938612902996,1
bis_quatro__A,bis_quatro,A,1,265,0,0.782557148674702,1
bis_quatro__A,bis_quatro,A,1,265,0,0.8600843354816093,1
bis_quatro__A,bis_quatro,A,1,265,0,0.9193208023510671,1
bis_quatro__A,bis_quatro,A,1,265,0,0.9262657536431763,1
bis_quatro__A,bis_quatro,A,1,265,0,0.9601496021440729,1
bis_quatro__A,bis_quatro,A,1,265,0,0.9424904663931533,1
bis_quatro__A,bis_quatro,A,1,265,0,0.8973112594630027,1
bis_quatro__A,bis_quatro,A,1,265,0,0.976793486982798,1
bis_quatro__A,bis_quatro,A,1,265,0,0.6231789436390275,1
bis_quatro__A,bis_quatro,A,1,265,0,0.9095992490157108,1
bis_quatro__A,bis_quatro,A,1,265,0,0.9260566328803042,1
bis_quatro__A,bis_quatro,A,1,265,0,0.506137582130475,1
bis_quatro__A,bis_quatro,A,1,265,0,0.9077527394371226,1
bis_quatro__A,bis_quatro,A,1,265,1,0.8143061670448772,1
bis_quatro__A,bis_quatro,A,1,265,1,0.5424200372698448,1
bis_quatro__A,bis_quatro,A,1,265,1,0.9698853031020144,1
bis_quatro__A,bis_quatro,A,1,265,1,0.9775016639267683,1
bis_quatro__A,bis_quatro,A,1,265,1,0.905260006792071,1
bis_quatro__A,bis_quatro,A,1,265,1,0.7381948307393535,1
bis_quatro__A,bis_quatro,A,1,265,1,0.8781845802501235,1
bis_quatro__A,bis_quatro,A,1,265,1,0.9492801491432523,1
bis_quatro__A,bis_quatro,A,1,265,1,0.8653465198038148,1
bis_quatro__A,bis_quatro,A,1,265,1,0.9658480975106556,1
bis_quatro__A,bis_quatro,A,1,265,1,0.8187877611257717,1
bis_quatro__A,bis_quatro,A,2,210,0,0.01685070521643312,0
bis_quatro__A,bis_quatro,A,2,210,0,0.1037312601421636,0
bis_quatro__A,bis_quatro,A,2,210,0,0.606713074080081,1
bis_quatro__A,bis_quatro,A,2,210,0,0.6093254690072709,1
bis_quatro__A,bis_quatro,A,2,210,0,0.13488871869951052,0
bis_quatro__A,bis_quatro,A,2,210,0,0.7427541791946566,1
bis_quatro__A,bis_quatro,A,2,210,0,0.009899403823879977,0
bis_quatro__A,bis_quatro,A,2,210,0,0.7467078601549606,1
bis_quatro__A,bis_quatro,A,2,210,0,0.41985509214444405,0
bis_quatro__A,bis_quatro,A,2,210,0,0.08023282640543225,0
bis_quatro__A,bis_quatro,A,2,210,0,0.082229301504608,0
bis_quatro__A,bis_quatro,A,2,210,0,0.0047818176542808784,0
bis_quatro__A,bis_quatro,A,2,210,0,0.043507870191470496,0
bis_quatro__A,bis_quatro,A,2,210,0,0.4947015089845656,0
bis_quatro__A,bis_quatro,A,2,210,1,0.5255500302378939,1
bis_quatro__A,bis_quatro,A,2,210,1,0.6388146068268515,1
bis_quatro__A,bis_quatro,A,2,210,1,0.7719404289234353,1
bis_quatro__A,bis_quatro,A,2,210,1,0.7241624104249631,1
bis_quatro__A,bis_quatro,A,2,210,1,0.7947063731077902,1
bis_quatro__A,bis_quatro,A,2,210,1,0.8414082303299195,1
bis_quatro__A,bis_quatro,A,2,210,1,0.6070956241108518,1
bis_quatro__A,bis_quatro,A,2,210,1,0.6996953623982126,1
bis_quatro__A,bis_quatro,A,2,210,1,0.8819650180129897,1
bis_quatro__A,bis_quatro,A,2,210,1,0.8595853954554877,1
bis_quatro__A,bis_quatro,A,2,210,1,0.7477141163178915,1
bis_quatro__A,bis_quatro,A,2,219,0,0.6481105962227798,1
bis_quatro__A,bis_quatro,A,2,219,0,0.5164268981803622,1
bis_quatro__A,bis_quatro,A,2,219,0,0.7667360141751766,1
bis_quatro__A,bis_quatro,A,2,219,0,0.7120890690521938,1
bis_quatro__A,bis_quatro,A,2,219,0,0.7361448333185383,1
bis_quatro__A,bis_quatro,A,2,219,0,0.5550201717971928,1
bis_quatro__A,bis_quatro,A,2,219,0,0.2987758819494433,0
bis_quatro__A,bis_quatro,A,2,219,0,0.31626539343918925,0
bis_quatro__A,bis_quatro,A,2,219,0,0.6926627757011403,1
bis_quatro__A,bis_quatro,A,2,219,0,0.06690578667708152,0
bis_quatro__A,bis_quatro,A,2,219,0,0.19499056133259077,0
bis_quatro__A,bis_quatro,A,2,219,0,0.4923455938784691,0
bis_quatro__A,bis_quatro,A,2,219,0,0.005138648765386715,0
bis_quatro__A,bis_quatro,A,2,219,0,0.4382548671970207,0
bis_quatro__A,bis_quatro,A,2,219,1,0.39235812940776255,0
bis_quatro__A,bis_quatro,A,2,219,1,0.5182910265751299,1
bis_quatro__A,bis_quatro,A,2,219,1,0.4930353309203068,0
bis_quatro__A,bis_quatro,A,2,219,1,0.5337317317962369,1
bis_quatro__A,bis_quatro,A,2,219,1,0.47406874333949484,0
bis_quatro__A,bis_quatro,A,2,219,1,0.254098032925735,0
bis_quatro__A,bis_quatro,A,2,219,1,0.42792581832806825,0
bis_quatro__A,bis_quatro,A,2,219,1,0.5969552790168189,1
bis_quatro__A,bis_quatro,A,2,219,1,0.546893466161855,1
bis_quatro__A,bis_quatro,A,2,219,1,0.5151477091895108,1
bis_quatro__A,bis_quatro,A,2,219,1,0.2518571193886637,0
bis_quatro__A,bis_quatro,A,2,219,1,0.37039652972030573,0
bis_quatro__A,bis_quatro,A,2,219,1,0.6389018055014543,1
bis_quatro__A,bis_quatro,A,2,219,1,0.4906510918711481,0
bis_quatro__A,bis_quatro,A,2,219,1,0.4165085007788326,0
bis_quatro__A,bis_quatro,A,2,219,1,0.5224437677569576,1
bis_quatro__A,bis_quatro,A,3,282,0,0.0342447825556746,0
bis_quatro__A,bis_quatro,A,3,282,0,0.05992190476118782,0
bis_quatro__A,bis_quatro,A,3,282,0,0.0588790680626393,0
bis_quatro__A,bis_quatro,A,3,282,0,0.0876183707898128,0
bis_quatro__A,bis_quatro,A,3,282,0,0.040455454371809176,0
bis_quatro__A,bis_quatro,A,3,282,0,0.03029283966726651,0
bis_quatro__A,bis_quatro,A,3,282,0,0.05613402265277242,0
bis_quatro__A,bis_quatro,A,3,282,0,0.08444306110078698,0
bis_quatro__A,bis_quatro,A,3,282,0,0.1082699194191628,0
bis_quatro__A,bis_quatro,A,3,282,0,0.1326490175468244,0
bis_quatro__A,bis_quatro,A,3,282,0,0.16623725826973917,0
bis_quatro__A,bis_quatro,A,3,282,0,0.029791670615188427,0
bis_quatro__A,bis_quatro,A,3,282,0,0.06419892067002213,0
bis_quatro__A,bis_quatro,A,3,282,0,0.050775989964532704,0
bis_quatro__A,bis_quatro,A,3,282,1,0.7052322769918985,1
bis_quatro__A,bis_quatro,A,3,282,1,0.6553594509264502,1
bis_quatro__A,bis_quatro,A,3,282,1,0.529937578826208,1
bis_quatro__A,bis_quatro,A,3,282,1,0.5539560293719136,1
bis_quatro__A,bis_quatro,A,3,282,1,0.7531698660617888,1
bis_quatro__A,bis_quatro,A,3,282,1,0.5993683972582312,1
bis_quatro__A,bis_quatro,A,3,282,1,0.41656948114621173,0
bis_quatro__A,bis_quatro,A,3,282,1,0.668342982384949,1
bis_quatro__A,bis_quatro,A,3,282,1,0.7619815809508144,1
bis_quatro__A,bis_quatro,A,3,282,1,0.706918703190219,1
bis_quatro__A,bis_quatro,A,3,282,1,0.7282054257974647,1
bis_quatro__A,bis_quatro,A,3,313,0,0.5273088842923501,1
bis_quatro__A,bis_quatro,A,3,313,0,0.5800608142442957,1
bis_quatro__A,bis_quatro,A,3,313,0,0.45543432914347703,0
bis_quatro__A,bis_quatro,A,3,313,0,0.5380158066293053,1
bis_quatro__A,bis_quatro,A,3,313,0,0.4608573427330677,0
bis_quatro__A,bis_quatro,A,3,313,0,0.5736713170286992,1
bis_quatro__A,bis_quatro,A,3,313,0,0.5538624104887178,1
bis_quatro__A,bis_quatro,A,3,313,0,0.709779902615237,1
bis_quatro__A,bis_quatro,A,3,313,0,0.5531396307099935,1
bis_quatro__A,bis_quatro,A,3,313,0,0.5857004005933145,1
bis_quatro__A,bis_quatro,A,3,313,0,0.5917772661826135,1
bis_quatro__A,bis_quatro,A,3,313,0,0.5228901684033815,1
bis_quatro__A,bis_quatro,A,3,313,0,0.4833129738350342,0
bis_quatro__A,bis_quatro,A,3,313,0,0.6363878494360292,1
bis_quatro__A,bis_quatro,A,3,313,0,0.5395957120454038,1
bis_quatro__A,bis_quatro,A,3,313,1,0.5682573420570314,1
bis_quatro__A,bis_quatro,A,3,313,1,0.5864882395648396,1
bis_quatro__A,bis_quatro,A,3,313,1,0.5273115509421161,1
bis_quatro__A,bis_quatro,A,3,313,1,0.6207986939524254,1
bis_quatro__A,bis_quatro,A,3,313,1,0.7304134824324394,1
bis_quatro__A,bis_quatro,A,3,313,1,0.47146375754315323,0
bis_quatro__A,bis_quatro,A,3,313,1,0.5338681441804422,1
bis_quatro__A,bis_quatro,A,3,313,1,0.853502187608539,1
bis_quatro__A,bis_quatro,A,3,313,1,0.5290668129194651,1
bis_quatro__A,bis_quatro,A,3,313,1,0.5305780623530372,1
bis_quatro__A,bis_quatro,A,3,313,1,0.768517399444291,1
bis_quatro__A,bis_quatro,A,3,313,1,0.6492505495938063,1
bis_quatro__A,bis_quatro,A,3,313,1,0.6575905092166748,1
bis_quatro__A,bis_quatro,A,3,313,1,0.664202198071456,1
bis_quatro__A,bis_quatro,A,4,271,0,0.5935905939472818,1
bis_quatro__A,bis_quatro,A,4,271,0,0.17346131929715497,0
bis_quatro__A,bis_quatro,A,4,271,0,0.3059396917138961,0
bis_quatro__A,bis_quatro,A,4,271,0,0.5071529205590686,1
bis_quatro__A,bis_quatro,A,4,271,0,0.7048446245988095,1
bis_quatro__A,bis_quatro,A,4,271,0,0.6999559036672942,1
bis_quatro__A,bis_quatro,A,4,271,0,0.6426874490188665,1
bis_quatro__A,bis_quatro,A,4,271,0,0.14234264349938455,0
bis_quatro__A,bis_quatro,A,4,271,0,0.1521121059395015,0
bis_quatro__A,bis_quatro,A,4,271,0,0.675339070829365,1
bis_quatro__A,bis_quatro,A,4,271,0,0.3898478089098514,0
bis_quatro__A,bis_quatro,A,4,271,0,0.2576417394474888,0
bis_quatro__A,bis_quatro,A,4,271,0,0.2362643723111489,0
bis_quatro__A,bis_quatro,A,4,271,0,0.30907025378311703,0
bis_quatro__A,bis_quatro,A,4,271,1,0.6555116373198977,1
bis_quatro__A,bis_quatro,A,4,271,1,0.7267784797731998,1
bis_quatro__A,bis_quatro,A,4,271,1,0.7150471639020773,1
bis_quatro__A,bis_quatro,A,4,271,1,0.8252298356736802,1
bis_quatro__A,bis_quatro,A,4,271,1,0.6575912332564122,1
bis_quatro__A,bis_quatro,A,4,271,1,0.7624109101173607,1
bis_quatro__A,bis_quatro,A,4,271,1,0.841565268481026,1
bis_quatro__A,bis_quatro,A,4,271,1,0.6337738086624266,1
bis_quatro__A,bis_quatro,A,4,271,1,0.7519559265953878,1
bis_quatro__A,bis_quatro,A,4,271,1,0.6648424017432667,1
bis_quatro__A,bis_quatro,A,4,271,1,0.6284486284302776,1
bis_quatro__A,bis_quatro,A,4,271,1,0.6919098774312267,1
bis_quatro__A,bis_quatro,A,4,271,1,0.8065580590590615,1
bis_quatro__A,bis_quatro,A,4,271,1,0.7395811306933883,1
bis_quatro__A,bis_quatro,A,4,318,0,0.6964864066001631,1
bis_quatro__A,bis_quatro,A,4,318,0,0.7639244313955544,1
bis_quatro__A,bis_quatro,A,4,318,0,0.6092174271509877,1
bis_quatro__A,bis_quatro,A,4,318,0,0.5138508598560868,1
bis_quatro__A,bis_quatro,A,4,318,0,0.6689259147972058,1
bis_quatro__A,bis_quatro,A,4,318,0,0.5590531198366626,1
bis_quatro__A,bis_quatro,A,4,318,0,0.6222110595889009,1
bis_quatro__A,bis_quatro,A,4,318,0,0.134825686579574,0
bis_quatro__A,bis_quatro,A,4,318,0,0.3724976518621338,0
bis_quatro__A,bis_quatro,A,4,318,0,0.5613485003929918,1
bis_quatro__A,bis_quatro,A,4,318,0,0.38975725818109164,0
bis_quatro__A,bis_quatro,A,4,318,0,0.6863625415249547,1
bis_quatro__A,bis_quatro,A,4,318,0,0.40886968587733996,0
bis_quatro__A,bis_quatro,A,4,318,0,0.5086664804042379,1
bis_quatro__A,bis_quatro,A,4,318,1,0.43146713867656916,0
bis_quatro__A,bis_quatro,A,4,318,1,0.5888575708826466,1
bis_quatro__A,bis_quatro,A,4,318,1,0.49103891189029075,0
bis_quatro__A,bis_quatro,A,4,318,1,0.4162643674563606,0
bis_quatro__A,bis_quatro,A,4,318,1,0.6337525930726855,1
bis_quatro__A,bis_quatro,A,4,318,1,0.5911716257641966,1
bis_quatro__A,bis_quatro,A,4,318,1,0.745089493714172,1
bis_quatro__A,bis_quatro,A,4,318,1,0.5382858744335468,1
bis_quatro__A,bis_quatro,A,4,318,1,0.7368929186134561,1
bis_quatro__A,bis_quatro,A,4,318,1,0.6943171348713096,1
bis_quatro__A,bis_quatro,A,4,318,1,0.5697769306200232,1
bis_quatro__A,bis_quatro,A,4,318,1,0.6741368471329693,1
bis_quatro__A,bis_quatro,A,4,318,1,0.5976994456790563,1
bis_quatro__A,bis_quatro,A,4,318,1,0.5071230238784862,1
bis_quatro__A,bis_quatro,A,5,251,0,0.014682880040075182,0
bis_quatro__A,bis_quatro,A,5,251,0,0.021346177329796073,0
bis_quatro__A,bis_quatro,A,5,251,0,0.012318920324035025,0
bis_quatro__A,bis_quatro,A,5,251,0,0.0308330434520718,0
bis_quatro__A,bis_quatro,A,5,251,0,0.027270077147947235,0
bis_quatro__A,bis_quatro,A,5,251,0,0.021162245386093802,0
bis_quatro__A,bis_quatro,A,5,251,0,0.17935053057086564,0
bis_quatro__A,bis_quatro,A,5,251,0,0.014915917350450699,0
bis_quatro__A,bis_quatro,A,5,251,0,0.017783425144368065,0
bis_quatro__A,bis_quatro,A,5,251,0,0.010342979348907546,0
bis_quatro__A,bis_quatro,A,5,251,0,0.01256688287464975,0
bis_quatro__A,bis_quatro,A,5,251,0,0.016346177329796076,0
bis_quatro__A,bis_quatro,A,5,251,0,0.01801112322983856,0
bis_quatro__A,bis_quatro,A,5,251,0,0.021346177329796073,0
bis_quatro__A,bis_quatro,A,5,251,1,0.30870149775488875,0
bis_quatro__A,bis_quatro,A,5,251,1,0.14182932606957052,0
bis_quatro__A,bis_quatro,A,5,251,1,0.221421478557175,0
bis_quatro__A,bis_quatro,A,5,251,1,0.19442316301229126,0
bis_quatro__A,bis_quatro,A,5,251,1,0.04545650630937379,0
bis_quatro__A,bis_quatro,A,5,251,1,0.4126202890493321,0
bis_quatro__A,bis_quatro,A,5,251,1,0.05609292986426279,0
bis_quatro__A,bis_quatro,A,5,251,1,0.3427151460331062,0
bis_quatro__A,bis_quatro,A,5,251,1,0.3140262277077433,0
bis_quatro__A,bis_quatro,A,5,251,1,0.11029797850928476,0
bis_quatro__A,bis_quatro,A,5,251,1,0.11126705508408742,0
bis_quatro__A,bis_quatro,A,5,251,1,0.11348612867957579,0
bis_quatro__A,bis_quatro,A,5,251,1,0.2413466099954361,0
bis_quatro__A,bis_quatro,A,5,300,0,0.5533155716717486,1
bis_quatro__A,bis_quatro,A,5,300,0,0.4826338815974917,0
bis_quatro__A,bis_quatro,A,5,300,0,0.525418354971524,1
bis_quatro__A,bis_quatro,A,5,300,0,0.5997349111403931,1
bis_quatro__A,bis_quatro,A,5,300,0,0.5185057759255569,1
bis_quatro__A,bis_quatro,A,5,300,0,0.544973814069444,1
bis_quatro__A,bis_quatro,A,5,300,0,0.528142705666679,1
bis_quatro__A,bis_quatro,A,5,300,0,0.554700099851804,1
bis_quatro__A,bis_quatro,A,5,300,0,0.5248013454073831,1
bis_quatro__A,bis_quatro,A,5,300,0,0.5468600236019008,1
bis_quatro__A,bis_quatro,A,5,300,0,0.5520444956201962,1
bis_quatro__A,bis_quatro,A,5,300,0,0.417540481103429,0
bis_quatro__A,bis_quatro,A,5,300,0,0.5325460644206873,1
bis_quatro__A,bis_quatro,A,5,300,0,0.5741468557781811,1
bis_quatro__A,bis_quatro,A,5,300,1,0.5243699259615571,1
bis_quatro__A,bis_quatro,A,5,300,1,0.5443667833802128,1
bis_quatro__A,bis_quatro,A,5,300,1,0.4395519517579992,0
bis_quatro__A,bis_quatro,A,5,300,1,0.5326262041009201,1
bis_quatro__A,bis_quatro,A,5,300,1,0.5432457770872269,1
bis_quatro__A,bis_quatro,A,5,300,1,0.55812197017388,1
bis_quatro__A,bis_quatro,A,5,300,1,0.5262124901161045,1
bis_quatro__A,bis_quatro,A,5,300,1,0.5378525363887249,1
bis_quatro__A,bis_quatro,A,5,300,1,0.5577441694081402,1
bis_quatro__A,bis_quatro,A,5,300,1,0.5645734364954689,1
bis_quatro__A,bis_quatro,A,5,300,1,0.5610890688444193,1
bis_quatro__A,bis_quatro,A,5,300,1,0.5715913730100105,1
bis_quatro__A,bis_quatro,A,5,300,1,0.5367023847227229,1
bis_quatro__A,bis_quatro,A,5,300,1,0.5584872554018532,1
bis_quatro__B,bis_quatro,B,1,249,0,0.3823919720186249,0
bis_quatro__B,bis_quatro,B,1,249,0,0.749138664858253,1
bis_quatro__B,bis_quatro,B,1,249,0,0.6935045617303427,1
bis_quatro__B,bis_quatro,B,1,249,0,0.39034231889385235,0
bis_quatro__B,bis_quatro,B,1,249,0,0.6557334940243361,1
bis_quatro__B,bis_quatro,B,1,249,0,0.396098349299322,0
bis_quatro__B,bis_quatro,B,1,249,0,0.5458490844227125,1
bis_quatro__B,bis_quatro,B,1,249,0,0.5620117465735394,1
bis_quatro__B,bis_quatro,B,1,249,0,0.5977977462865801,1
bis_quatro__B,bis_quatro,B,1,249,0,0.51221636125678,1
bis_quatro__B,bis_quatro,B,1,249,0,0.47917678964711796,0
bis_quatro__B,bis_quatro,B,1,249,0,0.599764744647501,1
bis_quatro__B,bis_quatro,B,1,249,0,0.4820112694861266,0
bis_quatro__B,bis_quatro,B,1,249,0,0.7329929627038634,1
bis_quatro__B,bis_quatro,B,1,249,0,0.5436527318591861,1
bis_quatro__B,bis_quatro,B,1,249,1,0.6608774957877636,1
bis_quatro__B,bis_quatro,B,1,249,1,0.2971074776485015,0
bis_quatro__B,bis_quatro,B,1,249,1,0.4238167749511503,0
bis_quatro__B,bis_quatro,B,1,249,1,0.3985375282932295,0
bis_quatro__B,bis_quatro,B,1,249,1,0.5516017292278216,1
bis_quatro__B,bis_quatro,B,1,249,1,0.3513331357259121,0
bis_quatro__B,bis_quatro,B,1,249,1,0.4729114910917632,0
bis_quatro__B,bis_quatro,B,1,249,1,0.5708323886684031,1
bis_quatro__B,bis_quatro,B,1,249,1,0.591773287318206,1
bis_quatro__B,bis_quatro,B,1,249,1,0.49568812132774165,0
bis_quatro__B,bis_quatro,B,1,249,1,0.37038735838405384,0
bis_quatro__B,bis_quatro,B,1,249,1,0.49237911104551185,0
bis_quatro__B,bis_quatro,B,1,249,1,0.30297749161197873,0
bis_quatro__B,bis_quatro,B,1,249,1,0.5729424752896187,1
bis_quatro__B,bis_quatro,B,1,249,1,0.5703739470806153,1
bis_quatro__B,bis_quatro,B,1,249,1,0.6576911758906576,1
bis_quatro__B,bis_quatro,B,1,249,1,0.46636121407166364,0
bis_quatro__B,bis_quatro,B,1,265,0,0.4465681622347155,0
bis_quatro__B,bis_quatro,B,1,265,0,0.5068517870908485,1
bis_quatro__B,bis_quatro,B,1,265,0,0.6080107983068626,1
bis_quatro__B,bis_quatro,B,1,265,0,0.5702669144728304,1
bis_quatro__B,bis_quatro,B,1,265,0,0.42153163397215354,0
bis_quatro__B,bis_quatro,B,1,265,0,0.47682465132384605,0
bis_quatro__B,bis_quatro,B,1,265,0,0.5538743101766865,1
bis_quatro__B,bis_quatro,B,1,265,0,0.4188834543633565,0
bis_quatro__B,bis_quatro,B,1,265,0,0.5244796187665914,1
bis_quatro__B,bis_quatro,B,1,265,0,0.6320090568509059,1
bis_quatro__B,bis_quatro,B,1,265,0,0.5057281501636868,1
bis_quatro__B,bis_quatro,B,1,265,0,0.483596318176154,0
bis_quatro__B,bis_quatro,B,1,265,0,0.44589086173405595,0
bis_quatro__B,bis_quatro,B,1,265,1,0.6500418274765646,1
bis_quatro__B,bis_quatro,B,1,265,1,0.3981668804298715,0
bis_quatro__B,bis_quatro,B,1,265,1,0.6223061036582392,1
bis_quatro__B,bis_quatro,B,1,265,1,0.5634287013068561,1
bis_quatro__B,bis_quatro,B,1,265,1,0.4650792322286174,0
bis_quatro__B,bis_quatro,B,1,265,1,0.7476439094387678,1
bis_quatro__B,bis_quatro,B,1,265,1,0.544403720499295,1
bis_quatro__B,bis_quatro,B,1,265,1,0.6317102211828913,1
bis_quatro__B,bis_quatro,B,1,265,1,0.6099397556943391,1
bis_quatro__B,bis_quatro,B,1,265,1,0.34227987188297193,0
bis_quatro__B,bis_quatro,B,1,265,1,0.6062497393400567,1
bis_quatro__B,bis_quatro,B,2,210,0,0.3604603162924807,0
bis_quatro__B,bis_quatro,B,2,210,0,0.4626048747484574,0
bis_quatro__B,bis_quatro,B,2,210,0,0.4283926306866811,0
bis_quatro__B,bis_quatro,B,2,210,0,0.5229479214635842,1
bis_quatro__B,bis_quatro,B,2,210,0,0.3375096879709913,0
bis_quatro__B,bis_quatro,B,2,210,0,0.3447101456827381,0
bis_quatro__B,bis_quatro,B,2,210,0,0.5374685926853209,1
bis_quatro__B,bis_quatro,B,2,210,0,0.785831106981329,1
bis_quatro__B,bis_quatro,B,2,210,0,0.4430514604717227,0
bis_quatro__B,bis_quatro,B,2,210,0,0.6573069035800192,1
bis_quatro__B,bis_quatro,B,2,210,0,0.3339487754009978,0
bis_quatro__B,bis_quatro,B,2,210,0,0.5223800797594428,1
bis_quatro__B,bis_quatro,B,2,210,0,0.6679940940950486,1
bis_quatro__B,bis_quatro,B,2,210,0,0.5805050348133747,1
bis_quatro__B,bis_quatro,B,2,210,1,0.490659632747465,0
bis_quatro__B,bis_quatro,B,2,210,1,0.49186623438758126,0
bis_quatro__B,bis_quatro,B,2,210,1,0.5323246927295939,1
bis_quatro__B,bis_quatro,B,2,210,1,0.5799215200328098,1
bis_quatro__B,bis_quatro,B,2,210,1,0.4700068221249039,0
bis_quatro__B,bis_quatro,B,2,210,1,0.44015234895535926,0
bis_quatro__B,bis_quatro,B,2,210,1,0.4300569086083609,0
bis_quatro__B,bis_quatro,B,2,210,1,0.4386127977850254,0
bis_quatro__B,bis_quatro,B,2,210,1,0.5036718384793031,1
bis_quatro__B,bis_quatro,B,2,210,1,0.44678907329038964,0
bis_quatro__B,bis_quatro,B,2,210,1,0.5039024258551443,1
bis_quatro__B,bis_quatro,B,2,219,0,0.385691563918874,0
bis_quatro__B,bis_quatro,B,2,219,0,0.3608956185768247,0
bis_quatro__B,bis_quatro,B,2,219,0,0.5088213774249003,1
bis_quatro__B,bis_quatro,B,2,219,0,0.3610843364293915,0
bis_quatro__B,bis_quatro,B,2,219,0,0.3838731416365706,0
bis_quatro__B,bis_quatro,B,2,219,0,0.6277925688745736,1
bis_quatro__B,bis_quatro,B,2,219,0,0.686767338130921,1
bis_quatro__B,bis_quatro,B,2,219,0,0.6813082752498397,1
bis_quatro__B,bis_quatro,B,2,219,0,0.4462816437612042,0
bis_quatro__B,bis_quatro,B,2,219,0,0.4325263321853625,0
bis_quatro__B,bis_quatro,B,2,219,0,0.5447625028082923,1
bis_quatro__B,bis_quatro,B,2,219,0,0.4195007076398289,0
bis_quatro__B,bis_quatro,B,2,219,0,0.49861495558076013,0
bis_quatro__B,bis_quatro,B,2,219,0,0.523731056142399,1
bis_quatro__B,bis_quatro,B,2,219,1,0.39742915940711915,0
bis_quatro__B,bis_quatro,B,2,219,1,0.41204357451337514,0
bis_quatro__B,bis_quatro,B,2,219,1,0.5785060836988305,1
bis_quatro__B,bis_quatro,B,2,219,1,0.6313904259543448,1
bis_quatro__B,bis_quatro,B,2,219,1,0.5599209383376202,1
bis_quatro__B,bis_quatro,B,2,219,1,0.494098755039926,0
bis_quatro__B,bis_quatro,B,2,219,1,0.33425613548124333,0
bis_quatro__B,bis_quatro,B,2,219,1,0.6711523604738672,1
bis_quatro__B,bis_quatro,B,2,219,1,0.4195316705797814,0
bis_quatro__B,bis_quatro,B,2,219,1,0.5265605454119453,1
bis_quatro__B,bis_quatro,B,2,219,1,0.47597834171444325,0
bis_quatro__B,bis_quatro,B,2,219,1,0.45876222678912043,0
bis_quatro__B,bis_quatro,B,2,219,1,0.35297341568315255,0
bis_quatro__B,bis_quatro,B,2,219,1,0.5105943637811411,1
bis_quatro__B,bis_quatro,B,2,219,1,0.7110880631254481,1
bis_quatro__B,bis_quatro,B,2,219,1,0.6673566792699147,1
bis_quatro__B,bis_quatro,B,3,282,0,0.5269691581144592,1
bis_quatro__B,bis_quatro,B,3,282,0,0.3324757655234304,0
bis_quatro__B,bis_quatro,B,3,282,0,0.41082692897917705,0
bis_quatro__B,bis_quatro,B,3,282,0,0.5010576375432546,1
bis_quatro__B,bis_quatro,B,3,282,0,0.519179824102692,1
bis_quatro__B,bis_quatro,B,3,282,0,0.49281581448666706,0
bis_quatro__B,bis_quatro,B,3,282,0,0.5121959824381217,1
bis_quatro__B,bis_quatro,B,3,282,0,0.5590425726160708,1
bis_quatro__B,bis_quatro,B,3,282,0,0.6262136596445793,1
bis_quatro__B,bis_quatro,B,3,282,0,0.4704396461817123,0
bis_quatro__B,bis_quatro,B,3,282,0,0.5687971317794555,1
bis_quatro__B,bis_quatro,B,3,282,0,0.687061110057468,1
bis_quatro__B,bis_quatro,B,3,282,0,0.4333265554139825,0
bis_quatro__B,bis_quatro,B,3,282,0,0.34609785747280186,0
bis_quatro__B,bis_quatro,B,3,282,1,0.48567774327328556,0
bis_quatro__B,bis_quatro,B,3,282,1,0.5629147130307705,1
bis_quatro__B,bis_quatro,B,3,282,1,0.3853904076636105,0
bis_quatro__B,bis_quatro,B,3,282,1,0.36341656245438503,0
bis_quatro__B,bis_quatro,B,3,282,1,0.5008943931094976,1
bis_quatro__B,bis_quatro,B,3,282,1,0.672839500374114,1
bis_quatro__B,bis_quatro,B,3,282,1,0.5227694330765581,1
bis_quatro__B,bis_quatro,B,3,282,1,0.4151365236139374,0
bis_quatro__B,bis_quatro,B,3,282,1,0.5206840367149114,1
bis_quatro__B,bis_quatro,B,3,282,1,0.4662409774662736,0
bis_quatro__B,bis_quatro,B,3,282,1,0.4079028972161638,0
bis_quatro__B,bis_quatro,B,3,313,0,0.4837284202105632,0
bis_quatro__B,bis_quatro,B,3,313,0,0.5401996970728777,1
bis_quatro__B,bis_quatro,B,3,313,0,0.48909042866043834,0
bis_quatro__B,bis_quatro,B,3,313,0,0.5505054995630096,1
bis_quatro__B,bis_quatro,B,3,313,0,0.48169744019641536,0
bis_quatro__B,bis_quatro,B,3,313,0,0.5002626051089449,1
bis_quatro__B,bis_quatro,B,3,313,0,0.47331089931616643,0
bis_quatro__B,bis_quatro,B,3,313,0,0.40542211709444886,0
bis_quatro__B,bis_quatro,B,3,313,0,0.5436118324924583,1
bis_quatro__B,bis_quatro,B,3,313,0,0.4820027485660291,0
bis_quatro__B,bis_quatro,B,3,313,0,0.4627495758491512,0
bis_quatro__B,bis_quatro,B,3,313,0,0.4907040506993078,0
bis_quatro__B,bis_quatro,B,3,313,0,0.42526602821983517,0
bis_quatro__B,bis_quatro,B,3,313,0,0.41644635634533517,0
bis_quatro__B,bis_quatro,B,3,313,0,0.44567602278508045,0
bis_quatro__B,bis_quatro,B,3,313,1,0.6289359917155476,1
bis_quatro__B,bis_quatro,B,3,313,1,0.6091769824491171,1
bis_quatro__B,bis_quatro,B,3,313,1,0.27582754463457443,0
bis_quatro__B,bis_quatro,B,3,313,1,0.4559581870987837,0
bis_quatro__B,bis_quatro,B,3,313,1,0.5851698432422352,1
bis_quatro__B,bis_quatro,B,3,313,1,0.6352895423039204,1
bis_quatro__B,bis_quatro,B,3,313,1,0.4545750398868859,0
bis_quatro__B,bis_quatro,B,3,313,1,0.594138862849007,1
bis_quatro__B,bis_quatro,B,3,313,1,0.4592395099311987,0
bis_quatro__B,bis_quatro,B,3,313,1,0.4503305056688534,0
bis_quatro__B,bis_quatro,B,3,313,1,0.5409287458759127,1
bis_quatro__B,bis_quatro,B,3,313,1,0.46548022609181045,0
bis_quatro__B,bis_quatro,B,3,313,1,0.4625559211331827,0
bis_quatro__B,bis_quatro,B,3,313,1,0.43972081301331384,0
bis_quatro__B,bis_quatro,B,4,271,0,0.6113858667271941,1
bis_quatro__B,bis_quatro,B,4,271,0,0.4169025704735562,0
bis_quatro__B,bis_quatro,B,4,271,0,0.623065962959535,1
bis_quatro__B,bis_quatro,B,4,271,0,0.4037180001190077,0
bis_quatro__B,bis_quatro,B,4,271,0,0.5629148154184059,1
bis_quatro__B,bis_quatro,B,4,271,0,0.4407882913513067,0
bis_quatro__B,bis_quatro,B,4,271,0,0.6669757968776363,1
bis_quatro__B,bis_quatro,B,4,271,0,0.5550170978334221,1
bis_quatro__B,bis_quatro,B,4,271,0,0.628682965695404,1
bis_quatro__B,bis_quatro,B,4,271,0,0.5155747741763161,1
bis_quatro__B,bis_quatro,B,4,271,0,0.5049442996264893,1
bis_quatro__B,bis_quatro,B,4,271,0,0.35239665604264203,0
bis_quatro__B,bis_quatro,B,4,271,0,0.37516892393867074,0
bis_quatro__B,bis_quatro,B,4,271,0,0.606534058540295,1
bis_quatro__B,bis_quatro,B,4,271,1,0.6959102231079306,1
bis_quatro__B,bis_quatro,B,4,271,1,0.5010273489341589,1
bis_quatro__B,bis_quatro,B,4,271,1,0.561688329008646,1
bis_quatro__B,bis_quatro,B,4,271,1,0.6064338776148791,1
bis_quatro__B,bis_quatro,B,4,271,1,0.3292373569204233,0
bis_quatro__B,bis_quatro,B,4,271,1,0.28267886453865393,0
bis_quatro__B,bis_quatro,B,4,271,1,0.5118655174639403,1
bis_quatro__B,bis_quatro,B,4,271,1,0.4832244609093764,0
bis_quatro__B,bis_quatro,B,4,271,1,0.4344197030652212,0
bis_quatro__B,bis_quatro,B,4,271,1,0.5198410132604593,1
bis_quatro__B,bis_quatro,B,4,271,1,0.49157054462266564,0
bis_quatro__B,bis_quatro,B,4,271,1,0.4705091043867827,0
bis_quatro__B,bis_quatro,B,4,271,1,0.36319144706985484,0
bis_quatro__B,bis_quatro,B,4,271,1,0.39712582170932675,0
bis_quatro__B,bis_quatro,B,4,318,0,0.4512057046149634,0
bis_quatro__B,bis_quatro,B,4,318,0,0.5049500303096014,1
bis_quatro__B,bis_quatro,B,4,318,0,0.4873909949696868,0
bis_quatro__B,bis_quatro,B,4,318,0,0.4976741161635027,0
bis_quatro__B,bis_quatro,B,4,318,0,0.4386704553604484,0
bis_quatro__B,bis_quatro,B,4,318,0,0.4368946268017301,0
bis_quatro__B,bis_quatro,B,4,318,0,0.3188271245446757,0
bis_quatro__B,bis_quatro,B,4,318,0,0.5152817916807092,1
bis_quatro__B,bis_quatro,B,4,318,0,0.6091078031805149,1
bis_quatro__B,bis_quatro,B,4,318,0,0.24084026351032256,0
bis_quatro__B,bis_quatro,B,4,318,0,0.5669113926813184,1
bis_quatro__B,bis_quatro,B,4,318,0,0.5248095850029896,1
bis_quatro__B,bis_quatro,B,4,318,0,0.41682717228514227,0
bis_quatro__B,bis_quatro,B,4,318,0,0.5446383928925091,1
bis_quatro__B,bis_quatro,B,4,318,1,0.3207853866989064,0
bis_quatro__B,bis_quatro,B,4,318,1,0.41754675744776826,0
bis_quatro__B,bis_quatro,B,4,318,1,0.3778080257499081,0
bis_quatro__B,bis_quatro,B,4,318,1,0.4888077603871437,0
bis_quatro__B,bis_quatro,B,4,318,1,0.412840968450702,0
bis_quatro__B,bis_quatro,B,4,318,1,0.31465166985430093,0
bis_quatro__B,bis_quatro,B,4,318,1,0.43473405979313917,0
bis_quatro__B,bis_quatro,B,4,318,1,0.5956802983067483,1
bis_quatro__B,bis_quatro,B,4,318,1,0.5692855032805106,1
bis_quatro__B,bis_quatro,B,4,318,1,0.44687943046617207,0
bis_quatro__B,bis_quatro,B,4,318,1,0.31892882697254027,0
bis_quatro__B,bis_quatro,B,4,318,1,0.3602827373446638,0
bis_quatro__B,bis_quatro,B,4,318,1,0.4164118992302723,0
bis_quatro__B,bis_quatro,B,4,318,1,0.5763400507577577,1
bis_quatro__B,bis_quatro,B,5,251,0,0.4793251660076026,0
bis_quatro__B,bis_quatro,B,5,251,0,0.5217938172350802,1
bis_quatro__B,bis_quatro,B,5,251,0,0.4704426376523243,0
bis_quatro__B,bis_quatro,B,5,251,0,0.5245028494882683,1
bis_quatro__B,bis_quatro,B,5,251,0,0.3683784095194214,0
bis_quatro__B,bis_quatro,B,5,251,0,0.6408224928124823,1
bis_quatro__B,bis_quatro,B,5,251,0,0.37720782607498854,0
bis_quatro__B,bis_quatro,B,5,251,0,0.37421549255510955,0
bis_quatro__B,bis_quatro,B,5,251,0,0.4060498390753905,0
bis_quatro__B,bis_quatro,B,5,251,0,0.4407277780776107,0
bis_quatro__B,bis_quatro,B,5,251,0,0.3517014544023402,0
bis_quatro__B,bis_quatro,B,5,251,0,0.41953890168749597,0
bis_quatro__B,bis_quatro,B,5,251,0,0.7424509876470573,1
bis_quatro__B,bis_quatro,B,5,251,0,0.4800098399434096,0
bis_quatro__B,bis_quatro,B,5,251,1,0.23370681138929483,0
bis_quatro__B,bis_quatro,B,5,251,1,0.3115837077405954,0
bis_quatro__B,bis_quatro,B,5,251,1,0.44851420117271806,0
bis_quatro__B,bis_quatro,B,5,251,1,0.38779145710360297,0
bis_quatro__B,bis_quatro,B,5,251,1,0.30451900629021106,0
bis_quatro__B,bis_quatro,B,5,251,1,0.41421393469722095,0
bis_quatro__B,bis_quatro,B,5,251,1,0.3977036345222733,0
bis_quatro__B,bis_quatro,B,5,251,1,0.5871691035775103,1
bis_quatro__B,bis_quatro,B,5,251,1,0.34551527954790595,0
bis_quatro__B,bis_quatro,B,5,251,1,0.4917882146529689,0
bis_quatro__B,bis_quatro,B,5,251,1,0.4321450467130425,0
bis_quatro__B,bis_quatro,B,5,251,1,0.42856944656104085,0
bis_quatro__B,bis_quatro,B,5,251,1,0.4574014807661422,0
bis_quatro__B,bis_quatro,B,5,300,0,0.542429245934807,1
bis_quatro__B,bis_quatro,B,5,300,0,0.6543725878532355,1
bis_quatro__B,bis_quatro,B,5,300,0,0.4379645297387751,0
bis_quatro__B,bis_quatro,B,5,300,0,0.3368685225543107,0
bis_quatro__B,bis_quatro,B,5,300,0,0.5725789109365517,1
bis_quatro__B,bis_quatro,B,5,300,0,0.5698241846087003,1
bis_quatro__B,bis_quatro,B,5,300,0,0.6059696030232914,1
bis_quatro__B,bis_quatro,B,5,300,0,0.724896218851811,1
bis_quatro__B,bis_quatro,B,5,300,0,0.40463840866793377,0
bis_quatro__B,bis_quatro,B,5,300,0,0.4680088722030564,0
bis_quatro__B,bis_quatro,B,5,300,0,0.4040880191097015,0
bis_quatro__B,bis_quatro,B,5,300,0,0.569748633493216,1
bis_quatro__B,bis_quatro,B,5,300,0,0.5818805775524232,1
bis_quatro__B,bis_quatro,B,5,300,0,0.49326756741337763,0
bis_quatro__B,bis_quatro,B,5,300,1,0.4563086702401744,0
bis_quatro__B,bis_quatro,B,5,300,1,0.636639860725674,1
bis_quatro__B,bis_quatro,B,5,300,1,0.5904172097005177,1
bis_quatro__B,bis_quatro,B,5,300,1,0.4002278334602067,0
bis_quatro__B,bis_quatro,B,5,300,1,0.29209210226793625,0
bis_quatro__B,bis_quatro,B,5,300,1,0.5055967910673285,1
bis_quatro__B,bis_quatro,B,5,300,1,0.556289957243708,1
bis_quatro__B,bis_quatro,B,5,300,1,0.4571746727531443,0
bis_quatro__B,bis_quatro,B,5,300,1,0.33890052988577346,0
bis_quatro__B,bis_quatro,B,5,300,1,0.6553281256603972,1
bis_quatro__B,bis_quatro,B,5,300,1,0.5928575259676684,1
bis_quatro__B,bis_quatro,B,5,300,1,0.35293179763260696,0
bis_quatro__B,bis_quatro,B,5,300,1,0.5327566924005401,1
bis_quatro__B,bis_quatro,B,5,300,1,0.5089225966698387,1
bis_quatro__C,bis_quatro,C,1,249,0,0.130511804763633,0
bis_quatro__C,bis_quatro,C,1,249,0,0.5920962925197011,1
bis_quatro__C,bis_quatro,C,1,249,0,0.9610763515248947,1
bis_quatro__C,bis_quatro,C,1,249,0,0.13022011396817268,0
bis_quatro__C,bis_quatro,C,1,249,0,0.18750014435176673,0
bis_quatro__C,bis_quatro,C,1,249,0,0.6920757026558506,1
bis_quatro__C,bis_quatro,C,1,249,0,0.1689375292883313,0
bis_quatro__C,bis_quatro,C,1,249,0,0.172565431623004,0
bis_quatro__C,bis_quatro,C,1,249,0,0.06873108130545832,0
bis_quatro__C,bis_quatro,C,1,249,0,0.13621129900700296,0
bis_quatro__C,bis_quatro,C,1,249,0,0.04363597875643671,0
bis_quatro__C,bis_quatro,C,1,249,0,0.2383870206653268,0
bis_quatro__C,bis_quatro,C,1,249,0,0.8673114909610541,1
bis_quatro__C,bis_quatro,C,1,249,0,0.5990870221799623,1
bis_quatro__C,bis_quatro,C,1,249,0,0.15871307427590264,0
bis_quatro__C,bis_quatro,C,1,249,1,0.5437343234192037,1
bis_quatro__C,bis_quatro,C,1,249,1,0.4971164974631462,0
bis_quatro__C,bis_quatro,C,1,249,1,0.6349456862867174,1
bis_quatro__C,bis_quatro,C,1,249,1,0.8335269985034403,1
bis_quatro__C,bis_quatro,C,1,249,1,0.7281349625835581,1
bis_quatro__C,bis_quatro,C,1,249,1,0.45822783378049237,0
bis_quatro__C,bis_quatro,C,1,249,1,0.6843864783500772,1
bis_quatro__C,bis_quatro,C,1,249,1,0.45039537858610357,0
bis_quatro__C,bis_quatro,C,1,249,1,0.6351009869134014,1
bis_quatro__C,bis_quatro,C,1,249,1,0.49042927944603826,0
bis_quatro__C,bis_quatro,C,1,249,1,0.34829470474467916,0
bis_quatro__C,bis_quatro,C,1,249,1,0.5602039866536405,1
bis_quatro__C,bis_quatro,C,1,249,1,0.5838604260966217,1
bis_quatro__C,bis_quatro,C,1,249,1,0.5057888807350003,1
bis_quatro__C,bis_quatro,C,1,249,1,0.6579414349044235,1
bis_quatro__C,bis_quatro,C,1,249,1,0.27049812425858033,0
bis_quatro__C,bis_quatro,C,1,249,1,0.6692812917269175,1
bis_quatro__C,bis_quatro,C,1,265,0,0.7760453041225719,1
bis_quatro__C,bis_quatro,C,1,265,0,0.801284640293978,1
bis_quatro__C,bis_quatro,C,1,265,0,0.8854542537465943,1
bis_quatro__C,bis_quatro,C,1,265,0,0.8135839324684554,1
bis_quatro__C,bis_quatro,C,1,265,0,0.9297508777560721,1
bis_quatro__C,bis_quatro,C,1,265,0,0.8500591336245766,1
bis_quatro__C,bis_quatro,C,1,265,0,0.8411274658280938,1
bis_quatro__C,bis_quatro,C,1,265,0,0.8334068541047845,1
bis_quatro__C,bis_quatro,C,1,265,0,0.6131983636901513,1
bis_quatro__C,bis_quatro,C,1,265,0,0.891982018850328,1
bis_quatro__C,bis_quatro,C,1,265,0,0.9043478113638465,1
bis_quatro__C,bis_quatro,C,1,265,0,0.4915514904179644,0
bis_quatro__C,bis_quatro,C,1,265,0,0.8846016763522457,1
bis_quatro__C,bis_quatro,C,1,265,1,0.8654992560078708,1
bis_quatro__C,bis_quatro,C,1,265,1,0.4952795399171772,0
bis_quatro__C,bis_quatro,C,1,265,1,0.9404548303079606,1
bis_quatro__C,bis_quatro,C,1,265,1,0.9518713841687425,1
bis_quatro__C,bis_quatro,C,1,265,1,0.8630332690101773,1
bis_quatro__C,bis_quatro,C,1,265,1,0.74899241882306,1
bis_quatro__C,bis_quatro,C,1,265,1,0.8706042241130219,1
bis_quatro__C,bis_quatro,C,1,265,1,0.9508516956169345,1
bis_quatro__C,bis_quatro,C,1,265,1,0.8964299563644887,1
bis_quatro__C,bis_quatro,C,1,265,1,0.8991439209458661,1
bis_quatro__C,bis_quatro,C,1,265,1,0.7716547931066675,1
bis_quatro__C,bis_quatro,C,2,210,0,0.11672765601942241,0
bis_quatro__C,bis_quatro,C,2,210,0,0.10784923660644691,0
bis_quatro__C,bis_quatro,C,2,210,0,0.5453254067356416,1
bis_quatro__C,bis_quatro,C,2,210,0,0.4820733663229289,0
bis_quatro__C,bis_quatro,C,2,210,0,0.11475904277565027,0
bis_quatro__C,bis_quatro,C,2,210,0,0.5383122750872191,1
bis_quatro__C,bis_quatro,C,2,210,0,0.048540524381317764,0
bis_quatro__C,bis_quatro,C,2,210,0,0.6906342766732088,1
bis_quatro__C,bis_quatro,C,2,210,0,0.3256718107717045,0
bis_quatro__C,bis_quatro,C,2,210,0,0.12937761676365483,0
bis_quatro__C,bis_quatro,C,2,210,0,0.17310672301045876,0
bis_quatro__C,bis_quatro,C,2,210,0,0.05629500866546543,0
bis_quatro__C,bis_quatro,C,2,210,0,0.15995415772489216,0
bis_quatro__C,bis_quatro,C,2,210,0,0.38751139370517296,0
bis_quatro__C,bis_quatro,C,2,210,1,0.4498410947809361,0
bis_quatro__C,bis_quatro,C,2,210,1,0.5669069759959872,1
bis_quatro__C,bis_quatro,C,2,210,1,0.7852267182989254,1
bis_quatro__C,bis_quatro,C,2,210,1,0.7038760924856785,1
bis_quatro__C,bis_quatro,C,2,210,1,0.6352540431222213,1
bis_quatro__C,bis_quatro,C,2,210,1,0.5238833675766847,1
bis_quatro__C,bis_quatro,C,2,210,1,0.5479423177795449,1
bis_quatro__C,bis_quatro,C,2,210,1,0.5425301498310169,1
bis_quatro__C,bis_quatro,C,2,210,1,0.724322827596152,1
bis_quatro__C,bis_quatro,C,2,210,1,0.6734777281247062,1
bis_quatro__C,bis_quatro,C,2,210,1,0.700458992576179,1
bis_quatro__C,bis_quatro,C,2,219,0,0.4398368281546395,0
bis_quatro__C,bis_quatro,C,2,219,0,0.45463942314918376,0
bis_quatro__C,bis_quatro,C,2,219,0,0.6085759853389578,1
bis_quatro__C,bis_quatro,C,2,219,0,0.6138083624856582,1
bis_quatro__C,bis_quatro,C,2,219,0,0.6181001643594609,1
bis_quatro__C,bis_quatro,C,2,219,0,0.6941935927426394,1
bis_quatro__C,bis_quatro,C,2,219,0,0.4761570990421092,0
bis_quatro__C,bis_quatro,C,2,219,0,0.20300615614514153,0
bis_quatro__C,bis_quatro,C,2,219,0,0.5939854725361866,1
bis_quatro__C,bis_quatro,C,2,219,0,0.22537415652784198,0
bis_quatro__C,bis_quatro,C,2,219,0,0.1286147184479581,0
bis_quatro__C,bis_quatro,C,2,219,0,0.534280253587426,1
bis_quatro__C,bis_quatro,C,2,219,0,0.12101511003885276,0
bis_quatro__C,bis_quatro,C,2,219,0,0.29261634716666035,0
bis_quatro__C,bis_quatro,C,2,219,1,0.19763752132127443,0
bis_quatro__C,bis_quatro,C,2,219,1,0.4289605800534989,0
bis_quatro__C,bis_quatro,C,2,219,1,0.3442836209364242,0
bis_quatro__C,bis_quatro,C,2,219,1,0.4164561716877634,0
bis_quatro__C,bis_quatro,C,2,219,1,0.32249029237769955,0
bis_quatro__C,bis_quatro,C,2,219,1,0.24943719773421397,0
bis_quatro__C,bis_quatro,C,2,219,1,0.22122528073716613,0
bis_quatro__C,bis_quatro,C,2,219,1,0.462563288512893,0
bis_quatro__C,bis_quatro,C,2,219,1,0.43013797739576687,0
bis_quatro__C,bis_quatro,C,2,219,1,0.3991758159080328,0
bis_quatro__C,bis_quatro,C,2,219,1,0.17882137720864974,0
bis_quatro__C,bis_quatro,C,2,219,1,0.18794795474666146,0
bis_quatro__C,bis_quatro,C,2,219,1,0.45882778087558934,0
bis_quatro__C,bis_quatro,C,2,219,1,0.28434481370458436,0
bis_quatro__C,bis_quatro,C,2,219,1,0.25993003797017766,0
bis_quatro__C,bis_quatro,C,2,219,1,0.35805746796028304,0
bis_quatro__C,bis_quatro,C,3,282,0,0.05065386464068336,0
bis_quatro__C,bis_quatro,C,3,282,0,0.052966642910393436,0
bis_quatro__C,bis_quatro,C,3,282,0,0.06707495235703986,0
bis_quatro__C,bis_quatro,C,3,282,0,0.09277481735063021,0
bis_quatro__C,bis_quatro,C,3,282,0,0.041744285194938106,0
bis_quatro__C,bis_quatro,C,3,282,0,0.02258251857239491,0
bis_quatro__C,bis_quatro,C,3,282,0,0.042150375904307896,0
bis_quatro__C,bis_quatro,C,3,282,0,0.04347612204711864,0
bis_quatro__C,bis_quatro,C,3,282,0,0.1390283482444795,0
bis_quatro__C,bis_quatro,C,3,282,0,0.09968274500688537,0
bis_quatro__C,bis_quatro,C,3,282,0,0.1826847452518712,0
bis_quatro__C,bis_quatro,C,3,282,0,0.0697461672696636,0
bis_quatro__C,bis_quatro,C,3,282,0,0.060387009764628886,0
bis_quatro__C,bis_quatro,C,3,282,0,0.06143588488311873,0
bis_quatro__C,bis_quatro,C,3,282,1,0.6862123446262863,1
bis_quatro__C,bis_quatro,C,3,282,1,0.6428919794119213,1
bis_quatro__C,bis_quatro,C,3,282,1,0.5193418228546568,1
bis_quatro__C,bis_quatro,C,3,282,1,0.44953363961038756,0
bis_quatro__C,bis_quatro,C,3,282,1,0.7095300875144845,1
bis_quatro__C,bis_quatro,C,3,282,1,0.7656522410195667,1
bis_quatro__C,bis_quatro,C,3,282,1,0.42905433898679773,0
bis_quatro__C,bis_quatro,C,3,282,1,0.7033938942540294,1
bis_quatro__C,bis_quatro,C,3,282,1,0.7560741124719386,1
bis_quatro__C,bis_quatro,C,3,282,1,0.6056619557167372,1
bis_quatro__C,bis_quatro,C,3,282,1,0.6093416457398177,1
bis_quatro__C,bis_quatro,C,3,313,0,0.5269101169854836,1
bis_quatro__C,bis_quatro,C,3,313,0,0.5713792527327282,1
bis_quatro__C,bis_quatro,C,3,313,0,0.4954631345562949,0
bis_quatro__C,bis_quatro,C,3,313,0,0.6727695818899079,1
bis_quatro__C,bis_quatro,C,3,313,0,0.6275292263297058,1
bis_quatro__C,bis_quatro,C,3,313,0,0.6529534993016008,1
bis_quatro__C,bis_quatro,C,3,313,0,0.5291968883345214,1
bis_quatro__C,bis_quatro,C,3,313,0,0.6844991688937765,1
bis_quatro__C,bis_quatro,C,3,313,0,0.5875006833802727,1
bis_quatro__C,bis_quatro,C,3,313,0,0.6114523817587775,1
bis_quatro__C,bis_quatro,C,3,313,0,0.5663381142373204,1
bis_quatro__C,bis_quatro,C,3,313,0,0.4686233796811313,0
bis_quatro__C,bis_quatro,C,3,313,0,0.5509275474221118,1
bis_quatro__C,bis_quatro,C,3,313,0,0.6986311368348135,1
bis_quatro__C,bis_quatro,C,3,313,0,0.5134350345651817,1
bis_quatro__C,bis_quatro,C,3,313,1,0.7002998495577992,1
bis_quatro__C,bis_quatro,C,3,313,1,0.7373686225809046,1
bis_quatro__C,bis_quatro,C,3,313,1,0.39099334532339225,0
bis_quatro__C,bis_quatro,C,3,313,1,0.48623535007172014,0
bis_quatro__C,bis_quatro,C,3,313,1,0.7848316243652742,1
bis_quatro__C,bis_quatro,C,3,313,1,0.6136320668196009,1
bis_quatro__C,bis_quatro,C,3,313,1,0.6302523444382602,1
bis_quatro__C,bis_quatro,C,3,313,1,0.7536907056199607,1
bis_quatro__C,bis_quatro,C,3,313,1,0.5175545494533906,1
bis_quatro__C,bis_quatro,C,3,313,1,0.5828852978838893,1
bis_quatro__C,bis_quatro,C,3,313,1,0.6082398149815618,1
bis_quatro__C,bis_quatro,C,3,313,1,0.569779599880399,1
bis_quatro__C,bis_quatro,C,3,313,1,0.5125938453852732,1
bis_quatro__C,bis_quatro,C,3,313,1,0.6595292928287755,1
bis_quatro__C,bis_quatro,C,4,271,0,0.6359913101616979,1
bis_quatro__C,bis_quatro,C,4,271,0,0.2787290948501825,0
bis_quatro__C,bis_quatro,C,4,271,0,0.3931012528477734,0
bis_quatro__C,bis_quatro,C,4,271,0,0.5759936429696139,1
bis_quatro__C,bis_quatro,C,4,271,0,0.7304701027181503,1
bis_quatro__C,bis_quatro,C,4,271,0,0.6721673565836964,1
bis_quatro__C,bis_quatro,C,4,271,0,0.646493093380771,1
bis_quatro__C,bis_quatro,C,4,271,0,0.22281059208678283,0
bis_quatro__C,bis_quatro,C,4,271,0,0.21811579765872913,0
bis_quatro__C,bis_quatro,C,4,271,0,0.6363777368716703,1
bis_quatro__C,bis_quatro,C,4,271,0,0.3932800258494092,0
bis_quatro__C,bis_quatro,C,4,271,0,0.3210708065424088,0
bis_quatro__C,bis_quatro,C,4,271,0,0.3136937555431074,0
bis_quatro__C,bis_quatro,C,4,271,0,0.4281464921059536,0
bis_quatro__C,bis_quatro,C,4,271,1,0.6693027822328471,1
bis_quatro__C,bis_quatro,C,4,271,1,0.7136736074146364,1
bis_quatro__C,bis_quatro,C,4,271,1,0.7036127141896458,1
bis_quatro__C,bis_quatro,C,4,271,1,0.7803654254833963,1
bis_quatro__C,bis_quatro,C,4,271,1,0.601919353817643,1
bis_quatro__C,bis_quatro,C,4,271,1,0.6098587078105993,1
bis_quatro__C,bis_quatro,C,4,271,1,0.7329669789841025,1
bis_quatro__C,bis_quatro,C,4,271,1,0.595111679486232,1
bis_quatro__C,bis_quatro,C,4,271,1,0.685308651748284,1
bis_quatro__C,bis_quatro,C,4,271,1,0.6560713768928279,1
bis_quatro__C,bis_quatro,C,4,271,1,0.6482101890765237,1
bis_quatro__C,bis_quatro,C,4,271,1,0.6513903938071983,1
bis_quatro__C,bis_quatro,C,4,271,1,0.6859404609542,1
bis_quatro__C,bis_quatro,C,4,271,1,0.6681410380969892,1
bis_quatro__C,bis_quatro,C,4,318,0,0.7142783979508585,1
bis_quatro__C,bis_quatro,C,4,318,0,0.6497266896744023,1
bis_quatro__C,bis_quatro,C,4,318,0,0.614048758926594,1
bis_quatro__C,bis_quatro,C,4,318,0,0.5459577041251131,1
bis_quatro__C,bis_quatro,C,4,318,0,0.6653095310322786,1
bis_quatro__C,bis_quatro,C,4,318,0,0.5478085619613133,1
bis_quatro__C,bis_quatro,C,4,318,0,0.5334322045001192,1
bis_quatro__C,bis_quatro,C,4,318,0,0.20474846490636026,0
bis_quatro__C,bis_quatro,C,4,318,0,0.44240979557819055,0
bis_quatro__C,bis_quatro,C,4,318,0,0.4900301040020917,0
bis_quatro__C,bis_quatro,C,4,318,0,0.4889185275020158,0
bis_quatro__C,bis_quatro,C,4,318,0,0.6635089711591955,1
bis_quatro__C,bis_quatro,C,4,318,0,0.4924869672874439,0
bis_quatro__C,bis_quatro,C,4,318,0,0.5334363032155066,1
bis_quatro__C,bis_quatro,C,4,318,1,0.4357228958412741,0
bis_quatro__C,bis_quatro,C,4,318,1,0.6419039978832152,1
bis_quatro__C,bis_quatro,C,4,318,1,0.4781949857536435,0
bis_quatro__C,bis_quatro,C,4,318,1,0.5304561413843629,1
bis_quatro__C,bis_quatro,C,4,318,1,0.5821609902380572,1
bis_quatro__C,bis_quatro,C,4,318,1,0.5323337051868782,1
bis_quatro__C,bis_quatro,C,4,318,1,0.6784327218224058,1
bis_quatro__C,bis_quatro,C,4,318,1,0.5615493008334791,1
bis_quatro__C,bis_quatro,C,4,318,1,0.7079806083614824,1
bis_quatro__C,bis_quatro,C,4,318,1,0.6630418315406174,1
bis_quatro__C,bis_quatro,C,4,318,1,0.5159482496983676,1
bis_quatro__C,bis_quatro,C,4,318,1,0.576367359451107,1
bis_quatro__C,bis_quatro,C,4,318,1,0.5769434365237265,1
bis_quatro__C,bis_quatro,C,4,318,1,0.566193854364668,1
bis_quatro__C,bis_quatro,C,5,251,0,0.07872303875897452,0
bis_quatro__C,bis_quatro,C,5,251,0,0.059841545269427227,0
bis_quatro__C,bis_quatro,C,5,251,0,0.033147626317764314,0
bis_quatro__C,bis_quatro,C,5,251,0,0.044411024880075714,0
bis_quatro__C,bis_quatro,C,5,251,0,0.07673677432716572,0
bis_quatro__C,bis_quatro,C,5,251,0,0.0763213608554245,0
bis_quatro__C,bis_quatro,C,5,251,0,0.16889269619295752,0
bis_quatro__C,bis_quatro,C,5,251,0,0.020069166502792345,0
bis_quatro__C,bis_quatro,C,5,251,0,0.06431644854062658,0
bis_quatro__C,bis_quatro,C,5,251,0,0.04931915042919172,0
bis_quatro__C,bis_quatro,C,5,251,0,0.036790408842130716,0
bis_quatro__C,bis_quatro,C,5,251,0,0.07046186591747226,0
bis_quatro__C,bis_quatro,C,5,251,0,0.08236882355666886,0
bis_quatro__C,bis_quatro,C,5,251,0,0.03764120717396928,0
bis_quatro__C,bis_quatro,C,5,251,1,0.25555284011955576,0
bis_quatro__C,bis_quatro,C,5,251,1,0.19579842498091948,0
bis_quatro__C,bis_quatro,C,5,251,1,0.35176942556281854,0
bis_quatro__C,bis_quatro,C,5,251,1,0.25396495373053996,0
bis_quatro__C,bis_quatro,C,5,251,1,0.06612086283780756,0
bis_quatro__C,bis_quatro,C,5,251,1,0.44715840938481277,0
bis_quatro__C,bis_quatro,C,5,251,1,0.13708670655745117,0
bis_quatro__C,bis_quatro,C,5,251,1,0.3670700059820554,0
bis_quatro__C,bis_quatro,C,5,251,1,0.343218474976643,0
bis_quatro__C,bis_quatro,C,5,251,1,0.1555661082485128,0
bis_quatro__C,bis_quatro,C,5,251,1,0.20450872415833532,0
bis_quatro__C,bis_quatro,C,5,251,1,0.28593101644103813,0
bis_quatro__C,bis_quatro,C,5,251,1,0.29533088029710464,0
bis_quatro__C,bis_quatro,C,5,300,0,0.644748225318456,1
bis_quatro__C,bis_quatro,C,5,300,0,0.6229539647224664,1
bis_quatro__C,bis_quatro,C,5,300,0,0.6442793250746515,1
bis_quatro__C,bis_quatro,C,5,300,0,0.6513695191299748,1
bis_quatro__C,bis_quatro,C,5,300,0,0.6218716002672883,1
bis_quatro__C,bis_quatro,C,5,300,0,0.5915424465429961,1
bis_quatro__C,bis_quatro,C,5,300,0,0.5946941744468197,1
bis_quatro__C,bis_quatro,C,5,300,0,0.662866983146565,1
bis_quatro__C,bis_quatro,C,5,300,0,0.5994491918955445,1
bis_quatro__C,bis_quatro,C,5,300,0,0.5960860134950174,1
bis_quatro__C,bis_quatro,C,5,300,0,0.5756966717916587,1
bis_quatro__C,bis_quatro,C,5,300,0,0.5722386710652814,1
bis_quatro__C,bis_quatro,C,5,300,0,0.6005182324387229,1
bis_quatro__C,bis_quatro,C,5,300,0,0.5828111006183515,1
bis_quatro__C,bis_quatro,C,5,300,1,0.5533071545516205,1
bis_quatro__C,bis_quatro,C,5,300,1,0.6783550774741992,1
bis_quatro__C,bis_quatro,C,5,300,1,0.6341734413846267,1
bis_quatro__C,bis_quatro,C,5,300,1,0.6296938107909406,1
bis_quatro__C,bis_quatro,C,5,300,1,0.588572030962772,1
bis_quatro__C,bis_quatro,C,5,300,1,0.6890431034255691,1
bis_quatro__C,bis_quatro,C,5,300,1,0.5924973479439337,1
bis_quatro__C,bis_quatro,C,5,300,1,0.5109464548577356,1
bis_quatro__C,bis_quatro,C,5,300,1,0.6594758114075217,1
bis_quatro__C,bis_quatro,C,5,300,1,0.6295111951300814,1
bis_quatro__C,bis_quatro,C,5,300,1,0.6532650630514083,1
bis_quatro__C,bis_quatro,C,5,300,1,0.6285138858661189,1
bis_quatro__C,bis_quatro,C,5,300,1,0.5417765025896555,1
bis_quatro__C,bis_quatro,C,5,300,1,0.6184352679090716,1
