estimator,model,subset,feat_type,fold,subject_id,y_true,y_proba,y_pred
rf,left_lateral__A,left_lateral,A,1,249,0,0.1934466445461672,0
rf,left_lateral__A,left_lateral,A,1,249,0,0.16425268178650293,0
rf,left_lateral__A,left_lateral,A,1,249,0,0.8814163235307727,1
rf,left_lateral__A,left_lateral,A,1,249,0,0.15854595990650347,0
rf,left_lateral__A,left_lateral,A,1,249,0,0.10448802036284746,0
rf,left_lateral__A,left_lateral,A,1,249,0,0.21379655485774557,0
rf,left_lateral__A,left_lateral,A,1,249,0,0.18146057466712734,0
rf,left_lateral__A,left_lateral,A,1,249,0,0.17144223079766788,0
rf,left_lateral__A,left_lateral,A,1,249,0,0.167220315074362,0
rf,left_lateral__A,left_lateral,A,1,249,0,0.14798595594602698,0
rf,left_lateral__A,left_lateral,A,1,249,0,0.15890619515176277,0
rf,left_lateral__A,left_lateral,A,1,249,0,0.34179347529575843,0
rf,left_lateral__A,left_lateral,A,1,249,0,0.25918639642778923,0
rf,left_lateral__A,left_lateral,A,1,249,0,0.9549087062215114,1
rf,left_lateral__A,left_lateral,A,1,249,0,0.05194463162285381,0
rf,left_lateral__A,left_lateral,A,1,249,1,0.5686344595428892,1
rf,left_lateral__A,left_lateral,A,1,249,1,0.5463503136463231,1
rf,left_lateral__A,left_lateral,A,1,249,1,0.884595173378679,1
rf,left_lateral__A,left_lateral,A,1,249,1,0.8300912724844939,1
rf,left_lateral__A,left_lateral,A,1,249,1,0.6507955876417033,1
rf,left_lateral__A,left_lateral,A,1,249,1,0.2411272587473336,0
rf,left_lateral__A,left_lateral,A,1,249,1,0.27667368614909865,0
rf,left_lateral__A,left_lateral,A,1,249,1,0.4714513613412301,0
rf,left_lateral__A,left_lateral,A,1,249,1,0.7286992376985676,1
rf,left_lateral__A,left_lateral,A,1,249,1,0.5375266502701972,1
rf,left_lateral__A,left_lateral,A,1,249,1,0.35306675088255474,0
rf,left_lateral__A,left_lateral,A,1,249,1,0.4496406185920368,0
rf,left_lateral__A,left_lateral,A,1,249,1,0.7500527513655085,1
rf,left_lateral__A,left_lateral,A,1,249,1,0.8156499073810852,1
rf,left_lateral__A,left_lateral,A,1,249,1,0.5735483554771571,1
rf,left_lateral__A,left_lateral,A,1,249,1,0.6109674178272758,1
rf,left_lateral__A,left_lateral,A,1,249,1,0.8207562625695516,1
rf,left_lateral__A,left_lateral,A,2,219,0,0.24341740567712608,0
rf,left_lateral__A,left_lateral,A,2,219,0,0.6081274395917549,1
rf,left_lateral__A,left_lateral,A,2,219,0,0.7935304871577123,1
rf,left_lateral__A,left_lateral,A,2,219,0,0.6192223550703272,1
rf,left_lateral__A,left_lateral,A,2,219,0,0.694930482037959,1
rf,left_lateral__A,left_lateral,A,2,219,0,0.7823078907197707,1
rf,left_lateral__A,left_lateral,A,2,219,0,0.6789773115731887,1
rf,left_lateral__A,left_lateral,A,2,219,0,0.14483007957341232,0
rf,left_lateral__A,left_lateral,A,2,219,0,0.7632159383419648,1
rf,left_lateral__A,left_lateral,A,2,219,0,0.1339296741031124,0
rf,left_lateral__A,left_lateral,A,2,219,0,0.2590673105312761,0
rf,left_lateral__A,left_lateral,A,2,219,0,0.7690948743678624,1
rf,left_lateral__A,left_lateral,A,2,219,0,0.032830271415332304,0
rf,left_lateral__A,left_lateral,A,2,219,0,0.48886465789857914,0
rf,left_lateral__A,left_lateral,A,2,219,1,0.5767905063598371,1
rf,left_lateral__A,left_lateral,A,2,219,1,0.8350515930074658,1
rf,left_lateral__A,left_lateral,A,2,219,1,0.5789941536283871,1
rf,left_lateral__A,left_lateral,A,2,219,1,0.8477899454858547,1
rf,left_lateral__A,left_lateral,A,2,219,1,0.7197940832165312,1
rf,left_lateral__A,left_lateral,A,2,219,1,0.671329557907248,1
rf,left_lateral__A,left_lateral,A,2,219,1,0.7179150338100238,1
rf,left_lateral__A,left_lateral,A,2,219,1,0.7307252244668153,1
rf,left_lateral__A,left_lateral,A,2,219,1,0.8098101178583752,1
rf,left_lateral__A,left_lateral,A,2,219,1,0.7647349861319435,1
rf,left_lateral__A,left_lateral,A,2,219,1,0.5788173966594589,1
rf,left_lateral__A,left_lateral,A,2,219,1,0.5882171674895001,1
rf,left_lateral__A,left_lateral,A,2,219,1,0.8526839007183493,1
rf,left_lateral__A,left_lateral,A,2,219,1,0.6108531450275538,1
rf,left_lateral__A,left_lateral,A,2,219,1,0.581194191674491,1
rf,left_lateral__A,left_lateral,A,2,219,1,0.5919080697460101,1
rf,left_lateral__A,left_lateral,A,3,313,0,0.45200060111434026,0
rf,left_lateral__A,left_lateral,A,3,313,0,0.5040085191697444,1
rf,left_lateral__A,left_lateral,A,3,313,0,0.30250075324407844,0
rf,left_lateral__A,left_lateral,A,3,313,0,0.24923334565682492,0
rf,left_lateral__A,left_lateral,A,3,313,0,0.416912718694687,0
rf,left_lateral__A,left_lateral,A,3,313,0,0.46657578657537874,0
rf,left_lateral__A,left_lateral,A,3,313,0,0.22942364355121764,0
rf,left_lateral__A,left_lateral,A,3,313,0,0.8501015181964562,1
rf,left_lateral__A,left_lateral,A,3,313,0,0.43596314349784104,0
rf,left_lateral__A,left_lateral,A,3,313,0,0.32041604165140625,0
rf,left_lateral__A,left_lateral,A,3,313,0,0.24275106764306126,0
rf,left_lateral__A,left_lateral,A,3,313,0,0.44892297693740624,0
rf,left_lateral__A,left_lateral,A,3,313,0,0.40446939632980483,0
rf,left_lateral__A,left_lateral,A,3,313,0,0.16290991431448837,0
rf,left_lateral__A,left_lateral,A,3,313,0,0.31225884005345383,0
rf,left_lateral__A,left_lateral,A,3,313,1,0.4343912075315712,0
rf,left_lateral__A,left_lateral,A,3,313,1,0.3846169585375075,0
rf,left_lateral__A,left_lateral,A,3,313,1,0.4700389128180549,0
rf,left_lateral__A,left_lateral,A,3,313,1,0.3316107807607964,0
rf,left_lateral__A,left_lateral,A,3,313,1,0.4230547048573248,0
rf,left_lateral__A,left_lateral,A,3,313,1,0.3551962426295537,0
rf,left_lateral__A,left_lateral,A,3,313,1,0.48715070050954945,0
rf,left_lateral__A,left_lateral,A,3,313,1,0.5533796409801316,1
rf,left_lateral__A,left_lateral,A,3,313,1,0.44270941385632384,0
rf,left_lateral__A,left_lateral,A,3,313,1,0.45292909856625074,0
rf,left_lateral__A,left_lateral,A,3,313,1,0.5479848740640272,1
rf,left_lateral__A,left_lateral,A,3,313,1,0.4469207486200336,0
rf,left_lateral__A,left_lateral,A,3,313,1,0.4095288492009441,0
rf,left_lateral__A,left_lateral,A,3,313,1,0.4986513478318189,0
rf,left_lateral__A,left_lateral,A,4,318,0,0.20862017016972748,0
rf,left_lateral__A,left_lateral,A,4,318,0,0.2973753194696038,0
rf,left_lateral__A,left_lateral,A,4,318,0,0.4443395005202519,0
rf,left_lateral__A,left_lateral,A,4,318,0,0.26039708233459896,0
rf,left_lateral__A,left_lateral,A,4,318,0,0.37214413630782306,0
rf,left_lateral__A,left_lateral,A,4,318,0,0.2363006909732428,0
rf,left_lateral__A,left_lateral,A,4,318,0,0.26930672191689714,0
rf,left_lateral__A,left_lateral,A,4,318,0,0.006549481632244603,0
rf,left_lateral__A,left_lateral,A,4,318,0,0.26012261439714196,0
rf,left_lateral__A,left_lateral,A,4,318,0,0.47372202766530913,0
rf,left_lateral__A,left_lateral,A,4,318,0,0.44859546289828356,0
rf,left_lateral__A,left_lateral,A,4,318,0,0.22038719747485463,0
rf,left_lateral__A,left_lateral,A,4,318,0,0.1848216514201767,0
rf,left_lateral__A,left_lateral,A,4,318,0,0.5951157198181928,1
rf,left_lateral__A,left_lateral,A,4,318,1,0.5181481344905962,1
rf,left_lateral__A,left_lateral,A,4,318,1,0.6132611166366889,1
rf,left_lateral__A,left_lateral,A,4,318,1,0.7007785406059852,1
rf,left_lateral__A,left_lateral,A,4,318,1,0.5534539973700456,1
rf,left_lateral__A,left_lateral,A,4,318,1,0.7806584072257623,1
rf,left_lateral__A,left_lateral,A,4,318,1,0.44336660813694934,0
rf,left_lateral__A,left_lateral,A,4,318,1,0.8200117656209285,1
rf,left_lateral__A,left_lateral,A,4,318,1,0.5229534270858028,1
rf,left_lateral__A,left_lateral,A,4,318,1,0.6115259736034854,1
rf,left_lateral__A,left_lateral,A,4,318,1,0.8378797199279494,1
rf,left_lateral__A,left_lateral,A,4,318,1,0.596696460692307,1
rf,left_lateral__A,left_lateral,A,4,318,1,0.7297244041329592,1
rf,left_lateral__A,left_lateral,A,4,318,1,0.7516807331963785,1
rf,left_lateral__A,left_lateral,A,4,318,1,0.7261909724416701,1
rf,left_lateral__A,left_lateral,A,5,300,0,0.6778160295347806,1
rf,left_lateral__A,left_lateral,A,5,300,0,0.6683743397373563,1
rf,left_lateral__A,left_lateral,A,5,300,0,0.5752054801369285,1
rf,left_lateral__A,left_lateral,A,5,300,0,0.6018116626479365,1
rf,left_lateral__A,left_lateral,A,5,300,0,0.6350727244161685,1
rf,left_lateral__A,left_lateral,A,5,300,0,0.6785965237334983,1
rf,left_lateral__A,left_lateral,A,5,300,0,0.6506534825592439,1
rf,left_lateral__A,left_lateral,A,5,300,0,0.65352388434771,1
rf,left_lateral__A,left_lateral,A,5,300,0,0.625753724397335,1
rf,left_lateral__A,left_lateral,A,5,300,0,0.6670225526806857,1
rf,left_lateral__A,left_lateral,A,5,300,0,0.6401697579308528,1
rf,left_lateral__A,left_lateral,A,5,300,0,0.47348082545964665,0
rf,left_lateral__A,left_lateral,A,5,300,0,0.61769243377749,1
rf,left_lateral__A,left_lateral,A,5,300,0,0.6901118721326749,1
rf,left_lateral__A,left_lateral,A,5,300,1,0.6288424046353446,1
rf,left_lateral__A,left_lateral,A,5,300,1,0.7009510168480495,1
rf,left_lateral__A,left_lateral,A,5,300,1,0.5951124445602044,1
rf,left_lateral__A,left_lateral,A,5,300,1,0.625006999570249,1
rf,left_lateral__A,left_lateral,A,5,300,1,0.6346274355610908,1
rf,left_lateral__A,left_lateral,A,5,300,1,0.6794764377423956,1
rf,left_lateral__A,left_lateral,A,5,300,1,0.6332593042221325,1
rf,left_lateral__A,left_lateral,A,5,300,1,0.6931312820178913,1
rf,left_lateral__A,left_lateral,A,5,300,1,0.6977083547725844,1
rf,left_lateral__A,left_lateral,A,5,300,1,0.6711097249863659,1
rf,left_lateral__A,left_lateral,A,5,300,1,0.6675718459996951,1
rf,left_lateral__A,left_lateral,A,5,300,1,0.7041409445445699,1
rf,left_lateral__A,left_lateral,A,5,300,1,0.6228132205854784,1
rf,left_lateral__A,left_lateral,A,5,300,1,0.6605023359715261,1
rf,left_lateral__A,left_lateral,A,6,271,0,0.23757525992679918,0
rf,left_lateral__A,left_lateral,A,6,271,0,0.5694870366252816,1
rf,left_lateral__A,left_lateral,A,6,271,0,0.2684641261333929,0
rf,left_lateral__A,left_lateral,A,6,271,0,0.7487107684672124,1
rf,left_lateral__A,left_lateral,A,6,271,0,0.23835813758015373,0
rf,left_lateral__A,left_lateral,A,6,271,0,0.28404878234929093,0
rf,left_lateral__A,left_lateral,A,6,271,0,0.23951941613361147,0
rf,left_lateral__A,left_lateral,A,6,271,0,0.013951709229123173,0
rf,left_lateral__A,left_lateral,A,6,271,0,0.005136446514719664,0
rf,left_lateral__A,left_lateral,A,6,271,0,0.23153209073755435,0
rf,left_lateral__A,left_lateral,A,6,271,0,0.47155794861053885,0
rf,left_lateral__A,left_lateral,A,6,271,0,0.043344947683021856,0
rf,left_lateral__A,left_lateral,A,6,271,0,0.2458968640271104,0
rf,left_lateral__A,left_lateral,A,6,271,0,0.22373675161110065,0
rf,left_lateral__A,left_lateral,A,6,271,1,0.5061806635435641,1
rf,left_lateral__A,left_lateral,A,6,271,1,0.6969424226677217,1
rf,left_lateral__A,left_lateral,A,6,271,1,0.3513039509183377,0
rf,left_lateral__A,left_lateral,A,6,271,1,0.7067630995434265,1
rf,left_lateral__A,left_lateral,A,6,271,1,0.6453428379106441,1
rf,left_lateral__A,left_lateral,A,6,271,1,0.5722274471408582,1
rf,left_lateral__A,left_lateral,A,6,271,1,0.7533511961466266,1
rf,left_lateral__A,left_lateral,A,6,271,1,0.5785937305987822,1
rf,left_lateral__A,left_lateral,A,6,271,1,0.6498941633039099,1
rf,left_lateral__A,left_lateral,A,6,271,1,0.6932096658914491,1
rf,left_lateral__A,left_lateral,A,6,271,1,0.575109487611029,1
rf,left_lateral__A,left_lateral,A,6,271,1,0.8390066759302135,1
rf,left_lateral__A,left_lateral,A,6,271,1,0.7881651418496888,1
rf,left_lateral__A,left_lateral,A,6,271,1,0.6471161473690964,1
rf,left_lateral__A,left_lateral,A,7,251,0,0.01229839551770225,0
rf,left_lateral__A,left_lateral,A,7,251,0,0.013914235439654728,0
rf,left_lateral__A,left_lateral,A,7,251,0,0.011688625429147543,0
rf,left_lateral__A,left_lateral,A,7,251,0,0.04406981728756669,0
rf,left_lateral__A,left_lateral,A,7,251,0,0.04551217231822599,0
rf,left_lateral__A,left_lateral,A,7,251,0,0.07315237556136923,0
rf,left_lateral__A,left_lateral,A,7,251,0,0.1563150512517194,0
rf,left_lateral__A,left_lateral,A,7,251,0,0.019755773052275553,0
rf,left_lateral__A,left_lateral,A,7,251,0,0.025836450545156157,0
rf,left_lateral__A,left_lateral,A,7,251,0,0.11073032927981251,0
rf,left_lateral__A,left_lateral,A,7,251,0,0.10297656444413907,0
rf,left_lateral__A,left_lateral,A,7,251,0,0.023479044092711187,0
rf,left_lateral__A,left_lateral,A,7,251,0,0.021566889018057908,0
rf,left_lateral__A,left_lateral,A,7,251,0,0.020883480650534546,0
rf,left_lateral__A,left_lateral,A,7,251,1,0.31342446507485816,0
rf,left_lateral__A,left_lateral,A,7,251,1,0.21429169309904508,0
rf,left_lateral__A,left_lateral,A,7,251,1,0.10439866768754676,0
rf,left_lateral__A,left_lateral,A,7,251,1,0.07568166781265523,0
rf,left_lateral__A,left_lateral,A,7,251,1,0.0258057503974431,0
rf,left_lateral__A,left_lateral,A,7,251,1,0.42015801888377297,0
rf,left_lateral__A,left_lateral,A,7,251,1,0.11427589999844208,0
rf,left_lateral__A,left_lateral,A,7,251,1,0.1775674063382882,0
rf,left_lateral__A,left_lateral,A,7,251,1,0.3316420526334447,0
rf,left_lateral__A,left_lateral,A,7,251,1,0.04075228530398183,0
rf,left_lateral__A,left_lateral,A,7,251,1,0.06359253188525135,0
rf,left_lateral__A,left_lateral,A,7,251,1,0.25312058016410466,0
rf,left_lateral__A,left_lateral,A,7,251,1,0.608921781361648,1
rf,left_lateral__A,left_lateral,A,8,282,0,0.020861867579581708,0
rf,left_lateral__A,left_lateral,A,8,282,0,0.07165345516630355,0
rf,left_lateral__A,left_lateral,A,8,282,0,0.11037401690685492,0
rf,left_lateral__A,left_lateral,A,8,282,0,0.26991197678918244,0
rf,left_lateral__A,left_lateral,A,8,282,0,0.17365146764431968,0
rf,left_lateral__A,left_lateral,A,8,282,0,0.23707647017547284,0
rf,left_lateral__A,left_lateral,A,8,282,0,0.14471454444976797,0
rf,left_lateral__A,left_lateral,A,8,282,0,0.1069285320194764,0
rf,left_lateral__A,left_lateral,A,8,282,0,0.06964728200024141,0
rf,left_lateral__A,left_lateral,A,8,282,0,0.08977961400378075,0
rf,left_lateral__A,left_lateral,A,8,282,0,0.14096755175054368,0
rf,left_lateral__A,left_lateral,A,8,282,0,0.03935310993673194,0
rf,left_lateral__A,left_lateral,A,8,282,0,0.34954191284530217,0
rf,left_lateral__A,left_lateral,A,8,282,0,0.1386117272424993,0
rf,left_lateral__A,left_lateral,A,8,282,1,0.7078728597173409,1
rf,left_lateral__A,left_lateral,A,8,282,1,0.6933469474955837,1
rf,left_lateral__A,left_lateral,A,8,282,1,0.5658208751460743,1
rf,left_lateral__A,left_lateral,A,8,282,1,0.6735825035551316,1
rf,left_lateral__A,left_lateral,A,8,282,1,0.6541692038995598,1
rf,left_lateral__A,left_lateral,A,8,282,1,0.6564084815422925,1
rf,left_lateral__A,left_lateral,A,8,282,1,0.6159326637854181,1
rf,left_lateral__A,left_lateral,A,8,282,1,0.804695258625739,1
rf,left_lateral__A,left_lateral,A,8,282,1,0.7531613265157736,1
rf,left_lateral__A,left_lateral,A,8,282,1,0.753155062885931,1
rf,left_lateral__A,left_lateral,A,8,282,1,0.7112731678528125,1
rf,left_lateral__A,left_lateral,A,9,210,0,0.04909963674549274,0
rf,left_lateral__A,left_lateral,A,9,210,0,0.10917173239019809,0
rf,left_lateral__A,left_lateral,A,9,210,0,0.30392107377231037,0
rf,left_lateral__A,left_lateral,A,9,210,0,0.3362210324525475,0
rf,left_lateral__A,left_lateral,A,9,210,0,0.17933896102340163,0
rf,left_lateral__A,left_lateral,A,9,210,0,0.46925293309162525,0
rf,left_lateral__A,left_lateral,A,9,210,0,0.06679102925267094,0
rf,left_lateral__A,left_lateral,A,9,210,0,0.8261538542705761,1
rf,left_lateral__A,left_lateral,A,9,210,0,0.25106499334668747,0
rf,left_lateral__A,left_lateral,A,9,210,0,0.17045102099725906,0
rf,left_lateral__A,left_lateral,A,9,210,0,0.14328688616951868,0
rf,left_lateral__A,left_lateral,A,9,210,0,0.03599968366190389,0
rf,left_lateral__A,left_lateral,A,9,210,0,0.17657630788363382,0
rf,left_lateral__A,left_lateral,A,9,210,0,0.2733413775231328,0
rf,left_lateral__A,left_lateral,A,9,210,1,0.761333169145187,1
rf,left_lateral__A,left_lateral,A,9,210,1,0.7551185704434407,1
rf,left_lateral__A,left_lateral,A,9,210,1,0.8032735491457295,1
rf,left_lateral__A,left_lateral,A,9,210,1,0.833848468486365,1
rf,left_lateral__A,left_lateral,A,9,210,1,0.8610098138031355,1
rf,left_lateral__A,left_lateral,A,9,210,1,0.8040760216725564,1
rf,left_lateral__A,left_lateral,A,9,210,1,0.6590855444416932,1
rf,left_lateral__A,left_lateral,A,9,210,1,0.8053384284072928,1
rf,left_lateral__A,left_lateral,A,9,210,1,0.8612606249101811,1
rf,left_lateral__A,left_lateral,A,9,210,1,0.8616903767521066,1
rf,left_lateral__A,left_lateral,A,9,210,1,0.8453588066729241,1
rf,left_lateral__A,left_lateral,A,10,265,0,0.1160421722988436,0
rf,left_lateral__A,left_lateral,A,10,265,0,0.25282436173801826,0
rf,left_lateral__A,left_lateral,A,10,265,0,0.37058428724614195,0
rf,left_lateral__A,left_lateral,A,10,265,0,0.7284534799512898,1
rf,left_lateral__A,left_lateral,A,10,265,0,0.8045568136297575,1
rf,left_lateral__A,left_lateral,A,10,265,0,0.5067824214871162,1
rf,left_lateral__A,left_lateral,A,10,265,0,0.47334618989888605,0
rf,left_lateral__A,left_lateral,A,10,265,0,0.7646680497522866,1
rf,left_lateral__A,left_lateral,A,10,265,0,0.12941051403861767,0
rf,left_lateral__A,left_lateral,A,10,265,0,0.3458504477346708,0
rf,left_lateral__A,left_lateral,A,10,265,0,0.3090156889765335,0
rf,left_lateral__A,left_lateral,A,10,265,0,0.21540286476221682,0
rf,left_lateral__A,left_lateral,A,10,265,0,0.3541942249091072,0
rf,left_lateral__A,left_lateral,A,10,265,1,0.16026327707990493,0
rf,left_lateral__A,left_lateral,A,10,265,1,0.5138480966915069,1
rf,left_lateral__A,left_lateral,A,10,265,1,0.7661743192003683,1
rf,left_lateral__A,left_lateral,A,10,265,1,0.8300395073224158,1
rf,left_lateral__A,left_lateral,A,10,265,1,0.31575304978745555,0
rf,left_lateral__A,left_lateral,A,10,265,1,0.1904494932590433,0
rf,left_lateral__A,left_lateral,A,10,265,1,0.1635791797661418,0
rf,left_lateral__A,left_lateral,A,10,265,1,0.7672233968377782,1
rf,left_lateral__A,left_lateral,A,10,265,1,0.886206463431428,1
rf,left_lateral__A,left_lateral,A,10,265,1,0.7623054786394482,1
rf,left_lateral__A,left_lateral,A,10,265,1,0.2507980829108695,0
rf,left_lateral__B,left_lateral,B,1,249,0,0.47771668598559025,0
rf,left_lateral__B,left_lateral,B,1,249,0,0.5628894646924515,1
rf,left_lateral__B,left_lateral,B,1,249,0,0.4268914898822422,0
rf,left_lateral__B,left_lateral,B,1,249,0,0.6957252065332631,1
rf,left_lateral__B,left_lateral,B,1,249,0,0.82238122835352,1
rf,left_lateral__B,left_lateral,B,1,249,0,0.5470082810985576,1
rf,left_lateral__B,left_lateral,B,1,249,0,0.6171667365855565,1
rf,left_lateral__B,left_lateral,B,1,249,0,0.5347245552894367,1
rf,left_lateral__B,left_lateral,B,1,249,0,0.5947222698986461,1
rf,left_lateral__B,left_lateral,B,1,249,0,0.35599541762404735,0
rf,left_lateral__B,left_lateral,B,1,249,0,0.3012995058129871,0
rf,left_lateral__B,left_lateral,B,1,249,0,0.7111025920968812,1
rf,left_lateral__B,left_lateral,B,1,249,0,0.20971778072900232,0
rf,left_lateral__B,left_lateral,B,1,249,0,0.5523612544208238,1
rf,left_lateral__B,left_lateral,B,1,249,0,0.5008804487798362,1
rf,left_lateral__B,left_lateral,B,1,249,1,0.42553385453224474,0
rf,left_lateral__B,left_lateral,B,1,249,1,0.4921793971543572,0
rf,left_lateral__B,left_lateral,B,1,249,1,0.42681929210658637,0
rf,left_lateral__B,left_lateral,B,1,249,1,0.6646715780536447,1
rf,left_lateral__B,left_lateral,B,1,249,1,0.5420982444878583,1
rf,left_lateral__B,left_lateral,B,1,249,1,0.5092419229306886,1
rf,left_lateral__B,left_lateral,B,1,249,1,0.48830676643851717,0
rf,left_lateral__B,left_lateral,B,1,249,1,0.5982164177424744,1
rf,left_lateral__B,left_lateral,B,1,249,1,0.3924052931224897,0
rf,left_lateral__B,left_lateral,B,1,249,1,0.502457582678684,1
rf,left_lateral__B,left_lateral,B,1,249,1,0.5506220951732108,1
rf,left_lateral__B,left_lateral,B,1,249,1,0.47529521409983133,0
rf,left_lateral__B,left_lateral,B,1,249,1,0.4995159506202007,0
rf,left_lateral__B,left_lateral,B,1,249,1,0.3978472247852301,0
rf,left_lateral__B,left_lateral,B,1,249,1,0.6460477818179424,1
rf,left_lateral__B,left_lateral,B,1,249,1,0.6902493307467598,1
rf,left_lateral__B,left_lateral,B,1,249,1,0.5390057510164575,1
rf,left_lateral__B,left_lateral,B,2,219,0,0.5925288519790459,1
rf,left_lateral__B,left_lateral,B,2,219,0,0.5834102488789299,1
rf,left_lateral__B,left_lateral,B,2,219,0,0.49558803870756307,0
rf,left_lateral__B,left_lateral,B,2,219,0,0.6058271635404379,1
rf,left_lateral__B,left_lateral,B,2,219,0,0.4285921435842909,0
rf,left_lateral__B,left_lateral,B,2,219,0,0.6125624822328506,1
rf,left_lateral__B,left_lateral,B,2,219,0,0.45070886814376043,0
rf,left_lateral__B,left_lateral,B,2,219,0,0.47832451640197754,0
rf,left_lateral__B,left_lateral,B,2,219,0,0.4455692899942262,0
rf,left_lateral__B,left_lateral,B,2,219,0,0.5231961475018602,1
rf,left_lateral__B,left_lateral,B,2,219,0,0.6506571781680289,1
rf,left_lateral__B,left_lateral,B,2,219,0,0.32178244003977946,0
rf,left_lateral__B,left_lateral,B,2,219,0,0.6595916793432752,1
rf,left_lateral__B,left_lateral,B,2,219,0,0.3572286622780473,0
rf,left_lateral__B,left_lateral,B,2,219,1,0.541489233565392,1
rf,left_lateral__B,left_lateral,B,2,219,1,0.6370404692188439,1
rf,left_lateral__B,left_lateral,B,2,219,1,0.6145403502949023,1
rf,left_lateral__B,left_lateral,B,2,219,1,0.4884009402352082,0
rf,left_lateral__B,left_lateral,B,2,219,1,0.6093254572457273,1
rf,left_lateral__B,left_lateral,B,2,219,1,0.48021649391064153,0
rf,left_lateral__B,left_lateral,B,2,219,1,0.48897031361325455,0
rf,left_lateral__B,left_lateral,B,2,219,1,0.2512982036701428,0
rf,left_lateral__B,left_lateral,B,2,219,1,0.484699876014064,0
rf,left_lateral__B,left_lateral,B,2,219,1,0.3877504341803267,0
rf,left_lateral__B,left_lateral,B,2,219,1,0.5230714323124442,1
rf,left_lateral__B,left_lateral,B,2,219,1,0.3917337907321701,0
rf,left_lateral__B,left_lateral,B,2,219,1,0.4239586134135515,0
rf,left_lateral__B,left_lateral,B,2,219,1,0.44043651714091353,0
rf,left_lateral__B,left_lateral,B,2,219,1,0.6412664246741818,1
rf,left_lateral__B,left_lateral,B,2,219,1,0.3711534422491466,0
rf,left_lateral__B,left_lateral,B,3,313,0,0.4797276673127469,0
rf,left_lateral__B,left_lateral,B,3,313,0,0.3741215094175269,0
rf,left_lateral__B,left_lateral,B,3,313,0,0.45128097083817864,0
rf,left_lateral__B,left_lateral,B,3,313,0,0.4543989898442175,0
rf,left_lateral__B,left_lateral,B,3,313,0,0.5545615022892306,1
rf,left_lateral__B,left_lateral,B,3,313,0,0.6778488101466452,1
rf,left_lateral__B,left_lateral,B,3,313,0,0.6084313113830003,1
rf,left_lateral__B,left_lateral,B,3,313,0,0.5383947393711151,1
rf,left_lateral__B,left_lateral,B,3,313,0,0.6318416493625245,1
rf,left_lateral__B,left_lateral,B,3,313,0,0.4582443568316503,0
rf,left_lateral__B,left_lateral,B,3,313,0,0.5730877658905149,1
rf,left_lateral__B,left_lateral,B,3,313,0,0.4727652444526481,0
rf,left_lateral__B,left_lateral,B,3,313,0,0.5270271600336719,1
rf,left_lateral__B,left_lateral,B,3,313,0,0.4946715775204618,0
rf,left_lateral__B,left_lateral,B,3,313,0,0.429780261502068,0
rf,left_lateral__B,left_lateral,B,3,313,1,0.48668657906516105,0
rf,left_lateral__B,left_lateral,B,3,313,1,0.5275031581778018,1
rf,left_lateral__B,left_lateral,B,3,313,1,0.42301201120767407,0
rf,left_lateral__B,left_lateral,B,3,313,1,0.4431227173536704,0
rf,left_lateral__B,left_lateral,B,3,313,1,0.5235148907403281,1
rf,left_lateral__B,left_lateral,B,3,313,1,0.6674454238081828,1
rf,left_lateral__B,left_lateral,B,3,313,1,0.73903398297123,1
rf,left_lateral__B,left_lateral,B,3,313,1,0.38849614946167477,0
rf,left_lateral__B,left_lateral,B,3,313,1,0.34705839392925564,0
rf,left_lateral__B,left_lateral,B,3,313,1,0.6347692361044774,1
rf,left_lateral__B,left_lateral,B,3,313,1,0.4463216237743401,0
rf,left_lateral__B,left_lateral,B,3,313,1,0.5711914044066462,1
rf,left_lateral__B,left_lateral,B,3,313,1,0.5457047078375747,1
rf,left_lateral__B,left_lateral,B,3,313,1,0.5714575545512232,1
rf,left_lateral__B,left_lateral,B,4,318,0,0.5548347481557672,1
rf,left_lateral__B,left_lateral,B,4,318,0,0.48097271995629776,0
rf,left_lateral__B,left_lateral,B,4,318,0,0.5140465553075928,1
rf,left_lateral__B,left_lateral,B,4,318,0,0.4254707440830942,0
rf,left_lateral__B,left_lateral,B,4,318,0,0.3307242644668706,0
rf,left_lateral__B,left_lateral,B,4,318,0,0.5366552965425685,1
rf,left_lateral__B,left_lateral,B,4,318,0,0.37396311842206925,0
rf,left_lateral__B,left_lateral,B,4,318,0,0.46897923575443706,0
rf,left_lateral__B,left_lateral,B,4,318,0,0.2843526842886385,0
rf,left_lateral__B,left_lateral,B,4,318,0,0.5091262735020579,1
rf,left_lateral__B,left_lateral,B,4,318,0,0.5260409796192042,1
rf,left_lateral__B,left_lateral,B,4,318,0,0.3701926577416904,0
rf,left_lateral__B,left_lateral,B,4,318,0,0.5024677711416854,1
rf,left_lateral__B,left_lateral,B,4,318,0,0.502288515059624,1
rf,left_lateral__B,left_lateral,B,4,318,1,0.44360544563190657,0
rf,left_lateral__B,left_lateral,B,4,318,1,0.5576621319143245,1
rf,left_lateral__B,left_lateral,B,4,318,1,0.4492106884822561,0
rf,left_lateral__B,left_lateral,B,4,318,1,0.6054315786013786,1
rf,left_lateral__B,left_lateral,B,4,318,1,0.4721847674791823,0
rf,left_lateral__B,left_lateral,B,4,318,1,0.4478248396793291,0
rf,left_lateral__B,left_lateral,B,4,318,1,0.39030746905457114,0
rf,left_lateral__B,left_lateral,B,4,318,1,0.41397195593258557,0
rf,left_lateral__B,left_lateral,B,4,318,1,0.5027451355895337,1
rf,left_lateral__B,left_lateral,B,4,318,1,0.41596166923019867,0
rf,left_lateral__B,left_lateral,B,4,318,1,0.4262871526936425,0
rf,left_lateral__B,left_lateral,B,4,318,1,0.42534519522102143,0
rf,left_lateral__B,left_lateral,B,4,318,1,0.32953431148120105,0
rf,left_lateral__B,left_lateral,B,4,318,1,0.4105229237690744,0
rf,left_lateral__B,left_lateral,B,5,300,0,0.4810016836253621,0
rf,left_lateral__B,left_lateral,B,5,300,0,0.4032181676949677,0
rf,left_lateral__B,left_lateral,B,5,300,0,0.4475058245388686,0
rf,left_lateral__B,left_lateral,B,5,300,0,0.4349786908437778,0
rf,left_lateral__B,left_lateral,B,5,300,0,0.5316141083328644,1
rf,left_lateral__B,left_lateral,B,5,300,0,0.5332655409112024,1
rf,left_lateral__B,left_lateral,B,5,300,0,0.42216025932603096,0
rf,left_lateral__B,left_lateral,B,5,300,0,0.36386788261652275,0
rf,left_lateral__B,left_lateral,B,5,300,0,0.44374647151968377,0
rf,left_lateral__B,left_lateral,B,5,300,0,0.432329681375202,0
rf,left_lateral__B,left_lateral,B,5,300,0,0.5022454175886876,1
rf,left_lateral__B,left_lateral,B,5,300,0,0.47666643978063306,0
rf,left_lateral__B,left_lateral,B,5,300,0,0.5324813508677474,1
rf,left_lateral__B,left_lateral,B,5,300,0,0.3794851039052742,0
rf,left_lateral__B,left_lateral,B,5,300,1,0.3250204038321652,0
rf,left_lateral__B,left_lateral,B,5,300,1,0.39761722785229403,0
rf,left_lateral__B,left_lateral,B,5,300,1,0.3829992199590293,0
rf,left_lateral__B,left_lateral,B,5,300,1,0.5390339452995135,1
rf,left_lateral__B,left_lateral,B,5,300,1,0.6284764632967679,1
rf,left_lateral__B,left_lateral,B,5,300,1,0.4104007410959354,0
rf,left_lateral__B,left_lateral,B,5,300,1,0.47174047353373183,0
rf,left_lateral__B,left_lateral,B,5,300,1,0.3926398963947813,0
rf,left_lateral__B,left_lateral,B,5,300,1,0.38030667778099425,0
rf,left_lateral__B,left_lateral,B,5,300,1,0.360198026264175,0
rf,left_lateral__B,left_lateral,B,5,300,1,0.41185455454049946,0
rf,left_lateral__B,left_lateral,B,5,300,1,0.43690413812178513,0
rf,left_lateral__B,left_lateral,B,5,300,1,0.4914496989556378,0
rf,left_lateral__B,left_lateral,B,5,300,1,0.3450682583124835,0
rf,left_lateral__B,left_lateral,B,6,271,0,0.6746364878948566,1
rf,left_lateral__B,left_lateral,B,6,271,0,0.5672523353020861,1
rf,left_lateral__B,left_lateral,B,6,271,0,0.44285284182671275,0
rf,left_lateral__B,left_lateral,B,6,271,0,0.5225815701823143,1
rf,left_lateral__B,left_lateral,B,6,271,0,0.374540752864851,0
rf,left_lateral__B,left_lateral,B,6,271,0,0.36589277581706986,0
rf,left_lateral__B,left_lateral,B,6,271,0,0.6160735325791467,1
rf,left_lateral__B,left_lateral,B,6,271,0,0.42273694029956876,0
rf,left_lateral__B,left_lateral,B,6,271,0,0.5380913480951439,1
rf,left_lateral__B,left_lateral,B,6,271,0,0.5276538633259673,1
rf,left_lateral__B,left_lateral,B,6,271,0,0.507879383677822,1
rf,left_lateral__B,left_lateral,B,6,271,0,0.5713400113410444,1
rf,left_lateral__B,left_lateral,B,6,271,0,0.511703352413108,1
rf,left_lateral__B,left_lateral,B,6,271,0,0.41822497681421233,0
rf,left_lateral__B,left_lateral,B,6,271,1,0.47969473879477265,0
rf,left_lateral__B,left_lateral,B,6,271,1,0.4508103966892359,0
rf,left_lateral__B,left_lateral,B,6,271,1,0.3986470040106247,0
rf,left_lateral__B,left_lateral,B,6,271,1,0.36717200380439313,0
rf,left_lateral__B,left_lateral,B,6,271,1,0.38427104072248136,0
rf,left_lateral__B,left_lateral,B,6,271,1,0.5300686441797522,1
rf,left_lateral__B,left_lateral,B,6,271,1,0.5857191756165633,1
rf,left_lateral__B,left_lateral,B,6,271,1,0.4923892373840789,0
rf,left_lateral__B,left_lateral,B,6,271,1,0.5424783097390372,1
rf,left_lateral__B,left_lateral,B,6,271,1,0.5918829738540018,1
rf,left_lateral__B,left_lateral,B,6,271,1,0.5208513265745688,1
rf,left_lateral__B,left_lateral,B,6,271,1,0.5494982631597529,1
rf,left_lateral__B,left_lateral,B,6,271,1,0.5338814876507975,1
rf,left_lateral__B,left_lateral,B,6,271,1,0.5415195245368861,1
rf,left_lateral__B,left_lateral,B,7,251,0,0.4094805376007492,0
rf,left_lateral__B,left_lateral,B,7,251,0,0.5449011687743299,1
rf,left_lateral__B,left_lateral,B,7,251,0,0.25099698187792446,0
rf,left_lateral__B,left_lateral,B,7,251,0,0.3676782424805151,0
rf,left_lateral__B,left_lateral,B,7,251,0,0.4054423042675646,0
rf,left_lateral__B,left_lateral,B,7,251,0,0.47458326283216046,0
rf,left_lateral__B,left_lateral,B,7,251,0,0.48904914759840573,0
rf,left_lateral__B,left_lateral,B,7,251,0,0.35154282122034763,0
rf,left_lateral__B,left_lateral,B,7,251,0,0.38848562191657704,0
rf,left_lateral__B,left_lateral,B,7,251,0,0.3482519485479283,0
rf,left_lateral__B,left_lateral,B,7,251,0,0.5409056297019776,1
rf,left_lateral__B,left_lateral,B,7,251,0,0.4080110980408878,0
rf,left_lateral__B,left_lateral,B,7,251,0,0.6506292150399616,1
rf,left_lateral__B,left_lateral,B,7,251,0,0.6503910515186904,1
rf,left_lateral__B,left_lateral,B,7,251,1,0.5162433660820703,1
rf,left_lateral__B,left_lateral,B,7,251,1,0.25359982435373085,0
rf,left_lateral__B,left_lateral,B,7,251,1,0.46595097563984905,0
rf,left_lateral__B,left_lateral,B,7,251,1,0.3545744258021379,0
rf,left_lateral__B,left_lateral,B,7,251,1,0.2615113894923687,0
rf,left_lateral__B,left_lateral,B,7,251,1,0.32297159380219326,0
rf,left_lateral__B,left_lateral,B,7,251,1,0.6048854724993888,1
rf,left_lateral__B,left_lateral,B,7,251,1,0.32472563091387946,0
rf,left_lateral__B,left_lateral,B,7,251,1,0.46733473977591017,0
rf,left_lateral__B,left_lateral,B,7,251,1,0.5241167228453825,1
rf,left_lateral__B,left_lateral,B,7,251,1,0.3743461323839468,0
rf,left_lateral__B,left_lateral,B,7,251,1,0.3759471042610948,0
rf,left_lateral__B,left_lateral,B,7,251,1,0.5494764107891946,1
rf,left_lateral__B,left_lateral,B,8,282,0,0.5971685073502858,1
rf,left_lateral__B,left_lateral,B,8,282,0,0.5885955036728101,1
rf,left_lateral__B,left_lateral,B,8,282,0,0.2471955390515702,0
rf,left_lateral__B,left_lateral,B,8,282,0,0.3087327021776959,0
rf,left_lateral__B,left_lateral,B,8,282,0,0.6890682932594505,1
rf,left_lateral__B,left_lateral,B,8,282,0,0.5988243974276838,1
rf,left_lateral__B,left_lateral,B,8,282,0,0.5453471607946778,1
rf,left_lateral__B,left_lateral,B,8,282,0,0.29768394495216816,0
rf,left_lateral__B,left_lateral,B,8,282,0,0.6640785360460951,1
rf,left_lateral__B,left_lateral,B,8,282,0,0.4729289377831318,0
rf,left_lateral__B,left_lateral,B,8,282,0,0.5837344091473357,1
rf,left_lateral__B,left_lateral,B,8,282,0,0.25938039373968413,0
rf,left_lateral__B,left_lateral,B,8,282,0,0.5102309469927195,1
rf,left_lateral__B,left_lateral,B,8,282,0,0.45287886446218195,0
rf,left_lateral__B,left_lateral,B,8,282,1,0.6347236725040819,1
rf,left_lateral__B,left_lateral,B,8,282,1,0.5307703218347953,1
rf,left_lateral__B,left_lateral,B,8,282,1,0.528252107710953,1
rf,left_lateral__B,left_lateral,B,8,282,1,0.3991448628201908,0
rf,left_lateral__B,left_lateral,B,8,282,1,0.40862022907669415,0
rf,left_lateral__B,left_lateral,B,8,282,1,0.567938567272857,1
rf,left_lateral__B,left_lateral,B,8,282,1,0.6853753837693379,1
rf,left_lateral__B,left_lateral,B,8,282,1,0.6885096678563396,1
rf,left_lateral__B,left_lateral,B,8,282,1,0.4597684118257761,0
rf,left_lateral__B,left_lateral,B,8,282,1,0.3227494623974009,0
rf,left_lateral__B,left_lateral,B,8,282,1,0.5258772512720267,1
rf,left_lateral__B,left_lateral,B,9,210,0,0.504985725495616,1
rf,left_lateral__B,left_lateral,B,9,210,0,0.5428111049472482,1
rf,left_lateral__B,left_lateral,B,9,210,0,0.3737795878045746,0
rf,left_lateral__B,left_lateral,B,9,210,0,0.3008538065551397,0
rf,left_lateral__B,left_lateral,B,9,210,0,0.36890215588490477,0
rf,left_lateral__B,left_lateral,B,9,210,0,0.4121040855079898,0
rf,left_lateral__B,left_lateral,B,9,210,0,0.7198590689508996,1
rf,left_lateral__B,left_lateral,B,9,210,0,0.5137714499769206,1
rf,left_lateral__B,left_lateral,B,9,210,0,0.459603503654608,0
rf,left_lateral__B,left_lateral,B,9,210,0,0.3817128053046852,0
rf,left_lateral__B,left_lateral,B,9,210,0,0.2568636363371489,0
rf,left_lateral__B,left_lateral,B,9,210,0,0.40026897218140106,0
rf,left_lateral__B,left_lateral,B,9,210,0,0.6931007077353948,1
rf,left_lateral__B,left_lateral,B,9,210,0,0.2684196013161885,0
rf,left_lateral__B,left_lateral,B,9,210,1,0.46257251604087835,0
rf,left_lateral__B,left_lateral,B,9,210,1,0.48283728603912535,0
rf,left_lateral__B,left_lateral,B,9,210,1,0.4039379262400587,0
rf,left_lateral__B,left_lateral,B,9,210,1,0.46488974722803883,0
rf,left_lateral__B,left_lateral,B,9,210,1,0.47743796131936556,0
rf,left_lateral__B,left_lateral,B,9,210,1,0.38347041218034705,0
rf,left_lateral__B,left_lateral,B,9,210,1,0.6003891857954132,1
rf,left_lateral__B,left_lateral,B,9,210,1,0.3878842580438471,0
rf,left_lateral__B,left_lateral,B,9,210,1,0.4432867160029362,0
rf,left_lateral__B,left_lateral,B,9,210,1,0.5076148110088723,1
rf,left_lateral__B,left_lateral,B,9,210,1,0.5897624465116926,1
rf,left_lateral__B,left_lateral,B,10,265,0,0.3609603824196414,0
rf,left_lateral__B,left_lateral,B,10,265,0,0.3611147091524738,0
rf,left_lateral__B,left_lateral,B,10,265,0,0.47095646473324737,0
rf,left_lateral__B,left_lateral,B,10,265,0,0.4435468887048909,0
rf,left_lateral__B,left_lateral,B,10,265,0,0.6181136060834171,1
rf,left_lateral__B,left_lateral,B,10,265,0,0.40655313427671674,0
rf,left_lateral__B,left_lateral,B,10,265,0,0.7274875182492444,1
rf,left_lateral__B,left_lateral,B,10,265,0,0.34835147221069157,0
rf,left_lateral__B,left_lateral,B,10,265,0,0.4899682419454965,0
rf,left_lateral__B,left_lateral,B,10,265,0,0.46626789698458376,0
rf,left_lateral__B,left_lateral,B,10,265,0,0.5919221510280266,1
rf,left_lateral__B,left_lateral,B,10,265,0,0.2894719120345816,0
rf,left_lateral__B,left_lateral,B,10,265,0,0.5005719849182969,1
rf,left_lateral__B,left_lateral,B,10,265,1,0.47042126553900876,0
rf,left_lateral__B,left_lateral,B,10,265,1,0.2950785568288378,0
rf,left_lateral__B,left_lateral,B,10,265,1,0.5738513423024368,1
rf,left_lateral__B,left_lateral,B,10,265,1,0.7058059181490806,1
rf,left_lateral__B,left_lateral,B,10,265,1,0.4279008934525516,0
rf,left_lateral__B,left_lateral,B,10,265,1,0.5374799104565653,1
rf,left_lateral__B,left_lateral,B,10,265,1,0.5222919838167516,1
rf,left_lateral__B,left_lateral,B,10,265,1,0.6385562605406007,1
rf,left_lateral__B,left_lateral,B,10,265,1,0.6138832575959551,1
rf,left_lateral__B,left_lateral,B,10,265,1,0.5489790695676914,1
rf,left_lateral__B,left_lateral,B,10,265,1,0.6344286914685283,1
rf,left_lateral__C,left_lateral,C,1,249,0,0.16005995044450688,0
rf,left_lateral__C,left_lateral,C,1,249,0,0.28835284027875474,0
rf,left_lateral__C,left_lateral,C,1,249,0,0.8192394343948411,1
rf,left_lateral__C,left_lateral,C,1,249,0,0.1790269985684674,0
rf,left_lateral__C,left_lateral,C,1,249,0,0.22088879248375132,0
rf,left_lateral__C,left_lateral,C,1,249,0,0.2870277869695829,0
rf,left_lateral__C,left_lateral,C,1,249,0,0.3175091580753137,0
rf,left_lateral__C,left_lateral,C,1,249,0,0.2032434365025041,0
rf,left_lateral__C,left_lateral,C,1,249,0,0.22280181301541127,0
rf,left_lateral__C,left_lateral,C,1,249,0,0.23757715113566466,0
rf,left_lateral__C,left_lateral,C,1,249,0,0.23839862320686536,0
rf,left_lateral__C,left_lateral,C,1,249,0,0.39471866590406857,0
rf,left_lateral__C,left_lateral,C,1,249,0,0.21806775457146726,0
rf,left_lateral__C,left_lateral,C,1,249,0,0.9496254541189202,1
rf,left_lateral__C,left_lateral,C,1,249,0,0.1086454988522652,0
rf,left_lateral__C,left_lateral,C,1,249,1,0.46957494040480424,0
rf,left_lateral__C,left_lateral,C,1,249,1,0.5306912047924345,1
rf,left_lateral__C,left_lateral,C,1,249,1,0.7685239328900506,1
rf,left_lateral__C,left_lateral,C,1,249,1,0.8099260940085219,1
rf,left_lateral__C,left_lateral,C,1,249,1,0.6750754632710716,1
rf,left_lateral__C,left_lateral,C,1,249,1,0.17217826760333976,0
rf,left_lateral__C,left_lateral,C,1,249,1,0.3445802898250069,0
rf,left_lateral__C,left_lateral,C,1,249,1,0.5315074989670008,1
rf,left_lateral__C,left_lateral,C,1,249,1,0.5690428030539387,1
rf,left_lateral__C,left_lateral,C,1,249,1,0.5533842028695206,1
rf,left_lateral__C,left_lateral,C,1,249,1,0.36999611456907094,0
rf,left_lateral__C,left_lateral,C,1,249,1,0.4472774606825643,0
rf,left_lateral__C,left_lateral,C,1,249,1,0.720302695304003,1
rf,left_lateral__C,left_lateral,C,1,249,1,0.6160584942276246,1
rf,left_lateral__C,left_lateral,C,1,249,1,0.5851814733065585,1
rf,left_lateral__C,left_lateral,C,1,249,1,0.6717728781450754,1
rf,left_lateral__C,left_lateral,C,1,249,1,0.7971755923230964,1
rf,left_lateral__C,left_lateral,C,2,219,0,0.3125950398809961,0
rf,left_lateral__C,left_lateral,C,2,219,0,0.6555036307253,1
rf,left_lateral__C,left_lateral,C,2,219,0,0.8286999383314193,1
rf,left_lateral__C,left_lateral,C,2,219,0,0.6470103272829008,1
rf,left_lateral__C,left_lateral,C,2,219,0,0.7510115240758185,1
rf,left_lateral__C,left_lateral,C,2,219,0,0.7840378223335991,1
rf,left_lateral__C,left_lateral,C,2,219,0,0.5897847821766284,1
rf,left_lateral__C,left_lateral,C,2,219,0,0.1516845465571098,0
rf,left_lateral__C,left_lateral,C,2,219,0,0.8079851883232636,1
rf,left_lateral__C,left_lateral,C,2,219,0,0.12570406776658685,0
rf,left_lateral__C,left_lateral,C,2,219,0,0.2929653461566014,0
rf,left_lateral__C,left_lateral,C,2,219,0,0.680226248148724,1
rf,left_lateral__C,left_lateral,C,2,219,0,0.22647485223633917,0
rf,left_lateral__C,left_lateral,C,2,219,0,0.5140583195001639,1
rf,left_lateral__C,left_lateral,C,2,219,1,0.6598817234882576,1
rf,left_lateral__C,left_lateral,C,2,219,1,0.8650728991667593,1
rf,left_lateral__C,left_lateral,C,2,219,1,0.6382166094156219,1
rf,left_lateral__C,left_lateral,C,2,219,1,0.8354734547829894,1
rf,left_lateral__C,left_lateral,C,2,219,1,0.7379218490499171,1
rf,left_lateral__C,left_lateral,C,2,219,1,0.6407999434281042,1
rf,left_lateral__C,left_lateral,C,2,219,1,0.7568582425985332,1
rf,left_lateral__C,left_lateral,C,2,219,1,0.726109998025827,1
rf,left_lateral__C,left_lateral,C,2,219,1,0.779795097571681,1
rf,left_lateral__C,left_lateral,C,2,219,1,0.7671735219874674,1
rf,left_lateral__C,left_lateral,C,2,219,1,0.6244140494943837,1
rf,left_lateral__C,left_lateral,C,2,219,1,0.6656357018212666,1
rf,left_lateral__C,left_lateral,C,2,219,1,0.8050509880788177,1
rf,left_lateral__C,left_lateral,C,2,219,1,0.6465907512782274,1
rf,left_lateral__C,left_lateral,C,2,219,1,0.6638510398850435,1
rf,left_lateral__C,left_lateral,C,2,219,1,0.7029173222909464,1
rf,left_lateral__C,left_lateral,C,3,313,0,0.5648318317091939,1
rf,left_lateral__C,left_lateral,C,3,313,0,0.6192061430496961,1
rf,left_lateral__C,left_lateral,C,3,313,0,0.4543341405756936,0
rf,left_lateral__C,left_lateral,C,3,313,0,0.4063302812442273,0
rf,left_lateral__C,left_lateral,C,3,313,0,0.5910828332717746,1
rf,left_lateral__C,left_lateral,C,3,313,0,0.6422307165134895,1
rf,left_lateral__C,left_lateral,C,3,313,0,0.36867261736574536,0
rf,left_lateral__C,left_lateral,C,3,313,0,0.7679844908531039,1
rf,left_lateral__C,left_lateral,C,3,313,0,0.5887282361508506,1
rf,left_lateral__C,left_lateral,C,3,313,0,0.32578157362289845,0
rf,left_lateral__C,left_lateral,C,3,313,0,0.31392208181738523,0
rf,left_lateral__C,left_lateral,C,3,313,0,0.5683462248575529,1
rf,left_lateral__C,left_lateral,C,3,313,0,0.5101792291073295,1
rf,left_lateral__C,left_lateral,C,3,313,0,0.34407952128719793,0
rf,left_lateral__C,left_lateral,C,3,313,0,0.5256225094430933,1
rf,left_lateral__C,left_lateral,C,3,313,1,0.5720061903386044,1
rf,left_lateral__C,left_lateral,C,3,313,1,0.5036085382066539,1
rf,left_lateral__C,left_lateral,C,3,313,1,0.5485218607197819,1
rf,left_lateral__C,left_lateral,C,3,313,1,0.5554840523467692,1
rf,left_lateral__C,left_lateral,C,3,313,1,0.6069489126299217,1
rf,left_lateral__C,left_lateral,C,3,313,1,0.5773602946437645,1
rf,left_lateral__C,left_lateral,C,3,313,1,0.6517240089628953,1
rf,left_lateral__C,left_lateral,C,3,313,1,0.6358793038499706,1
rf,left_lateral__C,left_lateral,C,3,313,1,0.5420262327545146,1
rf,left_lateral__C,left_lateral,C,3,313,1,0.6546695210840364,1
rf,left_lateral__C,left_lateral,C,3,313,1,0.650666871203669,1
rf,left_lateral__C,left_lateral,C,3,313,1,0.6085934565707967,1
rf,left_lateral__C,left_lateral,C,3,313,1,0.6232676786432007,1
rf,left_lateral__C,left_lateral,C,3,313,1,0.6211045449601362,1
rf,left_lateral__C,left_lateral,C,4,318,0,0.3004327378564485,0
rf,left_lateral__C,left_lateral,C,4,318,0,0.33219291039476695,0
rf,left_lateral__C,left_lateral,C,4,318,0,0.43354364980847315,0
rf,left_lateral__C,left_lateral,C,4,318,0,0.35810187365587287,0
rf,left_lateral__C,left_lateral,C,4,318,0,0.40455686629646237,0
rf,left_lateral__C,left_lateral,C,4,318,0,0.31073791443320603,0
rf,left_lateral__C,left_lateral,C,4,318,0,0.2559408110596462,0
rf,left_lateral__C,left_lateral,C,4,318,0,0.040877684960847344,0
rf,left_lateral__C,left_lateral,C,4,318,0,0.29045968129601296,0
rf,left_lateral__C,left_lateral,C,4,318,0,0.4313140480332325,0
rf,left_lateral__C,left_lateral,C,4,318,0,0.47228715637704416,0
rf,left_lateral__C,left_lateral,C,4,318,0,0.2500820796485005,0
rf,left_lateral__C,left_lateral,C,4,318,0,0.22256348083906274,0
rf,left_lateral__C,left_lateral,C,4,318,0,0.5644992568205235,1
rf,left_lateral__C,left_lateral,C,4,318,1,0.44095005925814673,0
rf,left_lateral__C,left_lateral,C,4,318,1,0.6247517803367006,1
rf,left_lateral__C,left_lateral,C,4,318,1,0.5906025596333829,1
rf,left_lateral__C,left_lateral,C,4,318,1,0.6694609831120394,1
rf,left_lateral__C,left_lateral,C,4,318,1,0.6765939245706761,1
rf,left_lateral__C,left_lateral,C,4,318,1,0.5000541242828543,1
rf,left_lateral__C,left_lateral,C,4,318,1,0.6942680991263049,1
rf,left_lateral__C,left_lateral,C,4,318,1,0.4975393233145053,0
rf,left_lateral__C,left_lateral,C,4,318,1,0.6181456535193477,1
rf,left_lateral__C,left_lateral,C,4,318,1,0.6844637652567178,1
rf,left_lateral__C,left_lateral,C,4,318,1,0.5409178900259647,1
rf,left_lateral__C,left_lateral,C,4,318,1,0.6641214931907445,1
rf,left_lateral__C,left_lateral,C,4,318,1,0.7684129337178202,1
rf,left_lateral__C,left_lateral,C,4,318,1,0.6356260775323828,1
rf,left_lateral__C,left_lateral,C,5,300,0,0.7100697290605875,1
rf,left_lateral__C,left_lateral,C,5,300,0,0.7170876459875661,1
rf,left_lateral__C,left_lateral,C,5,300,0,0.7051415235269549,1
rf,left_lateral__C,left_lateral,C,5,300,0,0.6288882565059114,1
rf,left_lateral__C,left_lateral,C,5,300,0,0.7409865824441245,1
rf,left_lateral__C,left_lateral,C,5,300,0,0.7382223624042816,1
rf,left_lateral__C,left_lateral,C,5,300,0,0.7033064673705757,1
rf,left_lateral__C,left_lateral,C,5,300,0,0.719273498361602,1
rf,left_lateral__C,left_lateral,C,5,300,0,0.6944848084243691,1
rf,left_lateral__C,left_lateral,C,5,300,0,0.7471203039713352,1
rf,left_lateral__C,left_lateral,C,5,300,0,0.690959125322829,1
rf,left_lateral__C,left_lateral,C,5,300,0,0.6433304707414311,1
rf,left_lateral__C,left_lateral,C,5,300,0,0.7288349725105248,1
rf,left_lateral__C,left_lateral,C,5,300,0,0.697904558615223,1
rf,left_lateral__C,left_lateral,C,5,300,1,0.6672476999501729,1
rf,left_lateral__C,left_lateral,C,5,300,1,0.721662721946813,1
rf,left_lateral__C,left_lateral,C,5,300,1,0.7011303897605523,1
rf,left_lateral__C,left_lateral,C,5,300,1,0.731999064240836,1
rf,left_lateral__C,left_lateral,C,5,300,1,0.7700365580979823,1
rf,left_lateral__C,left_lateral,C,5,300,1,0.7138386993337488,1
rf,left_lateral__C,left_lateral,C,5,300,1,0.7420566035599896,1
rf,left_lateral__C,left_lateral,C,5,300,1,0.7525506135855677,1
rf,left_lateral__C,left_lateral,C,5,300,1,0.7162976393305454,1
rf,left_lateral__C,left_lateral,C,5,300,1,0.7012032643061314,1
rf,left_lateral__C,left_lateral,C,5,300,1,0.7298246112324606,1
rf,left_lateral__C,left_lateral,C,5,300,1,0.7438033627499572,1
rf,left_lateral__C,left_lateral,C,5,300,1,0.7075476315260147,1
rf,left_lateral__C,left_lateral,C,5,300,1,0.7452677334909054,1
rf,left_lateral__C,left_lateral,C,6,271,0,0.3564449052218652,0
rf,left_lateral__C,left_lateral,C,6,271,0,0.4680930597994876,0
rf,left_lateral__C,left_lateral,C,6,271,0,0.2847204782671779,0
rf,left_lateral__C,left_lateral,C,6,271,0,0.6149490539111163,1
rf,left_lateral__C,left_lateral,C,6,271,0,0.33681310735292236,0
rf,left_lateral__C,left_lateral,C,6,271,0,0.3869256045137795,0
rf,left_lateral__C,left_lateral,C,6,271,0,0.2983467133343906,0
rf,left_lateral__C,left_lateral,C,6,271,0,0.037457927640228504,0
rf,left_lateral__C,left_lateral,C,6,271,0,0.03301646054109406,0
rf,left_lateral__C,left_lateral,C,6,271,0,0.3529059017128604,0
rf,left_lateral__C,left_lateral,C,6,271,0,0.4128808302900158,0
rf,left_lateral__C,left_lateral,C,6,271,0,0.19846573157828698,0
rf,left_lateral__C,left_lateral,C,6,271,0,0.2416276247970409,0
rf,left_lateral__C,left_lateral,C,6,271,0,0.24609348074273832,0
rf,left_lateral__C,left_lateral,C,6,271,1,0.47474083603249845,0
rf,left_lateral__C,left_lateral,C,6,271,1,0.6899404293533857,1
rf,left_lateral__C,left_lateral,C,6,271,1,0.37364706876655823,0
rf,left_lateral__C,left_lateral,C,6,271,1,0.5658133201521964,1
rf,left_lateral__C,left_lateral,C,6,271,1,0.544543154174557,1
rf,left_lateral__C,left_lateral,C,6,271,1,0.44552675403446423,0
rf,left_lateral__C,left_lateral,C,6,271,1,0.6063838288334003,1
rf,left_lateral__C,left_lateral,C,6,271,1,0.48299959629293354,0
rf,left_lateral__C,left_lateral,C,6,271,1,0.5617062623266584,1
rf,left_lateral__C,left_lateral,C,6,271,1,0.5982608060306823,1
rf,left_lateral__C,left_lateral,C,6,271,1,0.46169884627300806,0
rf,left_lateral__C,left_lateral,C,6,271,1,0.7026885777984018,1
rf,left_lateral__C,left_lateral,C,6,271,1,0.68098106660051,1
rf,left_lateral__C,left_lateral,C,6,271,1,0.5654554154062245,1
rf,left_lateral__C,left_lateral,C,7,251,0,0.01810438189685604,0
rf,left_lateral__C,left_lateral,C,7,251,0,0.01159896217832447,0
rf,left_lateral__C,left_lateral,C,7,251,0,0.01687426032575495,0
rf,left_lateral__C,left_lateral,C,7,251,0,0.040889051348772076,0
rf,left_lateral__C,left_lateral,C,7,251,0,0.03388603986810613,0
rf,left_lateral__C,left_lateral,C,7,251,0,0.08710256122308811,0
rf,left_lateral__C,left_lateral,C,7,251,0,0.1283711833762014,0
rf,left_lateral__C,left_lateral,C,7,251,0,0.01831452762215727,0
rf,left_lateral__C,left_lateral,C,7,251,0,0.03479828399884816,0
rf,left_lateral__C,left_lateral,C,7,251,0,0.04724228575483837,0
rf,left_lateral__C,left_lateral,C,7,251,0,0.04501851190568265,0
rf,left_lateral__C,left_lateral,C,7,251,0,0.04659205607055065,0
rf,left_lateral__C,left_lateral,C,7,251,0,0.23181168751587053,0
rf,left_lateral__C,left_lateral,C,7,251,0,0.04432353314145947,0
rf,left_lateral__C,left_lateral,C,7,251,1,0.3141580168250683,0
rf,left_lateral__C,left_lateral,C,7,251,1,0.20176345447478639,0
rf,left_lateral__C,left_lateral,C,7,251,1,0.10127743271928955,0
rf,left_lateral__C,left_lateral,C,7,251,1,0.09675700227122347,0
rf,left_lateral__C,left_lateral,C,7,251,1,0.038361350704003656,0
rf,left_lateral__C,left_lateral,C,7,251,1,0.3527241318736962,0
rf,left_lateral__C,left_lateral,C,7,251,1,0.18005023502094944,0
rf,left_lateral__C,left_lateral,C,7,251,1,0.21928940007168357,0
rf,left_lateral__C,left_lateral,C,7,251,1,0.26636074638783674,0
rf,left_lateral__C,left_lateral,C,7,251,1,0.05564766321330882,0
rf,left_lateral__C,left_lateral,C,7,251,1,0.07537169448760615,0
rf,left_lateral__C,left_lateral,C,7,251,1,0.22900707534044268,0
rf,left_lateral__C,left_lateral,C,7,251,1,0.5685824727492028,1
rf,left_lateral__C,left_lateral,C,8,282,0,0.08043246121039173,0
rf,left_lateral__C,left_lateral,C,8,282,0,0.08569139602722696,0
rf,left_lateral__C,left_lateral,C,8,282,0,0.07226924480528972,0
rf,left_lateral__C,left_lateral,C,8,282,0,0.2061407395014923,0
rf,left_lateral__C,left_lateral,C,8,282,0,0.12085749970067218,0
rf,left_lateral__C,left_lateral,C,8,282,0,0.2655140948209349,0
rf,left_lateral__C,left_lateral,C,8,282,0,0.11928772981702487,0
rf,left_lateral__C,left_lateral,C,8,282,0,0.06218946871128314,0
rf,left_lateral__C,left_lateral,C,8,282,0,0.07008616250379238,0
rf,left_lateral__C,left_lateral,C,8,282,0,0.07213730179746672,0
rf,left_lateral__C,left_lateral,C,8,282,0,0.22106186648205728,0
rf,left_lateral__C,left_lateral,C,8,282,0,0.06637508243987827,0
rf,left_lateral__C,left_lateral,C,8,282,0,0.3894388245891242,0
rf,left_lateral__C,left_lateral,C,8,282,0,0.1465145989526394,0
rf,left_lateral__C,left_lateral,C,8,282,1,0.7342127784948057,1
rf,left_lateral__C,left_lateral,C,8,282,1,0.6581523434741805,1
rf,left_lateral__C,left_lateral,C,8,282,1,0.5351674776665662,1
rf,left_lateral__C,left_lateral,C,8,282,1,0.6717147057875791,1
rf,left_lateral__C,left_lateral,C,8,282,1,0.6840033671364057,1
rf,left_lateral__C,left_lateral,C,8,282,1,0.6612223323106268,1
rf,left_lateral__C,left_lateral,C,8,282,1,0.6575125200089986,1
rf,left_lateral__C,left_lateral,C,8,282,1,0.7551187755990094,1
rf,left_lateral__C,left_lateral,C,8,282,1,0.7636959369166099,1
rf,left_lateral__C,left_lateral,C,8,282,1,0.6680760666938975,1
rf,left_lateral__C,left_lateral,C,8,282,1,0.6862113153399204,1
rf,left_lateral__C,left_lateral,C,9,210,0,0.12366231633291289,0
rf,left_lateral__C,left_lateral,C,9,210,0,0.15084212180553824,0
rf,left_lateral__C,left_lateral,C,9,210,0,0.24756027897343408,0
rf,left_lateral__C,left_lateral,C,9,210,0,0.33680042049306486,0
rf,left_lateral__C,left_lateral,C,9,210,0,0.19151013935780548,0
rf,left_lateral__C,left_lateral,C,9,210,0,0.40186429687210984,0
rf,left_lateral__C,left_lateral,C,9,210,0,0.2707117939788279,0
rf,left_lateral__C,left_lateral,C,9,210,0,0.6143924984089323,1
rf,left_lateral__C,left_lateral,C,9,210,0,0.3609376897086265,0
rf,left_lateral__C,left_lateral,C,9,210,0,0.1792396412254428,0
rf,left_lateral__C,left_lateral,C,9,210,0,0.18414482802390794,0
rf,left_lateral__C,left_lateral,C,9,210,0,0.11902770353955455,0
rf,left_lateral__C,left_lateral,C,9,210,0,0.29490653508561737,0
rf,left_lateral__C,left_lateral,C,9,210,0,0.24719983542215615,0
rf,left_lateral__C,left_lateral,C,9,210,1,0.6271300583842758,1
rf,left_lateral__C,left_lateral,C,9,210,1,0.7008964088617289,1
rf,left_lateral__C,left_lateral,C,9,210,1,0.7096392354241763,1
rf,left_lateral__C,left_lateral,C,9,210,1,0.6145295507730821,1
rf,left_lateral__C,left_lateral,C,9,210,1,0.7720998706374356,1
rf,left_lateral__C,left_lateral,C,9,210,1,0.6474084741925055,1
rf,left_lateral__C,left_lateral,C,9,210,1,0.6218154156015876,1
rf,left_lateral__C,left_lateral,C,9,210,1,0.7068249582454231,1
rf,left_lateral__C,left_lateral,C,9,210,1,0.745479435957944,1
rf,left_lateral__C,left_lateral,C,9,210,1,0.6981682980031203,1
rf,left_lateral__C,left_lateral,C,9,210,1,0.7765428160596096,1
rf,left_lateral__C,left_lateral,C,10,265,0,0.06568503565156165,0
rf,left_lateral__C,left_lateral,C,10,265,0,0.2327523529069408,0
rf,left_lateral__C,left_lateral,C,10,265,0,0.34441420785132876,0
rf,left_lateral__C,left_lateral,C,10,265,0,0.7694792435849119,1
rf,left_lateral__C,left_lateral,C,10,265,0,0.8464457691270433,1
rf,left_lateral__C,left_lateral,C,10,265,0,0.35844558753238415,0
rf,left_lateral__C,left_lateral,C,10,265,0,0.46247912872761693,0
rf,left_lateral__C,left_lateral,C,10,265,0,0.7792979301589278,1
rf,left_lateral__C,left_lateral,C,10,265,0,0.07211235806389044,0
rf,left_lateral__C,left_lateral,C,10,265,0,0.20669621111737368,0
rf,left_lateral__C,left_lateral,C,10,265,0,0.17051758080425905,0
rf,left_lateral__C,left_lateral,C,10,265,0,0.07676945584387165,0
rf,left_lateral__C,left_lateral,C,10,265,0,0.20788251678778227,0
rf,left_lateral__C,left_lateral,C,10,265,1,0.09758597299396574,0
rf,left_lateral__C,left_lateral,C,10,265,1,0.5528057079108241,1
rf,left_lateral__C,left_lateral,C,10,265,1,0.6900654909266812,1
rf,left_lateral__C,left_lateral,C,10,265,1,0.8031922924450028,1
rf,left_lateral__C,left_lateral,C,10,265,1,0.17047575790250977,0
rf,left_lateral__C,left_lateral,C,10,265,1,0.13486924940392528,0
rf,left_lateral__C,left_lateral,C,10,265,1,0.15209576413182294,0
rf,left_lateral__C,left_lateral,C,10,265,1,0.755703335713021,1
rf,left_lateral__C,left_lateral,C,10,265,1,0.9140432952613318,1
rf,left_lateral__C,left_lateral,C,10,265,1,0.6959625995984535,1
rf,left_lateral__C,left_lateral,C,10,265,1,0.15905205196184738,0
rf,right_lateral__A,right_lateral,A,1,249,0,0.2720524264200914,0
rf,right_lateral__A,right_lateral,A,1,249,0,0.5099625743575958,1
rf,right_lateral__A,right_lateral,A,1,249,0,0.38970540687603444,0
rf,right_lateral__A,right_lateral,A,1,249,0,0.23300011083542344,0
rf,right_lateral__A,right_lateral,A,1,249,0,0.12264285616462477,0
rf,right_lateral__A,right_lateral,A,1,249,0,0.32671736492229575,0
rf,right_lateral__A,right_lateral,A,1,249,0,0.2342242392979073,0
rf,right_lateral__A,right_lateral,A,1,249,0,0.26422129334288,0
rf,right_lateral__A,right_lateral,A,1,249,0,0.276683338133058,0
rf,right_lateral__A,right_lateral,A,1,249,0,0.25215822185409376,0
rf,right_lateral__A,right_lateral,A,1,249,0,0.2076345730652978,0
rf,right_lateral__A,right_lateral,A,1,249,0,0.35677776431676533,0
rf,right_lateral__A,right_lateral,A,1,249,0,0.5266016689450055,1
rf,right_lateral__A,right_lateral,A,1,249,0,0.43749832149567963,0
rf,right_lateral__A,right_lateral,A,1,249,0,0.20381425130426492,0
rf,right_lateral__A,right_lateral,A,1,249,1,0.6901500976023626,1
rf,right_lateral__A,right_lateral,A,1,249,1,0.7194599198452337,1
rf,right_lateral__A,right_lateral,A,1,249,1,0.8021210782429824,1
rf,right_lateral__A,right_lateral,A,1,249,1,0.8719952784643672,1
rf,right_lateral__A,right_lateral,A,1,249,1,0.7522719567937441,1
rf,right_lateral__A,right_lateral,A,1,249,1,0.4870660996668042,0
rf,right_lateral__A,right_lateral,A,1,249,1,0.7192942432093936,1
rf,right_lateral__A,right_lateral,A,1,249,1,0.707552620165031,1
rf,right_lateral__A,right_lateral,A,1,249,1,0.812773900786912,1
rf,right_lateral__A,right_lateral,A,1,249,1,0.6154691990719474,1
rf,right_lateral__A,right_lateral,A,1,249,1,0.5958389281375153,1
rf,right_lateral__A,right_lateral,A,1,249,1,0.5798288769822793,1
rf,right_lateral__A,right_lateral,A,1,249,1,0.5875010419372888,1
rf,right_lateral__A,right_lateral,A,1,249,1,0.5318406785194761,1
rf,right_lateral__A,right_lateral,A,1,249,1,0.7430300369086542,1
rf,right_lateral__A,right_lateral,A,1,249,1,0.6439216062371187,1
rf,right_lateral__A,right_lateral,A,1,249,1,0.7387223839490404,1
rf,right_lateral__A,right_lateral,A,2,219,0,0.5548858824353893,1
rf,right_lateral__A,right_lateral,A,2,219,0,0.6451536481829011,1
rf,right_lateral__A,right_lateral,A,2,219,0,0.7632757555858223,1
rf,right_lateral__A,right_lateral,A,2,219,0,0.8268264267253833,1
rf,right_lateral__A,right_lateral,A,2,219,0,0.6930729854591255,1
rf,right_lateral__A,right_lateral,A,2,219,0,0.7721134247318342,1
rf,right_lateral__A,right_lateral,A,2,219,0,0.5943133418611037,1
rf,right_lateral__A,right_lateral,A,2,219,0,0.17839422890036818,0
rf,right_lateral__A,right_lateral,A,2,219,0,0.8142085985222703,1
rf,right_lateral__A,right_lateral,A,2,219,0,0.4121183825239254,0
rf,right_lateral__A,right_lateral,A,2,219,0,0.37421402038533175,0
rf,right_lateral__A,right_lateral,A,2,219,0,0.4104213062821216,0
rf,right_lateral__A,right_lateral,A,2,219,0,0.380213636118675,0
rf,right_lateral__A,right_lateral,A,2,219,0,0.3119818802252028,0
rf,right_lateral__A,right_lateral,A,2,219,1,0.6786649098279395,1
rf,right_lateral__A,right_lateral,A,2,219,1,0.6820071147591724,1
rf,right_lateral__A,right_lateral,A,2,219,1,0.6929236840549773,1
rf,right_lateral__A,right_lateral,A,2,219,1,0.6156791048616933,1
rf,right_lateral__A,right_lateral,A,2,219,1,0.6730749424487525,1
rf,right_lateral__A,right_lateral,A,2,219,1,0.6639725580913179,1
rf,right_lateral__A,right_lateral,A,2,219,1,0.6298187455961414,1
rf,right_lateral__A,right_lateral,A,2,219,1,0.6335570165642678,1
rf,right_lateral__A,right_lateral,A,2,219,1,0.6812158778324345,1
rf,right_lateral__A,right_lateral,A,2,219,1,0.6206775847134982,1
rf,right_lateral__A,right_lateral,A,2,219,1,0.6508530047686275,1
rf,right_lateral__A,right_lateral,A,2,219,1,0.6635572061188083,1
rf,right_lateral__A,right_lateral,A,2,219,1,0.7209571203079074,1
rf,right_lateral__A,right_lateral,A,2,219,1,0.6705395626241589,1
rf,right_lateral__A,right_lateral,A,2,219,1,0.6382610607025287,1
rf,right_lateral__A,right_lateral,A,2,219,1,0.6404210343695245,1
rf,right_lateral__A,right_lateral,A,3,313,0,0.5397061222508431,1
rf,right_lateral__A,right_lateral,A,3,313,0,0.7135050777270362,1
rf,right_lateral__A,right_lateral,A,3,313,0,0.5552538853974284,1
rf,right_lateral__A,right_lateral,A,3,313,0,0.5844767850735663,1
rf,right_lateral__A,right_lateral,A,3,313,0,0.7962610654020552,1
rf,right_lateral__A,right_lateral,A,3,313,0,0.662855176969927,1
rf,right_lateral__A,right_lateral,A,3,313,0,0.5341982944752321,1
rf,right_lateral__A,right_lateral,A,3,313,0,0.5508536187236988,1
rf,right_lateral__A,right_lateral,A,3,313,0,0.41224770011531164,0
rf,right_lateral__A,right_lateral,A,3,313,0,0.7849114725915158,1
rf,right_lateral__A,right_lateral,A,3,313,0,0.4434006192321403,0
rf,right_lateral__A,right_lateral,A,3,313,0,0.47114068924449476,0
rf,right_lateral__A,right_lateral,A,3,313,0,0.5212938123351042,1
rf,right_lateral__A,right_lateral,A,3,313,0,0.4986441846869,0
rf,right_lateral__A,right_lateral,A,3,313,0,0.602009880352251,1
rf,right_lateral__A,right_lateral,A,3,313,1,0.7114447006998708,1
rf,right_lateral__A,right_lateral,A,3,313,1,0.49319024412079854,0
rf,right_lateral__A,right_lateral,A,3,313,1,0.6966869357152207,1
rf,right_lateral__A,right_lateral,A,3,313,1,0.6634197531367586,1
rf,right_lateral__A,right_lateral,A,3,313,1,0.7174922569091113,1
rf,right_lateral__A,right_lateral,A,3,313,1,0.6566746467799295,1
rf,right_lateral__A,right_lateral,A,3,313,1,0.6429989493122946,1
rf,right_lateral__A,right_lateral,A,3,313,1,0.7120215974766776,1
rf,right_lateral__A,right_lateral,A,3,313,1,0.7880374362946941,1
rf,right_lateral__A,right_lateral,A,3,313,1,0.5285909873061495,1
rf,right_lateral__A,right_lateral,A,3,313,1,0.5580824941235918,1
rf,right_lateral__A,right_lateral,A,3,313,1,0.4810107209227203,0
rf,right_lateral__A,right_lateral,A,3,313,1,0.5050479121041844,1
rf,right_lateral__A,right_lateral,A,3,313,1,0.6406959909150632,1
rf,right_lateral__A,right_lateral,A,4,318,0,0.6399802358709483,1
rf,right_lateral__A,right_lateral,A,4,318,0,0.4829419542696845,0
rf,right_lateral__A,right_lateral,A,4,318,0,0.574722293753404,1
rf,right_lateral__A,right_lateral,A,4,318,0,0.4773109106669039,0
rf,right_lateral__A,right_lateral,A,4,318,0,0.7335136635143692,1
rf,right_lateral__A,right_lateral,A,4,318,0,0.3757961680116694,0
rf,right_lateral__A,right_lateral,A,4,318,0,0.38734597539725696,0
rf,right_lateral__A,right_lateral,A,4,318,0,0.1261635482324183,0
rf,right_lateral__A,right_lateral,A,4,318,0,0.5428887896351656,1
rf,right_lateral__A,right_lateral,A,4,318,0,0.4471403243237214,0
rf,right_lateral__A,right_lateral,A,4,318,0,0.4136938803458634,0
rf,right_lateral__A,right_lateral,A,4,318,0,0.3666193391375441,0
rf,right_lateral__A,right_lateral,A,4,318,0,0.4561548181050128,0
rf,right_lateral__A,right_lateral,A,4,318,0,0.4062977756278287,0
rf,right_lateral__A,right_lateral,A,4,318,1,0.05696409761860359,0
rf,right_lateral__A,right_lateral,A,4,318,1,0.6891715628838543,1
rf,right_lateral__A,right_lateral,A,4,318,1,0.4969644495917445,0
rf,right_lateral__A,right_lateral,A,4,318,1,0.6703776535496311,1
rf,right_lateral__A,right_lateral,A,4,318,1,0.6691212598469793,1
rf,right_lateral__A,right_lateral,A,4,318,1,0.4791635942172156,0
rf,right_lateral__A,right_lateral,A,4,318,1,0.7482836264239191,1
rf,right_lateral__A,right_lateral,A,4,318,1,0.7090940976940158,1
rf,right_lateral__A,right_lateral,A,4,318,1,0.8509844058460948,1
rf,right_lateral__A,right_lateral,A,4,318,1,0.8022509965233214,1
rf,right_lateral__A,right_lateral,A,4,318,1,0.6485526471498254,1
rf,right_lateral__A,right_lateral,A,4,318,1,0.37475745128652127,0
rf,right_lateral__A,right_lateral,A,4,318,1,0.24341819565347753,0
rf,right_lateral__A,right_lateral,A,4,318,1,0.4802634190717383,0
rf,right_lateral__A,right_lateral,A,5,300,0,0.7292746061131319,1
rf,right_lateral__A,right_lateral,A,5,300,0,0.9143071107738616,1
rf,right_lateral__A,right_lateral,A,5,300,0,0.6852976873049894,1
rf,right_lateral__A,right_lateral,A,5,300,0,0.879211831593368,1
rf,right_lateral__A,right_lateral,A,5,300,0,0.781344421450401,1
rf,right_lateral__A,right_lateral,A,5,300,0,0.7552508814089962,1
rf,right_lateral__A,right_lateral,A,5,300,0,0.7635397334329943,1
rf,right_lateral__A,right_lateral,A,5,300,0,0.7453670788723389,1
rf,right_lateral__A,right_lateral,A,5,300,0,0.7668510491919699,1
rf,right_lateral__A,right_lateral,A,5,300,0,0.7029805942376949,1
rf,right_lateral__A,right_lateral,A,5,300,0,0.7615556483770749,1
rf,right_lateral__A,right_lateral,A,5,300,0,0.6438985767652232,1
rf,right_lateral__A,right_lateral,A,5,300,0,0.7552959668001958,1
rf,right_lateral__A,right_lateral,A,5,300,0,0.7866855415629415,1
rf,right_lateral__A,right_lateral,A,5,300,1,0.7060159559967389,1
rf,right_lateral__A,right_lateral,A,5,300,1,0.7475071800593069,1
rf,right_lateral__A,right_lateral,A,5,300,1,0.689196501812244,1
rf,right_lateral__A,right_lateral,A,5,300,1,0.7444946582578413,1
rf,right_lateral__A,right_lateral,A,5,300,1,0.7584303077369252,1
rf,right_lateral__A,right_lateral,A,5,300,1,0.7331864789180021,1
rf,right_lateral__A,right_lateral,A,5,300,1,0.7654835024154311,1
rf,right_lateral__A,right_lateral,A,5,300,1,0.7184140764914028,1
rf,right_lateral__A,right_lateral,A,5,300,1,0.7692637664250287,1
rf,right_lateral__A,right_lateral,A,5,300,1,0.8168137713603159,1
rf,right_lateral__A,right_lateral,A,5,300,1,0.7648734201109042,1
rf,right_lateral__A,right_lateral,A,5,300,1,0.8795408006711999,1
rf,right_lateral__A,right_lateral,A,5,300,1,0.7580205146826977,1
rf,right_lateral__A,right_lateral,A,5,300,1,0.7362162864820754,1
rf,right_lateral__A,right_lateral,A,6,271,0,0.38057839155013135,0
rf,right_lateral__A,right_lateral,A,6,271,0,0.2898821847127409,0
rf,right_lateral__A,right_lateral,A,6,271,0,0.23802055038555184,0
rf,right_lateral__A,right_lateral,A,6,271,0,0.23066748184087843,0
rf,right_lateral__A,right_lateral,A,6,271,0,0.4578538440881614,0
rf,right_lateral__A,right_lateral,A,6,271,0,0.5091220461534207,1
rf,right_lateral__A,right_lateral,A,6,271,0,0.3523077004749255,0
rf,right_lateral__A,right_lateral,A,6,271,0,0.16633535345040096,0
rf,right_lateral__A,right_lateral,A,6,271,0,0.16173573358092186,0
rf,right_lateral__A,right_lateral,A,6,271,0,0.3645828410920695,0
rf,right_lateral__A,right_lateral,A,6,271,0,0.2332135433648187,0
rf,right_lateral__A,right_lateral,A,6,271,0,0.18346968884560322,0
rf,right_lateral__A,right_lateral,A,6,271,0,0.24329089004862806,0
rf,right_lateral__A,right_lateral,A,6,271,0,0.2229582296140631,0
rf,right_lateral__A,right_lateral,A,6,271,1,0.36854878280384606,0
rf,right_lateral__A,right_lateral,A,6,271,1,0.6132238556471441,1
rf,right_lateral__A,right_lateral,A,6,271,1,0.3868115157534538,0
rf,right_lateral__A,right_lateral,A,6,271,1,0.3786707267698267,0
rf,right_lateral__A,right_lateral,A,6,271,1,0.4924974298106279,0
rf,right_lateral__A,right_lateral,A,6,271,1,0.38315799660523536,0
rf,right_lateral__A,right_lateral,A,6,271,1,0.5479516751613448,1
rf,right_lateral__A,right_lateral,A,6,271,1,0.36236499029964375,0
rf,right_lateral__A,right_lateral,A,6,271,1,0.6436001214935603,1
rf,right_lateral__A,right_lateral,A,6,271,1,0.4306922860184853,0
rf,right_lateral__A,right_lateral,A,6,271,1,0.5037238658430941,1
rf,right_lateral__A,right_lateral,A,6,271,1,0.32276210679239126,0
rf,right_lateral__A,right_lateral,A,6,271,1,0.567628068171139,1
rf,right_lateral__A,right_lateral,A,6,271,1,0.3953168797418804,0
rf,right_lateral__A,right_lateral,A,7,251,0,0.06367381444987481,0
rf,right_lateral__A,right_lateral,A,7,251,0,0.059952606965615114,0
rf,right_lateral__A,right_lateral,A,7,251,0,0.03822651027543044,0
rf,right_lateral__A,right_lateral,A,7,251,0,0.03788392512522394,0
rf,right_lateral__A,right_lateral,A,7,251,0,0.03947546435881739,0
rf,right_lateral__A,right_lateral,A,7,251,0,0.04299966632531632,0
rf,right_lateral__A,right_lateral,A,7,251,0,0.1121641552629677,0
rf,right_lateral__A,right_lateral,A,7,251,0,0.049690027188808744,0
rf,right_lateral__A,right_lateral,A,7,251,0,0.0699846273120268,0
rf,right_lateral__A,right_lateral,A,7,251,0,0.04888155714614114,0
rf,right_lateral__A,right_lateral,A,7,251,0,0.02197165021049193,0
rf,right_lateral__A,right_lateral,A,7,251,0,0.05654376608393899,0
rf,right_lateral__A,right_lateral,A,7,251,0,0.03810428769609447,0
rf,right_lateral__A,right_lateral,A,7,251,0,0.042866091019420835,0
rf,right_lateral__A,right_lateral,A,7,251,1,0.09761794485787469,0
rf,right_lateral__A,right_lateral,A,7,251,1,0.07140555118784021,0
rf,right_lateral__A,right_lateral,A,7,251,1,0.07108310314955933,0
rf,right_lateral__A,right_lateral,A,7,251,1,0.06958806391631707,0
rf,right_lateral__A,right_lateral,A,7,251,1,0.08189892342232788,0
rf,right_lateral__A,right_lateral,A,7,251,1,0.119186033828797,0
rf,right_lateral__A,right_lateral,A,7,251,1,0.04711853706175754,0
rf,right_lateral__A,right_lateral,A,7,251,1,0.08924282874792572,0
rf,right_lateral__A,right_lateral,A,7,251,1,0.26889107957611424,0
rf,right_lateral__A,right_lateral,A,7,251,1,0.0506937706032766,0
rf,right_lateral__A,right_lateral,A,7,251,1,0.06924772822112449,0
rf,right_lateral__A,right_lateral,A,7,251,1,0.09822815342075282,0
rf,right_lateral__A,right_lateral,A,7,251,1,0.2410571347421034,0
rf,right_lateral__A,right_lateral,A,8,282,0,0.07319222247749459,0
rf,right_lateral__A,right_lateral,A,8,282,0,0.1375626848671161,0
rf,right_lateral__A,right_lateral,A,8,282,0,0.1563352074973332,0
rf,right_lateral__A,right_lateral,A,8,282,0,0.15722121026277072,0
rf,right_lateral__A,right_lateral,A,8,282,0,0.10798427137613484,0
rf,right_lateral__A,right_lateral,A,8,282,0,0.18296228575446905,0
rf,right_lateral__A,right_lateral,A,8,282,0,0.18758308682469804,0
rf,right_lateral__A,right_lateral,A,8,282,0,0.2594878127070117,0
rf,right_lateral__A,right_lateral,A,8,282,0,0.3328288256847289,0
rf,right_lateral__A,right_lateral,A,8,282,0,0.20161120134587004,0
rf,right_lateral__A,right_lateral,A,8,282,0,0.2545481182815413,0
rf,right_lateral__A,right_lateral,A,8,282,0,0.18413236231756197,0
rf,right_lateral__A,right_lateral,A,8,282,0,0.1214437832669185,0
rf,right_lateral__A,right_lateral,A,8,282,0,0.2585753980344947,0
rf,right_lateral__A,right_lateral,A,8,282,1,0.4698688651612846,0
rf,right_lateral__A,right_lateral,A,8,282,1,0.7658158046581189,1
rf,right_lateral__A,right_lateral,A,8,282,1,0.5352201009118197,1
rf,right_lateral__A,right_lateral,A,8,282,1,0.5229047958420872,1
rf,right_lateral__A,right_lateral,A,8,282,1,0.856800942135388,1
rf,right_lateral__A,right_lateral,A,8,282,1,0.5900797251936459,1
rf,right_lateral__A,right_lateral,A,8,282,1,0.18748827646044133,0
rf,right_lateral__A,right_lateral,A,8,282,1,0.509886408807603,1
rf,right_lateral__A,right_lateral,A,8,282,1,0.6399507524584894,1
rf,right_lateral__A,right_lateral,A,8,282,1,0.8210180849378024,1
rf,right_lateral__A,right_lateral,A,8,282,1,0.5264391533332891,1
rf,right_lateral__A,right_lateral,A,9,210,0,0.5773715334119112,1
rf,right_lateral__A,right_lateral,A,9,210,0,0.11349196136179807,0
rf,right_lateral__A,right_lateral,A,9,210,0,0.4052590948348368,0
rf,right_lateral__A,right_lateral,A,9,210,0,0.5418989651518477,1
rf,right_lateral__A,right_lateral,A,9,210,0,0.19953548167319446,0
rf,right_lateral__A,right_lateral,A,9,210,0,0.603497215678684,1
rf,right_lateral__A,right_lateral,A,9,210,0,0.22978877044546053,0
rf,right_lateral__A,right_lateral,A,9,210,0,0.5519359387888919,1
rf,right_lateral__A,right_lateral,A,9,210,0,0.5452911832329383,1
rf,right_lateral__A,right_lateral,A,9,210,0,0.35623796637898053,0
rf,right_lateral__A,right_lateral,A,9,210,0,0.3247219267767892,0
rf,right_lateral__A,right_lateral,A,9,210,0,0.13291130223278816,0
rf,right_lateral__A,right_lateral,A,9,210,0,0.2727027993129363,0
rf,right_lateral__A,right_lateral,A,9,210,0,0.5863293178736805,1
rf,right_lateral__A,right_lateral,A,9,210,1,0.7672429322861959,1
rf,right_lateral__A,right_lateral,A,9,210,1,0.7662609251544045,1
rf,right_lateral__A,right_lateral,A,9,210,1,0.8848277949147301,1
rf,right_lateral__A,right_lateral,A,9,210,1,0.724144572093272,1
rf,right_lateral__A,right_lateral,A,9,210,1,0.7307580774432821,1
rf,right_lateral__A,right_lateral,A,9,210,1,0.7123191665327814,1
rf,right_lateral__A,right_lateral,A,9,210,1,0.7707651655681872,1
rf,right_lateral__A,right_lateral,A,9,210,1,0.7377402821700335,1
rf,right_lateral__A,right_lateral,A,9,210,1,0.6841704698052767,1
rf,right_lateral__A,right_lateral,A,9,210,1,0.7365028134868495,1
rf,right_lateral__A,right_lateral,A,9,210,1,0.775498129625368,1
rf,right_lateral__A,right_lateral,A,10,265,0,0.3431791263431078,0
rf,right_lateral__A,right_lateral,A,10,265,0,0.33689016209129413,0
rf,right_lateral__A,right_lateral,A,10,265,0,0.48285792141830597,0
rf,right_lateral__A,right_lateral,A,10,265,0,0.5068046144764299,1
rf,right_lateral__A,right_lateral,A,10,265,0,0.5991812090235342,1
rf,right_lateral__A,right_lateral,A,10,265,0,0.760235359755765,1
rf,right_lateral__A,right_lateral,A,10,265,0,0.24692600467857587,0
rf,right_lateral__A,right_lateral,A,10,265,0,0.4221649119971066,0
rf,right_lateral__A,right_lateral,A,10,265,0,0.3559838902983622,0
rf,right_lateral__A,right_lateral,A,10,265,0,0.3430037041521386,0
rf,right_lateral__A,right_lateral,A,10,265,0,0.4354603541207839,0
rf,right_lateral__A,right_lateral,A,10,265,0,0.2876673428436961,0
rf,right_lateral__A,right_lateral,A,10,265,0,0.34918646437804596,0
rf,right_lateral__A,right_lateral,A,10,265,1,0.28879868369475914,0
rf,right_lateral__A,right_lateral,A,10,265,1,0.2831706892195152,0
rf,right_lateral__A,right_lateral,A,10,265,1,0.8696622488479762,1
rf,right_lateral__A,right_lateral,A,10,265,1,0.6917882206208106,1
rf,right_lateral__A,right_lateral,A,10,265,1,0.33572921480442347,0
rf,right_lateral__A,right_lateral,A,10,265,1,0.20237839440084854,0
rf,right_lateral__A,right_lateral,A,10,265,1,0.35613344141922954,0
rf,right_lateral__A,right_lateral,A,10,265,1,0.5929597975884203,1
rf,right_lateral__A,right_lateral,A,10,265,1,0.5874424519768033,1
rf,right_lateral__A,right_lateral,A,10,265,1,0.5894546115068102,1
rf,right_lateral__A,right_lateral,A,10,265,1,0.37785495949891873,0
rf,right_lateral__B,right_lateral,B,1,249,0,0.7126884786768631,1
rf,right_lateral__B,right_lateral,B,1,249,0,0.4023249422809855,0
rf,right_lateral__B,right_lateral,B,1,249,0,0.5632388497294951,1
rf,right_lateral__B,right_lateral,B,1,249,0,0.39786817008750525,0
rf,right_lateral__B,right_lateral,B,1,249,0,0.467639295130563,0
rf,right_lateral__B,right_lateral,B,1,249,0,0.5031251475661109,1
rf,right_lateral__B,right_lateral,B,1,249,0,0.5484377036802589,1
rf,right_lateral__B,right_lateral,B,1,249,0,0.5977720417861794,1
rf,right_lateral__B,right_lateral,B,1,249,0,0.45735824101157524,0
rf,right_lateral__B,right_lateral,B,1,249,0,0.4692520630294532,0
rf,right_lateral__B,right_lateral,B,1,249,0,0.5424077551396549,1
rf,right_lateral__B,right_lateral,B,1,249,0,0.5667259689894865,1
rf,right_lateral__B,right_lateral,B,1,249,0,0.46491464632479695,0
rf,right_lateral__B,right_lateral,B,1,249,0,0.5006358689017835,1
rf,right_lateral__B,right_lateral,B,1,249,0,0.4289667770135654,0
rf,right_lateral__B,right_lateral,B,1,249,1,0.3540507062790095,0
rf,right_lateral__B,right_lateral,B,1,249,1,0.54450775006876,1
rf,right_lateral__B,right_lateral,B,1,249,1,0.4507873989019253,0
rf,right_lateral__B,right_lateral,B,1,249,1,0.4157174247977354,0
rf,right_lateral__B,right_lateral,B,1,249,1,0.6441361284339868,1
rf,right_lateral__B,right_lateral,B,1,249,1,0.39672987282016464,0
rf,right_lateral__B,right_lateral,B,1,249,1,0.6987585059951081,1
rf,right_lateral__B,right_lateral,B,1,249,1,0.4285337765996822,0
rf,right_lateral__B,right_lateral,B,1,249,1,0.34919195094831196,0
rf,right_lateral__B,right_lateral,B,1,249,1,0.38389455423507973,0
rf,right_lateral__B,right_lateral,B,1,249,1,0.4353740550885384,0
rf,right_lateral__B,right_lateral,B,1,249,1,0.5516219337560792,1
rf,right_lateral__B,right_lateral,B,1,249,1,0.43746549508501287,0
rf,right_lateral__B,right_lateral,B,1,249,1,0.37566511275376335,0
rf,right_lateral__B,right_lateral,B,1,249,1,0.42525224709531095,0
rf,right_lateral__B,right_lateral,B,1,249,1,0.4106234984522383,0
rf,right_lateral__B,right_lateral,B,1,249,1,0.4929314307188102,0
rf,right_lateral__B,right_lateral,B,2,219,0,0.7157236163888296,1
rf,right_lateral__B,right_lateral,B,2,219,0,0.6968671989566038,1
rf,right_lateral__B,right_lateral,B,2,219,0,0.6820612041466798,1
rf,right_lateral__B,right_lateral,B,2,219,0,0.36705649827647835,0
rf,right_lateral__B,right_lateral,B,2,219,0,0.5455543318164832,1
rf,right_lateral__B,right_lateral,B,2,219,0,0.4959358358452611,0
rf,right_lateral__B,right_lateral,B,2,219,0,0.32744228213316057,0
rf,right_lateral__B,right_lateral,B,2,219,0,0.4613682393536876,0
rf,right_lateral__B,right_lateral,B,2,219,0,0.40534162586604033,0
rf,right_lateral__B,right_lateral,B,2,219,0,0.4232546510080073,0
rf,right_lateral__B,right_lateral,B,2,219,0,0.4407690394360446,0
rf,right_lateral__B,right_lateral,B,2,219,0,0.559933438949248,1
rf,right_lateral__B,right_lateral,B,2,219,0,0.6265124780074358,1
rf,right_lateral__B,right_lateral,B,2,219,0,0.47487042076329244,0
rf,right_lateral__B,right_lateral,B,2,219,1,0.4994919315020162,0
rf,right_lateral__B,right_lateral,B,2,219,1,0.47444616302104126,0
rf,right_lateral__B,right_lateral,B,2,219,1,0.5692009533242379,1
rf,right_lateral__B,right_lateral,B,2,219,1,0.4813368009388466,0
rf,right_lateral__B,right_lateral,B,2,219,1,0.38485998907305974,0
rf,right_lateral__B,right_lateral,B,2,219,1,0.3317074399473887,0
rf,right_lateral__B,right_lateral,B,2,219,1,0.2318477163799131,0
rf,right_lateral__B,right_lateral,B,2,219,1,0.5421501244441841,1
rf,right_lateral__B,right_lateral,B,2,219,1,0.5380890188276687,1
rf,right_lateral__B,right_lateral,B,2,219,1,0.5488440314266526,1
rf,right_lateral__B,right_lateral,B,2,219,1,0.37738711670478264,0
rf,right_lateral__B,right_lateral,B,2,219,1,0.3630074071232206,0
rf,right_lateral__B,right_lateral,B,2,219,1,0.4084490959863702,0
rf,right_lateral__B,right_lateral,B,2,219,1,0.4340914655770554,0
rf,right_lateral__B,right_lateral,B,2,219,1,0.46483599647706497,0
rf,right_lateral__B,right_lateral,B,2,219,1,0.436348292923536,0
rf,right_lateral__B,right_lateral,B,3,313,0,0.5334049670614174,1
rf,right_lateral__B,right_lateral,B,3,313,0,0.5481153839448794,1
rf,right_lateral__B,right_lateral,B,3,313,0,0.47416784503397613,0
rf,right_lateral__B,right_lateral,B,3,313,0,0.4076697761317827,0
rf,right_lateral__B,right_lateral,B,3,313,0,0.4662450826699912,0
rf,right_lateral__B,right_lateral,B,3,313,0,0.5552981991626726,1
rf,right_lateral__B,right_lateral,B,3,313,0,0.7850123310093319,1
rf,right_lateral__B,right_lateral,B,3,313,0,0.4692004659802491,0
rf,right_lateral__B,right_lateral,B,3,313,0,0.5347075274327084,1
rf,right_lateral__B,right_lateral,B,3,313,0,0.371226406867353,0
rf,right_lateral__B,right_lateral,B,3,313,0,0.5224025109611327,1
rf,right_lateral__B,right_lateral,B,3,313,0,0.4966975995332733,0
rf,right_lateral__B,right_lateral,B,3,313,0,0.41604733168400787,0
rf,right_lateral__B,right_lateral,B,3,313,0,0.40745388798556825,0
rf,right_lateral__B,right_lateral,B,3,313,0,0.4207847309433822,0
rf,right_lateral__B,right_lateral,B,3,313,1,0.45056407840227597,0
rf,right_lateral__B,right_lateral,B,3,313,1,0.46158168096717644,0
rf,right_lateral__B,right_lateral,B,3,313,1,0.44658408869099625,0
rf,right_lateral__B,right_lateral,B,3,313,1,0.42229079262214353,0
rf,right_lateral__B,right_lateral,B,3,313,1,0.4424802350322991,0
rf,right_lateral__B,right_lateral,B,3,313,1,0.5475983636035053,1
rf,right_lateral__B,right_lateral,B,3,313,1,0.49087085744358694,0
rf,right_lateral__B,right_lateral,B,3,313,1,0.5465240728110109,1
rf,right_lateral__B,right_lateral,B,3,313,1,0.48339823523197895,0
rf,right_lateral__B,right_lateral,B,3,313,1,0.3803700319189225,0
rf,right_lateral__B,right_lateral,B,3,313,1,0.57381893719865,1
rf,right_lateral__B,right_lateral,B,3,313,1,0.44726134835943404,0
rf,right_lateral__B,right_lateral,B,3,313,1,0.5178790071769653,1
rf,right_lateral__B,right_lateral,B,3,313,1,0.3637176240725461,0
rf,right_lateral__B,right_lateral,B,4,318,0,0.7007477589845337,1
rf,right_lateral__B,right_lateral,B,4,318,0,0.5862432224935913,1
rf,right_lateral__B,right_lateral,B,4,318,0,0.4139423036308461,0
rf,right_lateral__B,right_lateral,B,4,318,0,0.5521604232698099,1
rf,right_lateral__B,right_lateral,B,4,318,0,0.41266706859805596,0
rf,right_lateral__B,right_lateral,B,4,318,0,0.5105081966412441,1
rf,right_lateral__B,right_lateral,B,4,318,0,0.48041865628844443,0
rf,right_lateral__B,right_lateral,B,4,318,0,0.26240840004993143,0
rf,right_lateral__B,right_lateral,B,4,318,0,0.38944680879511173,0
rf,right_lateral__B,right_lateral,B,4,318,0,0.47241985139423337,0
rf,right_lateral__B,right_lateral,B,4,318,0,0.3855838768423427,0
rf,right_lateral__B,right_lateral,B,4,318,0,0.4313962971776409,0
rf,right_lateral__B,right_lateral,B,4,318,0,0.4294334910222989,0
rf,right_lateral__B,right_lateral,B,4,318,0,0.5352731093968163,1
rf,right_lateral__B,right_lateral,B,4,318,1,0.4578155231949832,0
rf,right_lateral__B,right_lateral,B,4,318,1,0.33392099754298293,0
rf,right_lateral__B,right_lateral,B,4,318,1,0.43068678520001713,0
rf,right_lateral__B,right_lateral,B,4,318,1,0.2888682879822058,0
rf,right_lateral__B,right_lateral,B,4,318,1,0.4699069822235512,0
rf,right_lateral__B,right_lateral,B,4,318,1,0.4942453873406376,0
rf,right_lateral__B,right_lateral,B,4,318,1,0.3860422306268725,0
rf,right_lateral__B,right_lateral,B,4,318,1,0.5751484582842042,1
rf,right_lateral__B,right_lateral,B,4,318,1,0.5055748172976106,1
rf,right_lateral__B,right_lateral,B,4,318,1,0.5051609234345065,1
rf,right_lateral__B,right_lateral,B,4,318,1,0.32995754140064015,0
rf,right_lateral__B,right_lateral,B,4,318,1,0.5039816330469453,1
rf,right_lateral__B,right_lateral,B,4,318,1,0.28041470278527486,0
rf,right_lateral__B,right_lateral,B,4,318,1,0.5715904695564246,1
rf,right_lateral__B,right_lateral,B,5,300,0,0.6559452364504904,1
rf,right_lateral__B,right_lateral,B,5,300,0,0.4556080290089397,0
rf,right_lateral__B,right_lateral,B,5,300,0,0.5017900463929434,1
rf,right_lateral__B,right_lateral,B,5,300,0,0.5344411010935097,1
rf,right_lateral__B,right_lateral,B,5,300,0,0.5273224719318005,1
rf,right_lateral__B,right_lateral,B,5,300,0,0.4195039961032513,0
rf,right_lateral__B,right_lateral,B,5,300,0,0.46480844250867626,0
rf,right_lateral__B,right_lateral,B,5,300,0,0.4698096799251297,0
rf,right_lateral__B,right_lateral,B,5,300,0,0.5341650518952215,1
rf,right_lateral__B,right_lateral,B,5,300,0,0.39972305460863244,0
rf,right_lateral__B,right_lateral,B,5,300,0,0.5621058640557073,1
rf,right_lateral__B,right_lateral,B,5,300,0,0.42016930866330054,0
rf,right_lateral__B,right_lateral,B,5,300,0,0.39744494954313664,0
rf,right_lateral__B,right_lateral,B,5,300,0,0.6060354505778056,1
rf,right_lateral__B,right_lateral,B,5,300,1,0.4388413203077107,0
rf,right_lateral__B,right_lateral,B,5,300,1,0.46402144612729734,0
rf,right_lateral__B,right_lateral,B,5,300,1,0.3733357393361774,0
rf,right_lateral__B,right_lateral,B,5,300,1,0.5137026444432705,1
rf,right_lateral__B,right_lateral,B,5,300,1,0.3683163639752935,0
rf,right_lateral__B,right_lateral,B,5,300,1,0.4013571352515674,0
rf,right_lateral__B,right_lateral,B,5,300,1,0.42779070127860686,0
rf,right_lateral__B,right_lateral,B,5,300,1,0.34698502138841275,0
rf,right_lateral__B,right_lateral,B,5,300,1,0.3972948664204646,0
rf,right_lateral__B,right_lateral,B,5,300,1,0.31655577466685214,0
rf,right_lateral__B,right_lateral,B,5,300,1,0.30212712299440786,0
rf,right_lateral__B,right_lateral,B,5,300,1,0.3746204296467017,0
rf,right_lateral__B,right_lateral,B,5,300,1,0.5702339327150457,1
rf,right_lateral__B,right_lateral,B,5,300,1,0.41925998509125245,0
rf,right_lateral__B,right_lateral,B,6,271,0,0.4284696993107394,0
rf,right_lateral__B,right_lateral,B,6,271,0,0.4831633439486602,0
rf,right_lateral__B,right_lateral,B,6,271,0,0.30145422364389907,0
rf,right_lateral__B,right_lateral,B,6,271,0,0.4493893782698274,0
rf,right_lateral__B,right_lateral,B,6,271,0,0.42778276341665566,0
rf,right_lateral__B,right_lateral,B,6,271,0,0.589982398372786,1
rf,right_lateral__B,right_lateral,B,6,271,0,0.4193156894643929,0
rf,right_lateral__B,right_lateral,B,6,271,0,0.5097838493465577,1
rf,right_lateral__B,right_lateral,B,6,271,0,0.5494679916796081,1
rf,right_lateral__B,right_lateral,B,6,271,0,0.535580557012514,1
rf,right_lateral__B,right_lateral,B,6,271,0,0.5815080077295827,1
rf,right_lateral__B,right_lateral,B,6,271,0,0.5923980083419679,1
rf,right_lateral__B,right_lateral,B,6,271,0,0.48095790902819585,0
rf,right_lateral__B,right_lateral,B,6,271,0,0.5132064281362188,1
rf,right_lateral__B,right_lateral,B,6,271,1,0.29688463883681665,0
rf,right_lateral__B,right_lateral,B,6,271,1,0.42831026893768337,0
rf,right_lateral__B,right_lateral,B,6,271,1,0.5039004967243851,1
rf,right_lateral__B,right_lateral,B,6,271,1,0.4472341344219821,0
rf,right_lateral__B,right_lateral,B,6,271,1,0.5017786400005376,1
rf,right_lateral__B,right_lateral,B,6,271,1,0.36787508520861195,0
rf,right_lateral__B,right_lateral,B,6,271,1,0.5046871200560986,1
rf,right_lateral__B,right_lateral,B,6,271,1,0.3629612522648997,0
rf,right_lateral__B,right_lateral,B,6,271,1,0.46020185304460226,0
rf,right_lateral__B,right_lateral,B,6,271,1,0.441057292757,0
rf,right_lateral__B,right_lateral,B,6,271,1,0.4476775233423703,0
rf,right_lateral__B,right_lateral,B,6,271,1,0.4397515357750321,0
rf,right_lateral__B,right_lateral,B,6,271,1,0.3354199406048981,0
rf,right_lateral__B,right_lateral,B,6,271,1,0.36201897172966235,0
rf,right_lateral__B,right_lateral,B,7,251,0,0.5435633562709443,1
rf,right_lateral__B,right_lateral,B,7,251,0,0.6176093200977751,1
rf,right_lateral__B,right_lateral,B,7,251,0,0.6110499271451088,1
rf,right_lateral__B,right_lateral,B,7,251,0,0.616017371097298,1
rf,right_lateral__B,right_lateral,B,7,251,0,0.6866443100995885,1
rf,right_lateral__B,right_lateral,B,7,251,0,0.5108181266865904,1
rf,right_lateral__B,right_lateral,B,7,251,0,0.5552151877125441,1
rf,right_lateral__B,right_lateral,B,7,251,0,0.48577170766818734,0
rf,right_lateral__B,right_lateral,B,7,251,0,0.4477731559475098,0
rf,right_lateral__B,right_lateral,B,7,251,0,0.4867729549276969,0
rf,right_lateral__B,right_lateral,B,7,251,0,0.607139290169387,1
rf,right_lateral__B,right_lateral,B,7,251,0,0.6622783450998482,1
rf,right_lateral__B,right_lateral,B,7,251,0,0.5621151854419789,1
rf,right_lateral__B,right_lateral,B,7,251,0,0.6092694971565148,1
rf,right_lateral__B,right_lateral,B,7,251,1,0.5980058683764109,1
rf,right_lateral__B,right_lateral,B,7,251,1,0.5718958873084707,1
rf,right_lateral__B,right_lateral,B,7,251,1,0.6539929893989723,1
rf,right_lateral__B,right_lateral,B,7,251,1,0.6054738528994238,1
rf,right_lateral__B,right_lateral,B,7,251,1,0.5806056338824731,1
rf,right_lateral__B,right_lateral,B,7,251,1,0.5302500871529573,1
rf,right_lateral__B,right_lateral,B,7,251,1,0.5696688806925445,1
rf,right_lateral__B,right_lateral,B,7,251,1,0.5315376758018762,1
rf,right_lateral__B,right_lateral,B,7,251,1,0.49907851351698906,0
rf,right_lateral__B,right_lateral,B,7,251,1,0.5757193319254843,1
rf,right_lateral__B,right_lateral,B,7,251,1,0.554148943932185,1
rf,right_lateral__B,right_lateral,B,7,251,1,0.4822336388425091,0
rf,right_lateral__B,right_lateral,B,7,251,1,0.48810345620346446,0
rf,right_lateral__B,right_lateral,B,8,282,0,0.4409254504420851,0
rf,right_lateral__B,right_lateral,B,8,282,0,0.6516723308864755,1
rf,right_lateral__B,right_lateral,B,8,282,0,0.5610809699038309,1
rf,right_lateral__B,right_lateral,B,8,282,0,0.377869476088512,0
rf,right_lateral__B,right_lateral,B,8,282,0,0.5970613500820149,1
rf,right_lateral__B,right_lateral,B,8,282,0,0.601551622505087,1
rf,right_lateral__B,right_lateral,B,8,282,0,0.6348182312543431,1
rf,right_lateral__B,right_lateral,B,8,282,0,0.6153369516572519,1
rf,right_lateral__B,right_lateral,B,8,282,0,0.5015178243297069,1
rf,right_lateral__B,right_lateral,B,8,282,0,0.5483605331284055,1
rf,right_lateral__B,right_lateral,B,8,282,0,0.5690045549028253,1
rf,right_lateral__B,right_lateral,B,8,282,0,0.522992431026132,1
rf,right_lateral__B,right_lateral,B,8,282,0,0.5397273454908248,1
rf,right_lateral__B,right_lateral,B,8,282,0,0.3785031233363202,0
rf,right_lateral__B,right_lateral,B,8,282,1,0.38683906108090776,0
rf,right_lateral__B,right_lateral,B,8,282,1,0.43007848407512633,0
rf,right_lateral__B,right_lateral,B,8,282,1,0.6140075999173753,1
rf,right_lateral__B,right_lateral,B,8,282,1,0.4269616330678558,0
rf,right_lateral__B,right_lateral,B,8,282,1,0.5466651206675182,1
rf,right_lateral__B,right_lateral,B,8,282,1,0.474568046929018,0
rf,right_lateral__B,right_lateral,B,8,282,1,0.4263726168405491,0
rf,right_lateral__B,right_lateral,B,8,282,1,0.41269366506700933,0
rf,right_lateral__B,right_lateral,B,8,282,1,0.577451059928835,1
rf,right_lateral__B,right_lateral,B,8,282,1,0.5470573689739561,1
rf,right_lateral__B,right_lateral,B,8,282,1,0.5560658201449629,1
rf,right_lateral__B,right_lateral,B,9,210,0,0.5118361204279074,1
rf,right_lateral__B,right_lateral,B,9,210,0,0.5250843565809106,1
rf,right_lateral__B,right_lateral,B,9,210,0,0.5693448805258092,1
rf,right_lateral__B,right_lateral,B,9,210,0,0.5814403724721263,1
rf,right_lateral__B,right_lateral,B,9,210,0,0.4820730276341119,0
rf,right_lateral__B,right_lateral,B,9,210,0,0.4696341001603915,0
rf,right_lateral__B,right_lateral,B,9,210,0,0.4530186043746415,0
rf,right_lateral__B,right_lateral,B,9,210,0,0.5654255747317932,1
rf,right_lateral__B,right_lateral,B,9,210,0,0.4709682822853986,0
rf,right_lateral__B,right_lateral,B,9,210,0,0.3083901785350401,0
rf,right_lateral__B,right_lateral,B,9,210,0,0.5207182340152117,1
rf,right_lateral__B,right_lateral,B,9,210,0,0.5148570230491198,1
rf,right_lateral__B,right_lateral,B,9,210,0,0.4119670068044782,0
rf,right_lateral__B,right_lateral,B,9,210,0,0.5541539216514638,1
rf,right_lateral__B,right_lateral,B,9,210,1,0.5274560785074591,1
rf,right_lateral__B,right_lateral,B,9,210,1,0.5077733299098758,1
rf,right_lateral__B,right_lateral,B,9,210,1,0.5377503183795481,1
rf,right_lateral__B,right_lateral,B,9,210,1,0.4123129611390368,0
rf,right_lateral__B,right_lateral,B,9,210,1,0.43473113149777964,0
rf,right_lateral__B,right_lateral,B,9,210,1,0.42938461154624263,0
rf,right_lateral__B,right_lateral,B,9,210,1,0.43998740805318926,0
rf,right_lateral__B,right_lateral,B,9,210,1,0.4669083357855748,0
rf,right_lateral__B,right_lateral,B,9,210,1,0.5311877459618058,1
rf,right_lateral__B,right_lateral,B,9,210,1,0.5829339267025544,1
rf,right_lateral__B,right_lateral,B,9,210,1,0.373855888898176,0
rf,right_lateral__B,right_lateral,B,10,265,0,0.7048674872366392,1
rf,right_lateral__B,right_lateral,B,10,265,0,0.675479543727069,1
rf,right_lateral__B,right_lateral,B,10,265,0,0.5200182763158504,1
rf,right_lateral__B,right_lateral,B,10,265,0,0.5178811149197838,1
rf,right_lateral__B,right_lateral,B,10,265,0,0.5325145615693692,1
rf,right_lateral__B,right_lateral,B,10,265,0,0.47011931727998124,0
rf,right_lateral__B,right_lateral,B,10,265,0,0.4752038113184374,0
rf,right_lateral__B,right_lateral,B,10,265,0,0.4639244422069524,0
rf,right_lateral__B,right_lateral,B,10,265,0,0.7071661761191866,1
rf,right_lateral__B,right_lateral,B,10,265,0,0.4920844118971523,0
rf,right_lateral__B,right_lateral,B,10,265,0,0.5008894298898874,1
rf,right_lateral__B,right_lateral,B,10,265,0,0.4817322890311118,0
rf,right_lateral__B,right_lateral,B,10,265,0,0.4113361303011162,0
rf,right_lateral__B,right_lateral,B,10,265,1,0.39896500423143316,0
rf,right_lateral__B,right_lateral,B,10,265,1,0.43777553888686327,0
rf,right_lateral__B,right_lateral,B,10,265,1,0.46770879538005244,0
rf,right_lateral__B,right_lateral,B,10,265,1,0.4957697522131352,0
rf,right_lateral__B,right_lateral,B,10,265,1,0.6324390707918852,1
rf,right_lateral__B,right_lateral,B,10,265,1,0.46521439029800754,0
rf,right_lateral__B,right_lateral,B,10,265,1,0.4526660732953898,0
rf,right_lateral__B,right_lateral,B,10,265,1,0.48131748512226125,0
rf,right_lateral__B,right_lateral,B,10,265,1,0.40638181967472464,0
rf,right_lateral__B,right_lateral,B,10,265,1,0.47034456309947215,0
rf,right_lateral__B,right_lateral,B,10,265,1,0.6199071604752073,1
rf,right_lateral__C,right_lateral,C,1,249,0,0.31959868963611865,0
rf,right_lateral__C,right_lateral,C,1,249,0,0.49418966171761497,0
rf,right_lateral__C,right_lateral,C,1,249,0,0.39264188849304704,0
rf,right_lateral__C,right_lateral,C,1,249,0,0.2712035537201256,0
rf,right_lateral__C,right_lateral,C,1,249,0,0.15818949989509445,0
rf,right_lateral__C,right_lateral,C,1,249,0,0.2977218135665945,0
rf,right_lateral__C,right_lateral,C,1,249,0,0.314027670981451,0
rf,right_lateral__C,right_lateral,C,1,249,0,0.3616907322667287,0
rf,right_lateral__C,right_lateral,C,1,249,0,0.3192243889671407,0
rf,right_lateral__C,right_lateral,C,1,249,0,0.22858129467585347,0
rf,right_lateral__C,right_lateral,C,1,249,0,0.25516868825176015,0
rf,right_lateral__C,right_lateral,C,1,249,0,0.3952221865896042,0
rf,right_lateral__C,right_lateral,C,1,249,0,0.44743525488835056,0
rf,right_lateral__C,right_lateral,C,1,249,0,0.4500392690621425,0
rf,right_lateral__C,right_lateral,C,1,249,0,0.22631371717020993,0
rf,right_lateral__C,right_lateral,C,1,249,1,0.6557917628686023,1
rf,right_lateral__C,right_lateral,C,1,249,1,0.7128979842631478,1
rf,right_lateral__C,right_lateral,C,1,249,1,0.7253417187834951,1
rf,right_lateral__C,right_lateral,C,1,249,1,0.7654007331077963,1
rf,right_lateral__C,right_lateral,C,1,249,1,0.689316000262322,1
rf,right_lateral__C,right_lateral,C,1,249,1,0.48709783814918844,0
rf,right_lateral__C,right_lateral,C,1,249,1,0.7124428284461173,1
rf,right_lateral__C,right_lateral,C,1,249,1,0.5756978969825525,1
rf,right_lateral__C,right_lateral,C,1,249,1,0.6546843350419321,1
rf,right_lateral__C,right_lateral,C,1,249,1,0.6013530564189608,1
rf,right_lateral__C,right_lateral,C,1,249,1,0.5656712403592357,1
rf,right_lateral__C,right_lateral,C,1,249,1,0.6297229493317635,1
rf,right_lateral__C,right_lateral,C,1,249,1,0.5946152786246384,1
rf,right_lateral__C,right_lateral,C,1,249,1,0.4824442982085922,0
rf,right_lateral__C,right_lateral,C,1,249,1,0.5885025693127064,1
rf,right_lateral__C,right_lateral,C,1,249,1,0.5707566481478602,1
rf,right_lateral__C,right_lateral,C,1,249,1,0.730503291300915,1
rf,right_lateral__C,right_lateral,C,2,219,0,0.4909625772554736,0
rf,right_lateral__C,right_lateral,C,2,219,0,0.6195675112041499,1
rf,right_lateral__C,right_lateral,C,2,219,0,0.6958324111798022,1
rf,right_lateral__C,right_lateral,C,2,219,0,0.7741740727718722,1
rf,right_lateral__C,right_lateral,C,2,219,0,0.6923124793746835,1
rf,right_lateral__C,right_lateral,C,2,219,0,0.7616776356604689,1
rf,right_lateral__C,right_lateral,C,2,219,0,0.5132326088878384,1
rf,right_lateral__C,right_lateral,C,2,219,0,0.20745343298869648,0
rf,right_lateral__C,right_lateral,C,2,219,0,0.7692157520486903,1
rf,right_lateral__C,right_lateral,C,2,219,0,0.3685455719531452,0
rf,right_lateral__C,right_lateral,C,2,219,0,0.32207710239914833,0
rf,right_lateral__C,right_lateral,C,2,219,0,0.5264169451509982,1
rf,right_lateral__C,right_lateral,C,2,219,0,0.3610894616787919,0
rf,right_lateral__C,right_lateral,C,2,219,0,0.288897466406629,0
rf,right_lateral__C,right_lateral,C,2,219,1,0.6259554749839367,1
rf,right_lateral__C,right_lateral,C,2,219,1,0.5963794338634605,1
rf,right_lateral__C,right_lateral,C,2,219,1,0.6204487635709429,1
rf,right_lateral__C,right_lateral,C,2,219,1,0.563007996880215,1
rf,right_lateral__C,right_lateral,C,2,219,1,0.6005784382748482,1
rf,right_lateral__C,right_lateral,C,2,219,1,0.5950311294342304,1
rf,right_lateral__C,right_lateral,C,2,219,1,0.49624291258665865,0
rf,right_lateral__C,right_lateral,C,2,219,1,0.657252627836507,1
rf,right_lateral__C,right_lateral,C,2,219,1,0.6345981924714605,1
rf,right_lateral__C,right_lateral,C,2,219,1,0.6098237694959662,1
rf,right_lateral__C,right_lateral,C,2,219,1,0.5693633588426634,1
rf,right_lateral__C,right_lateral,C,2,219,1,0.5922716992650295,1
rf,right_lateral__C,right_lateral,C,2,219,1,0.6997312036349393,1
rf,right_lateral__C,right_lateral,C,2,219,1,0.5430740527509439,1
rf,right_lateral__C,right_lateral,C,2,219,1,0.5664815550369926,1
rf,right_lateral__C,right_lateral,C,2,219,1,0.5891394385544693,1
rf,right_lateral__C,right_lateral,C,3,313,0,0.5431462480405345,1
rf,right_lateral__C,right_lateral,C,3,313,0,0.6546892704288073,1
rf,right_lateral__C,right_lateral,C,3,313,0,0.6578755073120334,1
rf,right_lateral__C,right_lateral,C,3,313,0,0.46712648301534143,0
rf,right_lateral__C,right_lateral,C,3,313,0,0.6782802649720538,1
rf,right_lateral__C,right_lateral,C,3,313,0,0.6633619962682605,1
rf,right_lateral__C,right_lateral,C,3,313,0,0.6274917008570629,1
rf,right_lateral__C,right_lateral,C,3,313,0,0.5488197969893119,1
rf,right_lateral__C,right_lateral,C,3,313,0,0.5962070736138143,1
rf,right_lateral__C,right_lateral,C,3,313,0,0.7154234887531327,1
rf,right_lateral__C,right_lateral,C,3,313,0,0.4502350605912643,0
rf,right_lateral__C,right_lateral,C,3,313,0,0.5676572797567817,1
rf,right_lateral__C,right_lateral,C,3,313,0,0.7108965459014446,1
rf,right_lateral__C,right_lateral,C,3,313,0,0.6072705588071138,1
rf,right_lateral__C,right_lateral,C,3,313,0,0.6705071091866966,1
rf,right_lateral__C,right_lateral,C,3,313,1,0.6407687762556411,1
rf,right_lateral__C,right_lateral,C,3,313,1,0.6163999412341791,1
rf,right_lateral__C,right_lateral,C,3,313,1,0.7092149103021554,1
rf,right_lateral__C,right_lateral,C,3,313,1,0.633012733867905,1
rf,right_lateral__C,right_lateral,C,3,313,1,0.7108822650271414,1
rf,right_lateral__C,right_lateral,C,3,313,1,0.6668150674222543,1
rf,right_lateral__C,right_lateral,C,3,313,1,0.6537378769110169,1
rf,right_lateral__C,right_lateral,C,3,313,1,0.698258910412914,1
rf,right_lateral__C,right_lateral,C,3,313,1,0.6882065989985066,1
rf,right_lateral__C,right_lateral,C,3,313,1,0.5894667134467798,1
rf,right_lateral__C,right_lateral,C,3,313,1,0.5440521539682648,1
rf,right_lateral__C,right_lateral,C,3,313,1,0.5246386659858953,1
rf,right_lateral__C,right_lateral,C,3,313,1,0.5234045570010878,1
rf,right_lateral__C,right_lateral,C,3,313,1,0.652102918583856,1
rf,right_lateral__C,right_lateral,C,4,318,0,0.7651904099372302,1
rf,right_lateral__C,right_lateral,C,4,318,0,0.6707294107381894,1
rf,right_lateral__C,right_lateral,C,4,318,0,0.8266995271371941,1
rf,right_lateral__C,right_lateral,C,4,318,0,0.294549614575208,0
rf,right_lateral__C,right_lateral,C,4,318,0,0.8805548575086181,1
rf,right_lateral__C,right_lateral,C,4,318,0,0.671997934894067,1
rf,right_lateral__C,right_lateral,C,4,318,0,0.6215195096076568,1
rf,right_lateral__C,right_lateral,C,4,318,0,0.06489386480557208,0
rf,right_lateral__C,right_lateral,C,4,318,0,0.6739025137453198,1
rf,right_lateral__C,right_lateral,C,4,318,0,0.7346172439598823,1
rf,right_lateral__C,right_lateral,C,4,318,0,0.6345898996669846,1
rf,right_lateral__C,right_lateral,C,4,318,0,0.6024822252052929,1
rf,right_lateral__C,right_lateral,C,4,318,0,0.6992318920759436,1
rf,right_lateral__C,right_lateral,C,4,318,0,0.6946250967959279,1
rf,right_lateral__C,right_lateral,C,4,318,1,0.08067480847847343,0
rf,right_lateral__C,right_lateral,C,4,318,1,0.8089181474520829,1
rf,right_lateral__C,right_lateral,C,4,318,1,0.7264548319439414,1
rf,right_lateral__C,right_lateral,C,4,318,1,0.8190044601690244,1
rf,right_lateral__C,right_lateral,C,4,318,1,0.8154614289368647,1
rf,right_lateral__C,right_lateral,C,4,318,1,0.7509631025709086,1
rf,right_lateral__C,right_lateral,C,4,318,1,0.8750885281646028,1
rf,right_lateral__C,right_lateral,C,4,318,1,0.8231118123562844,1
rf,right_lateral__C,right_lateral,C,4,318,1,0.9264272666904535,1
rf,right_lateral__C,right_lateral,C,4,318,1,0.9192555486458318,1
rf,right_lateral__C,right_lateral,C,4,318,1,0.8142408908079658,1
rf,right_lateral__C,right_lateral,C,4,318,1,0.20946213004598233,0
rf,right_lateral__C,right_lateral,C,4,318,1,0.1883712974636728,0
rf,right_lateral__C,right_lateral,C,4,318,1,0.6661366162851476,1
rf,right_lateral__C,right_lateral,C,5,300,0,0.7600597372848935,1
rf,right_lateral__C,right_lateral,C,5,300,0,0.8716975347155425,1
rf,right_lateral__C,right_lateral,C,5,300,0,0.7183046697938918,1
rf,right_lateral__C,right_lateral,C,5,300,0,0.8084599533665197,1
rf,right_lateral__C,right_lateral,C,5,300,0,0.8345247867123214,1
rf,right_lateral__C,right_lateral,C,5,300,0,0.7703764173513646,1
rf,right_lateral__C,right_lateral,C,5,300,0,0.7941521263671412,1
rf,right_lateral__C,right_lateral,C,5,300,0,0.815053163173027,1
rf,right_lateral__C,right_lateral,C,5,300,0,0.7919642982180619,1
rf,right_lateral__C,right_lateral,C,5,300,0,0.6642865862959,1
rf,right_lateral__C,right_lateral,C,5,300,0,0.823514782708711,1
rf,right_lateral__C,right_lateral,C,5,300,0,0.6820382593016605,1
rf,right_lateral__C,right_lateral,C,5,300,0,0.7821133984395143,1
rf,right_lateral__C,right_lateral,C,5,300,0,0.8320019275467146,1
rf,right_lateral__C,right_lateral,C,5,300,1,0.7586683811402396,1
rf,right_lateral__C,right_lateral,C,5,300,1,0.7606011125509627,1
rf,right_lateral__C,right_lateral,C,5,300,1,0.6879857105210025,1
rf,right_lateral__C,right_lateral,C,5,300,1,0.8043362887707183,1
rf,right_lateral__C,right_lateral,C,5,300,1,0.8012612925452057,1
rf,right_lateral__C,right_lateral,C,5,300,1,0.7891579660406223,1
rf,right_lateral__C,right_lateral,C,5,300,1,0.8372040053778675,1
rf,right_lateral__C,right_lateral,C,5,300,1,0.7331584611772702,1
rf,right_lateral__C,right_lateral,C,5,300,1,0.8318290042255806,1
rf,right_lateral__C,right_lateral,C,5,300,1,0.8029935799328363,1
rf,right_lateral__C,right_lateral,C,5,300,1,0.7436578871201478,1
rf,right_lateral__C,right_lateral,C,5,300,1,0.8872301780880484,1
rf,right_lateral__C,right_lateral,C,5,300,1,0.7967486486541676,1
rf,right_lateral__C,right_lateral,C,5,300,1,0.7282266255666784,1
rf,right_lateral__C,right_lateral,C,6,271,0,0.36591422270221413,0
rf,right_lateral__C,right_lateral,C,6,271,0,0.2695248048312552,0
rf,right_lateral__C,right_lateral,C,6,271,0,0.27845002072990516,0
rf,right_lateral__C,right_lateral,C,6,271,0,0.3062237991513178,0
rf,right_lateral__C,right_lateral,C,6,271,0,0.4421185931375547,0
rf,right_lateral__C,right_lateral,C,6,271,0,0.48021870321037563,0
rf,right_lateral__C,right_lateral,C,6,271,0,0.302513648698027,0
rf,right_lateral__C,right_lateral,C,6,271,0,0.14773496894224508,0
rf,right_lateral__C,right_lateral,C,6,271,0,0.136974591713803,0
rf,right_lateral__C,right_lateral,C,6,271,0,0.38798535237839543,0
rf,right_lateral__C,right_lateral,C,6,271,0,0.2885668201175843,0
rf,right_lateral__C,right_lateral,C,6,271,0,0.24755789710711343,0
rf,right_lateral__C,right_lateral,C,6,271,0,0.23942668820280702,0
rf,right_lateral__C,right_lateral,C,6,271,0,0.2613553648060446,0
rf,right_lateral__C,right_lateral,C,6,271,1,0.30272178442658143,0
rf,right_lateral__C,right_lateral,C,6,271,1,0.5193288066192239,1
rf,right_lateral__C,right_lateral,C,6,271,1,0.3996258009439476,0
rf,right_lateral__C,right_lateral,C,6,271,1,0.4051994057795604,0
rf,right_lateral__C,right_lateral,C,6,271,1,0.4547705852369192,0
rf,right_lateral__C,right_lateral,C,6,271,1,0.36939803197438686,0
rf,right_lateral__C,right_lateral,C,6,271,1,0.5227765369250543,1
rf,right_lateral__C,right_lateral,C,6,271,1,0.28622604559958587,0
rf,right_lateral__C,right_lateral,C,6,271,1,0.5660895761940893,1
rf,right_lateral__C,right_lateral,C,6,271,1,0.4364000280408732,0
rf,right_lateral__C,right_lateral,C,6,271,1,0.4195399827295968,0
rf,right_lateral__C,right_lateral,C,6,271,1,0.3070317732886492,0
rf,right_lateral__C,right_lateral,C,6,271,1,0.5468644825793922,1
rf,right_lateral__C,right_lateral,C,6,271,1,0.37464412405477276,0
rf,right_lateral__C,right_lateral,C,7,251,0,0.18228376032492175,0
rf,right_lateral__C,right_lateral,C,7,251,0,0.09659571858322423,0
rf,right_lateral__C,right_lateral,C,7,251,0,0.0755528159201376,0
rf,right_lateral__C,right_lateral,C,7,251,0,0.16335021939226502,0
rf,right_lateral__C,right_lateral,C,7,251,0,0.12580461809150253,0
rf,right_lateral__C,right_lateral,C,7,251,0,0.1127571897851818,0
rf,right_lateral__C,right_lateral,C,7,251,0,0.18889869680049476,0
rf,right_lateral__C,right_lateral,C,7,251,0,0.11689741466785425,0
rf,right_lateral__C,right_lateral,C,7,251,0,0.04748454135499581,0
rf,right_lateral__C,right_lateral,C,7,251,0,0.08270453162169006,0
rf,right_lateral__C,right_lateral,C,7,251,0,0.08846244875051099,0
rf,right_lateral__C,right_lateral,C,7,251,0,0.10124180888576967,0
rf,right_lateral__C,right_lateral,C,7,251,0,0.1088044117412854,0
rf,right_lateral__C,right_lateral,C,7,251,0,0.06745948933842678,0
rf,right_lateral__C,right_lateral,C,7,251,1,0.09467662819508706,0
rf,right_lateral__C,right_lateral,C,7,251,1,0.1294770160538425,0
rf,right_lateral__C,right_lateral,C,7,251,1,0.1966038606828215,0
rf,right_lateral__C,right_lateral,C,7,251,1,0.08633096358653904,0
rf,right_lateral__C,right_lateral,C,7,251,1,0.13165677033302903,0
rf,right_lateral__C,right_lateral,C,7,251,1,0.19927026303896067,0
rf,right_lateral__C,right_lateral,C,7,251,1,0.077741852248213,0
rf,right_lateral__C,right_lateral,C,7,251,1,0.09853673884624974,0
rf,right_lateral__C,right_lateral,C,7,251,1,0.2761920984297658,0
rf,right_lateral__C,right_lateral,C,7,251,1,0.09698073190198382,0
rf,right_lateral__C,right_lateral,C,7,251,1,0.18470738781498708,0
rf,right_lateral__C,right_lateral,C,7,251,1,0.15789936097314922,0
rf,right_lateral__C,right_lateral,C,7,251,1,0.16496028690744213,0
rf,right_lateral__C,right_lateral,C,8,282,0,0.0498809340042157,0
rf,right_lateral__C,right_lateral,C,8,282,0,0.1506316674544906,0
rf,right_lateral__C,right_lateral,C,8,282,0,0.17224546838380367,0
rf,right_lateral__C,right_lateral,C,8,282,0,0.10884918518223102,0
rf,right_lateral__C,right_lateral,C,8,282,0,0.11979718415976771,0
rf,right_lateral__C,right_lateral,C,8,282,0,0.2105075948622024,0
rf,right_lateral__C,right_lateral,C,8,282,0,0.22062770908261403,0
rf,right_lateral__C,right_lateral,C,8,282,0,0.21664899004570257,0
rf,right_lateral__C,right_lateral,C,8,282,0,0.325518514362308,0
rf,right_lateral__C,right_lateral,C,8,282,0,0.2034521170559023,0
rf,right_lateral__C,right_lateral,C,8,282,0,0.272797030269223,0
rf,right_lateral__C,right_lateral,C,8,282,0,0.13425179698957726,0
rf,right_lateral__C,right_lateral,C,8,282,0,0.15195157747675248,0
rf,right_lateral__C,right_lateral,C,8,282,0,0.29258198481761605,0
rf,right_lateral__C,right_lateral,C,8,282,1,0.5133107811779288,1
rf,right_lateral__C,right_lateral,C,8,282,1,0.7094087723843059,1
rf,right_lateral__C,right_lateral,C,8,282,1,0.5358723004658207,1
rf,right_lateral__C,right_lateral,C,8,282,1,0.5046904417696116,1
rf,right_lateral__C,right_lateral,C,8,282,1,0.8204083970511766,1
rf,right_lateral__C,right_lateral,C,8,282,1,0.5664053312304255,1
rf,right_lateral__C,right_lateral,C,8,282,1,0.1726343966258505,0
rf,right_lateral__C,right_lateral,C,8,282,1,0.47595075575843865,0
rf,right_lateral__C,right_lateral,C,8,282,1,0.5607649079299075,1
rf,right_lateral__C,right_lateral,C,8,282,1,0.7328609224566689,1
rf,right_lateral__C,right_lateral,C,8,282,1,0.490786851595318,0
rf,right_lateral__C,right_lateral,C,9,210,0,0.6013532845482787,1
rf,right_lateral__C,right_lateral,C,9,210,0,0.20555499778768963,0
rf,right_lateral__C,right_lateral,C,9,210,0,0.405306495983224,0
rf,right_lateral__C,right_lateral,C,9,210,0,0.5982363266598587,1
rf,right_lateral__C,right_lateral,C,9,210,0,0.19141840637883994,0
rf,right_lateral__C,right_lateral,C,9,210,0,0.6292718300890591,1
rf,right_lateral__C,right_lateral,C,9,210,0,0.22295726004990538,0
rf,right_lateral__C,right_lateral,C,9,210,0,0.599756705215051,1
rf,right_lateral__C,right_lateral,C,9,210,0,0.5400580829533884,1
rf,right_lateral__C,right_lateral,C,9,210,0,0.30560899887382825,0
rf,right_lateral__C,right_lateral,C,9,210,0,0.3905091644977866,0
rf,right_lateral__C,right_lateral,C,9,210,0,0.21914577222438805,0
rf,right_lateral__C,right_lateral,C,9,210,0,0.2261476823829599,0
rf,right_lateral__C,right_lateral,C,9,210,0,0.6042710008497659,1
rf,right_lateral__C,right_lateral,C,9,210,1,0.77800334938963,1
rf,right_lateral__C,right_lateral,C,9,210,1,0.7769807356744023,1
rf,right_lateral__C,right_lateral,C,9,210,1,0.8575727674816741,1
rf,right_lateral__C,right_lateral,C,9,210,1,0.664998739879387,1
rf,right_lateral__C,right_lateral,C,9,210,1,0.7471177700575078,1
rf,right_lateral__C,right_lateral,C,9,210,1,0.7084854206913714,1
rf,right_lateral__C,right_lateral,C,9,210,1,0.7395956722013085,1
rf,right_lateral__C,right_lateral,C,9,210,1,0.7924431438791687,1
rf,right_lateral__C,right_lateral,C,9,210,1,0.725220080647184,1
rf,right_lateral__C,right_lateral,C,9,210,1,0.7220786178061205,1
rf,right_lateral__C,right_lateral,C,9,210,1,0.7764453143896877,1
rf,right_lateral__C,right_lateral,C,10,265,0,0.4665827205641564,0
rf,right_lateral__C,right_lateral,C,10,265,0,0.47220559671853346,0
rf,right_lateral__C,right_lateral,C,10,265,0,0.48531102773752705,0
rf,right_lateral__C,right_lateral,C,10,265,0,0.5767636861598261,1
rf,right_lateral__C,right_lateral,C,10,265,0,0.6144648165451452,1
rf,right_lateral__C,right_lateral,C,10,265,0,0.7021292043082269,1
rf,right_lateral__C,right_lateral,C,10,265,0,0.2656063864681037,0
rf,right_lateral__C,right_lateral,C,10,265,0,0.5144975205450226,1
rf,right_lateral__C,right_lateral,C,10,265,0,0.45576843711451615,0
rf,right_lateral__C,right_lateral,C,10,265,0,0.3703240636554503,0
rf,right_lateral__C,right_lateral,C,10,265,0,0.43436704154278244,0
rf,right_lateral__C,right_lateral,C,10,265,0,0.34397772807850635,0
rf,right_lateral__C,right_lateral,C,10,265,0,0.32909777291347553,0
rf,right_lateral__C,right_lateral,C,10,265,1,0.2780780926350447,0
rf,right_lateral__C,right_lateral,C,10,265,1,0.3898945297981311,0
rf,right_lateral__C,right_lateral,C,10,265,1,0.7980670732582366,1
rf,right_lateral__C,right_lateral,C,10,265,1,0.6422102441244245,1
rf,right_lateral__C,right_lateral,C,10,265,1,0.3247200094773381,0
rf,right_lateral__C,right_lateral,C,10,265,1,0.23511417062214307,0
rf,right_lateral__C,right_lateral,C,10,265,1,0.3901756812165549,0
rf,right_lateral__C,right_lateral,C,10,265,1,0.5663907646048818,1
rf,right_lateral__C,right_lateral,C,10,265,1,0.5471384450601622,1
rf,right_lateral__C,right_lateral,C,10,265,1,0.5526566823576843,1
rf,right_lateral__C,right_lateral,C,10,265,1,0.44027502518738326,0
rf,both_lateral__A,both_lateral,A,1,249,0,0.25610813508400004,0
rf,both_lateral__A,both_lateral,A,1,249,0,0.45325313123878574,0
rf,both_lateral__A,both_lateral,A,1,249,0,0.6748679600251783,1
rf,both_lateral__A,both_lateral,A,1,249,0,0.20971379735898654,0
rf,both_lateral__A,both_lateral,A,1,249,0,0.13250000260673597,0
rf,both_lateral__A,both_lateral,A,1,249,0,0.3538299189954345,0
rf,both_lateral__A,both_lateral,A,1,249,0,0.2387985157990198,0
rf,both_lateral__A,both_lateral,A,1,249,0,0.18681590187160815,0
rf,both_lateral__A,both_lateral,A,1,249,0,0.23989978972690676,0
rf,both_lateral__A,both_lateral,A,1,249,0,0.17700620619650523,0
rf,both_lateral__A,both_lateral,A,1,249,0,0.13919462403555585,0
rf,both_lateral__A,both_lateral,A,1,249,0,0.36791388842075556,0
rf,both_lateral__A,both_lateral,A,1,249,0,0.48657442527989736,0
rf,both_lateral__A,both_lateral,A,1,249,0,0.7718617910286555,1
rf,both_lateral__A,both_lateral,A,1,249,0,0.15743239534988254,0
rf,both_lateral__A,both_lateral,A,1,249,1,0.6304274578947321,1
rf,both_lateral__A,both_lateral,A,1,249,1,0.663708719095543,1
rf,both_lateral__A,both_lateral,A,1,249,1,0.8041034144686033,1
rf,both_lateral__A,both_lateral,A,1,249,1,0.8306483745353833,1
rf,both_lateral__A,both_lateral,A,1,249,1,0.7292587554767637,1
rf,both_lateral__A,both_lateral,A,1,249,1,0.4127252665341916,0
rf,both_lateral__A,both_lateral,A,1,249,1,0.5410500456737176,1
rf,both_lateral__A,both_lateral,A,1,249,1,0.6663261444727206,1
rf,both_lateral__A,both_lateral,A,1,249,1,0.7853342609972467,1
rf,both_lateral__A,both_lateral,A,1,249,1,0.5540928005565623,1
rf,both_lateral__A,both_lateral,A,1,249,1,0.4928662264256258,0
rf,both_lateral__A,both_lateral,A,1,249,1,0.5468419361415577,1
rf,both_lateral__A,both_lateral,A,1,249,1,0.6298524810865113,1
rf,both_lateral__A,both_lateral,A,1,249,1,0.6384358566027252,1
rf,both_lateral__A,both_lateral,A,1,249,1,0.6961052516798795,1
rf,both_lateral__A,both_lateral,A,1,249,1,0.6599852184409261,1
rf,both_lateral__A,both_lateral,A,1,249,1,0.7413976690757328,1
rf,both_lateral__A,both_lateral,A,2,219,0,0.3248681603551799,0
rf,both_lateral__A,both_lateral,A,2,219,0,0.6355212344999073,1
rf,both_lateral__A,both_lateral,A,2,219,0,0.7501898109445679,1
rf,both_lateral__A,both_lateral,A,2,219,0,0.7612124869080492,1
rf,both_lateral__A,both_lateral,A,2,219,0,0.6860094829949513,1
rf,both_lateral__A,both_lateral,A,2,219,0,0.7746708010274864,1
rf,both_lateral__A,both_lateral,A,2,219,0,0.610517727150008,1
rf,both_lateral__A,both_lateral,A,2,219,0,0.15584840113676543,0
rf,both_lateral__A,both_lateral,A,2,219,0,0.7769813620808822,1
rf,both_lateral__A,both_lateral,A,2,219,0,0.21919907144648768,0
rf,both_lateral__A,both_lateral,A,2,219,0,0.26296847870426776,0
rf,both_lateral__A,both_lateral,A,2,219,0,0.633442138806342,1
rf,both_lateral__A,both_lateral,A,2,219,0,0.11699199154375096,0
rf,both_lateral__A,both_lateral,A,2,219,0,0.4111615784214735,0
rf,both_lateral__A,both_lateral,A,2,219,1,0.6346154857250188,1
rf,both_lateral__A,both_lateral,A,2,219,1,0.707789596430572,1
rf,both_lateral__A,both_lateral,A,2,219,1,0.6689523170265704,1
rf,both_lateral__A,both_lateral,A,2,219,1,0.7194827912214269,1
rf,both_lateral__A,both_lateral,A,2,219,1,0.6802573517115914,1
rf,both_lateral__A,both_lateral,A,2,219,1,0.6608117654427917,1
rf,both_lateral__A,both_lateral,A,2,219,1,0.6769599529948184,1
rf,both_lateral__A,both_lateral,A,2,219,1,0.7148344487034796,1
rf,both_lateral__A,both_lateral,A,2,219,1,0.7473657029065786,1
rf,both_lateral__A,both_lateral,A,2,219,1,0.6982645262943962,1
rf,both_lateral__A,both_lateral,A,2,219,1,0.6492750226886439,1
rf,both_lateral__A,both_lateral,A,2,219,1,0.6153490772737082,1
rf,both_lateral__A,both_lateral,A,2,219,1,0.7504382039286219,1
rf,both_lateral__A,both_lateral,A,2,219,1,0.6376136069390816,1
rf,both_lateral__A,both_lateral,A,2,219,1,0.622554501944098,1
rf,both_lateral__A,both_lateral,A,2,219,1,0.6564089757346675,1
rf,both_lateral__A,both_lateral,A,3,313,0,0.5866308511537425,1
rf,both_lateral__A,both_lateral,A,3,313,0,0.6394539492868488,1
rf,both_lateral__A,both_lateral,A,3,313,0,0.4713416458127192,0
rf,both_lateral__A,both_lateral,A,3,313,0,0.4960244528535202,0
rf,both_lateral__A,both_lateral,A,3,313,0,0.6536355881421068,1
rf,both_lateral__A,both_lateral,A,3,313,0,0.6063295513385566,1
rf,both_lateral__A,both_lateral,A,3,313,0,0.47063354829811743,0
rf,both_lateral__A,both_lateral,A,3,313,0,0.6739736291579823,1
rf,both_lateral__A,both_lateral,A,3,313,0,0.518885671758039,1
rf,both_lateral__A,both_lateral,A,3,313,0,0.5936465072942645,1
rf,both_lateral__A,both_lateral,A,3,313,0,0.3608906642591582,0
rf,both_lateral__A,both_lateral,A,3,313,0,0.49707423273347595,0
rf,both_lateral__A,both_lateral,A,3,313,0,0.5426734999436312,1
rf,both_lateral__A,both_lateral,A,3,313,0,0.32817866347148916,0
rf,both_lateral__A,both_lateral,A,3,313,0,0.5214732225155064,1
rf,both_lateral__A,both_lateral,A,3,313,1,0.6189561270243081,1
rf,both_lateral__A,both_lateral,A,3,313,1,0.5153320718422268,1
rf,both_lateral__A,both_lateral,A,3,313,1,0.644759682600824,1
rf,both_lateral__A,both_lateral,A,3,313,1,0.5786754960347739,1
rf,both_lateral__A,both_lateral,A,3,313,1,0.5951342420279965,1
rf,both_lateral__A,both_lateral,A,3,313,1,0.577775351697181,1
rf,both_lateral__A,both_lateral,A,3,313,1,0.5844850566906257,1
rf,both_lateral__A,both_lateral,A,3,313,1,0.6740886388510734,1
rf,both_lateral__A,both_lateral,A,3,313,1,0.6233752755128463,1
rf,both_lateral__A,both_lateral,A,3,313,1,0.5379983168974177,1
rf,both_lateral__A,both_lateral,A,3,313,1,0.6583639108589455,1
rf,both_lateral__A,both_lateral,A,3,313,1,0.5416387482553648,1
rf,both_lateral__A,both_lateral,A,3,313,1,0.5084333417246807,1
rf,both_lateral__A,both_lateral,A,3,313,1,0.6025650672408158,1
rf,both_lateral__A,both_lateral,A,4,318,0,0.41500445737661384,0
rf,both_lateral__A,both_lateral,A,4,318,0,0.36082547744030435,0
rf,both_lateral__A,both_lateral,A,4,318,0,0.4489104565034049,0
rf,both_lateral__A,both_lateral,A,4,318,0,0.3862854148032407,0
rf,both_lateral__A,both_lateral,A,4,318,0,0.5509611088286046,1
rf,both_lateral__A,both_lateral,A,4,318,0,0.30120807393368715,0
rf,both_lateral__A,both_lateral,A,4,318,0,0.3589254986266435,0
rf,both_lateral__A,both_lateral,A,4,318,0,0.07889067808858369,0
rf,both_lateral__A,both_lateral,A,4,318,0,0.4215620665480545,0
rf,both_lateral__A,both_lateral,A,4,318,0,0.45324983633561833,0
rf,both_lateral__A,both_lateral,A,4,318,0,0.37802879404420375,0
rf,both_lateral__A,both_lateral,A,4,318,0,0.32855170272356227,0
rf,both_lateral__A,both_lateral,A,4,318,0,0.31054795186398904,0
rf,both_lateral__A,both_lateral,A,4,318,0,0.429733063409382,0
rf,both_lateral__A,both_lateral,A,4,318,1,0.25230956581250036,0
rf,both_lateral__A,both_lateral,A,4,318,1,0.60347986278811,1
rf,both_lateral__A,both_lateral,A,4,318,1,0.5545574394397313,1
rf,both_lateral__A,both_lateral,A,4,318,1,0.6454958875769227,1
rf,both_lateral__A,both_lateral,A,4,318,1,0.6800531860728669,1
rf,both_lateral__A,both_lateral,A,4,318,1,0.46434242050442265,0
rf,both_lateral__A,both_lateral,A,4,318,1,0.7463604220203156,1
rf,both_lateral__A,both_lateral,A,4,318,1,0.5987976629809932,1
rf,both_lateral__A,both_lateral,A,4,318,1,0.6765638713857505,1
rf,both_lateral__A,both_lateral,A,4,318,1,0.7183297450700883,1
rf,both_lateral__A,both_lateral,A,4,318,1,0.6123091633059753,1
rf,both_lateral__A,both_lateral,A,4,318,1,0.5323963138828051,1
rf,both_lateral__A,both_lateral,A,4,318,1,0.5168777353694868,1
rf,both_lateral__A,both_lateral,A,4,318,1,0.5588302142316108,1
rf,both_lateral__A,both_lateral,A,5,300,0,0.7338521392457092,1
rf,both_lateral__A,both_lateral,A,5,300,0,0.8155578538702861,1
rf,both_lateral__A,both_lateral,A,5,300,0,0.6849786012915794,1
rf,both_lateral__A,both_lateral,A,5,300,0,0.7480443071240805,1
rf,both_lateral__A,both_lateral,A,5,300,0,0.7397330067194737,1
rf,both_lateral__A,both_lateral,A,5,300,0,0.7101983742475859,1
rf,both_lateral__A,both_lateral,A,5,300,0,0.7080873732188034,1
rf,both_lateral__A,both_lateral,A,5,300,0,0.6855894353777555,1
rf,both_lateral__A,both_lateral,A,5,300,0,0.6941658293677285,1
rf,both_lateral__A,both_lateral,A,5,300,0,0.6936609816467404,1
rf,both_lateral__A,both_lateral,A,5,300,0,0.7114931756597639,1
rf,both_lateral__A,both_lateral,A,5,300,0,0.6052571929690985,1
rf,both_lateral__A,both_lateral,A,5,300,0,0.6931100369062648,1
rf,both_lateral__A,both_lateral,A,5,300,0,0.7496051607575476,1
rf,both_lateral__A,both_lateral,A,5,300,1,0.6568993926068621,1
rf,both_lateral__A,both_lateral,A,5,300,1,0.7028511920214529,1
rf,both_lateral__A,both_lateral,A,5,300,1,0.6604539506008801,1
rf,both_lateral__A,both_lateral,A,5,300,1,0.6718837475847217,1
rf,both_lateral__A,both_lateral,A,5,300,1,0.6914678160344372,1
rf,both_lateral__A,both_lateral,A,5,300,1,0.6865100100055364,1
rf,both_lateral__A,both_lateral,A,5,300,1,0.6833351341354796,1
rf,both_lateral__A,both_lateral,A,5,300,1,0.6736039337985553,1
rf,both_lateral__A,both_lateral,A,5,300,1,0.7154548961752488,1
rf,both_lateral__A,both_lateral,A,5,300,1,0.7322970550012528,1
rf,both_lateral__A,both_lateral,A,5,300,1,0.7082990910452776,1
rf,both_lateral__A,both_lateral,A,5,300,1,0.7625127559357641,1
rf,both_lateral__A,both_lateral,A,5,300,1,0.6687426091471448,1
rf,both_lateral__A,both_lateral,A,5,300,1,0.6760625878975906,1
rf,both_lateral__A,both_lateral,A,6,271,0,0.3534699283540183,0
rf,both_lateral__A,both_lateral,A,6,271,0,0.4059060901979619,0
rf,both_lateral__A,both_lateral,A,6,271,0,0.3096482912213976,0
rf,both_lateral__A,both_lateral,A,6,271,0,0.4466564389936578,0
rf,both_lateral__A,both_lateral,A,6,271,0,0.43005547863106214,0
rf,both_lateral__A,both_lateral,A,6,271,0,0.4241662914963528,0
rf,both_lateral__A,both_lateral,A,6,271,0,0.3482690536313221,0
rf,both_lateral__A,both_lateral,A,6,271,0,0.09716909929556575,0
rf,both_lateral__A,both_lateral,A,6,271,0,0.0718367220316513,0
rf,both_lateral__A,both_lateral,A,6,271,0,0.35410567084360844,0
rf,both_lateral__A,both_lateral,A,6,271,0,0.28913098466057846,0
rf,both_lateral__A,both_lateral,A,6,271,0,0.13743552805186707,0
rf,both_lateral__A,both_lateral,A,6,271,0,0.26327805898015766,0
rf,both_lateral__A,both_lateral,A,6,271,0,0.29948149526780843,0
rf,both_lateral__A,both_lateral,A,6,271,1,0.44146936649407986,0
rf,both_lateral__A,both_lateral,A,6,271,1,0.7223031244074223,1
rf,both_lateral__A,both_lateral,A,6,271,1,0.40220416660555286,0
rf,both_lateral__A,both_lateral,A,6,271,1,0.5402160162303862,1
rf,both_lateral__A,both_lateral,A,6,271,1,0.5448872688806172,1
rf,both_lateral__A,both_lateral,A,6,271,1,0.444955481994756,0
rf,both_lateral__A,both_lateral,A,6,271,1,0.5927699846367271,1
rf,both_lateral__A,both_lateral,A,6,271,1,0.4443174262263532,0
rf,both_lateral__A,both_lateral,A,6,271,1,0.5646296061311844,1
rf,both_lateral__A,both_lateral,A,6,271,1,0.5511539123875788,1
rf,both_lateral__A,both_lateral,A,6,271,1,0.45259413533593984,0
rf,both_lateral__A,both_lateral,A,6,271,1,0.5812069082666443,1
rf,both_lateral__A,both_lateral,A,6,271,1,0.6520271985971741,1
rf,both_lateral__A,both_lateral,A,6,271,1,0.5168602696328078,1
rf,both_lateral__A,both_lateral,A,7,251,0,0.039490978872541785,0
rf,both_lateral__A,both_lateral,A,7,251,0,0.04639710199006842,0
rf,both_lateral__A,both_lateral,A,7,251,0,0.027772729421598124,0
rf,both_lateral__A,both_lateral,A,7,251,0,0.0398703513511633,0
rf,both_lateral__A,both_lateral,A,7,251,0,0.035082148677954644,0
rf,both_lateral__A,both_lateral,A,7,251,0,0.06120852765405183,0
rf,both_lateral__A,both_lateral,A,7,251,0,0.12706980562492365,0
rf,both_lateral__A,both_lateral,A,7,251,0,0.030408498338776777,0
rf,both_lateral__A,both_lateral,A,7,251,0,0.04846741169441482,0
rf,both_lateral__A,both_lateral,A,7,251,0,0.05072787126278756,0
rf,both_lateral__A,both_lateral,A,7,251,0,0.05285043085462099,0
rf,both_lateral__A,both_lateral,A,7,251,0,0.04378215712988658,0
rf,both_lateral__A,both_lateral,A,7,251,0,0.026167868563886372,0
rf,both_lateral__A,both_lateral,A,7,251,0,0.03520559647503784,0
rf,both_lateral__A,both_lateral,A,7,251,1,0.20287335793106323,0
rf,both_lateral__A,both_lateral,A,7,251,1,0.11413714524510138,0
rf,both_lateral__A,both_lateral,A,7,251,1,0.0884180756754897,0
rf,both_lateral__A,both_lateral,A,7,251,1,0.07944504139270848,0
rf,both_lateral__A,both_lateral,A,7,251,1,0.055017889620719164,0
rf,both_lateral__A,both_lateral,A,7,251,1,0.26554917761032754,0
rf,both_lateral__A,both_lateral,A,7,251,1,0.08324095948511644,0
rf,both_lateral__A,both_lateral,A,7,251,1,0.13193231143477774,0
rf,both_lateral__A,both_lateral,A,7,251,1,0.28003329430063123,0
rf,both_lateral__A,both_lateral,A,7,251,1,0.04544374236316782,0
rf,both_lateral__A,both_lateral,A,7,251,1,0.07346924314079682,0
rf,both_lateral__A,both_lateral,A,7,251,1,0.1886411810700268,0
rf,both_lateral__A,both_lateral,A,7,251,1,0.37570112369330066,0
rf,both_lateral__A,both_lateral,A,8,282,0,0.0402387684303491,0
rf,both_lateral__A,both_lateral,A,8,282,0,0.08476815048803509,0
rf,both_lateral__A,both_lateral,A,8,282,0,0.09874917802244809,0
rf,both_lateral__A,both_lateral,A,8,282,0,0.18843528253643682,0
rf,both_lateral__A,both_lateral,A,8,282,0,0.13780144300271016,0
rf,both_lateral__A,both_lateral,A,8,282,0,0.21883043467136745,0
rf,both_lateral__A,both_lateral,A,8,282,0,0.14021536099203713,0
rf,both_lateral__A,both_lateral,A,8,282,0,0.12258676193254006,0
rf,both_lateral__A,both_lateral,A,8,282,0,0.1614607153923761,0
rf,both_lateral__A,both_lateral,A,8,282,0,0.11590168714502402,0
rf,both_lateral__A,both_lateral,A,8,282,0,0.21652403770525164,0
rf,both_lateral__A,both_lateral,A,8,282,0,0.08907888592449584,0
rf,both_lateral__A,both_lateral,A,8,282,0,0.20472135207444242,0
rf,both_lateral__A,both_lateral,A,8,282,0,0.24039135809854087,0
rf,both_lateral__A,both_lateral,A,8,282,1,0.6376570404553109,1
rf,both_lateral__A,both_lateral,A,8,282,1,0.7426196068803583,1
rf,both_lateral__A,both_lateral,A,8,282,1,0.5600354401362706,1
rf,both_lateral__A,both_lateral,A,8,282,1,0.6169454500411844,1
rf,both_lateral__A,both_lateral,A,8,282,1,0.7440676663580574,1
rf,both_lateral__A,both_lateral,A,8,282,1,0.5971309038266381,1
rf,both_lateral__A,both_lateral,A,8,282,1,0.4053016549016307,0
rf,both_lateral__A,both_lateral,A,8,282,1,0.6651006417713196,1
rf,both_lateral__A,both_lateral,A,8,282,1,0.688143866278504,1
rf,both_lateral__A,both_lateral,A,8,282,1,0.7677679139340498,1
rf,both_lateral__A,both_lateral,A,8,282,1,0.6270114846134646,1
rf,both_lateral__A,both_lateral,A,9,210,0,0.3172995964074781,0
rf,both_lateral__A,both_lateral,A,9,210,0,0.14261699944131437,0
rf,both_lateral__A,both_lateral,A,9,210,0,0.37709036668279283,0
rf,both_lateral__A,both_lateral,A,9,210,0,0.5010841242593321,1
rf,both_lateral__A,both_lateral,A,9,210,0,0.16493130619873184,0
rf,both_lateral__A,both_lateral,A,9,210,0,0.6170603945751723,1
rf,both_lateral__A,both_lateral,A,9,210,0,0.10176630955048926,0
rf,both_lateral__A,both_lateral,A,9,210,0,0.7019573679200297,1
rf,both_lateral__A,both_lateral,A,9,210,0,0.38236366209049827,0
rf,both_lateral__A,both_lateral,A,9,210,0,0.20151015275303902,0
rf,both_lateral__A,both_lateral,A,9,210,0,0.28924088879138876,0
rf,both_lateral__A,both_lateral,A,9,210,0,0.07791861142130865,0
rf,both_lateral__A,both_lateral,A,9,210,0,0.21536453937874123,0
rf,both_lateral__A,both_lateral,A,9,210,0,0.4887436165185378,0
rf,both_lateral__A,both_lateral,A,9,210,1,0.8098360663344275,1
rf,both_lateral__A,both_lateral,A,9,210,1,0.8397882329951311,1
rf,both_lateral__A,both_lateral,A,9,210,1,0.9017865097781975,1
rf,both_lateral__A,both_lateral,A,9,210,1,0.839500427424955,1
rf,both_lateral__A,both_lateral,A,9,210,1,0.8552903247661497,1
rf,both_lateral__A,both_lateral,A,9,210,1,0.806623372191357,1
rf,both_lateral__A,both_lateral,A,9,210,1,0.7660698102484084,1
rf,both_lateral__A,both_lateral,A,9,210,1,0.8469754869909845,1
rf,both_lateral__A,both_lateral,A,9,210,1,0.8350432127292353,1
rf,both_lateral__A,both_lateral,A,9,210,1,0.8437406973182291,1
rf,both_lateral__A,both_lateral,A,9,210,1,0.851947908535793,1
rf,both_lateral__A,both_lateral,A,10,265,0,0.2232973068213202,0
rf,both_lateral__A,both_lateral,A,10,265,0,0.30058884884929127,0
rf,both_lateral__A,both_lateral,A,10,265,0,0.3977198943251849,0
rf,both_lateral__A,both_lateral,A,10,265,0,0.6162156346648504,1
rf,both_lateral__A,both_lateral,A,10,265,0,0.7258153275460694,1
rf,both_lateral__A,both_lateral,A,10,265,0,0.6648900635860204,1
rf,both_lateral__A,both_lateral,A,10,265,0,0.3701437654342313,0
rf,both_lateral__A,both_lateral,A,10,265,0,0.5789277651720253,1
rf,both_lateral__A,both_lateral,A,10,265,0,0.20776792707726183,0
rf,both_lateral__A,both_lateral,A,10,265,0,0.33007349321969043,0
rf,both_lateral__A,both_lateral,A,10,265,0,0.37422957951154795,0
rf,both_lateral__A,both_lateral,A,10,265,0,0.24423350180453215,0
rf,both_lateral__A,both_lateral,A,10,265,0,0.3776049152427203,0
rf,both_lateral__A,both_lateral,A,10,265,1,0.21276521225732103,0
rf,both_lateral__A,both_lateral,A,10,265,1,0.35313539137846367,0
rf,both_lateral__A,both_lateral,A,10,265,1,0.8521079689079878,1
rf,both_lateral__A,both_lateral,A,10,265,1,0.7967695881668702,1
rf,both_lateral__A,both_lateral,A,10,265,1,0.32451986037860414,0
rf,both_lateral__A,both_lateral,A,10,265,1,0.22786549253419214,0
rf,both_lateral__A,both_lateral,A,10,265,1,0.24313678885700163,0
rf,both_lateral__A,both_lateral,A,10,265,1,0.7226369920714011,1
rf,both_lateral__A,both_lateral,A,10,265,1,0.7630783335087178,1
rf,both_lateral__A,both_lateral,A,10,265,1,0.6708920178824899,1
rf,both_lateral__A,both_lateral,A,10,265,1,0.3369957594943711,0
rf,both_lateral__B,both_lateral,B,1,249,0,0.5569748313598234,1
rf,both_lateral__B,both_lateral,B,1,249,0,0.5245811256241246,1
rf,both_lateral__B,both_lateral,B,1,249,0,0.5484045831722276,1
rf,both_lateral__B,both_lateral,B,1,249,0,0.5444701617394884,1
rf,both_lateral__B,both_lateral,B,1,249,0,0.7140776842458953,1
rf,both_lateral__B,both_lateral,B,1,249,0,0.5580858380652646,1
rf,both_lateral__B,both_lateral,B,1,249,0,0.6569688682577254,1
rf,both_lateral__B,both_lateral,B,1,249,0,0.46987821845563593,0
rf,both_lateral__B,both_lateral,B,1,249,0,0.5070466076498896,1
rf,both_lateral__B,both_lateral,B,1,249,0,0.4312060450014956,0
rf,both_lateral__B,both_lateral,B,1,249,0,0.44639367252494255,0
rf,both_lateral__B,both_lateral,B,1,249,0,0.5801464354094409,1
rf,both_lateral__B,both_lateral,B,1,249,0,0.50388430507182,1
rf,both_lateral__B,both_lateral,B,1,249,0,0.5275241034999824,1
rf,both_lateral__B,both_lateral,B,1,249,0,0.4781254255125763,0
rf,both_lateral__B,both_lateral,B,1,249,1,0.4196688466521838,0
rf,both_lateral__B,both_lateral,B,1,249,1,0.6370369643502273,1
rf,both_lateral__B,both_lateral,B,1,249,1,0.529612328307375,1
rf,both_lateral__B,both_lateral,B,1,249,1,0.5657123709424073,1
rf,both_lateral__B,both_lateral,B,1,249,1,0.5420838176504916,1
rf,both_lateral__B,both_lateral,B,1,249,1,0.4781161604213198,0
rf,both_lateral__B,both_lateral,B,1,249,1,0.5663806231436154,1
rf,both_lateral__B,both_lateral,B,1,249,1,0.5759839413369688,1
rf,both_lateral__B,both_lateral,B,1,249,1,0.41949378205769483,0
rf,both_lateral__B,both_lateral,B,1,249,1,0.4722030351902263,0
rf,both_lateral__B,both_lateral,B,1,249,1,0.5163957440284673,1
rf,both_lateral__B,both_lateral,B,1,249,1,0.47473037206996166,0
rf,both_lateral__B,both_lateral,B,1,249,1,0.46149426115755077,0
rf,both_lateral__B,both_lateral,B,1,249,1,0.43610500445108746,0
rf,both_lateral__B,both_lateral,B,1,249,1,0.5539860072622168,1
rf,both_lateral__B,both_lateral,B,1,249,1,0.5910112494757285,1
rf,both_lateral__B,both_lateral,B,1,249,1,0.5611828433752141,1
rf,both_lateral__B,both_lateral,B,2,219,0,0.6351643377906413,1
rf,both_lateral__B,both_lateral,B,2,219,0,0.5910595301139989,1
rf,both_lateral__B,both_lateral,B,2,219,0,0.582237516821315,1
rf,both_lateral__B,both_lateral,B,2,219,0,0.5610708607784892,1
rf,both_lateral__B,both_lateral,B,2,219,0,0.41339746897931484,0
rf,both_lateral__B,both_lateral,B,2,219,0,0.5181255272702773,1
rf,both_lateral__B,both_lateral,B,2,219,0,0.3949855699976092,0
rf,both_lateral__B,both_lateral,B,2,219,0,0.5683989148739313,1
rf,both_lateral__B,both_lateral,B,2,219,0,0.3887906105024877,0
rf,both_lateral__B,both_lateral,B,2,219,0,0.5137325913515574,1
rf,both_lateral__B,both_lateral,B,2,219,0,0.584990175944803,1
rf,both_lateral__B,both_lateral,B,2,219,0,0.5150139606813403,1
rf,both_lateral__B,both_lateral,B,2,219,0,0.5250197051659541,1
rf,both_lateral__B,both_lateral,B,2,219,0,0.46779652140505157,0
rf,both_lateral__B,both_lateral,B,2,219,1,0.5094198784476036,1
rf,both_lateral__B,both_lateral,B,2,219,1,0.5402516766489964,1
rf,both_lateral__B,both_lateral,B,2,219,1,0.6569374833739934,1
rf,both_lateral__B,both_lateral,B,2,219,1,0.47243078232381,0
rf,both_lateral__B,both_lateral,B,2,219,1,0.6776846542479185,1
rf,both_lateral__B,both_lateral,B,2,219,1,0.40744831024954775,0
rf,both_lateral__B,both_lateral,B,2,219,1,0.4592333397582557,0
rf,both_lateral__B,both_lateral,B,2,219,1,0.5343470147366619,1
rf,both_lateral__B,both_lateral,B,2,219,1,0.5024875826221886,1
rf,both_lateral__B,both_lateral,B,2,219,1,0.40451345243553055,0
rf,both_lateral__B,both_lateral,B,2,219,1,0.4015592617866472,0
rf,both_lateral__B,both_lateral,B,2,219,1,0.4755021304017512,0
rf,both_lateral__B,both_lateral,B,2,219,1,0.37656666155089846,0
rf,both_lateral__B,both_lateral,B,2,219,1,0.4745756595311763,0
rf,both_lateral__B,both_lateral,B,2,219,1,0.5543741232556058,1
rf,both_lateral__B,both_lateral,B,2,219,1,0.5170864965369272,1
rf,both_lateral__B,both_lateral,B,3,313,0,0.5843163843744155,1
rf,both_lateral__B,both_lateral,B,3,313,0,0.45111270131286396,0
rf,both_lateral__B,both_lateral,B,3,313,0,0.40465703963654553,0
rf,both_lateral__B,both_lateral,B,3,313,0,0.4583096788515295,0
rf,both_lateral__B,both_lateral,B,3,313,0,0.5217616154409496,1
rf,both_lateral__B,both_lateral,B,3,313,0,0.6056283403244472,1
rf,both_lateral__B,both_lateral,B,3,313,0,0.6525616025497584,1
rf,both_lateral__B,both_lateral,B,3,313,0,0.5177740859886328,1
rf,both_lateral__B,both_lateral,B,3,313,0,0.621419876627343,1
rf,both_lateral__B,both_lateral,B,3,313,0,0.45912140574841165,0
rf,both_lateral__B,both_lateral,B,3,313,0,0.43150514265556406,0
rf,both_lateral__B,both_lateral,B,3,313,0,0.5439430440193732,1
rf,both_lateral__B,both_lateral,B,3,313,0,0.5380754597761903,1
rf,both_lateral__B,both_lateral,B,3,313,0,0.49702052999502766,0
rf,both_lateral__B,both_lateral,B,3,313,0,0.4445161660715632,0
rf,both_lateral__B,both_lateral,B,3,313,1,0.4479118636246153,0
rf,both_lateral__B,both_lateral,B,3,313,1,0.3428288118397177,0
rf,both_lateral__B,both_lateral,B,3,313,1,0.3864862269959985,0
rf,both_lateral__B,both_lateral,B,3,313,1,0.4654001066690705,0
rf,both_lateral__B,both_lateral,B,3,313,1,0.5310406820602627,1
rf,both_lateral__B,both_lateral,B,3,313,1,0.5222225339535956,1
rf,both_lateral__B,both_lateral,B,3,313,1,0.6639991711925772,1
rf,both_lateral__B,both_lateral,B,3,313,1,0.4586162310008108,0
rf,both_lateral__B,both_lateral,B,3,313,1,0.37542133738359723,0
rf,both_lateral__B,both_lateral,B,3,313,1,0.5419174757346893,1
rf,both_lateral__B,both_lateral,B,3,313,1,0.5200233967645805,1
rf,both_lateral__B,both_lateral,B,3,313,1,0.5766721275206058,1
rf,both_lateral__B,both_lateral,B,3,313,1,0.5542897384075274,1
rf,both_lateral__B,both_lateral,B,3,313,1,0.44897541000354585,0
rf,both_lateral__B,both_lateral,B,4,318,0,0.5376018113317064,1
rf,both_lateral__B,both_lateral,B,4,318,0,0.4697415022096783,0
rf,both_lateral__B,both_lateral,B,4,318,0,0.44157593410991275,0
rf,both_lateral__B,both_lateral,B,4,318,0,0.40880739395990034,0
rf,both_lateral__B,both_lateral,B,4,318,0,0.48586441515492473,0
rf,both_lateral__B,both_lateral,B,4,318,0,0.4314292340414584,0
rf,both_lateral__B,both_lateral,B,4,318,0,0.40976015914874564,0
rf,both_lateral__B,both_lateral,B,4,318,0,0.5268242073079176,1
rf,both_lateral__B,both_lateral,B,4,318,0,0.4086885843565319,0
rf,both_lateral__B,both_lateral,B,4,318,0,0.40884540311136974,0
rf,both_lateral__B,both_lateral,B,4,318,0,0.45996406355475516,0
rf,both_lateral__B,both_lateral,B,4,318,0,0.32755879039777414,0
rf,both_lateral__B,both_lateral,B,4,318,0,0.47527811518207225,0
rf,both_lateral__B,both_lateral,B,4,318,0,0.5282248445425946,1
rf,both_lateral__B,both_lateral,B,4,318,1,0.44301548630702975,0
rf,both_lateral__B,both_lateral,B,4,318,1,0.39653742750340576,0
rf,both_lateral__B,both_lateral,B,4,318,1,0.4632953517216709,0
rf,both_lateral__B,both_lateral,B,4,318,1,0.46896018282680624,0
rf,both_lateral__B,both_lateral,B,4,318,1,0.5126242163546602,1
rf,both_lateral__B,both_lateral,B,4,318,1,0.46956167969749474,0
rf,both_lateral__B,both_lateral,B,4,318,1,0.5112753970029282,1
rf,both_lateral__B,both_lateral,B,4,318,1,0.4250502715560173,0
rf,both_lateral__B,both_lateral,B,4,318,1,0.5470046180886154,1
rf,both_lateral__B,both_lateral,B,4,318,1,0.4755026640304023,0
rf,both_lateral__B,both_lateral,B,4,318,1,0.362606199097437,0
rf,both_lateral__B,both_lateral,B,4,318,1,0.44392753331241636,0
rf,both_lateral__B,both_lateral,B,4,318,1,0.36418714656144324,0
rf,both_lateral__B,both_lateral,B,4,318,1,0.4369655041335848,0
rf,both_lateral__B,both_lateral,B,5,300,0,0.437976407992264,0
rf,both_lateral__B,both_lateral,B,5,300,0,0.389331034053059,0
rf,both_lateral__B,both_lateral,B,5,300,0,0.4897743214888618,0
rf,both_lateral__B,both_lateral,B,5,300,0,0.48397419966770094,0
rf,both_lateral__B,both_lateral,B,5,300,0,0.6408209820556793,1
rf,both_lateral__B,both_lateral,B,5,300,0,0.5155180577743542,1
rf,both_lateral__B,both_lateral,B,5,300,0,0.3093873225628433,0
rf,both_lateral__B,both_lateral,B,5,300,0,0.3185686493288646,0
rf,both_lateral__B,both_lateral,B,5,300,0,0.4140861307773412,0
rf,both_lateral__B,both_lateral,B,5,300,0,0.4685955744907794,0
rf,both_lateral__B,both_lateral,B,5,300,0,0.4187670977333543,0
rf,both_lateral__B,both_lateral,B,5,300,0,0.43751880669653576,0
rf,both_lateral__B,both_lateral,B,5,300,0,0.37814637122231537,0
rf,both_lateral__B,both_lateral,B,5,300,0,0.4864972235250575,0
rf,both_lateral__B,both_lateral,B,5,300,1,0.3668680241166154,0
rf,both_lateral__B,both_lateral,B,5,300,1,0.38417046183595566,0
rf,both_lateral__B,both_lateral,B,5,300,1,0.42230478987958586,0
rf,both_lateral__B,both_lateral,B,5,300,1,0.5706315566064198,1
rf,both_lateral__B,both_lateral,B,5,300,1,0.48542834135316226,0
rf,both_lateral__B,both_lateral,B,5,300,1,0.33899263572196664,0
rf,both_lateral__B,both_lateral,B,5,300,1,0.39040325814505644,0
rf,both_lateral__B,both_lateral,B,5,300,1,0.3165259091863848,0
rf,both_lateral__B,both_lateral,B,5,300,1,0.381416536948622,0
rf,both_lateral__B,both_lateral,B,5,300,1,0.30150847808757997,0
rf,both_lateral__B,both_lateral,B,5,300,1,0.3092398115974078,0
rf,both_lateral__B,both_lateral,B,5,300,1,0.3523290728201212,0
rf,both_lateral__B,both_lateral,B,5,300,1,0.4425716360980841,0
rf,both_lateral__B,both_lateral,B,5,300,1,0.3531636715491962,0
rf,both_lateral__B,both_lateral,B,6,271,0,0.5911866580938421,1
rf,both_lateral__B,both_lateral,B,6,271,0,0.47162826774920447,0
rf,both_lateral__B,both_lateral,B,6,271,0,0.49917469268649667,0
rf,both_lateral__B,both_lateral,B,6,271,0,0.524651606507619,1
rf,both_lateral__B,both_lateral,B,6,271,0,0.5192900471496927,1
rf,both_lateral__B,both_lateral,B,6,271,0,0.449042268914492,0
rf,both_lateral__B,both_lateral,B,6,271,0,0.5274093125433172,1
rf,both_lateral__B,both_lateral,B,6,271,0,0.5615644611979653,1
rf,both_lateral__B,both_lateral,B,6,271,0,0.470651606172903,0
rf,both_lateral__B,both_lateral,B,6,271,0,0.5747176106419473,1
rf,both_lateral__B,both_lateral,B,6,271,0,0.5022992123135424,1
rf,both_lateral__B,both_lateral,B,6,271,0,0.6664634344520546,1
rf,both_lateral__B,both_lateral,B,6,271,0,0.6245118509225344,1
rf,both_lateral__B,both_lateral,B,6,271,0,0.4842836372025431,0
rf,both_lateral__B,both_lateral,B,6,271,1,0.500591067583487,1
rf,both_lateral__B,both_lateral,B,6,271,1,0.5140154022903187,1
rf,both_lateral__B,both_lateral,B,6,271,1,0.48219037707212636,0
rf,both_lateral__B,both_lateral,B,6,271,1,0.4759175721734863,0
rf,both_lateral__B,both_lateral,B,6,271,1,0.46613184360677823,0
rf,both_lateral__B,both_lateral,B,6,271,1,0.4987842933812308,0
rf,both_lateral__B,both_lateral,B,6,271,1,0.592450842881836,1
rf,both_lateral__B,both_lateral,B,6,271,1,0.4874891215958014,0
rf,both_lateral__B,both_lateral,B,6,271,1,0.46992388367496213,0
rf,both_lateral__B,both_lateral,B,6,271,1,0.587438298478349,1
rf,both_lateral__B,both_lateral,B,6,271,1,0.44896794782297245,0
rf,both_lateral__B,both_lateral,B,6,271,1,0.5828033501630283,1
rf,both_lateral__B,both_lateral,B,6,271,1,0.5383011829832993,1
rf,both_lateral__B,both_lateral,B,6,271,1,0.49375142927290694,0
rf,both_lateral__B,both_lateral,B,7,251,0,0.46948894032691074,0
rf,both_lateral__B,both_lateral,B,7,251,0,0.47807058404848574,0
rf,both_lateral__B,both_lateral,B,7,251,0,0.43088650518545657,0
rf,both_lateral__B,both_lateral,B,7,251,0,0.4947382656320697,0
rf,both_lateral__B,both_lateral,B,7,251,0,0.5871257890880817,1
rf,both_lateral__B,both_lateral,B,7,251,0,0.4234119957632878,0
rf,both_lateral__B,both_lateral,B,7,251,0,0.45696739280317694,0
rf,both_lateral__B,both_lateral,B,7,251,0,0.39236161799801744,0
rf,both_lateral__B,both_lateral,B,7,251,0,0.3973883710276078,0
rf,both_lateral__B,both_lateral,B,7,251,0,0.48722502059918127,0
rf,both_lateral__B,both_lateral,B,7,251,0,0.6162810859548887,1
rf,both_lateral__B,both_lateral,B,7,251,0,0.539186112859866,1
rf,both_lateral__B,both_lateral,B,7,251,0,0.7133873275047528,1
rf,both_lateral__B,both_lateral,B,7,251,0,0.5921613666870653,1
rf,both_lateral__B,both_lateral,B,7,251,1,0.6123247027895611,1
rf,both_lateral__B,both_lateral,B,7,251,1,0.46765809926038465,0
rf,both_lateral__B,both_lateral,B,7,251,1,0.5189893220742376,1
rf,both_lateral__B,both_lateral,B,7,251,1,0.4648857192741685,0
rf,both_lateral__B,both_lateral,B,7,251,1,0.33440878218714,0
rf,both_lateral__B,both_lateral,B,7,251,1,0.3390349992948602,0
rf,both_lateral__B,both_lateral,B,7,251,1,0.5073833172708305,1
rf,both_lateral__B,both_lateral,B,7,251,1,0.36359360939606394,0
rf,both_lateral__B,both_lateral,B,7,251,1,0.5396544185630309,1
rf,both_lateral__B,both_lateral,B,7,251,1,0.45984387382508063,0
rf,both_lateral__B,both_lateral,B,7,251,1,0.3611388529724065,0
rf,both_lateral__B,both_lateral,B,7,251,1,0.47710811692766747,0
rf,both_lateral__B,both_lateral,B,7,251,1,0.5688408826463955,1
rf,both_lateral__B,both_lateral,B,8,282,0,0.46869813689361733,0
rf,both_lateral__B,both_lateral,B,8,282,0,0.5924335523311354,1
rf,both_lateral__B,both_lateral,B,8,282,0,0.47010015555254875,0
rf,both_lateral__B,both_lateral,B,8,282,0,0.4157389733754006,0
rf,both_lateral__B,both_lateral,B,8,282,0,0.635437950760628,1
rf,both_lateral__B,both_lateral,B,8,282,0,0.5528560680564923,1
rf,both_lateral__B,both_lateral,B,8,282,0,0.44393794919515456,0
rf,both_lateral__B,both_lateral,B,8,282,0,0.39105515012604997,0
rf,both_lateral__B,both_lateral,B,8,282,0,0.5192531592558343,1
rf,both_lateral__B,both_lateral,B,8,282,0,0.46355759397998564,0
rf,both_lateral__B,both_lateral,B,8,282,0,0.557481560296404,1
rf,both_lateral__B,both_lateral,B,8,282,0,0.4410664700426792,0
rf,both_lateral__B,both_lateral,B,8,282,0,0.5903840602629667,1
rf,both_lateral__B,both_lateral,B,8,282,0,0.3972704423788073,0
rf,both_lateral__B,both_lateral,B,8,282,1,0.5814537700975925,1
rf,both_lateral__B,both_lateral,B,8,282,1,0.42172166258019783,0
rf,both_lateral__B,both_lateral,B,8,282,1,0.4599774836354259,0
rf,both_lateral__B,both_lateral,B,8,282,1,0.4468252719672343,0
rf,both_lateral__B,both_lateral,B,8,282,1,0.39930811713125797,0
rf,both_lateral__B,both_lateral,B,8,282,1,0.5155389952910373,1
rf,both_lateral__B,both_lateral,B,8,282,1,0.5421065426323611,1
rf,both_lateral__B,both_lateral,B,8,282,1,0.4580773887077692,0
rf,both_lateral__B,both_lateral,B,8,282,1,0.5026492395816252,1
rf,both_lateral__B,both_lateral,B,8,282,1,0.41441997337783626,0
rf,both_lateral__B,both_lateral,B,8,282,1,0.4822125658599633,0
rf,both_lateral__B,both_lateral,B,9,210,0,0.5148826833282693,1
rf,both_lateral__B,both_lateral,B,9,210,0,0.43578598014154507,0
rf,both_lateral__B,both_lateral,B,9,210,0,0.4560830375463161,0
rf,both_lateral__B,both_lateral,B,9,210,0,0.48428925153206864,0
rf,both_lateral__B,both_lateral,B,9,210,0,0.4956633605448007,0
rf,both_lateral__B,both_lateral,B,9,210,0,0.49423367236828347,0
rf,both_lateral__B,both_lateral,B,9,210,0,0.5555970244581439,1
rf,both_lateral__B,both_lateral,B,9,210,0,0.46917375712027903,0
rf,both_lateral__B,both_lateral,B,9,210,0,0.5387785248604794,1
rf,both_lateral__B,both_lateral,B,9,210,0,0.3370075443420432,0
rf,both_lateral__B,both_lateral,B,9,210,0,0.3472430019011499,0
rf,both_lateral__B,both_lateral,B,9,210,0,0.48683134103340386,0
rf,both_lateral__B,both_lateral,B,9,210,0,0.5818648099562056,1
rf,both_lateral__B,both_lateral,B,9,210,0,0.43712468758216877,0
rf,both_lateral__B,both_lateral,B,9,210,1,0.44617856822932767,0
rf,both_lateral__B,both_lateral,B,9,210,1,0.542389553508568,1
rf,both_lateral__B,both_lateral,B,9,210,1,0.5047587998861459,1
rf,both_lateral__B,both_lateral,B,9,210,1,0.5084474398151627,1
rf,both_lateral__B,both_lateral,B,9,210,1,0.5609909617092124,1
rf,both_lateral__B,both_lateral,B,9,210,1,0.4845088311241802,0
rf,both_lateral__B,both_lateral,B,9,210,1,0.4456663808574611,0
rf,both_lateral__B,both_lateral,B,9,210,1,0.4668741850790875,0
rf,both_lateral__B,both_lateral,B,9,210,1,0.4700086990906336,0
rf,both_lateral__B,both_lateral,B,9,210,1,0.5716105390302445,1
rf,both_lateral__B,both_lateral,B,9,210,1,0.5237810412174351,1
rf,both_lateral__B,both_lateral,B,10,265,0,0.5891001358377649,1
rf,both_lateral__B,both_lateral,B,10,265,0,0.6254287075459029,1
rf,both_lateral__B,both_lateral,B,10,265,0,0.5677213175774558,1
rf,both_lateral__B,both_lateral,B,10,265,0,0.4224184858051292,0
rf,both_lateral__B,both_lateral,B,10,265,0,0.4305117496084225,0
rf,both_lateral__B,both_lateral,B,10,265,0,0.4732232324430381,0
rf,both_lateral__B,both_lateral,B,10,265,0,0.6294137907390625,1
rf,both_lateral__B,both_lateral,B,10,265,0,0.43993928889539385,0
rf,both_lateral__B,both_lateral,B,10,265,0,0.7229738804087131,1
rf,both_lateral__B,both_lateral,B,10,265,0,0.491896338565562,0
rf,both_lateral__B,both_lateral,B,10,265,0,0.5009927400963265,1
rf,both_lateral__B,both_lateral,B,10,265,0,0.3153237095433624,0
rf,both_lateral__B,both_lateral,B,10,265,0,0.505742145714062,1
rf,both_lateral__B,both_lateral,B,10,265,1,0.41934203109224655,0
rf,both_lateral__B,both_lateral,B,10,265,1,0.41557876485406625,0
rf,both_lateral__B,both_lateral,B,10,265,1,0.5342878821353704,1
rf,both_lateral__B,both_lateral,B,10,265,1,0.5923776168895336,1
rf,both_lateral__B,both_lateral,B,10,265,1,0.3586090134979179,0
rf,both_lateral__B,both_lateral,B,10,265,1,0.5074930893467077,1
rf,both_lateral__B,both_lateral,B,10,265,1,0.45755688609635814,0
rf,both_lateral__B,both_lateral,B,10,265,1,0.5044631927287512,1
rf,both_lateral__B,both_lateral,B,10,265,1,0.5256452365767079,1
rf,both_lateral__B,both_lateral,B,10,265,1,0.5299903681417313,1
rf,both_lateral__B,both_lateral,B,10,265,1,0.6290752242662182,1
rf,both_lateral__C,both_lateral,C,1,249,0,0.3099352286264141,0
rf,both_lateral__C,both_lateral,C,1,249,0,0.5333144325616054,1
rf,both_lateral__C,both_lateral,C,1,249,0,0.5868841053394871,1
rf,both_lateral__C,both_lateral,C,1,249,0,0.36316205213932806,0
rf,both_lateral__C,both_lateral,C,1,249,0,0.3268594063623411,0
rf,both_lateral__C,both_lateral,C,1,249,0,0.45868807973714654,0
rf,both_lateral__C,both_lateral,C,1,249,0,0.4442524176752507,0
rf,both_lateral__C,both_lateral,C,1,249,0,0.3608678197131706,0
rf,both_lateral__C,both_lateral,C,1,249,0,0.3927155445126299,0
rf,both_lateral__C,both_lateral,C,1,249,0,0.3091555258556786,0
rf,both_lateral__C,both_lateral,C,1,249,0,0.2656262274257266,0
rf,both_lateral__C,both_lateral,C,1,249,0,0.44720926377933923,0
rf,both_lateral__C,both_lateral,C,1,249,0,0.524824848998636,1
rf,both_lateral__C,both_lateral,C,1,249,0,0.6530594623406674,1
rf,both_lateral__C,both_lateral,C,1,249,0,0.24094421210695832,0
rf,both_lateral__C,both_lateral,C,1,249,1,0.6602230426435739,1
rf,both_lateral__C,both_lateral,C,1,249,1,0.6706467849669968,1
rf,both_lateral__C,both_lateral,C,1,249,1,0.7404193129645025,1
rf,both_lateral__C,both_lateral,C,1,249,1,0.7306052324385807,1
rf,both_lateral__C,both_lateral,C,1,249,1,0.6605121062678401,1
rf,both_lateral__C,both_lateral,C,1,249,1,0.4549285548579591,0
rf,both_lateral__C,both_lateral,C,1,249,1,0.6108466753000479,1
rf,both_lateral__C,both_lateral,C,1,249,1,0.610637666875148,1
rf,both_lateral__C,both_lateral,C,1,249,1,0.6618263076751792,1
rf,both_lateral__C,both_lateral,C,1,249,1,0.6718930289135533,1
rf,both_lateral__C,both_lateral,C,1,249,1,0.5896693720932734,1
rf,both_lateral__C,both_lateral,C,1,249,1,0.5980568121706455,1
rf,both_lateral__C,both_lateral,C,1,249,1,0.6436213158471433,1
rf,both_lateral__C,both_lateral,C,1,249,1,0.6175138418482633,1
rf,both_lateral__C,both_lateral,C,1,249,1,0.6485926465945471,1
rf,both_lateral__C,both_lateral,C,1,249,1,0.6592599445475912,1
rf,both_lateral__C,both_lateral,C,1,249,1,0.7144784417468516,1
rf,both_lateral__C,both_lateral,C,2,219,0,0.41091836141520166,0
rf,both_lateral__C,both_lateral,C,2,219,0,0.6700513720270949,1
rf,both_lateral__C,both_lateral,C,2,219,0,0.7235271643937827,1
rf,both_lateral__C,both_lateral,C,2,219,0,0.7507276334545157,1
rf,both_lateral__C,both_lateral,C,2,219,0,0.7196526524964233,1
rf,both_lateral__C,both_lateral,C,2,219,0,0.7687064838446116,1
rf,both_lateral__C,both_lateral,C,2,219,0,0.5604482182362415,1
rf,both_lateral__C,both_lateral,C,2,219,0,0.18114995449589266,0
rf,both_lateral__C,both_lateral,C,2,219,0,0.8042472912991141,1
rf,both_lateral__C,both_lateral,C,2,219,0,0.2553744154609506,0
rf,both_lateral__C,both_lateral,C,2,219,0,0.35968148149074103,0
rf,both_lateral__C,both_lateral,C,2,219,0,0.629355355614444,1
rf,both_lateral__C,both_lateral,C,2,219,0,0.19440473022627597,0
rf,both_lateral__C,both_lateral,C,2,219,0,0.4676604026890416,0
rf,both_lateral__C,both_lateral,C,2,219,1,0.6390089153404166,1
rf,both_lateral__C,both_lateral,C,2,219,1,0.7118952703622732,1
rf,both_lateral__C,both_lateral,C,2,219,1,0.6716232125961679,1
rf,both_lateral__C,both_lateral,C,2,219,1,0.6390023803059207,1
rf,both_lateral__C,both_lateral,C,2,219,1,0.6756473562321642,1
rf,both_lateral__C,both_lateral,C,2,219,1,0.6048053429402559,1
rf,both_lateral__C,both_lateral,C,2,219,1,0.6523026200386961,1
rf,both_lateral__C,both_lateral,C,2,219,1,0.6680122819368844,1
rf,both_lateral__C,both_lateral,C,2,219,1,0.649625456606692,1
rf,both_lateral__C,both_lateral,C,2,219,1,0.6711112926446258,1
rf,both_lateral__C,both_lateral,C,2,219,1,0.614759841632731,1
rf,both_lateral__C,both_lateral,C,2,219,1,0.627788401675366,1
rf,both_lateral__C,both_lateral,C,2,219,1,0.7031980899807628,1
rf,both_lateral__C,both_lateral,C,2,219,1,0.6221597061745152,1
rf,both_lateral__C,both_lateral,C,2,219,1,0.6535621256637488,1
rf,both_lateral__C,both_lateral,C,2,219,1,0.679034995118706,1
rf,both_lateral__C,both_lateral,C,3,313,0,0.55965467098696,1
rf,both_lateral__C,both_lateral,C,3,313,0,0.5726063935494136,1
rf,both_lateral__C,both_lateral,C,3,313,0,0.5700612335942637,1
rf,both_lateral__C,both_lateral,C,3,313,0,0.5290989812790996,1
rf,both_lateral__C,both_lateral,C,3,313,0,0.6239882468011683,1
rf,both_lateral__C,both_lateral,C,3,313,0,0.6382960500059931,1
rf,both_lateral__C,both_lateral,C,3,313,0,0.617930373774867,1
rf,both_lateral__C,both_lateral,C,3,313,0,0.6258163283873087,1
rf,both_lateral__C,both_lateral,C,3,313,0,0.6569803953040365,1
rf,both_lateral__C,both_lateral,C,3,313,0,0.5639104882309269,1
rf,both_lateral__C,both_lateral,C,3,313,0,0.4157427987653178,0
rf,both_lateral__C,both_lateral,C,3,313,0,0.6387245126277836,1
rf,both_lateral__C,both_lateral,C,3,313,0,0.6488141164353685,1
rf,both_lateral__C,both_lateral,C,3,313,0,0.5333594054177472,1
rf,both_lateral__C,both_lateral,C,3,313,0,0.6468128084020108,1
rf,both_lateral__C,both_lateral,C,3,313,1,0.5625381807304942,1
rf,both_lateral__C,both_lateral,C,3,313,1,0.5930900359022683,1
rf,both_lateral__C,both_lateral,C,3,313,1,0.6043028828633176,1
rf,both_lateral__C,both_lateral,C,3,313,1,0.5997302752088788,1
rf,both_lateral__C,both_lateral,C,3,313,1,0.6452897136188619,1
rf,both_lateral__C,both_lateral,C,3,313,1,0.6076830826211835,1
rf,both_lateral__C,both_lateral,C,3,313,1,0.7055223460910228,1
rf,both_lateral__C,both_lateral,C,3,313,1,0.633842840202266,1
rf,both_lateral__C,both_lateral,C,3,313,1,0.5433835094170272,1
rf,both_lateral__C,both_lateral,C,3,313,1,0.6528869265472187,1
rf,both_lateral__C,both_lateral,C,3,313,1,0.6706318732715519,1
rf,both_lateral__C,both_lateral,C,3,313,1,0.607392917112589,1
rf,both_lateral__C,both_lateral,C,3,313,1,0.6632160086414711,1
rf,both_lateral__C,both_lateral,C,3,313,1,0.6059373074416187,1
rf,both_lateral__C,both_lateral,C,4,318,0,0.45390512690147367,0
rf,both_lateral__C,both_lateral,C,4,318,0,0.4195866521654386,0
rf,both_lateral__C,both_lateral,C,4,318,0,0.5388293243597535,1
rf,both_lateral__C,both_lateral,C,4,318,0,0.32947789583781456,0
rf,both_lateral__C,both_lateral,C,4,318,0,0.5393990855381099,1
rf,both_lateral__C,both_lateral,C,4,318,0,0.4273663758600021,0
rf,both_lateral__C,both_lateral,C,4,318,0,0.36087394757948826,0
rf,both_lateral__C,both_lateral,C,4,318,0,0.07596032955445739,0
rf,both_lateral__C,both_lateral,C,4,318,0,0.42376941673505536,0
rf,both_lateral__C,both_lateral,C,4,318,0,0.5076240331674395,1
rf,both_lateral__C,both_lateral,C,4,318,0,0.500957643826394,1
rf,both_lateral__C,both_lateral,C,4,318,0,0.3916732883124348,0
rf,both_lateral__C,both_lateral,C,4,318,0,0.3965171117434946,0
rf,both_lateral__C,both_lateral,C,4,318,0,0.572480686883683,1
rf,both_lateral__C,both_lateral,C,4,318,1,0.23472498880593523,0
rf,both_lateral__C,both_lateral,C,4,318,1,0.7062029015063236,1
rf,both_lateral__C,both_lateral,C,4,318,1,0.6699188838118455,1
rf,both_lateral__C,both_lateral,C,4,318,1,0.7364789284447649,1
rf,both_lateral__C,both_lateral,C,4,318,1,0.7069131626982209,1
rf,both_lateral__C,both_lateral,C,4,318,1,0.56761784995836,1
rf,both_lateral__C,both_lateral,C,4,318,1,0.7653799174416921,1
rf,both_lateral__C,both_lateral,C,4,318,1,0.6620847549602701,1
rf,both_lateral__C,both_lateral,C,4,318,1,0.7021043014375802,1
rf,both_lateral__C,both_lateral,C,4,318,1,0.738143251181611,1
rf,both_lateral__C,both_lateral,C,4,318,1,0.6234510472232113,1
rf,both_lateral__C,both_lateral,C,4,318,1,0.48574376056641055,0
rf,both_lateral__C,both_lateral,C,4,318,1,0.44462516329740637,0
rf,both_lateral__C,both_lateral,C,4,318,1,0.5711405313275063,1
rf,both_lateral__C,both_lateral,C,5,300,0,0.7255608092570359,1
rf,both_lateral__C,both_lateral,C,5,300,0,0.8507804169787667,1
rf,both_lateral__C,both_lateral,C,5,300,0,0.7305037602567928,1
rf,both_lateral__C,both_lateral,C,5,300,0,0.7675683229209926,1
rf,both_lateral__C,both_lateral,C,5,300,0,0.7899030394043048,1
rf,both_lateral__C,both_lateral,C,5,300,0,0.7693768162381021,1
rf,both_lateral__C,both_lateral,C,5,300,0,0.7153054011448526,1
rf,both_lateral__C,both_lateral,C,5,300,0,0.7288024168550561,1
rf,both_lateral__C,both_lateral,C,5,300,0,0.748633936648152,1
rf,both_lateral__C,both_lateral,C,5,300,0,0.7522135707345455,1
rf,both_lateral__C,both_lateral,C,5,300,0,0.7233841990815075,1
rf,both_lateral__C,both_lateral,C,5,300,0,0.7032608983517032,1
rf,both_lateral__C,both_lateral,C,5,300,0,0.7716381595117525,1
rf,both_lateral__C,both_lateral,C,5,300,0,0.7688691201774677,1
rf,both_lateral__C,both_lateral,C,5,300,1,0.6741486601158102,1
rf,both_lateral__C,both_lateral,C,5,300,1,0.7515519434556776,1
rf,both_lateral__C,both_lateral,C,5,300,1,0.7753702551775865,1
rf,both_lateral__C,both_lateral,C,5,300,1,0.7839906826239259,1
rf,both_lateral__C,both_lateral,C,5,300,1,0.7977018585312342,1
rf,both_lateral__C,both_lateral,C,5,300,1,0.7634896009903939,1
rf,both_lateral__C,both_lateral,C,5,300,1,0.7646439632036766,1
rf,both_lateral__C,both_lateral,C,5,300,1,0.7029863268245236,1
rf,both_lateral__C,both_lateral,C,5,300,1,0.7888376174160778,1
rf,both_lateral__C,both_lateral,C,5,300,1,0.7564559886925096,1
rf,both_lateral__C,both_lateral,C,5,300,1,0.7835066308091467,1
rf,both_lateral__C,both_lateral,C,5,300,1,0.8162518489722091,1
rf,both_lateral__C,both_lateral,C,5,300,1,0.746635926418276,1
rf,both_lateral__C,both_lateral,C,5,300,1,0.7910220636784824,1
rf,both_lateral__C,both_lateral,C,6,271,0,0.36955934544766045,0
rf,both_lateral__C,both_lateral,C,6,271,0,0.341300439570322,0
rf,both_lateral__C,both_lateral,C,6,271,0,0.26295737544093944,0
rf,both_lateral__C,both_lateral,C,6,271,0,0.41491491278471876,0
rf,both_lateral__C,both_lateral,C,6,271,0,0.45528184791539345,0
rf,both_lateral__C,both_lateral,C,6,271,0,0.44279502127134307,0
rf,both_lateral__C,both_lateral,C,6,271,0,0.33604850506857725,0
rf,both_lateral__C,both_lateral,C,6,271,0,0.10813785869938224,0
rf,both_lateral__C,both_lateral,C,6,271,0,0.10060537872742951,0
rf,both_lateral__C,both_lateral,C,6,271,0,0.3813087407099624,0
rf,both_lateral__C,both_lateral,C,6,271,0,0.32204105405669614,0
rf,both_lateral__C,both_lateral,C,6,271,0,0.23205685367991183,0
rf,both_lateral__C,both_lateral,C,6,271,0,0.30539599799671835,0
rf,both_lateral__C,both_lateral,C,6,271,0,0.3217677773531428,0
rf,both_lateral__C,both_lateral,C,6,271,1,0.41319166028277865,0
rf,both_lateral__C,both_lateral,C,6,271,1,0.5924225492225855,1
rf,both_lateral__C,both_lateral,C,6,271,1,0.37818194907309644,0
rf,both_lateral__C,both_lateral,C,6,271,1,0.4781840454393697,0
rf,both_lateral__C,both_lateral,C,6,271,1,0.4488512956875869,0
rf,both_lateral__C,both_lateral,C,6,271,1,0.42528254068493176,0
rf,both_lateral__C,both_lateral,C,6,271,1,0.5508783637646713,1
rf,both_lateral__C,both_lateral,C,6,271,1,0.3973552691175495,0
rf,both_lateral__C,both_lateral,C,6,271,1,0.5165156877507827,1
rf,both_lateral__C,both_lateral,C,6,271,1,0.5249384959307516,1
rf,both_lateral__C,both_lateral,C,6,271,1,0.42800359020656276,0
rf,both_lateral__C,both_lateral,C,6,271,1,0.5369910291677384,1
rf,both_lateral__C,both_lateral,C,6,271,1,0.5955095137662599,1
rf,both_lateral__C,both_lateral,C,6,271,1,0.484007737603105,0
rf,both_lateral__C,both_lateral,C,7,251,0,0.10082428126615703,0
rf,both_lateral__C,both_lateral,C,7,251,0,0.10802818684528359,0
rf,both_lateral__C,both_lateral,C,7,251,0,0.0719982384531375,0
rf,both_lateral__C,both_lateral,C,7,251,0,0.08768954979528672,0
rf,both_lateral__C,both_lateral,C,7,251,0,0.0894111177735721,0
rf,both_lateral__C,both_lateral,C,7,251,0,0.11219730093567996,0
rf,both_lateral__C,both_lateral,C,7,251,0,0.19449122822582493,0
rf,both_lateral__C,both_lateral,C,7,251,0,0.08446533854280792,0
rf,both_lateral__C,both_lateral,C,7,251,0,0.07747478113370908,0
rf,both_lateral__C,both_lateral,C,7,251,0,0.07779533567494694,0
rf,both_lateral__C,both_lateral,C,7,251,0,0.09534448536594878,0
rf,both_lateral__C,both_lateral,C,7,251,0,0.11139947862054222,0
rf,both_lateral__C,both_lateral,C,7,251,0,0.2693969455371618,0
rf,both_lateral__C,both_lateral,C,7,251,0,0.13102419754098776,0
rf,both_lateral__C,both_lateral,C,7,251,1,0.25277555773632004,0
rf,both_lateral__C,both_lateral,C,7,251,1,0.1842873035629775,0
rf,both_lateral__C,both_lateral,C,7,251,1,0.19668950220850345,0
rf,both_lateral__C,both_lateral,C,7,251,1,0.13189688788474277,0
rf,both_lateral__C,both_lateral,C,7,251,1,0.07433375152910578,0
rf,both_lateral__C,both_lateral,C,7,251,1,0.2816668693094484,0
rf,both_lateral__C,both_lateral,C,7,251,1,0.16346106782342085,0
rf,both_lateral__C,both_lateral,C,7,251,1,0.15618117590417424,0
rf,both_lateral__C,both_lateral,C,7,251,1,0.3088103942932953,0
rf,both_lateral__C,both_lateral,C,7,251,1,0.0805595567079672,0
rf,both_lateral__C,both_lateral,C,7,251,1,0.16174290740533345,0
rf,both_lateral__C,both_lateral,C,7,251,1,0.16818562168291729,0
rf,both_lateral__C,both_lateral,C,7,251,1,0.33286601274408595,0
rf,both_lateral__C,both_lateral,C,8,282,0,0.08241848543270588,0
rf,both_lateral__C,both_lateral,C,8,282,0,0.11285234501533775,0
rf,both_lateral__C,both_lateral,C,8,282,0,0.1295008970085163,0
rf,both_lateral__C,both_lateral,C,8,282,0,0.1383525261016653,0
rf,both_lateral__C,both_lateral,C,8,282,0,0.13839911069220348,0
rf,both_lateral__C,both_lateral,C,8,282,0,0.23747290558303744,0
rf,both_lateral__C,both_lateral,C,8,282,0,0.1425400861368884,0
rf,both_lateral__C,both_lateral,C,8,282,0,0.12161503273973606,0
rf,both_lateral__C,both_lateral,C,8,282,0,0.1614803732864872,0
rf,both_lateral__C,both_lateral,C,8,282,0,0.1714105737337456,0
rf,both_lateral__C,both_lateral,C,8,282,0,0.20901532641202597,0
rf,both_lateral__C,both_lateral,C,8,282,0,0.14145631607175116,0
rf,both_lateral__C,both_lateral,C,8,282,0,0.2466832374034725,0
rf,both_lateral__C,both_lateral,C,8,282,0,0.18217691882224807,0
rf,both_lateral__C,both_lateral,C,8,282,1,0.7055992905694579,1
rf,both_lateral__C,both_lateral,C,8,282,1,0.6661146619079646,1
rf,both_lateral__C,both_lateral,C,8,282,1,0.5787529661596205,1
rf,both_lateral__C,both_lateral,C,8,282,1,0.5972604409739638,1
rf,both_lateral__C,both_lateral,C,8,282,1,0.7361366353007813,1
rf,both_lateral__C,both_lateral,C,8,282,1,0.6025361060279232,1
rf,both_lateral__C,both_lateral,C,8,282,1,0.3995760923251794,0
rf,both_lateral__C,both_lateral,C,8,282,1,0.5369091793357775,1
rf,both_lateral__C,both_lateral,C,8,282,1,0.6707324757067797,1
rf,both_lateral__C,both_lateral,C,8,282,1,0.620227283999924,1
rf,both_lateral__C,both_lateral,C,8,282,1,0.5659472278337903,1
rf,both_lateral__C,both_lateral,C,9,210,0,0.343749200819593,0
rf,both_lateral__C,both_lateral,C,9,210,0,0.20182817100194142,0
rf,both_lateral__C,both_lateral,C,9,210,0,0.33217327341288455,0
rf,both_lateral__C,both_lateral,C,9,210,0,0.44740362380507487,0
rf,both_lateral__C,both_lateral,C,9,210,0,0.2123461362681148,0
rf,both_lateral__C,both_lateral,C,9,210,0,0.40495290999905154,0
rf,both_lateral__C,both_lateral,C,9,210,0,0.25887597870379236,0
rf,both_lateral__C,both_lateral,C,9,210,0,0.5562818893599757,1
rf,both_lateral__C,both_lateral,C,9,210,0,0.4070936702012945,0
rf,both_lateral__C,both_lateral,C,9,210,0,0.25293979105564973,0
rf,both_lateral__C,both_lateral,C,9,210,0,0.2921365003272029,0
rf,both_lateral__C,both_lateral,C,9,210,0,0.15105203149561341,0
rf,both_lateral__C,both_lateral,C,9,210,0,0.3097853168898483,0
rf,both_lateral__C,both_lateral,C,9,210,0,0.39042553793727164,0
rf,both_lateral__C,both_lateral,C,9,210,1,0.6344461911115481,1
rf,both_lateral__C,both_lateral,C,9,210,1,0.6782332323611828,1
rf,both_lateral__C,both_lateral,C,9,210,1,0.7925197230166721,1
rf,both_lateral__C,both_lateral,C,9,210,1,0.6873241250237183,1
rf,both_lateral__C,both_lateral,C,9,210,1,0.7053423226598009,1
rf,both_lateral__C,both_lateral,C,9,210,1,0.672121445615819,1
rf,both_lateral__C,both_lateral,C,9,210,1,0.6275487085182863,1
rf,both_lateral__C,both_lateral,C,9,210,1,0.7042093569510577,1
rf,both_lateral__C,both_lateral,C,9,210,1,0.6918936006820874,1
rf,both_lateral__C,both_lateral,C,9,210,1,0.7200285507158292,1
rf,both_lateral__C,both_lateral,C,9,210,1,0.7744493618938237,1
rf,both_lateral__C,both_lateral,C,10,265,0,0.3961477752906577,0
rf,both_lateral__C,both_lateral,C,10,265,0,0.4203256790448892,0
rf,both_lateral__C,both_lateral,C,10,265,0,0.4988924549509026,0
rf,both_lateral__C,both_lateral,C,10,265,0,0.5716373745823662,1
rf,both_lateral__C,both_lateral,C,10,265,0,0.6511301173072112,1
rf,both_lateral__C,both_lateral,C,10,265,0,0.5731360449749479,1
rf,both_lateral__C,both_lateral,C,10,265,0,0.4568586895508712,0
rf,both_lateral__C,both_lateral,C,10,265,0,0.5519262759391252,1
rf,both_lateral__C,both_lateral,C,10,265,0,0.36707752615538736,0
rf,both_lateral__C,both_lateral,C,10,265,0,0.39402650282645474,0
rf,both_lateral__C,both_lateral,C,10,265,0,0.3815846965450315,0
rf,both_lateral__C,both_lateral,C,10,265,0,0.3000414876563508,0
rf,both_lateral__C,both_lateral,C,10,265,0,0.43899152328304536,0
rf,both_lateral__C,both_lateral,C,10,265,1,0.3194346775274428,0
rf,both_lateral__C,both_lateral,C,10,265,1,0.4161567868401353,0
rf,both_lateral__C,both_lateral,C,10,265,1,0.7459198223565834,1
rf,both_lateral__C,both_lateral,C,10,265,1,0.7486553888464114,1
rf,both_lateral__C,both_lateral,C,10,265,1,0.37311435392104697,0
rf,both_lateral__C,both_lateral,C,10,265,1,0.349765572631755,0
rf,both_lateral__C,both_lateral,C,10,265,1,0.3448486734567752,0
rf,both_lateral__C,both_lateral,C,10,265,1,0.62138424096183,1
rf,both_lateral__C,both_lateral,C,10,265,1,0.6722746121651427,1
rf,both_lateral__C,both_lateral,C,10,265,1,0.6374673678085435,1
rf,both_lateral__C,both_lateral,C,10,265,1,0.44096113349060906,0
rf,bis_quatro__A,bis_quatro,A,1,249,0,0.08862617755874533,0
rf,bis_quatro__A,bis_quatro,A,1,249,0,0.6199515107274212,1
rf,bis_quatro__A,bis_quatro,A,1,249,0,0.9254288496231474,1
rf,bis_quatro__A,bis_quatro,A,1,249,0,0.10207123931579623,0
rf,bis_quatro__A,bis_quatro,A,1,249,0,0.10547847013498625,0
rf,bis_quatro__A,bis_quatro,A,1,249,0,0.7131240456436173,1
rf,bis_quatro__A,bis_quatro,A,1,249,0,0.1959963272504004,0
rf,bis_quatro__A,bis_quatro,A,1,249,0,0.17749014652901518,0
rf,bis_quatro__A,bis_quatro,A,1,249,0,0.08249096734443148,0
rf,bis_quatro__A,bis_quatro,A,1,249,0,0.12556728756350108,0
rf,bis_quatro__A,bis_quatro,A,1,249,0,0.03272576173185194,0
rf,bis_quatro__A,bis_quatro,A,1,249,0,0.17690333611705644,0
rf,bis_quatro__A,bis_quatro,A,1,249,0,0.851003162920889,1
rf,bis_quatro__A,bis_quatro,A,1,249,0,0.5574891147273977,1
rf,bis_quatro__A,bis_quatro,A,1,249,0,0.09236807984582088,0
rf,bis_quatro__A,bis_quatro,A,1,249,1,0.5216096117645246,1
rf,bis_quatro__A,bis_quatro,A,1,249,1,0.44588163517344204,0
rf,bis_quatro__A,bis_quatro,A,1,249,1,0.6518168058311747,1
rf,bis_quatro__A,bis_quatro,A,1,249,1,0.7526245760560093,1
rf,bis_quatro__A,bis_quatro,A,1,249,1,0.7196571007645151,1
rf,bis_quatro__A,bis_quatro,A,1,249,1,0.43589244721473863,0
rf,bis_quatro__A,bis_quatro,A,1,249,1,0.7015105195732632,1
rf,bis_quatro__A,bis_quatro,A,1,249,1,0.37447486165311117,0
rf,bis_quatro__A,bis_quatro,A,1,249,1,0.5891503206014533,1
rf,bis_quatro__A,bis_quatro,A,1,249,1,0.38896847056777495,0
rf,bis_quatro__A,bis_quatro,A,1,249,1,0.39005386035082046,0
rf,bis_quatro__A,bis_quatro,A,1,249,1,0.48594585212685515,0
rf,bis_quatro__A,bis_quatro,A,1,249,1,0.6754515145635505,1
rf,bis_quatro__A,bis_quatro,A,1,249,1,0.36055787589785554,0
rf,bis_quatro__A,bis_quatro,A,1,249,1,0.5855456848970035,1
rf,bis_quatro__A,bis_quatro,A,1,249,1,0.33779151194899526,0
rf,bis_quatro__A,bis_quatro,A,1,249,1,0.6666290857720297,1
rf,bis_quatro__A,bis_quatro,A,2,219,0,0.4988871678844756,0
rf,bis_quatro__A,bis_quatro,A,2,219,0,0.47858484687681213,0
rf,bis_quatro__A,bis_quatro,A,2,219,0,0.680779156565016,1
rf,bis_quatro__A,bis_quatro,A,2,219,0,0.6631396570835096,1
rf,bis_quatro__A,bis_quatro,A,2,219,0,0.6919959528071342,1
rf,bis_quatro__A,bis_quatro,A,2,219,0,0.654000365618554,1
rf,bis_quatro__A,bis_quatro,A,2,219,0,0.35871395509513254,0
rf,bis_quatro__A,bis_quatro,A,2,219,0,0.21423391897656224,0
rf,bis_quatro__A,bis_quatro,A,2,219,0,0.7141617247645087,1
rf,bis_quatro__A,bis_quatro,A,2,219,0,0.19522837319764436,0
rf,bis_quatro__A,bis_quatro,A,2,219,0,0.14045637100004094,0
rf,bis_quatro__A,bis_quatro,A,2,219,0,0.5152110463857615,1
rf,bis_quatro__A,bis_quatro,A,2,219,0,0.08241162531749016,0
rf,bis_quatro__A,bis_quatro,A,2,219,0,0.32780775715884625,0
rf,bis_quatro__A,bis_quatro,A,2,219,1,0.29374387081878733,0
rf,bis_quatro__A,bis_quatro,A,2,219,1,0.5021654918856325,1
rf,bis_quatro__A,bis_quatro,A,2,219,1,0.4085149263705277,0
rf,bis_quatro__A,bis_quatro,A,2,219,1,0.5589934000678027,1
rf,bis_quatro__A,bis_quatro,A,2,219,1,0.3863182578914192,0
rf,bis_quatro__A,bis_quatro,A,2,219,1,0.28865596150170025,0
rf,bis_quatro__A,bis_quatro,A,2,219,1,0.32246216912771675,0
rf,bis_quatro__A,bis_quatro,A,2,219,1,0.5413065382433243,1
rf,bis_quatro__A,bis_quatro,A,2,219,1,0.5406908007344658,1
rf,bis_quatro__A,bis_quatro,A,2,219,1,0.5058565720633934,1
rf,bis_quatro__A,bis_quatro,A,2,219,1,0.27910389321673695,0
rf,bis_quatro__A,bis_quatro,A,2,219,1,0.25494488634643075,0
rf,bis_quatro__A,bis_quatro,A,2,219,1,0.5834559939338544,1
rf,bis_quatro__A,bis_quatro,A,2,219,1,0.39820651435326154,0
rf,bis_quatro__A,bis_quatro,A,2,219,1,0.32606394465491617,0
rf,bis_quatro__A,bis_quatro,A,2,219,1,0.45404147585529786,0
rf,bis_quatro__A,bis_quatro,A,3,313,0,0.6051557019994859,1
rf,bis_quatro__A,bis_quatro,A,3,313,0,0.6982391319665763,1
rf,bis_quatro__A,bis_quatro,A,3,313,0,0.6327046816796755,1
rf,bis_quatro__A,bis_quatro,A,3,313,0,0.6299998397377417,1
rf,bis_quatro__A,bis_quatro,A,3,313,0,0.6599951064578675,1
rf,bis_quatro__A,bis_quatro,A,3,313,0,0.6842673923983543,1
rf,bis_quatro__A,bis_quatro,A,3,313,0,0.6376634035355532,1
rf,bis_quatro__A,bis_quatro,A,3,313,0,0.753290038956224,1
rf,bis_quatro__A,bis_quatro,A,3,313,0,0.6448157775291667,1
rf,bis_quatro__A,bis_quatro,A,3,313,0,0.6767208850806479,1
rf,bis_quatro__A,bis_quatro,A,3,313,0,0.665245239275486,1
rf,bis_quatro__A,bis_quatro,A,3,313,0,0.661516276240626,1
rf,bis_quatro__A,bis_quatro,A,3,313,0,0.6817565048589407,1
rf,bis_quatro__A,bis_quatro,A,3,313,0,0.7660195863928407,1
rf,bis_quatro__A,bis_quatro,A,3,313,0,0.6542021847114883,1
rf,bis_quatro__A,bis_quatro,A,3,313,1,0.7020094195703815,1
rf,bis_quatro__A,bis_quatro,A,3,313,1,0.7352066977503147,1
rf,bis_quatro__A,bis_quatro,A,3,313,1,0.6687614352973087,1
rf,bis_quatro__A,bis_quatro,A,3,313,1,0.6903616179057217,1
rf,bis_quatro__A,bis_quatro,A,3,313,1,0.7860789676882339,1
rf,bis_quatro__A,bis_quatro,A,3,313,1,0.6539601726056838,1
rf,bis_quatro__A,bis_quatro,A,3,313,1,0.7234549629830592,1
rf,bis_quatro__A,bis_quatro,A,3,313,1,0.8289365284350722,1
rf,bis_quatro__A,bis_quatro,A,3,313,1,0.8010836203449269,1
rf,bis_quatro__A,bis_quatro,A,3,313,1,0.7190635595608532,1
rf,bis_quatro__A,bis_quatro,A,3,313,1,0.7280112501511812,1
rf,bis_quatro__A,bis_quatro,A,3,313,1,0.7048946930396616,1
rf,bis_quatro__A,bis_quatro,A,3,313,1,0.727960205013428,1
rf,bis_quatro__A,bis_quatro,A,3,313,1,0.7597006483353372,1
rf,bis_quatro__A,bis_quatro,A,4,318,0,0.7238973443527194,1
rf,bis_quatro__A,bis_quatro,A,4,318,0,0.8076674925274888,1
rf,bis_quatro__A,bis_quatro,A,4,318,0,0.6863433746136637,1
rf,bis_quatro__A,bis_quatro,A,4,318,0,0.61147099867314,1
rf,bis_quatro__A,bis_quatro,A,4,318,0,0.8130963546006927,1
rf,bis_quatro__A,bis_quatro,A,4,318,0,0.6250394566682566,1
rf,bis_quatro__A,bis_quatro,A,4,318,0,0.6167648922140033,1
rf,bis_quatro__A,bis_quatro,A,4,318,0,0.020118504632893948,0
rf,bis_quatro__A,bis_quatro,A,4,318,0,0.27376682311971995,0
rf,bis_quatro__A,bis_quatro,A,4,318,0,0.6248724734922098,1
rf,bis_quatro__A,bis_quatro,A,4,318,0,0.35032262468184094,0
rf,bis_quatro__A,bis_quatro,A,4,318,0,0.6889785807133617,1
rf,bis_quatro__A,bis_quatro,A,4,318,0,0.2796945509624037,0
rf,bis_quatro__A,bis_quatro,A,4,318,0,0.5401742343523458,1
rf,bis_quatro__A,bis_quatro,A,4,318,1,0.4323308082603807,0
rf,bis_quatro__A,bis_quatro,A,4,318,1,0.4737157650839544,0
rf,bis_quatro__A,bis_quatro,A,4,318,1,0.5235788420222631,1
rf,bis_quatro__A,bis_quatro,A,4,318,1,0.45224849302308223,0
rf,bis_quatro__A,bis_quatro,A,4,318,1,0.7214607777826155,1
rf,bis_quatro__A,bis_quatro,A,4,318,1,0.5721977337339798,1
rf,bis_quatro__A,bis_quatro,A,4,318,1,0.7769394487536114,1
rf,bis_quatro__A,bis_quatro,A,4,318,1,0.37918431864175156,0
rf,bis_quatro__A,bis_quatro,A,4,318,1,0.7442551642843206,1
rf,bis_quatro__A,bis_quatro,A,4,318,1,0.7316166492554613,1
rf,bis_quatro__A,bis_quatro,A,4,318,1,0.5106755875691081,1
rf,bis_quatro__A,bis_quatro,A,4,318,1,0.6502891579643055,1
rf,bis_quatro__A,bis_quatro,A,4,318,1,0.5955868058798414,1
rf,bis_quatro__A,bis_quatro,A,4,318,1,0.6007187696618361,1
rf,bis_quatro__A,bis_quatro,A,5,300,0,0.5095101358549546,1
rf,bis_quatro__A,bis_quatro,A,5,300,0,0.4347408898457025,0
rf,bis_quatro__A,bis_quatro,A,5,300,0,0.4894136028946137,0
rf,bis_quatro__A,bis_quatro,A,5,300,0,0.5673150736904911,1
rf,bis_quatro__A,bis_quatro,A,5,300,0,0.47702536601234663,0
rf,bis_quatro__A,bis_quatro,A,5,300,0,0.48546823056254446,0
rf,bis_quatro__A,bis_quatro,A,5,300,0,0.49467579811277695,0
rf,bis_quatro__A,bis_quatro,A,5,300,0,0.499608672548093,0
rf,bis_quatro__A,bis_quatro,A,5,300,0,0.4983872412462225,0
rf,bis_quatro__A,bis_quatro,A,5,300,0,0.4713535889322781,0
rf,bis_quatro__A,bis_quatro,A,5,300,0,0.4832571976532199,0
rf,bis_quatro__A,bis_quatro,A,5,300,0,0.4115289483712808,0
rf,bis_quatro__A,bis_quatro,A,5,300,0,0.4936068782405913,0
rf,bis_quatro__A,bis_quatro,A,5,300,0,0.5115350842543434,1
rf,bis_quatro__A,bis_quatro,A,5,300,1,0.4832469486095623,0
rf,bis_quatro__A,bis_quatro,A,5,300,1,0.5099598561663686,1
rf,bis_quatro__A,bis_quatro,A,5,300,1,0.3893151369036161,0
rf,bis_quatro__A,bis_quatro,A,5,300,1,0.4995768245360295,0
rf,bis_quatro__A,bis_quatro,A,5,300,1,0.5048320849659504,1
rf,bis_quatro__A,bis_quatro,A,5,300,1,0.5189938155978487,1
rf,bis_quatro__A,bis_quatro,A,5,300,1,0.49795229753042863,0
rf,bis_quatro__A,bis_quatro,A,5,300,1,0.5000807034691234,1
rf,bis_quatro__A,bis_quatro,A,5,300,1,0.5170616091714608,1
rf,bis_quatro__A,bis_quatro,A,5,300,1,0.5173835884992934,1
rf,bis_quatro__A,bis_quatro,A,5,300,1,0.5157850515027359,1
rf,bis_quatro__A,bis_quatro,A,5,300,1,0.5162947374558567,1
rf,bis_quatro__A,bis_quatro,A,5,300,1,0.49783307336652216,0
rf,bis_quatro__A,bis_quatro,A,5,300,1,0.5105032544616744,1
rf,bis_quatro__A,bis_quatro,A,6,271,0,0.7126384069873236,1
rf,bis_quatro__A,bis_quatro,A,6,271,0,0.0834744391470457,0
rf,bis_quatro__A,bis_quatro,A,6,271,0,0.2197559946829072,0
rf,bis_quatro__A,bis_quatro,A,6,271,0,0.48255587189689714,0
rf,bis_quatro__A,bis_quatro,A,6,271,0,0.8585570022344755,1
rf,bis_quatro__A,bis_quatro,A,6,271,0,0.8122640754816728,1
rf,bis_quatro__A,bis_quatro,A,6,271,0,0.47893632620901677,0
rf,bis_quatro__A,bis_quatro,A,6,271,0,0.05776627720964385,0
rf,bis_quatro__A,bis_quatro,A,6,271,0,0.04952189899612442,0
rf,bis_quatro__A,bis_quatro,A,6,271,0,0.5148873547382733,1
rf,bis_quatro__A,bis_quatro,A,6,271,0,0.31615497979728113,0
rf,bis_quatro__A,bis_quatro,A,6,271,0,0.15948904301412414,0
rf,bis_quatro__A,bis_quatro,A,6,271,0,0.14243444330746902,0
rf,bis_quatro__A,bis_quatro,A,6,271,0,0.16907251317074284,0
rf,bis_quatro__A,bis_quatro,A,6,271,1,0.7240616557784315,1
rf,bis_quatro__A,bis_quatro,A,6,271,1,0.7993254207246617,1
rf,bis_quatro__A,bis_quatro,A,6,271,1,0.6250363849281705,1
rf,bis_quatro__A,bis_quatro,A,6,271,1,0.7769551016785237,1
rf,bis_quatro__A,bis_quatro,A,6,271,1,0.6058073327298411,1
rf,bis_quatro__A,bis_quatro,A,6,271,1,0.7519192105928498,1
rf,bis_quatro__A,bis_quatro,A,6,271,1,0.7960395407181493,1
rf,bis_quatro__A,bis_quatro,A,6,271,1,0.5940890379944548,1
rf,bis_quatro__A,bis_quatro,A,6,271,1,0.8203031751593705,1
rf,bis_quatro__A,bis_quatro,A,6,271,1,0.6474541167129074,1
rf,bis_quatro__A,bis_quatro,A,6,271,1,0.5661926022102755,1
rf,bis_quatro__A,bis_quatro,A,6,271,1,0.6313334531172765,1
rf,bis_quatro__A,bis_quatro,A,6,271,1,0.83989966743122,1
rf,bis_quatro__A,bis_quatro,A,6,271,1,0.7103802130384045,1
rf,bis_quatro__A,bis_quatro,A,7,251,0,0.03279569332853269,0
rf,bis_quatro__A,bis_quatro,A,7,251,0,0.034009046598078685,0
rf,bis_quatro__A,bis_quatro,A,7,251,0,0.03380563176482323,0
rf,bis_quatro__A,bis_quatro,A,7,251,0,0.03905071409839729,0
rf,bis_quatro__A,bis_quatro,A,7,251,0,0.050596852332894,0
rf,bis_quatro__A,bis_quatro,A,7,251,0,0.02163963086159337,0
rf,bis_quatro__A,bis_quatro,A,7,251,0,0.16137512802814105,0
rf,bis_quatro__A,bis_quatro,A,7,251,0,0.016933906568771185,0
rf,bis_quatro__A,bis_quatro,A,7,251,0,0.0391651520227517,0
rf,bis_quatro__A,bis_quatro,A,7,251,0,0.02007790932764378,0
rf,bis_quatro__A,bis_quatro,A,7,251,0,0.027580661409408385,0
rf,bis_quatro__A,bis_quatro,A,7,251,0,0.0307053550073859,0
rf,bis_quatro__A,bis_quatro,A,7,251,0,0.025890014444238104,0
rf,bis_quatro__A,bis_quatro,A,7,251,0,0.03222882934893959,0
rf,bis_quatro__A,bis_quatro,A,7,251,1,0.2663350592701526,0
rf,bis_quatro__A,bis_quatro,A,7,251,1,0.11673301554602615,0
rf,bis_quatro__A,bis_quatro,A,7,251,1,0.2227361853174192,0
rf,bis_quatro__A,bis_quatro,A,7,251,1,0.19820148068832025,0
rf,bis_quatro__A,bis_quatro,A,7,251,1,0.04841380389946325,0
rf,bis_quatro__A,bis_quatro,A,7,251,1,0.35170340543784084,0
rf,bis_quatro__A,bis_quatro,A,7,251,1,0.059754626013918566,0
rf,bis_quatro__A,bis_quatro,A,7,251,1,0.33570409680196817,0
rf,bis_quatro__A,bis_quatro,A,7,251,1,0.3111716102824097,0
rf,bis_quatro__A,bis_quatro,A,7,251,1,0.10941363001294302,0
rf,bis_quatro__A,bis_quatro,A,7,251,1,0.10159989352809502,0
rf,bis_quatro__A,bis_quatro,A,7,251,1,0.11132292070271527,0
rf,bis_quatro__A,bis_quatro,A,7,251,1,0.3013474023929129,0
rf,bis_quatro__A,bis_quatro,A,8,282,0,0.022291705346063152,0
rf,bis_quatro__A,bis_quatro,A,8,282,0,0.021163730981193177,0
rf,bis_quatro__A,bis_quatro,A,8,282,0,0.03927830080926133,0
rf,bis_quatro__A,bis_quatro,A,8,282,0,0.03833154918485205,0
rf,bis_quatro__A,bis_quatro,A,8,282,0,0.028474193449773533,0
rf,bis_quatro__A,bis_quatro,A,8,282,0,0.008997279392797842,0
rf,bis_quatro__A,bis_quatro,A,8,282,0,0.02315109835209301,0
rf,bis_quatro__A,bis_quatro,A,8,282,0,0.026206517836734965,0
rf,bis_quatro__A,bis_quatro,A,8,282,0,0.0343594725090955,0
rf,bis_quatro__A,bis_quatro,A,8,282,0,0.04464720355324147,0
rf,bis_quatro__A,bis_quatro,A,8,282,0,0.06329162573201182,0
rf,bis_quatro__A,bis_quatro,A,8,282,0,0.033585615973520735,0
rf,bis_quatro__A,bis_quatro,A,8,282,0,0.022330014606038548,0
rf,bis_quatro__A,bis_quatro,A,8,282,0,0.029646532508498122,0
rf,bis_quatro__A,bis_quatro,A,8,282,1,0.7550537401361426,1
rf,bis_quatro__A,bis_quatro,A,8,282,1,0.7583103577135369,1
rf,bis_quatro__A,bis_quatro,A,8,282,1,0.6022297236686359,1
rf,bis_quatro__A,bis_quatro,A,8,282,1,0.650269061943233,1
rf,bis_quatro__A,bis_quatro,A,8,282,1,0.8613178267573689,1
rf,bis_quatro__A,bis_quatro,A,8,282,1,0.6982206928449464,1
rf,bis_quatro__A,bis_quatro,A,8,282,1,0.24653568335642054,0
rf,bis_quatro__A,bis_quatro,A,8,282,1,0.7441450247583318,1
rf,bis_quatro__A,bis_quatro,A,8,282,1,0.8729739829868528,1
rf,bis_quatro__A,bis_quatro,A,8,282,1,0.6068128557010071,1
rf,bis_quatro__A,bis_quatro,A,8,282,1,0.6315816787688735,1
rf,bis_quatro__A,bis_quatro,A,9,210,0,0.02865749848481739,0
rf,bis_quatro__A,bis_quatro,A,9,210,0,0.3001374152952654,0
rf,bis_quatro__A,bis_quatro,A,9,210,0,0.5623968271966777,1
rf,bis_quatro__A,bis_quatro,A,9,210,0,0.5561663766828058,1
rf,bis_quatro__A,bis_quatro,A,9,210,0,0.325411100793604,0
rf,bis_quatro__A,bis_quatro,A,9,210,0,0.7033544810302756,1
rf,bis_quatro__A,bis_quatro,A,9,210,0,0.028075993063578407,0
rf,bis_quatro__A,bis_quatro,A,9,210,0,0.6967137105630935,1
rf,bis_quatro__A,bis_quatro,A,9,210,0,0.478655193233425,0
rf,bis_quatro__A,bis_quatro,A,9,210,0,0.07075356834947623,0
rf,bis_quatro__A,bis_quatro,A,9,210,0,0.06281542712397087,0
rf,bis_quatro__A,bis_quatro,A,9,210,0,0.010118482726070292,0
rf,bis_quatro__A,bis_quatro,A,9,210,0,0.042699797338721514,0
rf,bis_quatro__A,bis_quatro,A,9,210,0,0.5174948904704243,1
rf,bis_quatro__A,bis_quatro,A,9,210,1,0.5612220782174803,1
rf,bis_quatro__A,bis_quatro,A,9,210,1,0.6416274028055922,1
rf,bis_quatro__A,bis_quatro,A,9,210,1,0.8539752561202757,1
rf,bis_quatro__A,bis_quatro,A,9,210,1,0.7203052298227637,1
rf,bis_quatro__A,bis_quatro,A,9,210,1,0.8366118616966056,1
rf,bis_quatro__A,bis_quatro,A,9,210,1,0.8027522869965702,1
rf,bis_quatro__A,bis_quatro,A,9,210,1,0.5657240190679628,1
rf,bis_quatro__A,bis_quatro,A,9,210,1,0.667710315809842,1
rf,bis_quatro__A,bis_quatro,A,9,210,1,0.882791241723941,1
rf,bis_quatro__A,bis_quatro,A,9,210,1,0.8506601147569225,1
rf,bis_quatro__A,bis_quatro,A,9,210,1,0.8078558135752134,1
rf,bis_quatro__A,bis_quatro,A,10,265,0,0.6973022505506375,1
rf,bis_quatro__A,bis_quatro,A,10,265,0,0.8058243747504801,1
rf,bis_quatro__A,bis_quatro,A,10,265,0,0.8634555770600515,1
rf,bis_quatro__A,bis_quatro,A,10,265,0,0.8891173645821006,1
rf,bis_quatro__A,bis_quatro,A,10,265,0,0.9428342978393964,1
rf,bis_quatro__A,bis_quatro,A,10,265,0,0.9502158447386421,1
rf,bis_quatro__A,bis_quatro,A,10,265,0,0.7301890567937929,1
rf,bis_quatro__A,bis_quatro,A,10,265,0,0.9233421234272329,1
rf,bis_quatro__A,bis_quatro,A,10,265,0,0.568698810674781,1
rf,bis_quatro__A,bis_quatro,A,10,265,0,0.8389373245713369,1
rf,bis_quatro__A,bis_quatro,A,10,265,0,0.8730138968461438,1
rf,bis_quatro__A,bis_quatro,A,10,265,0,0.46832644252215033,0
rf,bis_quatro__A,bis_quatro,A,10,265,0,0.8328278267340294,1
rf,bis_quatro__A,bis_quatro,A,10,265,1,0.6464317643272129,1
rf,bis_quatro__A,bis_quatro,A,10,265,1,0.4174675946948728,0
rf,bis_quatro__A,bis_quatro,A,10,265,1,0.9333251439089474,1
rf,bis_quatro__A,bis_quatro,A,10,265,1,0.9311216523672097,1
rf,bis_quatro__A,bis_quatro,A,10,265,1,0.8390791262886114,1
rf,bis_quatro__A,bis_quatro,A,10,265,1,0.6541106333098677,1
rf,bis_quatro__A,bis_quatro,A,10,265,1,0.7632122601328395,1
rf,bis_quatro__A,bis_quatro,A,10,265,1,0.8937349022123015,1
rf,bis_quatro__A,bis_quatro,A,10,265,1,0.7666901825725421,1
rf,bis_quatro__A,bis_quatro,A,10,265,1,0.9149882791508852,1
rf,bis_quatro__A,bis_quatro,A,10,265,1,0.7420646159891381,1
rf,bis_quatro__B,bis_quatro,B,1,249,0,0.3543487594295648,0
rf,bis_quatro__B,bis_quatro,B,1,249,0,0.665425338536695,1
rf,bis_quatro__B,bis_quatro,B,1,249,0,0.717986061209385,1
rf,bis_quatro__B,bis_quatro,B,1,249,0,0.39722262352949583,0
rf,bis_quatro__B,bis_quatro,B,1,249,0,0.6823298823217498,1
rf,bis_quatro__B,bis_quatro,B,1,249,0,0.4442479661803034,0
rf,bis_quatro__B,bis_quatro,B,1,249,0,0.4446623255119579,0
rf,bis_quatro__B,bis_quatro,B,1,249,0,0.5417964271105061,1
rf,bis_quatro__B,bis_quatro,B,1,249,0,0.586829867900793,1
rf,bis_quatro__B,bis_quatro,B,1,249,0,0.42474766352196325,0
rf,bis_quatro__B,bis_quatro,B,1,249,0,0.41197674783333454,0
rf,bis_quatro__B,bis_quatro,B,1,249,0,0.5691182531099498,1
rf,bis_quatro__B,bis_quatro,B,1,249,0,0.461880609816653,0
rf,bis_quatro__B,bis_quatro,B,1,249,0,0.691202304966926,1
rf,bis_quatro__B,bis_quatro,B,1,249,0,0.5049827304860515,1
rf,bis_quatro__B,bis_quatro,B,1,249,1,0.6867774947432688,1
rf,bis_quatro__B,bis_quatro,B,1,249,1,0.31400664376295917,0
rf,bis_quatro__B,bis_quatro,B,1,249,1,0.45707336917659225,0
rf,bis_quatro__B,bis_quatro,B,1,249,1,0.36723560075298795,0
rf,bis_quatro__B,bis_quatro,B,1,249,1,0.484983232226539,0
rf,bis_quatro__B,bis_quatro,B,1,249,1,0.28665493547133475,0
rf,bis_quatro__B,bis_quatro,B,1,249,1,0.4612558910365568,0
rf,bis_quatro__B,bis_quatro,B,1,249,1,0.5146336907127184,1
rf,bis_quatro__B,bis_quatro,B,1,249,1,0.5620481658076265,1
rf,bis_quatro__B,bis_quatro,B,1,249,1,0.36416759946807775,0
rf,bis_quatro__B,bis_quatro,B,1,249,1,0.49498324230655383,0
rf,bis_quatro__B,bis_quatro,B,1,249,1,0.4829877488640739,0
rf,bis_quatro__B,bis_quatro,B,1,249,1,0.3515421229843396,0
rf,bis_quatro__B,bis_quatro,B,1,249,1,0.40288716507518535,0
rf,bis_quatro__B,bis_quatro,B,1,249,1,0.5998049974721648,1
rf,bis_quatro__B,bis_quatro,B,1,249,1,0.627352328767746,1
rf,bis_quatro__B,bis_quatro,B,1,249,1,0.49511344902353654,0
rf,bis_quatro__B,bis_quatro,B,2,219,0,0.5381318695463068,1
rf,bis_quatro__B,bis_quatro,B,2,219,0,0.4583613034708688,0
rf,bis_quatro__B,bis_quatro,B,2,219,0,0.5150592308745368,1
rf,bis_quatro__B,bis_quatro,B,2,219,0,0.4369237459331764,0
rf,bis_quatro__B,bis_quatro,B,2,219,0,0.43278795461315644,0
rf,bis_quatro__B,bis_quatro,B,2,219,0,0.6056495277814369,1
rf,bis_quatro__B,bis_quatro,B,2,219,0,0.5992447027390735,1
rf,bis_quatro__B,bis_quatro,B,2,219,0,0.6024710048029388,1
rf,bis_quatro__B,bis_quatro,B,2,219,0,0.3807829905581145,0
rf,bis_quatro__B,bis_quatro,B,2,219,0,0.44166167005339557,0
rf,bis_quatro__B,bis_quatro,B,2,219,0,0.5242268305340931,1
rf,bis_quatro__B,bis_quatro,B,2,219,0,0.4440697644503368,0
rf,bis_quatro__B,bis_quatro,B,2,219,0,0.5023201823209881,1
rf,bis_quatro__B,bis_quatro,B,2,219,0,0.5251731489909867,1
rf,bis_quatro__B,bis_quatro,B,2,219,1,0.4532244034934649,0
rf,bis_quatro__B,bis_quatro,B,2,219,1,0.407057978967826,0
rf,bis_quatro__B,bis_quatro,B,2,219,1,0.6402670143470371,1
rf,bis_quatro__B,bis_quatro,B,2,219,1,0.6981239816556705,1
rf,bis_quatro__B,bis_quatro,B,2,219,1,0.5887993328348798,1
rf,bis_quatro__B,bis_quatro,B,2,219,1,0.5114124487315599,1
rf,bis_quatro__B,bis_quatro,B,2,219,1,0.372849392288199,0
rf,bis_quatro__B,bis_quatro,B,2,219,1,0.6834114636337495,1
rf,bis_quatro__B,bis_quatro,B,2,219,1,0.45462974869561024,0
rf,bis_quatro__B,bis_quatro,B,2,219,1,0.5155124804028117,1
rf,bis_quatro__B,bis_quatro,B,2,219,1,0.4633081308354703,0
rf,bis_quatro__B,bis_quatro,B,2,219,1,0.479256516309617,0
rf,bis_quatro__B,bis_quatro,B,2,219,1,0.4622537392096636,0
rf,bis_quatro__B,bis_quatro,B,2,219,1,0.5343268664790246,1
rf,bis_quatro__B,bis_quatro,B,2,219,1,0.5886807651975046,1
rf,bis_quatro__B,bis_quatro,B,2,219,1,0.631127856367647,1
rf,bis_quatro__B,bis_quatro,B,3,313,0,0.4702920880494928,0
rf,bis_quatro__B,bis_quatro,B,3,313,0,0.5574014528439784,1
rf,bis_quatro__B,bis_quatro,B,3,313,0,0.5572309634312215,1
rf,bis_quatro__B,bis_quatro,B,3,313,0,0.5004463186894682,1
rf,bis_quatro__B,bis_quatro,B,3,313,0,0.43431728000071573,0
rf,bis_quatro__B,bis_quatro,B,3,313,0,0.4862531152669255,0
rf,bis_quatro__B,bis_quatro,B,3,313,0,0.487133900537942,0
rf,bis_quatro__B,bis_quatro,B,3,313,0,0.3439668151019359,0
rf,bis_quatro__B,bis_quatro,B,3,313,0,0.5502220393230796,1
rf,bis_quatro__B,bis_quatro,B,3,313,0,0.44832006027324484,0
rf,bis_quatro__B,bis_quatro,B,3,313,0,0.5200909390368911,1
rf,bis_quatro__B,bis_quatro,B,3,313,0,0.4917548155227115,0
rf,bis_quatro__B,bis_quatro,B,3,313,0,0.47650842030290375,0
rf,bis_quatro__B,bis_quatro,B,3,313,0,0.37012759831042663,0
rf,bis_quatro__B,bis_quatro,B,3,313,0,0.48399300527388917,0
rf,bis_quatro__B,bis_quatro,B,3,313,1,0.5484265765712817,1
rf,bis_quatro__B,bis_quatro,B,3,313,1,0.6534432354881102,1
rf,bis_quatro__B,bis_quatro,B,3,313,1,0.2792717710592463,0
rf,bis_quatro__B,bis_quatro,B,3,313,1,0.43097463431925875,0
rf,bis_quatro__B,bis_quatro,B,3,313,1,0.3693408647663178,0
rf,bis_quatro__B,bis_quatro,B,3,313,1,0.5518072390858215,1
rf,bis_quatro__B,bis_quatro,B,3,313,1,0.4318762185481277,0
rf,bis_quatro__B,bis_quatro,B,3,313,1,0.5936687435245479,1
rf,bis_quatro__B,bis_quatro,B,3,313,1,0.40104187935253355,0
rf,bis_quatro__B,bis_quatro,B,3,313,1,0.4771670165670981,0
rf,bis_quatro__B,bis_quatro,B,3,313,1,0.44988560235999986,0
rf,bis_quatro__B,bis_quatro,B,3,313,1,0.5583801311284354,1
rf,bis_quatro__B,bis_quatro,B,3,313,1,0.5729614245406563,1
rf,bis_quatro__B,bis_quatro,B,3,313,1,0.38275315088574907,0
rf,bis_quatro__B,bis_quatro,B,4,318,0,0.39413346768387214,0
rf,bis_quatro__B,bis_quatro,B,4,318,0,0.4472304187212199,0
rf,bis_quatro__B,bis_quatro,B,4,318,0,0.46098031148105706,0
rf,bis_quatro__B,bis_quatro,B,4,318,0,0.5421406206169553,1
rf,bis_quatro__B,bis_quatro,B,4,318,0,0.45504947754182046,0
rf,bis_quatro__B,bis_quatro,B,4,318,0,0.49741224531788153,0
rf,bis_quatro__B,bis_quatro,B,4,318,0,0.37190123184004514,0
rf,bis_quatro__B,bis_quatro,B,4,318,0,0.4722220034495214,0
rf,bis_quatro__B,bis_quatro,B,4,318,0,0.5885573638811564,1
rf,bis_quatro__B,bis_quatro,B,4,318,0,0.23641814434317193,0
rf,bis_quatro__B,bis_quatro,B,4,318,0,0.5735401537141274,1
rf,bis_quatro__B,bis_quatro,B,4,318,0,0.522546524038496,1
rf,bis_quatro__B,bis_quatro,B,4,318,0,0.4937539991903596,0
rf,bis_quatro__B,bis_quatro,B,4,318,0,0.5482960542277876,1
rf,bis_quatro__B,bis_quatro,B,4,318,1,0.3309714013447042,0
rf,bis_quatro__B,bis_quatro,B,4,318,1,0.48284565153323433,0
rf,bis_quatro__B,bis_quatro,B,4,318,1,0.3581658547229542,0
rf,bis_quatro__B,bis_quatro,B,4,318,1,0.5259184683848034,1
rf,bis_quatro__B,bis_quatro,B,4,318,1,0.3763554930567848,0
rf,bis_quatro__B,bis_quatro,B,4,318,1,0.4547809641213735,0
rf,bis_quatro__B,bis_quatro,B,4,318,1,0.39470434018901707,0
rf,bis_quatro__B,bis_quatro,B,4,318,1,0.5692842082031213,1
rf,bis_quatro__B,bis_quatro,B,4,318,1,0.6245918275301338,1
rf,bis_quatro__B,bis_quatro,B,4,318,1,0.48640532893441885,0
rf,bis_quatro__B,bis_quatro,B,4,318,1,0.37380076301793663,0
rf,bis_quatro__B,bis_quatro,B,4,318,1,0.3863386782435097,0
rf,bis_quatro__B,bis_quatro,B,4,318,1,0.40053389406083334,0
rf,bis_quatro__B,bis_quatro,B,4,318,1,0.4899838191971552,0
rf,bis_quatro__B,bis_quatro,B,5,300,0,0.473657742264323,0
rf,bis_quatro__B,bis_quatro,B,5,300,0,0.6114925379371159,1
rf,bis_quatro__B,bis_quatro,B,5,300,0,0.42291003800788163,0
rf,bis_quatro__B,bis_quatro,B,5,300,0,0.3631100826000824,0
rf,bis_quatro__B,bis_quatro,B,5,300,0,0.560626252103998,1
rf,bis_quatro__B,bis_quatro,B,5,300,0,0.5566458591354517,1
rf,bis_quatro__B,bis_quatro,B,5,300,0,0.5331374000618274,1
rf,bis_quatro__B,bis_quatro,B,5,300,0,0.6446343393000461,1
rf,bis_quatro__B,bis_quatro,B,5,300,0,0.4687739367590845,0
rf,bis_quatro__B,bis_quatro,B,5,300,0,0.49075854854160056,0
rf,bis_quatro__B,bis_quatro,B,5,300,0,0.4391957865771809,0
rf,bis_quatro__B,bis_quatro,B,5,300,0,0.5289340222887694,1
rf,bis_quatro__B,bis_quatro,B,5,300,0,0.5214915649412122,1
rf,bis_quatro__B,bis_quatro,B,5,300,0,0.5128419849346912,1
rf,bis_quatro__B,bis_quatro,B,5,300,1,0.4538659793095686,0
rf,bis_quatro__B,bis_quatro,B,5,300,1,0.6132303285492766,1
rf,bis_quatro__B,bis_quatro,B,5,300,1,0.6297809877660633,1
rf,bis_quatro__B,bis_quatro,B,5,300,1,0.4877604948694384,0
rf,bis_quatro__B,bis_quatro,B,5,300,1,0.3657779190030602,0
rf,bis_quatro__B,bis_quatro,B,5,300,1,0.5062092024341249,1
rf,bis_quatro__B,bis_quatro,B,5,300,1,0.5107848891190794,1
rf,bis_quatro__B,bis_quatro,B,5,300,1,0.3978488204635902,0
rf,bis_quatro__B,bis_quatro,B,5,300,1,0.4239822704920572,0
rf,bis_quatro__B,bis_quatro,B,5,300,1,0.6328608498489361,1
rf,bis_quatro__B,bis_quatro,B,5,300,1,0.6228247200297671,1
rf,bis_quatro__B,bis_quatro,B,5,300,1,0.40856298583173584,0
rf,bis_quatro__B,bis_quatro,B,5,300,1,0.4670291951943076,0
rf,bis_quatro__B,bis_quatro,B,5,300,1,0.466843576357119,0
rf,bis_quatro__B,bis_quatro,B,6,271,0,0.5551408651874133,1
rf,bis_quatro__B,bis_quatro,B,6,271,0,0.3834417205779841,0
rf,bis_quatro__B,bis_quatro,B,6,271,0,0.6414774292133956,1
rf,bis_quatro__B,bis_quatro,B,6,271,0,0.37510672711482335,0
rf,bis_quatro__B,bis_quatro,B,6,271,0,0.6195070486996199,1
rf,bis_quatro__B,bis_quatro,B,6,271,0,0.46595051505621254,0
rf,bis_quatro__B,bis_quatro,B,6,271,0,0.657660520480897,1
rf,bis_quatro__B,bis_quatro,B,6,271,0,0.632624028008951,1
rf,bis_quatro__B,bis_quatro,B,6,271,0,0.636868883320224,1
rf,bis_quatro__B,bis_quatro,B,6,271,0,0.47428630943268957,0
rf,bis_quatro__B,bis_quatro,B,6,271,0,0.4398003082856667,0
rf,bis_quatro__B,bis_quatro,B,6,271,0,0.4116715938686471,0
rf,bis_quatro__B,bis_quatro,B,6,271,0,0.4216255878877269,0
rf,bis_quatro__B,bis_quatro,B,6,271,0,0.6179041197719676,1
rf,bis_quatro__B,bis_quatro,B,6,271,1,0.6980828121460566,1
rf,bis_quatro__B,bis_quatro,B,6,271,1,0.4386539572203077,0
rf,bis_quatro__B,bis_quatro,B,6,271,1,0.5532178768298261,1
rf,bis_quatro__B,bis_quatro,B,6,271,1,0.6252250585630423,1
rf,bis_quatro__B,bis_quatro,B,6,271,1,0.2529450385957483,0
rf,bis_quatro__B,bis_quatro,B,6,271,1,0.36455610693925694,0
rf,bis_quatro__B,bis_quatro,B,6,271,1,0.49848831723997455,0
rf,bis_quatro__B,bis_quatro,B,6,271,1,0.4282680219415003,0
rf,bis_quatro__B,bis_quatro,B,6,271,1,0.433429651047732,0
rf,bis_quatro__B,bis_quatro,B,6,271,1,0.6203872997478352,1
rf,bis_quatro__B,bis_quatro,B,6,271,1,0.4204701136681497,0
rf,bis_quatro__B,bis_quatro,B,6,271,1,0.3936853356550655,0
rf,bis_quatro__B,bis_quatro,B,6,271,1,0.30742097992523454,0
rf,bis_quatro__B,bis_quatro,B,6,271,1,0.3959791553370534,0
rf,bis_quatro__B,bis_quatro,B,7,251,0,0.43737251371668506,0
rf,bis_quatro__B,bis_quatro,B,7,251,0,0.502742649691199,1
rf,bis_quatro__B,bis_quatro,B,7,251,0,0.5094029337011592,1
rf,bis_quatro__B,bis_quatro,B,7,251,0,0.5866940290378324,1
rf,bis_quatro__B,bis_quatro,B,7,251,0,0.3977600383884937,0
rf,bis_quatro__B,bis_quatro,B,7,251,0,0.5725506386675394,1
rf,bis_quatro__B,bis_quatro,B,7,251,0,0.4384977852651103,0
rf,bis_quatro__B,bis_quatro,B,7,251,0,0.39037749612980804,0
rf,bis_quatro__B,bis_quatro,B,7,251,0,0.43205963953207543,0
rf,bis_quatro__B,bis_quatro,B,7,251,0,0.3725622475922295,0
rf,bis_quatro__B,bis_quatro,B,7,251,0,0.427765402906303,0
rf,bis_quatro__B,bis_quatro,B,7,251,0,0.38826815099235773,0
rf,bis_quatro__B,bis_quatro,B,7,251,0,0.6753155331680716,1
rf,bis_quatro__B,bis_quatro,B,7,251,0,0.5242236716462633,1
rf,bis_quatro__B,bis_quatro,B,7,251,1,0.3019369247102011,0
rf,bis_quatro__B,bis_quatro,B,7,251,1,0.3803733090988125,0
rf,bis_quatro__B,bis_quatro,B,7,251,1,0.5131082370849193,1
rf,bis_quatro__B,bis_quatro,B,7,251,1,0.314726560805228,0
rf,bis_quatro__B,bis_quatro,B,7,251,1,0.29810834056151775,0
rf,bis_quatro__B,bis_quatro,B,7,251,1,0.40674771954292893,0
rf,bis_quatro__B,bis_quatro,B,7,251,1,0.5008800283398653,1
rf,bis_quatro__B,bis_quatro,B,7,251,1,0.48284100664712853,0
rf,bis_quatro__B,bis_quatro,B,7,251,1,0.3574610496087826,0
rf,bis_quatro__B,bis_quatro,B,7,251,1,0.5383585955425666,1
rf,bis_quatro__B,bis_quatro,B,7,251,1,0.4456709592942633,0
rf,bis_quatro__B,bis_quatro,B,7,251,1,0.4595039850057914,0
rf,bis_quatro__B,bis_quatro,B,7,251,1,0.4874096408464376,0
rf,bis_quatro__B,bis_quatro,B,8,282,0,0.4909680207446218,0
rf,bis_quatro__B,bis_quatro,B,8,282,0,0.38086687333442504,0
rf,bis_quatro__B,bis_quatro,B,8,282,0,0.4327601623132475,0
rf,bis_quatro__B,bis_quatro,B,8,282,0,0.5753284579796836,1
rf,bis_quatro__B,bis_quatro,B,8,282,0,0.5449515522133017,1
rf,bis_quatro__B,bis_quatro,B,8,282,0,0.561181397583903,1
rf,bis_quatro__B,bis_quatro,B,8,282,0,0.48513409433735327,0
rf,bis_quatro__B,bis_quatro,B,8,282,0,0.5816820116235344,1
rf,bis_quatro__B,bis_quatro,B,8,282,0,0.6364777353082532,1
rf,bis_quatro__B,bis_quatro,B,8,282,0,0.5221708282517414,1
rf,bis_quatro__B,bis_quatro,B,8,282,0,0.49460416757222925,0
rf,bis_quatro__B,bis_quatro,B,8,282,0,0.6001469736739814,1
rf,bis_quatro__B,bis_quatro,B,8,282,0,0.4103807434226989,0
rf,bis_quatro__B,bis_quatro,B,8,282,0,0.3937946840971589,0
rf,bis_quatro__B,bis_quatro,B,8,282,1,0.548821293776831,1
rf,bis_quatro__B,bis_quatro,B,8,282,1,0.6108504591686659,1
rf,bis_quatro__B,bis_quatro,B,8,282,1,0.3974304406172061,0
rf,bis_quatro__B,bis_quatro,B,8,282,1,0.42106323740317037,0
rf,bis_quatro__B,bis_quatro,B,8,282,1,0.5736353353176056,1
rf,bis_quatro__B,bis_quatro,B,8,282,1,0.5987171886371006,1
rf,bis_quatro__B,bis_quatro,B,8,282,1,0.521152979547734,1
rf,bis_quatro__B,bis_quatro,B,8,282,1,0.4439216001520407,0
rf,bis_quatro__B,bis_quatro,B,8,282,1,0.48895538716902864,0
rf,bis_quatro__B,bis_quatro,B,8,282,1,0.5283815970437422,1
rf,bis_quatro__B,bis_quatro,B,8,282,1,0.36981802792665663,0
rf,bis_quatro__B,bis_quatro,B,9,210,0,0.4282774522995714,0
rf,bis_quatro__B,bis_quatro,B,9,210,0,0.4788990092397701,0
rf,bis_quatro__B,bis_quatro,B,9,210,0,0.46291636448339896,0
rf,bis_quatro__B,bis_quatro,B,9,210,0,0.5648966951032526,1
rf,bis_quatro__B,bis_quatro,B,9,210,0,0.3203507659404419,0
rf,bis_quatro__B,bis_quatro,B,9,210,0,0.3728557046849859,0
rf,bis_quatro__B,bis_quatro,B,9,210,0,0.5262962986529844,1
rf,bis_quatro__B,bis_quatro,B,9,210,0,0.7132327745768764,1
rf,bis_quatro__B,bis_quatro,B,9,210,0,0.5475928478274767,1
rf,bis_quatro__B,bis_quatro,B,9,210,0,0.6053531396394194,1
rf,bis_quatro__B,bis_quatro,B,9,210,0,0.4338282740449227,0
rf,bis_quatro__B,bis_quatro,B,9,210,0,0.42361546574776326,0
rf,bis_quatro__B,bis_quatro,B,9,210,0,0.6572583385308343,1
rf,bis_quatro__B,bis_quatro,B,9,210,0,0.525222188741651,1
rf,bis_quatro__B,bis_quatro,B,9,210,1,0.5234199198861368,1
rf,bis_quatro__B,bis_quatro,B,9,210,1,0.4994283414938683,0
rf,bis_quatro__B,bis_quatro,B,9,210,1,0.569649208274127,1
rf,bis_quatro__B,bis_quatro,B,9,210,1,0.5237682172403179,1
rf,bis_quatro__B,bis_quatro,B,9,210,1,0.47015308739799605,0
rf,bis_quatro__B,bis_quatro,B,9,210,1,0.39649781958302727,0
rf,bis_quatro__B,bis_quatro,B,9,210,1,0.4969673952448128,0
rf,bis_quatro__B,bis_quatro,B,9,210,1,0.34791094859142485,0
rf,bis_quatro__B,bis_quatro,B,9,210,1,0.4812161581825412,0
rf,bis_quatro__B,bis_quatro,B,9,210,1,0.5965185454723226,1
rf,bis_quatro__B,bis_quatro,B,9,210,1,0.5105616770628092,1
rf,bis_quatro__B,bis_quatro,B,10,265,0,0.5057283739516191,1
rf,bis_quatro__B,bis_quatro,B,10,265,0,0.5244525530006741,1
rf,bis_quatro__B,bis_quatro,B,10,265,0,0.5799607567292289,1
rf,bis_quatro__B,bis_quatro,B,10,265,0,0.510792052248385,1
rf,bis_quatro__B,bis_quatro,B,10,265,0,0.5315769026635305,1
rf,bis_quatro__B,bis_quatro,B,10,265,0,0.4205420263799157,0
rf,bis_quatro__B,bis_quatro,B,10,265,0,0.48875580310288064,0
rf,bis_quatro__B,bis_quatro,B,10,265,0,0.39804227226716143,0
rf,bis_quatro__B,bis_quatro,B,10,265,0,0.5029621266026624,1
rf,bis_quatro__B,bis_quatro,B,10,265,0,0.5585754105307137,1
rf,bis_quatro__B,bis_quatro,B,10,265,0,0.5114886711369051,1
rf,bis_quatro__B,bis_quatro,B,10,265,0,0.46167361240703464,0
rf,bis_quatro__B,bis_quatro,B,10,265,0,0.477601307643808,0
rf,bis_quatro__B,bis_quatro,B,10,265,1,0.6027489744148455,1
rf,bis_quatro__B,bis_quatro,B,10,265,1,0.46574638644731325,0
rf,bis_quatro__B,bis_quatro,B,10,265,1,0.6163727081386965,1
rf,bis_quatro__B,bis_quatro,B,10,265,1,0.6043190355794352,1
rf,bis_quatro__B,bis_quatro,B,10,265,1,0.4454473586278949,0
rf,bis_quatro__B,bis_quatro,B,10,265,1,0.6835410050285894,1
rf,bis_quatro__B,bis_quatro,B,10,265,1,0.49401244071277495,0
rf,bis_quatro__B,bis_quatro,B,10,265,1,0.6394212512015651,1
rf,bis_quatro__B,bis_quatro,B,10,265,1,0.5638281667589523,1
rf,bis_quatro__B,bis_quatro,B,10,265,1,0.4274374392524976,0
rf,bis_quatro__B,bis_quatro,B,10,265,1,0.6032369950858096,1
rf,bis_quatro__C,bis_quatro,C,1,249,0,0.09063236335783412,0
rf,bis_quatro__C,bis_quatro,C,1,249,0,0.6032472445771351,1
rf,bis_quatro__C,bis_quatro,C,1,249,0,0.9296449424115291,1
rf,bis_quatro__C,bis_quatro,C,1,249,0,0.1418353999480311,0
rf,bis_quatro__C,bis_quatro,C,1,249,0,0.14928950221552512,0
rf,bis_quatro__C,bis_quatro,C,1,249,0,0.7456521634452382,1
rf,bis_quatro__C,bis_quatro,C,1,249,0,0.1503948334606542,0
rf,bis_quatro__C,bis_quatro,C,1,249,0,0.13365248969209412,0
rf,bis_quatro__C,bis_quatro,C,1,249,0,0.09435845134404448,0
rf,bis_quatro__C,bis_quatro,C,1,249,0,0.1146490110215869,0
rf,bis_quatro__C,bis_quatro,C,1,249,0,0.018933979673107535,0
rf,bis_quatro__C,bis_quatro,C,1,249,0,0.19291424832559728,0
rf,bis_quatro__C,bis_quatro,C,1,249,0,0.8177176705481146,1
rf,bis_quatro__C,bis_quatro,C,1,249,0,0.5521319294180581,1
rf,bis_quatro__C,bis_quatro,C,1,249,0,0.1132486198848132,0
rf,bis_quatro__C,bis_quatro,C,1,249,1,0.6427996987484318,1
rf,bis_quatro__C,bis_quatro,C,1,249,1,0.36427028135808287,0
rf,bis_quatro__C,bis_quatro,C,1,249,1,0.6061134889935534,1
rf,bis_quatro__C,bis_quatro,C,1,249,1,0.7673519373165543,1
rf,bis_quatro__C,bis_quatro,C,1,249,1,0.7564174315731814,1
rf,bis_quatro__C,bis_quatro,C,1,249,1,0.4485348973431411,0
rf,bis_quatro__C,bis_quatro,C,1,249,1,0.6781528845517861,1
rf,bis_quatro__C,bis_quatro,C,1,249,1,0.3876119536321723,0
rf,bis_quatro__C,bis_quatro,C,1,249,1,0.6107655127343468,1
rf,bis_quatro__C,bis_quatro,C,1,249,1,0.4718355964928842,0
rf,bis_quatro__C,bis_quatro,C,1,249,1,0.4154341113041099,0
rf,bis_quatro__C,bis_quatro,C,1,249,1,0.5817646202153695,1
rf,bis_quatro__C,bis_quatro,C,1,249,1,0.6362995694430729,1
rf,bis_quatro__C,bis_quatro,C,1,249,1,0.31489131926188335,0
rf,bis_quatro__C,bis_quatro,C,1,249,1,0.6751456566544046,1
rf,bis_quatro__C,bis_quatro,C,1,249,1,0.34614721419266986,0
rf,bis_quatro__C,bis_quatro,C,1,249,1,0.6403824659491484,1
rf,bis_quatro__C,bis_quatro,C,2,219,0,0.5411170906187965,1
rf,bis_quatro__C,bis_quatro,C,2,219,0,0.5355188924911922,1
rf,bis_quatro__C,bis_quatro,C,2,219,0,0.6982639873379718,1
rf,bis_quatro__C,bis_quatro,C,2,219,0,0.6766687881415416,1
rf,bis_quatro__C,bis_quatro,C,2,219,0,0.7026157385084782,1
rf,bis_quatro__C,bis_quatro,C,2,219,0,0.6864030898856341,1
rf,bis_quatro__C,bis_quatro,C,2,219,0,0.4463937736471653,0
rf,bis_quatro__C,bis_quatro,C,2,219,0,0.25076514357658186,0
rf,bis_quatro__C,bis_quatro,C,2,219,0,0.700801007926117,1
rf,bis_quatro__C,bis_quatro,C,2,219,0,0.2177726150740893,0
rf,bis_quatro__C,bis_quatro,C,2,219,0,0.18309423354529877,0
rf,bis_quatro__C,bis_quatro,C,2,219,0,0.5481819604211683,1
rf,bis_quatro__C,bis_quatro,C,2,219,0,0.16062255875831052,0
rf,bis_quatro__C,bis_quatro,C,2,219,0,0.3589356296904417,0
rf,bis_quatro__C,bis_quatro,C,2,219,1,0.30902322978804153,0
rf,bis_quatro__C,bis_quatro,C,2,219,1,0.4508973950020468,0
rf,bis_quatro__C,bis_quatro,C,2,219,1,0.45667979985581786,0
rf,bis_quatro__C,bis_quatro,C,2,219,1,0.503621458025699,1
rf,bis_quatro__C,bis_quatro,C,2,219,1,0.40409781940515077,0
rf,bis_quatro__C,bis_quatro,C,2,219,1,0.26307434782285405,0
rf,bis_quatro__C,bis_quatro,C,2,219,1,0.3335504035773571,0
rf,bis_quatro__C,bis_quatro,C,2,219,1,0.5436274795749102,1
rf,bis_quatro__C,bis_quatro,C,2,219,1,0.494106333055462,0
rf,bis_quatro__C,bis_quatro,C,2,219,1,0.4972928086687544,0
rf,bis_quatro__C,bis_quatro,C,2,219,1,0.28070805284239086,0
rf,bis_quatro__C,bis_quatro,C,2,219,1,0.2782668786495367,0
rf,bis_quatro__C,bis_quatro,C,2,219,1,0.5395077412244592,1
rf,bis_quatro__C,bis_quatro,C,2,219,1,0.3880728389066729,0
rf,bis_quatro__C,bis_quatro,C,2,219,1,0.3562377571411167,0
rf,bis_quatro__C,bis_quatro,C,2,219,1,0.46775581846568093,0
rf,bis_quatro__C,bis_quatro,C,3,313,0,0.5177590687430542,1
rf,bis_quatro__C,bis_quatro,C,3,313,0,0.6366794472723898,1
rf,bis_quatro__C,bis_quatro,C,3,313,0,0.5841873625568279,1
rf,bis_quatro__C,bis_quatro,C,3,313,0,0.6439622390968697,1
rf,bis_quatro__C,bis_quatro,C,3,313,0,0.6371721228075772,1
rf,bis_quatro__C,bis_quatro,C,3,313,0,0.696252792351827,1
rf,bis_quatro__C,bis_quatro,C,3,313,0,0.5876633366042391,1
rf,bis_quatro__C,bis_quatro,C,3,313,0,0.7246002855897588,1
rf,bis_quatro__C,bis_quatro,C,3,313,0,0.587570943048479,1
rf,bis_quatro__C,bis_quatro,C,3,313,0,0.6293009163005516,1
rf,bis_quatro__C,bis_quatro,C,3,313,0,0.6045222094841914,1
rf,bis_quatro__C,bis_quatro,C,3,313,0,0.5519479152921493,1
rf,bis_quatro__C,bis_quatro,C,3,313,0,0.5992590391568702,1
rf,bis_quatro__C,bis_quatro,C,3,313,0,0.7322699048019904,1
rf,bis_quatro__C,bis_quatro,C,3,313,0,0.5841578408322915,1
rf,bis_quatro__C,bis_quatro,C,3,313,1,0.6881076618817229,1
rf,bis_quatro__C,bis_quatro,C,3,313,1,0.7200004445015717,1
rf,bis_quatro__C,bis_quatro,C,3,313,1,0.43945929784936427,0
rf,bis_quatro__C,bis_quatro,C,3,313,1,0.5386252580709667,1
rf,bis_quatro__C,bis_quatro,C,3,313,1,0.8022929696083888,1
rf,bis_quatro__C,bis_quatro,C,3,313,1,0.6566405664735078,1
rf,bis_quatro__C,bis_quatro,C,3,313,1,0.6649147723408503,1
rf,bis_quatro__C,bis_quatro,C,3,313,1,0.7726290285961412,1
rf,bis_quatro__C,bis_quatro,C,3,313,1,0.6603374183990224,1
rf,bis_quatro__C,bis_quatro,C,3,313,1,0.6548656595879607,1
rf,bis_quatro__C,bis_quatro,C,3,313,1,0.5916472598580742,1
rf,bis_quatro__C,bis_quatro,C,3,313,1,0.6219714759491479,1
rf,bis_quatro__C,bis_quatro,C,3,313,1,0.6071649355234489,1
rf,bis_quatro__C,bis_quatro,C,3,313,1,0.6816417544844259,1
rf,bis_quatro__C,bis_quatro,C,4,318,0,0.7027337082661087,1
rf,bis_quatro__C,bis_quatro,C,4,318,0,0.7240673716753168,1
rf,bis_quatro__C,bis_quatro,C,4,318,0,0.6692940153411462,1
rf,bis_quatro__C,bis_quatro,C,4,318,0,0.6389664711061402,1
rf,bis_quatro__C,bis_quatro,C,4,318,0,0.8004024269271668,1
rf,bis_quatro__C,bis_quatro,C,4,318,0,0.5708217836971451,1
rf,bis_quatro__C,bis_quatro,C,4,318,0,0.5894752308763356,1
rf,bis_quatro__C,bis_quatro,C,4,318,0,0.0315818546266067,0
rf,bis_quatro__C,bis_quatro,C,4,318,0,0.2570222808625163,0
rf,bis_quatro__C,bis_quatro,C,4,318,0,0.4905409412721313,0
rf,bis_quatro__C,bis_quatro,C,4,318,0,0.3528899029968698,0
rf,bis_quatro__C,bis_quatro,C,4,318,0,0.687507678726338,1
rf,bis_quatro__C,bis_quatro,C,4,318,0,0.2580918454144339,0
rf,bis_quatro__C,bis_quatro,C,4,318,0,0.4611661747870855,0
rf,bis_quatro__C,bis_quatro,C,4,318,1,0.3625752439012528,0
rf,bis_quatro__C,bis_quatro,C,4,318,1,0.6053298937369804,1
rf,bis_quatro__C,bis_quatro,C,4,318,1,0.3504749698330154,0
rf,bis_quatro__C,bis_quatro,C,4,318,1,0.4622479528909392,0
rf,bis_quatro__C,bis_quatro,C,4,318,1,0.6504543018267915,1
rf,bis_quatro__C,bis_quatro,C,4,318,1,0.5026409318015116,1
rf,bis_quatro__C,bis_quatro,C,4,318,1,0.6979706893927086,1
rf,bis_quatro__C,bis_quatro,C,4,318,1,0.38966472391332635,0
rf,bis_quatro__C,bis_quatro,C,4,318,1,0.8315893492940633,1
rf,bis_quatro__C,bis_quatro,C,4,318,1,0.7074091471460854,1
rf,bis_quatro__C,bis_quatro,C,4,318,1,0.5248631389057006,1
rf,bis_quatro__C,bis_quatro,C,4,318,1,0.5291016306829581,1
rf,bis_quatro__C,bis_quatro,C,4,318,1,0.43627031800189214,0
rf,bis_quatro__C,bis_quatro,C,4,318,1,0.5310565159646128,1
rf,bis_quatro__C,bis_quatro,C,5,300,0,0.4440971515118608,0
rf,bis_quatro__C,bis_quatro,C,5,300,0,0.32785156533852267,0
rf,bis_quatro__C,bis_quatro,C,5,300,0,0.43946616572512065,0
rf,bis_quatro__C,bis_quatro,C,5,300,0,0.49552054017121333,0
rf,bis_quatro__C,bis_quatro,C,5,300,0,0.41567044907470324,0
rf,bis_quatro__C,bis_quatro,C,5,300,0,0.44149371377107044,0
rf,bis_quatro__C,bis_quatro,C,5,300,0,0.4006442676874818,0
rf,bis_quatro__C,bis_quatro,C,5,300,0,0.4742499110637538,0
rf,bis_quatro__C,bis_quatro,C,5,300,0,0.4695431506580472,0
rf,bis_quatro__C,bis_quatro,C,5,300,0,0.43982127851697334,0
rf,bis_quatro__C,bis_quatro,C,5,300,0,0.4879238452278349,0
rf,bis_quatro__C,bis_quatro,C,5,300,0,0.3367263448388427,0
rf,bis_quatro__C,bis_quatro,C,5,300,0,0.4159740605186586,0
rf,bis_quatro__C,bis_quatro,C,5,300,0,0.3827881060799701,0
rf,bis_quatro__C,bis_quatro,C,5,300,1,0.40207552945669756,0
rf,bis_quatro__C,bis_quatro,C,5,300,1,0.4892579513078337,0
rf,bis_quatro__C,bis_quatro,C,5,300,1,0.35714475122599326,0
rf,bis_quatro__C,bis_quatro,C,5,300,1,0.43300541305403617,0
rf,bis_quatro__C,bis_quatro,C,5,300,1,0.41862178005454914,0
rf,bis_quatro__C,bis_quatro,C,5,300,1,0.45277698230036384,0
rf,bis_quatro__C,bis_quatro,C,5,300,1,0.4103118563703358,0
rf,bis_quatro__C,bis_quatro,C,5,300,1,0.40892456467022925,0
rf,bis_quatro__C,bis_quatro,C,5,300,1,0.4395745764149068,0
rf,bis_quatro__C,bis_quatro,C,5,300,1,0.45284792957610537,0
rf,bis_quatro__C,bis_quatro,C,5,300,1,0.40531531321454733,0
rf,bis_quatro__C,bis_quatro,C,5,300,1,0.40351609747514156,0
rf,bis_quatro__C,bis_quatro,C,5,300,1,0.4170168601386963,0
rf,bis_quatro__C,bis_quatro,C,5,300,1,0.4340126451219642,0
rf,bis_quatro__C,bis_quatro,C,6,271,0,0.6976342620756882,1
rf,bis_quatro__C,bis_quatro,C,6,271,0,0.21101249635333308,0
rf,bis_quatro__C,bis_quatro,C,6,271,0,0.3778545487802792,0
rf,bis_quatro__C,bis_quatro,C,6,271,0,0.5952757287625231,1
rf,bis_quatro__C,bis_quatro,C,6,271,0,0.8055153899903857,1
rf,bis_quatro__C,bis_quatro,C,6,271,0,0.7230261687743383,1
rf,bis_quatro__C,bis_quatro,C,6,271,0,0.5923199384600784,1
rf,bis_quatro__C,bis_quatro,C,6,271,0,0.16568971373456876,0
rf,bis_quatro__C,bis_quatro,C,6,271,0,0.13929564488705254,0
rf,bis_quatro__C,bis_quatro,C,6,271,0,0.6121648106350284,1
rf,bis_quatro__C,bis_quatro,C,6,271,0,0.4308318231689151,0
rf,bis_quatro__C,bis_quatro,C,6,271,0,0.29532171406164054,0
rf,bis_quatro__C,bis_quatro,C,6,271,0,0.22480347305433632,0
rf,bis_quatro__C,bis_quatro,C,6,271,0,0.3520160469351823,0
rf,bis_quatro__C,bis_quatro,C,6,271,1,0.6874942965828726,1
rf,bis_quatro__C,bis_quatro,C,6,271,1,0.6998179975562582,1
rf,bis_quatro__C,bis_quatro,C,6,271,1,0.6457462354766689,1
rf,bis_quatro__C,bis_quatro,C,6,271,1,0.8060102828379268,1
rf,bis_quatro__C,bis_quatro,C,6,271,1,0.5421306537900867,1
rf,bis_quatro__C,bis_quatro,C,6,271,1,0.6238843754429696,1
rf,bis_quatro__C,bis_quatro,C,6,271,1,0.6947427036313618,1
rf,bis_quatro__C,bis_quatro,C,6,271,1,0.5661281878230235,1
rf,bis_quatro__C,bis_quatro,C,6,271,1,0.771061101035047,1
rf,bis_quatro__C,bis_quatro,C,6,271,1,0.651254369865426,1
rf,bis_quatro__C,bis_quatro,C,6,271,1,0.6173686087627496,1
rf,bis_quatro__C,bis_quatro,C,6,271,1,0.596915978752859,1
rf,bis_quatro__C,bis_quatro,C,6,271,1,0.7377029137074667,1
rf,bis_quatro__C,bis_quatro,C,6,271,1,0.5728634419270299,1
rf,bis_quatro__C,bis_quatro,C,7,251,0,0.10754157420855563,0
rf,bis_quatro__C,bis_quatro,C,7,251,0,0.06336222757992824,0
rf,bis_quatro__C,bis_quatro,C,7,251,0,0.04616576030267327,0
rf,bis_quatro__C,bis_quatro,C,7,251,0,0.04928503833753382,0
rf,bis_quatro__C,bis_quatro,C,7,251,0,0.0673391547932796,0
rf,bis_quatro__C,bis_quatro,C,7,251,0,0.03918262869590882,0
rf,bis_quatro__C,bis_quatro,C,7,251,0,0.12572827959382413,0
rf,bis_quatro__C,bis_quatro,C,7,251,0,0.01632995164446739,0
rf,bis_quatro__C,bis_quatro,C,7,251,0,0.0560073724583103,0
rf,bis_quatro__C,bis_quatro,C,7,251,0,0.07659871225913385,0
rf,bis_quatro__C,bis_quatro,C,7,251,0,0.038729285201568674,0
rf,bis_quatro__C,bis_quatro,C,7,251,0,0.06080481410770199,0
rf,bis_quatro__C,bis_quatro,C,7,251,0,0.05801121782514349,0
rf,bis_quatro__C,bis_quatro,C,7,251,0,0.023449379382256268,0
rf,bis_quatro__C,bis_quatro,C,7,251,1,0.2593646503656175,0
rf,bis_quatro__C,bis_quatro,C,7,251,1,0.0940059713807475,0
rf,bis_quatro__C,bis_quatro,C,7,251,1,0.28030890078966175,0
rf,bis_quatro__C,bis_quatro,C,7,251,1,0.21249415456585904,0
rf,bis_quatro__C,bis_quatro,C,7,251,1,0.04902543610592077,0
rf,bis_quatro__C,bis_quatro,C,7,251,1,0.393006829779768,0
rf,bis_quatro__C,bis_quatro,C,7,251,1,0.11493562050220948,0
rf,bis_quatro__C,bis_quatro,C,7,251,1,0.36531344362777013,0
rf,bis_quatro__C,bis_quatro,C,7,251,1,0.24254737005742918,0
rf,bis_quatro__C,bis_quatro,C,7,251,1,0.11664493698001556,0
rf,bis_quatro__C,bis_quatro,C,7,251,1,0.13477826980249782,0
rf,bis_quatro__C,bis_quatro,C,7,251,1,0.20722985052701545,0
rf,bis_quatro__C,bis_quatro,C,7,251,1,0.30082127222471267,0
rf,bis_quatro__C,bis_quatro,C,8,282,0,0.05039952056960618,0
rf,bis_quatro__C,bis_quatro,C,8,282,0,0.0445333708686155,0
rf,bis_quatro__C,bis_quatro,C,8,282,0,0.05933677644889909,0
rf,bis_quatro__C,bis_quatro,C,8,282,0,0.05852042996955043,0
rf,bis_quatro__C,bis_quatro,C,8,282,0,0.03717650020443864,0
rf,bis_quatro__C,bis_quatro,C,8,282,0,0.022354849971120454,0
rf,bis_quatro__C,bis_quatro,C,8,282,0,0.03534194884446636,0
rf,bis_quatro__C,bis_quatro,C,8,282,0,0.03703579333141931,0
rf,bis_quatro__C,bis_quatro,C,8,282,0,0.09189129072365032,0
rf,bis_quatro__C,bis_quatro,C,8,282,0,0.061759847898816604,0
rf,bis_quatro__C,bis_quatro,C,8,282,0,0.11026867788744271,0
rf,bis_quatro__C,bis_quatro,C,8,282,0,0.06508558078942056,0
rf,bis_quatro__C,bis_quatro,C,8,282,0,0.050358354167240355,0
rf,bis_quatro__C,bis_quatro,C,8,282,0,0.06102127894034501,0
rf,bis_quatro__C,bis_quatro,C,8,282,1,0.7737443850084726,1
rf,bis_quatro__C,bis_quatro,C,8,282,1,0.7446533307866118,1
rf,bis_quatro__C,bis_quatro,C,8,282,1,0.5606020202502283,1
rf,bis_quatro__C,bis_quatro,C,8,282,1,0.5510622716283011,1
rf,bis_quatro__C,bis_quatro,C,8,282,1,0.7928927373991117,1
rf,bis_quatro__C,bis_quatro,C,8,282,1,0.7448504238377446,1
rf,bis_quatro__C,bis_quatro,C,8,282,1,0.29715371411376573,0
rf,bis_quatro__C,bis_quatro,C,8,282,1,0.7644285365765776,1
rf,bis_quatro__C,bis_quatro,C,8,282,1,0.7810806944064314,1
rf,bis_quatro__C,bis_quatro,C,8,282,1,0.6009470103104986,1
rf,bis_quatro__C,bis_quatro,C,8,282,1,0.5672271529346905,1
rf,bis_quatro__C,bis_quatro,C,9,210,0,0.09126173626318089,0
rf,bis_quatro__C,bis_quatro,C,9,210,0,0.35560310175472426,0
rf,bis_quatro__C,bis_quatro,C,9,210,0,0.5691737771061931,1
rf,bis_quatro__C,bis_quatro,C,9,210,0,0.5074234414890999,1
rf,bis_quatro__C,bis_quatro,C,9,210,0,0.29510318046731004,0
rf,bis_quatro__C,bis_quatro,C,9,210,0,0.606000460738942,1
rf,bis_quatro__C,bis_quatro,C,9,210,0,0.08277663774092632,0
rf,bis_quatro__C,bis_quatro,C,9,210,0,0.7529840472559939,1
rf,bis_quatro__C,bis_quatro,C,9,210,0,0.40863980790044935,0
rf,bis_quatro__C,bis_quatro,C,9,210,0,0.12957790595903768,0
rf,bis_quatro__C,bis_quatro,C,9,210,0,0.10390756939205417,0
rf,bis_quatro__C,bis_quatro,C,9,210,0,0.028968013886457863,0
rf,bis_quatro__C,bis_quatro,C,9,210,0,0.06650667783219193,0
rf,bis_quatro__C,bis_quatro,C,9,210,0,0.5204284384478199,1
rf,bis_quatro__C,bis_quatro,C,9,210,1,0.44333815124753967,0
rf,bis_quatro__C,bis_quatro,C,9,210,1,0.6242031703644918,1
rf,bis_quatro__C,bis_quatro,C,9,210,1,0.8243967793619185,1
rf,bis_quatro__C,bis_quatro,C,9,210,1,0.7237698061583088,1
rf,bis_quatro__C,bis_quatro,C,9,210,1,0.7702170889751863,1
rf,bis_quatro__C,bis_quatro,C,9,210,1,0.5265492191869309,1
rf,bis_quatro__C,bis_quatro,C,9,210,1,0.5531742441681988,1
rf,bis_quatro__C,bis_quatro,C,9,210,1,0.4864047658546953,0
rf,bis_quatro__C,bis_quatro,C,9,210,1,0.7313794929162656,1
rf,bis_quatro__C,bis_quatro,C,9,210,1,0.7200920922473166,1
rf,bis_quatro__C,bis_quatro,C,9,210,1,0.7371436449883565,1
rf,bis_quatro__C,bis_quatro,C,10,265,0,0.6698807694170749,1
rf,bis_quatro__C,bis_quatro,C,10,265,0,0.7808167105372499,1
rf,bis_quatro__C,bis_quatro,C,10,265,0,0.8071166353115781,1
rf,bis_quatro__C,bis_quatro,C,10,265,0,0.8008236653241997,1
rf,bis_quatro__C,bis_quatro,C,10,265,0,0.9458220462553448,1
rf,bis_quatro__C,bis_quatro,C,10,265,0,0.8774603612683396,1
rf,bis_quatro__C,bis_quatro,C,10,265,0,0.724397853799041,1
rf,bis_quatro__C,bis_quatro,C,10,265,0,0.8030873527796557,1
rf,bis_quatro__C,bis_quatro,C,10,265,0,0.6403473120111909,1
rf,bis_quatro__C,bis_quatro,C,10,265,0,0.8486027432901543,1
rf,bis_quatro__C,bis_quatro,C,10,265,0,0.8668543336642783,1
rf,bis_quatro__C,bis_quatro,C,10,265,0,0.5332068403694474,1
rf,bis_quatro__C,bis_quatro,C,10,265,0,0.8433358150891352,1
rf,bis_quatro__C,bis_quatro,C,10,265,1,0.7097695647085971,1
rf,bis_quatro__C,bis_quatro,C,10,265,1,0.4454387314012894,0
rf,bis_quatro__C,bis_quatro,C,10,265,1,0.8899645955709188,1
rf,bis_quatro__C,bis_quatro,C,10,265,1,0.8962006047741213,1
rf,bis_quatro__C,bis_quatro,C,10,265,1,0.8306364194100914,1
rf,bis_quatro__C,bis_quatro,C,10,265,1,0.6675302303910639,1
rf,bis_quatro__C,bis_quatro,C,10,265,1,0.808804728836728,1
rf,bis_quatro__C,bis_quatro,C,10,265,1,0.8771959773316916,1
rf,bis_quatro__C,bis_quatro,C,10,265,1,0.7642163519523656,1
rf,bis_quatro__C,bis_quatro,C,10,265,1,0.8485276034996454,1
rf,bis_quatro__C,bis_quatro,C,10,265,1,0.7461212814134791,1
svm,left_lateral__A,left_lateral,A,1,249,0,-1.5814465151960704,0
svm,left_lateral__A,left_lateral,A,1,249,0,-0.609752954972528,0
svm,left_lateral__A,left_lateral,A,1,249,0,0.3903961130717377,1
svm,left_lateral__A,left_lateral,A,1,249,0,-1.9902580850747214,0
svm,left_lateral__A,left_lateral,A,1,249,0,-2.8228458350880814,0
svm,left_lateral__A,left_lateral,A,1,249,0,1.7514868067539382,1
svm,left_lateral__A,left_lateral,A,1,249,0,-1.8235735644077309,0
svm,left_lateral__A,left_lateral,A,1,249,0,-2.0154185408621217,0
svm,left_lateral__A,left_lateral,A,1,249,0,-1.5808440284465703,0
svm,left_lateral__A,left_lateral,A,1,249,0,-2.1955165683831765,0
svm,left_lateral__A,left_lateral,A,1,249,0,-0.522610507187828,0
svm,left_lateral__A,left_lateral,A,1,249,0,0.3643866831161304,1
svm,left_lateral__A,left_lateral,A,1,249,0,-1.200650137864578,0
svm,left_lateral__A,left_lateral,A,1,249,0,0.7832850860124765,1
svm,left_lateral__A,left_lateral,A,1,249,0,-2.64066965798839,0
svm,left_lateral__A,left_lateral,A,1,249,1,-1.207924026738148,0
svm,left_lateral__A,left_lateral,A,1,249,1,-0.3993546561376107,0
svm,left_lateral__A,left_lateral,A,1,249,1,1.1333296489915554,1
svm,left_lateral__A,left_lateral,A,1,249,1,0.18088001785549324,1
svm,left_lateral__A,left_lateral,A,1,249,1,0.323417285111681,1
svm,left_lateral__A,left_lateral,A,1,249,1,-2.2802211382922266,0
svm,left_lateral__A,left_lateral,A,1,249,1,-2.5158350471557824,0
svm,left_lateral__A,left_lateral,A,1,249,1,-1.4482218587862192,0
svm,left_lateral__A,left_lateral,A,1,249,1,-0.16373326483418538,0
svm,left_lateral__A,left_lateral,A,1,249,1,-0.06784904592671381,0
svm,left_lateral__A,left_lateral,A,1,249,1,-2.3982176045095045,0
svm,left_lateral__A,left_lateral,A,1,249,1,-1.6316931188792196,0
svm,left_lateral__A,left_lateral,A,1,249,1,0.8817600675437305,1
svm,left_lateral__A,left_lateral,A,1,249,1,0.4827210992182174,1
svm,left_lateral__A,left_lateral,A,1,249,1,0.3659428864087815,1
svm,left_lateral__A,left_lateral,A,1,249,1,-0.030327123834943848,0
svm,left_lateral__A,left_lateral,A,1,249,1,0.7054847276118679,1
svm,left_lateral__A,left_lateral,A,2,219,0,2.319413553287288,1
svm,left_lateral__A,left_lateral,A,2,219,0,2.527335764261136,1
svm,left_lateral__A,left_lateral,A,2,219,0,3.331801754350818,1
svm,left_lateral__A,left_lateral,A,2,219,0,3.0805440436596685,1
svm,left_lateral__A,left_lateral,A,2,219,0,3.018207222746523,1
svm,left_lateral__A,left_lateral,A,2,219,0,2.0854058605091383,1
svm,left_lateral__A,left_lateral,A,2,219,0,2.1874878244920213,1
svm,left_lateral__A,left_lateral,A,2,219,0,-3.1576799177840114,0
svm,left_lateral__A,left_lateral,A,2,219,0,1.9007579686717666,1
svm,left_lateral__A,left_lateral,A,2,219,0,-1.5427092915846312,0
svm,left_lateral__A,left_lateral,A,2,219,0,1.0880390068132162,1
svm,left_lateral__A,left_lateral,A,2,219,0,1.216915854509691,1
svm,left_lateral__A,left_lateral,A,2,219,0,-2.402202732826143,0
svm,left_lateral__A,left_lateral,A,2,219,0,-0.03906614435038844,0
svm,left_lateral__A,left_lateral,A,2,219,1,2.398815158374103,1
svm,left_lateral__A,left_lateral,A,2,219,1,3.307955906336841,1
svm,left_lateral__A,left_lateral,A,2,219,1,2.8007304374498405,1
svm,left_lateral__A,left_lateral,A,2,219,1,3.9381511432853644,1
svm,left_lateral__A,left_lateral,A,2,219,1,3.317905684992863,1
svm,left_lateral__A,left_lateral,A,2,219,1,3.397466899088724,1
svm,left_lateral__A,left_lateral,A,2,219,1,4.8847575127450655,1
svm,left_lateral__A,left_lateral,A,2,219,1,3.8731492604063478,1
svm,left_lateral__A,left_lateral,A,2,219,1,4.42964404966082,1
svm,left_lateral__A,left_lateral,A,2,219,1,4.013537314305435,1
svm,left_lateral__A,left_lateral,A,2,219,1,3.639317830308511,1
svm,left_lateral__A,left_lateral,A,2,219,1,3.140184156947126,1
svm,left_lateral__A,left_lateral,A,2,219,1,3.997200037546418,1
svm,left_lateral__A,left_lateral,A,2,219,1,3.137784533481562,1
svm,left_lateral__A,left_lateral,A,2,219,1,2.120628195734125,1
svm,left_lateral__A,left_lateral,A,2,219,1,2.8366313608381803,1
svm,left_lateral__A,left_lateral,A,3,313,0,-0.10639739989247754,0
svm,left_lateral__A,left_lateral,A,3,313,0,0.6430671121940562,1
svm,left_lateral__A,left_lateral,A,3,313,0,-0.07965187043829403,0
svm,left_lateral__A,left_lateral,A,3,313,0,-0.6280054758819104,0
svm,left_lateral__A,left_lateral,A,3,313,0,-0.09986739679425416,0
svm,left_lateral__A,left_lateral,A,3,313,0,0.19823530560034697,1
svm,left_lateral__A,left_lateral,A,3,313,0,-0.5015612196308937,0
svm,left_lateral__A,left_lateral,A,3,313,0,0.030369311557442602,1
svm,left_lateral__A,left_lateral,A,3,313,0,-0.2640389112387107,0
svm,left_lateral__A,left_lateral,A,3,313,0,-0.42190798250032435,0
svm,left_lateral__A,left_lateral,A,3,313,0,-0.29168822310332776,0
svm,left_lateral__A,left_lateral,A,3,313,0,-0.08894655938452067,0
svm,left_lateral__A,left_lateral,A,3,313,0,0.18564793210993602,1
svm,left_lateral__A,left_lateral,A,3,313,0,-0.25896356133818876,0
svm,left_lateral__A,left_lateral,A,3,313,0,0.5245484089076201,1
svm,left_lateral__A,left_lateral,A,3,313,1,-0.17143955833193913,0
svm,left_lateral__A,left_lateral,A,3,313,1,0.3775504192976459,1
svm,left_lateral__A,left_lateral,A,3,313,1,0.2135655684725617,1
svm,left_lateral__A,left_lateral,A,3,313,1,0.19782356064858675,1
svm,left_lateral__A,left_lateral,A,3,313,1,0.05949479349273845,1
svm,left_lateral__A,left_lateral,A,3,313,1,0.2099017685192015,1
svm,left_lateral__A,left_lateral,A,3,313,1,0.6535031824045615,1
svm,left_lateral__A,left_lateral,A,3,313,1,0.8121955426342254,1
svm,left_lateral__A,left_lateral,A,3,313,1,0.40404559758935765,1
svm,left_lateral__A,left_lateral,A,3,313,1,0.23543305603754028,1
svm,left_lateral__A,left_lateral,A,3,313,1,0.21659456083671547,1
svm,left_lateral__A,left_lateral,A,3,313,1,0.0662448851019376,1
svm,left_lateral__A,left_lateral,A,3,313,1,0.045154996073358045,1
svm,left_lateral__A,left_lateral,A,3,313,1,0.41808144141724457,1
svm,left_lateral__A,left_lateral,A,4,318,0,0.3881847679999378,1
svm,left_lateral__A,left_lateral,A,4,318,0,1.3825848456327772,1
svm,left_lateral__A,left_lateral,A,4,318,0,-0.21517785122910776,0
svm,left_lateral__A,left_lateral,A,4,318,0,-0.12804950746532778,0
svm,left_lateral__A,left_lateral,A,4,318,0,2.084295471164132,1
svm,left_lateral__A,left_lateral,A,4,318,0,-0.7688132839612014,0
svm,left_lateral__A,left_lateral,A,4,318,0,-0.07258290150785068,0
svm,left_lateral__A,left_lateral,A,4,318,0,-5.252652116236263,0
svm,left_lateral__A,left_lateral,A,4,318,0,-0.4607043280532754,0
svm,left_lateral__A,left_lateral,A,4,318,0,0.11064170153183955,1
svm,left_lateral__A,left_lateral,A,4,318,0,-0.7013683355854643,0
svm,left_lateral__A,left_lateral,A,4,318,0,-1.2884246081986892,0
svm,left_lateral__A,left_lateral,A,4,318,0,-3.9071650425266005,0
svm,left_lateral__A,left_lateral,A,4,318,0,-1.225174201199842,0
svm,left_lateral__A,left_lateral,A,4,318,1,-0.09317754640313364,0
svm,left_lateral__A,left_lateral,A,4,318,1,-1.0539224726669052,0
svm,left_lateral__A,left_lateral,A,4,318,1,-0.5136258762791006,0
svm,left_lateral__A,left_lateral,A,4,318,1,-2.022154790887335,0
svm,left_lateral__A,left_lateral,A,4,318,1,-0.6634280001661428,0
svm,left_lateral__A,left_lateral,A,4,318,1,-1.1464666211750019,0
svm,left_lateral__A,left_lateral,A,4,318,1,-0.33449363173279106,0
svm,left_lateral__A,left_lateral,A,4,318,1,-0.7964396548923749,0
svm,left_lateral__A,left_lateral,A,4,318,1,0.08505616550626588,1
svm,left_lateral__A,left_lateral,A,4,318,1,-1.1720847639938587,0
svm,left_lateral__A,left_lateral,A,4,318,1,-0.8776836802134587,0
svm,left_lateral__A,left_lateral,A,4,318,1,-0.8183955289123976,0
svm,left_lateral__A,left_lateral,A,4,318,1,-0.8281419723510983,0
svm,left_lateral__A,left_lateral,A,4,318,1,-0.7480603965232082,0
svm,left_lateral__A,left_lateral,A,5,300,0,1.1579415750061317,1
svm,left_lateral__A,left_lateral,A,5,300,0,1.3903407976182196,1
svm,left_lateral__A,left_lateral,A,5,300,0,1.1888068596187198,1
svm,left_lateral__A,left_lateral,A,5,300,0,0.8475833647103038,1
svm,left_lateral__A,left_lateral,A,5,300,0,1.143064717050224,1
svm,left_lateral__A,left_lateral,A,5,300,0,1.218633494033249,1
svm,left_lateral__A,left_lateral,A,5,300,0,1.084842086109448,1
svm,left_lateral__A,left_lateral,A,5,300,0,1.192374676747439,1
svm,left_lateral__A,left_lateral,A,5,300,0,0.9552874938356352,1
svm,left_lateral__A,left_lateral,A,5,300,0,0.812624756481236,1
svm,left_lateral__A,left_lateral,A,5,300,0,0.6599150962390311,1
svm,left_lateral__A,left_lateral,A,5,300,0,0.7954220987426487,1
svm,left_lateral__A,left_lateral,A,5,300,0,0.8813495448220293,1
svm,left_lateral__A,left_lateral,A,5,300,0,0.8388324972592923,1
svm,left_lateral__A,left_lateral,A,5,300,1,0.76050797416385,1
svm,left_lateral__A,left_lateral,A,5,300,1,1.0751075252792632,1
svm,left_lateral__A,left_lateral,A,5,300,1,1.3519708628995137,1
svm,left_lateral__A,left_lateral,A,5,300,1,0.7923669844464444,1
svm,left_lateral__A,left_lateral,A,5,300,1,1.2730915418348143,1
svm,left_lateral__A,left_lateral,A,5,300,1,0.9350112400474905,1
svm,left_lateral__A,left_lateral,A,5,300,1,1.0500289760594406,1
svm,left_lateral__A,left_lateral,A,5,300,1,0.6364310224454987,1
svm,left_lateral__A,left_lateral,A,5,300,1,1.1332928951591654,1
svm,left_lateral__A,left_lateral,A,5,300,1,0.8783527117336131,1
svm,left_lateral__A,left_lateral,A,5,300,1,0.9650461452372266,1
svm,left_lateral__A,left_lateral,A,5,300,1,1.1892760049746687,1
svm,left_lateral__A,left_lateral,A,5,300,1,0.8581190934802098,1
svm,left_lateral__A,left_lateral,A,5,300,1,1.0277150329516096,1
svm,left_lateral__A,left_lateral,A,6,271,0,-0.2765967628556843,0
svm,left_lateral__A,left_lateral,A,6,271,0,-0.299829407443428,0
svm,left_lateral__A,left_lateral,A,6,271,0,-0.4540821784467115,0
svm,left_lateral__A,left_lateral,A,6,271,0,0.29981549451743417,1
svm,left_lateral__A,left_lateral,A,6,271,0,0.22192025720121902,1
svm,left_lateral__A,left_lateral,A,6,271,0,0.10628264692431025,1
svm,left_lateral__A,left_lateral,A,6,271,0,-0.4326273835476465,0
svm,left_lateral__A,left_lateral,A,6,271,0,-0.682921113979942,0
svm,left_lateral__A,left_lateral,A,6,271,0,-0.924751465131975,0
svm,left_lateral__A,left_lateral,A,6,271,0,-0.0884479391611799,0
svm,left_lateral__A,left_lateral,A,6,271,0,-0.22169226851046128,0
svm,left_lateral__A,left_lateral,A,6,271,0,-0.47182090678520583,0
svm,left_lateral__A,left_lateral,A,6,271,0,-0.8452170560847286,0
svm,left_lateral__A,left_lateral,A,6,271,0,-0.1753252664810955,0
svm,left_lateral__A,left_lateral,A,6,271,1,-0.44988058023777544,0
svm,left_lateral__A,left_lateral,A,6,271,1,0.42728555102720045,1
svm,left_lateral__A,left_lateral,A,6,271,1,-0.5393517629826126,0
svm,left_lateral__A,left_lateral,A,6,271,1,-0.010807679502017609,0
svm,left_lateral__A,left_lateral,A,6,271,1,-0.16742920892655652,0
svm,left_lateral__A,left_lateral,A,6,271,1,-0.4213624205802604,0
svm,left_lateral__A,left_lateral,A,6,271,1,0.2594774824868952,1
svm,left_lateral__A,left_lateral,A,6,271,1,-0.5496315591382847,0
svm,left_lateral__A,left_lateral,A,6,271,1,-0.07395123478024987,0
svm,left_lateral__A,left_lateral,A,6,271,1,-0.20253337243093267,0
svm,left_lateral__A,left_lateral,A,6,271,1,-0.5703522430223814,0
svm,left_lateral__A,left_lateral,A,6,271,1,0.12422365297305868,1
svm,left_lateral__A,left_lateral,A,6,271,1,0.17199424687005058,1
svm,left_lateral__A,left_lateral,A,6,271,1,0.024739906734212697,1
svm,left_lateral__A,left_lateral,A,7,251,0,-1.9221814269046087,0
svm,left_lateral__A,left_lateral,A,7,251,0,-0.905294330612731,0
svm,left_lateral__A,left_lateral,A,7,251,0,-1.0259451289698596,0
svm,left_lateral__A,left_lateral,A,7,251,0,-1.9069477397329622,0
svm,left_lateral__A,left_lateral,A,7,251,0,-1.0343600435044205,0
svm,left_lateral__A,left_lateral,A,7,251,0,-1.0868238977466964,0
svm,left_lateral__A,left_lateral,A,7,251,0,-1.2947669158921307,0
svm,left_lateral__A,left_lateral,A,7,251,0,-1.225137630985742,0
svm,left_lateral__A,left_lateral,A,7,251,0,-0.5690673657111582,0
svm,left_lateral__A,left_lateral,A,7,251,0,-0.7493384048504919,0
svm,left_lateral__A,left_lateral,A,7,251,0,-0.8185176964329689,0
svm,left_lateral__A,left_lateral,A,7,251,0,-0.5307778005536605,0
svm,left_lateral__A,left_lateral,A,7,251,0,-0.8876289997199776,0
svm,left_lateral__A,left_lateral,A,7,251,0,-0.8238615298296552,0
svm,left_lateral__A,left_lateral,A,7,251,1,-0.10549501702621339,0
svm,left_lateral__A,left_lateral,A,7,251,1,-1.302812377170544,0
svm,left_lateral__A,left_lateral,A,7,251,1,0.23030562934468812,1
svm,left_lateral__A,left_lateral,A,7,251,1,-1.6709256167929376,0
svm,left_lateral__A,left_lateral,A,7,251,1,-1.1406920068874264,0
svm,left_lateral__A,left_lateral,A,7,251,1,-1.5738235553327966,0
svm,left_lateral__A,left_lateral,A,7,251,1,-0.9736244806722929,0
svm,left_lateral__A,left_lateral,A,7,251,1,-3.078450616300493,0
svm,left_lateral__A,left_lateral,A,7,251,1,0.028320830739870295,1
svm,left_lateral__A,left_lateral,A,7,251,1,-0.7792500205884323,0
svm,left_lateral__A,left_lateral,A,7,251,1,-1.5527088534727658,0
svm,left_lateral__A,left_lateral,A,7,251,1,-1.4785414399649017,0
svm,left_lateral__A,left_lateral,A,7,251,1,0.7674968182234968,1
svm,left_lateral__A,left_lateral,A,8,282,0,-4.6930996419481446,0
svm,left_lateral__A,left_lateral,A,8,282,0,-1.9331632091274855,0
svm,left_lateral__A,left_lateral,A,8,282,0,-2.8284851014549446,0
svm,left_lateral__A,left_lateral,A,8,282,0,-1.3945938606500903,0
svm,left_lateral__A,left_lateral,A,8,282,0,-2.0089697256018937,0
svm,left_lateral__A,left_lateral,A,8,282,0,-1.4953389918236297,0
svm,left_lateral__A,left_lateral,A,8,282,0,-1.0432936583577401,0
svm,left_lateral__A,left_lateral,A,8,282,0,-2.6749613856848597,0
svm,left_lateral__A,left_lateral,A,8,282,0,-2.032064829820847,0
svm,left_lateral__A,left_lateral,A,8,282,0,-1.8246963260607316,0
svm,left_lateral__A,left_lateral,A,8,282,0,-1.2596496152525134,0
svm,left_lateral__A,left_lateral,A,8,282,0,-3.7208660800951066,0
svm,left_lateral__A,left_lateral,A,8,282,0,-0.6065680454246092,0
svm,left_lateral__A,left_lateral,A,8,282,0,-1.4378880389902449,0
svm,left_lateral__A,left_lateral,A,8,282,1,2.56983188601842,1
svm,left_lateral__A,left_lateral,A,8,282,1,2.8450791348286373,1
svm,left_lateral__A,left_lateral,A,8,282,1,1.7607195895487564,1
svm,left_lateral__A,left_lateral,A,8,282,1,3.084431316810196,1
svm,left_lateral__A,left_lateral,A,8,282,1,1.8840216197788493,1
svm,left_lateral__A,left_lateral,A,8,282,1,1.5149881529849125,1
svm,left_lateral__A,left_lateral,A,8,282,1,1.199159666749992,1
svm,left_lateral__A,left_lateral,A,8,282,1,3.055165472113913,1
svm,left_lateral__A,left_lateral,A,8,282,1,3.6557644173144723,1
svm,left_lateral__A,left_lateral,A,8,282,1,2.7686356180811345,1
svm,left_lateral__A,left_lateral,A,8,282,1,3.7693400576779226,1
svm,left_lateral__A,left_lateral,A,9,210,0,-1.4475153841362103,0
svm,left_lateral__A,left_lateral,A,9,210,0,-2.2517282630768207,0
svm,left_lateral__A,left_lateral,A,9,210,0,-1.0540493715748342,0
svm,left_lateral__A,left_lateral,A,9,210,0,-0.6202934418046697,0
svm,left_lateral__A,left_lateral,A,9,210,0,-1.402532079739203,0
svm,left_lateral__A,left_lateral,A,9,210,0,0.011861668427193939,1
svm,left_lateral__A,left_lateral,A,9,210,0,-0.9787547370363898,0
svm,left_lateral__A,left_lateral,A,9,210,0,0.9305921064925184,1
svm,left_lateral__A,left_lateral,A,9,210,0,-0.9817409184896706,0
svm,left_lateral__A,left_lateral,A,9,210,0,-1.4532297281996949,0
svm,left_lateral__A,left_lateral,A,9,210,0,-1.2900838146102986,0
svm,left_lateral__A,left_lateral,A,9,210,0,-3.7683893003185176,0
svm,left_lateral__A,left_lateral,A,9,210,0,-2.762954977013962,0
svm,left_lateral__A,left_lateral,A,9,210,0,-0.9868231107131182,0
svm,left_lateral__A,left_lateral,A,9,210,1,3.4559240015619324,1
svm,left_lateral__A,left_lateral,A,9,210,1,4.035371322519197,1
svm,left_lateral__A,left_lateral,A,9,210,1,2.9064671987378006,1
svm,left_lateral__A,left_lateral,A,9,210,1,3.4182091597953246,1
svm,left_lateral__A,left_lateral,A,9,210,1,2.8090192632813284,1
svm,left_lateral__A,left_lateral,A,9,210,1,1.5779597128648815,1
svm,left_lateral__A,left_lateral,A,9,210,1,1.8454626284212095,1
svm,left_lateral__A,left_lateral,A,9,210,1,1.9521529700732854,1
svm,left_lateral__A,left_lateral,A,9,210,1,2.80859365801642,1
svm,left_lateral__A,left_lateral,A,9,210,1,2.224631819181873,1
svm,left_lateral__A,left_lateral,A,9,210,1,2.3811356845423006,1
svm,left_lateral__A,left_lateral,A,10,265,0,-1.0479204742788233,0
svm,left_lateral__A,left_lateral,A,10,265,0,-0.42882505815430727,0
svm,left_lateral__A,left_lateral,A,10,265,0,0.1158318196949295,1
svm,left_lateral__A,left_lateral,A,10,265,0,-0.0014513885179239239,0
svm,left_lateral__A,left_lateral,A,10,265,0,0.3612722967251162,1
svm,left_lateral__A,left_lateral,A,10,265,0,-0.07717294700422705,0
svm,left_lateral__A,left_lateral,A,10,265,0,-0.16957381382681747,0
svm,left_lateral__A,left_lateral,A,10,265,0,0.27571002145392287,1
svm,left_lateral__A,left_lateral,A,10,265,0,-0.6109710931015232,0
svm,left_lateral__A,left_lateral,A,10,265,0,-0.07646978870786436,0
svm,left_lateral__A,left_lateral,A,10,265,0,-0.2714246485328101,0
svm,left_lateral__A,left_lateral,A,10,265,0,-0.2156823216396243,0
svm,left_lateral__A,left_lateral,A,10,265,0,-0.20224172681546182,0
svm,left_lateral__A,left_lateral,A,10,265,1,-0.667136218601323,0
svm,left_lateral__A,left_lateral,A,10,265,1,-0.153296697788178,0
svm,left_lateral__A,left_lateral,A,10,265,1,0.1470147688573904,1
svm,left_lateral__A,left_lateral,A,10,265,1,0.9626883007801003,1
svm,left_lateral__A,left_lateral,A,10,265,1,-0.3848043360940633,0
svm,left_lateral__A,left_lateral,A,10,265,1,-0.4356318925024891,0
svm,left_lateral__A,left_lateral,A,10,265,1,-0.673028817973649,0
svm,left_lateral__A,left_lateral,A,10,265,1,-0.1206158915429113,0
svm,left_lateral__A,left_lateral,A,10,265,1,0.9582737972354199,1
svm,left_lateral__A,left_lateral,A,10,265,1,0.43108433087863485,1
svm,left_lateral__A,left_lateral,A,10,265,1,-0.22693825753636065,0
svm,left_lateral__B,left_lateral,B,1,249,0,-0.28585738187806575,0
svm,left_lateral__B,left_lateral,B,1,249,0,-0.05331474367429023,0
svm,left_lateral__B,left_lateral,B,1,249,0,-0.29888423444005263,0
svm,left_lateral__B,left_lateral,B,1,249,0,0.3470611670956132,1
svm,left_lateral__B,left_lateral,B,1,249,0,1.6535545776967315,1
svm,left_lateral__B,left_lateral,B,1,249,0,0.44828561319813653,1
svm,left_lateral__B,left_lateral,B,1,249,0,-0.079789941804424,0
svm,left_lateral__B,left_lateral,B,1,249,0,-0.08748520008407235,0
svm,left_lateral__B,left_lateral,B,1,249,0,0.05040508067625149,1
svm,left_lateral__B,left_lateral,B,1,249,0,-1.1646471909786191,0
svm,left_lateral__B,left_lateral,B,1,249,0,-1.098305862671039,0
svm,left_lateral__B,left_lateral,B,1,249,0,1.1675358272262164,1
svm,left_lateral__B,left_lateral,B,1,249,0,-0.7435875632953103,0
svm,left_lateral__B,left_lateral,B,1,249,0,0.7913231719464091,1
svm,left_lateral__B,left_lateral,B,1,249,0,0.21620416036725848,1
svm,left_lateral__B,left_lateral,B,1,249,1,-0.4987605934813114,0
svm,left_lateral__B,left_lateral,B,1,249,1,0.07791829889591795,1
svm,left_lateral__B,left_lateral,B,1,249,1,-0.4864901276199337,0
svm,left_lateral__B,left_lateral,B,1,249,1,0.08639553274417738,1
svm,left_lateral__B,left_lateral,B,1,249,1,-0.44225446264570867,0
svm,left_lateral__B,left_lateral,B,1,249,1,-0.27266866431035075,0
svm,left_lateral__B,left_lateral,B,1,249,1,0.4937955045317748,1
svm,left_lateral__B,left_lateral,B,1,249,1,0.518720594527599,1
svm,left_lateral__B,left_lateral,B,1,249,1,-0.11382837180684502,0
svm,left_lateral__B,left_lateral,B,1,249,1,-0.4560014779374322,0
svm,left_lateral__B,left_lateral,B,1,249,1,1.2401010515885436,1
svm,left_lateral__B,left_lateral,B,1,249,1,-0.21534033115748596,0
svm,left_lateral__B,left_lateral,B,1,249,1,0.5193745798777223,1
svm,left_lateral__B,left_lateral,B,1,249,1,-1.1767247700521906,0
svm,left_lateral__B,left_lateral,B,1,249,1,0.14531714926936434,1
svm,left_lateral__B,left_lateral,B,1,249,1,0.43211187057229294,1
svm,left_lateral__B,left_lateral,B,1,249,1,0.22069740612933963,1
svm,left_lateral__B,left_lateral,B,2,219,0,0.6096262912423714,1
svm,left_lateral__B,left_lateral,B,2,219,0,0.43773328835589026,1
svm,left_lateral__B,left_lateral,B,2,219,0,-0.10290432552578477,0
svm,left_lateral__B,left_lateral,B,2,219,0,0.37118388647154166,1
svm,left_lateral__B,left_lateral,B,2,219,0,-0.1894576962090747,0
svm,left_lateral__B,left_lateral,B,2,219,0,0.7980257848026019,1
svm,left_lateral__B,left_lateral,B,2,219,0,-0.5888108859551722,0
svm,left_lateral__B,left_lateral,B,2,219,0,0.0799662588070007,1
svm,left_lateral__B,left_lateral,B,2,219,0,-0.6434847529219869,0
svm,left_lateral__B,left_lateral,B,2,219,0,0.7367419516195592,1
svm,left_lateral__B,left_lateral,B,2,219,0,1.465017077337162,1
svm,left_lateral__B,left_lateral,B,2,219,0,-1.2818700588947989,0
svm,left_lateral__B,left_lateral,B,2,219,0,0.41276592033342696,1
svm,left_lateral__B,left_lateral,B,2,219,0,-0.9068495670587109,0
svm,left_lateral__B,left_lateral,B,2,219,1,0.332023592654045,1
svm,left_lateral__B,left_lateral,B,2,219,1,1.0361343245933043,1
svm,left_lateral__B,left_lateral,B,2,219,1,0.5872034474776513,1
svm,left_lateral__B,left_lateral,B,2,219,1,-0.34196595950585795,0
svm,left_lateral__B,left_lateral,B,2,219,1,0.6390934912013556,1
svm,left_lateral__B,left_lateral,B,2,219,1,-0.5954421800164411,0
svm,left_lateral__B,left_lateral,B,2,219,1,0.515073468941259,1
svm,left_lateral__B,left_lateral,B,2,219,1,-0.6888441882489054,0
svm,left_lateral__B,left_lateral,B,2,219,1,-0.7378729564421769,0
svm,left_lateral__B,left_lateral,B,2,219,1,-0.5756155579524096,0
svm,left_lateral__B,left_lateral,B,2,219,1,-0.5122427072306563,0
svm,left_lateral__B,left_lateral,B,2,219,1,-0.8622469070065,0
svm,left_lateral__B,left_lateral,B,2,219,1,-0.6755697618292675,0
svm,left_lateral__B,left_lateral,B,2,219,1,-0.6551147677007385,0
svm,left_lateral__B,left_lateral,B,2,219,1,0.3735793158872758,1
svm,left_lateral__B,left_lateral,B,2,219,1,0.10070314717261764,1
svm,left_lateral__B,left_lateral,B,3,313,0,-0.3761770570757157,0
svm,left_lateral__B,left_lateral,B,3,313,0,-0.3340663721448808,0
svm,left_lateral__B,left_lateral,B,3,313,0,-0.5099909283494485,0
svm,left_lateral__B,left_lateral,B,3,313,0,0.41053528678783413,1
svm,left_lateral__B,left_lateral,B,3,313,0,0.49048335894364836,1
svm,left_lateral__B,left_lateral,B,3,313,0,1.1445179423989154,1
svm,left_lateral__B,left_lateral,B,3,313,0,0.9941974333267067,1
svm,left_lateral__B,left_lateral,B,3,313,0,0.48452234530399885,1
svm,left_lateral__B,left_lateral,B,3,313,0,0.9022731992695551,1
svm,left_lateral__B,left_lateral,B,3,313,0,-0.2716071318082275,0
svm,left_lateral__B,left_lateral,B,3,313,0,0.5287136076211724,1
svm,left_lateral__B,left_lateral,B,3,313,0,-0.2665558853862938,0
svm,left_lateral__B,left_lateral,B,3,313,0,0.07878673634634906,1
svm,left_lateral__B,left_lateral,B,3,313,0,0.20641977781614185,1
svm,left_lateral__B,left_lateral,B,3,313,0,-0.560405804930878,0
svm,left_lateral__B,left_lateral,B,3,313,1,0.6403442349375074,1
svm,left_lateral__B,left_lateral,B,3,313,1,-0.04018230751197285,0
svm,left_lateral__B,left_lateral,B,3,313,1,-0.42551748565836467,0
svm,left_lateral__B,left_lateral,B,3,313,1,-0.31825442779337054,0
svm,left_lateral__B,left_lateral,B,3,313,1,0.7645647426937375,1
svm,left_lateral__B,left_lateral,B,3,313,1,0.7223033700333016,1
svm,left_lateral__B,left_lateral,B,3,313,1,0.9112623879722078,1
svm,left_lateral__B,left_lateral,B,3,313,1,0.11387755039256361,1
svm,left_lateral__B,left_lateral,B,3,313,1,-0.9406875810939728,0
svm,left_lateral__B,left_lateral,B,3,313,1,0.5620673846360836,1
svm,left_lateral__B,left_lateral,B,3,313,1,0.04098099680056694,1
svm,left_lateral__B,left_lateral,B,3,313,1,0.8234890543918775,1
svm,left_lateral__B,left_lateral,B,3,313,1,0.8847329925001299,1
svm,left_lateral__B,left_lateral,B,3,313,1,0.546780218826847,1
svm,left_lateral__B,left_lateral,B,4,318,0,-0.004043918535939328,0
svm,left_lateral__B,left_lateral,B,4,318,0,-0.08249459650238689,0
svm,left_lateral__B,left_lateral,B,4,318,0,-0.7268408429698401,0
svm,left_lateral__B,left_lateral,B,4,318,0,-0.3122563701528407,0
svm,left_lateral__B,left_lateral,B,4,318,0,-0.8140121276271544,0
svm,left_lateral__B,left_lateral,B,4,318,0,-0.20546461280473705,0
svm,left_lateral__B,left_lateral,B,4,318,0,-1.0470176357952703,0
svm,left_lateral__B,left_lateral,B,4,318,0,0.0710071679558204,1
svm,left_lateral__B,left_lateral,B,4,318,0,-1.076544107488844,0
svm,left_lateral__B,left_lateral,B,4,318,0,-1.2298617085549133,0
svm,left_lateral__B,left_lateral,B,4,318,0,-0.32691512332200756,0
svm,left_lateral__B,left_lateral,B,4,318,0,-1.3325031226809838,0
svm,left_lateral__B,left_lateral,B,4,318,0,0.027210759858870004,1
svm,left_lateral__B,left_lateral,B,4,318,0,-0.034074340052098195,0
svm,left_lateral__B,left_lateral,B,4,318,1,-0.6146159679717169,0
svm,left_lateral__B,left_lateral,B,4,318,1,0.049667291994411,1
svm,left_lateral__B,left_lateral,B,4,318,1,-0.42874939777646515,0
svm,left_lateral__B,left_lateral,B,4,318,1,1.104384927782182,1
svm,left_lateral__B,left_lateral,B,4,318,1,-0.31972353027118783,0
svm,left_lateral__B,left_lateral,B,4,318,1,0.28336102352879666,1
svm,left_lateral__B,left_lateral,B,4,318,1,-0.07508666022606403,0
svm,left_lateral__B,left_lateral,B,4,318,1,-1.2040043247199919,0
svm,left_lateral__B,left_lateral,B,4,318,1,0.856197536905589,1
svm,left_lateral__B,left_lateral,B,4,318,1,0.2545280354899375,1
svm,left_lateral__B,left_lateral,B,4,318,1,-0.06421646012688531,0
svm,left_lateral__B,left_lateral,B,4,318,1,-0.2389504391004167,0
svm,left_lateral__B,left_lateral,B,4,318,1,-0.699197769223969,0
svm,left_lateral__B,left_lateral,B,4,318,1,-0.7577283721366215,0
svm,left_lateral__B,left_lateral,B,5,300,0,0.39097857406861214,1
svm,left_lateral__B,left_lateral,B,5,300,0,-0.11768594816935296,0
svm,left_lateral__B,left_lateral,B,5,300,0,-0.3841526933055991,0
svm,left_lateral__B,left_lateral,B,5,300,0,-0.29821216796072636,0
svm,left_lateral__B,left_lateral,B,5,300,0,0.08584679475664483,1
svm,left_lateral__B,left_lateral,B,5,300,0,0.048355436216315884,1
svm,left_lateral__B,left_lateral,B,5,300,0,-0.762434408769549,0
svm,left_lateral__B,left_lateral,B,5,300,0,-0.7035770538657692,0
svm,left_lateral__B,left_lateral,B,5,300,0,-0.327363940198401,0
svm,left_lateral__B,left_lateral,B,5,300,0,-0.37001573676053034,0
svm,left_lateral__B,left_lateral,B,5,300,0,0.21456479386513438,1
svm,left_lateral__B,left_lateral,B,5,300,0,0.27108368246575987,1
svm,left_lateral__B,left_lateral,B,5,300,0,-0.2498003648492183,0
svm,left_lateral__B,left_lateral,B,5,300,0,-0.8772800721839853,0
svm,left_lateral__B,left_lateral,B,5,300,1,-0.5106126840367897,0
svm,left_lateral__B,left_lateral,B,5,300,1,-1.0384227041865166,0
svm,left_lateral__B,left_lateral,B,5,300,1,-0.35133450972034264,0
svm,left_lateral__B,left_lateral,B,5,300,1,0.0326035428199912,1
svm,left_lateral__B,left_lateral,B,5,300,1,1.13867240021969,1
svm,left_lateral__B,left_lateral,B,5,300,1,-0.18088157659908244,0
svm,left_lateral__B,left_lateral,B,5,300,1,0.041555073577355384,1
svm,left_lateral__B,left_lateral,B,5,300,1,0.014239499211422008,1
svm,left_lateral__B,left_lateral,B,5,300,1,-0.15676576878001464,0
svm,left_lateral__B,left_lateral,B,5,300,1,-0.6877986233014421,0
svm,left_lateral__B,left_lateral,B,5,300,1,-0.2655254574079112,0
svm,left_lateral__B,left_lateral,B,5,300,1,-0.056522835852072906,0
svm,left_lateral__B,left_lateral,B,5,300,1,-0.030173701234892603,0
svm,left_lateral__B,left_lateral,B,5,300,1,-1.3196436002401781,0
svm,left_lateral__B,left_lateral,B,6,271,0,1.4917421672755242,1
svm,left_lateral__B,left_lateral,B,6,271,0,0.8750235713796968,1
svm,left_lateral__B,left_lateral,B,6,271,0,-0.6917225707241681,0
svm,left_lateral__B,left_lateral,B,6,271,0,0.3256349162015961,1
svm,left_lateral__B,left_lateral,B,6,271,0,-1.4485205238645869,0
svm,left_lateral__B,left_lateral,B,6,271,0,-0.695507792227777,0
svm,left_lateral__B,left_lateral,B,6,271,0,0.843052411794601,1
svm,left_lateral__B,left_lateral,B,6,271,0,0.26999432777970855,1
svm,left_lateral__B,left_lateral,B,6,271,0,0.20014197003543788,1
svm,left_lateral__B,left_lateral,B,6,271,0,-0.044825239462890965,0
svm,left_lateral__B,left_lateral,B,6,271,0,0.16229208401217465,1
svm,left_lateral__B,left_lateral,B,6,271,0,0.5607648485539769,1
svm,left_lateral__B,left_lateral,B,6,271,0,-0.22925481853870555,0
svm,left_lateral__B,left_lateral,B,6,271,0,-1.3188453618996718,0
svm,left_lateral__B,left_lateral,B,6,271,1,-1.0234525970879595,0
svm,left_lateral__B,left_lateral,B,6,271,1,-0.26761160145146623,0
svm,left_lateral__B,left_lateral,B,6,271,1,-0.28159030061198576,0
svm,left_lateral__B,left_lateral,B,6,271,1,-0.8266363379539918,0
svm,left_lateral__B,left_lateral,B,6,271,1,-1.2990491761571807,0
svm,left_lateral__B,left_lateral,B,6,271,1,-0.13535263145272514,0
svm,left_lateral__B,left_lateral,B,6,271,1,0.3493527045341682,1
svm,left_lateral__B,left_lateral,B,6,271,1,-0.08236888944023169,0
svm,left_lateral__B,left_lateral,B,6,271,1,0.36722063891424095,1
svm,left_lateral__B,left_lateral,B,6,271,1,0.36814306682792153,1
svm,left_lateral__B,left_lateral,B,6,271,1,-0.2537420636436114,0
svm,left_lateral__B,left_lateral,B,6,271,1,0.35089083410362565,1
svm,left_lateral__B,left_lateral,B,6,271,1,0.3731604027594517,1
svm,left_lateral__B,left_lateral,B,6,271,1,0.29516645551350673,1
svm,left_lateral__B,left_lateral,B,7,251,0,0.7492752091071184,1
svm,left_lateral__B,left_lateral,B,7,251,0,0.8789119300620516,1
svm,left_lateral__B,left_lateral,B,7,251,0,-1.5943765429769303,0
svm,left_lateral__B,left_lateral,B,7,251,0,-1.106100273897513,0
svm,left_lateral__B,left_lateral,B,7,251,0,0.3438757254869629,1
svm,left_lateral__B,left_lateral,B,7,251,0,-0.96545067386628,0
svm,left_lateral__B,left_lateral,B,7,251,0,-0.2797771922197889,0
svm,left_lateral__B,left_lateral,B,7,251,0,-0.2916032571081917,0
svm,left_lateral__B,left_lateral,B,7,251,0,1.405845305608761,1
svm,left_lateral__B,left_lateral,B,7,251,0,0.4072212811274285,1
svm,left_lateral__B,left_lateral,B,7,251,0,0.03054737084959247,1
svm,left_lateral__B,left_lateral,B,7,251,0,0.9632573546848315,1
svm,left_lateral__B,left_lateral,B,7,251,0,0.48362685608017997,1
svm,left_lateral__B,left_lateral,B,7,251,0,0.3855129346128152,1
svm,left_lateral__B,left_lateral,B,7,251,1,-0.23662801953509027,0
svm,left_lateral__B,left_lateral,B,7,251,1,-1.3265794347336353,0
svm,left_lateral__B,left_lateral,B,7,251,1,-2.239738272845128,0
svm,left_lateral__B,left_lateral,B,7,251,1,-0.17767201461334348,0
svm,left_lateral__B,left_lateral,B,7,251,1,-2.346321688875997,0
svm,left_lateral__B,left_lateral,B,7,251,1,-0.8687481009624582,0
svm,left_lateral__B,left_lateral,B,7,251,1,0.11119375144149157,1
svm,left_lateral__B,left_lateral,B,7,251,1,-2.544601934608096,0
svm,left_lateral__B,left_lateral,B,7,251,1,-0.15452221319234938,0
svm,left_lateral__B,left_lateral,B,7,251,1,0.7476489321420419,1
svm,left_lateral__B,left_lateral,B,7,251,1,-0.9150579198030957,0
svm,left_lateral__B,left_lateral,B,7,251,1,-0.9572765716516469,0
svm,left_lateral__B,left_lateral,B,7,251,1,-0.32135990822643845,0
svm,left_lateral__B,left_lateral,B,8,282,0,-0.32195705180712275,0
svm,left_lateral__B,left_lateral,B,8,282,0,0.1368972798980086,1
svm,left_lateral__B,left_lateral,B,8,282,0,-0.07469971801566044,0
svm,left_lateral__B,left_lateral,B,8,282,0,-0.6202404299716607,0
svm,left_lateral__B,left_lateral,B,8,282,0,-0.1845320090519127,0
svm,left_lateral__B,left_lateral,B,8,282,0,-0.3576879137977633,0
svm,left_lateral__B,left_lateral,B,8,282,0,-0.07070586848904592,0
svm,left_lateral__B,left_lateral,B,8,282,0,-0.3116349811327458,0
svm,left_lateral__B,left_lateral,B,8,282,0,-0.13320245878929493,0
svm,left_lateral__B,left_lateral,B,8,282,0,-0.3312592735060286,0
svm,left_lateral__B,left_lateral,B,8,282,0,0.2686088738503576,1
svm,left_lateral__B,left_lateral,B,8,282,0,-0.6005685203927237,0
svm,left_lateral__B,left_lateral,B,8,282,0,-0.311043701382709,0
svm,left_lateral__B,left_lateral,B,8,282,0,-0.5116840899008327,0
svm,left_lateral__B,left_lateral,B,8,282,1,0.587648977354257,1
svm,left_lateral__B,left_lateral,B,8,282,1,-0.37558518242534455,0
svm,left_lateral__B,left_lateral,B,8,282,1,-0.018323705122411216,0
svm,left_lateral__B,left_lateral,B,8,282,1,-0.1596940495237108,0
svm,left_lateral__B,left_lateral,B,8,282,1,-0.07767964960074669,0
svm,left_lateral__B,left_lateral,B,8,282,1,0.2135922883665281,1
svm,left_lateral__B,left_lateral,B,8,282,1,0.3780125691060232,1
svm,left_lateral__B,left_lateral,B,8,282,1,-0.24006932369885825,0
svm,left_lateral__B,left_lateral,B,8,282,1,-0.04803219619134791,0
svm,left_lateral__B,left_lateral,B,8,282,1,-0.40128424526200646,0
svm,left_lateral__B,left_lateral,B,8,282,1,-0.13009211267075482,0
svm,left_lateral__B,left_lateral,B,9,210,0,0.0216126081975258,1
svm,left_lateral__B,left_lateral,B,9,210,0,-0.5129712950262398,0
svm,left_lateral__B,left_lateral,B,9,210,0,-0.7691490390419534,0
svm,left_lateral__B,left_lateral,B,9,210,0,-0.03593031623745952,0
svm,left_lateral__B,left_lateral,B,9,210,0,-0.5267268847054163,0
svm,left_lateral__B,left_lateral,B,9,210,0,-0.7208326569405927,0
svm,left_lateral__B,left_lateral,B,9,210,0,0.5383359352035458,1
svm,left_lateral__B,left_lateral,B,9,210,0,-0.3109665009622286,0
svm,left_lateral__B,left_lateral,B,9,210,0,0.4648652701959372,1
svm,left_lateral__B,left_lateral,B,9,210,0,-0.640757855351084,0
svm,left_lateral__B,left_lateral,B,9,210,0,-0.3376342590274129,0
svm,left_lateral__B,left_lateral,B,9,210,0,0.27774673272404055,1
svm,left_lateral__B,left_lateral,B,9,210,0,0.5307315125240704,1
svm,left_lateral__B,left_lateral,B,9,210,0,-0.35485912840483264,0
svm,left_lateral__B,left_lateral,B,9,210,1,-0.3697160325755727,0
svm,left_lateral__B,left_lateral,B,9,210,1,0.24274027755894872,1
svm,left_lateral__B,left_lateral,B,9,210,1,-0.05487238439718862,0
svm,left_lateral__B,left_lateral,B,9,210,1,-0.7534009149537197,0
svm,left_lateral__B,left_lateral,B,9,210,1,-0.10364516312127298,0
svm,left_lateral__B,left_lateral,B,9,210,1,-0.4464337302505283,0
svm,left_lateral__B,left_lateral,B,9,210,1,-0.16740874613296558,0
svm,left_lateral__B,left_lateral,B,9,210,1,-0.5568913167629248,0
svm,left_lateral__B,left_lateral,B,9,210,1,-0.3552063584788568,0
svm,left_lateral__B,left_lateral,B,9,210,1,-0.07625136268951,0
svm,left_lateral__B,left_lateral,B,9,210,1,-0.4295873923576576,0
svm,left_lateral__B,left_lateral,B,10,265,0,-0.8159036330318528,0
svm,left_lateral__B,left_lateral,B,10,265,0,-0.6295823417849025,0
svm,left_lateral__B,left_lateral,B,10,265,0,-0.6191297188864793,0
svm,left_lateral__B,left_lateral,B,10,265,0,-0.6085484409537141,0
svm,left_lateral__B,left_lateral,B,10,265,0,-0.6930086258180153,0
svm,left_lateral__B,left_lateral,B,10,265,0,-0.7714231119969046,0
svm,left_lateral__B,left_lateral,B,10,265,0,-0.432265550065046,0
svm,left_lateral__B,left_lateral,B,10,265,0,-0.8824385047614987,0
svm,left_lateral__B,left_lateral,B,10,265,0,-0.43894427629969557,0
svm,left_lateral__B,left_lateral,B,10,265,0,-0.7293048873531867,0
svm,left_lateral__B,left_lateral,B,10,265,0,-0.7044506456499863,0
svm,left_lateral__B,left_lateral,B,10,265,0,-0.9513040914722011,0
svm,left_lateral__B,left_lateral,B,10,265,0,-0.6134480770203912,0
svm,left_lateral__B,left_lateral,B,10,265,1,-0.6134001183337506,0
svm,left_lateral__B,left_lateral,B,10,265,1,-0.957939284276508,0
svm,left_lateral__B,left_lateral,B,10,265,1,-0.6300915873313528,0
svm,left_lateral__B,left_lateral,B,10,265,1,-0.47292674214902,0
svm,left_lateral__B,left_lateral,B,10,265,1,-0.7148242612688234,0
svm,left_lateral__B,left_lateral,B,10,265,1,-0.47658860641992784,0
svm,left_lateral__B,left_lateral,B,10,265,1,-0.5819181937182575,0
svm,left_lateral__B,left_lateral,B,10,265,1,-0.4417923885351207,0
svm,left_lateral__B,left_lateral,B,10,265,1,-0.5433240111841388,0
svm,left_lateral__B,left_lateral,B,10,265,1,-0.5787325905434743,0
svm,left_lateral__B,left_lateral,B,10,265,1,-0.4116508483016311,0
svm,left_lateral__C,left_lateral,C,1,249,0,-0.5183634324847335,0
svm,left_lateral__C,left_lateral,C,1,249,0,-0.3204149223708344,0
svm,left_lateral__C,left_lateral,C,1,249,0,0.43178235431035317,1
svm,left_lateral__C,left_lateral,C,1,249,0,0.011621971413736942,1
svm,left_lateral__C,left_lateral,C,1,249,0,0.2631300544434926,1
svm,left_lateral__C,left_lateral,C,1,249,0,0.7165013977064867,1
svm,left_lateral__C,left_lateral,C,1,249,0,-0.024779201493584146,0
svm,left_lateral__C,left_lateral,C,1,249,0,0.13951641377282226,1
svm,left_lateral__C,left_lateral,C,1,249,0,0.3384110473242068,1
svm,left_lateral__C,left_lateral,C,1,249,0,-0.88033119837334,0
svm,left_lateral__C,left_lateral,C,1,249,0,-0.4941590706424635,0
svm,left_lateral__C,left_lateral,C,1,249,0,1.0143344025249563,1
svm,left_lateral__C,left_lateral,C,1,249,0,-0.5537509248622575,0
svm,left_lateral__C,left_lateral,C,1,249,0,1.0605713353118718,1
svm,left_lateral__C,left_lateral,C,1,249,0,-0.4880080017210404,0
svm,left_lateral__C,left_lateral,C,1,249,1,0.21976145430909289,1
svm,left_lateral__C,left_lateral,C,1,249,1,0.43102512505512913,1
svm,left_lateral__C,left_lateral,C,1,249,1,0.6907790572368508,1
svm,left_lateral__C,left_lateral,C,1,249,1,0.544598216160012,1
svm,left_lateral__C,left_lateral,C,1,249,1,0.7055635719845643,1
svm,left_lateral__C,left_lateral,C,1,249,1,-0.0509523411884335,0
svm,left_lateral__C,left_lateral,C,1,249,1,-0.025570159691980898,0
svm,left_lateral__C,left_lateral,C,1,249,1,0.23450777341437923,1
svm,left_lateral__C,left_lateral,C,1,249,1,0.46752305217672196,1
svm,left_lateral__C,left_lateral,C,1,249,1,0.27731364859659025,1
svm,left_lateral__C,left_lateral,C,1,249,1,0.19328546585430134,1
svm,left_lateral__C,left_lateral,C,1,249,1,-0.21721197644441048,0
svm,left_lateral__C,left_lateral,C,1,249,1,0.8941219721729419,1
svm,left_lateral__C,left_lateral,C,1,249,1,-0.05446629547053694,0
svm,left_lateral__C,left_lateral,C,1,249,1,0.5991862767019072,1
svm,left_lateral__C,left_lateral,C,1,249,1,1.063650011443107,1
svm,left_lateral__C,left_lateral,C,1,249,1,0.8062427059105288,1
svm,left_lateral__C,left_lateral,C,2,219,0,0.7845952645010335,1
svm,left_lateral__C,left_lateral,C,2,219,0,0.7931337668532185,1
svm,left_lateral__C,left_lateral,C,2,219,0,1.5976139239137916,1
svm,left_lateral__C,left_lateral,C,2,219,0,1.2472407528867742,1
svm,left_lateral__C,left_lateral,C,2,219,0,0.8985544049366652,1
svm,left_lateral__C,left_lateral,C,2,219,0,1.53849975884685,1
svm,left_lateral__C,left_lateral,C,2,219,0,0.10301433354456535,1
svm,left_lateral__C,left_lateral,C,2,219,0,-0.7792622502620797,0
svm,left_lateral__C,left_lateral,C,2,219,0,1.3048133025606052,1
svm,left_lateral__C,left_lateral,C,2,219,0,0.45717631354232624,1
svm,left_lateral__C,left_lateral,C,2,219,0,0.6724513333093342,1
svm,left_lateral__C,left_lateral,C,2,219,0,-0.35993022287534293,0
svm,left_lateral__C,left_lateral,C,2,219,0,-0.3128933248590682,0
svm,left_lateral__C,left_lateral,C,2,219,0,0.011914213236623887,1
svm,left_lateral__C,left_lateral,C,2,219,1,0.8525817650255453,1
svm,left_lateral__C,left_lateral,C,2,219,1,2.009887796369851,1
svm,left_lateral__C,left_lateral,C,2,219,1,1.5702731739399005,1
svm,left_lateral__C,left_lateral,C,2,219,1,1.4906767066589295,1
svm,left_lateral__C,left_lateral,C,2,219,1,1.7168652344908344,1
svm,left_lateral__C,left_lateral,C,2,219,1,0.8994542896871338,1
svm,left_lateral__C,left_lateral,C,2,219,1,1.2848057606711083,1
svm,left_lateral__C,left_lateral,C,2,219,1,1.0854605924938914,1
svm,left_lateral__C,left_lateral,C,2,219,1,0.9534032917691624,1
svm,left_lateral__C,left_lateral,C,2,219,1,0.7886588289114135,1
svm,left_lateral__C,left_lateral,C,2,219,1,0.7102813454581275,1
svm,left_lateral__C,left_lateral,C,2,219,1,1.0511662382622569,1
svm,left_lateral__C,left_lateral,C,2,219,1,0.5626615233578393,1
svm,left_lateral__C,left_lateral,C,2,219,1,0.5370964222795018,1
svm,left_lateral__C,left_lateral,C,2,219,1,1.3527157844034126,1
svm,left_lateral__C,left_lateral,C,2,219,1,1.5777994277091014,1
svm,left_lateral__C,left_lateral,C,3,313,0,-0.2100927928673377,0
svm,left_lateral__C,left_lateral,C,3,313,0,0.8088186452360269,1
svm,left_lateral__C,left_lateral,C,3,313,0,-0.3040233250143516,0
svm,left_lateral__C,left_lateral,C,3,313,0,-0.3355049208363471,0
svm,left_lateral__C,left_lateral,C,3,313,0,0.4915881602129333,1
svm,left_lateral__C,left_lateral,C,3,313,0,0.6297972298999259,1
svm,left_lateral__C,left_lateral,C,3,313,0,0.07765050549667621,1
svm,left_lateral__C,left_lateral,C,3,313,0,0.14684934043692002,1
svm,left_lateral__C,left_lateral,C,3,313,0,0.4049115233016436,1
svm,left_lateral__C,left_lateral,C,3,313,0,-0.9048560125321476,0
svm,left_lateral__C,left_lateral,C,3,313,0,-0.268029496870993,0
svm,left_lateral__C,left_lateral,C,3,313,0,0.03357007110013291,1
svm,left_lateral__C,left_lateral,C,3,313,0,-0.05627740255026312,0
svm,left_lateral__C,left_lateral,C,3,313,0,-0.09664582770311506,0
svm,left_lateral__C,left_lateral,C,3,313,0,0.3973612938038297,1
svm,left_lateral__C,left_lateral,C,3,313,1,0.6484207390627237,1
svm,left_lateral__C,left_lateral,C,3,313,1,0.18765395563423262,1
svm,left_lateral__C,left_lateral,C,3,313,1,-0.2528894298884331,0
svm,left_lateral__C,left_lateral,C,3,313,1,0.06244622966043081,1
svm,left_lateral__C,left_lateral,C,3,313,1,0.5331655781714248,1
svm,left_lateral__C,left_lateral,C,3,313,1,0.7632809744221525,1
svm,left_lateral__C,left_lateral,C,3,313,1,0.9928445085332409,1
svm,left_lateral__C,left_lateral,C,3,313,1,0.3978107318720697,1
svm,left_lateral__C,left_lateral,C,3,313,1,0.21525336414883636,1
svm,left_lateral__C,left_lateral,C,3,313,1,0.829180496510499,1
svm,left_lateral__C,left_lateral,C,3,313,1,0.36583593425424743,1
svm,left_lateral__C,left_lateral,C,3,313,1,0.48114811152257786,1
svm,left_lateral__C,left_lateral,C,3,313,1,1.023707541140118,1
svm,left_lateral__C,left_lateral,C,3,313,1,0.9040926283416839,1
svm,left_lateral__C,left_lateral,C,4,318,0,-0.13904602979817982,0
svm,left_lateral__C,left_lateral,C,4,318,0,-2.3449269365774206,0
svm,left_lateral__C,left_lateral,C,4,318,0,-0.8259927935711268,0
svm,left_lateral__C,left_lateral,C,4,318,0,0.10649071121466015,1
svm,left_lateral__C,left_lateral,C,4,318,0,-0.3667745781814634,0
svm,left_lateral__C,left_lateral,C,4,318,0,-1.3748196094332352,0
svm,left_lateral__C,left_lateral,C,4,318,0,-1.2973126399271495,0
svm,left_lateral__C,left_lateral,C,4,318,0,-1.5840852620414065,0
svm,left_lateral__C,left_lateral,C,4,318,0,-0.9169329660686335,0
svm,left_lateral__C,left_lateral,C,4,318,0,-1.0005423837361704,0
svm,left_lateral__C,left_lateral,C,4,318,0,-1.1199309053957516,0
svm,left_lateral__C,left_lateral,C,4,318,0,-1.3398427326305333,0
svm,left_lateral__C,left_lateral,C,4,318,0,-1.7052537386011368,0
svm,left_lateral__C,left_lateral,C,4,318,0,-1.2318783206142785,0
svm,left_lateral__C,left_lateral,C,4,318,1,-1.1918904454467596,0
svm,left_lateral__C,left_lateral,C,4,318,1,0.6007045601703324,1
svm,left_lateral__C,left_lateral,C,4,318,1,-0.31334498551382095,0
svm,left_lateral__C,left_lateral,C,4,318,1,0.7148875426605322,1
svm,left_lateral__C,left_lateral,C,4,318,1,0.044795625957191235,1
svm,left_lateral__C,left_lateral,C,4,318,1,-0.19803733538507318,0
svm,left_lateral__C,left_lateral,C,4,318,1,0.4564663139556041,1
svm,left_lateral__C,left_lateral,C,4,318,1,-1.4100260575089811,0
svm,left_lateral__C,left_lateral,C,4,318,1,0.5749671963001154,1
svm,left_lateral__C,left_lateral,C,4,318,1,0.6622089378811872,1
svm,left_lateral__C,left_lateral,C,4,318,1,0.33213503150356305,1
svm,left_lateral__C,left_lateral,C,4,318,1,0.3874778698800526,1
svm,left_lateral__C,left_lateral,C,4,318,1,-0.20349217192052416,0
svm,left_lateral__C,left_lateral,C,4,318,1,-0.1538210741264029,0
svm,left_lateral__C,left_lateral,C,5,300,0,1.6618202586454882,1
svm,left_lateral__C,left_lateral,C,5,300,0,1.3856625487757648,1
svm,left_lateral__C,left_lateral,C,5,300,0,1.3922229780259792,1
svm,left_lateral__C,left_lateral,C,5,300,0,0.8367919130256535,1
svm,left_lateral__C,left_lateral,C,5,300,0,2.2104509947229762,1
svm,left_lateral__C,left_lateral,C,5,300,0,1.2486968331140091,1
svm,left_lateral__C,left_lateral,C,5,300,0,1.694706883257917,1
svm,left_lateral__C,left_lateral,C,5,300,0,1.9343104552322488,1
svm,left_lateral__C,left_lateral,C,5,300,0,1.2601601587470026,1
svm,left_lateral__C,left_lateral,C,5,300,0,0.8214466538592585,1
svm,left_lateral__C,left_lateral,C,5,300,0,0.6678206607592972,1
svm,left_lateral__C,left_lateral,C,5,300,0,1.6190450985011062,1
svm,left_lateral__C,left_lateral,C,5,300,0,1.2884604777690734,1
svm,left_lateral__C,left_lateral,C,5,300,0,0.7644668914340297,1
svm,left_lateral__C,left_lateral,C,5,300,1,1.8838307674871069,1
svm,left_lateral__C,left_lateral,C,5,300,1,1.827587334592375,1
svm,left_lateral__C,left_lateral,C,5,300,1,1.8781403810891164,1
svm,left_lateral__C,left_lateral,C,5,300,1,2.521610320184062,1
svm,left_lateral__C,left_lateral,C,5,300,1,3.304935999993319,1
svm,left_lateral__C,left_lateral,C,5,300,1,1.49730945581886,1
svm,left_lateral__C,left_lateral,C,5,300,1,1.9892589837492918,1
svm,left_lateral__C,left_lateral,C,5,300,1,1.6977170830368533,1
svm,left_lateral__C,left_lateral,C,5,300,1,1.8356369422429961,1
svm,left_lateral__C,left_lateral,C,5,300,1,1.3132038422374994,1
svm,left_lateral__C,left_lateral,C,5,300,1,2.5567910170030186,1
svm,left_lateral__C,left_lateral,C,5,300,1,2.5630297818387775,1
svm,left_lateral__C,left_lateral,C,5,300,1,2.1750715856643255,1
svm,left_lateral__C,left_lateral,C,5,300,1,1.9589906562833268,1
svm,left_lateral__C,left_lateral,C,6,271,0,-0.3310098553499441,0
svm,left_lateral__C,left_lateral,C,6,271,0,-0.35267281275091955,0
svm,left_lateral__C,left_lateral,C,6,271,0,-1.4837976372304298,0
svm,left_lateral__C,left_lateral,C,6,271,0,-0.3392723951336163,0
svm,left_lateral__C,left_lateral,C,6,271,0,-1.4140938752192516,0
svm,left_lateral__C,left_lateral,C,6,271,0,-0.7725005379381025,0
svm,left_lateral__C,left_lateral,C,6,271,0,-0.9679456470250618,0
svm,left_lateral__C,left_lateral,C,6,271,0,-1.995265830376305,0
svm,left_lateral__C,left_lateral,C,6,271,0,-2.0193173808164837,0
svm,left_lateral__C,left_lateral,C,6,271,0,-0.23717126884887785,0
svm,left_lateral__C,left_lateral,C,6,271,0,-0.48634744571389676,0
svm,left_lateral__C,left_lateral,C,6,271,0,-0.5323334724662954,0
svm,left_lateral__C,left_lateral,C,6,271,0,-1.5890415167241767,0
svm,left_lateral__C,left_lateral,C,6,271,0,-1.4779742513707324,0
svm,left_lateral__C,left_lateral,C,6,271,1,-0.8073629563814078,0
svm,left_lateral__C,left_lateral,C,6,271,1,0.16224329411876992,1
svm,left_lateral__C,left_lateral,C,6,271,1,-0.9151287627560571,0
svm,left_lateral__C,left_lateral,C,6,271,1,-0.19666229786992995,0
svm,left_lateral__C,left_lateral,C,6,271,1,-0.8213853393747876,0
svm,left_lateral__C,left_lateral,C,6,271,1,-0.6533188638085918,0
svm,left_lateral__C,left_lateral,C,6,271,1,0.5688042672288556,1
svm,left_lateral__C,left_lateral,C,6,271,1,-0.12468843250006723,0
svm,left_lateral__C,left_lateral,C,6,271,1,0.5106180303735406,1
svm,left_lateral__C,left_lateral,C,6,271,1,-0.12208491017919387,0
svm,left_lateral__C,left_lateral,C,6,271,1,-1.0523182899141177,0
svm,left_lateral__C,left_lateral,C,6,271,1,0.8338497479695142,1
svm,left_lateral__C,left_lateral,C,6,271,1,0.4735606958250993,1
svm,left_lateral__C,left_lateral,C,6,271,1,0.4664995693495082,1
svm,left_lateral__C,left_lateral,C,7,251,0,-1.641686794593365,0
svm,left_lateral__C,left_lateral,C,7,251,0,-1.4073467161218247,0
svm,left_lateral__C,left_lateral,C,7,251,0,-2.0306272070544784,0
svm,left_lateral__C,left_lateral,C,7,251,0,-2.0213300760053268,0
svm,left_lateral__C,left_lateral,C,7,251,0,-1.5261901522752601,0
svm,left_lateral__C,left_lateral,C,7,251,0,-1.2195636635661,0
svm,left_lateral__C,left_lateral,C,7,251,0,-1.5083856715295512,0
svm,left_lateral__C,left_lateral,C,7,251,0,-2.0392248559651645,0
svm,left_lateral__C,left_lateral,C,7,251,0,-1.65320312597885,0
svm,left_lateral__C,left_lateral,C,7,251,0,-1.6640054785945126,0
svm,left_lateral__C,left_lateral,C,7,251,0,-1.7138303335059006,0
svm,left_lateral__C,left_lateral,C,7,251,0,-0.9631252461046877,0
svm,left_lateral__C,left_lateral,C,7,251,0,-0.9215045612841907,0
svm,left_lateral__C,left_lateral,C,7,251,0,-1.3983043745954702,0
svm,left_lateral__C,left_lateral,C,7,251,1,-1.034185660868004,0
svm,left_lateral__C,left_lateral,C,7,251,1,-1.3562059912781805,0
svm,left_lateral__C,left_lateral,C,7,251,1,-1.2689164318146777,0
svm,left_lateral__C,left_lateral,C,7,251,1,-1.2638931268953562,0
svm,left_lateral__C,left_lateral,C,7,251,1,-1.5213733183621099,0
svm,left_lateral__C,left_lateral,C,7,251,1,-0.6994330722809095,0
svm,left_lateral__C,left_lateral,C,7,251,1,-0.8113301259827082,0
svm,left_lateral__C,left_lateral,C,7,251,1,-1.40229221492427,0
svm,left_lateral__C,left_lateral,C,7,251,1,-0.5747898965036172,0
svm,left_lateral__C,left_lateral,C,7,251,1,-1.5074951805932941,0
svm,left_lateral__C,left_lateral,C,7,251,1,-1.3455329093213295,0
svm,left_lateral__C,left_lateral,C,7,251,1,-1.12289800326489,0
svm,left_lateral__C,left_lateral,C,7,251,1,0.16445356286170087,1
svm,left_lateral__C,left_lateral,C,8,282,0,-1.1475338844361294,0
svm,left_lateral__C,left_lateral,C,8,282,0,-0.8670229268035189,0
svm,left_lateral__C,left_lateral,C,8,282,0,-1.2464162345557337,0
svm,left_lateral__C,left_lateral,C,8,282,0,-1.4865620550907255,0
svm,left_lateral__C,left_lateral,C,8,282,0,-1.223347358950383,0
svm,left_lateral__C,left_lateral,C,8,282,0,-0.8263507528169703,0
svm,left_lateral__C,left_lateral,C,8,282,0,-0.7133623453277133,0
svm,left_lateral__C,left_lateral,C,8,282,0,-1.1844852200936686,0
svm,left_lateral__C,left_lateral,C,8,282,0,-1.073641681228713,0
svm,left_lateral__C,left_lateral,C,8,282,0,-0.8327495694700612,0
svm,left_lateral__C,left_lateral,C,8,282,0,0.03776464360768885,1
svm,left_lateral__C,left_lateral,C,8,282,0,-1.9111782382047904,0
svm,left_lateral__C,left_lateral,C,8,282,0,-0.6005859311439673,0
svm,left_lateral__C,left_lateral,C,8,282,0,-1.212628980464241,0
svm,left_lateral__C,left_lateral,C,8,282,1,1.355351829823158,1
svm,left_lateral__C,left_lateral,C,8,282,1,0.9893495428391302,1
svm,left_lateral__C,left_lateral,C,8,282,1,0.9927296270015592,1
svm,left_lateral__C,left_lateral,C,8,282,1,1.6664052457751708,1
svm,left_lateral__C,left_lateral,C,8,282,1,0.993897606700373,1
svm,left_lateral__C,left_lateral,C,8,282,1,0.46050230723951296,1
svm,left_lateral__C,left_lateral,C,8,282,1,0.2880958846994596,1
svm,left_lateral__C,left_lateral,C,8,282,1,0.7505045318302702,1
svm,left_lateral__C,left_lateral,C,8,282,1,1.1600879387070662,1
svm,left_lateral__C,left_lateral,C,8,282,1,0.4889585393485106,1
svm,left_lateral__C,left_lateral,C,8,282,1,1.319513051621121,1
svm,left_lateral__C,left_lateral,C,9,210,0,-0.40672773382270716,0
svm,left_lateral__C,left_lateral,C,9,210,0,-0.5652726584068597,0
svm,left_lateral__C,left_lateral,C,9,210,0,-0.7626291603793109,0
svm,left_lateral__C,left_lateral,C,9,210,0,0.0059665989007466474,1
svm,left_lateral__C,left_lateral,C,9,210,0,-1.1900148574621001,0
svm,left_lateral__C,left_lateral,C,9,210,0,-0.5349039627883382,0
svm,left_lateral__C,left_lateral,C,9,210,0,0.043534085444435114,1
svm,left_lateral__C,left_lateral,C,9,210,0,-0.31678175118232127,0
svm,left_lateral__C,left_lateral,C,9,210,0,-0.0010987733561193952,0
svm,left_lateral__C,left_lateral,C,9,210,0,-0.875790345141032,0
svm,left_lateral__C,left_lateral,C,9,210,0,-0.739459655749503,0
svm,left_lateral__C,left_lateral,C,9,210,0,-0.5981742028211492,0
svm,left_lateral__C,left_lateral,C,9,210,0,-0.5496244903496645,0
svm,left_lateral__C,left_lateral,C,9,210,0,-0.7746859631505962,0
svm,left_lateral__C,left_lateral,C,9,210,1,0.18361660107604977,1
svm,left_lateral__C,left_lateral,C,9,210,1,0.7332775578242221,1
svm,left_lateral__C,left_lateral,C,9,210,1,1.2779441674585856,1
svm,left_lateral__C,left_lateral,C,9,210,1,0.22503639227658684,1
svm,left_lateral__C,left_lateral,C,9,210,1,1.2827102135452129,1
svm,left_lateral__C,left_lateral,C,9,210,1,0.2514799440888699,1
svm,left_lateral__C,left_lateral,C,9,210,1,0.7516843869529481,1
svm,left_lateral__C,left_lateral,C,9,210,1,0.4254604913964333,1
svm,left_lateral__C,left_lateral,C,9,210,1,0.7261504596884454,1
svm,left_lateral__C,left_lateral,C,9,210,1,0.4299059996595726,1
svm,left_lateral__C,left_lateral,C,9,210,1,1.3790040221932052,1
svm,left_lateral__C,left_lateral,C,10,265,0,-0.6047353614876446,0
svm,left_lateral__C,left_lateral,C,10,265,0,-0.24322698862428993,0
svm,left_lateral__C,left_lateral,C,10,265,0,0.0282651730018066,1
svm,left_lateral__C,left_lateral,C,10,265,0,0.06401177477803782,1
svm,left_lateral__C,left_lateral,C,10,265,0,0.2011429681807634,1
svm,left_lateral__C,left_lateral,C,10,265,0,0.04834272941551621,1
svm,left_lateral__C,left_lateral,C,10,265,0,0.10149641712698512,1
svm,left_lateral__C,left_lateral,C,10,265,0,-0.04887543706804005,0
svm,left_lateral__C,left_lateral,C,10,265,0,-0.07095470081668455,0
svm,left_lateral__C,left_lateral,C,10,265,0,-0.17045160781099714,0
svm,left_lateral__C,left_lateral,C,10,265,0,-0.2418296596459113,0
svm,left_lateral__C,left_lateral,C,10,265,0,-0.49839185898951643,0
svm,left_lateral__C,left_lateral,C,10,265,0,-0.010658689648185277,0
svm,left_lateral__C,left_lateral,C,10,265,1,-0.0825369423787029,0
svm,left_lateral__C,left_lateral,C,10,265,1,-0.006392408900526376,0
svm,left_lateral__C,left_lateral,C,10,265,1,0.20807082850631728,1
svm,left_lateral__C,left_lateral,C,10,265,1,0.4728732622950483,1
svm,left_lateral__C,left_lateral,C,10,265,1,-0.2572266593979319,0
svm,left_lateral__C,left_lateral,C,10,265,1,-0.012254413290232512,0
svm,left_lateral__C,left_lateral,C,10,265,1,-0.0006658711309717631,0
svm,left_lateral__C,left_lateral,C,10,265,1,0.15305220611040704,1
svm,left_lateral__C,left_lateral,C,10,265,1,0.7412743464698246,1
svm,left_lateral__C,left_lateral,C,10,265,1,0.3101621419796189,1
svm,left_lateral__C,left_lateral,C,10,265,1,0.0852912144598775,1
svm,right_lateral__A,right_lateral,A,1,249,0,-0.1797790233382658,0
svm,right_lateral__A,right_lateral,A,1,249,0,0.2129783547156452,1
svm,right_lateral__A,right_lateral,A,1,249,0,0.08240638412960188,1
svm,right_lateral__A,right_lateral,A,1,249,0,-0.2635363637076724,0
svm,right_lateral__A,right_lateral,A,1,249,0,-0.6756922263487322,0
svm,right_lateral__A,right_lateral,A,1,249,0,-0.12611446756554934,0
svm,right_lateral__A,right_lateral,A,1,249,0,0.1235219178598137,1
svm,right_lateral__A,right_lateral,A,1,249,0,0.04828783372626089,1
svm,right_lateral__A,right_lateral,A,1,249,0,0.20989435221130237,1
svm,right_lateral__A,right_lateral,A,1,249,0,-0.1779355162525933,0
svm,right_lateral__A,right_lateral,A,1,249,0,-0.45171038883568215,0
svm,right_lateral__A,right_lateral,A,1,249,0,-0.10748180301035215,0
svm,right_lateral__A,right_lateral,A,1,249,0,0.12922696897485197,1
svm,right_lateral__A,right_lateral,A,1,249,0,0.2711430705355802,1
svm,right_lateral__A,right_lateral,A,1,249,0,-0.7434489119689628,0
svm,right_lateral__A,right_lateral,A,1,249,1,1.0355818368534955,1
svm,right_lateral__A,right_lateral,A,1,249,1,0.5712066868909276,1
svm,right_lateral__A,right_lateral,A,1,249,1,1.1254639132435273,1
svm,right_lateral__A,right_lateral,A,1,249,1,0.6957162853523782,1
svm,right_lateral__A,right_lateral,A,1,249,1,0.7491932960265992,1
svm,right_lateral__A,right_lateral,A,1,249,1,0.7099911090516657,1
svm,right_lateral__A,right_lateral,A,1,249,1,0.7878539173549941,1
svm,right_lateral__A,right_lateral,A,1,249,1,0.606673960050607,1
svm,right_lateral__A,right_lateral,A,1,249,1,0.8548315238819377,1
svm,right_lateral__A,right_lateral,A,1,249,1,0.9400213159981035,1
svm,right_lateral__A,right_lateral,A,1,249,1,0.8042163257799531,1
svm,right_lateral__A,right_lateral,A,1,249,1,0.7817638026174316,1
svm,right_lateral__A,right_lateral,A,1,249,1,0.7291614231317123,1
svm,right_lateral__A,right_lateral,A,1,249,1,0.23709753286999113,1
svm,right_lateral__A,right_lateral,A,1,249,1,0.8903357755343488,1
svm,right_lateral__A,right_lateral,A,1,249,1,0.6071843241170887,1
svm,right_lateral__A,right_lateral,A,1,249,1,0.8822319295442127,1
svm,right_lateral__A,right_lateral,A,2,219,0,0.734190086990157,1
svm,right_lateral__A,right_lateral,A,2,219,0,0.5811524544314239,1
svm,right_lateral__A,right_lateral,A,2,219,0,0.4867268086090681,1
svm,right_lateral__A,right_lateral,A,2,219,0,0.8372883067353853,1
svm,right_lateral__A,right_lateral,A,2,219,0,0.42409295581403356,1
svm,right_lateral__A,right_lateral,A,2,219,0,0.6355238118732809,1
svm,right_lateral__A,right_lateral,A,2,219,0,0.537418686567863,1
svm,right_lateral__A,right_lateral,A,2,219,0,-0.28136702429327404,0
svm,right_lateral__A,right_lateral,A,2,219,0,0.9150477202510632,1
svm,right_lateral__A,right_lateral,A,2,219,0,0.21324282611096929,1
svm,right_lateral__A,right_lateral,A,2,219,0,-0.02699613998191014,0
svm,right_lateral__A,right_lateral,A,2,219,0,0.1464774812054092,1
svm,right_lateral__A,right_lateral,A,2,219,0,-0.056604256441556144,0
svm,right_lateral__A,right_lateral,A,2,219,0,0.0914352323691236,1
svm,right_lateral__A,right_lateral,A,2,219,1,0.8171878086940934,1
svm,right_lateral__A,right_lateral,A,2,219,1,1.0021535654621578,1
svm,right_lateral__A,right_lateral,A,2,219,1,0.8507511475114073,1
svm,right_lateral__A,right_lateral,A,2,219,1,1.1287567539450647,1
svm,right_lateral__A,right_lateral,A,2,219,1,0.8959703124776668,1
svm,right_lateral__A,right_lateral,A,2,219,1,0.9613983103026968,1
svm,right_lateral__A,right_lateral,A,2,219,1,0.7376231795452748,1
svm,right_lateral__A,right_lateral,A,2,219,1,1.0627303211225605,1
svm,right_lateral__A,right_lateral,A,2,219,1,0.9228671592799933,1
svm,right_lateral__A,right_lateral,A,2,219,1,0.8662862590753688,1
svm,right_lateral__A,right_lateral,A,2,219,1,0.8197086351715437,1
svm,right_lateral__A,right_lateral,A,2,219,1,0.9660479936429052,1
svm,right_lateral__A,right_lateral,A,2,219,1,0.9486639276352338,1
svm,right_lateral__A,right_lateral,A,2,219,1,0.7028950037898707,1
svm,right_lateral__A,right_lateral,A,2,219,1,0.46923525759093504,1
svm,right_lateral__A,right_lateral,A,2,219,1,1.070569617950675,1
svm,right_lateral__A,right_lateral,A,3,313,0,-0.018657255062641376,0
svm,right_lateral__A,right_lateral,A,3,313,0,0.8905176170378748,1
svm,right_lateral__A,right_lateral,A,3,313,0,0.7540987074239678,1
svm,right_lateral__A,right_lateral,A,3,313,0,0.06074096248123739,1
svm,right_lateral__A,right_lateral,A,3,313,0,0.7653904667722711,1
svm,right_lateral__A,right_lateral,A,3,313,0,0.4615608770030142,1
svm,right_lateral__A,right_lateral,A,3,313,0,-0.1161114140999121,0
svm,right_lateral__A,right_lateral,A,3,313,0,0.3885921220829962,1
svm,right_lateral__A,right_lateral,A,3,313,0,0.03801344047680322,1
svm,right_lateral__A,right_lateral,A,3,313,0,0.96055226032458,1
svm,right_lateral__A,right_lateral,A,3,313,0,-0.13762436005437195,0
svm,right_lateral__A,right_lateral,A,3,313,0,0.03098201950231727,1
svm,right_lateral__A,right_lateral,A,3,313,0,0.5447066557947273,1
svm,right_lateral__A,right_lateral,A,3,313,0,0.2611565931142822,1
svm,right_lateral__A,right_lateral,A,3,313,0,0.6676269450648924,1
svm,right_lateral__A,right_lateral,A,3,313,1,0.20617939271733976,1
svm,right_lateral__A,right_lateral,A,3,313,1,0.6050007402538222,1
svm,right_lateral__A,right_lateral,A,3,313,1,0.5897126733385825,1
svm,right_lateral__A,right_lateral,A,3,313,1,0.5165862286437779,1
svm,right_lateral__A,right_lateral,A,3,313,1,0.42539434117247843,1
svm,right_lateral__A,right_lateral,A,3,313,1,0.4166639216650303,1
svm,right_lateral__A,right_lateral,A,3,313,1,0.5125846080206242,1
svm,right_lateral__A,right_lateral,A,3,313,1,0.6079022782345351,1
svm,right_lateral__A,right_lateral,A,3,313,1,0.9117155644432029,1
svm,right_lateral__A,right_lateral,A,3,313,1,0.5638050297618404,1
svm,right_lateral__A,right_lateral,A,3,313,1,-0.5047669612578679,0
svm,right_lateral__A,right_lateral,A,3,313,1,-0.17650999472594864,0
svm,right_lateral__A,right_lateral,A,3,313,1,0.3323783264252108,1
svm,right_lateral__A,right_lateral,A,3,313,1,0.48278879587705203,1
svm,right_lateral__A,right_lateral,A,4,318,0,0.3426228217520185,1
svm,right_lateral__A,right_lateral,A,4,318,0,-0.5958429432132262,0
svm,right_lateral__A,right_lateral,A,4,318,0,0.26745669371701275,1
svm,right_lateral__A,right_lateral,A,4,318,0,0.2949469755358253,1
svm,right_lateral__A,right_lateral,A,4,318,0,-0.03904637952765966,0
svm,right_lateral__A,right_lateral,A,4,318,0,-0.6405410910719642,0
svm,right_lateral__A,right_lateral,A,4,318,0,-0.3157666529215337,0
svm,right_lateral__A,right_lateral,A,4,318,0,-1.062740304546908,0
svm,right_lateral__A,right_lateral,A,4,318,0,-0.32080596909491566,0
svm,right_lateral__A,right_lateral,A,4,318,0,0.11436640130362108,1
svm,right_lateral__A,right_lateral,A,4,318,0,-0.9602105365005577,0
svm,right_lateral__A,right_lateral,A,4,318,0,0.028462473790564546,1
svm,right_lateral__A,right_lateral,A,4,318,0,-0.5226871542172526,0
svm,right_lateral__A,right_lateral,A,4,318,0,-0.5488985677920514,0
svm,right_lateral__A,right_lateral,A,4,318,1,-0.47765722375602016,0
svm,right_lateral__A,right_lateral,A,4,318,1,0.298697590893209,1
svm,right_lateral__A,right_lateral,A,4,318,1,-0.6743711445332573,0
svm,right_lateral__A,right_lateral,A,4,318,1,0.03029988451362553,1
svm,right_lateral__A,right_lateral,A,4,318,1,-0.24596111971874457,0
svm,right_lateral__A,right_lateral,A,4,318,1,0.019546591058303697,1
svm,right_lateral__A,right_lateral,A,4,318,1,0.0640489232425131,1
svm,right_lateral__A,right_lateral,A,4,318,1,0.1718462771516036,1
svm,right_lateral__A,right_lateral,A,4,318,1,0.685794951066006,1
svm,right_lateral__A,right_lateral,A,4,318,1,0.371460502413377,1
svm,right_lateral__A,right_lateral,A,4,318,1,0.41260110206562084,1
svm,right_lateral__A,right_lateral,A,4,318,1,-0.02768339848610446,0
svm,right_lateral__A,right_lateral,A,4,318,1,-0.06667672548903791,0
svm,right_lateral__A,right_lateral,A,4,318,1,-0.5686295558694988,0
svm,right_lateral__A,right_lateral,A,5,300,0,0.7246359132137055,1
svm,right_lateral__A,right_lateral,A,5,300,0,1.256658865153573,1
svm,right_lateral__A,right_lateral,A,5,300,0,0.8372870870116276,1
svm,right_lateral__A,right_lateral,A,5,300,0,1.3802948568315068,1
svm,right_lateral__A,right_lateral,A,5,300,0,0.9937467900866586,1
svm,right_lateral__A,right_lateral,A,5,300,0,0.9686549505802484,1
svm,right_lateral__A,right_lateral,A,5,300,0,1.1906414239801693,1
svm,right_lateral__A,right_lateral,A,5,300,0,1.366160669994229,1
svm,right_lateral__A,right_lateral,A,5,300,0,1.3062394053383501,1
svm,right_lateral__A,right_lateral,A,5,300,0,1.1182133508215322,1
svm,right_lateral__A,right_lateral,A,5,300,0,0.9854410823150062,1
svm,right_lateral__A,right_lateral,A,5,300,0,0.7484767722376289,1
svm,right_lateral__A,right_lateral,A,5,300,0,1.3201432615483648,1
svm,right_lateral__A,right_lateral,A,5,300,0,1.2561732332382909,1
svm,right_lateral__A,right_lateral,A,5,300,1,0.7052287250560763,1
svm,right_lateral__A,right_lateral,A,5,300,1,1.505107341025147,1
svm,right_lateral__A,right_lateral,A,5,300,1,1.161459613658193,1
svm,right_lateral__A,right_lateral,A,5,300,1,1.112975484318873,1
svm,right_lateral__A,right_lateral,A,5,300,1,1.1289793065735478,1
svm,right_lateral__A,right_lateral,A,5,300,1,1.0238565579952843,1
svm,right_lateral__A,right_lateral,A,5,300,1,1.0751022459999828,1
svm,right_lateral__A,right_lateral,A,5,300,1,0.7456129028336145,1
svm,right_lateral__A,right_lateral,A,5,300,1,1.1987535590087224,1
svm,right_lateral__A,right_lateral,A,5,300,1,1.2633875112008977,1
svm,right_lateral__A,right_lateral,A,5,300,1,1.4649449547692266,1
svm,right_lateral__A,right_lateral,A,5,300,1,1.4758704035370216,1
svm,right_lateral__A,right_lateral,A,5,300,1,1.097237191900153,1
svm,right_lateral__A,right_lateral,A,5,300,1,0.6842874228370193,1
svm,right_lateral__A,right_lateral,A,6,271,0,-0.09227963422659685,0
svm,right_lateral__A,right_lateral,A,6,271,0,-0.295873798323097,0
svm,right_lateral__A,right_lateral,A,6,271,0,-0.4320450179326658,0
svm,right_lateral__A,right_lateral,A,6,271,0,-0.32441478127084633,0
svm,right_lateral__A,right_lateral,A,6,271,0,0.0014491269145887609,1
svm,right_lateral__A,right_lateral,A,6,271,0,-0.06803887263178046,0
svm,right_lateral__A,right_lateral,A,6,271,0,-0.590423356840059,0
svm,right_lateral__A,right_lateral,A,6,271,0,-0.6363397142117765,0
svm,right_lateral__A,right_lateral,A,6,271,0,-0.7692933750321047,0
svm,right_lateral__A,right_lateral,A,6,271,0,-0.48887465072325154,0
svm,right_lateral__A,right_lateral,A,6,271,0,-0.3163496629653673,0
svm,right_lateral__A,right_lateral,A,6,271,0,-0.5122036533964143,0
svm,right_lateral__A,right_lateral,A,6,271,0,-0.7660747010632013,0
svm,right_lateral__A,right_lateral,A,6,271,0,-0.4458541837400901,0
svm,right_lateral__A,right_lateral,A,6,271,1,-0.3992679311564461,0
svm,right_lateral__A,right_lateral,A,6,271,1,0.2511960834142606,1
svm,right_lateral__A,right_lateral,A,6,271,1,-0.484995552075218,0
svm,right_lateral__A,right_lateral,A,6,271,1,-0.296068939755015,0
svm,right_lateral__A,right_lateral,A,6,271,1,-0.33723021057927904,0
svm,right_lateral__A,right_lateral,A,6,271,1,-0.5126995999471189,0
svm,right_lateral__A,right_lateral,A,6,271,1,-0.20607513574088582,0
svm,right_lateral__A,right_lateral,A,6,271,1,-0.5677878302262982,0
svm,right_lateral__A,right_lateral,A,6,271,1,0.22558210676346901,1
svm,right_lateral__A,right_lateral,A,6,271,1,-0.24479091264688882,0
svm,right_lateral__A,right_lateral,A,6,271,1,-0.33447172001391545,0
svm,right_lateral__A,right_lateral,A,6,271,1,-0.35867613587143443,0
svm,right_lateral__A,right_lateral,A,6,271,1,0.14893814404942318,1
svm,right_lateral__A,right_lateral,A,6,271,1,-0.3051415404881592,0
svm,right_lateral__A,right_lateral,A,7,251,0,-1.6920091132314838,0
svm,right_lateral__A,right_lateral,A,7,251,0,-2.174088478356543,0
svm,right_lateral__A,right_lateral,A,7,251,0,-2.4790125593642838,0
svm,right_lateral__A,right_lateral,A,7,251,0,-1.7161923331948081,0
svm,right_lateral__A,right_lateral,A,7,251,0,-2.0405935870163496,0
svm,right_lateral__A,right_lateral,A,7,251,0,-1.6359495795514616,0
svm,right_lateral__A,right_lateral,A,7,251,0,-1.4057339611666924,0
svm,right_lateral__A,right_lateral,A,7,251,0,-2.3314615278512507,0
svm,right_lateral__A,right_lateral,A,7,251,0,-2.2967925322383804,0
svm,right_lateral__A,right_lateral,A,7,251,0,-2.3651753240204325,0
svm,right_lateral__A,right_lateral,A,7,251,0,-2.405672986107801,0
svm,right_lateral__A,right_lateral,A,7,251,0,-2.14089087912909,0
svm,right_lateral__A,right_lateral,A,7,251,0,-2.537949629046391,0
svm,right_lateral__A,right_lateral,A,7,251,0,-2.357868407419172,0
svm,right_lateral__A,right_lateral,A,7,251,1,-1.2784208166625852,0
svm,right_lateral__A,right_lateral,A,7,251,1,-1.7747129755990354,0
svm,right_lateral__A,right_lateral,A,7,251,1,-1.7465369661028345,0
svm,right_lateral__A,right_lateral,A,7,251,1,-1.6854529620936676,0
svm,right_lateral__A,right_lateral,A,7,251,1,-2.1773126701733556,0
svm,right_lateral__A,right_lateral,A,7,251,1,-1.1460827749496607,0
svm,right_lateral__A,right_lateral,A,7,251,1,-2.3625203066977627,0
svm,right_lateral__A,right_lateral,A,7,251,1,-1.955108928499915,0
svm,right_lateral__A,right_lateral,A,7,251,1,-0.9337235229384953,0
svm,right_lateral__A,right_lateral,A,7,251,1,-1.9144951645362007,0
svm,right_lateral__A,right_lateral,A,7,251,1,-2.118390309284016,0
svm,right_lateral__A,right_lateral,A,7,251,1,-1.153747958869914,0
svm,right_lateral__A,right_lateral,A,7,251,1,-0.853141823509051,0
svm,right_lateral__A,right_lateral,A,8,282,0,-1.5129840562428143,0
svm,right_lateral__A,right_lateral,A,8,282,0,-1.1039791093647993,0
svm,right_lateral__A,right_lateral,A,8,282,0,-1.1875033082700515,0
svm,right_lateral__A,right_lateral,A,8,282,0,-1.0795455385982606,0
svm,right_lateral__A,right_lateral,A,8,282,0,-1.5904351196038191,0
svm,right_lateral__A,right_lateral,A,8,282,0,-1.070878397079784,0
svm,right_lateral__A,right_lateral,A,8,282,0,-1.0185109984554206,0
svm,right_lateral__A,right_lateral,A,8,282,0,-0.8737918109561668,0
svm,right_lateral__A,right_lateral,A,8,282,0,-0.6319800118634943,0
svm,right_lateral__A,right_lateral,A,8,282,0,-0.7353840768188983,0
svm,right_lateral__A,right_lateral,A,8,282,0,-1.0604105664180454,0
svm,right_lateral__A,right_lateral,A,8,282,0,-0.798259370911284,0
svm,right_lateral__A,right_lateral,A,8,282,0,-1.358065394363,0
svm,right_lateral__A,right_lateral,A,8,282,0,-0.8460676301454731,0
svm,right_lateral__A,right_lateral,A,8,282,1,-0.1335806584656668,0
svm,right_lateral__A,right_lateral,A,8,282,1,0.8663443323399596,1
svm,right_lateral__A,right_lateral,A,8,282,1,0.696758215987052,1
svm,right_lateral__A,right_lateral,A,8,282,1,0.5965134317734682,1
svm,right_lateral__A,right_lateral,A,8,282,1,1.1459474159309941,1
svm,right_lateral__A,right_lateral,A,8,282,1,0.4169863771049608,1
svm,right_lateral__A,right_lateral,A,8,282,1,-0.3806721337717732,0
svm,right_lateral__A,right_lateral,A,8,282,1,0.641787909589725,1
svm,right_lateral__A,right_lateral,A,8,282,1,0.5916581630142737,1
svm,right_lateral__A,right_lateral,A,8,282,1,0.927834460190688,1
svm,right_lateral__A,right_lateral,A,8,282,1,0.0018259702973509873,1
svm,right_lateral__A,right_lateral,A,9,210,0,-0.08092824244478608,0
svm,right_lateral__A,right_lateral,A,9,210,0,-0.5395684826847509,0
svm,right_lateral__A,right_lateral,A,9,210,0,-0.5310416106943046,0
svm,right_lateral__A,right_lateral,A,9,210,0,-0.5199739446990606,0
svm,right_lateral__A,right_lateral,A,9,210,0,-0.9175063939847328,0
svm,right_lateral__A,right_lateral,A,9,210,0,0.12502626948184908,1
svm,right_lateral__A,right_lateral,A,9,210,0,-0.4833083747218451,0
svm,right_lateral__A,right_lateral,A,9,210,0,0.019337359335966642,1
svm,right_lateral__A,right_lateral,A,9,210,0,-0.24500920886460348,0
svm,right_lateral__A,right_lateral,A,9,210,0,-0.39204929819147366,0
svm,right_lateral__A,right_lateral,A,9,210,0,-0.06838561638171964,0
svm,right_lateral__A,right_lateral,A,9,210,0,-0.902214734581777,0
svm,right_lateral__A,right_lateral,A,9,210,0,-0.6153895285995248,0
svm,right_lateral__A,right_lateral,A,9,210,0,-0.07456569864514878,0
svm,right_lateral__A,right_lateral,A,9,210,1,1.0294338411132766,1
svm,right_lateral__A,right_lateral,A,9,210,1,0.9490311970688212,1
svm,right_lateral__A,right_lateral,A,9,210,1,1.5616507359311458,1
svm,right_lateral__A,right_lateral,A,9,210,1,0.7695965665604829,1
svm,right_lateral__A,right_lateral,A,9,210,1,0.8209609897776222,1
svm,right_lateral__A,right_lateral,A,9,210,1,0.9473229807865171,1
svm,right_lateral__A,right_lateral,A,9,210,1,0.9580174301968436,1
svm,right_lateral__A,right_lateral,A,9,210,1,1.1048272560264067,1
svm,right_lateral__A,right_lateral,A,9,210,1,0.44835394053134153,1
svm,right_lateral__A,right_lateral,A,9,210,1,0.6883938785123329,1
svm,right_lateral__A,right_lateral,A,9,210,1,1.3522158242533442,1
svm,right_lateral__A,right_lateral,A,10,265,0,-0.7162260713616142,0
svm,right_lateral__A,right_lateral,A,10,265,0,-0.5124345778150982,0
svm,right_lateral__A,right_lateral,A,10,265,0,-0.3526314063111067,0
svm,right_lateral__A,right_lateral,A,10,265,0,-0.10333744467652611,0
svm,right_lateral__A,right_lateral,A,10,265,0,0.13965908103264468,1
svm,right_lateral__A,right_lateral,A,10,265,0,0.3417084443919624,1
svm,right_lateral__A,right_lateral,A,10,265,0,-0.6005561288894998,0
svm,right_lateral__A,right_lateral,A,10,265,0,-0.16398617073307725,0
svm,right_lateral__A,right_lateral,A,10,265,0,-0.4278846610985241,0
svm,right_lateral__A,right_lateral,A,10,265,0,-0.5360003293808581,0
svm,right_lateral__A,right_lateral,A,10,265,0,-0.03342795760001627,0
svm,right_lateral__A,right_lateral,A,10,265,0,-0.6236782406205063,0
svm,right_lateral__A,right_lateral,A,10,265,0,-0.5279473656302371,0
svm,right_lateral__A,right_lateral,A,10,265,1,-0.6018192243050748,0
svm,right_lateral__A,right_lateral,A,10,265,1,-0.16822812590869257,0
svm,right_lateral__A,right_lateral,A,10,265,1,0.515403606815025,1
svm,right_lateral__A,right_lateral,A,10,265,1,0.20579269209220213,1
svm,right_lateral__A,right_lateral,A,10,265,1,-0.5337943898505035,0
svm,right_lateral__A,right_lateral,A,10,265,1,-0.6932697722789289,0
svm,right_lateral__A,right_lateral,A,10,265,1,-0.4139121922765251,0
svm,right_lateral__A,right_lateral,A,10,265,1,-0.08204651929515858,0
svm,right_lateral__A,right_lateral,A,10,265,1,0.06428290206525361,1
svm,right_lateral__A,right_lateral,A,10,265,1,-0.01873611154107535,0
svm,right_lateral__A,right_lateral,A,10,265,1,-0.5431139951263682,0
svm,right_lateral__B,right_lateral,B,1,249,0,-0.5672920232998374,0
svm,right_lateral__B,right_lateral,B,1,249,0,-0.7619664417347313,0
svm,right_lateral__B,right_lateral,B,1,249,0,-0.7274109156515071,0
svm,right_lateral__B,right_lateral,B,1,249,0,-0.8224133503869387,0
svm,right_lateral__B,right_lateral,B,1,249,0,-0.7093359867493181,0
svm,right_lateral__B,right_lateral,B,1,249,0,-0.7184591017339323,0
svm,right_lateral__B,right_lateral,B,1,249,0,-0.5976405112465694,0
svm,right_lateral__B,right_lateral,B,1,249,0,-0.5177685108606858,0
svm,right_lateral__B,right_lateral,B,1,249,0,-0.7021520902174097,0
svm,right_lateral__B,right_lateral,B,1,249,0,-0.7661425152944219,0
svm,right_lateral__B,right_lateral,B,1,249,0,-0.7721409699345299,0
svm,right_lateral__B,right_lateral,B,1,249,0,-0.5774909881183672,0
svm,right_lateral__B,right_lateral,B,1,249,0,-0.9034524327665482,0
svm,right_lateral__B,right_lateral,B,1,249,0,-0.7458525578081419,0
svm,right_lateral__B,right_lateral,B,1,249,0,-0.6958357051022673,0
svm,right_lateral__B,right_lateral,B,1,249,1,-0.9088675343919749,0
svm,right_lateral__B,right_lateral,B,1,249,1,-0.561531406121326,0
svm,right_lateral__B,right_lateral,B,1,249,1,-0.6157716124406085,0
svm,right_lateral__B,right_lateral,B,1,249,1,-0.768623094911552,0
svm,right_lateral__B,right_lateral,B,1,249,1,-0.5119383453949102,0
svm,right_lateral__B,right_lateral,B,1,249,1,-0.6836691948275493,0
svm,right_lateral__B,right_lateral,B,1,249,1,-0.6136650922374093,0
svm,right_lateral__B,right_lateral,B,1,249,1,-0.772648150377108,0
svm,right_lateral__B,right_lateral,B,1,249,1,-0.8112232689781963,0
svm,right_lateral__B,right_lateral,B,1,249,1,-0.9078433992360476,0
svm,right_lateral__B,right_lateral,B,1,249,1,-0.7032851152343921,0
svm,right_lateral__B,right_lateral,B,1,249,1,-0.6118874075399758,0
svm,right_lateral__B,right_lateral,B,1,249,1,-0.8511774780292065,0
svm,right_lateral__B,right_lateral,B,1,249,1,-0.7839900476703471,0
svm,right_lateral__B,right_lateral,B,1,249,1,-0.749840513913311,0
svm,right_lateral__B,right_lateral,B,1,249,1,-0.7774787749191908,0
svm,right_lateral__B,right_lateral,B,1,249,1,-0.6085847362697558,0
svm,right_lateral__B,right_lateral,B,2,219,0,0.759929423728857,1
svm,right_lateral__B,right_lateral,B,2,219,0,0.6891145540502287,1
svm,right_lateral__B,right_lateral,B,2,219,0,0.7636660708139805,1
svm,right_lateral__B,right_lateral,B,2,219,0,0.2705559884592708,1
svm,right_lateral__B,right_lateral,B,2,219,0,0.6142159412894085,1
svm,right_lateral__B,right_lateral,B,2,219,0,0.6151532420687804,1
svm,right_lateral__B,right_lateral,B,2,219,0,0.33284928426007027,1
svm,right_lateral__B,right_lateral,B,2,219,0,0.6244968242264275,1
svm,right_lateral__B,right_lateral,B,2,219,0,0.34752650098010585,1
svm,right_lateral__B,right_lateral,B,2,219,0,0.5526093687162514,1
svm,right_lateral__B,right_lateral,B,2,219,0,0.5956263748496469,1
svm,right_lateral__B,right_lateral,B,2,219,0,0.5838838868845667,1
svm,right_lateral__B,right_lateral,B,2,219,0,0.5595295038961835,1
svm,right_lateral__B,right_lateral,B,2,219,0,0.4350704904394742,1
svm,right_lateral__B,right_lateral,B,2,219,1,0.5297427867944794,1
svm,right_lateral__B,right_lateral,B,2,219,1,0.4217771639579774,1
svm,right_lateral__B,right_lateral,B,2,219,1,0.6097326408264514,1
svm,right_lateral__B,right_lateral,B,2,219,1,0.5214177433946083,1
svm,right_lateral__B,right_lateral,B,2,219,1,0.7108338071937049,1
svm,right_lateral__B,right_lateral,B,2,219,1,0.5945921167560279,1
svm,right_lateral__B,right_lateral,B,2,219,1,0.5643341422639692,1
svm,right_lateral__B,right_lateral,B,2,219,1,0.45308630094421015,1
svm,right_lateral__B,right_lateral,B,2,219,1,0.6037121506517908,1
svm,right_lateral__B,right_lateral,B,2,219,1,0.5430837795114863,1
svm,right_lateral__B,right_lateral,B,2,219,1,0.5566607643695307,1
svm,right_lateral__B,right_lateral,B,2,219,1,0.5918145002635835,1
svm,right_lateral__B,right_lateral,B,2,219,1,0.26855335272079583,1
svm,right_lateral__B,right_lateral,B,2,219,1,0.39287316140478934,1
svm,right_lateral__B,right_lateral,B,2,219,1,0.5061837513672242,1
svm,right_lateral__B,right_lateral,B,2,219,1,0.37113894059719427,1
svm,right_lateral__B,right_lateral,B,3,313,0,0.6887716716023148,1
svm,right_lateral__B,right_lateral,B,3,313,0,0.38520365523192995,1
svm,right_lateral__B,right_lateral,B,3,313,0,0.39229193850459004,1
svm,right_lateral__B,right_lateral,B,3,313,0,0.3869301860285036,1
svm,right_lateral__B,right_lateral,B,3,313,0,0.4544858533523395,1
svm,right_lateral__B,right_lateral,B,3,313,0,0.5036356933808765,1
svm,right_lateral__B,right_lateral,B,3,313,0,0.925357602990803,1
svm,right_lateral__B,right_lateral,B,3,313,0,0.41449512005321865,1
svm,right_lateral__B,right_lateral,B,3,313,0,0.8551281743992287,1
svm,right_lateral__B,right_lateral,B,3,313,0,0.6178213261461006,1
svm,right_lateral__B,right_lateral,B,3,313,0,0.4578525013771394,1
svm,right_lateral__B,right_lateral,B,3,313,0,0.7871292256474014,1
svm,right_lateral__B,right_lateral,B,3,313,0,0.7133256928907821,1
svm,right_lateral__B,right_lateral,B,3,313,0,0.4917200004442901,1
svm,right_lateral__B,right_lateral,B,3,313,0,0.4861957931799541,1
svm,right_lateral__B,right_lateral,B,3,313,1,0.2522934465101385,1
svm,right_lateral__B,right_lateral,B,3,313,1,0.30201692899603855,1
svm,right_lateral__B,right_lateral,B,3,313,1,0.496604584520307,1
svm,right_lateral__B,right_lateral,B,3,313,1,0.35859211226801296,1
svm,right_lateral__B,right_lateral,B,3,313,1,0.526319795760645,1
svm,right_lateral__B,right_lateral,B,3,313,1,0.4837575932943723,1
svm,right_lateral__B,right_lateral,B,3,313,1,0.33102417897520303,1
svm,right_lateral__B,right_lateral,B,3,313,1,0.4054156007155033,1
svm,right_lateral__B,right_lateral,B,3,313,1,0.3214792950304934,1
svm,right_lateral__B,right_lateral,B,3,313,1,0.3208640034496805,1
svm,right_lateral__B,right_lateral,B,3,313,1,0.5102678386797994,1
svm,right_lateral__B,right_lateral,B,3,313,1,0.5831309239621584,1
svm,right_lateral__B,right_lateral,B,3,313,1,0.5764010002289011,1
svm,right_lateral__B,right_lateral,B,3,313,1,0.39474665248020335,1
svm,right_lateral__B,right_lateral,B,4,318,0,-0.5105768384324965,0
svm,right_lateral__B,right_lateral,B,4,318,0,-0.6815759864575289,0
svm,right_lateral__B,right_lateral,B,4,318,0,-0.7429438670557598,0
svm,right_lateral__B,right_lateral,B,4,318,0,-0.6438768535162753,0
svm,right_lateral__B,right_lateral,B,4,318,0,-0.5600137009206639,0
svm,right_lateral__B,right_lateral,B,4,318,0,-0.5865147044918919,0
svm,right_lateral__B,right_lateral,B,4,318,0,-0.80418601861563,0
svm,right_lateral__B,right_lateral,B,4,318,0,-1.0153115802032515,0
svm,right_lateral__B,right_lateral,B,4,318,0,-0.6877277598032285,0
svm,right_lateral__B,right_lateral,B,4,318,0,-0.7051289326981653,0
svm,right_lateral__B,right_lateral,B,4,318,0,-0.6763473732271876,0
svm,right_lateral__B,right_lateral,B,4,318,0,-0.7570433684825257,0
svm,right_lateral__B,right_lateral,B,4,318,0,-0.8172231548499524,0
svm,right_lateral__B,right_lateral,B,4,318,0,-0.6611938521602267,0
svm,right_lateral__B,right_lateral,B,4,318,1,-0.8422098366916452,0
svm,right_lateral__B,right_lateral,B,4,318,1,-0.8937819681143446,0
svm,right_lateral__B,right_lateral,B,4,318,1,-0.8065853929651083,0
svm,right_lateral__B,right_lateral,B,4,318,1,-0.9580453128758384,0
svm,right_lateral__B,right_lateral,B,4,318,1,-0.7764962722056283,0
svm,right_lateral__B,right_lateral,B,4,318,1,-0.7843253382548211,0
svm,right_lateral__B,right_lateral,B,4,318,1,-0.902457722279312,0
svm,right_lateral__B,right_lateral,B,4,318,1,-0.6785403319319264,0
svm,right_lateral__B,right_lateral,B,4,318,1,-0.6556303455537219,0
svm,right_lateral__B,right_lateral,B,4,318,1,-0.8078860381798133,0
svm,right_lateral__B,right_lateral,B,4,318,1,-0.847871795483548,0
svm,right_lateral__B,right_lateral,B,4,318,1,-0.7736535577091868,0
svm,right_lateral__B,right_lateral,B,4,318,1,-0.9703738628262064,0
svm,right_lateral__B,right_lateral,B,4,318,1,-0.7392702782534704,0
svm,right_lateral__B,right_lateral,B,5,300,0,-0.5323793200840138,0
svm,right_lateral__B,right_lateral,B,5,300,0,-0.7024803902844237,0
svm,right_lateral__B,right_lateral,B,5,300,0,-0.46380256143687837,0
svm,right_lateral__B,right_lateral,B,5,300,0,-0.5486608611881818,0
svm,right_lateral__B,right_lateral,B,5,300,0,-0.752676901899761,0
svm,right_lateral__B,right_lateral,B,5,300,0,-0.6717157588554687,0
svm,right_lateral__B,right_lateral,B,5,300,0,-0.8585382900908247,0
svm,right_lateral__B,right_lateral,B,5,300,0,-0.6468485527599581,0
svm,right_lateral__B,right_lateral,B,5,300,0,-0.6573883631553923,0
svm,right_lateral__B,right_lateral,B,5,300,0,-0.7360934252821495,0
svm,right_lateral__B,right_lateral,B,5,300,0,-0.7729970774963201,0
svm,right_lateral__B,right_lateral,B,5,300,0,-0.8101377181580516,0
svm,right_lateral__B,right_lateral,B,5,300,0,-0.8388690056304257,0
svm,right_lateral__B,right_lateral,B,5,300,0,-0.5791176538595765,0
svm,right_lateral__B,right_lateral,B,5,300,1,-0.713323515861723,0
svm,right_lateral__B,right_lateral,B,5,300,1,-0.8379377922170532,0
svm,right_lateral__B,right_lateral,B,5,300,1,-0.8425433880705089,0
svm,right_lateral__B,right_lateral,B,5,300,1,-0.7721964469731497,0
svm,right_lateral__B,right_lateral,B,5,300,1,-0.8322712991520492,0
svm,right_lateral__B,right_lateral,B,5,300,1,-0.8959412363098211,0
svm,right_lateral__B,right_lateral,B,5,300,1,-0.7616294979504387,0
svm,right_lateral__B,right_lateral,B,5,300,1,-0.8635368089171692,0
svm,right_lateral__B,right_lateral,B,5,300,1,-0.7778755797844605,0
svm,right_lateral__B,right_lateral,B,5,300,1,-0.8713819149381296,0
svm,right_lateral__B,right_lateral,B,5,300,1,-0.903413439709623,0
svm,right_lateral__B,right_lateral,B,5,300,1,-0.8084152259169228,0
svm,right_lateral__B,right_lateral,B,5,300,1,-0.5736645789476809,0
svm,right_lateral__B,right_lateral,B,5,300,1,-0.9212923230184223,0
svm,right_lateral__B,right_lateral,B,6,271,0,-0.6054182399436363,0
svm,right_lateral__B,right_lateral,B,6,271,0,-0.6059984019815615,0
svm,right_lateral__B,right_lateral,B,6,271,0,-0.7890750912272619,0
svm,right_lateral__B,right_lateral,B,6,271,0,-0.6844735183828035,0
svm,right_lateral__B,right_lateral,B,6,271,0,-0.5756667688212604,0
svm,right_lateral__B,right_lateral,B,6,271,0,-0.47035780166501373,0
svm,right_lateral__B,right_lateral,B,6,271,0,-0.5954040022167519,0
svm,right_lateral__B,right_lateral,B,6,271,0,-0.7262758801401421,0
svm,right_lateral__B,right_lateral,B,6,271,0,-0.5403438605120243,0
svm,right_lateral__B,right_lateral,B,6,271,0,-0.5879855018738465,0
svm,right_lateral__B,right_lateral,B,6,271,0,-0.5335066515228898,0
svm,right_lateral__B,right_lateral,B,6,271,0,-0.4847516777500004,0
svm,right_lateral__B,right_lateral,B,6,271,0,-0.7019106785122589,0
svm,right_lateral__B,right_lateral,B,6,271,0,-0.6380135695875844,0
svm,right_lateral__B,right_lateral,B,6,271,1,-0.8718686154735262,0
svm,right_lateral__B,right_lateral,B,6,271,1,-0.8306678105245116,0
svm,right_lateral__B,right_lateral,B,6,271,1,-0.7770423167898818,0
svm,right_lateral__B,right_lateral,B,6,271,1,-0.785870031231016,0
svm,right_lateral__B,right_lateral,B,6,271,1,-0.7672192363235619,0
svm,right_lateral__B,right_lateral,B,6,271,1,-0.807155634185342,0
svm,right_lateral__B,right_lateral,B,6,271,1,-0.7708584806328935,0
svm,right_lateral__B,right_lateral,B,6,271,1,-0.8207748941638359,0
svm,right_lateral__B,right_lateral,B,6,271,1,-0.8337400393864615,0
svm,right_lateral__B,right_lateral,B,6,271,1,-0.7351675258650199,0
svm,right_lateral__B,right_lateral,B,6,271,1,-0.8450937011702682,0
svm,right_lateral__B,right_lateral,B,6,271,1,-0.7919240629453876,0
svm,right_lateral__B,right_lateral,B,6,271,1,-0.804358191303715,0
svm,right_lateral__B,right_lateral,B,6,271,1,-0.9041843847704586,0
svm,right_lateral__B,right_lateral,B,7,251,0,-0.5807924627693284,0
svm,right_lateral__B,right_lateral,B,7,251,0,-0.4013037359500442,0
svm,right_lateral__B,right_lateral,B,7,251,0,-0.440479465558938,0
svm,right_lateral__B,right_lateral,B,7,251,0,-0.5646879275628319,0
svm,right_lateral__B,right_lateral,B,7,251,0,-0.5057974393864554,0
svm,right_lateral__B,right_lateral,B,7,251,0,-0.5013776071090734,0
svm,right_lateral__B,right_lateral,B,7,251,0,-0.5871970589291452,0
svm,right_lateral__B,right_lateral,B,7,251,0,-0.5527735303734099,0
svm,right_lateral__B,right_lateral,B,7,251,0,-0.5471446849996202,0
svm,right_lateral__B,right_lateral,B,7,251,0,-0.7110952909908375,0
svm,right_lateral__B,right_lateral,B,7,251,0,-0.42815453426750605,0
svm,right_lateral__B,right_lateral,B,7,251,0,-0.43554379412913097,0
svm,right_lateral__B,right_lateral,B,7,251,0,-0.5090534666948691,0
svm,right_lateral__B,right_lateral,B,7,251,0,-0.4608150559484843,0
svm,right_lateral__B,right_lateral,B,7,251,1,-0.594587676224662,0
svm,right_lateral__B,right_lateral,B,7,251,1,-0.5107164421453008,0
svm,right_lateral__B,right_lateral,B,7,251,1,-0.4634125116081588,0
svm,right_lateral__B,right_lateral,B,7,251,1,-0.4467253547947211,0
svm,right_lateral__B,right_lateral,B,7,251,1,-0.5424145935533851,0
svm,right_lateral__B,right_lateral,B,7,251,1,-0.6160631993414485,0
svm,right_lateral__B,right_lateral,B,7,251,1,-0.49837882207520107,0
svm,right_lateral__B,right_lateral,B,7,251,1,-0.6368257165412102,0
svm,right_lateral__B,right_lateral,B,7,251,1,-0.7201535049734316,0
svm,right_lateral__B,right_lateral,B,7,251,1,-0.5083513401290064,0
svm,right_lateral__B,right_lateral,B,7,251,1,-0.45601000909241346,0
svm,right_lateral__B,right_lateral,B,7,251,1,-0.6356685153569411,0
svm,right_lateral__B,right_lateral,B,7,251,1,-0.5534627975080016,0
svm,right_lateral__B,right_lateral,B,8,282,0,0.6137860270883896,1
svm,right_lateral__B,right_lateral,B,8,282,0,0.7777105608433241,1
svm,right_lateral__B,right_lateral,B,8,282,0,0.5810327253561867,1
svm,right_lateral__B,right_lateral,B,8,282,0,0.5370538271215402,1
svm,right_lateral__B,right_lateral,B,8,282,0,0.5071020525423334,1
svm,right_lateral__B,right_lateral,B,8,282,0,0.6343717151584254,1
svm,right_lateral__B,right_lateral,B,8,282,0,0.6400936786166007,1
svm,right_lateral__B,right_lateral,B,8,282,0,0.654871650099646,1
svm,right_lateral__B,right_lateral,B,8,282,0,0.5967227173618519,1
svm,right_lateral__B,right_lateral,B,8,282,0,0.8897712266533169,1
svm,right_lateral__B,right_lateral,B,8,282,0,0.6283160129477237,1
svm,right_lateral__B,right_lateral,B,8,282,0,0.6073903652763311,1
svm,right_lateral__B,right_lateral,B,8,282,0,0.8103368605619243,1
svm,right_lateral__B,right_lateral,B,8,282,0,0.45149337190460853,1
svm,right_lateral__B,right_lateral,B,8,282,1,0.5804922428956152,1
svm,right_lateral__B,right_lateral,B,8,282,1,0.6346182414780334,1
svm,right_lateral__B,right_lateral,B,8,282,1,0.5525419989298035,1
svm,right_lateral__B,right_lateral,B,8,282,1,0.5761278039498807,1
svm,right_lateral__B,right_lateral,B,8,282,1,0.6702914706544629,1
svm,right_lateral__B,right_lateral,B,8,282,1,0.6932161791047755,1
svm,right_lateral__B,right_lateral,B,8,282,1,0.4136720716568171,1
svm,right_lateral__B,right_lateral,B,8,282,1,0.5544556085957343,1
svm,right_lateral__B,right_lateral,B,8,282,1,0.5280871339975601,1
svm,right_lateral__B,right_lateral,B,8,282,1,0.6672398115288828,1
svm,right_lateral__B,right_lateral,B,8,282,1,0.5580777135145655,1
svm,right_lateral__B,right_lateral,B,9,210,0,0.7995003604148616,1
svm,right_lateral__B,right_lateral,B,9,210,0,0.8267566471780392,1
svm,right_lateral__B,right_lateral,B,9,210,0,0.7620420931809768,1
svm,right_lateral__B,right_lateral,B,9,210,0,0.7875551986652426,1
svm,right_lateral__B,right_lateral,B,9,210,0,0.6505062537536905,1
svm,right_lateral__B,right_lateral,B,9,210,0,0.5907569175815615,1
svm,right_lateral__B,right_lateral,B,9,210,0,0.6425752249980331,1
svm,right_lateral__B,right_lateral,B,9,210,0,0.8400958493290127,1
svm,right_lateral__B,right_lateral,B,9,210,0,0.7299833889837016,1
svm,right_lateral__B,right_lateral,B,9,210,0,0.6169099432055931,1
svm,right_lateral__B,right_lateral,B,9,210,0,0.8018171582689378,1
svm,right_lateral__B,right_lateral,B,9,210,0,0.7407231287071735,1
svm,right_lateral__B,right_lateral,B,9,210,0,0.606381210795289,1
svm,right_lateral__B,right_lateral,B,9,210,0,0.7884208626594319,1
svm,right_lateral__B,right_lateral,B,9,210,1,0.7038866052297137,1
svm,right_lateral__B,right_lateral,B,9,210,1,0.7069499005935658,1
svm,right_lateral__B,right_lateral,B,9,210,1,0.7854221174174928,1
svm,right_lateral__B,right_lateral,B,9,210,1,0.7349725576931909,1
svm,right_lateral__B,right_lateral,B,9,210,1,0.6948845518489747,1
svm,right_lateral__B,right_lateral,B,9,210,1,0.6660806732136016,1
svm,right_lateral__B,right_lateral,B,9,210,1,0.6578103538078113,1
svm,right_lateral__B,right_lateral,B,9,210,1,0.7961510306822094,1
svm,right_lateral__B,right_lateral,B,9,210,1,0.8202948305029322,1
svm,right_lateral__B,right_lateral,B,9,210,1,0.8110607919292669,1
svm,right_lateral__B,right_lateral,B,9,210,1,0.8043383221601125,1
svm,right_lateral__B,right_lateral,B,10,265,0,0.5569717163390215,1
svm,right_lateral__B,right_lateral,B,10,265,0,0.24835087149341703,1
svm,right_lateral__B,right_lateral,B,10,265,0,0.012774343578161401,1
svm,right_lateral__B,right_lateral,B,10,265,0,0.10000675794060662,1
svm,right_lateral__B,right_lateral,B,10,265,0,0.042147772309159975,1
svm,right_lateral__B,right_lateral,B,10,265,0,-0.37206468132905324,0
svm,right_lateral__B,right_lateral,B,10,265,0,-0.6895497711877785,0
svm,right_lateral__B,right_lateral,B,10,265,0,-0.5747695037246072,0
svm,right_lateral__B,right_lateral,B,10,265,0,0.19985800630719527,1
svm,right_lateral__B,right_lateral,B,10,265,0,-0.5864848488680321,0
svm,right_lateral__B,right_lateral,B,10,265,0,-0.5926519609254332,0
svm,right_lateral__B,right_lateral,B,10,265,0,-0.48577068810208657,0
svm,right_lateral__B,right_lateral,B,10,265,0,-0.32391531621617253,0
svm,right_lateral__B,right_lateral,B,10,265,1,-0.5327872214160045,0
svm,right_lateral__B,right_lateral,B,10,265,1,-0.5219092121188079,0
svm,right_lateral__B,right_lateral,B,10,265,1,-0.2164943013366443,0
svm,right_lateral__B,right_lateral,B,10,265,1,-0.4655629343101787,0
svm,right_lateral__B,right_lateral,B,10,265,1,-0.309050037361685,0
svm,right_lateral__B,right_lateral,B,10,265,1,-0.833977035462335,0
svm,right_lateral__B,right_lateral,B,10,265,1,-0.5865463841476021,0
svm,right_lateral__B,right_lateral,B,10,265,1,-0.5663328758506391,0
svm,right_lateral__B,right_lateral,B,10,265,1,-0.32962190975603656,0
svm,right_lateral__B,right_lateral,B,10,265,1,-0.3074162127403357,0
svm,right_lateral__B,right_lateral,B,10,265,1,-0.05809300257982766,0
svm,right_lateral__C,right_lateral,C,1,249,0,-0.10220518685944645,0
svm,right_lateral__C,right_lateral,C,1,249,0,0.15789700333077253,1
svm,right_lateral__C,right_lateral,C,1,249,0,0.0855631622809765,1
svm,right_lateral__C,right_lateral,C,1,249,0,-0.47815352415477796,0
svm,right_lateral__C,right_lateral,C,1,249,0,-0.6630489966907657,0
svm,right_lateral__C,right_lateral,C,1,249,0,-0.1683484354634289,0
svm,right_lateral__C,right_lateral,C,1,249,0,0.1966450387479091,1
svm,right_lateral__C,right_lateral,C,1,249,0,0.22231762878951836,1
svm,right_lateral__C,right_lateral,C,1,249,0,0.1752057099097978,1
svm,right_lateral__C,right_lateral,C,1,249,0,-0.24309754928123592,0
svm,right_lateral__C,right_lateral,C,1,249,0,-0.6257925030979529,0
svm,right_lateral__C,right_lateral,C,1,249,0,0.1212858223174277,1
svm,right_lateral__C,right_lateral,C,1,249,0,-0.03473377718248315,0
svm,right_lateral__C,right_lateral,C,1,249,0,0.29879294860204353,1
svm,right_lateral__C,right_lateral,C,1,249,0,-0.7202909150693807,0
svm,right_lateral__C,right_lateral,C,1,249,1,0.8371640850994831,1
svm,right_lateral__C,right_lateral,C,1,249,1,0.7961133328398294,1
svm,right_lateral__C,right_lateral,C,1,249,1,1.2614041768463309,1
svm,right_lateral__C,right_lateral,C,1,249,1,0.6194187872099507,1
svm,right_lateral__C,right_lateral,C,1,249,1,0.9571068644812327,1
svm,right_lateral__C,right_lateral,C,1,249,1,0.8152140599221681,1
svm,right_lateral__C,right_lateral,C,1,249,1,0.6752844518246371,1
svm,right_lateral__C,right_lateral,C,1,249,1,0.5586212410938095,1
svm,right_lateral__C,right_lateral,C,1,249,1,0.7356431039288401,1
svm,right_lateral__C,right_lateral,C,1,249,1,0.7187913485984264,1
svm,right_lateral__C,right_lateral,C,1,249,1,0.7707944056910729,1
svm,right_lateral__C,right_lateral,C,1,249,1,0.9352114066278988,1
svm,right_lateral__C,right_lateral,C,1,249,1,0.7237604603691468,1
svm,right_lateral__C,right_lateral,C,1,249,1,0.11910703890866249,1
svm,right_lateral__C,right_lateral,C,1,249,1,0.8508532079822617,1
svm,right_lateral__C,right_lateral,C,1,249,1,0.45247028368643216,1
svm,right_lateral__C,right_lateral,C,1,249,1,1.0669160459391827,1
svm,right_lateral__C,right_lateral,C,2,219,0,0.7047390174320537,1
svm,right_lateral__C,right_lateral,C,2,219,0,0.6208719548960643,1
svm,right_lateral__C,right_lateral,C,2,219,0,0.524929585344035,1
svm,right_lateral__C,right_lateral,C,2,219,0,0.5291066176858759,1
svm,right_lateral__C,right_lateral,C,2,219,0,0.5040014171661837,1
svm,right_lateral__C,right_lateral,C,2,219,0,0.7464505719679693,1
svm,right_lateral__C,right_lateral,C,2,219,0,0.37406735339923103,1
svm,right_lateral__C,right_lateral,C,2,219,0,-0.22503353373687937,0
svm,right_lateral__C,right_lateral,C,2,219,0,0.7009674743343091,1
svm,right_lateral__C,right_lateral,C,2,219,0,0.1600442804953234,1
svm,right_lateral__C,right_lateral,C,2,219,0,-0.10568198253527591,0
svm,right_lateral__C,right_lateral,C,2,219,0,0.2739785854502109,1
svm,right_lateral__C,right_lateral,C,2,219,0,-0.12706020512041258,0
svm,right_lateral__C,right_lateral,C,2,219,0,-0.059115830771260564,0
svm,right_lateral__C,right_lateral,C,2,219,1,0.7926890896274424,1
svm,right_lateral__C,right_lateral,C,2,219,1,0.7125409327370402,1
svm,right_lateral__C,right_lateral,C,2,219,1,0.9552507782372798,1
svm,right_lateral__C,right_lateral,C,2,219,1,1.1597034501216112,1
svm,right_lateral__C,right_lateral,C,2,219,1,1.2142561999755512,1
svm,right_lateral__C,right_lateral,C,2,219,1,1.0771218094982113,1
svm,right_lateral__C,right_lateral,C,2,219,1,1.1258152893110407,1
svm,right_lateral__C,right_lateral,C,2,219,1,0.7912513838770298,1
svm,right_lateral__C,right_lateral,C,2,219,1,0.9951163227797866,1
svm,right_lateral__C,right_lateral,C,2,219,1,0.8519554465783836,1
svm,right_lateral__C,right_lateral,C,2,219,1,0.5338431254269966,1
svm,right_lateral__C,right_lateral,C,2,219,1,1.0290709748244211,1
svm,right_lateral__C,right_lateral,C,2,219,1,0.7360048250214907,1
svm,right_lateral__C,right_lateral,C,2,219,1,0.4732572691533047,1
svm,right_lateral__C,right_lateral,C,2,219,1,0.44465349682123423,1
svm,right_lateral__C,right_lateral,C,2,219,1,0.8530523863680254,1
svm,right_lateral__C,right_lateral,C,3,313,0,0.10294434089014767,1
svm,right_lateral__C,right_lateral,C,3,313,0,0.3397223492691549,1
svm,right_lateral__C,right_lateral,C,3,313,0,0.5201583909473273,1
svm,right_lateral__C,right_lateral,C,3,313,0,-0.17087440697343206,0
svm,right_lateral__C,right_lateral,C,3,313,0,0.3220282543526338,1
svm,right_lateral__C,right_lateral,C,3,313,0,0.24527249129958603,1
svm,right_lateral__C,right_lateral,C,3,313,0,0.3691869213787843,1
svm,right_lateral__C,right_lateral,C,3,313,0,-0.05896532498926313,0
svm,right_lateral__C,right_lateral,C,3,313,0,0.46725640839366667,1
svm,right_lateral__C,right_lateral,C,3,313,0,0.38881726643974057,1
svm,right_lateral__C,right_lateral,C,3,313,0,-0.05611250820321048,0
svm,right_lateral__C,right_lateral,C,3,313,0,0.5443671018936097,1
svm,right_lateral__C,right_lateral,C,3,313,0,0.7242208794629615,1
svm,right_lateral__C,right_lateral,C,3,313,0,0.3079006806609399,1
svm,right_lateral__C,right_lateral,C,3,313,0,0.522342284119936,1
svm,right_lateral__C,right_lateral,C,3,313,1,-0.03612520601679106,0
svm,right_lateral__C,right_lateral,C,3,313,1,0.5325177687602964,1
svm,right_lateral__C,right_lateral,C,3,313,1,0.4077377421754159,1
svm,right_lateral__C,right_lateral,C,3,313,1,0.32828426876782524,1
svm,right_lateral__C,right_lateral,C,3,313,1,0.3798101706718947,1
svm,right_lateral__C,right_lateral,C,3,313,1,0.4546564276774371,1
svm,right_lateral__C,right_lateral,C,3,313,1,0.33317225670382256,1
svm,right_lateral__C,right_lateral,C,3,313,1,0.28123472312502995,1
svm,right_lateral__C,right_lateral,C,3,313,1,0.3549307783837712,1
svm,right_lateral__C,right_lateral,C,3,313,1,0.189763504975157,1
svm,right_lateral__C,right_lateral,C,3,313,1,-0.27192789903548586,0
svm,right_lateral__C,right_lateral,C,3,313,1,0.168639617483161,1
svm,right_lateral__C,right_lateral,C,3,313,1,0.2897166812038017,1
svm,right_lateral__C,right_lateral,C,3,313,1,0.3341712199212691,1
svm,right_lateral__C,right_lateral,C,4,318,0,0.9244507283437614,1
svm,right_lateral__C,right_lateral,C,4,318,0,-0.7542453650562698,0
svm,right_lateral__C,right_lateral,C,4,318,0,0.4150506898039844,1
svm,right_lateral__C,right_lateral,C,4,318,0,0.23929861792795293,1
svm,right_lateral__C,right_lateral,C,4,318,0,0.00895131211898181,1
svm,right_lateral__C,right_lateral,C,4,318,0,-0.5566068890253187,0
svm,right_lateral__C,right_lateral,C,4,318,0,0.0274060645342552,1
svm,right_lateral__C,right_lateral,C,4,318,0,-1.4842492347016567,0
svm,right_lateral__C,right_lateral,C,4,318,0,0.03500299850495281,1
svm,right_lateral__C,right_lateral,C,4,318,0,0.21837757058613583,1
svm,right_lateral__C,right_lateral,C,4,318,0,-0.37625267496336534,0
svm,right_lateral__C,right_lateral,C,4,318,0,0.06906657519732995,1
svm,right_lateral__C,right_lateral,C,4,318,0,-0.9683524797108635,0
svm,right_lateral__C,right_lateral,C,4,318,0,-0.579848324477756,0
svm,right_lateral__C,right_lateral,C,4,318,1,-0.49620129587179307,0
svm,right_lateral__C,right_lateral,C,4,318,1,-0.014384903591710633,0
svm,right_lateral__C,right_lateral,C,4,318,1,-0.986092266334425,0
svm,right_lateral__C,right_lateral,C,4,318,1,-0.3063042059957076,0
svm,right_lateral__C,right_lateral,C,4,318,1,-0.09723219127858862,0
svm,right_lateral__C,right_lateral,C,4,318,1,-0.10279583135730974,0
svm,right_lateral__C,right_lateral,C,4,318,1,-0.30555002005412135,0
svm,right_lateral__C,right_lateral,C,4,318,1,0.44291225432245873,1
svm,right_lateral__C,right_lateral,C,4,318,1,0.44636690635012577,1
svm,right_lateral__C,right_lateral,C,4,318,1,0.2976560643029512,1
svm,right_lateral__C,right_lateral,C,4,318,1,0.3446051646548608,1
svm,right_lateral__C,right_lateral,C,4,318,1,-0.21125007389816475,0
svm,right_lateral__C,right_lateral,C,4,318,1,-0.8360301171667796,0
svm,right_lateral__C,right_lateral,C,4,318,1,-0.5897574835251592,0
svm,right_lateral__C,right_lateral,C,5,300,0,0.9979677135275247,1
svm,right_lateral__C,right_lateral,C,5,300,0,1.315298245360934,1
svm,right_lateral__C,right_lateral,C,5,300,0,0.8678083510369543,1
svm,right_lateral__C,right_lateral,C,5,300,0,1.058033173812367,1
svm,right_lateral__C,right_lateral,C,5,300,0,1.232282548549098,1
svm,right_lateral__C,right_lateral,C,5,300,0,0.9111282423228267,1
svm,right_lateral__C,right_lateral,C,5,300,0,1.0924601712812005,1
svm,right_lateral__C,right_lateral,C,5,300,0,1.371668254613954,1
svm,right_lateral__C,right_lateral,C,5,300,0,1.419827470507694,1
svm,right_lateral__C,right_lateral,C,5,300,0,0.9561819556720011,1
svm,right_lateral__C,right_lateral,C,5,300,0,0.8050053580076052,1
svm,right_lateral__C,right_lateral,C,5,300,0,0.692607773447913,1
svm,right_lateral__C,right_lateral,C,5,300,0,1.1689486600887278,1
svm,right_lateral__C,right_lateral,C,5,300,0,1.441582148075597,1
svm,right_lateral__C,right_lateral,C,5,300,1,0.6489404309096516,1
svm,right_lateral__C,right_lateral,C,5,300,1,0.8570911461370209,1
svm,right_lateral__C,right_lateral,C,5,300,1,1.2168500685187675,1
svm,right_lateral__C,right_lateral,C,5,300,1,0.9990035814765373,1
svm,right_lateral__C,right_lateral,C,5,300,1,1.0497284284914963,1
svm,right_lateral__C,right_lateral,C,5,300,1,1.0587463476167398,1
svm,right_lateral__C,right_lateral,C,5,300,1,1.2996153612793455,1
svm,right_lateral__C,right_lateral,C,5,300,1,0.5799284406965395,1
svm,right_lateral__C,right_lateral,C,5,300,1,1.2798434584229952,1
svm,right_lateral__C,right_lateral,C,5,300,1,1.0995452831411618,1
svm,right_lateral__C,right_lateral,C,5,300,1,1.0610838740384592,1
svm,right_lateral__C,right_lateral,C,5,300,1,1.3751791411880838,1
svm,right_lateral__C,right_lateral,C,5,300,1,1.2579090469589973,1
svm,right_lateral__C,right_lateral,C,5,300,1,0.7295861549391667,1
svm,right_lateral__C,right_lateral,C,6,271,0,0.18650791120986776,1
svm,right_lateral__C,right_lateral,C,6,271,0,-0.17806928865275523,0
svm,right_lateral__C,right_lateral,C,6,271,0,-0.3362197616379878,0
svm,right_lateral__C,right_lateral,C,6,271,0,-0.03378030779239227,0
svm,right_lateral__C,right_lateral,C,6,271,0,0.1605094851100925,1
svm,right_lateral__C,right_lateral,C,6,271,0,0.19198089296585685,1
svm,right_lateral__C,right_lateral,C,6,271,0,-0.47285169135598876,0
svm,right_lateral__C,right_lateral,C,6,271,0,-0.9129779266769824,0
svm,right_lateral__C,right_lateral,C,6,271,0,-0.8221701985289749,0
svm,right_lateral__C,right_lateral,C,6,271,0,-0.21037716491493225,0
svm,right_lateral__C,right_lateral,C,6,271,0,-0.004256456116935314,0
svm,right_lateral__C,right_lateral,C,6,271,0,-0.15141571240851734,0
svm,right_lateral__C,right_lateral,C,6,271,0,-0.5699962942721443,0
svm,right_lateral__C,right_lateral,C,6,271,0,-0.1922928737370577,0
svm,right_lateral__C,right_lateral,C,6,271,1,-0.4545616537722211,0
svm,right_lateral__C,right_lateral,C,6,271,1,0.04541643206800544,1
svm,right_lateral__C,right_lateral,C,6,271,1,-0.41648519348585206,0
svm,right_lateral__C,right_lateral,C,6,271,1,-0.26327783908705493,0
svm,right_lateral__C,right_lateral,C,6,271,1,-0.33849101447414415,0
svm,right_lateral__C,right_lateral,C,6,271,1,-0.4742714275155857,0
svm,right_lateral__C,right_lateral,C,6,271,1,-0.21899773126479183,0
svm,right_lateral__C,right_lateral,C,6,271,1,-0.5285835519573934,0
svm,right_lateral__C,right_lateral,C,6,271,1,-0.03330528646173672,0
svm,right_lateral__C,right_lateral,C,6,271,1,-0.20400853425886945,0
svm,right_lateral__C,right_lateral,C,6,271,1,-0.4018020301999327,0
svm,right_lateral__C,right_lateral,C,6,271,1,-0.4133466842577137,0
svm,right_lateral__C,right_lateral,C,6,271,1,-0.09061611497426367,0
svm,right_lateral__C,right_lateral,C,6,271,1,-0.38548866414484534,0
svm,right_lateral__C,right_lateral,C,7,251,0,-0.7951501539325017,0
svm,right_lateral__C,right_lateral,C,7,251,0,-0.5500278383161582,0
svm,right_lateral__C,right_lateral,C,7,251,0,-0.7357615362216686,0
svm,right_lateral__C,right_lateral,C,7,251,0,-0.6869003448703737,0
svm,right_lateral__C,right_lateral,C,7,251,0,-0.9485740520012081,0
svm,right_lateral__C,right_lateral,C,7,251,0,-0.8177545731131911,0
svm,right_lateral__C,right_lateral,C,7,251,0,-0.660034060873659,0
svm,right_lateral__C,right_lateral,C,7,251,0,-0.9326269429650257,0
svm,right_lateral__C,right_lateral,C,7,251,0,-0.8693274968771229,0
svm,right_lateral__C,right_lateral,C,7,251,0,-1.1053372868424693,0
svm,right_lateral__C,right_lateral,C,7,251,0,-0.7675296932254158,0
svm,right_lateral__C,right_lateral,C,7,251,0,-0.5211975847340453,0
svm,right_lateral__C,right_lateral,C,7,251,0,-0.7123362827317016,0
svm,right_lateral__C,right_lateral,C,7,251,0,-0.8696308669893815,0
svm,right_lateral__C,right_lateral,C,7,251,1,-0.7249024950336694,0
svm,right_lateral__C,right_lateral,C,7,251,1,-0.5314658914409617,0
svm,right_lateral__C,right_lateral,C,7,251,1,-0.4329736585180566,0
svm,right_lateral__C,right_lateral,C,7,251,1,-0.7298647131789352,0
svm,right_lateral__C,right_lateral,C,7,251,1,-0.785086004879959,0
svm,right_lateral__C,right_lateral,C,7,251,1,-0.606338282490316,0
svm,right_lateral__C,right_lateral,C,7,251,1,-0.7192965587824218,0
svm,right_lateral__C,right_lateral,C,7,251,1,-0.7001387733925581,0
svm,right_lateral__C,right_lateral,C,7,251,1,-0.6385877583855216,0
svm,right_lateral__C,right_lateral,C,7,251,1,-0.8926531592165283,0
svm,right_lateral__C,right_lateral,C,7,251,1,-0.5865339406624269,0
svm,right_lateral__C,right_lateral,C,7,251,1,-0.6355140582831603,0
svm,right_lateral__C,right_lateral,C,7,251,1,-0.277538877067012,0
svm,right_lateral__C,right_lateral,C,8,282,0,-1.0170825420867735,0
svm,right_lateral__C,right_lateral,C,8,282,0,-0.5306372172851761,0
svm,right_lateral__C,right_lateral,C,8,282,0,-0.7044225530795953,0
svm,right_lateral__C,right_lateral,C,8,282,0,-0.9067991286065736,0
svm,right_lateral__C,right_lateral,C,8,282,0,-1.1922904367962994,0
svm,right_lateral__C,right_lateral,C,8,282,0,-0.6753445682943303,0
svm,right_lateral__C,right_lateral,C,8,282,0,-0.8436978333517703,0
svm,right_lateral__C,right_lateral,C,8,282,0,-0.6025724925350852,0
svm,right_lateral__C,right_lateral,C,8,282,0,-0.7610596704610116,0
svm,right_lateral__C,right_lateral,C,8,282,0,0.14277895135111499,1
svm,right_lateral__C,right_lateral,C,8,282,0,-0.5012857070423735,0
svm,right_lateral__C,right_lateral,C,8,282,0,-0.2863715623761731,0
svm,right_lateral__C,right_lateral,C,8,282,0,-0.32932230611053503,0
svm,right_lateral__C,right_lateral,C,8,282,0,-0.9988121901009767,0
svm,right_lateral__C,right_lateral,C,8,282,1,0.3460416595869754,1
svm,right_lateral__C,right_lateral,C,8,282,1,0.7171148364101021,1
svm,right_lateral__C,right_lateral,C,8,282,1,0.42280111169017465,1
svm,right_lateral__C,right_lateral,C,8,282,1,0.5275464301981111,1
svm,right_lateral__C,right_lateral,C,8,282,1,0.892882235259233,1
svm,right_lateral__C,right_lateral,C,8,282,1,0.3832158085643853,1
svm,right_lateral__C,right_lateral,C,8,282,1,-0.524296658219047,0
svm,right_lateral__C,right_lateral,C,8,282,1,0.21821618510033172,1
svm,right_lateral__C,right_lateral,C,8,282,1,0.4259544614167773,1
svm,right_lateral__C,right_lateral,C,8,282,1,0.5099896098315218,1
svm,right_lateral__C,right_lateral,C,8,282,1,0.17016374701308537,1
svm,right_lateral__C,right_lateral,C,9,210,0,0.5880029964289774,1
svm,right_lateral__C,right_lateral,C,9,210,0,-0.10272608522594473,0
svm,right_lateral__C,right_lateral,C,9,210,0,0.37133117616945677,1
svm,right_lateral__C,right_lateral,C,9,210,0,0.7890995096897852,1
svm,right_lateral__C,right_lateral,C,9,210,0,-1.5168344100358753,0
svm,right_lateral__C,right_lateral,C,9,210,0,0.9441955677643475,1
svm,right_lateral__C,right_lateral,C,9,210,0,1.1779014713285902,1
svm,right_lateral__C,right_lateral,C,9,210,0,-0.19170392879916298,0
svm,right_lateral__C,right_lateral,C,9,210,0,0.8196118478230486,1
svm,right_lateral__C,right_lateral,C,9,210,0,-1.1664203499124057,0
svm,right_lateral__C,right_lateral,C,9,210,0,1.805517090133955,1
svm,right_lateral__C,right_lateral,C,9,210,0,-0.3727730488633144,0
svm,right_lateral__C,right_lateral,C,9,210,0,0.26537887898134593,1
svm,right_lateral__C,right_lateral,C,9,210,0,1.247781935472426,1
svm,right_lateral__C,right_lateral,C,9,210,1,1.9861976822937861,1
svm,right_lateral__C,right_lateral,C,9,210,1,2.0944386531867365,1
svm,right_lateral__C,right_lateral,C,9,210,1,1.5833372351828188,1
svm,right_lateral__C,right_lateral,C,9,210,1,0.9082808707185931,1
svm,right_lateral__C,right_lateral,C,9,210,1,2.560484256688008,1
svm,right_lateral__C,right_lateral,C,9,210,1,3.3284328369605247,1
svm,right_lateral__C,right_lateral,C,9,210,1,1.7647453828175599,1
svm,right_lateral__C,right_lateral,C,9,210,1,3.207479887175404,1
svm,right_lateral__C,right_lateral,C,9,210,1,-0.10131340618541762,0
svm,right_lateral__C,right_lateral,C,9,210,1,0.8509128481086007,1
svm,right_lateral__C,right_lateral,C,9,210,1,3.017301529113007,1
svm,right_lateral__C,right_lateral,C,10,265,0,0.1512597633215233,1
svm,right_lateral__C,right_lateral,C,10,265,0,0.20860485308583693,1
svm,right_lateral__C,right_lateral,C,10,265,0,0.12485054868205364,1
svm,right_lateral__C,right_lateral,C,10,265,0,0.2707418387509966,1
svm,right_lateral__C,right_lateral,C,10,265,0,0.39931803008308947,1
svm,right_lateral__C,right_lateral,C,10,265,0,0.26573463581252205,1
svm,right_lateral__C,right_lateral,C,10,265,0,-0.6152238563179735,0
svm,right_lateral__C,right_lateral,C,10,265,0,-0.20182677285293898,0
svm,right_lateral__C,right_lateral,C,10,265,0,0.18692373139504276,1
svm,right_lateral__C,right_lateral,C,10,265,0,-0.5143734233544015,0
svm,right_lateral__C,right_lateral,C,10,265,0,-0.1520530020004775,0
svm,right_lateral__C,right_lateral,C,10,265,0,-0.5174900364841852,0
svm,right_lateral__C,right_lateral,C,10,265,0,-0.43325746185748487,0
svm,right_lateral__C,right_lateral,C,10,265,1,-0.4489175122044194,0
svm,right_lateral__C,right_lateral,C,10,265,1,-0.03860946238689483,0
svm,right_lateral__C,right_lateral,C,10,265,1,0.5337104280588854,1
svm,right_lateral__C,right_lateral,C,10,265,1,0.14967044434259108,1
svm,right_lateral__C,right_lateral,C,10,265,1,-0.28432059019253225,0
svm,right_lateral__C,right_lateral,C,10,265,1,-0.9147603634492552,0
svm,right_lateral__C,right_lateral,C,10,265,1,-0.3309620195698571,0
svm,right_lateral__C,right_lateral,C,10,265,1,-0.08691000689164768,0
svm,right_lateral__C,right_lateral,C,10,265,1,0.2839807760563326,1
svm,right_lateral__C,right_lateral,C,10,265,1,0.0890747453333221,1
svm,right_lateral__C,right_lateral,C,10,265,1,-0.1007629162450488,0
svm,both_lateral__A,both_lateral,A,1,249,0,-0.5299477524161791,0
svm,both_lateral__A,both_lateral,A,1,249,0,0.33004153912644973,1
svm,both_lateral__A,both_lateral,A,1,249,0,0.5800836466706674,1
svm,both_lateral__A,both_lateral,A,1,249,0,-0.7024407422743746,0
svm,both_lateral__A,both_lateral,A,1,249,0,-1.4979406476038672,0
svm,both_lateral__A,both_lateral,A,1,249,0,0.8561794092602959,1
svm,both_lateral__A,both_lateral,A,1,249,0,-0.20211910715533143,0
svm,both_lateral__A,both_lateral,A,1,249,0,-0.31438249293196563,0
svm,both_lateral__A,both_lateral,A,1,249,0,0.02678623099296651,1
svm,both_lateral__A,both_lateral,A,1,249,0,-0.8307998093333424,0
svm,both_lateral__A,both_lateral,A,1,249,0,-0.3564353321887008,0
svm,both_lateral__A,both_lateral,A,1,249,0,0.2857556002206092,1
svm,both_lateral__A,both_lateral,A,1,249,0,-0.22097017319834578,0
svm,both_lateral__A,both_lateral,A,1,249,0,0.7748568186987121,1
svm,both_lateral__A,both_lateral,A,1,249,0,-2.0360510156703064,0
svm,both_lateral__A,both_lateral,A,1,249,1,0.9912180532999884,1
svm,both_lateral__A,both_lateral,A,1,249,1,1.0646795818182753,1
svm,both_lateral__A,both_lateral,A,1,249,1,2.195599261471214,1
svm,both_lateral__A,both_lateral,A,1,249,1,1.16151665652988,1
svm,both_lateral__A,both_lateral,A,1,249,1,1.3204050310384812,1
svm,both_lateral__A,both_lateral,A,1,249,1,-0.1464137147810156,0
svm,both_lateral__A,both_lateral,A,1,249,1,0.35320479074932365,1
svm,both_lateral__A,both_lateral,A,1,249,1,0.6056302885376272,1
svm,both_lateral__A,both_lateral,A,1,249,1,0.8738295766665605,1
svm,both_lateral__A,both_lateral,A,1,249,1,0.5201693152535825,1
svm,both_lateral__A,both_lateral,A,1,249,1,-0.29166400338168863,0
svm,both_lateral__A,both_lateral,A,1,249,1,-0.18672466843669966,0
svm,both_lateral__A,both_lateral,A,1,249,1,1.215765586421,1
svm,both_lateral__A,both_lateral,A,1,249,1,0.14769086550994537,1
svm,both_lateral__A,both_lateral,A,1,249,1,0.9460065950335395,1
svm,both_lateral__A,both_lateral,A,1,249,1,0.696681173967642,1
svm,both_lateral__A,both_lateral,A,1,249,1,0.7711981391134479,1
svm,both_lateral__A,both_lateral,A,2,219,0,0.5092477439801932,1
svm,both_lateral__A,both_lateral,A,2,219,0,0.7990747780873431,1
svm,both_lateral__A,both_lateral,A,2,219,0,1.2068719226781575,1
svm,both_lateral__A,both_lateral,A,2,219,0,0.8159760199341033,1
svm,both_lateral__A,both_lateral,A,2,219,0,0.5084324338618149,1
svm,both_lateral__A,both_lateral,A,2,219,0,0.7214336794525646,1
svm,both_lateral__A,both_lateral,A,2,219,0,0.4106328342578358,1
svm,both_lateral__A,both_lateral,A,2,219,0,-2.5042852606508124,0
svm,both_lateral__A,both_lateral,A,2,219,0,1.0633907068512762,1
svm,both_lateral__A,both_lateral,A,2,219,0,-0.6000069089529045,0
svm,both_lateral__A,both_lateral,A,2,219,0,-0.34424828894429105,0
svm,both_lateral__A,both_lateral,A,2,219,0,0.04594276606248293,1
svm,both_lateral__A,both_lateral,A,2,219,0,-1.3152207529518538,0
svm,both_lateral__A,both_lateral,A,2,219,0,-0.30951405759572737,0
svm,both_lateral__A,both_lateral,A,2,219,1,0.6619228127708343,1
svm,both_lateral__A,both_lateral,A,2,219,1,1.683492136825647,1
svm,both_lateral__A,both_lateral,A,2,219,1,1.3221514764364901,1
svm,both_lateral__A,both_lateral,A,2,219,1,1.503552715232269,1
svm,both_lateral__A,both_lateral,A,2,219,1,1.2374105727502798,1
svm,both_lateral__A,both_lateral,A,2,219,1,1.301447942665492,1
svm,both_lateral__A,both_lateral,A,2,219,1,1.1796542234459526,1
svm,both_lateral__A,both_lateral,A,2,219,1,1.2016799273247951,1
svm,both_lateral__A,both_lateral,A,2,219,1,1.1016465674359122,1
svm,both_lateral__A,both_lateral,A,2,219,1,0.8259902182765426,1
svm,both_lateral__A,both_lateral,A,2,219,1,1.1714187116896397,1
svm,both_lateral__A,both_lateral,A,2,219,1,1.763614167595767,1
svm,both_lateral__A,both_lateral,A,2,219,1,1.1354114387689336,1
svm,both_lateral__A,both_lateral,A,2,219,1,0.7202636452652129,1
svm,both_lateral__A,both_lateral,A,2,219,1,0.8146637567204902,1
svm,both_lateral__A,both_lateral,A,2,219,1,1.5591867135380664,1
svm,both_lateral__A,both_lateral,A,3,313,0,-0.21285728509510282,0
svm,both_lateral__A,both_lateral,A,3,313,0,0.39188291036799283,1
svm,both_lateral__A,both_lateral,A,3,313,0,0.31899279028519223,1
svm,both_lateral__A,both_lateral,A,3,313,0,-0.31335975590405263,0
svm,both_lateral__A,both_lateral,A,3,313,0,0.27251705276122595,1
svm,both_lateral__A,both_lateral,A,3,313,0,0.21008718740080812,1
svm,both_lateral__A,both_lateral,A,3,313,0,-0.4685701892705021,0
svm,both_lateral__A,both_lateral,A,3,313,0,-0.04610287143721192,0
svm,both_lateral__A,both_lateral,A,3,313,0,-0.19593037384492762,0
svm,both_lateral__A,both_lateral,A,3,313,0,0.03199552476505574,1
svm,both_lateral__A,both_lateral,A,3,313,0,-0.22698221894196324,0
svm,both_lateral__A,both_lateral,A,3,313,0,-0.0015716395070410893,0
svm,both_lateral__A,both_lateral,A,3,313,0,0.389449340639512,1
svm,both_lateral__A,both_lateral,A,3,313,0,-0.005665472723397569,0
svm,both_lateral__A,both_lateral,A,3,313,0,0.543187063137426,1
svm,both_lateral__A,both_lateral,A,3,313,1,0.07355272631293175,1
svm,both_lateral__A,both_lateral,A,3,313,1,0.6434623064027234,1
svm,both_lateral__A,both_lateral,A,3,313,1,0.2740398285318296,1
svm,both_lateral__A,both_lateral,A,3,313,1,0.30750655970308005,1
svm,both_lateral__A,both_lateral,A,3,313,1,0.16539254528517822,1
svm,both_lateral__A,both_lateral,A,3,313,1,0.3517041923309814,1
svm,both_lateral__A,both_lateral,A,3,313,1,0.48368276389440745,1
svm,both_lateral__A,both_lateral,A,3,313,1,0.4314426358123118,1
svm,both_lateral__A,both_lateral,A,3,313,1,0.44561751816720085,1
svm,both_lateral__A,both_lateral,A,3,313,1,0.337083207892247,1
svm,both_lateral__A,both_lateral,A,3,313,1,-0.37336988522385683,0
svm,both_lateral__A,both_lateral,A,3,313,1,-0.103405394946395,0
svm,both_lateral__A,both_lateral,A,3,313,1,0.07664241751549827,1
svm,both_lateral__A,both_lateral,A,3,313,1,0.34095750310623696,1
svm,both_lateral__A,both_lateral,A,4,318,0,-0.02380844964702203,0
svm,both_lateral__A,both_lateral,A,4,318,0,-0.805431741191917,0
svm,both_lateral__A,both_lateral,A,4,318,0,0.0016444516715825308,1
svm,both_lateral__A,both_lateral,A,4,318,0,0.20887053264371044,1
svm,both_lateral__A,both_lateral,A,4,318,0,-0.10433241524436246,0
svm,both_lateral__A,both_lateral,A,4,318,0,-0.7796264895865197,0
svm,both_lateral__A,both_lateral,A,4,318,0,-0.48428222306240776,0
svm,both_lateral__A,both_lateral,A,4,318,0,-1.455942149936154,0
svm,both_lateral__A,both_lateral,A,4,318,0,-0.5522733321033241,0
svm,both_lateral__A,both_lateral,A,4,318,0,-0.16043285100909435,0
svm,both_lateral__A,both_lateral,A,4,318,0,-0.9594118788733196,0
svm,both_lateral__A,both_lateral,A,4,318,0,-0.45457497597680685,0
svm,both_lateral__A,both_lateral,A,4,318,0,-1.2177396803211518,0
svm,both_lateral__A,both_lateral,A,4,318,0,-0.5954970294612683,0
svm,both_lateral__A,both_lateral,A,4,318,1,-0.5075852958292678,0
svm,both_lateral__A,both_lateral,A,4,318,1,0.0559205928631514,1
svm,both_lateral__A,both_lateral,A,4,318,1,-0.26061606923069836,0
svm,both_lateral__A,both_lateral,A,4,318,1,-0.16920284840373392,0
svm,both_lateral__A,both_lateral,A,4,318,1,-0.04011612429721281,0
svm,both_lateral__A,both_lateral,A,4,318,1,-0.2888720572812218,0
svm,both_lateral__A,both_lateral,A,4,318,1,0.20492116078336206,1
svm,both_lateral__A,both_lateral,A,4,318,1,-0.2442837495367053,0
svm,both_lateral__A,both_lateral,A,4,318,1,0.369052337475261,1
svm,both_lateral__A,both_lateral,A,4,318,1,0.3432305619661571,1
svm,both_lateral__A,both_lateral,A,4,318,1,0.25998318032614165,1
svm,both_lateral__A,both_lateral,A,4,318,1,-0.02139365957938702,0
svm,both_lateral__A,both_lateral,A,4,318,1,0.25226817966474746,1
svm,both_lateral__A,both_lateral,A,4,318,1,-0.29137561096889786,0
svm,both_lateral__A,both_lateral,A,5,300,0,0.4340513514586808,1
svm,both_lateral__A,both_lateral,A,5,300,0,0.8668453058439736,1
svm,both_lateral__A,both_lateral,A,5,300,0,0.5091059114831107,1
svm,both_lateral__A,both_lateral,A,5,300,0,0.6991276802557194,1
svm,both_lateral__A,both_lateral,A,5,300,0,0.5373733784183459,1
svm,both_lateral__A,both_lateral,A,5,300,0,0.6005907432013073,1
svm,both_lateral__A,both_lateral,A,5,300,0,0.4708966531289973,1
svm,both_lateral__A,both_lateral,A,5,300,0,0.6961532598955567,1
svm,both_lateral__A,both_lateral,A,5,300,0,0.6148627172323182,1
svm,both_lateral__A,both_lateral,A,5,300,0,0.3879156701126507,1
svm,both_lateral__A,both_lateral,A,5,300,0,0.3432633559081709,1
svm,both_lateral__A,both_lateral,A,5,300,0,0.09479080548028596,1
svm,both_lateral__A,both_lateral,A,5,300,0,0.5088627531260967,1
svm,both_lateral__A,both_lateral,A,5,300,0,0.5418028494200076,1
svm,both_lateral__A,both_lateral,A,5,300,1,-0.010255843565939116,0
svm,both_lateral__A,both_lateral,A,5,300,1,0.5829266378105786,1
svm,both_lateral__A,both_lateral,A,5,300,1,0.5129951475952841,1
svm,both_lateral__A,both_lateral,A,5,300,1,0.16431720442966125,1
svm,both_lateral__A,both_lateral,A,5,300,1,0.4822581255493359,1
svm,both_lateral__A,both_lateral,A,5,300,1,0.17943677837548244,1
svm,both_lateral__A,both_lateral,A,5,300,1,0.27096233492664656,1
svm,both_lateral__A,both_lateral,A,5,300,1,-0.09255629006691624,0
svm,both_lateral__A,both_lateral,A,5,300,1,0.5417270671489625,1
svm,both_lateral__A,both_lateral,A,5,300,1,0.34740925112420373,1
svm,both_lateral__A,both_lateral,A,5,300,1,0.5177030157869282,1
svm,both_lateral__A,both_lateral,A,5,300,1,0.6559197050534331,1
svm,both_lateral__A,both_lateral,A,5,300,1,0.21970725826061854,1
svm,both_lateral__A,both_lateral,A,5,300,1,0.11556775338866987,1
svm,both_lateral__A,both_lateral,A,6,271,0,-0.06549561439172939,0
svm,both_lateral__A,both_lateral,A,6,271,0,-0.24626330796615598,0
svm,both_lateral__A,both_lateral,A,6,271,0,-0.34575066629062423,0
svm,both_lateral__A,both_lateral,A,6,271,0,0.01729556431905213,1
svm,both_lateral__A,both_lateral,A,6,271,0,0.2809522278842762,1
svm,both_lateral__A,both_lateral,A,6,271,0,0.13320073886542502,1
svm,both_lateral__A,both_lateral,A,6,271,0,-0.502806896325486,0
svm,both_lateral__A,both_lateral,A,6,271,0,-0.9303289242067913,0
svm,both_lateral__A,both_lateral,A,6,271,0,-1.0238360168998686,0
svm,both_lateral__A,both_lateral,A,6,271,0,-0.16047884460804157,0
svm,both_lateral__A,both_lateral,A,6,271,0,-0.20297508256155478,0
svm,both_lateral__A,both_lateral,A,6,271,0,-0.39123258580442266,0
svm,both_lateral__A,both_lateral,A,6,271,0,-0.7188404353832951,0
svm,both_lateral__A,both_lateral,A,6,271,0,-0.2187992900679548,0
svm,both_lateral__A,both_lateral,A,6,271,1,-0.40141114912314113,0
svm,both_lateral__A,both_lateral,A,6,271,1,0.32784597751393785,1
svm,both_lateral__A,both_lateral,A,6,271,1,-0.5055062969678723,0
svm,both_lateral__A,both_lateral,A,6,271,1,-0.14716510320776524,0
svm,both_lateral__A,both_lateral,A,6,271,1,-0.23562935249656777,0
svm,both_lateral__A,both_lateral,A,6,271,1,-0.43875725448114644,0
svm,both_lateral__A,both_lateral,A,6,271,1,0.002488663194075702,1
svm,both_lateral__A,both_lateral,A,6,271,1,-0.5416309098422817,0
svm,both_lateral__A,both_lateral,A,6,271,1,0.07471804763848391,1
svm,both_lateral__A,both_lateral,A,6,271,1,-0.19526516637099514,0
svm,both_lateral__A,both_lateral,A,6,271,1,-0.46180545279368923,0
svm,both_lateral__A,both_lateral,A,6,271,1,-0.1191380948725111,0
svm,both_lateral__A,both_lateral,A,6,271,1,0.10764859817844682,1
svm,both_lateral__A,both_lateral,A,6,271,1,-0.1311463324955286,0
svm,both_lateral__A,both_lateral,A,7,251,0,-1.5106722080684956,0
svm,both_lateral__A,both_lateral,A,7,251,0,-2.5110043679770855,0
svm,both_lateral__A,both_lateral,A,7,251,0,-2.3902015738214515,0
svm,both_lateral__A,both_lateral,A,7,251,0,-1.4337266901029087,0
svm,both_lateral__A,both_lateral,A,7,251,0,-2.032195559783868,0
svm,both_lateral__A,both_lateral,A,7,251,0,-1.3143421920812441,0
svm,both_lateral__A,both_lateral,A,7,251,0,-1.2961689965389418,0
svm,both_lateral__A,both_lateral,A,7,251,0,-2.141685850143176,0
svm,both_lateral__A,both_lateral,A,7,251,0,-2.7292989489316755,0
svm,both_lateral__A,both_lateral,A,7,251,0,-2.6059986145566607,0
svm,both_lateral__A,both_lateral,A,7,251,0,-2.2610513105401258,0
svm,both_lateral__A,both_lateral,A,7,251,0,-2.396257563022521,0
svm,both_lateral__A,both_lateral,A,7,251,0,-2.0565109684373817,0
svm,both_lateral__A,both_lateral,A,7,251,0,-2.30231763770494,0
svm,both_lateral__A,both_lateral,A,7,251,1,-0.9530043937042314,0
svm,both_lateral__A,both_lateral,A,7,251,1,-1.3171447020408091,0
svm,both_lateral__A,both_lateral,A,7,251,1,-1.2461183902006692,0
svm,both_lateral__A,both_lateral,A,7,251,1,-1.2616702486266873,0
svm,both_lateral__A,both_lateral,A,7,251,1,-1.8635322086605406,0
svm,both_lateral__A,both_lateral,A,7,251,1,-0.8674501491825969,0
svm,both_lateral__A,both_lateral,A,7,251,1,-1.7638727436384953,0
svm,both_lateral__A,both_lateral,A,7,251,1,-1.2681912119228524,0
svm,both_lateral__A,both_lateral,A,7,251,1,-0.817225005318867,0
svm,both_lateral__A,both_lateral,A,7,251,1,-1.6104767096424486,0
svm,both_lateral__A,both_lateral,A,7,251,1,-1.526071090206297,0
svm,both_lateral__A,both_lateral,A,7,251,1,-0.9782683890981685,0
svm,both_lateral__A,both_lateral,A,7,251,1,-0.4992927257681228,0
svm,both_lateral__A,both_lateral,A,8,282,0,-1.1121086030057374,0
svm,both_lateral__A,both_lateral,A,8,282,0,-0.9221447623058103,0
svm,both_lateral__A,both_lateral,A,8,282,0,-0.8414676715031073,0
svm,both_lateral__A,both_lateral,A,8,282,0,-0.8803359617239299,0
svm,both_lateral__A,both_lateral,A,8,282,0,-1.1095453507091333,0
svm,both_lateral__A,both_lateral,A,8,282,0,-0.8824301805578315,0
svm,both_lateral__A,both_lateral,A,8,282,0,-0.8546799075876055,0
svm,both_lateral__A,both_lateral,A,8,282,0,-0.7937835773115971,0
svm,both_lateral__A,both_lateral,A,8,282,0,-0.8862918274563835,0
svm,both_lateral__A,both_lateral,A,8,282,0,-0.7174834626572305,0
svm,both_lateral__A,both_lateral,A,8,282,0,-0.7553032368679597,0
svm,both_lateral__A,both_lateral,A,8,282,0,-0.7442241035670132,0
svm,both_lateral__A,both_lateral,A,8,282,0,-0.8906083816419085,0
svm,both_lateral__A,both_lateral,A,8,282,0,-0.7645889394346006,0
svm,both_lateral__A,both_lateral,A,8,282,1,0.6218122848102936,1
svm,both_lateral__A,both_lateral,A,8,282,1,1.0428059432521424,1
svm,both_lateral__A,both_lateral,A,8,282,1,0.8537039821261315,1
svm,both_lateral__A,both_lateral,A,8,282,1,0.977363181278987,1
svm,both_lateral__A,both_lateral,A,8,282,1,0.9711899698288388,1
svm,both_lateral__A,both_lateral,A,8,282,1,0.5735928397532958,1
svm,both_lateral__A,both_lateral,A,8,282,1,-0.1764123176180447,0
svm,both_lateral__A,both_lateral,A,8,282,1,0.44889551863100874,1
svm,both_lateral__A,both_lateral,A,8,282,1,1.0006821073993437,1
svm,both_lateral__A,both_lateral,A,8,282,1,0.9799570527515163,1
svm,both_lateral__A,both_lateral,A,8,282,1,0.8803830275895398,1
svm,both_lateral__A,both_lateral,A,9,210,0,-0.39436189795142873,0
svm,both_lateral__A,both_lateral,A,9,210,0,-0.5343007337662549,0
svm,both_lateral__A,both_lateral,A,9,210,0,-0.40666833476846165,0
svm,both_lateral__A,both_lateral,A,9,210,0,-0.1683290544809335,0
svm,both_lateral__A,both_lateral,A,9,210,0,-0.9883126901650172,0
svm,both_lateral__A,both_lateral,A,9,210,0,0.5723475869633479,1
svm,both_lateral__A,both_lateral,A,9,210,0,-0.3403759230899439,0
svm,both_lateral__A,both_lateral,A,9,210,0,0.41340378696854607,1
svm,both_lateral__A,both_lateral,A,9,210,0,-0.34078058514939613,0
svm,both_lateral__A,both_lateral,A,9,210,0,0.045778965251205506,1
svm,both_lateral__A,both_lateral,A,9,210,0,0.10236078355628564,1
svm,both_lateral__A,both_lateral,A,9,210,0,-0.8311047133442173,0
svm,both_lateral__A,both_lateral,A,9,210,0,-0.49736691218119233,0
svm,both_lateral__A,both_lateral,A,9,210,0,0.39883740983087534,1
svm,both_lateral__A,both_lateral,A,9,210,1,1.3537882023264647,1
svm,both_lateral__A,both_lateral,A,9,210,1,1.1861310637537095,1
svm,both_lateral__A,both_lateral,A,9,210,1,1.9708683867612837,1
svm,both_lateral__A,both_lateral,A,9,210,1,1.025592481862283,1
svm,both_lateral__A,both_lateral,A,9,210,1,1.572321210092083,1
svm,both_lateral__A,both_lateral,A,9,210,1,1.4463059530245292,1
svm,both_lateral__A,both_lateral,A,9,210,1,1.5099567975624666,1
svm,both_lateral__A,both_lateral,A,9,210,1,1.4392360427893056,1
svm,both_lateral__A,both_lateral,A,9,210,1,1.1900526944578118,1
svm,both_lateral__A,both_lateral,A,9,210,1,1.0210178053155978,1
svm,both_lateral__A,both_lateral,A,9,210,1,1.9469909404262573,1
svm,both_lateral__A,both_lateral,A,10,265,0,-1.382628480489554,0
svm,both_lateral__A,both_lateral,A,10,265,0,-0.7361501449685259,0
svm,both_lateral__A,both_lateral,A,10,265,0,-0.3920502750204373,0
svm,both_lateral__A,both_lateral,A,10,265,0,-0.45794462211835407,0
svm,both_lateral__A,both_lateral,A,10,265,0,-0.11219374239593405,0
svm,both_lateral__A,both_lateral,A,10,265,0,-0.17144862137561523,0
svm,both_lateral__A,both_lateral,A,10,265,0,-0.602281266158696,0
svm,both_lateral__A,both_lateral,A,10,265,0,-0.3094460977391065,0
svm,both_lateral__A,both_lateral,A,10,265,0,-0.4340967896037724,0
svm,both_lateral__A,both_lateral,A,10,265,0,-0.7192262608372526,0
svm,both_lateral__A,both_lateral,A,10,265,0,-0.6244832944107954,0
svm,both_lateral__A,both_lateral,A,10,265,0,-0.5690400033499965,0
svm,both_lateral__A,both_lateral,A,10,265,0,-1.1275904337437246,0
svm,both_lateral__A,both_lateral,A,10,265,1,-1.1206002493160407,0
svm,both_lateral__A,both_lateral,A,10,265,1,-0.8239082778649016,0
svm,both_lateral__A,both_lateral,A,10,265,1,0.15716863295202055,1
svm,both_lateral__A,both_lateral,A,10,265,1,0.25178109946818994,1
svm,both_lateral__A,both_lateral,A,10,265,1,-0.9076503900322819,0
svm,both_lateral__A,both_lateral,A,10,265,1,-0.6600169995002658,0
svm,both_lateral__A,both_lateral,A,10,265,1,-1.058490006468769,0
svm,both_lateral__A,both_lateral,A,10,265,1,-0.23107452296077602,0
svm,both_lateral__A,both_lateral,A,10,265,1,0.8254755056342629,1
svm,both_lateral__A,both_lateral,A,10,265,1,-0.14169722959426734,0
svm,both_lateral__A,both_lateral,A,10,265,1,-0.48578700566385846,0
svm,both_lateral__B,both_lateral,B,1,249,0,-0.8030052980432181,0
svm,both_lateral__B,both_lateral,B,1,249,0,-0.7117871924192486,0
svm,both_lateral__B,both_lateral,B,1,249,0,-0.8099327568508206,0
svm,both_lateral__B,both_lateral,B,1,249,0,-0.714488846357287,0
svm,both_lateral__B,both_lateral,B,1,249,0,-0.5249029255442432,0
svm,both_lateral__B,both_lateral,B,1,249,0,-0.6479705539666547,0
svm,both_lateral__B,both_lateral,B,1,249,0,-0.5877250996405415,0
svm,both_lateral__B,both_lateral,B,1,249,0,-0.6792691834994039,0
svm,both_lateral__B,both_lateral,B,1,249,0,-0.7808272932251747,0
svm,both_lateral__B,both_lateral,B,1,249,0,-0.8825317414386546,0
svm,both_lateral__B,both_lateral,B,1,249,0,-0.8010470798547227,0
svm,both_lateral__B,both_lateral,B,1,249,0,-0.6548536659714018,0
svm,both_lateral__B,both_lateral,B,1,249,0,-0.7997440778227608,0
svm,both_lateral__B,both_lateral,B,1,249,0,-0.6680228260589217,0
svm,both_lateral__B,both_lateral,B,1,249,0,-0.761237109788247,0
svm,both_lateral__B,both_lateral,B,1,249,1,-0.8486337902159933,0
svm,both_lateral__B,both_lateral,B,1,249,1,-0.6224031743349273,0
svm,both_lateral__B,both_lateral,B,1,249,1,-0.6940745866216387,0
svm,both_lateral__B,both_lateral,B,1,249,1,-0.6602351149219106,0
svm,both_lateral__B,both_lateral,B,1,249,1,-0.678492894370566,0
svm,both_lateral__B,both_lateral,B,1,249,1,-0.7704752489622332,0
svm,both_lateral__B,both_lateral,B,1,249,1,-0.666503954011397,0
svm,both_lateral__B,both_lateral,B,1,249,1,-0.7089040583292034,0
svm,both_lateral__B,both_lateral,B,1,249,1,-0.7363674436312667,0
svm,both_lateral__B,both_lateral,B,1,249,1,-0.7793156194611709,0
svm,both_lateral__B,both_lateral,B,1,249,1,-0.6685391571761504,0
svm,both_lateral__B,both_lateral,B,1,249,1,-0.7751687991962934,0
svm,both_lateral__B,both_lateral,B,1,249,1,-0.6806731478570188,0
svm,both_lateral__B,both_lateral,B,1,249,1,-0.7864838969105807,0
svm,both_lateral__B,both_lateral,B,1,249,1,-0.7091137550210098,0
svm,both_lateral__B,both_lateral,B,1,249,1,-0.6976504767246949,0
svm,both_lateral__B,both_lateral,B,1,249,1,-0.6881034874477887,0
svm,both_lateral__B,both_lateral,B,2,219,0,0.40174413579734614,1
svm,both_lateral__B,both_lateral,B,2,219,0,0.07293854648852041,1
svm,both_lateral__B,both_lateral,B,2,219,0,0.3573949046996189,1
svm,both_lateral__B,both_lateral,B,2,219,0,0.21203838683867587,1
svm,both_lateral__B,both_lateral,B,2,219,0,-0.05462368342018599,0
svm,both_lateral__B,both_lateral,B,2,219,0,0.846485897816237,1
svm,both_lateral__B,both_lateral,B,2,219,0,-0.6899539105984919,0
svm,both_lateral__B,both_lateral,B,2,219,0,0.1676826681602156,1
svm,both_lateral__B,both_lateral,B,2,219,0,-0.5801653124083114,0
svm,both_lateral__B,both_lateral,B,2,219,0,0.29473826779366585,1
svm,both_lateral__B,both_lateral,B,2,219,0,0.5839656163411708,1
svm,both_lateral__B,both_lateral,B,2,219,0,-0.03830291279115354,0
svm,both_lateral__B,both_lateral,B,2,219,0,0.19599541266333098,1
svm,both_lateral__B,both_lateral,B,2,219,0,-0.56357853938434,0
svm,both_lateral__B,both_lateral,B,2,219,1,0.03957358545827862,1
svm,both_lateral__B,both_lateral,B,2,219,1,0.41759106209659697,1
svm,both_lateral__B,both_lateral,B,2,219,1,0.8129184370822569,1
svm,both_lateral__B,both_lateral,B,2,219,1,-0.4255009076527984,0
svm,both_lateral__B,both_lateral,B,2,219,1,0.8455213188191458,1
svm,both_lateral__B,both_lateral,B,2,219,1,-0.762791484342361,0
svm,both_lateral__B,both_lateral,B,2,219,1,-0.30415817066773704,0
svm,both_lateral__B,both_lateral,B,2,219,1,-0.04391000721032755,0
svm,both_lateral__B,both_lateral,B,2,219,1,-0.35838114174047425,0
svm,both_lateral__B,both_lateral,B,2,219,1,-0.39727204848663905,0
svm,both_lateral__B,both_lateral,B,2,219,1,-0.6121883808720154,0
svm,both_lateral__B,both_lateral,B,2,219,1,0.03881168570955902,1
svm,both_lateral__B,both_lateral,B,2,219,1,-0.753590885110071,0
svm,both_lateral__B,both_lateral,B,2,219,1,-0.495982031994258,0
svm,both_lateral__B,both_lateral,B,2,219,1,0.38598029012428475,1
svm,both_lateral__B,both_lateral,B,2,219,1,0.09074588612829869,1
svm,both_lateral__B,both_lateral,B,3,313,0,0.8228789490938206,1
svm,both_lateral__B,both_lateral,B,3,313,0,-0.4915956749878499,0
svm,both_lateral__B,both_lateral,B,3,313,0,-0.22356293805791855,0
svm,both_lateral__B,both_lateral,B,3,313,0,-0.11654038665822647,0
svm,both_lateral__B,both_lateral,B,3,313,0,0.19742260210107732,1
svm,both_lateral__B,both_lateral,B,3,313,0,0.16220430040385714,1
svm,both_lateral__B,both_lateral,B,3,313,0,0.4635743984710949,1
svm,both_lateral__B,both_lateral,B,3,313,0,-0.10859056459201114,0
svm,both_lateral__B,both_lateral,B,3,313,0,0.5303558939046573,1
svm,both_lateral__B,both_lateral,B,3,313,0,0.01719843490965449,1
svm,both_lateral__B,both_lateral,B,3,313,0,0.04807521134599978,1
svm,both_lateral__B,both_lateral,B,3,313,0,0.44859184527077817,1
svm,both_lateral__B,both_lateral,B,3,313,0,0.1298788132956915,1
svm,both_lateral__B,both_lateral,B,3,313,0,0.1441788965777065,1
svm,both_lateral__B,both_lateral,B,3,313,0,-0.2478701583173636,0
svm,both_lateral__B,both_lateral,B,3,313,1,0.03986566179583702,1
svm,both_lateral__B,both_lateral,B,3,313,1,-0.5007883479922319,0
svm,both_lateral__B,both_lateral,B,3,313,1,-0.35999476393286,0
svm,both_lateral__B,both_lateral,B,3,313,1,-0.30464810316790264,0
svm,both_lateral__B,both_lateral,B,3,313,1,0.4586437902839359,1
svm,both_lateral__B,both_lateral,B,3,313,1,0.36452513088495153,1
svm,both_lateral__B,both_lateral,B,3,313,1,0.4210162573806473,1
svm,both_lateral__B,both_lateral,B,3,313,1,-0.13443636315872168,0
svm,both_lateral__B,both_lateral,B,3,313,1,-0.5363565203362342,0
svm,both_lateral__B,both_lateral,B,3,313,1,0.2046547711360871,1
svm,both_lateral__B,both_lateral,B,3,313,1,-0.17019438836861336,0
svm,both_lateral__B,both_lateral,B,3,313,1,0.3521670675559926,1
svm,both_lateral__B,both_lateral,B,3,313,1,-0.01820406513826986,0
svm,both_lateral__B,both_lateral,B,3,313,1,-0.08667645650725828,0
svm,both_lateral__B,both_lateral,B,4,318,0,-0.6543575054754931,0
svm,both_lateral__B,both_lateral,B,4,318,0,-0.6867078205928387,0
svm,both_lateral__B,both_lateral,B,4,318,0,-0.8281081784857948,0
svm,both_lateral__B,both_lateral,B,4,318,0,-0.8141425831959725,0
svm,both_lateral__B,both_lateral,B,4,318,0,-0.7316792360829585,0
svm,both_lateral__B,both_lateral,B,4,318,0,-0.7175753658902145,0
svm,both_lateral__B,both_lateral,B,4,318,0,-0.813482463531604,0
svm,both_lateral__B,both_lateral,B,4,318,0,-0.667399742660093,0
svm,both_lateral__B,both_lateral,B,4,318,0,-0.6875256720683485,0
svm,both_lateral__B,both_lateral,B,4,318,0,-0.7814252523327385,0
svm,both_lateral__B,both_lateral,B,4,318,0,-0.742347729816849,0
svm,both_lateral__B,both_lateral,B,4,318,0,-0.8388637993026966,0
svm,both_lateral__B,both_lateral,B,4,318,0,-0.7316759050481197,0
svm,both_lateral__B,both_lateral,B,4,318,0,-0.6753239068789216,0
svm,both_lateral__B,both_lateral,B,4,318,1,-0.7535658646288752,0
svm,both_lateral__B,both_lateral,B,4,318,1,-0.7719043493233035,0
svm,both_lateral__B,both_lateral,B,4,318,1,-0.7043168153431407,0
svm,both_lateral__B,both_lateral,B,4,318,1,-0.7490891824809631,0
svm,both_lateral__B,both_lateral,B,4,318,1,-0.7166879071525641,0
svm,both_lateral__B,both_lateral,B,4,318,1,-0.8098354776339423,0
svm,both_lateral__B,both_lateral,B,4,318,1,-0.6687861647174362,0
svm,both_lateral__B,both_lateral,B,4,318,1,-0.7948687393897401,0
svm,both_lateral__B,both_lateral,B,4,318,1,-0.6995514242442132,0
svm,both_lateral__B,both_lateral,B,4,318,1,-0.7371566545194898,0
svm,both_lateral__B,both_lateral,B,4,318,1,-0.7877096299137489,0
svm,both_lateral__B,both_lateral,B,4,318,1,-0.6626116994814151,0
svm,both_lateral__B,both_lateral,B,4,318,1,-0.7959663414227809,0
svm,both_lateral__B,both_lateral,B,4,318,1,-0.8205914966756682,0
svm,both_lateral__B,both_lateral,B,5,300,0,0.3066225685783579,1
svm,both_lateral__B,both_lateral,B,5,300,0,-0.41919710507228736,0
svm,both_lateral__B,both_lateral,B,5,300,0,0.08786182841048903,1
svm,both_lateral__B,both_lateral,B,5,300,0,0.3962140156850956,1
svm,both_lateral__B,both_lateral,B,5,300,0,0.46404077057387483,1
svm,both_lateral__B,both_lateral,B,5,300,0,-0.2727723271880492,0
svm,both_lateral__B,both_lateral,B,5,300,0,-0.8784667730427783,0
svm,both_lateral__B,both_lateral,B,5,300,0,-0.32865865505962943,0
svm,both_lateral__B,both_lateral,B,5,300,0,-0.34195650737182137,0
svm,both_lateral__B,both_lateral,B,5,300,0,-0.13561297287656773,0
svm,both_lateral__B,both_lateral,B,5,300,0,-0.5147254801068831,0
svm,both_lateral__B,both_lateral,B,5,300,0,-0.4543810881689846,0
svm,both_lateral__B,both_lateral,B,5,300,0,-0.4804774209850906,0
svm,both_lateral__B,both_lateral,B,5,300,0,0.030808805785263654,1
svm,both_lateral__B,both_lateral,B,5,300,1,-0.5104652753508468,0
svm,both_lateral__B,both_lateral,B,5,300,1,-0.9209152570667939,0
svm,both_lateral__B,both_lateral,B,5,300,1,-0.16287555304563842,0
svm,both_lateral__B,both_lateral,B,5,300,1,0.31852616440686243,1
svm,both_lateral__B,both_lateral,B,5,300,1,0.018981921472489643,1
svm,both_lateral__B,both_lateral,B,5,300,1,-0.7366348470066442,0
svm,both_lateral__B,both_lateral,B,5,300,1,-0.4890270756262932,0
svm,both_lateral__B,both_lateral,B,5,300,1,-0.961886206665796,0
svm,both_lateral__B,both_lateral,B,5,300,1,-0.7530197493206003,0
svm,both_lateral__B,both_lateral,B,5,300,1,-0.8975802112766813,0
svm,both_lateral__B,both_lateral,B,5,300,1,-0.6463188615571402,0
svm,both_lateral__B,both_lateral,B,5,300,1,-0.5096274092534271,0
svm,both_lateral__B,both_lateral,B,5,300,1,-0.3452517749812898,0
svm,both_lateral__B,both_lateral,B,5,300,1,-0.7424337751997596,0
svm,both_lateral__B,both_lateral,B,6,271,0,1.4974303543748326,1
svm,both_lateral__B,both_lateral,B,6,271,0,0.44485346262653425,1
svm,both_lateral__B,both_lateral,B,6,271,0,0.12255294657242077,1
svm,both_lateral__B,both_lateral,B,6,271,0,0.34483654605617053,1
svm,both_lateral__B,both_lateral,B,6,271,0,-0.567914903048471,0
svm,both_lateral__B,both_lateral,B,6,271,0,-0.34121947691689447,0
svm,both_lateral__B,both_lateral,B,6,271,0,0.4477472355224924,1
svm,both_lateral__B,both_lateral,B,6,271,0,1.0397162188840183,1
svm,both_lateral__B,both_lateral,B,6,271,0,0.3500620815643739,1
svm,both_lateral__B,both_lateral,B,6,271,0,1.1513831183890049,1
svm,both_lateral__B,both_lateral,B,6,271,0,0.4395266486933621,1
svm,both_lateral__B,both_lateral,B,6,271,0,2.041064339347844,1
svm,both_lateral__B,both_lateral,B,6,271,0,0.6910072803234227,1
svm,both_lateral__B,both_lateral,B,6,271,0,-0.8523465099036688,0
svm,both_lateral__B,both_lateral,B,6,271,1,-0.059276766017642646,0
svm,both_lateral__B,both_lateral,B,6,271,1,-0.2935187836719354,0
svm,both_lateral__B,both_lateral,B,6,271,1,0.6125078500269733,1
svm,both_lateral__B,both_lateral,B,6,271,1,-1.4935331804424052,0
svm,both_lateral__B,both_lateral,B,6,271,1,-1.6931566233388091,0
svm,both_lateral__B,both_lateral,B,6,271,1,-0.7368334226106071,0
svm,both_lateral__B,both_lateral,B,6,271,1,0.009269114073081508,1
svm,both_lateral__B,both_lateral,B,6,271,1,-0.19563535449735248,0
svm,both_lateral__B,both_lateral,B,6,271,1,0.15494259400889876,1
svm,both_lateral__B,both_lateral,B,6,271,1,0.1258521189998657,1
svm,both_lateral__B,both_lateral,B,6,271,1,-2.1220547501177163,0
svm,both_lateral__B,both_lateral,B,6,271,1,0.15749044946991264,1
svm,both_lateral__B,both_lateral,B,6,271,1,0.6180982525427573,1
svm,both_lateral__B,both_lateral,B,6,271,1,0.5142488781533286,1
svm,both_lateral__B,both_lateral,B,7,251,0,-0.824256125525214,0
svm,both_lateral__B,both_lateral,B,7,251,0,-0.6610086088392436,0
svm,both_lateral__B,both_lateral,B,7,251,0,-0.7202253469216194,0
svm,both_lateral__B,both_lateral,B,7,251,0,-0.7973349622842669,0
svm,both_lateral__B,both_lateral,B,7,251,0,-0.6999818965519109,0
svm,both_lateral__B,both_lateral,B,7,251,0,-0.7453183825219325,0
svm,both_lateral__B,both_lateral,B,7,251,0,-0.8027848027723204,0
svm,both_lateral__B,both_lateral,B,7,251,0,-0.8088315976191073,0
svm,both_lateral__B,both_lateral,B,7,251,0,-0.7167725231015646,0
svm,both_lateral__B,both_lateral,B,7,251,0,-0.6936484059444132,0
svm,both_lateral__B,both_lateral,B,7,251,0,-0.6008868540025556,0
svm,both_lateral__B,both_lateral,B,7,251,0,-0.6569487829312826,0
svm,both_lateral__B,both_lateral,B,7,251,0,-0.5910222836509527,0
svm,both_lateral__B,both_lateral,B,7,251,0,-0.5958545379615428,0
svm,both_lateral__B,both_lateral,B,7,251,1,-0.6580509837691751,0
svm,both_lateral__B,both_lateral,B,7,251,1,-0.7083614040915933,0
svm,both_lateral__B,both_lateral,B,7,251,1,-0.6793972556294429,0
svm,both_lateral__B,both_lateral,B,7,251,1,-0.6572396404850203,0
svm,both_lateral__B,both_lateral,B,7,251,1,-0.7507370655404468,0
svm,both_lateral__B,both_lateral,B,7,251,1,-0.8094531540482713,0
svm,both_lateral__B,both_lateral,B,7,251,1,-0.6567336679741977,0
svm,both_lateral__B,both_lateral,B,7,251,1,-0.809059700053122,0
svm,both_lateral__B,both_lateral,B,7,251,1,-0.6973249707781345,0
svm,both_lateral__B,both_lateral,B,7,251,1,-0.7144270606663552,0
svm,both_lateral__B,both_lateral,B,7,251,1,-0.7385387463026907,0
svm,both_lateral__B,both_lateral,B,7,251,1,-0.75671305537574,0
svm,both_lateral__B,both_lateral,B,7,251,1,-0.6674145499897131,0
svm,both_lateral__B,both_lateral,B,8,282,0,0.7116707055627717,1
svm,both_lateral__B,both_lateral,B,8,282,0,0.8733798445280021,1
svm,both_lateral__B,both_lateral,B,8,282,0,0.7955259397150657,1
svm,both_lateral__B,both_lateral,B,8,282,0,0.6441072370099743,1
svm,both_lateral__B,both_lateral,B,8,282,0,0.7623060399445389,1
svm,both_lateral__B,both_lateral,B,8,282,0,0.6925387755488853,1
svm,both_lateral__B,both_lateral,B,8,282,0,0.65981419785951,1
svm,both_lateral__B,both_lateral,B,8,282,0,0.5575970067350497,1
svm,both_lateral__B,both_lateral,B,8,282,0,0.7179871823346329,1
svm,both_lateral__B,both_lateral,B,8,282,0,0.8027108643991251,1
svm,both_lateral__B,both_lateral,B,8,282,0,0.7819549178896418,1
svm,both_lateral__B,both_lateral,B,8,282,0,0.7184060131646453,1
svm,both_lateral__B,both_lateral,B,8,282,0,0.8102770616118434,1
svm,both_lateral__B,both_lateral,B,8,282,0,0.5909674985353179,1
svm,both_lateral__B,both_lateral,B,8,282,1,0.8719471959115312,1
svm,both_lateral__B,both_lateral,B,8,282,1,0.7393585244391347,1
svm,both_lateral__B,both_lateral,B,8,282,1,0.7381951722578735,1
svm,both_lateral__B,both_lateral,B,8,282,1,0.728103510311219,1
svm,both_lateral__B,both_lateral,B,8,282,1,0.7690237246149754,1
svm,both_lateral__B,both_lateral,B,8,282,1,0.8001451778289587,1
svm,both_lateral__B,both_lateral,B,8,282,1,0.7652031749895247,1
svm,both_lateral__B,both_lateral,B,8,282,1,0.6751425850515356,1
svm,both_lateral__B,both_lateral,B,8,282,1,0.6755881982079253,1
svm,both_lateral__B,both_lateral,B,8,282,1,0.6280491395683576,1
svm,both_lateral__B,both_lateral,B,8,282,1,0.6501590818719597,1
svm,both_lateral__B,both_lateral,B,9,210,0,0.6766014944068587,1
svm,both_lateral__B,both_lateral,B,9,210,0,-0.07598341075935555,0
svm,both_lateral__B,both_lateral,B,9,210,0,-0.3343684368422293,0
svm,both_lateral__B,both_lateral,B,9,210,0,0.5190444157952483,1
svm,both_lateral__B,both_lateral,B,9,210,0,0.2230147252211505,1
svm,both_lateral__B,both_lateral,B,9,210,0,-0.3638043735480071,0
svm,both_lateral__B,both_lateral,B,9,210,0,0.37867832289705994,1
svm,both_lateral__B,both_lateral,B,9,210,0,0.026502970695892802,1
svm,both_lateral__B,both_lateral,B,9,210,0,0.5367802763081964,1
svm,both_lateral__B,both_lateral,B,9,210,0,-0.5325644743299552,0
svm,both_lateral__B,both_lateral,B,9,210,0,-0.5186849416078368,0
svm,both_lateral__B,both_lateral,B,9,210,0,0.3297198008230634,1
svm,both_lateral__B,both_lateral,B,9,210,0,0.6841195216175469,1
svm,both_lateral__B,both_lateral,B,9,210,0,0.060445895087533175,1
svm,both_lateral__B,both_lateral,B,9,210,1,-0.06842708994332447,0
svm,both_lateral__B,both_lateral,B,9,210,1,0.51020700812457,1
svm,both_lateral__B,both_lateral,B,9,210,1,0.31514156763837264,1
svm,both_lateral__B,both_lateral,B,9,210,1,-0.12965949084951855,0
svm,both_lateral__B,both_lateral,B,9,210,1,-0.015970939923224847,0
svm,both_lateral__B,both_lateral,B,9,210,1,-0.120298784382874,0
svm,both_lateral__B,both_lateral,B,9,210,1,-0.012952273061455744,0
svm,both_lateral__B,both_lateral,B,9,210,1,-0.05740040477182351,0
svm,both_lateral__B,both_lateral,B,9,210,1,-0.26505950952129054,0
svm,both_lateral__B,both_lateral,B,9,210,1,0.44869131630521886,1
svm,both_lateral__B,both_lateral,B,9,210,1,0.07925042609628985,1
svm,both_lateral__B,both_lateral,B,10,265,0,-0.631622623075937,0
svm,both_lateral__B,both_lateral,B,10,265,0,-0.5912419260252312,0
svm,both_lateral__B,both_lateral,B,10,265,0,-0.6118367573744083,0
svm,both_lateral__B,both_lateral,B,10,265,0,-0.7322736170087213,0
svm,both_lateral__B,both_lateral,B,10,265,0,-0.765500715358208,0
svm,both_lateral__B,both_lateral,B,10,265,0,-0.7699771285542765,0
svm,both_lateral__B,both_lateral,B,10,265,0,-0.6874195535007105,0
svm,both_lateral__B,both_lateral,B,10,265,0,-0.7947837443762754,0
svm,both_lateral__B,both_lateral,B,10,265,0,-0.5302179363850685,0
svm,both_lateral__B,both_lateral,B,10,265,0,-0.78121850013882,0
svm,both_lateral__B,both_lateral,B,10,265,0,-0.7929628473930281,0
svm,both_lateral__B,both_lateral,B,10,265,0,-0.8760896641847769,0
svm,both_lateral__B,both_lateral,B,10,265,0,-0.670967537604197,0
svm,both_lateral__B,both_lateral,B,10,265,1,-0.7238333436027071,0
svm,both_lateral__B,both_lateral,B,10,265,1,-0.827630230980835,0
svm,both_lateral__B,both_lateral,B,10,265,1,-0.7619300788336112,0
svm,both_lateral__B,both_lateral,B,10,265,1,-0.6957223648259342,0
svm,both_lateral__B,both_lateral,B,10,265,1,-0.8251867762500583,0
svm,both_lateral__B,both_lateral,B,10,265,1,-0.6917075826822376,0
svm,both_lateral__B,both_lateral,B,10,265,1,-0.7378688046797001,0
svm,both_lateral__B,both_lateral,B,10,265,1,-0.6913809532421215,0
svm,both_lateral__B,both_lateral,B,10,265,1,-0.6779483439661935,0
svm,both_lateral__B,both_lateral,B,10,265,1,-0.6769533165164279,0
svm,both_lateral__B,both_lateral,B,10,265,1,-0.6534865841003635,0
svm,both_lateral__C,both_lateral,C,1,249,0,0.7122695060369622,1
svm,both_lateral__C,both_lateral,C,1,249,0,0.08989328925429207,1
svm,both_lateral__C,both_lateral,C,1,249,0,0.5110471628001609,1
svm,both_lateral__C,both_lateral,C,1,249,0,-0.29489085932615167,0
svm,both_lateral__C,both_lateral,C,1,249,0,0.7740895793017963,1
svm,both_lateral__C,both_lateral,C,1,249,0,0.258009546088926,1
svm,both_lateral__C,both_lateral,C,1,249,0,0.2584212735708955,1
svm,both_lateral__C,both_lateral,C,1,249,0,-0.05425602783057526,0
svm,both_lateral__C,both_lateral,C,1,249,0,0.11133223528514025,1
svm,both_lateral__C,both_lateral,C,1,249,0,-1.380928735294248,0
svm,both_lateral__C,both_lateral,C,1,249,0,0.2707106389833478,1
svm,both_lateral__C,both_lateral,C,1,249,0,1.0579287098080665,1
svm,both_lateral__C,both_lateral,C,1,249,0,-0.6345057814028645,0
svm,both_lateral__C,both_lateral,C,1,249,0,1.1142717391388541,1
svm,both_lateral__C,both_lateral,C,1,249,0,-1.4854745328976846,0
svm,both_lateral__C,both_lateral,C,1,249,1,0.014605569442857291,1
svm,both_lateral__C,both_lateral,C,1,249,1,1.1915505444438472,1
svm,both_lateral__C,both_lateral,C,1,249,1,0.9826364427565779,1
svm,both_lateral__C,both_lateral,C,1,249,1,1.166117819263746,1
svm,both_lateral__C,both_lateral,C,1,249,1,0.5912714355203037,1
svm,both_lateral__C,both_lateral,C,1,249,1,0.18933358948523393,1
svm,both_lateral__C,both_lateral,C,1,249,1,-0.0977935314603875,0
svm,both_lateral__C,both_lateral,C,1,249,1,0.40867606830615033,1
svm,both_lateral__C,both_lateral,C,1,249,1,0.8785575155296423,1
svm,both_lateral__C,both_lateral,C,1,249,1,0.813286232334518,1
svm,both_lateral__C,both_lateral,C,1,249,1,-0.2602410239451092,0
svm,both_lateral__C,both_lateral,C,1,249,1,0.38786749605038784,1
svm,both_lateral__C,both_lateral,C,1,249,1,1.5728864601451957,1
svm,both_lateral__C,both_lateral,C,1,249,1,0.7569981548822242,1
svm,both_lateral__C,both_lateral,C,1,249,1,0.11455632130456239,1
svm,both_lateral__C,both_lateral,C,1,249,1,1.8636610311328616,1
svm,both_lateral__C,both_lateral,C,1,249,1,1.0277049158916074,1
svm,both_lateral__C,both_lateral,C,2,219,0,0.22040867872676478,1
svm,both_lateral__C,both_lateral,C,2,219,0,0.2729535869596271,1
svm,both_lateral__C,both_lateral,C,2,219,0,0.3832891637112917,1
svm,both_lateral__C,both_lateral,C,2,219,0,0.44287219144837264,1
svm,both_lateral__C,both_lateral,C,2,219,0,0.3585154884972515,1
svm,both_lateral__C,both_lateral,C,2,219,0,0.8114352217044832,1
svm,both_lateral__C,both_lateral,C,2,219,0,0.03074348250012159,1
svm,both_lateral__C,both_lateral,C,2,219,0,-0.3383933144457601,0
svm,both_lateral__C,both_lateral,C,2,219,0,0.7393701659843143,1
svm,both_lateral__C,both_lateral,C,2,219,0,0.048312357106131076,1
svm,both_lateral__C,both_lateral,C,2,219,0,0.134205714008418,1
svm,both_lateral__C,both_lateral,C,2,219,0,0.0627459835486938,1
svm,both_lateral__C,both_lateral,C,2,219,0,-0.09046907385157003,0
svm,both_lateral__C,both_lateral,C,2,219,0,-0.08901725888796627,0
svm,both_lateral__C,both_lateral,C,2,219,1,0.4016866580010497,1
svm,both_lateral__C,both_lateral,C,2,219,1,0.8820570001671245,1
svm,both_lateral__C,both_lateral,C,2,219,1,0.8565559160975368,1
svm,both_lateral__C,both_lateral,C,2,219,1,0.6860061184333173,1
svm,both_lateral__C,both_lateral,C,2,219,1,0.8100107310634412,1
svm,both_lateral__C,both_lateral,C,2,219,1,0.31565311863532636,1
svm,both_lateral__C,both_lateral,C,2,219,1,0.315353727268582,1
svm,both_lateral__C,both_lateral,C,2,219,1,0.7981114249438288,1
svm,both_lateral__C,both_lateral,C,2,219,1,0.4903703781748259,1
svm,both_lateral__C,both_lateral,C,2,219,1,0.4683381094240025,1
svm,both_lateral__C,both_lateral,C,2,219,1,0.3549668021601582,1
svm,both_lateral__C,both_lateral,C,2,219,1,0.40686362406302884,1
svm,both_lateral__C,both_lateral,C,2,219,1,0.24873646353490633,1
svm,both_lateral__C,both_lateral,C,2,219,1,0.33625063435505104,1
svm,both_lateral__C,both_lateral,C,2,219,1,0.5866308260163885,1
svm,both_lateral__C,both_lateral,C,2,219,1,0.501287333841636,1
svm,both_lateral__C,both_lateral,C,3,313,0,0.21153056298739678,1
svm,both_lateral__C,both_lateral,C,3,313,0,0.2603564517843179,1
svm,both_lateral__C,both_lateral,C,3,313,0,0.5827222770990429,1
svm,both_lateral__C,both_lateral,C,3,313,0,0.0567370516278721,1
svm,both_lateral__C,both_lateral,C,3,313,0,0.6051221720621183,1
svm,both_lateral__C,both_lateral,C,3,313,0,0.5108916348418647,1
svm,both_lateral__C,both_lateral,C,3,313,0,0.43745232968190473,1
svm,both_lateral__C,both_lateral,C,3,313,0,0.3255074778141981,1
svm,both_lateral__C,both_lateral,C,3,313,0,0.6779365047862846,1
svm,both_lateral__C,both_lateral,C,3,313,0,0.23235144848215314,1
svm,both_lateral__C,both_lateral,C,3,313,0,-0.2324721342459181,0
svm,both_lateral__C,both_lateral,C,3,313,0,0.6359983478068314,1
svm,both_lateral__C,both_lateral,C,3,313,0,0.5952270214435402,1
svm,both_lateral__C,both_lateral,C,3,313,0,0.41886024820149304,1
svm,both_lateral__C,both_lateral,C,3,313,0,0.7156615988199835,1
svm,both_lateral__C,both_lateral,C,3,313,1,0.009708529109339253,1
svm,both_lateral__C,both_lateral,C,3,313,1,0.28751200069224847,1
svm,both_lateral__C,both_lateral,C,3,313,1,-0.12270914611847286,0
svm,both_lateral__C,both_lateral,C,3,313,1,0.31010670544877317,1
svm,both_lateral__C,both_lateral,C,3,313,1,0.5874367550408718,1
svm,both_lateral__C,both_lateral,C,3,313,1,0.7597364282648083,1
svm,both_lateral__C,both_lateral,C,3,313,1,0.6889268540612263,1
svm,both_lateral__C,both_lateral,C,3,313,1,0.41683317517386964,1
svm,both_lateral__C,both_lateral,C,3,313,1,0.15068569209922653,1
svm,both_lateral__C,both_lateral,C,3,313,1,0.7520105510422685,1
svm,both_lateral__C,both_lateral,C,3,313,1,0.4163844412229917,1
svm,both_lateral__C,both_lateral,C,3,313,1,0.46183247652053994,1
svm,both_lateral__C,both_lateral,C,3,313,1,0.4463858506352426,1
svm,both_lateral__C,both_lateral,C,3,313,1,0.33860704197260816,1
svm,both_lateral__C,both_lateral,C,4,318,0,0.05721765164338425,1
svm,both_lateral__C,both_lateral,C,4,318,0,-0.6026046105400233,0
svm,both_lateral__C,both_lateral,C,4,318,0,-0.21164921626727848,0
svm,both_lateral__C,both_lateral,C,4,318,0,-0.2992428704544191,0
svm,both_lateral__C,both_lateral,C,4,318,0,-0.3366693407960721,0
svm,both_lateral__C,both_lateral,C,4,318,0,-0.5591976731020338,0
svm,both_lateral__C,both_lateral,C,4,318,0,-0.9381423267683785,0
svm,both_lateral__C,both_lateral,C,4,318,0,-0.7674554002642257,0
svm,both_lateral__C,both_lateral,C,4,318,0,-0.07257082177475835,0
svm,both_lateral__C,both_lateral,C,4,318,0,-0.4819207419322474,0
svm,both_lateral__C,both_lateral,C,4,318,0,-0.5607495396054571,0
svm,both_lateral__C,both_lateral,C,4,318,0,-0.7234298862259273,0
svm,both_lateral__C,both_lateral,C,4,318,0,-0.9135118442679625,0
svm,both_lateral__C,both_lateral,C,4,318,0,-0.42004040138352977,0
svm,both_lateral__C,both_lateral,C,4,318,1,-0.4793106730944711,0
svm,both_lateral__C,both_lateral,C,4,318,1,0.055160117918078656,1
svm,both_lateral__C,both_lateral,C,4,318,1,-0.23094788637115046,0
svm,both_lateral__C,both_lateral,C,4,318,1,-0.04896359457448115,0
svm,both_lateral__C,both_lateral,C,4,318,1,-0.26314458156183523,0
svm,both_lateral__C,both_lateral,C,4,318,1,-0.6531822467126298,0
svm,both_lateral__C,both_lateral,C,4,318,1,0.7276669572429108,1
svm,both_lateral__C,both_lateral,C,4,318,1,-0.38345151064911115,0
svm,both_lateral__C,both_lateral,C,4,318,1,0.6513395301003129,1
svm,both_lateral__C,both_lateral,C,4,318,1,0.6875599458805634,1
svm,both_lateral__C,both_lateral,C,4,318,1,0.07868654713680714,1
svm,both_lateral__C,both_lateral,C,4,318,1,0.6349528507949893,1
svm,both_lateral__C,both_lateral,C,4,318,1,0.021714055946503143,1
svm,both_lateral__C,both_lateral,C,4,318,1,-0.20881437498870473,0
svm,both_lateral__C,both_lateral,C,5,300,0,0.8227388650711579,1
svm,both_lateral__C,both_lateral,C,5,300,0,0.9199863539771426,1
svm,both_lateral__C,both_lateral,C,5,300,0,0.6831632388786072,1
svm,both_lateral__C,both_lateral,C,5,300,0,0.6919193025930548,1
svm,both_lateral__C,both_lateral,C,5,300,0,1.0591081575628094,1
svm,both_lateral__C,both_lateral,C,5,300,0,0.8817751914032,1
svm,both_lateral__C,both_lateral,C,5,300,0,0.6529273096467682,1
svm,both_lateral__C,both_lateral,C,5,300,0,1.1563042165585813,1
svm,both_lateral__C,both_lateral,C,5,300,0,0.6796891471912374,1
svm,both_lateral__C,both_lateral,C,5,300,0,0.6204707434392079,1
svm,both_lateral__C,both_lateral,C,5,300,0,0.5572542340373209,1
svm,both_lateral__C,both_lateral,C,5,300,0,0.5252753756607332,1
svm,both_lateral__C,both_lateral,C,5,300,0,0.8177662402775006,1
svm,both_lateral__C,both_lateral,C,5,300,0,0.7281465543279377,1
svm,both_lateral__C,both_lateral,C,5,300,1,0.6437725366594361,1
svm,both_lateral__C,both_lateral,C,5,300,1,0.5338534877539037,1
svm,both_lateral__C,both_lateral,C,5,300,1,0.94296269363627,1
svm,both_lateral__C,both_lateral,C,5,300,1,0.8981856074824031,1
svm,both_lateral__C,both_lateral,C,5,300,1,1.2750163978788822,1
svm,both_lateral__C,both_lateral,C,5,300,1,0.7270697530743676,1
svm,both_lateral__C,both_lateral,C,5,300,1,1.1116591167115557,1
svm,both_lateral__C,both_lateral,C,5,300,1,0.5654252821760662,1
svm,both_lateral__C,both_lateral,C,5,300,1,0.7157290942648027,1
svm,both_lateral__C,both_lateral,C,5,300,1,0.7055453234036889,1
svm,both_lateral__C,both_lateral,C,5,300,1,0.5893977073413331,1
svm,both_lateral__C,both_lateral,C,5,300,1,0.8859801017361942,1
svm,both_lateral__C,both_lateral,C,5,300,1,0.7267720121067086,1
svm,both_lateral__C,both_lateral,C,5,300,1,0.5277399480932364,1
svm,both_lateral__C,both_lateral,C,6,271,0,0.018807975141516886,1
svm,both_lateral__C,both_lateral,C,6,271,0,-0.554908352142373,0
svm,both_lateral__C,both_lateral,C,6,271,0,-0.6566269946450334,0
svm,both_lateral__C,both_lateral,C,6,271,0,-0.04478214886714796,0
svm,both_lateral__C,both_lateral,C,6,271,0,-0.3700763851009997,0
svm,both_lateral__C,both_lateral,C,6,271,0,-0.041975018274163445,0
svm,both_lateral__C,both_lateral,C,6,271,0,-0.5796306276474342,0
svm,both_lateral__C,both_lateral,C,6,271,0,-1.0866907435126514,0
svm,both_lateral__C,both_lateral,C,6,271,0,-1.238969121223899,0
svm,both_lateral__C,both_lateral,C,6,271,0,-0.102268426633048,0
svm,both_lateral__C,both_lateral,C,6,271,0,-0.37861704465910817,0
svm,both_lateral__C,both_lateral,C,6,271,0,0.05237618267766833,1
svm,both_lateral__C,both_lateral,C,6,271,0,-0.4482174054750787,0
svm,both_lateral__C,both_lateral,C,6,271,0,-1.05800187432257,0
svm,both_lateral__C,both_lateral,C,6,271,1,-0.3591735666894864,0
svm,both_lateral__C,both_lateral,C,6,271,1,0.017761970277011124,1
svm,both_lateral__C,both_lateral,C,6,271,1,-0.3662388219339275,0
svm,both_lateral__C,both_lateral,C,6,271,1,-0.22258301456739932,0
svm,both_lateral__C,both_lateral,C,6,271,1,-0.49587150588946927,0
svm,both_lateral__C,both_lateral,C,6,271,1,-0.5073107060812433,0
svm,both_lateral__C,both_lateral,C,6,271,1,0.11427426874575627,1
svm,both_lateral__C,both_lateral,C,6,271,1,-0.4259114863600476,0
svm,both_lateral__C,both_lateral,C,6,271,1,-0.05050429772305856,0
svm,both_lateral__C,both_lateral,C,6,271,1,-0.17164367472644693,0
svm,both_lateral__C,both_lateral,C,6,271,1,-0.8606114134244232,0
svm,both_lateral__C,both_lateral,C,6,271,1,-0.04751238765001983,0
svm,both_lateral__C,both_lateral,C,6,271,1,0.20702786420755218,1
svm,both_lateral__C,both_lateral,C,6,271,1,-0.033469541088892024,0
svm,both_lateral__C,both_lateral,C,7,251,0,-1.624437122380108,0
svm,both_lateral__C,both_lateral,C,7,251,0,-1.8660406983280238,0
svm,both_lateral__C,both_lateral,C,7,251,0,-1.8215381135300133,0
svm,both_lateral__C,both_lateral,C,7,251,0,-1.2827118590633204,0
svm,both_lateral__C,both_lateral,C,7,251,0,-1.8964172121693803,0
svm,both_lateral__C,both_lateral,C,7,251,0,-1.046774724884866,0
svm,both_lateral__C,both_lateral,C,7,251,0,-0.9378623383475994,0
svm,both_lateral__C,both_lateral,C,7,251,0,-1.8415210787686753,0
svm,both_lateral__C,both_lateral,C,7,251,0,-2.086851310885964,0
svm,both_lateral__C,both_lateral,C,7,251,0,-2.1616242750025845,0
svm,both_lateral__C,both_lateral,C,7,251,0,-1.6479062452607147,0
svm,both_lateral__C,both_lateral,C,7,251,0,-1.6502397457911244,0
svm,both_lateral__C,both_lateral,C,7,251,0,-0.9251596192783514,0
svm,both_lateral__C,both_lateral,C,7,251,0,-1.2601778233335446,0
svm,both_lateral__C,both_lateral,C,7,251,1,-0.5709436090166835,0
svm,both_lateral__C,both_lateral,C,7,251,1,-0.839922021906622,0
svm,both_lateral__C,both_lateral,C,7,251,1,-0.659513067451021,0
svm,both_lateral__C,both_lateral,C,7,251,1,-0.7163980919562324,0
svm,both_lateral__C,both_lateral,C,7,251,1,-1.3261222759004188,0
svm,both_lateral__C,both_lateral,C,7,251,1,-0.7714858974487587,0
svm,both_lateral__C,both_lateral,C,7,251,1,-0.8539809325518242,0
svm,both_lateral__C,both_lateral,C,7,251,1,-1.0294701995253273,0
svm,both_lateral__C,both_lateral,C,7,251,1,-0.3499890798856271,0
svm,both_lateral__C,both_lateral,C,7,251,1,-1.3204319640242563,0
svm,both_lateral__C,both_lateral,C,7,251,1,-1.3164551198021337,0
svm,both_lateral__C,both_lateral,C,7,251,1,-0.5711146591476248,0
svm,both_lateral__C,both_lateral,C,7,251,1,0.09927449863964545,1
svm,both_lateral__C,both_lateral,C,8,282,0,-1.4315085692490872,0
svm,both_lateral__C,both_lateral,C,8,282,0,-0.6335873980653342,0
svm,both_lateral__C,both_lateral,C,8,282,0,-0.797861168069752,0
svm,both_lateral__C,both_lateral,C,8,282,0,-1.4394664080982968,0
svm,both_lateral__C,both_lateral,C,8,282,0,-1.1564970799120906,0
svm,both_lateral__C,both_lateral,C,8,282,0,-0.8163636204684368,0
svm,both_lateral__C,both_lateral,C,8,282,0,-0.9813275886363664,0
svm,both_lateral__C,both_lateral,C,8,282,0,-1.1528914990999495,0
svm,both_lateral__C,both_lateral,C,8,282,0,-1.0346148491897675,0
svm,both_lateral__C,both_lateral,C,8,282,0,-0.1691059190862845,0
svm,both_lateral__C,both_lateral,C,8,282,0,-0.33760056676128325,0
svm,both_lateral__C,both_lateral,C,8,282,0,-1.0110967826626431,0
svm,both_lateral__C,both_lateral,C,8,282,0,-0.7269304575411432,0
svm,both_lateral__C,both_lateral,C,8,282,0,-1.4405232873250482,0
svm,both_lateral__C,both_lateral,C,8,282,1,1.041859833958517,1
svm,both_lateral__C,both_lateral,C,8,282,1,0.726110958176585,1
svm,both_lateral__C,both_lateral,C,8,282,1,0.7446415089311056,1
svm,both_lateral__C,both_lateral,C,8,282,1,0.7914637937005601,1
svm,both_lateral__C,both_lateral,C,8,282,1,0.7149281425011477,1
svm,both_lateral__C,both_lateral,C,8,282,1,0.2798757750078117,1
svm,both_lateral__C,both_lateral,C,8,282,1,-0.3144525859317403,0
svm,both_lateral__C,both_lateral,C,8,282,1,0.050616579075889095,1
svm,both_lateral__C,both_lateral,C,8,282,1,0.6337324407527966,1
svm,both_lateral__C,both_lateral,C,8,282,1,0.6201452923586699,1
svm,both_lateral__C,both_lateral,C,8,282,1,0.33389655610830316,1
svm,both_lateral__C,both_lateral,C,9,210,0,0.01126806083480622,1
svm,both_lateral__C,both_lateral,C,9,210,0,-0.8148780091613299,0
svm,both_lateral__C,both_lateral,C,9,210,0,-0.7966828160682355,0
svm,both_lateral__C,both_lateral,C,9,210,0,-0.22988216935269382,0
svm,both_lateral__C,both_lateral,C,9,210,0,-0.7762954857703865,0
svm,both_lateral__C,both_lateral,C,9,210,0,-0.3850287196705633,0
svm,both_lateral__C,both_lateral,C,9,210,0,-0.5345461519616094,0
svm,both_lateral__C,both_lateral,C,9,210,0,-0.05248404869902615,0
svm,both_lateral__C,both_lateral,C,9,210,0,0.06998202054025668,1
svm,both_lateral__C,both_lateral,C,9,210,0,-0.5288677647818999,0
svm,both_lateral__C,both_lateral,C,9,210,0,-0.7036609925478496,0
svm,both_lateral__C,both_lateral,C,9,210,0,-0.6933037125017614,0
svm,both_lateral__C,both_lateral,C,9,210,0,-0.3890027428280929,0
svm,both_lateral__C,both_lateral,C,9,210,0,-0.4303989814657543,0
svm,both_lateral__C,both_lateral,C,9,210,1,0.2753831255821839,1
svm,both_lateral__C,both_lateral,C,9,210,1,0.8016586319223055,1
svm,both_lateral__C,both_lateral,C,9,210,1,0.9290894432345819,1
svm,both_lateral__C,both_lateral,C,9,210,1,0.3563588660549756,1
svm,both_lateral__C,both_lateral,C,9,210,1,0.5663084386005404,1
svm,both_lateral__C,both_lateral,C,9,210,1,0.567822293590998,1
svm,both_lateral__C,both_lateral,C,9,210,1,0.5812040054913444,1
svm,both_lateral__C,both_lateral,C,9,210,1,0.8048641281586456,1
svm,both_lateral__C,both_lateral,C,9,210,1,0.27272723014348454,1
svm,both_lateral__C,both_lateral,C,9,210,1,0.6945693680276114,1
svm,both_lateral__C,both_lateral,C,9,210,1,1.3321340920080318,1
svm,both_lateral__C,both_lateral,C,10,265,0,-0.1961493203612278,0
svm,both_lateral__C,both_lateral,C,10,265,0,-0.1145828631412669,0
svm,both_lateral__C,both_lateral,C,10,265,0,0.4807592396785674,1
svm,both_lateral__C,both_lateral,C,10,265,0,-0.08265039425201806,0
svm,both_lateral__C,both_lateral,C,10,265,0,0.007849509476140909,1
svm,both_lateral__C,both_lateral,C,10,265,0,-0.009418888917732487,0
svm,both_lateral__C,both_lateral,C,10,265,0,-0.16563178810842774,0
svm,both_lateral__C,both_lateral,C,10,265,0,-0.21425166509278706,0
svm,both_lateral__C,both_lateral,C,10,265,0,0.27779896033890006,1
svm,both_lateral__C,both_lateral,C,10,265,0,-0.4123943483100386,0
svm,both_lateral__C,both_lateral,C,10,265,0,-0.19739195875222817,0
svm,both_lateral__C,both_lateral,C,10,265,0,-0.8295588472934902,0
svm,both_lateral__C,both_lateral,C,10,265,0,-0.08502005999156617,0
svm,both_lateral__C,both_lateral,C,10,265,1,-0.4346727792080568,0
svm,both_lateral__C,both_lateral,C,10,265,1,-0.3388262565248591,0
svm,both_lateral__C,both_lateral,C,10,265,1,0.256412692896696,1
svm,both_lateral__C,both_lateral,C,10,265,1,0.49492150110480404,1
svm,both_lateral__C,both_lateral,C,10,265,1,-0.5808574892774035,0
svm,both_lateral__C,both_lateral,C,10,265,1,-0.2665407738683432,0
svm,both_lateral__C,both_lateral,C,10,265,1,-0.20206645297872097,0
svm,both_lateral__C,both_lateral,C,10,265,1,-0.14648046642707982,0
svm,both_lateral__C,both_lateral,C,10,265,1,0.6169231387449043,1
svm,both_lateral__C,both_lateral,C,10,265,1,0.27649051103004896,1
svm,both_lateral__C,both_lateral,C,10,265,1,0.11772699712422127,1
svm,bis_quatro__A,bis_quatro,A,1,249,0,-0.5534796405061506,0
svm,bis_quatro__A,bis_quatro,A,1,249,0,0.07551119262176087,1
svm,bis_quatro__A,bis_quatro,A,1,249,0,1.0455422803999372,1
svm,bis_quatro__A,bis_quatro,A,1,249,0,-0.59118756622264,0
svm,bis_quatro__A,bis_quatro,A,1,249,0,-1.3072548176196062,0
svm,bis_quatro__A,bis_quatro,A,1,249,0,1.55606034547516,1
svm,bis_quatro__A,bis_quatro,A,1,249,0,-0.7909563605668186,0
svm,bis_quatro__A,bis_quatro,A,1,249,0,-1.002838458763506,0
svm,bis_quatro__A,bis_quatro,A,1,249,0,-1.069376045833156,0
svm,bis_quatro__A,bis_quatro,A,1,249,0,-1.2418363223876376,0
svm,bis_quatro__A,bis_quatro,A,1,249,0,-1.1596640274919157,0
svm,bis_quatro__A,bis_quatro,A,1,249,0,-0.36667388956554703,0
svm,bis_quatro__A,bis_quatro,A,1,249,0,0.7793495534928567,1
svm,bis_quatro__A,bis_quatro,A,1,249,0,0.04840117200404137,1
svm,bis_quatro__A,bis_quatro,A,1,249,0,-1.1100362103251076,0
svm,bis_quatro__A,bis_quatro,A,1,249,1,0.46414615606475174,1
svm,bis_quatro__A,bis_quatro,A,1,249,1,-0.0021284498403737473,0
svm,bis_quatro__A,bis_quatro,A,1,249,1,0.566197481069457,1
svm,bis_quatro__A,bis_quatro,A,1,249,1,0.6497277992715169,1
svm,bis_quatro__A,bis_quatro,A,1,249,1,0.49569950201750856,1
svm,bis_quatro__A,bis_quatro,A,1,249,1,-0.07222162409158628,0
svm,bis_quatro__A,bis_quatro,A,1,249,1,0.006315350236249628,1
svm,bis_quatro__A,bis_quatro,A,1,249,1,-0.2003794370900316,0
svm,bis_quatro__A,bis_quatro,A,1,249,1,0.8950517277409986,1
svm,bis_quatro__A,bis_quatro,A,1,249,1,0.2717019269923924,1
svm,bis_quatro__A,bis_quatro,A,1,249,1,-0.48900748200001765,0
svm,bis_quatro__A,bis_quatro,A,1,249,1,-0.37180199825161786,0
svm,bis_quatro__A,bis_quatro,A,1,249,1,0.5946324004539747,1
svm,bis_quatro__A,bis_quatro,A,1,249,1,0.18183156810971468,1
svm,bis_quatro__A,bis_quatro,A,1,249,1,0.42298180284903886,1
svm,bis_quatro__A,bis_quatro,A,1,249,1,-0.2979957563832336,0
svm,bis_quatro__A,bis_quatro,A,1,249,1,0.5855428459668524,1
svm,bis_quatro__A,bis_quatro,A,2,219,0,0.030852653943760466,1
svm,bis_quatro__A,bis_quatro,A,2,219,0,0.16466024375831234,1
svm,bis_quatro__A,bis_quatro,A,2,219,0,0.6913772859408381,1
svm,bis_quatro__A,bis_quatro,A,2,219,0,0.8261691512970627,1
svm,bis_quatro__A,bis_quatro,A,2,219,0,0.7860412488797582,1
svm,bis_quatro__A,bis_quatro,A,2,219,0,0.7524539921430627,1
svm,bis_quatro__A,bis_quatro,A,2,219,0,0.3889083747541374,1
svm,bis_quatro__A,bis_quatro,A,2,219,0,-0.7593758991838284,0
svm,bis_quatro__A,bis_quatro,A,2,219,0,0.9232018612188789,1
svm,bis_quatro__A,bis_quatro,A,2,219,0,-0.4992459176001627,0
svm,bis_quatro__A,bis_quatro,A,2,219,0,-0.7574435305891736,0
svm,bis_quatro__A,bis_quatro,A,2,219,0,0.2516629981815116,1
svm,bis_quatro__A,bis_quatro,A,2,219,0,-0.8700117023461673,0
svm,bis_quatro__A,bis_quatro,A,2,219,0,-0.18248709163087673,0
svm,bis_quatro__A,bis_quatro,A,2,219,1,0.15525650681390257,1
svm,bis_quatro__A,bis_quatro,A,2,219,1,0.505535813375693,1
svm,bis_quatro__A,bis_quatro,A,2,219,1,0.48921625639732336,1
svm,bis_quatro__A,bis_quatro,A,2,219,1,0.7337357331472859,1
svm,bis_quatro__A,bis_quatro,A,2,219,1,0.5779740706912256,1
svm,bis_quatro__A,bis_quatro,A,2,219,1,0.3641827974389312,1
svm,bis_quatro__A,bis_quatro,A,2,219,1,0.3122334516361761,1
svm,bis_quatro__A,bis_quatro,A,2,219,1,0.8984332494051684,1
svm,bis_quatro__A,bis_quatro,A,2,219,1,0.844585836873813,1
svm,bis_quatro__A,bis_quatro,A,2,219,1,0.8007379894579317,1
svm,bis_quatro__A,bis_quatro,A,2,219,1,0.020981144339664914,1
svm,bis_quatro__A,bis_quatro,A,2,219,1,0.24773714787634094,1
svm,bis_quatro__A,bis_quatro,A,2,219,1,0.847831191533516,1
svm,bis_quatro__A,bis_quatro,A,2,219,1,0.44472904334102126,1
svm,bis_quatro__A,bis_quatro,A,2,219,1,0.05975500560485558,1
svm,bis_quatro__A,bis_quatro,A,2,219,1,0.5222529934567645,1
svm,bis_quatro__A,bis_quatro,A,3,313,0,-0.3643028331665965,0
svm,bis_quatro__A,bis_quatro,A,3,313,0,0.16244933653242288,1
svm,bis_quatro__A,bis_quatro,A,3,313,0,-0.045895514494630696,0
svm,bis_quatro__A,bis_quatro,A,3,313,0,-0.32271728079039175,0
svm,bis_quatro__A,bis_quatro,A,3,313,0,-0.03370857870056998,0
svm,bis_quatro__A,bis_quatro,A,3,313,0,-0.2808313682873953,0
svm,bis_quatro__A,bis_quatro,A,3,313,0,-0.32637522295817956,0
svm,bis_quatro__A,bis_quatro,A,3,313,0,0.3049037241612398,1
svm,bis_quatro__A,bis_quatro,A,3,313,0,-0.07980804630699634,0
svm,bis_quatro__A,bis_quatro,A,3,313,0,-0.49841095813786485,0
svm,bis_quatro__A,bis_quatro,A,3,313,0,-0.29202961224697876,0
svm,bis_quatro__A,bis_quatro,A,3,313,0,-0.09763236040764856,0
svm,bis_quatro__A,bis_quatro,A,3,313,0,0.05801703290310467,1
svm,bis_quatro__A,bis_quatro,A,3,313,0,0.24203057806623907,1
svm,bis_quatro__A,bis_quatro,A,3,313,0,0.0892244080248501,1
svm,bis_quatro__A,bis_quatro,A,3,313,1,-0.09087754979807716,0
svm,bis_quatro__A,bis_quatro,A,3,313,1,0.33448038589913676,1
svm,bis_quatro__A,bis_quatro,A,3,313,1,0.04443448866379729,1
svm,bis_quatro__A,bis_quatro,A,3,313,1,0.07690011709240796,1
svm,bis_quatro__A,bis_quatro,A,3,313,1,0.48008737458282713,1
svm,bis_quatro__A,bis_quatro,A,3,313,1,-0.039107571637166494,0
svm,bis_quatro__A,bis_quatro,A,3,313,1,0.4188773186542809,1
svm,bis_quatro__A,bis_quatro,A,3,313,1,0.5087069371126764,1
svm,bis_quatro__A,bis_quatro,A,3,313,1,0.699243578508244,1
svm,bis_quatro__A,bis_quatro,A,3,313,1,0.06713687506118138,1
svm,bis_quatro__A,bis_quatro,A,3,313,1,-0.3550071992176749,0
svm,bis_quatro__A,bis_quatro,A,3,313,1,-0.3178208369721345,0
svm,bis_quatro__A,bis_quatro,A,3,313,1,-0.054571664952859145,0
svm,bis_quatro__A,bis_quatro,A,3,313,1,0.33967702636054486,1
svm,bis_quatro__A,bis_quatro,A,4,318,0,0.16099168658187146,1
svm,bis_quatro__A,bis_quatro,A,4,318,0,-1.7600186085206317,0
svm,bis_quatro__A,bis_quatro,A,4,318,0,0.15231709965344997,1
svm,bis_quatro__A,bis_quatro,A,4,318,0,-0.3082002847444958,0
svm,bis_quatro__A,bis_quatro,A,4,318,0,0.2921260027582093,1
svm,bis_quatro__A,bis_quatro,A,4,318,0,-0.33840380207899656,0
svm,bis_quatro__A,bis_quatro,A,4,318,0,-0.43601438259467606,0
svm,bis_quatro__A,bis_quatro,A,4,318,0,-1.5968483896444656,0
svm,bis_quatro__A,bis_quatro,A,4,318,0,-1.073775338926838,0
svm,bis_quatro__A,bis_quatro,A,4,318,0,-0.2064830290142119,0
svm,bis_quatro__A,bis_quatro,A,4,318,0,-0.7152703877418869,0
svm,bis_quatro__A,bis_quatro,A,4,318,0,0.1304828265789375,1
svm,bis_quatro__A,bis_quatro,A,4,318,0,-0.7009091059988819,0
svm,bis_quatro__A,bis_quatro,A,4,318,0,-0.801877050616639,0
svm,bis_quatro__A,bis_quatro,A,4,318,1,-0.8259198562618515,0
svm,bis_quatro__A,bis_quatro,A,4,318,1,-0.04993579029477857,0
svm,bis_quatro__A,bis_quatro,A,4,318,1,-0.467710968100036,0
svm,bis_quatro__A,bis_quatro,A,4,318,1,-0.6886769838962277,0
svm,bis_quatro__A,bis_quatro,A,4,318,1,-0.33908041701738867,0
svm,bis_quatro__A,bis_quatro,A,4,318,1,-0.27262941548456787,0
svm,bis_quatro__A,bis_quatro,A,4,318,1,-0.026050313718181783,0
svm,bis_quatro__A,bis_quatro,A,4,318,1,-0.3287415771189224,0
svm,bis_quatro__A,bis_quatro,A,4,318,1,0.12391688066387374,1
svm,bis_quatro__A,bis_quatro,A,4,318,1,-0.15675355221877219,0
svm,bis_quatro__A,bis_quatro,A,4,318,1,0.018323648509316115,1
svm,bis_quatro__A,bis_quatro,A,4,318,1,-0.13390101776275465,0
svm,bis_quatro__A,bis_quatro,A,4,318,1,0.0029177788241376845,1
svm,bis_quatro__A,bis_quatro,A,4,318,1,-0.7785098856275727,0
svm,bis_quatro__A,bis_quatro,A,5,300,0,1.9218467648989084,1
svm,bis_quatro__A,bis_quatro,A,5,300,0,1.7352234442289107,1
svm,bis_quatro__A,bis_quatro,A,5,300,0,1.6390739788168178,1
svm,bis_quatro__A,bis_quatro,A,5,300,0,1.592022098360834,1
svm,bis_quatro__A,bis_quatro,A,5,300,0,1.945107261607512,1
svm,bis_quatro__A,bis_quatro,A,5,300,0,1.8813528831933382,1
svm,bis_quatro__A,bis_quatro,A,5,300,0,2.0335594393369805,1
svm,bis_quatro__A,bis_quatro,A,5,300,0,2.0301173957892193,1
svm,bis_quatro__A,bis_quatro,A,5,300,0,1.7662875515138816,1
svm,bis_quatro__A,bis_quatro,A,5,300,0,1.618946421010896,1
svm,bis_quatro__A,bis_quatro,A,5,300,0,1.580416717792848,1
svm,bis_quatro__A,bis_quatro,A,5,300,0,1.7010384152761426,1
svm,bis_quatro__A,bis_quatro,A,5,300,0,2.0576097011600125,1
svm,bis_quatro__A,bis_quatro,A,5,300,0,1.8756515885079883,1
svm,bis_quatro__A,bis_quatro,A,5,300,1,2.052816303297382,1
svm,bis_quatro__A,bis_quatro,A,5,300,1,2.2337022716440456,1
svm,bis_quatro__A,bis_quatro,A,5,300,1,1.8857874708818663,1
svm,bis_quatro__A,bis_quatro,A,5,300,1,2.3649882870540706,1
svm,bis_quatro__A,bis_quatro,A,5,300,1,2.238489838343607,1
svm,bis_quatro__A,bis_quatro,A,5,300,1,2.3482791889786134,1
svm,bis_quatro__A,bis_quatro,A,5,300,1,2.211830759237028,1
svm,bis_quatro__A,bis_quatro,A,5,300,1,2.34612978013034,1
svm,bis_quatro__A,bis_quatro,A,5,300,1,2.02979328734392,1
svm,bis_quatro__A,bis_quatro,A,5,300,1,2.2581562369148593,1
svm,bis_quatro__A,bis_quatro,A,5,300,1,2.1853660315491203,1
svm,bis_quatro__A,bis_quatro,A,5,300,1,2.2997918671719497,1
svm,bis_quatro__A,bis_quatro,A,5,300,1,2.201391059654338,1
svm,bis_quatro__A,bis_quatro,A,5,300,1,2.2710481557083284,1
svm,bis_quatro__A,bis_quatro,A,6,271,0,0.42272825398881747,1
svm,bis_quatro__A,bis_quatro,A,6,271,0,-0.07148149740310134,0
svm,bis_quatro__A,bis_quatro,A,6,271,0,0.14671280821738913,1
svm,bis_quatro__A,bis_quatro,A,6,271,0,0.2649867019773052,1
svm,bis_quatro__A,bis_quatro,A,6,271,0,0.6544088864607582,1
svm,bis_quatro__A,bis_quatro,A,6,271,0,0.44612549039647925,1
svm,bis_quatro__A,bis_quatro,A,6,271,0,0.006640318787070887,1
svm,bis_quatro__A,bis_quatro,A,6,271,0,-0.9859106636825321,0
svm,bis_quatro__A,bis_quatro,A,6,271,0,-0.47556206868165657,0
svm,bis_quatro__A,bis_quatro,A,6,271,0,0.17599825508059025,1
svm,bis_quatro__A,bis_quatro,A,6,271,0,-0.005730424704541159,0
svm,bis_quatro__A,bis_quatro,A,6,271,0,-0.05582726201251048,0
svm,bis_quatro__A,bis_quatro,A,6,271,0,-0.037874043304153615,0
svm,bis_quatro__A,bis_quatro,A,6,271,0,0.10144218642029085,1
svm,bis_quatro__A,bis_quatro,A,6,271,1,-0.03990588265286471,0
svm,bis_quatro__A,bis_quatro,A,6,271,1,0.495195499811891,1
svm,bis_quatro__A,bis_quatro,A,6,271,1,-0.14597318455026326,0
svm,bis_quatro__A,bis_quatro,A,6,271,1,0.1783529830468112,1
svm,bis_quatro__A,bis_quatro,A,6,271,1,0.01060297577267949,1
svm,bis_quatro__A,bis_quatro,A,6,271,1,-0.00942589271918265,0
svm,bis_quatro__A,bis_quatro,A,6,271,1,0.11181377750894689,1
svm,bis_quatro__A,bis_quatro,A,6,271,1,-0.17681956218091283,0
svm,bis_quatro__A,bis_quatro,A,6,271,1,0.3382203502800251,1
svm,bis_quatro__A,bis_quatro,A,6,271,1,0.06596233018465586,1
svm,bis_quatro__A,bis_quatro,A,6,271,1,-0.22640621797740385,0
svm,bis_quatro__A,bis_quatro,A,6,271,1,-0.0332657930813231,0
svm,bis_quatro__A,bis_quatro,A,6,271,1,0.12102778029288724,1
svm,bis_quatro__A,bis_quatro,A,6,271,1,-0.11517840413454988,0
svm,bis_quatro__A,bis_quatro,A,7,251,0,-2.0686630422200722,0
svm,bis_quatro__A,bis_quatro,A,7,251,0,-2.9968882534926693,0
svm,bis_quatro__A,bis_quatro,A,7,251,0,-2.8902879591298345,0
svm,bis_quatro__A,bis_quatro,A,7,251,0,-2.1201000337781157,0
svm,bis_quatro__A,bis_quatro,A,7,251,0,-2.2636945167873503,0
svm,bis_quatro__A,bis_quatro,A,7,251,0,-1.531717331838975,0
svm,bis_quatro__A,bis_quatro,A,7,251,0,-1.1040488560630384,0
svm,bis_quatro__A,bis_quatro,A,7,251,0,-2.5933108095162685,0
svm,bis_quatro__A,bis_quatro,A,7,251,0,-3.067556918116019,0
svm,bis_quatro__A,bis_quatro,A,7,251,0,-3.5112644497404024,0
svm,bis_quatro__A,bis_quatro,A,7,251,0,-3.2629721590755367,0
svm,bis_quatro__A,bis_quatro,A,7,251,0,-3.409183981532158,0
svm,bis_quatro__A,bis_quatro,A,7,251,0,-2.5641425059633165,0
svm,bis_quatro__A,bis_quatro,A,7,251,0,-2.7950214445094823,0
svm,bis_quatro__A,bis_quatro,A,7,251,1,-0.7394368754633764,0
svm,bis_quatro__A,bis_quatro,A,7,251,1,-1.8898183401610553,0
svm,bis_quatro__A,bis_quatro,A,7,251,1,-1.241972707548563,0
svm,bis_quatro__A,bis_quatro,A,7,251,1,-1.19790547020215,0
svm,bis_quatro__A,bis_quatro,A,7,251,1,-2.325647554655218,0
svm,bis_quatro__A,bis_quatro,A,7,251,1,-1.1155466209219775,0
svm,bis_quatro__A,bis_quatro,A,7,251,1,-2.130205203089265,0
svm,bis_quatro__A,bis_quatro,A,7,251,1,-0.9280872440931884,0
svm,bis_quatro__A,bis_quatro,A,7,251,1,-0.7435679227242873,0
svm,bis_quatro__A,bis_quatro,A,7,251,1,-2.0985187629920596,0
svm,bis_quatro__A,bis_quatro,A,7,251,1,-2.0162477622909756,0
svm,bis_quatro__A,bis_quatro,A,7,251,1,-1.0780466337111378,0
svm,bis_quatro__A,bis_quatro,A,7,251,1,-1.1014058189574514,0
svm,bis_quatro__A,bis_quatro,A,8,282,0,-0.7588858416543327,0
svm,bis_quatro__A,bis_quatro,A,8,282,0,-0.6497430260865784,0
svm,bis_quatro__A,bis_quatro,A,8,282,0,-0.6323886212126897,0
svm,bis_quatro__A,bis_quatro,A,8,282,0,-0.6599912071833074,0
svm,bis_quatro__A,bis_quatro,A,8,282,0,-0.8999742690849064,0
svm,bis_quatro__A,bis_quatro,A,8,282,0,-0.6126580943938369,0
svm,bis_quatro__A,bis_quatro,A,8,282,0,-0.6927474719066937,0
svm,bis_quatro__A,bis_quatro,A,8,282,0,-0.544501450587157,0
svm,bis_quatro__A,bis_quatro,A,8,282,0,-0.7226268550066117,0
svm,bis_quatro__A,bis_quatro,A,8,282,0,-0.5159109505223234,0
svm,bis_quatro__A,bis_quatro,A,8,282,0,-0.4912078259161084,0
svm,bis_quatro__A,bis_quatro,A,8,282,0,-0.5379427847566731,0
svm,bis_quatro__A,bis_quatro,A,8,282,0,-0.6421859139203432,0
svm,bis_quatro__A,bis_quatro,A,8,282,0,-0.5757193480941587,0
svm,bis_quatro__A,bis_quatro,A,8,282,1,0.48423977732760876,1
svm,bis_quatro__A,bis_quatro,A,8,282,1,0.5977537170104674,1
svm,bis_quatro__A,bis_quatro,A,8,282,1,0.49634258793419356,1
svm,bis_quatro__A,bis_quatro,A,8,282,1,0.5606376551605592,1
svm,bis_quatro__A,bis_quatro,A,8,282,1,0.5291241954229984,1
svm,bis_quatro__A,bis_quatro,A,8,282,1,0.28213932127961433,1
svm,bis_quatro__A,bis_quatro,A,8,282,1,-0.22297124507413718,0
svm,bis_quatro__A,bis_quatro,A,8,282,1,0.25308657725291245,1
svm,bis_quatro__A,bis_quatro,A,8,282,1,0.5127298951105481,1
svm,bis_quatro__A,bis_quatro,A,8,282,1,0.6161589984823828,1
svm,bis_quatro__A,bis_quatro,A,8,282,1,0.6316277065769604,1
svm,bis_quatro__A,bis_quatro,A,9,210,0,-0.7412472183655132,0
svm,bis_quatro__A,bis_quatro,A,9,210,0,-1.0083157597141559,0
svm,bis_quatro__A,bis_quatro,A,9,210,0,-0.6630165954876316,0
svm,bis_quatro__A,bis_quatro,A,9,210,0,-0.6493521309163474,0
svm,bis_quatro__A,bis_quatro,A,9,210,0,-0.8471978203451073,0
svm,bis_quatro__A,bis_quatro,A,9,210,0,-0.28836153310485313,0
svm,bis_quatro__A,bis_quatro,A,9,210,0,-0.783492919241009,0
svm,bis_quatro__A,bis_quatro,A,9,210,0,-0.3310834308100863,0
svm,bis_quatro__A,bis_quatro,A,9,210,0,-0.4813795439681573,0
svm,bis_quatro__A,bis_quatro,A,9,210,0,-0.597566141679618,0
svm,bis_quatro__A,bis_quatro,A,9,210,0,-0.7058660556761523,0
svm,bis_quatro__A,bis_quatro,A,9,210,0,-1.3800563966084427,0
svm,bis_quatro__A,bis_quatro,A,9,210,0,-0.7177894937577168,0
svm,bis_quatro__A,bis_quatro,A,9,210,0,-0.7048392261096375,0
svm,bis_quatro__A,bis_quatro,A,9,210,1,0.0907168006288187,1
svm,bis_quatro__A,bis_quatro,A,9,210,1,0.11096319730405169,1
svm,bis_quatro__A,bis_quatro,A,9,210,1,0.47836472305970157,1
svm,bis_quatro__A,bis_quatro,A,9,210,1,0.19855092183165524,1
svm,bis_quatro__A,bis_quatro,A,9,210,1,0.20216671093102967,1
svm,bis_quatro__A,bis_quatro,A,9,210,1,0.29314976017237926,1
svm,bis_quatro__A,bis_quatro,A,9,210,1,0.16797150882314982,1
svm,bis_quatro__A,bis_quatro,A,9,210,1,0.15915366665914632,1
svm,bis_quatro__A,bis_quatro,A,9,210,1,0.14294144617355442,1
svm,bis_quatro__A,bis_quatro,A,9,210,1,-0.024859991915582413,0
svm,bis_quatro__A,bis_quatro,A,9,210,1,0.5389800805834956,1
svm,bis_quatro__A,bis_quatro,A,10,265,0,-0.19699129494577594,0
svm,bis_quatro__A,bis_quatro,A,10,265,0,-0.1536804470005887,0
svm,bis_quatro__A,bis_quatro,A,10,265,0,0.15896273558642604,1
svm,bis_quatro__A,bis_quatro,A,10,265,0,0.06680456118401068,1
svm,bis_quatro__A,bis_quatro,A,10,265,0,0.3018377664565126,1
svm,bis_quatro__A,bis_quatro,A,10,265,0,0.43035614559973134,1
svm,bis_quatro__A,bis_quatro,A,10,265,0,0.029115549486222636,1
svm,bis_quatro__A,bis_quatro,A,10,265,0,0.3953314216635101,1
svm,bis_quatro__A,bis_quatro,A,10,265,0,-0.08407744128048322,0
svm,bis_quatro__A,bis_quatro,A,10,265,0,-0.057696631827588996,0
svm,bis_quatro__A,bis_quatro,A,10,265,0,0.11587112255850829,1
svm,bis_quatro__A,bis_quatro,A,10,265,0,-0.15671268411792116,0
svm,bis_quatro__A,bis_quatro,A,10,265,0,0.014065834233779606,1
svm,bis_quatro__A,bis_quatro,A,10,265,1,-0.12955552771536005,0
svm,bis_quatro__A,bis_quatro,A,10,265,1,0.1642965701435749,1
svm,bis_quatro__A,bis_quatro,A,10,265,1,0.4615880490858527,1
svm,bis_quatro__A,bis_quatro,A,10,265,1,0.5389917934838997,1
svm,bis_quatro__A,bis_quatro,A,10,265,1,0.13051710668819294,1
svm,bis_quatro__A,bis_quatro,A,10,265,1,-0.24149802270985776,0
svm,bis_quatro__A,bis_quatro,A,10,265,1,0.29373236863693997,1
svm,bis_quatro__A,bis_quatro,A,10,265,1,0.09919553314108476,1
svm,bis_quatro__A,bis_quatro,A,10,265,1,0.41456808724036875,1
svm,bis_quatro__A,bis_quatro,A,10,265,1,0.3118840618900114,1
svm,bis_quatro__A,bis_quatro,A,10,265,1,-0.14689874990401075,0
svm,bis_quatro__B,bis_quatro,B,1,249,0,-1.030761756516513,0
svm,bis_quatro__B,bis_quatro,B,1,249,0,2.1135675242153398,1
svm,bis_quatro__B,bis_quatro,B,1,249,0,0.8915266879672417,1
svm,bis_quatro__B,bis_quatro,B,1,249,0,0.08030002970759975,1
svm,bis_quatro__B,bis_quatro,B,1,249,0,1.1284982483204105,1
svm,bis_quatro__B,bis_quatro,B,1,249,0,-1.6410721385637586,0
svm,bis_quatro__B,bis_quatro,B,1,249,0,-0.7895241695212305,0
svm,bis_quatro__B,bis_quatro,B,1,249,0,0.5788035640635472,1
svm,bis_quatro__B,bis_quatro,B,1,249,0,-0.36730157373239214,0
svm,bis_quatro__B,bis_quatro,B,1,249,0,-0.8504021892264304,0
svm,bis_quatro__B,bis_quatro,B,1,249,0,-1.1933697253666096,0
svm,bis_quatro__B,bis_quatro,B,1,249,0,0.4572200462486493,1
svm,bis_quatro__B,bis_quatro,B,1,249,0,0.4558323057200213,1
svm,bis_quatro__B,bis_quatro,B,1,249,0,1.2595298021699777,1
svm,bis_quatro__B,bis_quatro,B,1,249,0,0.7786251810738336,1
svm,bis_quatro__B,bis_quatro,B,1,249,1,1.8478008814278852,1
svm,bis_quatro__B,bis_quatro,B,1,249,1,-1.657450381207512,0
svm,bis_quatro__B,bis_quatro,B,1,249,1,0.3457154041120831,1
svm,bis_quatro__B,bis_quatro,B,1,249,1,-0.9592517401888201,0
svm,bis_quatro__B,bis_quatro,B,1,249,1,0.5919441104446848,1
svm,bis_quatro__B,bis_quatro,B,1,249,1,-2.249654996332994,0
svm,bis_quatro__B,bis_quatro,B,1,249,1,-0.49753592371534827,0
svm,bis_quatro__B,bis_quatro,B,1,249,1,0.8539199746086141,1
svm,bis_quatro__B,bis_quatro,B,1,249,1,1.6709502009374249,1
svm,bis_quatro__B,bis_quatro,B,1,249,1,0.4002129732614308,1
svm,bis_quatro__B,bis_quatro,B,1,249,1,1.2281051142126373,1
svm,bis_quatro__B,bis_quatro,B,1,249,1,0.4883024319745446,1
svm,bis_quatro__B,bis_quatro,B,1,249,1,-1.840512063058513,0
svm,bis_quatro__B,bis_quatro,B,1,249,1,-1.2700863891625587,0
svm,bis_quatro__B,bis_quatro,B,1,249,1,0.7728343934608675,1
svm,bis_quatro__B,bis_quatro,B,1,249,1,0.4609097862130924,1
svm,bis_quatro__B,bis_quatro,B,1,249,1,-0.6316021889203696,0
svm,bis_quatro__B,bis_quatro,B,2,219,0,0.7041060580572283,1
svm,bis_quatro__B,bis_quatro,B,2,219,0,-1.3302330163528846,0
svm,bis_quatro__B,bis_quatro,B,2,219,0,0.11316350946320647,1
svm,bis_quatro__B,bis_quatro,B,2,219,0,0.21686326601047462,1
svm,bis_quatro__B,bis_quatro,B,2,219,0,-0.4216108325570906,0
svm,bis_quatro__B,bis_quatro,B,2,219,0,1.6273905792697279,1
svm,bis_quatro__B,bis_quatro,B,2,219,0,-0.16229081732652023,0
svm,bis_quatro__B,bis_quatro,B,2,219,0,-0.06904545376471688,0
svm,bis_quatro__B,bis_quatro,B,2,219,0,-0.6087640515329391,0
svm,bis_quatro__B,bis_quatro,B,2,219,0,0.7470474536733476,1
svm,bis_quatro__B,bis_quatro,B,2,219,0,0.9338204722372052,1
svm,bis_quatro__B,bis_quatro,B,2,219,0,0.3162212440351638,1
svm,bis_quatro__B,bis_quatro,B,2,219,0,-0.9990653499028039,0
svm,bis_quatro__B,bis_quatro,B,2,219,0,0.30167391175213837,1
svm,bis_quatro__B,bis_quatro,B,2,219,1,0.6040994062936282,1
svm,bis_quatro__B,bis_quatro,B,2,219,1,0.38666615391402953,1
svm,bis_quatro__B,bis_quatro,B,2,219,1,1.3182169715893317,1
svm,bis_quatro__B,bis_quatro,B,2,219,1,0.19959554387789474,1
svm,bis_quatro__B,bis_quatro,B,2,219,1,0.7472968036654017,1
svm,bis_quatro__B,bis_quatro,B,2,219,1,0.3244289824218219,1
svm,bis_quatro__B,bis_quatro,B,2,219,1,-0.8577786132953586,0
svm,bis_quatro__B,bis_quatro,B,2,219,1,1.5030729886012755,1
svm,bis_quatro__B,bis_quatro,B,2,219,1,-0.53394698163642,0
svm,bis_quatro__B,bis_quatro,B,2,219,1,0.8309380740616663,1
svm,bis_quatro__B,bis_quatro,B,2,219,1,0.28940145418000235,1
svm,bis_quatro__B,bis_quatro,B,2,219,1,0.40240516307667434,1
svm,bis_quatro__B,bis_quatro,B,2,219,1,-0.21540498649962408,0
svm,bis_quatro__B,bis_quatro,B,2,219,1,0.36699464697251344,1
svm,bis_quatro__B,bis_quatro,B,2,219,1,0.5930104599035411,1
svm,bis_quatro__B,bis_quatro,B,2,219,1,0.8981825574591711,1
svm,bis_quatro__B,bis_quatro,B,3,313,0,0.017843347506831364,1
svm,bis_quatro__B,bis_quatro,B,3,313,0,0.09341629842383803,1
svm,bis_quatro__B,bis_quatro,B,3,313,0,0.275716566921707,1
svm,bis_quatro__B,bis_quatro,B,3,313,0,0.3373654115600342,1
svm,bis_quatro__B,bis_quatro,B,3,313,0,0.7912279177455499,1
svm,bis_quatro__B,bis_quatro,B,3,313,0,0.8450955588414129,1
svm,bis_quatro__B,bis_quatro,B,3,313,0,0.6240521690468537,1
svm,bis_quatro__B,bis_quatro,B,3,313,0,-1.1087021964228203,0
svm,bis_quatro__B,bis_quatro,B,3,313,0,0.6433411175913104,1
svm,bis_quatro__B,bis_quatro,B,3,313,0,0.9894500291811337,1
svm,bis_quatro__B,bis_quatro,B,3,313,0,0.6167251193958432,1
svm,bis_quatro__B,bis_quatro,B,3,313,0,0.017249726502987173,1
svm,bis_quatro__B,bis_quatro,B,3,313,0,-0.17303723340112676,0
svm,bis_quatro__B,bis_quatro,B,3,313,0,0.04359443842507993,1
svm,bis_quatro__B,bis_quatro,B,3,313,0,-0.44784674469993924,0
svm,bis_quatro__B,bis_quatro,B,3,313,1,0.45516161084663587,1
svm,bis_quatro__B,bis_quatro,B,3,313,1,0.9066968132599325,1
svm,bis_quatro__B,bis_quatro,B,3,313,1,-1.0699062719451664,0
svm,bis_quatro__B,bis_quatro,B,3,313,1,0.14092685702353513,1
svm,bis_quatro__B,bis_quatro,B,3,313,1,-0.8278921994453956,0
svm,bis_quatro__B,bis_quatro,B,3,313,1,-0.3016648325145983,0
svm,bis_quatro__B,bis_quatro,B,3,313,1,-0.29744136642241337,0
svm,bis_quatro__B,bis_quatro,B,3,313,1,0.5554241241746691,1
svm,bis_quatro__B,bis_quatro,B,3,313,1,-1.4388009292385053,0
svm,bis_quatro__B,bis_quatro,B,3,313,1,1.0545925647776837,1
svm,bis_quatro__B,bis_quatro,B,3,313,1,-0.2276575941983996,0
svm,bis_quatro__B,bis_quatro,B,3,313,1,-0.1378093944378893,0
svm,bis_quatro__B,bis_quatro,B,3,313,1,0.6871393661815315,1
svm,bis_quatro__B,bis_quatro,B,3,313,1,0.2061665196292548,1
svm,bis_quatro__B,bis_quatro,B,4,318,0,-0.10275957648016096,0
svm,bis_quatro__B,bis_quatro,B,4,318,0,-1.1412485272832968,0
svm,bis_quatro__B,bis_quatro,B,4,318,0,0.6382459530197659,1
svm,bis_quatro__B,bis_quatro,B,4,318,0,0.6640802467116382,1
svm,bis_quatro__B,bis_quatro,B,4,318,0,-0.6775974747598583,0
svm,bis_quatro__B,bis_quatro,B,4,318,0,-0.3257873906583606,0
svm,bis_quatro__B,bis_quatro,B,4,318,0,-0.954981173546537,0
svm,bis_quatro__B,bis_quatro,B,4,318,0,0.6368509816180687,1
svm,bis_quatro__B,bis_quatro,B,4,318,0,0.6055729031045465,1
svm,bis_quatro__B,bis_quatro,B,4,318,0,-1.4383138075897326,0
svm,bis_quatro__B,bis_quatro,B,4,318,0,-0.1425887794542768,0
svm,bis_quatro__B,bis_quatro,B,4,318,0,0.908273417825048,1
svm,bis_quatro__B,bis_quatro,B,4,318,0,0.474481348898822,1
svm,bis_quatro__B,bis_quatro,B,4,318,0,0.6461827365702473,1
svm,bis_quatro__B,bis_quatro,B,4,318,1,-0.18097815790163338,0
svm,bis_quatro__B,bis_quatro,B,4,318,1,0.17431977157250803,1
svm,bis_quatro__B,bis_quatro,B,4,318,1,-1.204074373723129,0
svm,bis_quatro__B,bis_quatro,B,4,318,1,0.6297362342360879,1
svm,bis_quatro__B,bis_quatro,B,4,318,1,-0.9533816477069157,0
svm,bis_quatro__B,bis_quatro,B,4,318,1,-0.13078414952220527,0
svm,bis_quatro__B,bis_quatro,B,4,318,1,-0.7463402845840832,0
svm,bis_quatro__B,bis_quatro,B,4,318,1,0.760189900650379,1
svm,bis_quatro__B,bis_quatro,B,4,318,1,0.8444271115837616,1
svm,bis_quatro__B,bis_quatro,B,4,318,1,-1.2696917528511713,0
svm,bis_quatro__B,bis_quatro,B,4,318,1,0.3154520935325682,1
svm,bis_quatro__B,bis_quatro,B,4,318,1,-1.2458576777787547,0
svm,bis_quatro__B,bis_quatro,B,4,318,1,0.10813139986396994,1
svm,bis_quatro__B,bis_quatro,B,4,318,1,-0.6878504615154488,0
svm,bis_quatro__B,bis_quatro,B,5,300,0,-0.9267843231087194,0
svm,bis_quatro__B,bis_quatro,B,5,300,0,-0.17205711649951594,0
svm,bis_quatro__B,bis_quatro,B,5,300,0,0.7348070063003154,1
svm,bis_quatro__B,bis_quatro,B,5,300,0,-0.62794997736983,0
svm,bis_quatro__B,bis_quatro,B,5,300,0,-1.1251751881928693,0
svm,bis_quatro__B,bis_quatro,B,5,300,0,0.8893240951664727,1
svm,bis_quatro__B,bis_quatro,B,5,300,0,1.7322955546788283,1
svm,bis_quatro__B,bis_quatro,B,5,300,0,0.650426822453142,1
svm,bis_quatro__B,bis_quatro,B,5,300,0,-0.004232527960680965,0
svm,bis_quatro__B,bis_quatro,B,5,300,0,-0.6912217733276687,0
svm,bis_quatro__B,bis_quatro,B,5,300,0,-1.0495212632176556,0
svm,bis_quatro__B,bis_quatro,B,5,300,0,-0.20898254266842242,0
svm,bis_quatro__B,bis_quatro,B,5,300,0,0.8805048411451826,1
svm,bis_quatro__B,bis_quatro,B,5,300,0,0.7328107974369265,1
svm,bis_quatro__B,bis_quatro,B,5,300,1,-0.2053900307215737,0
svm,bis_quatro__B,bis_quatro,B,5,300,1,0.09358192658123743,1
svm,bis_quatro__B,bis_quatro,B,5,300,1,2.6663484832110957,1
svm,bis_quatro__B,bis_quatro,B,5,300,1,-0.30708950327054607,0
svm,bis_quatro__B,bis_quatro,B,5,300,1,-0.47837353722051956,0
svm,bis_quatro__B,bis_quatro,B,5,300,1,1.4111996955898296,1
svm,bis_quatro__B,bis_quatro,B,5,300,1,1.2717127723122421,1
svm,bis_quatro__B,bis_quatro,B,5,300,1,-2.4051682616808843,0
svm,bis_quatro__B,bis_quatro,B,5,300,1,-0.8105588530361412,0
svm,bis_quatro__B,bis_quatro,B,5,300,1,0.4821873717505558,1
svm,bis_quatro__B,bis_quatro,B,5,300,1,0.9673498022756921,1
svm,bis_quatro__B,bis_quatro,B,5,300,1,-1.1945520728198171,0
svm,bis_quatro__B,bis_quatro,B,5,300,1,0.09690959950735634,1
svm,bis_quatro__B,bis_quatro,B,5,300,1,-0.09402454258002946,0
svm,bis_quatro__B,bis_quatro,B,6,271,0,0.1109283914443614,1
svm,bis_quatro__B,bis_quatro,B,6,271,0,-0.3912119181615802,0
svm,bis_quatro__B,bis_quatro,B,6,271,0,-0.19184723272835613,0
svm,bis_quatro__B,bis_quatro,B,6,271,0,0.3042310082991483,1
svm,bis_quatro__B,bis_quatro,B,6,271,0,0.40111644054187734,1
svm,bis_quatro__B,bis_quatro,B,6,271,0,0.04453764162816631,1
svm,bis_quatro__B,bis_quatro,B,6,271,0,0.007675946835022374,1
svm,bis_quatro__B,bis_quatro,B,6,271,0,0.13304345522600391,1
svm,bis_quatro__B,bis_quatro,B,6,271,0,0.24573695104983584,1
svm,bis_quatro__B,bis_quatro,B,6,271,0,0.5877732014147133,1
svm,bis_quatro__B,bis_quatro,B,6,271,0,-0.2966392249099167,0
svm,bis_quatro__B,bis_quatro,B,6,271,0,-0.488324481769021,0
svm,bis_quatro__B,bis_quatro,B,6,271,0,-0.6126834911156939,0
svm,bis_quatro__B,bis_quatro,B,6,271,0,0.09666452177359786,1
svm,bis_quatro__B,bis_quatro,B,6,271,1,1.211940240095665,1
svm,bis_quatro__B,bis_quatro,B,6,271,1,-0.4056731734507236,0
svm,bis_quatro__B,bis_quatro,B,6,271,1,0.3629532755350967,1
svm,bis_quatro__B,bis_quatro,B,6,271,1,0.2270172918331893,1
svm,bis_quatro__B,bis_quatro,B,6,271,1,-0.9247889319680714,0
svm,bis_quatro__B,bis_quatro,B,6,271,1,-0.7225682528729033,0
svm,bis_quatro__B,bis_quatro,B,6,271,1,0.4678489949578678,1
svm,bis_quatro__B,bis_quatro,B,6,271,1,-0.09581992056711408,0
svm,bis_quatro__B,bis_quatro,B,6,271,1,-0.4270230621344341,0
svm,bis_quatro__B,bis_quatro,B,6,271,1,0.039203098422888716,1
svm,bis_quatro__B,bis_quatro,B,6,271,1,-0.2720264794319748,0
svm,bis_quatro__B,bis_quatro,B,6,271,1,-0.3357970659954924,0
svm,bis_quatro__B,bis_quatro,B,6,271,1,-0.5949411986672514,0
svm,bis_quatro__B,bis_quatro,B,6,271,1,-0.9469139020580831,0
svm,bis_quatro__B,bis_quatro,B,7,251,0,-0.5935185779325751,0
svm,bis_quatro__B,bis_quatro,B,7,251,0,1.8576101003460757,1
svm,bis_quatro__B,bis_quatro,B,7,251,0,-0.7710486265513321,0
svm,bis_quatro__B,bis_quatro,B,7,251,0,0.0016894514016331796,1
svm,bis_quatro__B,bis_quatro,B,7,251,0,-0.09385346263424671,0
svm,bis_quatro__B,bis_quatro,B,7,251,0,-0.143046109757675,0
svm,bis_quatro__B,bis_quatro,B,7,251,0,-0.4359912287499866,0
svm,bis_quatro__B,bis_quatro,B,7,251,0,-0.7906091975443372,0
svm,bis_quatro__B,bis_quatro,B,7,251,0,0.2809670126495946,1
svm,bis_quatro__B,bis_quatro,B,7,251,0,-1.025685429836642,0
svm,bis_quatro__B,bis_quatro,B,7,251,0,-0.324598686612422,0
svm,bis_quatro__B,bis_quatro,B,7,251,0,-0.4470137999442639,0
svm,bis_quatro__B,bis_quatro,B,7,251,0,1.606948663932581,1
svm,bis_quatro__B,bis_quatro,B,7,251,0,-0.4829858398185474,0
svm,bis_quatro__B,bis_quatro,B,7,251,1,-2.041485615269333,0
svm,bis_quatro__B,bis_quatro,B,7,251,1,-1.0985033484391336,0
svm,bis_quatro__B,bis_quatro,B,7,251,1,-0.9003658238661956,0
svm,bis_quatro__B,bis_quatro,B,7,251,1,-0.5326363421390834,0
svm,bis_quatro__B,bis_quatro,B,7,251,1,-1.251978608205734,0
svm,bis_quatro__B,bis_quatro,B,7,251,1,1.2316682924175266,1
svm,bis_quatro__B,bis_quatro,B,7,251,1,0.1928574930900328,1
svm,bis_quatro__B,bis_quatro,B,7,251,1,0.308898627203864,1
svm,bis_quatro__B,bis_quatro,B,7,251,1,-1.5552326114218191,0
svm,bis_quatro__B,bis_quatro,B,7,251,1,0.3310306593399756,1
svm,bis_quatro__B,bis_quatro,B,7,251,1,-0.001512243855692097,0
svm,bis_quatro__B,bis_quatro,B,7,251,1,-0.01929127527274771,0
svm,bis_quatro__B,bis_quatro,B,7,251,1,0.13052361645360472,1
svm,bis_quatro__B,bis_quatro,B,8,282,0,-0.5628798922895003,0
svm,bis_quatro__B,bis_quatro,B,8,282,0,-1.0119850176624836,0
svm,bis_quatro__B,bis_quatro,B,8,282,0,0.48951676185526105,1
svm,bis_quatro__B,bis_quatro,B,8,282,0,0.5555347090664909,1
svm,bis_quatro__B,bis_quatro,B,8,282,0,0.8834752726198974,1
svm,bis_quatro__B,bis_quatro,B,8,282,0,0.5037099949954932,1
svm,bis_quatro__B,bis_quatro,B,8,282,0,-0.4051942380954202,0
svm,bis_quatro__B,bis_quatro,B,8,282,0,1.2367239384545834,1
svm,bis_quatro__B,bis_quatro,B,8,282,0,0.35751626079424115,1
svm,bis_quatro__B,bis_quatro,B,8,282,0,1.0173112681984056,1
svm,bis_quatro__B,bis_quatro,B,8,282,0,1.1255457362956212,1
svm,bis_quatro__B,bis_quatro,B,8,282,0,1.0503914960750067,1
svm,bis_quatro__B,bis_quatro,B,8,282,0,-0.09601191875328272,0
svm,bis_quatro__B,bis_quatro,B,8,282,0,-0.14689772855361535,0
svm,bis_quatro__B,bis_quatro,B,8,282,1,1.4117402700329014,1
svm,bis_quatro__B,bis_quatro,B,8,282,1,1.2059806215121625,1
svm,bis_quatro__B,bis_quatro,B,8,282,1,-0.9179706865010596,0
svm,bis_quatro__B,bis_quatro,B,8,282,1,-1.1892955874154842,0
svm,bis_quatro__B,bis_quatro,B,8,282,1,0.6440780374676475,1
svm,bis_quatro__B,bis_quatro,B,8,282,1,1.6595247600808052,1
svm,bis_quatro__B,bis_quatro,B,8,282,1,0.10226211623943407,1
svm,bis_quatro__B,bis_quatro,B,8,282,1,-1.2434420182011539,0
svm,bis_quatro__B,bis_quatro,B,8,282,1,1.9086914644449293,1
svm,bis_quatro__B,bis_quatro,B,8,282,1,0.14884214844503899,1
svm,bis_quatro__B,bis_quatro,B,8,282,1,-0.6827286916462342,0
svm,bis_quatro__B,bis_quatro,B,9,210,0,-0.2825935068099543,0
svm,bis_quatro__B,bis_quatro,B,9,210,0,0.9426294753405013,1
svm,bis_quatro__B,bis_quatro,B,9,210,0,-1.0694268449211624,0
svm,bis_quatro__B,bis_quatro,B,9,210,0,-0.3965269883635276,0
svm,bis_quatro__B,bis_quatro,B,9,210,0,-1.608710321046937,0
svm,bis_quatro__B,bis_quatro,B,9,210,0,-0.6919900282996654,0
svm,bis_quatro__B,bis_quatro,B,9,210,0,0.43482421142383565,1
svm,bis_quatro__B,bis_quatro,B,9,210,0,0.9464318230320767,1
svm,bis_quatro__B,bis_quatro,B,9,210,0,-0.16152733015207765,0
svm,bis_quatro__B,bis_quatro,B,9,210,0,0.39032737745509927,1
svm,bis_quatro__B,bis_quatro,B,9,210,0,-0.4374016355014394,0
svm,bis_quatro__B,bis_quatro,B,9,210,0,-0.6836495384205907,0
svm,bis_quatro__B,bis_quatro,B,9,210,0,0.6772040202724323,1
svm,bis_quatro__B,bis_quatro,B,9,210,0,-0.035200461346684975,0
svm,bis_quatro__B,bis_quatro,B,9,210,1,-0.046241234622153016,0
svm,bis_quatro__B,bis_quatro,B,9,210,1,-0.35262339983249014,0
svm,bis_quatro__B,bis_quatro,B,9,210,1,0.43190163065002274,1
svm,bis_quatro__B,bis_quatro,B,9,210,1,0.9823812411688291,1
svm,bis_quatro__B,bis_quatro,B,9,210,1,-0.5587319341236086,0
svm,bis_quatro__B,bis_quatro,B,9,210,1,-1.6644585186830998,0
svm,bis_quatro__B,bis_quatro,B,9,210,1,0.9854090623602527,1
svm,bis_quatro__B,bis_quatro,B,9,210,1,-0.3269757290412034,0
svm,bis_quatro__B,bis_quatro,B,9,210,1,0.5413267790341703,1
svm,bis_quatro__B,bis_quatro,B,9,210,1,1.1952098038492291,1
svm,bis_quatro__B,bis_quatro,B,9,210,1,-0.4630754362103975,0
svm,bis_quatro__B,bis_quatro,B,10,265,0,-2.8479093865591985,0
svm,bis_quatro__B,bis_quatro,B,10,265,0,-0.7159003715040093,0
svm,bis_quatro__B,bis_quatro,B,10,265,0,0.3882127022220736,1
svm,bis_quatro__B,bis_quatro,B,10,265,0,-1.7364221883320319,0
svm,bis_quatro__B,bis_quatro,B,10,265,0,-0.5004346677074416,0
svm,bis_quatro__B,bis_quatro,B,10,265,0,-1.1820434383077618,0
svm,bis_quatro__B,bis_quatro,B,10,265,0,0.6016692977323963,1
svm,bis_quatro__B,bis_quatro,B,10,265,0,-0.22148784285382206,0
svm,bis_quatro__B,bis_quatro,B,10,265,0,-0.10656813991068148,0
svm,bis_quatro__B,bis_quatro,B,10,265,0,-0.21319746885101054,0
svm,bis_quatro__B,bis_quatro,B,10,265,0,0.423276373430749,1
svm,bis_quatro__B,bis_quatro,B,10,265,0,0.23520553410994793,1
svm,bis_quatro__B,bis_quatro,B,10,265,0,-1.187665112011718,0
svm,bis_quatro__B,bis_quatro,B,10,265,1,1.4200943684646994,1
svm,bis_quatro__B,bis_quatro,B,10,265,1,0.6735060211858119,1
svm,bis_quatro__B,bis_quatro,B,10,265,1,1.5541400434219206,1
svm,bis_quatro__B,bis_quatro,B,10,265,1,1.0350082190655705,1
svm,bis_quatro__B,bis_quatro,B,10,265,1,0.44239906907840165,1
svm,bis_quatro__B,bis_quatro,B,10,265,1,0.4256810822463173,1
svm,bis_quatro__B,bis_quatro,B,10,265,1,-1.0303287061348918,0
svm,bis_quatro__B,bis_quatro,B,10,265,1,1.6021781379078242,1
svm,bis_quatro__B,bis_quatro,B,10,265,1,0.891881951728589,1
svm,bis_quatro__B,bis_quatro,B,10,265,1,-0.5720275056761785,0
svm,bis_quatro__B,bis_quatro,B,10,265,1,-0.9865380617730715,0
svm,bis_quatro__C,bis_quatro,C,1,249,0,-1.2751822449507682,0
svm,bis_quatro__C,bis_quatro,C,1,249,0,1.0095737693407063,1
svm,bis_quatro__C,bis_quatro,C,1,249,0,2.0372093875831485,1
svm,bis_quatro__C,bis_quatro,C,1,249,0,-1.7763322177956393,0
svm,bis_quatro__C,bis_quatro,C,1,249,0,-1.4327097151350738,0
svm,bis_quatro__C,bis_quatro,C,1,249,0,0.11870078359889824,1
svm,bis_quatro__C,bis_quatro,C,1,249,0,-1.5260388058568832,0
svm,bis_quatro__C,bis_quatro,C,1,249,0,-0.4255218885361227,0
svm,bis_quatro__C,bis_quatro,C,1,249,0,-1.7269735851484551,0
svm,bis_quatro__C,bis_quatro,C,1,249,0,-1.9396552542073788,0
svm,bis_quatro__C,bis_quatro,C,1,249,0,-2.1524798261755347,0
svm,bis_quatro__C,bis_quatro,C,1,249,0,-0.19395077254425352,0
svm,bis_quatro__C,bis_quatro,C,1,249,0,0.6277860685658556,1
svm,bis_quatro__C,bis_quatro,C,1,249,0,0.5472243033855779,1
svm,bis_quatro__C,bis_quatro,C,1,249,0,-1.9839239676520872,0
svm,bis_quatro__C,bis_quatro,C,1,249,1,1.4484964625994952,1
svm,bis_quatro__C,bis_quatro,C,1,249,1,-1.8037080521557964,0
svm,bis_quatro__C,bis_quatro,C,1,249,1,0.8727558543608769,1
svm,bis_quatro__C,bis_quatro,C,1,249,1,-0.4516529805729288,0
svm,bis_quatro__C,bis_quatro,C,1,249,1,0.30073389971751574,1
svm,bis_quatro__C,bis_quatro,C,1,249,1,-2.454187015150948,0
svm,bis_quatro__C,bis_quatro,C,1,249,1,-1.0365848128233761,0
svm,bis_quatro__C,bis_quatro,C,1,249,1,-0.04258091071308279,0
svm,bis_quatro__C,bis_quatro,C,1,249,1,2.063065937370512,1
svm,bis_quatro__C,bis_quatro,C,1,249,1,-0.1531319686141881,0
svm,bis_quatro__C,bis_quatro,C,1,249,1,-0.9357111534886808,0
svm,bis_quatro__C,bis_quatro,C,1,249,1,-0.7139311179261068,0
svm,bis_quatro__C,bis_quatro,C,1,249,1,-1.2843236208649795,0
svm,bis_quatro__C,bis_quatro,C,1,249,1,0.18028634677556177,1
svm,bis_quatro__C,bis_quatro,C,1,249,1,1.4268463290425348,1
svm,bis_quatro__C,bis_quatro,C,1,249,1,-1.8787704048300764,0
svm,bis_quatro__C,bis_quatro,C,1,249,1,0.061986375653207304,1
svm,bis_quatro__C,bis_quatro,C,2,219,0,0.3567684661343117,1
svm,bis_quatro__C,bis_quatro,C,2,219,0,0.2481817105666384,1
svm,bis_quatro__C,bis_quatro,C,2,219,0,0.4037736435266527,1
svm,bis_quatro__C,bis_quatro,C,2,219,0,0.8559925401169682,1
svm,bis_quatro__C,bis_quatro,C,2,219,0,0.4080622559062925,1
svm,bis_quatro__C,bis_quatro,C,2,219,0,0.8183545100482849,1
svm,bis_quatro__C,bis_quatro,C,2,219,0,0.33629782017253496,1
svm,bis_quatro__C,bis_quatro,C,2,219,0,-0.07310585530742764,0
svm,bis_quatro__C,bis_quatro,C,2,219,0,0.6223499499874255,1
svm,bis_quatro__C,bis_quatro,C,2,219,0,0.268282755449862,1
svm,bis_quatro__C,bis_quatro,C,2,219,0,-0.07509211596160947,0
svm,bis_quatro__C,bis_quatro,C,2,219,0,0.2660560003242777,1
svm,bis_quatro__C,bis_quatro,C,2,219,0,0.01609902690034437,1
svm,bis_quatro__C,bis_quatro,C,2,219,0,0.19915136060475758,1
svm,bis_quatro__C,bis_quatro,C,2,219,1,0.26966943276519983,1
svm,bis_quatro__C,bis_quatro,C,2,219,1,0.33413068172219773,1
svm,bis_quatro__C,bis_quatro,C,2,219,1,0.3307226642362384,1
svm,bis_quatro__C,bis_quatro,C,2,219,1,0.44576185367818233,1
svm,bis_quatro__C,bis_quatro,C,2,219,1,0.44766695339429097,1
svm,bis_quatro__C,bis_quatro,C,2,219,1,0.17354996952270962,1
svm,bis_quatro__C,bis_quatro,C,2,219,1,0.025655506075835888,1
svm,bis_quatro__C,bis_quatro,C,2,219,1,0.7232801350489378,1
svm,bis_quatro__C,bis_quatro,C,2,219,1,0.21259327333313405,1
svm,bis_quatro__C,bis_quatro,C,2,219,1,0.38257774759069085,1
svm,bis_quatro__C,bis_quatro,C,2,219,1,-0.007718638846948567,0
svm,bis_quatro__C,bis_quatro,C,2,219,1,0.15865842306793743,1
svm,bis_quatro__C,bis_quatro,C,2,219,1,0.1820142172644844,1
svm,bis_quatro__C,bis_quatro,C,2,219,1,0.13892067232666283,1
svm,bis_quatro__C,bis_quatro,C,2,219,1,0.23948780630148803,1
svm,bis_quatro__C,bis_quatro,C,2,219,1,0.5959237289750942,1
svm,bis_quatro__C,bis_quatro,C,3,313,0,0.4556801208919694,1
svm,bis_quatro__C,bis_quatro,C,3,313,0,1.203677210203935,1
svm,bis_quatro__C,bis_quatro,C,3,313,0,1.1468360356720098,1
svm,bis_quatro__C,bis_quatro,C,3,313,0,0.5375245348260194,1
svm,bis_quatro__C,bis_quatro,C,3,313,0,0.8028930219440156,1
svm,bis_quatro__C,bis_quatro,C,3,313,0,1.6440124502225757,1
svm,bis_quatro__C,bis_quatro,C,3,313,0,0.7771618443803305,1
svm,bis_quatro__C,bis_quatro,C,3,313,0,0.4188139104567057,1
svm,bis_quatro__C,bis_quatro,C,3,313,0,1.346045964218618,1
svm,bis_quatro__C,bis_quatro,C,3,313,0,0.4192001037109918,1
svm,bis_quatro__C,bis_quatro,C,3,313,0,0.3405543819923764,1
svm,bis_quatro__C,bis_quatro,C,3,313,0,0.28470376140899134,1
svm,bis_quatro__C,bis_quatro,C,3,313,0,0.2677744689356558,1
svm,bis_quatro__C,bis_quatro,C,3,313,0,1.2564207908380354,1
svm,bis_quatro__C,bis_quatro,C,3,313,0,0.8462967797155301,1
svm,bis_quatro__C,bis_quatro,C,3,313,1,-0.0333855991756451,0
svm,bis_quatro__C,bis_quatro,C,3,313,1,0.3130121447579626,1
svm,bis_quatro__C,bis_quatro,C,3,313,1,-0.8819369343494401,0
svm,bis_quatro__C,bis_quatro,C,3,313,1,-0.5789857345435365,0
svm,bis_quatro__C,bis_quatro,C,3,313,1,-0.11864647273201001,0
svm,bis_quatro__C,bis_quatro,C,3,313,1,0.6605176684503249,1
svm,bis_quatro__C,bis_quatro,C,3,313,1,0.7428500907069804,1
svm,bis_quatro__C,bis_quatro,C,3,313,1,1.0268731048149817,1
svm,bis_quatro__C,bis_quatro,C,3,313,1,0.6349249613800794,1
svm,bis_quatro__C,bis_quatro,C,3,313,1,-0.44101679815976524,0
svm,bis_quatro__C,bis_quatro,C,3,313,1,0.18261244806039656,1
svm,bis_quatro__C,bis_quatro,C,3,313,1,-0.8785119266190691,0
svm,bis_quatro__C,bis_quatro,C,3,313,1,0.6035577764672553,1
svm,bis_quatro__C,bis_quatro,C,3,313,1,1.0263638791385574,1
svm,bis_quatro__C,bis_quatro,C,4,318,0,0.26356166169559614,1
svm,bis_quatro__C,bis_quatro,C,4,318,0,-0.581921772317959,0
svm,bis_quatro__C,bis_quatro,C,4,318,0,0.44196390335131275,1
svm,bis_quatro__C,bis_quatro,C,4,318,0,0.37532576818307317,1
svm,bis_quatro__C,bis_quatro,C,4,318,0,0.25413332869522065,1
svm,bis_quatro__C,bis_quatro,C,4,318,0,-0.11405342043535283,0
svm,bis_quatro__C,bis_quatro,C,4,318,0,-0.03244927494408445,0
svm,bis_quatro__C,bis_quatro,C,4,318,0,-0.5885411525907743,0
svm,bis_quatro__C,bis_quatro,C,4,318,0,0.11813571199560802,1
svm,bis_quatro__C,bis_quatro,C,4,318,0,0.09414582165842633,1
svm,bis_quatro__C,bis_quatro,C,4,318,0,0.05255880860483653,1
svm,bis_quatro__C,bis_quatro,C,4,318,0,0.2607354679297704,1
svm,bis_quatro__C,bis_quatro,C,4,318,0,0.12223546484122438,1
svm,bis_quatro__C,bis_quatro,C,4,318,0,-0.16044911004479478,0
svm,bis_quatro__C,bis_quatro,C,4,318,1,-0.20843304387805928,0
svm,bis_quatro__C,bis_quatro,C,4,318,1,0.4713644867976806,1
svm,bis_quatro__C,bis_quatro,C,4,318,1,-0.1146345283789777,0
svm,bis_quatro__C,bis_quatro,C,4,318,1,0.21984267080451336,1
svm,bis_quatro__C,bis_quatro,C,4,318,1,0.147411578848059,1
svm,bis_quatro__C,bis_quatro,C,4,318,1,0.10888812668444636,1
svm,bis_quatro__C,bis_quatro,C,4,318,1,0.27007334381786907,1
svm,bis_quatro__C,bis_quatro,C,4,318,1,0.19817558987841877,1
svm,bis_quatro__C,bis_quatro,C,4,318,1,0.43515812918835983,1
svm,bis_quatro__C,bis_quatro,C,4,318,1,0.40084337530712266,1
svm,bis_quatro__C,bis_quatro,C,4,318,1,0.370494141261808,1
svm,bis_quatro__C,bis_quatro,C,4,318,1,0.19540590999260732,1
svm,bis_quatro__C,bis_quatro,C,4,318,1,0.2399682674723701,1
svm,bis_quatro__C,bis_quatro,C,4,318,1,0.2649417575605588,1
svm,bis_quatro__C,bis_quatro,C,5,300,0,1.9138046262356514,1
svm,bis_quatro__C,bis_quatro,C,5,300,0,1.7733229676539664,1
svm,bis_quatro__C,bis_quatro,C,5,300,0,1.6250123720472334,1
svm,bis_quatro__C,bis_quatro,C,5,300,0,1.4788015350450263,1
svm,bis_quatro__C,bis_quatro,C,5,300,0,2.003600183512827,1
svm,bis_quatro__C,bis_quatro,C,5,300,0,1.7700915208924015,1
svm,bis_quatro__C,bis_quatro,C,5,300,0,2.0248694373982534,1
svm,bis_quatro__C,bis_quatro,C,5,300,0,2.0766146612254253,1
svm,bis_quatro__C,bis_quatro,C,5,300,0,1.8008909719233233,1
svm,bis_quatro__C,bis_quatro,C,5,300,0,1.530274506562368,1
svm,bis_quatro__C,bis_quatro,C,5,300,0,1.4593728385609968,1
svm,bis_quatro__C,bis_quatro,C,5,300,0,1.7276600978526644,1
svm,bis_quatro__C,bis_quatro,C,5,300,0,2.172774153061887,1
svm,bis_quatro__C,bis_quatro,C,5,300,0,1.7889190925330056,1
svm,bis_quatro__C,bis_quatro,C,5,300,1,2.099871764016138,1
svm,bis_quatro__C,bis_quatro,C,5,300,1,2.2554595757435725,1
svm,bis_quatro__C,bis_quatro,C,5,300,1,2.000614250185579,1
svm,bis_quatro__C,bis_quatro,C,5,300,1,2.335125816254299,1
svm,bis_quatro__C,bis_quatro,C,5,300,1,2.249301860427522,1
svm,bis_quatro__C,bis_quatro,C,5,300,1,2.394205126007535,1
svm,bis_quatro__C,bis_quatro,C,5,300,1,2.204629927672894,1
svm,bis_quatro__C,bis_quatro,C,5,300,1,2.233687295075967,1
svm,bis_quatro__C,bis_quatro,C,5,300,1,2.0327840928042584,1
svm,bis_quatro__C,bis_quatro,C,5,300,1,2.1978119349070036,1
svm,bis_quatro__C,bis_quatro,C,5,300,1,2.406997919102062,1
svm,bis_quatro__C,bis_quatro,C,5,300,1,2.316347165614852,1
svm,bis_quatro__C,bis_quatro,C,5,300,1,2.1535154175371427,1
svm,bis_quatro__C,bis_quatro,C,5,300,1,2.209273927657164,1
svm,bis_quatro__C,bis_quatro,C,6,271,0,0.621015681267972,1
svm,bis_quatro__C,bis_quatro,C,6,271,0,0.004581989747452206,1
svm,bis_quatro__C,bis_quatro,C,6,271,0,0.30182240131118965,1
svm,bis_quatro__C,bis_quatro,C,6,271,0,0.47882709714197524,1
svm,bis_quatro__C,bis_quatro,C,6,271,0,0.8453165883141754,1
svm,bis_quatro__C,bis_quatro,C,6,271,0,0.5851284761248514,1
svm,bis_quatro__C,bis_quatro,C,6,271,0,0.24560238711533314,1
svm,bis_quatro__C,bis_quatro,C,6,271,0,-0.6468258194924316,0
svm,bis_quatro__C,bis_quatro,C,6,271,0,-0.40514820162792475,0
svm,bis_quatro__C,bis_quatro,C,6,271,0,0.4758846943681375,1
svm,bis_quatro__C,bis_quatro,C,6,271,0,0.15897190723161814,1
svm,bis_quatro__C,bis_quatro,C,6,271,0,0.022556159578699192,1
svm,bis_quatro__C,bis_quatro,C,6,271,0,0.05868076391456978,1
svm,bis_quatro__C,bis_quatro,C,6,271,0,0.23610696799670414,1
svm,bis_quatro__C,bis_quatro,C,6,271,1,0.3177183507752911,1
svm,bis_quatro__C,bis_quatro,C,6,271,1,0.5667316488412089,1
svm,bis_quatro__C,bis_quatro,C,6,271,1,0.18990633265312026,1
svm,bis_quatro__C,bis_quatro,C,6,271,1,0.40097303864809075,1
svm,bis_quatro__C,bis_quatro,C,6,271,1,0.02822111618234266,1
svm,bis_quatro__C,bis_quatro,C,6,271,1,-0.046090888199240065,0
svm,bis_quatro__C,bis_quatro,C,6,271,1,0.2634118516446754,1
svm,bis_quatro__C,bis_quatro,C,6,271,1,-0.14234074125623072,0
svm,bis_quatro__C,bis_quatro,C,6,271,1,0.3949860338466332,1
svm,bis_quatro__C,bis_quatro,C,6,271,1,0.20384548292646879,1
svm,bis_quatro__C,bis_quatro,C,6,271,1,0.012706375179611387,1
svm,bis_quatro__C,bis_quatro,C,6,271,1,-0.009569154042183281,0
svm,bis_quatro__C,bis_quatro,C,6,271,1,0.26765830328336493,1
svm,bis_quatro__C,bis_quatro,C,6,271,1,-0.02108137787882422,0
svm,bis_quatro__C,bis_quatro,C,7,251,0,-1.239599605413544,0
svm,bis_quatro__C,bis_quatro,C,7,251,0,-1.7307824806908574,0
svm,bis_quatro__C,bis_quatro,C,7,251,0,-1.77039212013436,0
svm,bis_quatro__C,bis_quatro,C,7,251,0,-1.1046951201258053,0
svm,bis_quatro__C,bis_quatro,C,7,251,0,-1.3964236960848617,0
svm,bis_quatro__C,bis_quatro,C,7,251,0,-0.972682775890297,0
svm,bis_quatro__C,bis_quatro,C,7,251,0,-0.6679358454414231,0
svm,bis_quatro__C,bis_quatro,C,7,251,0,-1.5317935215451495,0
svm,bis_quatro__C,bis_quatro,C,7,251,0,-1.5110116651837668,0
svm,bis_quatro__C,bis_quatro,C,7,251,0,-2.025773458974446,0
svm,bis_quatro__C,bis_quatro,C,7,251,0,-1.7892769207946517,0
svm,bis_quatro__C,bis_quatro,C,7,251,0,-2.0818248876610954,0
svm,bis_quatro__C,bis_quatro,C,7,251,0,-1.2876222496992646,0
svm,bis_quatro__C,bis_quatro,C,7,251,0,-1.9193260405737465,0
svm,bis_quatro__C,bis_quatro,C,7,251,1,-0.5028478280121967,0
svm,bis_quatro__C,bis_quatro,C,7,251,1,-1.164239351372284,0
svm,bis_quatro__C,bis_quatro,C,7,251,1,-0.7995416337712936,0
svm,bis_quatro__C,bis_quatro,C,7,251,1,-0.7198526871667947,0
svm,bis_quatro__C,bis_quatro,C,7,251,1,-1.2404004609692496,0
svm,bis_quatro__C,bis_quatro,C,7,251,1,-0.2599132833287313,0
svm,bis_quatro__C,bis_quatro,C,7,251,1,-1.10889712708149,0
svm,bis_quatro__C,bis_quatro,C,7,251,1,-0.4355794897188424,0
svm,bis_quatro__C,bis_quatro,C,7,251,1,-0.6624042621488345,0
svm,bis_quatro__C,bis_quatro,C,7,251,1,-1.3486142384040296,0
svm,bis_quatro__C,bis_quatro,C,7,251,1,-1.0590143841328588,0
svm,bis_quatro__C,bis_quatro,C,7,251,1,-0.565174363041912,0
svm,bis_quatro__C,bis_quatro,C,7,251,1,-0.39494173930220744,0
svm,bis_quatro__C,bis_quatro,C,8,282,0,-0.7802059070789399,0
svm,bis_quatro__C,bis_quatro,C,8,282,0,-0.7126229921518337,0
svm,bis_quatro__C,bis_quatro,C,8,282,0,-0.7475363745432199,0
svm,bis_quatro__C,bis_quatro,C,8,282,0,-0.5603598977590611,0
svm,bis_quatro__C,bis_quatro,C,8,282,0,-0.8452207147108868,0
svm,bis_quatro__C,bis_quatro,C,8,282,0,-0.48984526959205854,0
svm,bis_quatro__C,bis_quatro,C,8,282,0,-0.7685008789827488,0
svm,bis_quatro__C,bis_quatro,C,8,282,0,-0.40550317649940626,0
svm,bis_quatro__C,bis_quatro,C,8,282,0,-0.5662161331714377,0
svm,bis_quatro__C,bis_quatro,C,8,282,0,-0.5225988307324009,0
svm,bis_quatro__C,bis_quatro,C,8,282,0,-0.5001063720100736,0
svm,bis_quatro__C,bis_quatro,C,8,282,0,-0.36645688593403714,0
svm,bis_quatro__C,bis_quatro,C,8,282,0,-0.6654583987481787,0
svm,bis_quatro__C,bis_quatro,C,8,282,0,-0.6347257639712703,0
svm,bis_quatro__C,bis_quatro,C,8,282,1,0.6582241031856259,1
svm,bis_quatro__C,bis_quatro,C,8,282,1,0.7879589350359891,1
svm,bis_quatro__C,bis_quatro,C,8,282,1,0.4827125061120612,1
svm,bis_quatro__C,bis_quatro,C,8,282,1,0.5739304686135711,1
svm,bis_quatro__C,bis_quatro,C,8,282,1,0.597347771139419,1
svm,bis_quatro__C,bis_quatro,C,8,282,1,0.3993202992600323,1
svm,bis_quatro__C,bis_quatro,C,8,282,1,-0.18784559675505552,0
svm,bis_quatro__C,bis_quatro,C,8,282,1,0.1810290257979812,1
svm,bis_quatro__C,bis_quatro,C,8,282,1,0.5525376406232442,1
svm,bis_quatro__C,bis_quatro,C,8,282,1,0.6393611703701597,1
svm,bis_quatro__C,bis_quatro,C,8,282,1,0.6298429625253109,1
svm,bis_quatro__C,bis_quatro,C,9,210,0,-0.7553175110452208,0
svm,bis_quatro__C,bis_quatro,C,9,210,0,-0.9084357551461995,0
svm,bis_quatro__C,bis_quatro,C,9,210,0,-0.7270076104608881,0
svm,bis_quatro__C,bis_quatro,C,9,210,0,-0.5066509311600197,0
svm,bis_quatro__C,bis_quatro,C,9,210,0,-1.1033087895970832,0
svm,bis_quatro__C,bis_quatro,C,9,210,0,-0.236194193658399,0
svm,bis_quatro__C,bis_quatro,C,9,210,0,-0.7332150805903447,0
svm,bis_quatro__C,bis_quatro,C,9,210,0,0.0386216931909501,1
svm,bis_quatro__C,bis_quatro,C,9,210,0,-0.3059746160175917,0
svm,bis_quatro__C,bis_quatro,C,9,210,0,-0.567557526372096,0
svm,bis_quatro__C,bis_quatro,C,9,210,0,-0.745474839745983,0
svm,bis_quatro__C,bis_quatro,C,9,210,0,-1.4026059267020765,0
svm,bis_quatro__C,bis_quatro,C,9,210,0,-0.4424226046390126,0
svm,bis_quatro__C,bis_quatro,C,9,210,0,-0.5505806454437047,0
svm,bis_quatro__C,bis_quatro,C,9,210,1,0.019512026280083417,1
svm,bis_quatro__C,bis_quatro,C,9,210,1,0.32636147443802543,1
svm,bis_quatro__C,bis_quatro,C,9,210,1,0.48456528252062214,1
svm,bis_quatro__C,bis_quatro,C,9,210,1,0.3935348687641609,1
svm,bis_quatro__C,bis_quatro,C,9,210,1,0.10903143518279967,1
svm,bis_quatro__C,bis_quatro,C,9,210,1,0.20816361535801375,1
svm,bis_quatro__C,bis_quatro,C,9,210,1,0.24499981190299425,1
svm,bis_quatro__C,bis_quatro,C,9,210,1,0.1896050373183732,1
svm,bis_quatro__C,bis_quatro,C,9,210,1,0.3615836328690696,1
svm,bis_quatro__C,bis_quatro,C,9,210,1,0.07950115626135767,1
svm,bis_quatro__C,bis_quatro,C,9,210,1,0.7428998002426679,1
svm,bis_quatro__C,bis_quatro,C,10,265,0,0.02336776010836067,1
svm,bis_quatro__C,bis_quatro,C,10,265,0,-0.11841239822432265,0
svm,bis_quatro__C,bis_quatro,C,10,265,0,0.40149162759120677,1
svm,bis_quatro__C,bis_quatro,C,10,265,0,0.1767011316498806,1
svm,bis_quatro__C,bis_quatro,C,10,265,0,0.4168649191425587,1
svm,bis_quatro__C,bis_quatro,C,10,265,0,0.19825143143234997,1
svm,bis_quatro__C,bis_quatro,C,10,265,0,0.15237581658694438,1
svm,bis_quatro__C,bis_quatro,C,10,265,0,0.11637672469287047,1
svm,bis_quatro__C,bis_quatro,C,10,265,0,-0.09738138096257615,0
svm,bis_quatro__C,bis_quatro,C,10,265,0,0.05649527019677997,1
svm,bis_quatro__C,bis_quatro,C,10,265,0,0.16958904779277423,1
svm,bis_quatro__C,bis_quatro,C,10,265,0,-0.24282224493068577,0
svm,bis_quatro__C,bis_quatro,C,10,265,0,0.07425145248055759,1
svm,bis_quatro__C,bis_quatro,C,10,265,1,-0.011936513024073114,0
svm,bis_quatro__C,bis_quatro,C,10,265,1,0.04446781722115151,1
svm,bis_quatro__C,bis_quatro,C,10,265,1,0.6244375573657608,1
svm,bis_quatro__C,bis_quatro,C,10,265,1,0.7917258302556001,1
svm,bis_quatro__C,bis_quatro,C,10,265,1,0.16748237244040737,1
svm,bis_quatro__C,bis_quatro,C,10,265,1,0.12704396421284064,1
svm,bis_quatro__C,bis_quatro,C,10,265,1,0.5226521408534857,1
svm,bis_quatro__C,bis_quatro,C,10,265,1,0.25205151893987837,1
svm,bis_quatro__C,bis_quatro,C,10,265,1,0.34578213308156597,1
svm,bis_quatro__C,bis_quatro,C,10,265,1,0.43823814951555434,1
svm,bis_quatro__C,bis_quatro,C,10,265,1,-0.04486533946426369,0
xgb,left_lateral__A,left_lateral,A,1,249,0,0.006101381033658981,0
xgb,left_lateral__A,left_lateral,A,1,249,0,0.11935275048017502,0
xgb,left_lateral__A,left_lateral,A,1,249,0,0.9889057874679565,1
xgb,left_lateral__A,left_lateral,A,1,249,0,0.07226275652647018,0
xgb,left_lateral__A,left_lateral,A,1,249,0,0.006661098916083574,0
xgb,left_lateral__A,left_lateral,A,1,249,0,0.9159243106842041,1
xgb,left_lateral__A,left_lateral,A,1,249,0,0.012044118717312813,0
xgb,left_lateral__A,left_lateral,A,1,249,0,0.003304442623630166,0
xgb,left_lateral__A,left_lateral,A,1,249,0,0.060703668743371964,0
xgb,left_lateral__A,left_lateral,A,1,249,0,0.0031838787253946066,0
xgb,left_lateral__A,left_lateral,A,1,249,0,0.0027917271945625544,0
xgb,left_lateral__A,left_lateral,A,1,249,0,0.6964696645736694,1
xgb,left_lateral__A,left_lateral,A,1,249,0,0.5488529205322266,1
xgb,left_lateral__A,left_lateral,A,1,249,0,0.9997286200523376,1
xgb,left_lateral__A,left_lateral,A,1,249,0,0.004127951804548502,0
xgb,left_lateral__A,left_lateral,A,1,249,1,0.3647751212120056,0
xgb,left_lateral__A,left_lateral,A,1,249,1,0.6782650351524353,1
xgb,left_lateral__A,left_lateral,A,1,249,1,0.9992414712905884,1
xgb,left_lateral__A,left_lateral,A,1,249,1,0.9937142729759216,1
xgb,left_lateral__A,left_lateral,A,1,249,1,0.9310212731361389,1
xgb,left_lateral__A,left_lateral,A,1,249,1,0.23053084313869476,0
xgb,left_lateral__A,left_lateral,A,1,249,1,0.5385890603065491,1
xgb,left_lateral__A,left_lateral,A,1,249,1,0.6639201045036316,1
xgb,left_lateral__A,left_lateral,A,1,249,1,0.9911802411079407,1
xgb,left_lateral__A,left_lateral,A,1,249,1,0.9865831732749939,1
xgb,left_lateral__A,left_lateral,A,1,249,1,0.0441829189658165,0
xgb,left_lateral__A,left_lateral,A,1,249,1,0.9095748662948608,1
xgb,left_lateral__A,left_lateral,A,1,249,1,0.984516441822052,1
xgb,left_lateral__A,left_lateral,A,1,249,1,0.9990535378456116,1
xgb,left_lateral__A,left_lateral,A,1,249,1,0.9693460464477539,1
xgb,left_lateral__A,left_lateral,A,1,249,1,0.6592653393745422,1
xgb,left_lateral__A,left_lateral,A,1,249,1,0.9943093061447144,1
xgb,left_lateral__A,left_lateral,A,2,219,0,0.28834810853004456,0
xgb,left_lateral__A,left_lateral,A,2,219,0,0.9661259651184082,1
xgb,left_lateral__A,left_lateral,A,2,219,0,0.9932057857513428,1
xgb,left_lateral__A,left_lateral,A,2,219,0,0.9821391701698303,1
xgb,left_lateral__A,left_lateral,A,2,219,0,0.9800539612770081,1
xgb,left_lateral__A,left_lateral,A,2,219,0,0.9962120056152344,1
xgb,left_lateral__A,left_lateral,A,2,219,0,0.9595763683319092,1
xgb,left_lateral__A,left_lateral,A,2,219,0,0.004855850245803595,0
xgb,left_lateral__A,left_lateral,A,2,219,0,0.9965317845344543,1
xgb,left_lateral__A,left_lateral,A,2,219,0,0.03226666897535324,0
xgb,left_lateral__A,left_lateral,A,2,219,0,0.19660061597824097,0
xgb,left_lateral__A,left_lateral,A,2,219,0,0.9821589589118958,1
xgb,left_lateral__A,left_lateral,A,2,219,0,0.000823139795102179,0
xgb,left_lateral__A,left_lateral,A,2,219,0,0.8330546617507935,1
xgb,left_lateral__A,left_lateral,A,2,219,1,0.8441778421401978,1
xgb,left_lateral__A,left_lateral,A,2,219,1,0.9711986780166626,1
xgb,left_lateral__A,left_lateral,A,2,219,1,0.9771221280097961,1
xgb,left_lateral__A,left_lateral,A,2,219,1,0.9919062852859497,1
xgb,left_lateral__A,left_lateral,A,2,219,1,0.9701133370399475,1
xgb,left_lateral__A,left_lateral,A,2,219,1,0.9656358361244202,1
xgb,left_lateral__A,left_lateral,A,2,219,1,0.9797242879867554,1
xgb,left_lateral__A,left_lateral,A,2,219,1,0.9761659502983093,1
xgb,left_lateral__A,left_lateral,A,2,219,1,0.968163251876831,1
xgb,left_lateral__A,left_lateral,A,2,219,1,0.9597468972206116,1
xgb,left_lateral__A,left_lateral,A,2,219,1,0.9474785923957825,1
xgb,left_lateral__A,left_lateral,A,2,219,1,0.9843320846557617,1
xgb,left_lateral__A,left_lateral,A,2,219,1,0.9890732169151306,1
xgb,left_lateral__A,left_lateral,A,2,219,1,0.9438654780387878,1
xgb,left_lateral__A,left_lateral,A,2,219,1,0.9280650019645691,1
xgb,left_lateral__A,left_lateral,A,2,219,1,0.9735329151153564,1
xgb,left_lateral__A,left_lateral,A,3,313,0,0.2802653908729553,0
xgb,left_lateral__A,left_lateral,A,3,313,0,0.23549561202526093,0
xgb,left_lateral__A,left_lateral,A,3,313,0,0.0935053601861,0
xgb,left_lateral__A,left_lateral,A,3,313,0,0.164505735039711,0
xgb,left_lateral__A,left_lateral,A,3,313,0,0.07640968263149261,0
xgb,left_lateral__A,left_lateral,A,3,313,0,0.24348950386047363,0
xgb,left_lateral__A,left_lateral,A,3,313,0,0.1846037060022354,0
xgb,left_lateral__A,left_lateral,A,3,313,0,0.913664698600769,1
xgb,left_lateral__A,left_lateral,A,3,313,0,0.2797136902809143,0
xgb,left_lateral__A,left_lateral,A,3,313,0,0.2695791721343994,0
xgb,left_lateral__A,left_lateral,A,3,313,0,0.10649914294481277,0
xgb,left_lateral__A,left_lateral,A,3,313,0,0.07789161801338196,0
xgb,left_lateral__A,left_lateral,A,3,313,0,0.15181595087051392,0
xgb,left_lateral__A,left_lateral,A,3,313,0,0.04661404713988304,0
xgb,left_lateral__A,left_lateral,A,3,313,0,0.07091598212718964,0
xgb,left_lateral__A,left_lateral,A,3,313,1,0.26877227425575256,0
xgb,left_lateral__A,left_lateral,A,3,313,1,0.2330102026462555,0
xgb,left_lateral__A,left_lateral,A,3,313,1,0.2994723618030548,0
xgb,left_lateral__A,left_lateral,A,3,313,1,0.07077033072710037,0
xgb,left_lateral__A,left_lateral,A,3,313,1,0.04034670442342758,0
xgb,left_lateral__A,left_lateral,A,3,313,1,0.18178392946720123,0
xgb,left_lateral__A,left_lateral,A,3,313,1,0.3173048198223114,0
xgb,left_lateral__A,left_lateral,A,3,313,1,0.47460514307022095,0
xgb,left_lateral__A,left_lateral,A,3,313,1,0.10586950182914734,0
xgb,left_lateral__A,left_lateral,A,3,313,1,0.12494224309921265,0
xgb,left_lateral__A,left_lateral,A,3,313,1,0.24875584244728088,0
xgb,left_lateral__A,left_lateral,A,3,313,1,0.14964412152767181,0
xgb,left_lateral__A,left_lateral,A,3,313,1,0.0999830812215805,0
xgb,left_lateral__A,left_lateral,A,3,313,1,0.1688903421163559,0
xgb,left_lateral__A,left_lateral,A,4,318,0,0.05039730295538902,0
xgb,left_lateral__A,left_lateral,A,4,318,0,0.16912028193473816,0
xgb,left_lateral__A,left_lateral,A,4,318,0,0.11960181593894958,0
xgb,left_lateral__A,left_lateral,A,4,318,0,0.014700367115437984,0
xgb,left_lateral__A,left_lateral,A,4,318,0,0.5286639928817749,1
xgb,left_lateral__A,left_lateral,A,4,318,0,0.17317265272140503,0
xgb,left_lateral__A,left_lateral,A,4,318,0,0.27776631712913513,0
xgb,left_lateral__A,left_lateral,A,4,318,0,0.0033715295139700174,0
xgb,left_lateral__A,left_lateral,A,4,318,0,0.03129090741276741,0
xgb,left_lateral__A,left_lateral,A,4,318,0,0.07702840864658356,0
xgb,left_lateral__A,left_lateral,A,4,318,0,0.09390265494585037,0
xgb,left_lateral__A,left_lateral,A,4,318,0,0.3266839385032654,0
xgb,left_lateral__A,left_lateral,A,4,318,0,0.014413869008421898,0
xgb,left_lateral__A,left_lateral,A,4,318,0,0.5529232025146484,1
xgb,left_lateral__A,left_lateral,A,4,318,1,0.32080820202827454,0
xgb,left_lateral__A,left_lateral,A,4,318,1,0.05589135363698006,0
xgb,left_lateral__A,left_lateral,A,4,318,1,0.7889246940612793,1
xgb,left_lateral__A,left_lateral,A,4,318,1,0.11120571196079254,0
xgb,left_lateral__A,left_lateral,A,4,318,1,0.9747079014778137,1
xgb,left_lateral__A,left_lateral,A,4,318,1,0.022472059354186058,0
xgb,left_lateral__A,left_lateral,A,4,318,1,0.9351286292076111,1
xgb,left_lateral__A,left_lateral,A,4,318,1,0.13410741090774536,0
xgb,left_lateral__A,left_lateral,A,4,318,1,0.28934067487716675,0
xgb,left_lateral__A,left_lateral,A,4,318,1,0.9748566150665283,1
xgb,left_lateral__A,left_lateral,A,4,318,1,0.6769917011260986,1
xgb,left_lateral__A,left_lateral,A,4,318,1,0.8780607581138611,1
xgb,left_lateral__A,left_lateral,A,4,318,1,0.6694306135177612,1
xgb,left_lateral__A,left_lateral,A,4,318,1,0.8207120895385742,1
xgb,left_lateral__A,left_lateral,A,5,300,0,0.8756672739982605,1
xgb,left_lateral__A,left_lateral,A,5,300,0,0.814948558807373,1
xgb,left_lateral__A,left_lateral,A,5,300,0,0.6817924380302429,1
xgb,left_lateral__A,left_lateral,A,5,300,0,0.7285663485527039,1
xgb,left_lateral__A,left_lateral,A,5,300,0,0.8445551991462708,1
xgb,left_lateral__A,left_lateral,A,5,300,0,0.8426153063774109,1
xgb,left_lateral__A,left_lateral,A,5,300,0,0.8960947394371033,1
xgb,left_lateral__A,left_lateral,A,5,300,0,0.8154819011688232,1
xgb,left_lateral__A,left_lateral,A,5,300,0,0.5905178189277649,1
xgb,left_lateral__A,left_lateral,A,5,300,0,0.5631592273712158,1
xgb,left_lateral__A,left_lateral,A,5,300,0,0.6207751631736755,1
xgb,left_lateral__A,left_lateral,A,5,300,0,0.4601805806159973,0
xgb,left_lateral__A,left_lateral,A,5,300,0,0.7316128611564636,1
xgb,left_lateral__A,left_lateral,A,5,300,0,0.9111177921295166,1
xgb,left_lateral__A,left_lateral,A,5,300,1,0.896040141582489,1
xgb,left_lateral__A,left_lateral,A,5,300,1,0.9144183397293091,1
xgb,left_lateral__A,left_lateral,A,5,300,1,0.8605523705482483,1
xgb,left_lateral__A,left_lateral,A,5,300,1,0.8960947394371033,1
xgb,left_lateral__A,left_lateral,A,5,300,1,0.8790909647941589,1
xgb,left_lateral__A,left_lateral,A,5,300,1,0.883693277835846,1
xgb,left_lateral__A,left_lateral,A,5,300,1,0.8825186491012573,1
xgb,left_lateral__A,left_lateral,A,5,300,1,0.8804563879966736,1
xgb,left_lateral__A,left_lateral,A,5,300,1,0.9138335585594177,1
xgb,left_lateral__A,left_lateral,A,5,300,1,0.8582380414009094,1
xgb,left_lateral__A,left_lateral,A,5,300,1,0.85813307762146,1
xgb,left_lateral__A,left_lateral,A,5,300,1,0.9432880878448486,1
xgb,left_lateral__A,left_lateral,A,5,300,1,0.7913797497749329,1
xgb,left_lateral__A,left_lateral,A,5,300,1,0.746708869934082,1
xgb,left_lateral__A,left_lateral,A,6,271,0,0.28345897793769836,0
xgb,left_lateral__A,left_lateral,A,6,271,0,0.1964750736951828,0
xgb,left_lateral__A,left_lateral,A,6,271,0,0.07597298175096512,0
xgb,left_lateral__A,left_lateral,A,6,271,0,0.9577354788780212,1
xgb,left_lateral__A,left_lateral,A,6,271,0,0.16988970339298248,0
xgb,left_lateral__A,left_lateral,A,6,271,0,0.23552305996418,0
xgb,left_lateral__A,left_lateral,A,6,271,0,0.25769343972206116,0
xgb,left_lateral__A,left_lateral,A,6,271,0,0.0008532989304512739,0
xgb,left_lateral__A,left_lateral,A,6,271,0,0.00011588176857912913,0
xgb,left_lateral__A,left_lateral,A,6,271,0,0.12696175277233124,0
xgb,left_lateral__A,left_lateral,A,6,271,0,0.06539999693632126,0
xgb,left_lateral__A,left_lateral,A,6,271,0,0.00247981958091259,0
xgb,left_lateral__A,left_lateral,A,6,271,0,0.026535850018262863,0
xgb,left_lateral__A,left_lateral,A,6,271,0,0.044379014521837234,0
xgb,left_lateral__A,left_lateral,A,6,271,1,0.25256744027137756,0
xgb,left_lateral__A,left_lateral,A,6,271,1,0.8971502780914307,1
xgb,left_lateral__A,left_lateral,A,6,271,1,0.5803184509277344,1
xgb,left_lateral__A,left_lateral,A,6,271,1,0.6657582521438599,1
xgb,left_lateral__A,left_lateral,A,6,271,1,0.7722538113594055,1
xgb,left_lateral__A,left_lateral,A,6,271,1,0.7311243414878845,1
xgb,left_lateral__A,left_lateral,A,6,271,1,0.9302659630775452,1
xgb,left_lateral__A,left_lateral,A,6,271,1,0.4918093979358673,0
xgb,left_lateral__A,left_lateral,A,6,271,1,0.8270694613456726,1
xgb,left_lateral__A,left_lateral,A,6,271,1,0.2846970558166504,0
xgb,left_lateral__A,left_lateral,A,6,271,1,0.4809117913246155,0
xgb,left_lateral__A,left_lateral,A,6,271,1,0.9789565205574036,1
xgb,left_lateral__A,left_lateral,A,6,271,1,0.9862859845161438,1
xgb,left_lateral__A,left_lateral,A,6,271,1,0.9735880494117737,1
xgb,left_lateral__A,left_lateral,A,7,251,0,0.0009124063071794808,0
xgb,left_lateral__A,left_lateral,A,7,251,0,0.0031324911396950483,0
xgb,left_lateral__A,left_lateral,A,7,251,0,0.0024374525528401136,0
xgb,left_lateral__A,left_lateral,A,7,251,0,0.0017071797046810389,0
xgb,left_lateral__A,left_lateral,A,7,251,0,0.004044526256620884,0
xgb,left_lateral__A,left_lateral,A,7,251,0,0.003745762398466468,0
xgb,left_lateral__A,left_lateral,A,7,251,0,0.0033398231025785208,0
xgb,left_lateral__A,left_lateral,A,7,251,0,0.0013111226726323366,0
xgb,left_lateral__A,left_lateral,A,7,251,0,0.0024374525528401136,0
xgb,left_lateral__A,left_lateral,A,7,251,0,0.013462448492646217,0
xgb,left_lateral__A,left_lateral,A,7,251,0,0.015209990553557873,0
xgb,left_lateral__A,left_lateral,A,7,251,0,0.0031324911396950483,0
xgb,left_lateral__A,left_lateral,A,7,251,0,0.0011411096202209592,0
xgb,left_lateral__A,left_lateral,A,7,251,0,0.01404756959527731,0
xgb,left_lateral__A,left_lateral,A,7,251,1,0.4985751211643219,0
xgb,left_lateral__A,left_lateral,A,7,251,1,0.1291273683309555,0
xgb,left_lateral__A,left_lateral,A,7,251,1,0.015550895594060421,0
xgb,left_lateral__A,left_lateral,A,7,251,1,0.004797522909939289,0
xgb,left_lateral__A,left_lateral,A,7,251,1,0.002428994048386812,0
xgb,left_lateral__A,left_lateral,A,7,251,1,0.015971414744853973,0
xgb,left_lateral__A,left_lateral,A,7,251,1,0.005733961705118418,0
xgb,left_lateral__A,left_lateral,A,7,251,1,0.013652313500642776,0
xgb,left_lateral__A,left_lateral,A,7,251,1,0.21042576432228088,0
xgb,left_lateral__A,left_lateral,A,7,251,1,0.006436260417103767,0
xgb,left_lateral__A,left_lateral,A,7,251,1,0.0036924914456903934,0
xgb,left_lateral__A,left_lateral,A,7,251,1,0.020111193880438805,0
xgb,left_lateral__A,left_lateral,A,7,251,1,0.6640053391456604,1
xgb,left_lateral__A,left_lateral,A,8,282,0,0.0016255342634394765,0
xgb,left_lateral__A,left_lateral,A,8,282,0,0.0017296037403866649,0
xgb,left_lateral__A,left_lateral,A,8,282,0,0.012873870320618153,0
xgb,left_lateral__A,left_lateral,A,8,282,0,0.0276179239153862,0
xgb,left_lateral__A,left_lateral,A,8,282,0,0.0112396739423275,0
xgb,left_lateral__A,left_lateral,A,8,282,0,0.022601686418056488,0
xgb,left_lateral__A,left_lateral,A,8,282,0,0.006472532171756029,0
xgb,left_lateral__A,left_lateral,A,8,282,0,0.003777266712859273,0
xgb,left_lateral__A,left_lateral,A,8,282,0,0.0035508079454302788,0
xgb,left_lateral__A,left_lateral,A,8,282,0,0.0009208740666508675,0
xgb,left_lateral__A,left_lateral,A,8,282,0,0.005821813829243183,0
xgb,left_lateral__A,left_lateral,A,8,282,0,0.0009320159442722797,0
xgb,left_lateral__A,left_lateral,A,8,282,0,0.0707990899682045,0
xgb,left_lateral__A,left_lateral,A,8,282,0,0.013092510402202606,0
xgb,left_lateral__A,left_lateral,A,8,282,1,0.9287717342376709,1
xgb,left_lateral__A,left_lateral,A,8,282,1,0.8548561930656433,1
xgb,left_lateral__A,left_lateral,A,8,282,1,0.41200265288352966,0
xgb,left_lateral__A,left_lateral,A,8,282,1,0.7819315195083618,1
xgb,left_lateral__A,left_lateral,A,8,282,1,0.7219454646110535,1
xgb,left_lateral__A,left_lateral,A,8,282,1,0.7176884412765503,1
xgb,left_lateral__A,left_lateral,A,8,282,1,0.5872824788093567,1
xgb,left_lateral__A,left_lateral,A,8,282,1,0.9692919254302979,1
xgb,left_lateral__A,left_lateral,A,8,282,1,0.9510846138000488,1
xgb,left_lateral__A,left_lateral,A,8,282,1,0.9649156332015991,1
xgb,left_lateral__A,left_lateral,A,8,282,1,0.9418301582336426,1
xgb,left_lateral__A,left_lateral,A,9,210,0,0.0016376238781958818,0
xgb,left_lateral__A,left_lateral,A,9,210,0,0.03228377550840378,0
xgb,left_lateral__A,left_lateral,A,9,210,0,0.15682357549667358,0
xgb,left_lateral__A,left_lateral,A,9,210,0,0.17140820622444153,0
xgb,left_lateral__A,left_lateral,A,9,210,0,0.010437188670039177,0
xgb,left_lateral__A,left_lateral,A,9,210,0,0.07892831414937973,0
xgb,left_lateral__A,left_lateral,A,9,210,0,0.0041925315745174885,0
xgb,left_lateral__A,left_lateral,A,9,210,0,0.9984297156333923,1
xgb,left_lateral__A,left_lateral,A,9,210,0,0.02412961982190609,0
xgb,left_lateral__A,left_lateral,A,9,210,0,0.00972062349319458,0
xgb,left_lateral__A,left_lateral,A,9,210,0,0.013379466719925404,0
xgb,left_lateral__A,left_lateral,A,9,210,0,0.0013745478354394436,0
xgb,left_lateral__A,left_lateral,A,9,210,0,0.04691748693585396,0
xgb,left_lateral__A,left_lateral,A,9,210,0,0.1531515270471573,0
xgb,left_lateral__A,left_lateral,A,9,210,1,0.9976581335067749,1
xgb,left_lateral__A,left_lateral,A,9,210,1,0.9984488487243652,1
xgb,left_lateral__A,left_lateral,A,9,210,1,0.9767242670059204,1
xgb,left_lateral__A,left_lateral,A,9,210,1,0.9816057085990906,1
xgb,left_lateral__A,left_lateral,A,9,210,1,0.9995394945144653,1
xgb,left_lateral__A,left_lateral,A,9,210,1,0.9957748055458069,1
xgb,left_lateral__A,left_lateral,A,9,210,1,0.5707968473434448,1
xgb,left_lateral__A,left_lateral,A,9,210,1,0.9995160102844238,1
xgb,left_lateral__A,left_lateral,A,9,210,1,0.9994412064552307,1
xgb,left_lateral__A,left_lateral,A,9,210,1,0.9976880550384521,1
xgb,left_lateral__A,left_lateral,A,9,210,1,0.9901230931282043,1
xgb,left_lateral__A,left_lateral,A,10,265,0,0.007093139458447695,0
xgb,left_lateral__A,left_lateral,A,10,265,0,0.7392493486404419,1
xgb,left_lateral__A,left_lateral,A,10,265,0,0.8339048027992249,1
xgb,left_lateral__A,left_lateral,A,10,265,0,0.5798093676567078,1
xgb,left_lateral__A,left_lateral,A,10,265,0,0.9527540802955627,1
xgb,left_lateral__A,left_lateral,A,10,265,0,0.7663629651069641,1
xgb,left_lateral__A,left_lateral,A,10,265,0,0.16845305263996124,0
xgb,left_lateral__A,left_lateral,A,10,265,0,0.9489945769309998,1
xgb,left_lateral__A,left_lateral,A,10,265,0,0.006036391016095877,0
xgb,left_lateral__A,left_lateral,A,10,265,0,0.5451414585113525,1
xgb,left_lateral__A,left_lateral,A,10,265,0,0.11017363518476486,0
xgb,left_lateral__A,left_lateral,A,10,265,0,0.06120386719703674,0
xgb,left_lateral__A,left_lateral,A,10,265,0,0.833850622177124,1
xgb,left_lateral__A,left_lateral,A,10,265,1,0.019625559449195862,0
xgb,left_lateral__A,left_lateral,A,10,265,1,0.019705183804035187,0
xgb,left_lateral__A,left_lateral,A,10,265,1,0.9868608117103577,1
xgb,left_lateral__A,left_lateral,A,10,265,1,0.9906345009803772,1
xgb,left_lateral__A,left_lateral,A,10,265,1,0.6342042088508606,1
xgb,left_lateral__A,left_lateral,A,10,265,1,0.04301205277442932,0
xgb,left_lateral__A,left_lateral,A,10,265,1,0.03324038162827492,0
xgb,left_lateral__A,left_lateral,A,10,265,1,0.9657219052314758,1
xgb,left_lateral__A,left_lateral,A,10,265,1,0.9642845988273621,1
xgb,left_lateral__A,left_lateral,A,10,265,1,0.9638994932174683,1
xgb,left_lateral__A,left_lateral,A,10,265,1,0.009563625790178776,0
xgb,left_lateral__B,left_lateral,B,1,249,0,0.6828619241714478,1
xgb,left_lateral__B,left_lateral,B,1,249,0,0.412702739238739,0
xgb,left_lateral__B,left_lateral,B,1,249,0,0.4986947476863861,0
xgb,left_lateral__B,left_lateral,B,1,249,0,0.9160643219947815,1
xgb,left_lateral__B,left_lateral,B,1,249,0,0.9853111505508423,1
xgb,left_lateral__B,left_lateral,B,1,249,0,0.9083963632583618,1
xgb,left_lateral__B,left_lateral,B,1,249,0,0.6310197710990906,1
xgb,left_lateral__B,left_lateral,B,1,249,0,0.6807413101196289,1
xgb,left_lateral__B,left_lateral,B,1,249,0,0.912068247795105,1
xgb,left_lateral__B,left_lateral,B,1,249,0,0.23681089282035828,0
xgb,left_lateral__B,left_lateral,B,1,249,0,0.014976383186876774,0
xgb,left_lateral__B,left_lateral,B,1,249,0,0.9712147116661072,1
xgb,left_lateral__B,left_lateral,B,1,249,0,0.029733045026659966,0
xgb,left_lateral__B,left_lateral,B,1,249,0,0.39707598090171814,0
xgb,left_lateral__B,left_lateral,B,1,249,0,0.6203612685203552,1
xgb,left_lateral__B,left_lateral,B,1,249,1,0.19893205165863037,0
xgb,left_lateral__B,left_lateral,B,1,249,1,0.28074541687965393,0
xgb,left_lateral__B,left_lateral,B,1,249,1,0.3863917291164398,0
xgb,left_lateral__B,left_lateral,B,1,249,1,0.8443094491958618,1
xgb,left_lateral__B,left_lateral,B,1,249,1,0.9488587975502014,1
xgb,left_lateral__B,left_lateral,B,1,249,1,0.6178606748580933,1
xgb,left_lateral__B,left_lateral,B,1,249,1,0.291128009557724,0
xgb,left_lateral__B,left_lateral,B,1,249,1,0.6367462873458862,1
xgb,left_lateral__B,left_lateral,B,1,249,1,0.41769295930862427,0
xgb,left_lateral__B,left_lateral,B,1,249,1,0.6592391133308411,1
xgb,left_lateral__B,left_lateral,B,1,249,1,0.47444289922714233,0
xgb,left_lateral__B,left_lateral,B,1,249,1,0.07708702236413956,0
xgb,left_lateral__B,left_lateral,B,1,249,1,0.3277488946914673,0
xgb,left_lateral__B,left_lateral,B,1,249,1,0.2497454434633255,0
xgb,left_lateral__B,left_lateral,B,1,249,1,0.8508180975914001,1
xgb,left_lateral__B,left_lateral,B,1,249,1,0.3842484652996063,0
xgb,left_lateral__B,left_lateral,B,1,249,1,0.29998987913131714,0
xgb,left_lateral__B,left_lateral,B,2,219,0,0.5698587894439697,1
xgb,left_lateral__B,left_lateral,B,2,219,0,0.3627745807170868,0
xgb,left_lateral__B,left_lateral,B,2,219,0,0.4221317768096924,0
xgb,left_lateral__B,left_lateral,B,2,219,0,0.9679502248764038,1
xgb,left_lateral__B,left_lateral,B,2,219,0,0.29404976963996887,0
xgb,left_lateral__B,left_lateral,B,2,219,0,0.8533916473388672,1
xgb,left_lateral__B,left_lateral,B,2,219,0,0.33146610856056213,0
xgb,left_lateral__B,left_lateral,B,2,219,0,0.7747207283973694,1
xgb,left_lateral__B,left_lateral,B,2,219,0,0.4050701856613159,0
xgb,left_lateral__B,left_lateral,B,2,219,0,0.2555679380893707,0
xgb,left_lateral__B,left_lateral,B,2,219,0,0.8421194553375244,1
xgb,left_lateral__B,left_lateral,B,2,219,0,0.19276800751686096,0
xgb,left_lateral__B,left_lateral,B,2,219,0,0.9686089754104614,1
xgb,left_lateral__B,left_lateral,B,2,219,0,0.20291876792907715,0
xgb,left_lateral__B,left_lateral,B,2,219,1,0.5629306435585022,1
xgb,left_lateral__B,left_lateral,B,2,219,1,0.8135657906532288,1
xgb,left_lateral__B,left_lateral,B,2,219,1,0.6209368109703064,1
xgb,left_lateral__B,left_lateral,B,2,219,1,0.20955677330493927,0
xgb,left_lateral__B,left_lateral,B,2,219,1,0.6923435926437378,1
xgb,left_lateral__B,left_lateral,B,2,219,1,0.3207208514213562,0
xgb,left_lateral__B,left_lateral,B,2,219,1,0.5897158980369568,1
xgb,left_lateral__B,left_lateral,B,2,219,1,0.040654923766851425,0
xgb,left_lateral__B,left_lateral,B,2,219,1,0.5402266383171082,1
xgb,left_lateral__B,left_lateral,B,2,219,1,0.2228720486164093,0
xgb,left_lateral__B,left_lateral,B,2,219,1,0.745773196220398,1
xgb,left_lateral__B,left_lateral,B,2,219,1,0.14850552380084991,0
xgb,left_lateral__B,left_lateral,B,2,219,1,0.5114520192146301,1
xgb,left_lateral__B,left_lateral,B,2,219,1,0.4015335142612457,0
xgb,left_lateral__B,left_lateral,B,2,219,1,0.904141902923584,1
xgb,left_lateral__B,left_lateral,B,2,219,1,0.05118982866406441,0
xgb,left_lateral__B,left_lateral,B,3,313,0,0.34538984298706055,0
xgb,left_lateral__B,left_lateral,B,3,313,0,0.0683278813958168,0
xgb,left_lateral__B,left_lateral,B,3,313,0,0.35402822494506836,0
xgb,left_lateral__B,left_lateral,B,3,313,0,0.74400395154953,1
xgb,left_lateral__B,left_lateral,B,3,313,0,0.10846623033285141,0
xgb,left_lateral__B,left_lateral,B,3,313,0,0.9365940093994141,1
xgb,left_lateral__B,left_lateral,B,3,313,0,0.9387151002883911,1
xgb,left_lateral__B,left_lateral,B,3,313,0,0.4224904179573059,0
xgb,left_lateral__B,left_lateral,B,3,313,0,0.9717932939529419,1
xgb,left_lateral__B,left_lateral,B,3,313,0,0.30494219064712524,0
xgb,left_lateral__B,left_lateral,B,3,313,0,0.9530821442604065,1
xgb,left_lateral__B,left_lateral,B,3,313,0,0.09464094042778015,0
xgb,left_lateral__B,left_lateral,B,3,313,0,0.49476495385169983,0
xgb,left_lateral__B,left_lateral,B,3,313,0,0.04433578997850418,0
xgb,left_lateral__B,left_lateral,B,3,313,0,0.4985499978065491,0
xgb,left_lateral__B,left_lateral,B,3,313,1,0.12280373275279999,0
xgb,left_lateral__B,left_lateral,B,3,313,1,0.20531685650348663,0
xgb,left_lateral__B,left_lateral,B,3,313,1,0.19388751685619354,0
xgb,left_lateral__B,left_lateral,B,3,313,1,0.07821106910705566,0
xgb,left_lateral__B,left_lateral,B,3,313,1,0.3007645308971405,0
xgb,left_lateral__B,left_lateral,B,3,313,1,0.9866689443588257,1
xgb,left_lateral__B,left_lateral,B,3,313,1,0.9936815500259399,1
xgb,left_lateral__B,left_lateral,B,3,313,1,0.42357438802719116,0
xgb,left_lateral__B,left_lateral,B,3,313,1,0.10318876802921295,0
xgb,left_lateral__B,left_lateral,B,3,313,1,0.903336226940155,1
xgb,left_lateral__B,left_lateral,B,3,313,1,0.1592177301645279,0
xgb,left_lateral__B,left_lateral,B,3,313,1,0.8398067355155945,1
xgb,left_lateral__B,left_lateral,B,3,313,1,0.5764267444610596,1
xgb,left_lateral__B,left_lateral,B,3,313,1,0.9706224203109741,1
xgb,left_lateral__B,left_lateral,B,4,318,0,0.41189083456993103,0
xgb,left_lateral__B,left_lateral,B,4,318,0,0.4818265438079834,0
xgb,left_lateral__B,left_lateral,B,4,318,0,0.4040679633617401,0
xgb,left_lateral__B,left_lateral,B,4,318,0,0.2503105700016022,0
xgb,left_lateral__B,left_lateral,B,4,318,0,0.161737322807312,0
xgb,left_lateral__B,left_lateral,B,4,318,0,0.755172848701477,1
xgb,left_lateral__B,left_lateral,B,4,318,0,0.23706784844398499,0
xgb,left_lateral__B,left_lateral,B,4,318,0,0.40372589230537415,0
xgb,left_lateral__B,left_lateral,B,4,318,0,0.10844363272190094,0
xgb,left_lateral__B,left_lateral,B,4,318,0,0.678757905960083,1
xgb,left_lateral__B,left_lateral,B,4,318,0,0.7517896890640259,1
xgb,left_lateral__B,left_lateral,B,4,318,0,0.17525233328342438,0
xgb,left_lateral__B,left_lateral,B,4,318,0,0.6923638582229614,1
xgb,left_lateral__B,left_lateral,B,4,318,0,0.5141378045082092,1
xgb,left_lateral__B,left_lateral,B,4,318,1,0.29072025418281555,0
xgb,left_lateral__B,left_lateral,B,4,318,1,0.4213956296443939,0
xgb,left_lateral__B,left_lateral,B,4,318,1,0.32927262783050537,0
xgb,left_lateral__B,left_lateral,B,4,318,1,0.611532986164093,1
xgb,left_lateral__B,left_lateral,B,4,318,1,0.5126486420631409,1
xgb,left_lateral__B,left_lateral,B,4,318,1,0.47359198331832886,0
xgb,left_lateral__B,left_lateral,B,4,318,1,0.08258800953626633,0
xgb,left_lateral__B,left_lateral,B,4,318,1,0.30236515402793884,0
xgb,left_lateral__B,left_lateral,B,4,318,1,0.4436412751674652,0
xgb,left_lateral__B,left_lateral,B,4,318,1,0.2393721342086792,0
xgb,left_lateral__B,left_lateral,B,4,318,1,0.29405325651168823,0
xgb,left_lateral__B,left_lateral,B,4,318,1,0.22490447759628296,0
xgb,left_lateral__B,left_lateral,B,4,318,1,0.24521158635616302,0
xgb,left_lateral__B,left_lateral,B,4,318,1,0.16851475834846497,0
xgb,left_lateral__B,left_lateral,B,5,300,0,0.1247064396739006,0
xgb,left_lateral__B,left_lateral,B,5,300,0,0.08600439131259918,0
xgb,left_lateral__B,left_lateral,B,5,300,0,0.701187014579773,1
xgb,left_lateral__B,left_lateral,B,5,300,0,0.08514846861362457,0
xgb,left_lateral__B,left_lateral,B,5,300,0,0.5295417308807373,1
xgb,left_lateral__B,left_lateral,B,5,300,0,0.44553983211517334,0
xgb,left_lateral__B,left_lateral,B,5,300,0,0.5978747010231018,1
xgb,left_lateral__B,left_lateral,B,5,300,0,0.1640377938747406,0
xgb,left_lateral__B,left_lateral,B,5,300,0,0.6330516338348389,1
xgb,left_lateral__B,left_lateral,B,5,300,0,0.2190977931022644,0
xgb,left_lateral__B,left_lateral,B,5,300,0,0.8037577271461487,1
xgb,left_lateral__B,left_lateral,B,5,300,0,0.13390283286571503,0
xgb,left_lateral__B,left_lateral,B,5,300,0,0.2834584414958954,0
xgb,left_lateral__B,left_lateral,B,5,300,0,0.2507155239582062,0
xgb,left_lateral__B,left_lateral,B,5,300,1,0.14761756360530853,0
xgb,left_lateral__B,left_lateral,B,5,300,1,0.21714027225971222,0
xgb,left_lateral__B,left_lateral,B,5,300,1,0.06498526781797409,0
xgb,left_lateral__B,left_lateral,B,5,300,1,0.7518453001976013,1
xgb,left_lateral__B,left_lateral,B,5,300,1,0.9718719720840454,1
xgb,left_lateral__B,left_lateral,B,5,300,1,0.11777597665786743,0
xgb,left_lateral__B,left_lateral,B,5,300,1,0.6720325946807861,1
xgb,left_lateral__B,left_lateral,B,5,300,1,0.09028532356023788,0
xgb,left_lateral__B,left_lateral,B,5,300,1,0.08612175285816193,0
xgb,left_lateral__B,left_lateral,B,5,300,1,0.4602547287940979,0
xgb,left_lateral__B,left_lateral,B,5,300,1,0.45646077394485474,0
xgb,left_lateral__B,left_lateral,B,5,300,1,0.12065254896879196,0
xgb,left_lateral__B,left_lateral,B,5,300,1,0.8061390519142151,1
xgb,left_lateral__B,left_lateral,B,5,300,1,0.1098388135433197,0
xgb,left_lateral__B,left_lateral,B,6,271,0,0.917421817779541,1
xgb,left_lateral__B,left_lateral,B,6,271,0,0.5272318124771118,1
xgb,left_lateral__B,left_lateral,B,6,271,0,0.2183505743741989,0
xgb,left_lateral__B,left_lateral,B,6,271,0,0.5446402430534363,1
xgb,left_lateral__B,left_lateral,B,6,271,0,0.16660532355308533,0
xgb,left_lateral__B,left_lateral,B,6,271,0,0.15424248576164246,0
xgb,left_lateral__B,left_lateral,B,6,271,0,0.9288246035575867,1
xgb,left_lateral__B,left_lateral,B,6,271,0,0.2823352515697479,0
xgb,left_lateral__B,left_lateral,B,6,271,0,0.7732051610946655,1
xgb,left_lateral__B,left_lateral,B,6,271,0,0.6339715123176575,1
xgb,left_lateral__B,left_lateral,B,6,271,0,0.6562055349349976,1
xgb,left_lateral__B,left_lateral,B,6,271,0,0.7912765145301819,1
xgb,left_lateral__B,left_lateral,B,6,271,0,0.25932079553604126,0
xgb,left_lateral__B,left_lateral,B,6,271,0,0.6134171485900879,1
xgb,left_lateral__B,left_lateral,B,6,271,1,0.41251710057258606,0
xgb,left_lateral__B,left_lateral,B,6,271,1,0.10811971127986908,0
xgb,left_lateral__B,left_lateral,B,6,271,1,0.16017001867294312,0
xgb,left_lateral__B,left_lateral,B,6,271,1,0.10238391160964966,0
xgb,left_lateral__B,left_lateral,B,6,271,1,0.2998047471046448,0
xgb,left_lateral__B,left_lateral,B,6,271,1,0.6011136174201965,1
xgb,left_lateral__B,left_lateral,B,6,271,1,0.8615649938583374,1
xgb,left_lateral__B,left_lateral,B,6,271,1,0.6127247214317322,1
xgb,left_lateral__B,left_lateral,B,6,271,1,0.7649847865104675,1
xgb,left_lateral__B,left_lateral,B,6,271,1,0.6903958320617676,1
xgb,left_lateral__B,left_lateral,B,6,271,1,0.41791433095932007,0
xgb,left_lateral__B,left_lateral,B,6,271,1,0.7757546901702881,1
xgb,left_lateral__B,left_lateral,B,6,271,1,0.5776432752609253,1
xgb,left_lateral__B,left_lateral,B,6,271,1,0.7574012279510498,1
xgb,left_lateral__B,left_lateral,B,7,251,0,0.4818136990070343,0
xgb,left_lateral__B,left_lateral,B,7,251,0,0.4067659080028534,0
xgb,left_lateral__B,left_lateral,B,7,251,0,0.059104617685079575,0
xgb,left_lateral__B,left_lateral,B,7,251,0,0.13849742710590363,0
xgb,left_lateral__B,left_lateral,B,7,251,0,0.5750203132629395,1
xgb,left_lateral__B,left_lateral,B,7,251,0,0.5832834243774414,1
xgb,left_lateral__B,left_lateral,B,7,251,0,0.8445358872413635,1
xgb,left_lateral__B,left_lateral,B,7,251,0,0.48620739579200745,0
xgb,left_lateral__B,left_lateral,B,7,251,0,0.24945105612277985,0
xgb,left_lateral__B,left_lateral,B,7,251,0,0.13616228103637695,0
xgb,left_lateral__B,left_lateral,B,7,251,0,0.5156694054603577,1
xgb,left_lateral__B,left_lateral,B,7,251,0,0.3672994375228882,0
xgb,left_lateral__B,left_lateral,B,7,251,0,0.7886372804641724,1
xgb,left_lateral__B,left_lateral,B,7,251,0,0.7885286808013916,1
xgb,left_lateral__B,left_lateral,B,7,251,1,0.36785268783569336,0
xgb,left_lateral__B,left_lateral,B,7,251,1,0.06607165187597275,0
xgb,left_lateral__B,left_lateral,B,7,251,1,0.6974642872810364,1
xgb,left_lateral__B,left_lateral,B,7,251,1,0.020167281851172447,0
xgb,left_lateral__B,left_lateral,B,7,251,1,0.024944409728050232,0
xgb,left_lateral__B,left_lateral,B,7,251,1,0.023861819878220558,0
xgb,left_lateral__B,left_lateral,B,7,251,1,0.6971094608306885,1
xgb,left_lateral__B,left_lateral,B,7,251,1,0.047660160809755325,0
xgb,left_lateral__B,left_lateral,B,7,251,1,0.4143195152282715,0
xgb,left_lateral__B,left_lateral,B,7,251,1,0.8323116898536682,1
xgb,left_lateral__B,left_lateral,B,7,251,1,0.06914551556110382,0
xgb,left_lateral__B,left_lateral,B,7,251,1,0.2579677402973175,0
xgb,left_lateral__B,left_lateral,B,7,251,1,0.560539960861206,1
xgb,left_lateral__B,left_lateral,B,8,282,0,0.7106350064277649,1
xgb,left_lateral__B,left_lateral,B,8,282,0,0.8972994089126587,1
xgb,left_lateral__B,left_lateral,B,8,282,0,0.01736239157617092,0
xgb,left_lateral__B,left_lateral,B,8,282,0,0.03836030140519142,0
xgb,left_lateral__B,left_lateral,B,8,282,0,0.9008312225341797,1
xgb,left_lateral__B,left_lateral,B,8,282,0,0.6130558252334595,1
xgb,left_lateral__B,left_lateral,B,8,282,0,0.7868931293487549,1
xgb,left_lateral__B,left_lateral,B,8,282,0,0.13472473621368408,0
xgb,left_lateral__B,left_lateral,B,8,282,0,0.7521161437034607,1
xgb,left_lateral__B,left_lateral,B,8,282,0,0.717688262462616,1
xgb,left_lateral__B,left_lateral,B,8,282,0,0.636629581451416,1
xgb,left_lateral__B,left_lateral,B,8,282,0,0.02988099865615368,0
xgb,left_lateral__B,left_lateral,B,8,282,0,0.6869680881500244,1
xgb,left_lateral__B,left_lateral,B,8,282,0,0.0963980183005333,0
xgb,left_lateral__B,left_lateral,B,8,282,1,0.6291825771331787,1
xgb,left_lateral__B,left_lateral,B,8,282,1,0.795704185962677,1
xgb,left_lateral__B,left_lateral,B,8,282,1,0.376581072807312,0
xgb,left_lateral__B,left_lateral,B,8,282,1,0.06540603935718536,0
xgb,left_lateral__B,left_lateral,B,8,282,1,0.2688978910446167,0
xgb,left_lateral__B,left_lateral,B,8,282,1,0.6448594331741333,1
xgb,left_lateral__B,left_lateral,B,8,282,1,0.7780619263648987,1
xgb,left_lateral__B,left_lateral,B,8,282,1,0.8812621235847473,1
xgb,left_lateral__B,left_lateral,B,8,282,1,0.22427166998386383,0
xgb,left_lateral__B,left_lateral,B,8,282,1,0.05887135863304138,0
xgb,left_lateral__B,left_lateral,B,8,282,1,0.3037155270576477,0
xgb,left_lateral__B,left_lateral,B,9,210,0,0.7872303128242493,1
xgb,left_lateral__B,left_lateral,B,9,210,0,0.8054854869842529,1
xgb,left_lateral__B,left_lateral,B,9,210,0,0.08199188113212585,0
xgb,left_lateral__B,left_lateral,B,9,210,0,0.003475250443443656,0
xgb,left_lateral__B,left_lateral,B,9,210,0,0.11542389541864395,0
xgb,left_lateral__B,left_lateral,B,9,210,0,0.2875972092151642,0
xgb,left_lateral__B,left_lateral,B,9,210,0,0.9965022802352905,1
xgb,left_lateral__B,left_lateral,B,9,210,0,0.8009827136993408,1
xgb,left_lateral__B,left_lateral,B,9,210,0,0.07819511741399765,0
xgb,left_lateral__B,left_lateral,B,9,210,0,0.10919389873743057,0
xgb,left_lateral__B,left_lateral,B,9,210,0,0.005846663843840361,0
xgb,left_lateral__B,left_lateral,B,9,210,0,0.05614554509520531,0
xgb,left_lateral__B,left_lateral,B,9,210,0,0.896481990814209,1
xgb,left_lateral__B,left_lateral,B,9,210,0,0.5949716567993164,1
xgb,left_lateral__B,left_lateral,B,9,210,1,0.8358592391014099,1
xgb,left_lateral__B,left_lateral,B,9,210,1,0.32869753241539,0
xgb,left_lateral__B,left_lateral,B,9,210,1,0.08777602761983871,0
xgb,left_lateral__B,left_lateral,B,9,210,1,0.3373306691646576,0
xgb,left_lateral__B,left_lateral,B,9,210,1,0.6704549193382263,1
xgb,left_lateral__B,left_lateral,B,9,210,1,0.9272921085357666,1
xgb,left_lateral__B,left_lateral,B,9,210,1,0.9477466344833374,1
xgb,left_lateral__B,left_lateral,B,9,210,1,0.7766316533088684,1
xgb,left_lateral__B,left_lateral,B,9,210,1,0.5275011658668518,1
xgb,left_lateral__B,left_lateral,B,9,210,1,0.9441950917243958,1
xgb,left_lateral__B,left_lateral,B,9,210,1,0.82760089635849,1
xgb,left_lateral__B,left_lateral,B,10,265,0,0.16658639907836914,0
xgb,left_lateral__B,left_lateral,B,10,265,0,0.01261487789452076,0
xgb,left_lateral__B,left_lateral,B,10,265,0,0.0707898810505867,0
xgb,left_lateral__B,left_lateral,B,10,265,0,0.08864672482013702,0
xgb,left_lateral__B,left_lateral,B,10,265,0,0.7582880258560181,1
xgb,left_lateral__B,left_lateral,B,10,265,0,0.264295369386673,0
xgb,left_lateral__B,left_lateral,B,10,265,0,0.910625159740448,1
xgb,left_lateral__B,left_lateral,B,10,265,0,0.006380124017596245,0
xgb,left_lateral__B,left_lateral,B,10,265,0,0.7193434238433838,1
xgb,left_lateral__B,left_lateral,B,10,265,0,0.07596861571073532,0
xgb,left_lateral__B,left_lateral,B,10,265,0,0.8839694261550903,1
xgb,left_lateral__B,left_lateral,B,10,265,0,0.00817771628499031,0
xgb,left_lateral__B,left_lateral,B,10,265,0,0.07561393082141876,0
xgb,left_lateral__B,left_lateral,B,10,265,1,0.42673951387405396,0
xgb,left_lateral__B,left_lateral,B,10,265,1,0.07127679139375687,0
xgb,left_lateral__B,left_lateral,B,10,265,1,0.8973425626754761,1
xgb,left_lateral__B,left_lateral,B,10,265,1,0.9556613564491272,1
xgb,left_lateral__B,left_lateral,B,10,265,1,0.2520889341831207,0
xgb,left_lateral__B,left_lateral,B,10,265,1,0.3099652826786041,0
xgb,left_lateral__B,left_lateral,B,10,265,1,0.0709567740559578,0
xgb,left_lateral__B,left_lateral,B,10,265,1,0.8460007309913635,1
xgb,left_lateral__B,left_lateral,B,10,265,1,0.9208256006240845,1
xgb,left_lateral__B,left_lateral,B,10,265,1,0.35167649388313293,0
xgb,left_lateral__B,left_lateral,B,10,265,1,0.6604478359222412,1
xgb,left_lateral__C,left_lateral,C,1,249,0,0.010439064353704453,0
xgb,left_lateral__C,left_lateral,C,1,249,0,0.09473472833633423,0
xgb,left_lateral__C,left_lateral,C,1,249,0,0.803453266620636,1
xgb,left_lateral__C,left_lateral,C,1,249,0,0.04748406261205673,0
xgb,left_lateral__C,left_lateral,C,1,249,0,0.016897857189178467,0
xgb,left_lateral__C,left_lateral,C,1,249,0,0.6104351878166199,1
xgb,left_lateral__C,left_lateral,C,1,249,0,0.02631920762360096,0
xgb,left_lateral__C,left_lateral,C,1,249,0,0.025763802230358124,0
xgb,left_lateral__C,left_lateral,C,1,249,0,0.053959257900714874,0
xgb,left_lateral__C,left_lateral,C,1,249,0,0.02792559750378132,0
xgb,left_lateral__C,left_lateral,C,1,249,0,0.017461994662880898,0
xgb,left_lateral__C,left_lateral,C,1,249,0,0.3196718990802765,0
xgb,left_lateral__C,left_lateral,C,1,249,0,0.16326770186424255,0
xgb,left_lateral__C,left_lateral,C,1,249,0,0.978646457195282,1
xgb,left_lateral__C,left_lateral,C,1,249,0,0.005699758417904377,0
xgb,left_lateral__C,left_lateral,C,1,249,1,0.6939858794212341,1
xgb,left_lateral__C,left_lateral,C,1,249,1,0.6601682305335999,1
xgb,left_lateral__C,left_lateral,C,1,249,1,0.9753980040550232,1
xgb,left_lateral__C,left_lateral,C,1,249,1,0.9020271301269531,1
xgb,left_lateral__C,left_lateral,C,1,249,1,0.8493232131004333,1
xgb,left_lateral__C,left_lateral,C,1,249,1,0.1700865924358368,0
xgb,left_lateral__C,left_lateral,C,1,249,1,0.21882237493991852,0
xgb,left_lateral__C,left_lateral,C,1,249,1,0.6257924437522888,1
xgb,left_lateral__C,left_lateral,C,1,249,1,0.6999759078025818,1
xgb,left_lateral__C,left_lateral,C,1,249,1,0.9046633839607239,1
xgb,left_lateral__C,left_lateral,C,1,249,1,0.18234236538410187,0
xgb,left_lateral__C,left_lateral,C,1,249,1,0.7232375144958496,1
xgb,left_lateral__C,left_lateral,C,1,249,1,0.8148573040962219,1
xgb,left_lateral__C,left_lateral,C,1,249,1,0.8895700573921204,1
xgb,left_lateral__C,left_lateral,C,1,249,1,0.8244102597236633,1
xgb,left_lateral__C,left_lateral,C,1,249,1,0.5185186266899109,1
xgb,left_lateral__C,left_lateral,C,1,249,1,0.9471737146377563,1
xgb,left_lateral__C,left_lateral,C,2,219,0,0.22164113819599152,0
xgb,left_lateral__C,left_lateral,C,2,219,0,0.951647162437439,1
xgb,left_lateral__C,left_lateral,C,2,219,0,0.9933409094810486,1
xgb,left_lateral__C,left_lateral,C,2,219,0,0.9826037287712097,1
xgb,left_lateral__C,left_lateral,C,2,219,0,0.928562343120575,1
xgb,left_lateral__C,left_lateral,C,2,219,0,0.9965674877166748,1
xgb,left_lateral__C,left_lateral,C,2,219,0,0.9587996602058411,1
xgb,left_lateral__C,left_lateral,C,2,219,0,0.001530209556221962,0
xgb,left_lateral__C,left_lateral,C,2,219,0,0.9910378456115723,1
xgb,left_lateral__C,left_lateral,C,2,219,0,0.0161348395049572,0
xgb,left_lateral__C,left_lateral,C,2,219,0,0.6163486242294312,1
xgb,left_lateral__C,left_lateral,C,2,219,0,0.8406854867935181,1
xgb,left_lateral__C,left_lateral,C,2,219,0,0.0026534167118370533,0
xgb,left_lateral__C,left_lateral,C,2,219,0,0.6115232110023499,1
xgb,left_lateral__C,left_lateral,C,2,219,1,0.8611032962799072,1
xgb,left_lateral__C,left_lateral,C,2,219,1,0.988384485244751,1
xgb,left_lateral__C,left_lateral,C,2,219,1,0.9838778972625732,1
xgb,left_lateral__C,left_lateral,C,2,219,1,0.9964689016342163,1
xgb,left_lateral__C,left_lateral,C,2,219,1,0.9776337742805481,1
xgb,left_lateral__C,left_lateral,C,2,219,1,0.8674065470695496,1
xgb,left_lateral__C,left_lateral,C,2,219,1,0.9905576705932617,1
xgb,left_lateral__C,left_lateral,C,2,219,1,0.9815055727958679,1
xgb,left_lateral__C,left_lateral,C,2,219,1,0.9534911513328552,1
xgb,left_lateral__C,left_lateral,C,2,219,1,0.9055421948432922,1
xgb,left_lateral__C,left_lateral,C,2,219,1,0.9555916786193848,1
xgb,left_lateral__C,left_lateral,C,2,219,1,0.9780263304710388,1
xgb,left_lateral__C,left_lateral,C,2,219,1,0.9752141833305359,1
xgb,left_lateral__C,left_lateral,C,2,219,1,0.9464658498764038,1
xgb,left_lateral__C,left_lateral,C,2,219,1,0.9537585973739624,1
xgb,left_lateral__C,left_lateral,C,2,219,1,0.9748543500900269,1
xgb,left_lateral__C,left_lateral,C,3,313,0,0.16619020700454712,0
xgb,left_lateral__C,left_lateral,C,3,313,0,0.09591665863990784,0
xgb,left_lateral__C,left_lateral,C,3,313,0,0.07179450988769531,0
xgb,left_lateral__C,left_lateral,C,3,313,0,0.20777489244937897,0
xgb,left_lateral__C,left_lateral,C,3,313,0,0.21506741642951965,0
xgb,left_lateral__C,left_lateral,C,3,313,0,0.31744384765625,0
xgb,left_lateral__C,left_lateral,C,3,313,0,0.19602902233600616,0
xgb,left_lateral__C,left_lateral,C,3,313,0,0.8602126836776733,1
xgb,left_lateral__C,left_lateral,C,3,313,0,0.39832717180252075,0
xgb,left_lateral__C,left_lateral,C,3,313,0,0.11680761724710464,0
xgb,left_lateral__C,left_lateral,C,3,313,0,0.02878306619822979,0
xgb,left_lateral__C,left_lateral,C,3,313,0,0.19923138618469238,0
xgb,left_lateral__C,left_lateral,C,3,313,0,0.08924224227666855,0
xgb,left_lateral__C,left_lateral,C,3,313,0,0.04649389162659645,0
xgb,left_lateral__C,left_lateral,C,3,313,0,0.11727328598499298,0
xgb,left_lateral__C,left_lateral,C,3,313,1,0.34123390913009644,0
xgb,left_lateral__C,left_lateral,C,3,313,1,0.2976458668708801,0
xgb,left_lateral__C,left_lateral,C,3,313,1,0.1497420370578766,0
xgb,left_lateral__C,left_lateral,C,3,313,1,0.08788745105266571,0
xgb,left_lateral__C,left_lateral,C,3,313,1,0.24226126074790955,0
xgb,left_lateral__C,left_lateral,C,3,313,1,0.21203653514385223,0
xgb,left_lateral__C,left_lateral,C,3,313,1,0.29264765977859497,0
xgb,left_lateral__C,left_lateral,C,3,313,1,0.4104432463645935,0
xgb,left_lateral__C,left_lateral,C,3,313,1,0.12371010333299637,0
xgb,left_lateral__C,left_lateral,C,3,313,1,0.2130117267370224,0
xgb,left_lateral__C,left_lateral,C,3,313,1,0.23980079591274261,0
xgb,left_lateral__C,left_lateral,C,3,313,1,0.27989092469215393,0
xgb,left_lateral__C,left_lateral,C,3,313,1,0.2545338571071625,0
xgb,left_lateral__C,left_lateral,C,3,313,1,0.35192063450813293,0
xgb,left_lateral__C,left_lateral,C,4,318,0,0.11856866627931595,0
xgb,left_lateral__C,left_lateral,C,4,318,0,0.21481239795684814,0
xgb,left_lateral__C,left_lateral,C,4,318,0,0.17159080505371094,0
xgb,left_lateral__C,left_lateral,C,4,318,0,0.14055758714675903,0
xgb,left_lateral__C,left_lateral,C,4,318,0,0.14016202092170715,0
xgb,left_lateral__C,left_lateral,C,4,318,0,0.32963716983795166,0
xgb,left_lateral__C,left_lateral,C,4,318,0,0.09815502166748047,0
xgb,left_lateral__C,left_lateral,C,4,318,0,0.004941062536090612,0
xgb,left_lateral__C,left_lateral,C,4,318,0,0.10711797326803207,0
xgb,left_lateral__C,left_lateral,C,4,318,0,0.3333727717399597,0
xgb,left_lateral__C,left_lateral,C,4,318,0,0.4201917350292206,0
xgb,left_lateral__C,left_lateral,C,4,318,0,0.10425359755754471,0
xgb,left_lateral__C,left_lateral,C,4,318,0,0.06604098528623581,0
xgb,left_lateral__C,left_lateral,C,4,318,0,0.606887936592102,1
xgb,left_lateral__C,left_lateral,C,4,318,1,0.1496175080537796,0
xgb,left_lateral__C,left_lateral,C,4,318,1,0.7107619047164917,1
xgb,left_lateral__C,left_lateral,C,4,318,1,0.6395333409309387,1
xgb,left_lateral__C,left_lateral,C,4,318,1,0.789922297000885,1
xgb,left_lateral__C,left_lateral,C,4,318,1,0.8474488258361816,1
xgb,left_lateral__C,left_lateral,C,4,318,1,0.143013596534729,0
xgb,left_lateral__C,left_lateral,C,4,318,1,0.6622831225395203,1
xgb,left_lateral__C,left_lateral,C,4,318,1,0.326717346906662,0
xgb,left_lateral__C,left_lateral,C,4,318,1,0.6659977436065674,1
xgb,left_lateral__C,left_lateral,C,4,318,1,0.7699417471885681,1
xgb,left_lateral__C,left_lateral,C,4,318,1,0.7769731283187866,1
xgb,left_lateral__C,left_lateral,C,4,318,1,0.7585645914077759,1
xgb,left_lateral__C,left_lateral,C,4,318,1,0.8901790976524353,1
xgb,left_lateral__C,left_lateral,C,4,318,1,0.6826991438865662,1
xgb,left_lateral__C,left_lateral,C,5,300,0,0.85844886302948,1
xgb,left_lateral__C,left_lateral,C,5,300,0,0.7397351264953613,1
xgb,left_lateral__C,left_lateral,C,5,300,0,0.7874998450279236,1
xgb,left_lateral__C,left_lateral,C,5,300,0,0.3658314049243927,0
xgb,left_lateral__C,left_lateral,C,5,300,0,0.9427571892738342,1
xgb,left_lateral__C,left_lateral,C,5,300,0,0.8936854600906372,1
xgb,left_lateral__C,left_lateral,C,5,300,0,0.8642010688781738,1
xgb,left_lateral__C,left_lateral,C,5,300,0,0.9247260689735413,1
xgb,left_lateral__C,left_lateral,C,5,300,0,0.7821827530860901,1
xgb,left_lateral__C,left_lateral,C,5,300,0,0.9082871079444885,1
xgb,left_lateral__C,left_lateral,C,5,300,0,0.8417463898658752,1
xgb,left_lateral__C,left_lateral,C,5,300,0,0.707852840423584,1
xgb,left_lateral__C,left_lateral,C,5,300,0,0.9444348216056824,1
xgb,left_lateral__C,left_lateral,C,5,300,0,0.9020701050758362,1
xgb,left_lateral__C,left_lateral,C,5,300,1,0.8507199287414551,1
xgb,left_lateral__C,left_lateral,C,5,300,1,0.8884401321411133,1
xgb,left_lateral__C,left_lateral,C,5,300,1,0.7536258101463318,1
xgb,left_lateral__C,left_lateral,C,5,300,1,0.9255619049072266,1
xgb,left_lateral__C,left_lateral,C,5,300,1,0.9737833738327026,1
xgb,left_lateral__C,left_lateral,C,5,300,1,0.8474597334861755,1
xgb,left_lateral__C,left_lateral,C,5,300,1,0.9203683733940125,1
xgb,left_lateral__C,left_lateral,C,5,300,1,0.8969798684120178,1
xgb,left_lateral__C,left_lateral,C,5,300,1,0.8790473937988281,1
xgb,left_lateral__C,left_lateral,C,5,300,1,0.8158404231071472,1
xgb,left_lateral__C,left_lateral,C,5,300,1,0.8443245887756348,1
xgb,left_lateral__C,left_lateral,C,5,300,1,0.8857952952384949,1
xgb,left_lateral__C,left_lateral,C,5,300,1,0.7594446539878845,1
xgb,left_lateral__C,left_lateral,C,5,300,1,0.8034099340438843,1
xgb,left_lateral__C,left_lateral,C,6,271,0,0.3925408124923706,0
xgb,left_lateral__C,left_lateral,C,6,271,0,0.6992177963256836,1
xgb,left_lateral__C,left_lateral,C,6,271,0,0.17299725115299225,0
xgb,left_lateral__C,left_lateral,C,6,271,0,0.9661473035812378,1
xgb,left_lateral__C,left_lateral,C,6,271,0,0.015567293390631676,0
xgb,left_lateral__C,left_lateral,C,6,271,0,0.18071819841861725,0
xgb,left_lateral__C,left_lateral,C,6,271,0,0.38598814606666565,0
xgb,left_lateral__C,left_lateral,C,6,271,0,0.0008634511032141745,0
xgb,left_lateral__C,left_lateral,C,6,271,0,0.0009246278204955161,0
xgb,left_lateral__C,left_lateral,C,6,271,0,0.11986936628818512,0
xgb,left_lateral__C,left_lateral,C,6,271,0,0.24562233686447144,0
xgb,left_lateral__C,left_lateral,C,6,271,0,0.01399972289800644,0
xgb,left_lateral__C,left_lateral,C,6,271,0,0.23242971301078796,0
xgb,left_lateral__C,left_lateral,C,6,271,0,0.05319635942578316,0
xgb,left_lateral__C,left_lateral,C,6,271,1,0.4183918535709381,0
xgb,left_lateral__C,left_lateral,C,6,271,1,0.7463216781616211,1
xgb,left_lateral__C,left_lateral,C,6,271,1,0.16905690729618073,0
xgb,left_lateral__C,left_lateral,C,6,271,1,0.667249858379364,1
xgb,left_lateral__C,left_lateral,C,6,271,1,0.6958597302436829,1
xgb,left_lateral__C,left_lateral,C,6,271,1,0.6384627819061279,1
xgb,left_lateral__C,left_lateral,C,6,271,1,0.7781938314437866,1
xgb,left_lateral__C,left_lateral,C,6,271,1,0.6555898785591125,1
xgb,left_lateral__C,left_lateral,C,6,271,1,0.9469664692878723,1
xgb,left_lateral__C,left_lateral,C,6,271,1,0.8618842363357544,1
xgb,left_lateral__C,left_lateral,C,6,271,1,0.3695543110370636,0
xgb,left_lateral__C,left_lateral,C,6,271,1,0.9849199056625366,1
xgb,left_lateral__C,left_lateral,C,6,271,1,0.9617130160331726,1
xgb,left_lateral__C,left_lateral,C,6,271,1,0.9540343880653381,1
xgb,left_lateral__C,left_lateral,C,7,251,0,0.0021830270998179913,0
xgb,left_lateral__C,left_lateral,C,7,251,0,0.002950683468952775,0
xgb,left_lateral__C,left_lateral,C,7,251,0,0.0020092478953301907,0
xgb,left_lateral__C,left_lateral,C,7,251,0,0.002039473969489336,0
xgb,left_lateral__C,left_lateral,C,7,251,0,0.00407614978030324,0
xgb,left_lateral__C,left_lateral,C,7,251,0,0.004380732774734497,0
xgb,left_lateral__C,left_lateral,C,7,251,0,0.016279369592666626,0
xgb,left_lateral__C,left_lateral,C,7,251,0,0.0022657131776213646,0
xgb,left_lateral__C,left_lateral,C,7,251,0,0.0045729028061032295,0
xgb,left_lateral__C,left_lateral,C,7,251,0,0.004658986814320087,0
xgb,left_lateral__C,left_lateral,C,7,251,0,0.008478337898850441,0
xgb,left_lateral__C,left_lateral,C,7,251,0,0.0059619080275297165,0
xgb,left_lateral__C,left_lateral,C,7,251,0,0.028836214914917946,0
xgb,left_lateral__C,left_lateral,C,7,251,0,0.008722463622689247,0
xgb,left_lateral__C,left_lateral,C,7,251,1,0.26593199372291565,0
xgb,left_lateral__C,left_lateral,C,7,251,1,0.06891421973705292,0
xgb,left_lateral__C,left_lateral,C,7,251,1,0.030338682234287262,0
xgb,left_lateral__C,left_lateral,C,7,251,1,0.021115323528647423,0
xgb,left_lateral__C,left_lateral,C,7,251,1,0.0025880716275423765,0
xgb,left_lateral__C,left_lateral,C,7,251,1,0.10642490535974503,0
xgb,left_lateral__C,left_lateral,C,7,251,1,0.06739898771047592,0
xgb,left_lateral__C,left_lateral,C,7,251,1,0.024712303653359413,0
xgb,left_lateral__C,left_lateral,C,7,251,1,0.3519837260246277,0
xgb,left_lateral__C,left_lateral,C,7,251,1,0.00914182048290968,0
xgb,left_lateral__C,left_lateral,C,7,251,1,0.008866174146533012,0
xgb,left_lateral__C,left_lateral,C,7,251,1,0.045543123036623,0
xgb,left_lateral__C,left_lateral,C,7,251,1,0.9246415495872498,1
xgb,left_lateral__C,left_lateral,C,8,282,0,0.00867820531129837,0
xgb,left_lateral__C,left_lateral,C,8,282,0,0.009365888312458992,0
xgb,left_lateral__C,left_lateral,C,8,282,0,0.008828207850456238,0
xgb,left_lateral__C,left_lateral,C,8,282,0,0.05479732155799866,0
xgb,left_lateral__C,left_lateral,C,8,282,0,0.07759134471416473,0
xgb,left_lateral__C,left_lateral,C,8,282,0,0.10121573507785797,0
xgb,left_lateral__C,left_lateral,C,8,282,0,0.011693742126226425,0
xgb,left_lateral__C,left_lateral,C,8,282,0,0.006940911989659071,0
xgb,left_lateral__C,left_lateral,C,8,282,0,0.0047314828261733055,0
xgb,left_lateral__C,left_lateral,C,8,282,0,0.011322190053761005,0
xgb,left_lateral__C,left_lateral,C,8,282,0,0.05622130259871483,0
xgb,left_lateral__C,left_lateral,C,8,282,0,0.006020447704941034,0
xgb,left_lateral__C,left_lateral,C,8,282,0,0.22076362371444702,0
xgb,left_lateral__C,left_lateral,C,8,282,0,0.020406875759363174,0
xgb,left_lateral__C,left_lateral,C,8,282,1,0.8642148971557617,1
xgb,left_lateral__C,left_lateral,C,8,282,1,0.8277226090431213,1
xgb,left_lateral__C,left_lateral,C,8,282,1,0.3880244791507721,0
xgb,left_lateral__C,left_lateral,C,8,282,1,0.8777087330818176,1
xgb,left_lateral__C,left_lateral,C,8,282,1,0.7091907858848572,1
xgb,left_lateral__C,left_lateral,C,8,282,1,0.3995381295681,0
xgb,left_lateral__C,left_lateral,C,8,282,1,0.6754317879676819,1
xgb,left_lateral__C,left_lateral,C,8,282,1,0.8859133124351501,1
xgb,left_lateral__C,left_lateral,C,8,282,1,0.9059910178184509,1
xgb,left_lateral__C,left_lateral,C,8,282,1,0.7847367525100708,1
xgb,left_lateral__C,left_lateral,C,8,282,1,0.8823515772819519,1
xgb,left_lateral__C,left_lateral,C,9,210,0,0.004573356360197067,0
xgb,left_lateral__C,left_lateral,C,9,210,0,0.08735530823469162,0
xgb,left_lateral__C,left_lateral,C,9,210,0,0.03500870242714882,0
xgb,left_lateral__C,left_lateral,C,9,210,0,0.0329725481569767,0
xgb,left_lateral__C,left_lateral,C,9,210,0,0.002808199031278491,0
xgb,left_lateral__C,left_lateral,C,9,210,0,0.061954986304044724,0
xgb,left_lateral__C,left_lateral,C,9,210,0,0.04660209268331528,0
xgb,left_lateral__C,left_lateral,C,9,210,0,0.969848096370697,1
xgb,left_lateral__C,left_lateral,C,9,210,0,0.05759541317820549,0
xgb,left_lateral__C,left_lateral,C,9,210,0,0.012553676962852478,0
xgb,left_lateral__C,left_lateral,C,9,210,0,0.005342470481991768,0
xgb,left_lateral__C,left_lateral,C,9,210,0,0.0017007419373840094,0
xgb,left_lateral__C,left_lateral,C,9,210,0,0.043752774596214294,0
xgb,left_lateral__C,left_lateral,C,9,210,0,0.020712943747639656,0
xgb,left_lateral__C,left_lateral,C,9,210,1,0.9646773934364319,1
xgb,left_lateral__C,left_lateral,C,9,210,1,0.9942477941513062,1
xgb,left_lateral__C,left_lateral,C,9,210,1,0.9235777258872986,1
xgb,left_lateral__C,left_lateral,C,9,210,1,0.7150567173957825,1
xgb,left_lateral__C,left_lateral,C,9,210,1,0.9981693029403687,1
xgb,left_lateral__C,left_lateral,C,9,210,1,0.96465665102005,1
xgb,left_lateral__C,left_lateral,C,9,210,1,0.8908055424690247,1
xgb,left_lateral__C,left_lateral,C,9,210,1,0.9965393543243408,1
xgb,left_lateral__C,left_lateral,C,9,210,1,0.9990604519844055,1
xgb,left_lateral__C,left_lateral,C,9,210,1,0.9960820078849792,1
xgb,left_lateral__C,left_lateral,C,9,210,1,0.9990400671958923,1
xgb,left_lateral__C,left_lateral,C,10,265,0,0.0139174684882164,0
xgb,left_lateral__C,left_lateral,C,10,265,0,0.05185321345925331,0
xgb,left_lateral__C,left_lateral,C,10,265,0,0.09605566412210464,0
xgb,left_lateral__C,left_lateral,C,10,265,0,0.7616309523582458,1
xgb,left_lateral__C,left_lateral,C,10,265,0,0.9249944090843201,1
xgb,left_lateral__C,left_lateral,C,10,265,0,0.11131928116083145,0
xgb,left_lateral__C,left_lateral,C,10,265,0,0.2809172570705414,0
xgb,left_lateral__C,left_lateral,C,10,265,0,0.7520156502723694,1
xgb,left_lateral__C,left_lateral,C,10,265,0,0.015370984561741352,0
xgb,left_lateral__C,left_lateral,C,10,265,0,0.0588989183306694,0
xgb,left_lateral__C,left_lateral,C,10,265,0,0.050425175577402115,0
xgb,left_lateral__C,left_lateral,C,10,265,0,0.017648911103606224,0
xgb,left_lateral__C,left_lateral,C,10,265,0,0.11423268914222717,0
xgb,left_lateral__C,left_lateral,C,10,265,1,0.02235240861773491,0
xgb,left_lateral__C,left_lateral,C,10,265,1,0.08471739292144775,0
xgb,left_lateral__C,left_lateral,C,10,265,1,0.8847978115081787,1
xgb,left_lateral__C,left_lateral,C,10,265,1,0.9781216382980347,1
xgb,left_lateral__C,left_lateral,C,10,265,1,0.04742581024765968,0
xgb,left_lateral__C,left_lateral,C,10,265,1,0.016038332134485245,0
xgb,left_lateral__C,left_lateral,C,10,265,1,0.021105336025357246,0
xgb,left_lateral__C,left_lateral,C,10,265,1,0.8102876543998718,1
xgb,left_lateral__C,left_lateral,C,10,265,1,0.9697059392929077,1
xgb,left_lateral__C,left_lateral,C,10,265,1,0.8954495191574097,1
xgb,left_lateral__C,left_lateral,C,10,265,1,0.07075461745262146,0
xgb,right_lateral__A,right_lateral,A,1,249,0,0.021304724738001823,0
xgb,right_lateral__A,right_lateral,A,1,249,0,0.8385430574417114,1
xgb,right_lateral__A,right_lateral,A,1,249,0,0.23041750490665436,0
xgb,right_lateral__A,right_lateral,A,1,249,0,0.013815321028232574,0
xgb,right_lateral__A,right_lateral,A,1,249,0,0.004516809247434139,0
xgb,right_lateral__A,right_lateral,A,1,249,0,0.6536242365837097,1
xgb,right_lateral__A,right_lateral,A,1,249,0,0.02492178976535797,0
xgb,right_lateral__A,right_lateral,A,1,249,0,0.02046779915690422,0
xgb,right_lateral__A,right_lateral,A,1,249,0,0.037246380001306534,0
xgb,right_lateral__A,right_lateral,A,1,249,0,0.02666357532143593,0
xgb,right_lateral__A,right_lateral,A,1,249,0,0.004230269696563482,0
xgb,right_lateral__A,right_lateral,A,1,249,0,0.4861803948879242,0
xgb,right_lateral__A,right_lateral,A,1,249,0,0.5347956418991089,1
xgb,right_lateral__A,right_lateral,A,1,249,0,0.46138131618499756,0
xgb,right_lateral__A,right_lateral,A,1,249,0,0.009893587790429592,0
xgb,right_lateral__A,right_lateral,A,1,249,1,0.9761516451835632,1
xgb,right_lateral__A,right_lateral,A,1,249,1,0.991826057434082,1
xgb,right_lateral__A,right_lateral,A,1,249,1,0.9654808044433594,1
xgb,right_lateral__A,right_lateral,A,1,249,1,0.9982663989067078,1
xgb,right_lateral__A,right_lateral,A,1,249,1,0.9935458302497864,1
xgb,right_lateral__A,right_lateral,A,1,249,1,0.6917360424995422,1
xgb,right_lateral__A,right_lateral,A,1,249,1,0.92023104429245,1
xgb,right_lateral__A,right_lateral,A,1,249,1,0.9719892144203186,1
xgb,right_lateral__A,right_lateral,A,1,249,1,0.9897910952568054,1
xgb,right_lateral__A,right_lateral,A,1,249,1,0.7733763456344604,1
xgb,right_lateral__A,right_lateral,A,1,249,1,0.6147991418838501,1
xgb,right_lateral__A,right_lateral,A,1,249,1,0.699622631072998,1
xgb,right_lateral__A,right_lateral,A,1,249,1,0.5036810636520386,1
xgb,right_lateral__A,right_lateral,A,1,249,1,0.6775277853012085,1
xgb,right_lateral__A,right_lateral,A,1,249,1,0.8661662340164185,1
xgb,right_lateral__A,right_lateral,A,1,249,1,0.8549286723136902,1
xgb,right_lateral__A,right_lateral,A,1,249,1,0.9387454986572266,1
xgb,right_lateral__A,right_lateral,A,2,219,0,0.867825448513031,1
xgb,right_lateral__A,right_lateral,A,2,219,0,0.9591304659843445,1
xgb,right_lateral__A,right_lateral,A,2,219,0,0.984088659286499,1
xgb,right_lateral__A,right_lateral,A,2,219,0,0.9859269857406616,1
xgb,right_lateral__A,right_lateral,A,2,219,0,0.9846138954162598,1
xgb,right_lateral__A,right_lateral,A,2,219,0,0.7826700806617737,1
xgb,right_lateral__A,right_lateral,A,2,219,0,0.5994734168052673,1
xgb,right_lateral__A,right_lateral,A,2,219,0,0.009413354098796844,0
xgb,right_lateral__A,right_lateral,A,2,219,0,0.9910041093826294,1
xgb,right_lateral__A,right_lateral,A,2,219,0,0.10768397897481918,0
xgb,right_lateral__A,right_lateral,A,2,219,0,0.04763154685497284,0
xgb,right_lateral__A,right_lateral,A,2,219,0,0.6316725015640259,1
xgb,right_lateral__A,right_lateral,A,2,219,0,0.06786744296550751,0
xgb,right_lateral__A,right_lateral,A,2,219,0,0.22675879299640656,0
xgb,right_lateral__A,right_lateral,A,2,219,1,0.8753816485404968,1
xgb,right_lateral__A,right_lateral,A,2,219,1,0.6699901819229126,1
xgb,right_lateral__A,right_lateral,A,2,219,1,0.7077256441116333,1
xgb,right_lateral__A,right_lateral,A,2,219,1,0.8643234372138977,1
xgb,right_lateral__A,right_lateral,A,2,219,1,0.7877886891365051,1
xgb,right_lateral__A,right_lateral,A,2,219,1,0.8253361582756042,1
xgb,right_lateral__A,right_lateral,A,2,219,1,0.650793194770813,1
xgb,right_lateral__A,right_lateral,A,2,219,1,0.8186228275299072,1
xgb,right_lateral__A,right_lateral,A,2,219,1,0.9238531589508057,1
xgb,right_lateral__A,right_lateral,A,2,219,1,0.6962490677833557,1
xgb,right_lateral__A,right_lateral,A,2,219,1,0.8680305480957031,1
xgb,right_lateral__A,right_lateral,A,2,219,1,0.6171206831932068,1
xgb,right_lateral__A,right_lateral,A,2,219,1,0.9715157151222229,1
xgb,right_lateral__A,right_lateral,A,2,219,1,0.752331554889679,1
xgb,right_lateral__A,right_lateral,A,2,219,1,0.8534210324287415,1
xgb,right_lateral__A,right_lateral,A,2,219,1,0.5854671597480774,1
xgb,right_lateral__A,right_lateral,A,3,313,0,0.46190181374549866,0
xgb,right_lateral__A,right_lateral,A,3,313,0,0.76884925365448,1
xgb,right_lateral__A,right_lateral,A,3,313,0,0.0676993727684021,0
xgb,right_lateral__A,right_lateral,A,3,313,0,0.8939884305000305,1
xgb,right_lateral__A,right_lateral,A,3,313,0,0.9841728210449219,1
xgb,right_lateral__A,right_lateral,A,3,313,0,0.5929545164108276,1
xgb,right_lateral__A,right_lateral,A,3,313,0,0.4871443510055542,0
xgb,right_lateral__A,right_lateral,A,3,313,0,0.7766726016998291,1
xgb,right_lateral__A,right_lateral,A,3,313,0,0.006933267693966627,0
xgb,right_lateral__A,right_lateral,A,3,313,0,0.9994438290596008,1
xgb,right_lateral__A,right_lateral,A,3,313,0,0.061667077243328094,0
xgb,right_lateral__A,right_lateral,A,3,313,0,0.15877000987529755,0
xgb,right_lateral__A,right_lateral,A,3,313,0,0.15284240245819092,0
xgb,right_lateral__A,right_lateral,A,3,313,0,0.09937877953052521,0
xgb,right_lateral__A,right_lateral,A,3,313,0,0.059677641838788986,0
xgb,right_lateral__A,right_lateral,A,3,313,1,0.3362419307231903,0
xgb,right_lateral__A,right_lateral,A,3,313,1,0.06851408630609512,0
xgb,right_lateral__A,right_lateral,A,3,313,1,0.664506733417511,1
xgb,right_lateral__A,right_lateral,A,3,313,1,0.5804112553596497,1
xgb,right_lateral__A,right_lateral,A,3,313,1,0.7423921227455139,1
xgb,right_lateral__A,right_lateral,A,3,313,1,0.789814293384552,1
xgb,right_lateral__A,right_lateral,A,3,313,1,0.13821326196193695,0
xgb,right_lateral__A,right_lateral,A,3,313,1,0.7317296862602234,1
xgb,right_lateral__A,right_lateral,A,3,313,1,0.8364115357398987,1
xgb,right_lateral__A,right_lateral,A,3,313,1,0.2429884821176529,0
xgb,right_lateral__A,right_lateral,A,3,313,1,0.2397230565547943,0
xgb,right_lateral__A,right_lateral,A,3,313,1,0.1400115042924881,0
xgb,right_lateral__A,right_lateral,A,3,313,1,0.33247876167297363,0
xgb,right_lateral__A,right_lateral,A,3,313,1,0.494218111038208,0
xgb,right_lateral__A,right_lateral,A,4,318,0,0.9272760152816772,1
xgb,right_lateral__A,right_lateral,A,4,318,0,0.5983680486679077,1
xgb,right_lateral__A,right_lateral,A,4,318,0,0.5520002245903015,1
xgb,right_lateral__A,right_lateral,A,4,318,0,0.2400304228067398,0
xgb,right_lateral__A,right_lateral,A,4,318,0,0.8246580362319946,1
xgb,right_lateral__A,right_lateral,A,4,318,0,0.4267084300518036,0
xgb,right_lateral__A,right_lateral,A,4,318,0,0.30856409668922424,0
xgb,right_lateral__A,right_lateral,A,4,318,0,0.03215136379003525,0
xgb,right_lateral__A,right_lateral,A,4,318,0,0.735256552696228,1
xgb,right_lateral__A,right_lateral,A,4,318,0,0.32957130670547485,0
xgb,right_lateral__A,right_lateral,A,4,318,0,0.5000301003456116,1
xgb,right_lateral__A,right_lateral,A,4,318,0,0.27474045753479004,0
xgb,right_lateral__A,right_lateral,A,4,318,0,0.6529592275619507,1
xgb,right_lateral__A,right_lateral,A,4,318,0,0.45670273900032043,0
xgb,right_lateral__A,right_lateral,A,4,318,1,0.014081238768994808,0
xgb,right_lateral__A,right_lateral,A,4,318,1,0.6551560163497925,1
xgb,right_lateral__A,right_lateral,A,4,318,1,0.4961595833301544,0
xgb,right_lateral__A,right_lateral,A,4,318,1,0.8548005819320679,1
xgb,right_lateral__A,right_lateral,A,4,318,1,0.5487690567970276,1
xgb,right_lateral__A,right_lateral,A,4,318,1,0.39619311690330505,0
xgb,right_lateral__A,right_lateral,A,4,318,1,0.59839928150177,1
xgb,right_lateral__A,right_lateral,A,4,318,1,0.7779512405395508,1
xgb,right_lateral__A,right_lateral,A,4,318,1,0.8527312278747559,1
xgb,right_lateral__A,right_lateral,A,4,318,1,0.841172993183136,1
xgb,right_lateral__A,right_lateral,A,4,318,1,0.4816828966140747,0
xgb,right_lateral__A,right_lateral,A,4,318,1,0.15849699079990387,0
xgb,right_lateral__A,right_lateral,A,4,318,1,0.16604486107826233,0
xgb,right_lateral__A,right_lateral,A,4,318,1,0.49711093306541443,0
xgb,right_lateral__A,right_lateral,A,5,300,0,0.950075089931488,1
xgb,right_lateral__A,right_lateral,A,5,300,0,0.9979690909385681,1
xgb,right_lateral__A,right_lateral,A,5,300,0,0.9495355486869812,1
xgb,right_lateral__A,right_lateral,A,5,300,0,0.9720438122749329,1
xgb,right_lateral__A,right_lateral,A,5,300,0,0.9691746830940247,1
xgb,right_lateral__A,right_lateral,A,5,300,0,0.9890546798706055,1
xgb,right_lateral__A,right_lateral,A,5,300,0,0.987809419631958,1
xgb,right_lateral__A,right_lateral,A,5,300,0,0.9776856303215027,1
xgb,right_lateral__A,right_lateral,A,5,300,0,0.9496349692344666,1
xgb,right_lateral__A,right_lateral,A,5,300,0,0.9355415105819702,1
xgb,right_lateral__A,right_lateral,A,5,300,0,0.9693091511726379,1
xgb,right_lateral__A,right_lateral,A,5,300,0,0.9563969373703003,1
xgb,right_lateral__A,right_lateral,A,5,300,0,0.9826138615608215,1
xgb,right_lateral__A,right_lateral,A,5,300,0,0.9962208867073059,1
xgb,right_lateral__A,right_lateral,A,5,300,1,0.9700437784194946,1
xgb,right_lateral__A,right_lateral,A,5,300,1,0.9922480583190918,1
xgb,right_lateral__A,right_lateral,A,5,300,1,0.9818189144134521,1
xgb,right_lateral__A,right_lateral,A,5,300,1,0.9861457943916321,1
xgb,right_lateral__A,right_lateral,A,5,300,1,0.9851174354553223,1
xgb,right_lateral__A,right_lateral,A,5,300,1,0.9770237803459167,1
xgb,right_lateral__A,right_lateral,A,5,300,1,0.9904802441596985,1
xgb,right_lateral__A,right_lateral,A,5,300,1,0.9548072218894958,1
xgb,right_lateral__A,right_lateral,A,5,300,1,0.9949177503585815,1
xgb,right_lateral__A,right_lateral,A,5,300,1,0.9898589253425598,1
xgb,right_lateral__A,right_lateral,A,5,300,1,0.9936235547065735,1
xgb,right_lateral__A,right_lateral,A,5,300,1,0.9860069751739502,1
xgb,right_lateral__A,right_lateral,A,5,300,1,0.9760032296180725,1
xgb,right_lateral__A,right_lateral,A,5,300,1,0.9378629326820374,1
xgb,right_lateral__A,right_lateral,A,6,271,0,0.7562558650970459,1
xgb,right_lateral__A,right_lateral,A,6,271,0,0.12768304347991943,0
xgb,right_lateral__A,right_lateral,A,6,271,0,0.0919981375336647,0
xgb,right_lateral__A,right_lateral,A,6,271,0,0.30973249673843384,0
xgb,right_lateral__A,right_lateral,A,6,271,0,0.9720903635025024,1
xgb,right_lateral__A,right_lateral,A,6,271,0,0.9687297940254211,1
xgb,right_lateral__A,right_lateral,A,6,271,0,0.5628815293312073,1
xgb,right_lateral__A,right_lateral,A,6,271,0,0.002096997108310461,0
xgb,right_lateral__A,right_lateral,A,6,271,0,0.003209685208275914,0
xgb,right_lateral__A,right_lateral,A,6,271,0,0.8225276470184326,1
xgb,right_lateral__A,right_lateral,A,6,271,0,0.031483061611652374,0
xgb,right_lateral__A,right_lateral,A,6,271,0,0.0029098629020154476,0
xgb,right_lateral__A,right_lateral,A,6,271,0,0.18049025535583496,0
xgb,right_lateral__A,right_lateral,A,6,271,0,0.23063631355762482,0
xgb,right_lateral__A,right_lateral,A,6,271,1,0.1199658215045929,0
xgb,right_lateral__A,right_lateral,A,6,271,1,0.9945419430732727,1
xgb,right_lateral__A,right_lateral,A,6,271,1,0.32267117500305176,0
xgb,right_lateral__A,right_lateral,A,6,271,1,0.9414941072463989,1
xgb,right_lateral__A,right_lateral,A,6,271,1,0.9822323322296143,1
xgb,right_lateral__A,right_lateral,A,6,271,1,0.47141650319099426,0
xgb,right_lateral__A,right_lateral,A,6,271,1,0.9822814464569092,1
xgb,right_lateral__A,right_lateral,A,6,271,1,0.8839871883392334,1
xgb,right_lateral__A,right_lateral,A,6,271,1,0.9618676900863647,1
xgb,right_lateral__A,right_lateral,A,6,271,1,0.9500394463539124,1
xgb,right_lateral__A,right_lateral,A,6,271,1,0.9206384420394897,1
xgb,right_lateral__A,right_lateral,A,6,271,1,0.16524122655391693,0
xgb,right_lateral__A,right_lateral,A,6,271,1,0.9305960536003113,1
xgb,right_lateral__A,right_lateral,A,6,271,1,0.49843648076057434,0
xgb,right_lateral__A,right_lateral,A,7,251,0,0.0031019093003124,0
xgb,right_lateral__A,right_lateral,A,7,251,0,0.002598220482468605,0
xgb,right_lateral__A,right_lateral,A,7,251,0,0.002305799862369895,0
xgb,right_lateral__A,right_lateral,A,7,251,0,0.002098317723721266,0
xgb,right_lateral__A,right_lateral,A,7,251,0,0.0027134676929563284,0
xgb,right_lateral__A,right_lateral,A,7,251,0,0.0049634529277682304,0
xgb,right_lateral__A,right_lateral,A,7,251,0,0.0034794143866747618,0
xgb,right_lateral__A,right_lateral,A,7,251,0,0.0031811194494366646,0
xgb,right_lateral__A,right_lateral,A,7,251,0,0.003175926860421896,0
xgb,right_lateral__A,right_lateral,A,7,251,0,0.0013135367771610618,0
xgb,right_lateral__A,right_lateral,A,7,251,0,0.0034652394242584705,0
xgb,right_lateral__A,right_lateral,A,7,251,0,0.0013135367771610618,0
xgb,right_lateral__A,right_lateral,A,7,251,0,0.0012279489310458302,0
xgb,right_lateral__A,right_lateral,A,7,251,0,0.002305799862369895,0
xgb,right_lateral__A,right_lateral,A,7,251,1,0.003122471272945404,0
xgb,right_lateral__A,right_lateral,A,7,251,1,0.00594408018514514,0
xgb,right_lateral__A,right_lateral,A,7,251,1,0.00931843463331461,0
xgb,right_lateral__A,right_lateral,A,7,251,1,0.0025214434135705233,0
xgb,right_lateral__A,right_lateral,A,7,251,1,0.022753264755010605,0
xgb,right_lateral__A,right_lateral,A,7,251,1,0.005536140874028206,0
xgb,right_lateral__A,right_lateral,A,7,251,1,0.005596743896603584,0
xgb,right_lateral__A,right_lateral,A,7,251,1,0.0007131870952434838,0
xgb,right_lateral__A,right_lateral,A,7,251,1,0.3018002510070801,0
xgb,right_lateral__A,right_lateral,A,7,251,1,0.0032513600308448076,0
xgb,right_lateral__A,right_lateral,A,7,251,1,0.0023220940493047237,0
xgb,right_lateral__A,right_lateral,A,7,251,1,0.0076296571642160416,0
xgb,right_lateral__A,right_lateral,A,7,251,1,0.0032821481581777334,0
xgb,right_lateral__A,right_lateral,A,8,282,0,0.0007128032157197595,0
xgb,right_lateral__A,right_lateral,A,8,282,0,0.004029665607959032,0
xgb,right_lateral__A,right_lateral,A,8,282,0,0.0010536821791902184,0
xgb,right_lateral__A,right_lateral,A,8,282,0,0.0032381711062043905,0
xgb,right_lateral__A,right_lateral,A,8,282,0,0.0017775798914954066,0
xgb,right_lateral__A,right_lateral,A,8,282,0,0.0016910944832488894,0
xgb,right_lateral__A,right_lateral,A,8,282,0,0.0018754140473902225,0
xgb,right_lateral__A,right_lateral,A,8,282,0,0.009640930220484734,0
xgb,right_lateral__A,right_lateral,A,8,282,0,0.012668640352785587,0
xgb,right_lateral__A,right_lateral,A,8,282,0,0.0056438748724758625,0
xgb,right_lateral__A,right_lateral,A,8,282,0,0.0268021859228611,0
xgb,right_lateral__A,right_lateral,A,8,282,0,0.0024074490647763014,0
xgb,right_lateral__A,right_lateral,A,8,282,0,0.002458099741488695,0
xgb,right_lateral__A,right_lateral,A,8,282,0,0.029164409264922142,0
xgb,right_lateral__A,right_lateral,A,8,282,1,0.21394236385822296,0
xgb,right_lateral__A,right_lateral,A,8,282,1,0.5813388228416443,1
xgb,right_lateral__A,right_lateral,A,8,282,1,0.10161525756120682,0
xgb,right_lateral__A,right_lateral,A,8,282,1,0.017358429729938507,0
xgb,right_lateral__A,right_lateral,A,8,282,1,0.6616102457046509,1
xgb,right_lateral__A,right_lateral,A,8,282,1,0.16187244653701782,0
xgb,right_lateral__A,right_lateral,A,8,282,1,0.0041922228410840034,0
xgb,right_lateral__A,right_lateral,A,8,282,1,0.15097957849502563,0
xgb,right_lateral__A,right_lateral,A,8,282,1,0.16815756261348724,0
xgb,right_lateral__A,right_lateral,A,8,282,1,0.6347708106040955,1
xgb,right_lateral__A,right_lateral,A,8,282,1,0.15147262811660767,0
xgb,right_lateral__A,right_lateral,A,9,210,0,0.9781820774078369,1
xgb,right_lateral__A,right_lateral,A,9,210,0,0.02418457716703415,0
xgb,right_lateral__A,right_lateral,A,9,210,0,0.23218286037445068,0
xgb,right_lateral__A,right_lateral,A,9,210,0,0.9157121181488037,1
xgb,right_lateral__A,right_lateral,A,9,210,0,0.051465220749378204,0
xgb,right_lateral__A,right_lateral,A,9,210,0,0.8931153416633606,1
xgb,right_lateral__A,right_lateral,A,9,210,0,0.07117219269275665,0
xgb,right_lateral__A,right_lateral,A,9,210,0,0.9137302041053772,1
xgb,right_lateral__A,right_lateral,A,9,210,0,0.7345150113105774,1
xgb,right_lateral__A,right_lateral,A,9,210,0,0.03394150361418724,0
xgb,right_lateral__A,right_lateral,A,9,210,0,0.07862965017557144,0
xgb,right_lateral__A,right_lateral,A,9,210,0,0.041394710540771484,0
xgb,right_lateral__A,right_lateral,A,9,210,0,0.005083744879812002,0
xgb,right_lateral__A,right_lateral,A,9,210,0,0.962654173374176,1
xgb,right_lateral__A,right_lateral,A,9,210,1,0.9995319843292236,1
xgb,right_lateral__A,right_lateral,A,9,210,1,0.9985761642456055,1
xgb,right_lateral__A,right_lateral,A,9,210,1,0.9989743232727051,1
xgb,right_lateral__A,right_lateral,A,9,210,1,0.9988183379173279,1
xgb,right_lateral__A,right_lateral,A,9,210,1,0.9993652701377869,1
xgb,right_lateral__A,right_lateral,A,9,210,1,0.9972456693649292,1
xgb,right_lateral__A,right_lateral,A,9,210,1,0.9987660646438599,1
xgb,right_lateral__A,right_lateral,A,9,210,1,0.982439398765564,1
xgb,right_lateral__A,right_lateral,A,9,210,1,0.8437588810920715,1
xgb,right_lateral__A,right_lateral,A,9,210,1,0.9992256164550781,1
xgb,right_lateral__A,right_lateral,A,9,210,1,0.9757291674613953,1
xgb,right_lateral__A,right_lateral,A,10,265,0,0.05587919056415558,0
xgb,right_lateral__A,right_lateral,A,10,265,0,0.10219943523406982,0
xgb,right_lateral__A,right_lateral,A,10,265,0,0.33689698576927185,0
xgb,right_lateral__A,right_lateral,A,10,265,0,0.36357414722442627,0
xgb,right_lateral__A,right_lateral,A,10,265,0,0.12676505744457245,0
xgb,right_lateral__A,right_lateral,A,10,265,0,0.9639396667480469,1
xgb,right_lateral__A,right_lateral,A,10,265,0,0.006950183771550655,0
xgb,right_lateral__A,right_lateral,A,10,265,0,0.1588171124458313,0
xgb,right_lateral__A,right_lateral,A,10,265,0,0.11652633547782898,0
xgb,right_lateral__A,right_lateral,A,10,265,0,0.020538711920380592,0
xgb,right_lateral__A,right_lateral,A,10,265,0,0.043201297521591187,0
xgb,right_lateral__A,right_lateral,A,10,265,0,0.0224769227206707,0
xgb,right_lateral__A,right_lateral,A,10,265,0,0.41725948452949524,0
xgb,right_lateral__A,right_lateral,A,10,265,1,0.03313757851719856,0
xgb,right_lateral__A,right_lateral,A,10,265,1,0.02651216834783554,0
xgb,right_lateral__A,right_lateral,A,10,265,1,0.9899513125419617,1
xgb,right_lateral__A,right_lateral,A,10,265,1,0.9794594645500183,1
xgb,right_lateral__A,right_lateral,A,10,265,1,0.24229344725608826,0
xgb,right_lateral__A,right_lateral,A,10,265,1,0.022713258862495422,0
xgb,right_lateral__A,right_lateral,A,10,265,1,0.03621239960193634,0
xgb,right_lateral__A,right_lateral,A,10,265,1,0.8650168180465698,1
xgb,right_lateral__A,right_lateral,A,10,265,1,0.9305710792541504,1
xgb,right_lateral__A,right_lateral,A,10,265,1,0.8442456722259521,1
xgb,right_lateral__A,right_lateral,A,10,265,1,0.23695813119411469,0
xgb,right_lateral__B,right_lateral,B,1,249,0,0.9435569047927856,1
xgb,right_lateral__B,right_lateral,B,1,249,0,0.6817382574081421,1
xgb,right_lateral__B,right_lateral,B,1,249,0,0.7981858849525452,1
xgb,right_lateral__B,right_lateral,B,1,249,0,0.30912303924560547,0
xgb,right_lateral__B,right_lateral,B,1,249,0,0.6857670545578003,1
xgb,right_lateral__B,right_lateral,B,1,249,0,0.8532406091690063,1
xgb,right_lateral__B,right_lateral,B,1,249,0,0.7122952342033386,1
xgb,right_lateral__B,right_lateral,B,1,249,0,0.8454613089561462,1
xgb,right_lateral__B,right_lateral,B,1,249,0,0.3036308288574219,0
xgb,right_lateral__B,right_lateral,B,1,249,0,0.5505028963088989,1
xgb,right_lateral__B,right_lateral,B,1,249,0,0.8750741481781006,1
xgb,right_lateral__B,right_lateral,B,1,249,0,0.7570216059684753,1
xgb,right_lateral__B,right_lateral,B,1,249,0,0.30829066038131714,0
xgb,right_lateral__B,right_lateral,B,1,249,0,0.7602941989898682,1
xgb,right_lateral__B,right_lateral,B,1,249,0,0.26737648248672485,0
xgb,right_lateral__B,right_lateral,B,1,249,1,0.07317618280649185,0
xgb,right_lateral__B,right_lateral,B,1,249,1,0.634357750415802,1
xgb,right_lateral__B,right_lateral,B,1,249,1,0.5131489634513855,1
xgb,right_lateral__B,right_lateral,B,1,249,1,0.4011476933956146,0
xgb,right_lateral__B,right_lateral,B,1,249,1,0.48958560824394226,0
xgb,right_lateral__B,right_lateral,B,1,249,1,0.4858112633228302,0
xgb,right_lateral__B,right_lateral,B,1,249,1,0.974592924118042,1
xgb,right_lateral__B,right_lateral,B,1,249,1,0.47301730513572693,0
xgb,right_lateral__B,right_lateral,B,1,249,1,0.21484243869781494,0
xgb,right_lateral__B,right_lateral,B,1,249,1,0.2120073437690735,0
xgb,right_lateral__B,right_lateral,B,1,249,1,0.2935716211795807,0
xgb,right_lateral__B,right_lateral,B,1,249,1,0.45266565680503845,0
xgb,right_lateral__B,right_lateral,B,1,249,1,0.5082408785820007,1
xgb,right_lateral__B,right_lateral,B,1,249,1,0.2984006702899933,0
xgb,right_lateral__B,right_lateral,B,1,249,1,0.621009349822998,1
xgb,right_lateral__B,right_lateral,B,1,249,1,0.7749403715133667,1
xgb,right_lateral__B,right_lateral,B,1,249,1,0.6321526169776917,1
xgb,right_lateral__B,right_lateral,B,2,219,0,0.7299870252609253,1
xgb,right_lateral__B,right_lateral,B,2,219,0,0.8459520936012268,1
xgb,right_lateral__B,right_lateral,B,2,219,0,0.7290700078010559,1
xgb,right_lateral__B,right_lateral,B,2,219,0,0.19273294508457184,0
xgb,right_lateral__B,right_lateral,B,2,219,0,0.8084484338760376,1
xgb,right_lateral__B,right_lateral,B,2,219,0,0.4333306849002838,0
xgb,right_lateral__B,right_lateral,B,2,219,0,0.1503569781780243,0
xgb,right_lateral__B,right_lateral,B,2,219,0,0.3308568298816681,0
xgb,right_lateral__B,right_lateral,B,2,219,0,0.23303796350955963,0
xgb,right_lateral__B,right_lateral,B,2,219,0,0.2749180793762207,0
xgb,right_lateral__B,right_lateral,B,2,219,0,0.1966833770275116,0
xgb,right_lateral__B,right_lateral,B,2,219,0,0.6527089476585388,1
xgb,right_lateral__B,right_lateral,B,2,219,0,0.8087764382362366,1
xgb,right_lateral__B,right_lateral,B,2,219,0,0.5516493916511536,1
xgb,right_lateral__B,right_lateral,B,2,219,1,0.5842775106430054,1
xgb,right_lateral__B,right_lateral,B,2,219,1,0.6660795211791992,1
xgb,right_lateral__B,right_lateral,B,2,219,1,0.47750166058540344,0
xgb,right_lateral__B,right_lateral,B,2,219,1,0.5135353803634644,1
xgb,right_lateral__B,right_lateral,B,2,219,1,0.277523398399353,0
xgb,right_lateral__B,right_lateral,B,2,219,1,0.06774769723415375,0
xgb,right_lateral__B,right_lateral,B,2,219,1,0.029380688443779945,0
xgb,right_lateral__B,right_lateral,B,2,219,1,0.5984740257263184,1
xgb,right_lateral__B,right_lateral,B,2,219,1,0.6073549389839172,1
xgb,right_lateral__B,right_lateral,B,2,219,1,0.4665940999984741,0
xgb,right_lateral__B,right_lateral,B,2,219,1,0.2955191433429718,0
xgb,right_lateral__B,right_lateral,B,2,219,1,0.26268699765205383,0
xgb,right_lateral__B,right_lateral,B,2,219,1,0.17563092708587646,0
xgb,right_lateral__B,right_lateral,B,2,219,1,0.4104350209236145,0
xgb,right_lateral__B,right_lateral,B,2,219,1,0.31719619035720825,0
xgb,right_lateral__B,right_lateral,B,2,219,1,0.3180064857006073,0
xgb,right_lateral__B,right_lateral,B,3,313,0,0.2839984893798828,0
xgb,right_lateral__B,right_lateral,B,3,313,0,0.7621629238128662,1
xgb,right_lateral__B,right_lateral,B,3,313,0,0.24105383455753326,0
xgb,right_lateral__B,right_lateral,B,3,313,0,0.17151951789855957,0
xgb,right_lateral__B,right_lateral,B,3,313,0,0.3882048428058624,0
xgb,right_lateral__B,right_lateral,B,3,313,0,0.7683602571487427,1
xgb,right_lateral__B,right_lateral,B,3,313,0,0.9890915155410767,1
xgb,right_lateral__B,right_lateral,B,3,313,0,0.057198960334062576,0
xgb,right_lateral__B,right_lateral,B,3,313,0,0.308023065328598,0
xgb,right_lateral__B,right_lateral,B,3,313,0,0.20874379575252533,0
xgb,right_lateral__B,right_lateral,B,3,313,0,0.5990973711013794,1
xgb,right_lateral__B,right_lateral,B,3,313,0,0.4023905396461487,0
xgb,right_lateral__B,right_lateral,B,3,313,0,0.139874666929245,0
xgb,right_lateral__B,right_lateral,B,3,313,0,0.2678222060203552,0
xgb,right_lateral__B,right_lateral,B,3,313,0,0.5462687611579895,1
xgb,right_lateral__B,right_lateral,B,3,313,1,0.2971184551715851,0
xgb,right_lateral__B,right_lateral,B,3,313,1,0.18786457180976868,0
xgb,right_lateral__B,right_lateral,B,3,313,1,0.09367717057466507,0
xgb,right_lateral__B,right_lateral,B,3,313,1,0.5079951882362366,1
xgb,right_lateral__B,right_lateral,B,3,313,1,0.25547128915786743,0
xgb,right_lateral__B,right_lateral,B,3,313,1,0.7086788415908813,1
xgb,right_lateral__B,right_lateral,B,3,313,1,0.638812780380249,1
xgb,right_lateral__B,right_lateral,B,3,313,1,0.8282253742218018,1
xgb,right_lateral__B,right_lateral,B,3,313,1,0.3251027464866638,0
xgb,right_lateral__B,right_lateral,B,3,313,1,0.41801226139068604,0
xgb,right_lateral__B,right_lateral,B,3,313,1,0.9056711792945862,1
xgb,right_lateral__B,right_lateral,B,3,313,1,0.0885762944817543,0
xgb,right_lateral__B,right_lateral,B,3,313,1,0.7165355682373047,1
xgb,right_lateral__B,right_lateral,B,3,313,1,0.03979203477501869,0
xgb,right_lateral__B,right_lateral,B,4,318,0,0.8539451360702515,1
xgb,right_lateral__B,right_lateral,B,4,318,0,0.6393672823905945,1
xgb,right_lateral__B,right_lateral,B,4,318,0,0.34738653898239136,0
xgb,right_lateral__B,right_lateral,B,4,318,0,0.5382266044616699,1
xgb,right_lateral__B,right_lateral,B,4,318,0,0.3054383099079132,0
xgb,right_lateral__B,right_lateral,B,4,318,0,0.6175805330276489,1
xgb,right_lateral__B,right_lateral,B,4,318,0,0.5526310205459595,1
xgb,right_lateral__B,right_lateral,B,4,318,0,0.27014410495758057,0
xgb,right_lateral__B,right_lateral,B,4,318,0,0.314663827419281,0
xgb,right_lateral__B,right_lateral,B,4,318,0,0.5576703548431396,1
xgb,right_lateral__B,right_lateral,B,4,318,0,0.3791278302669525,0
xgb,right_lateral__B,right_lateral,B,4,318,0,0.28055426478385925,0
xgb,right_lateral__B,right_lateral,B,4,318,0,0.3336641192436218,0
xgb,right_lateral__B,right_lateral,B,4,318,0,0.6353346705436707,1
xgb,right_lateral__B,right_lateral,B,4,318,1,0.38519325852394104,0
xgb,right_lateral__B,right_lateral,B,4,318,1,0.2378549426794052,0
xgb,right_lateral__B,right_lateral,B,4,318,1,0.4088621735572815,0
xgb,right_lateral__B,right_lateral,B,4,318,1,0.2460777908563614,0
xgb,right_lateral__B,right_lateral,B,4,318,1,0.4077535569667816,0
xgb,right_lateral__B,right_lateral,B,4,318,1,0.31353744864463806,0
xgb,right_lateral__B,right_lateral,B,4,318,1,0.07868669927120209,0
xgb,right_lateral__B,right_lateral,B,4,318,1,0.68370121717453,1
xgb,right_lateral__B,right_lateral,B,4,318,1,0.4444296061992645,0
xgb,right_lateral__B,right_lateral,B,4,318,1,0.7595967054367065,1
xgb,right_lateral__B,right_lateral,B,4,318,1,0.058645058423280716,0
xgb,right_lateral__B,right_lateral,B,4,318,1,0.1516764760017395,0
xgb,right_lateral__B,right_lateral,B,4,318,1,0.08469491451978683,0
xgb,right_lateral__B,right_lateral,B,4,318,1,0.7085899114608765,1
xgb,right_lateral__B,right_lateral,B,5,300,0,0.8941561579704285,1
xgb,right_lateral__B,right_lateral,B,5,300,0,0.5801898241043091,1
xgb,right_lateral__B,right_lateral,B,5,300,0,0.7247342467308044,1
xgb,right_lateral__B,right_lateral,B,5,300,0,0.28724905848503113,0
xgb,right_lateral__B,right_lateral,B,5,300,0,0.5098636746406555,1
xgb,right_lateral__B,right_lateral,B,5,300,0,0.5815371870994568,1
xgb,right_lateral__B,right_lateral,B,5,300,0,0.865155041217804,1
xgb,right_lateral__B,right_lateral,B,5,300,0,0.10771450400352478,0
xgb,right_lateral__B,right_lateral,B,5,300,0,0.7627034783363342,1
xgb,right_lateral__B,right_lateral,B,5,300,0,0.2913370728492737,0
xgb,right_lateral__B,right_lateral,B,5,300,0,0.5376442074775696,1
xgb,right_lateral__B,right_lateral,B,5,300,0,0.41953739523887634,0
xgb,right_lateral__B,right_lateral,B,5,300,0,0.09242063760757446,0
xgb,right_lateral__B,right_lateral,B,5,300,0,0.8954629898071289,1
xgb,right_lateral__B,right_lateral,B,5,300,1,0.15271742641925812,0
xgb,right_lateral__B,right_lateral,B,5,300,1,0.2137189656496048,0
xgb,right_lateral__B,right_lateral,B,5,300,1,0.2784062325954437,0
xgb,right_lateral__B,right_lateral,B,5,300,1,0.8333560824394226,1
xgb,right_lateral__B,right_lateral,B,5,300,1,0.05814298242330551,0
xgb,right_lateral__B,right_lateral,B,5,300,1,0.5725806355476379,1
xgb,right_lateral__B,right_lateral,B,5,300,1,0.23564106225967407,0
xgb,right_lateral__B,right_lateral,B,5,300,1,0.034264396876096725,0
xgb,right_lateral__B,right_lateral,B,5,300,1,0.29534992575645447,0
xgb,right_lateral__B,right_lateral,B,5,300,1,0.17400962114334106,0
xgb,right_lateral__B,right_lateral,B,5,300,1,0.06469228118658066,0
xgb,right_lateral__B,right_lateral,B,5,300,1,0.40051767230033875,0
xgb,right_lateral__B,right_lateral,B,5,300,1,0.8051283955574036,1
xgb,right_lateral__B,right_lateral,B,5,300,1,0.19090069830417633,0
xgb,right_lateral__B,right_lateral,B,6,271,0,0.15760736167430878,0
xgb,right_lateral__B,right_lateral,B,6,271,0,0.4175724387168884,0
xgb,right_lateral__B,right_lateral,B,6,271,0,0.024204084649682045,0
xgb,right_lateral__B,right_lateral,B,6,271,0,0.4322719871997833,0
xgb,right_lateral__B,right_lateral,B,6,271,0,0.0768030658364296,0
xgb,right_lateral__B,right_lateral,B,6,271,0,0.6756733655929565,1
xgb,right_lateral__B,right_lateral,B,6,271,0,0.22628876566886902,0
xgb,right_lateral__B,right_lateral,B,6,271,0,0.6788002252578735,1
xgb,right_lateral__B,right_lateral,B,6,271,0,0.7039608955383301,1
xgb,right_lateral__B,right_lateral,B,6,271,0,0.3930169939994812,0
xgb,right_lateral__B,right_lateral,B,6,271,0,0.8843384981155396,1
xgb,right_lateral__B,right_lateral,B,6,271,0,0.6479374766349792,1
xgb,right_lateral__B,right_lateral,B,6,271,0,0.2613464295864105,0
xgb,right_lateral__B,right_lateral,B,6,271,0,0.38493144512176514,0
xgb,right_lateral__B,right_lateral,B,6,271,1,0.015884216874837875,0
xgb,right_lateral__B,right_lateral,B,6,271,1,0.5224733948707581,1
xgb,right_lateral__B,right_lateral,B,6,271,1,0.3292683959007263,0
xgb,right_lateral__B,right_lateral,B,6,271,1,0.09804416447877884,0
xgb,right_lateral__B,right_lateral,B,6,271,1,0.45419472455978394,0
xgb,right_lateral__B,right_lateral,B,6,271,1,0.08198599517345428,0
xgb,right_lateral__B,right_lateral,B,6,271,1,0.4208064377307892,0
xgb,right_lateral__B,right_lateral,B,6,271,1,0.06152050942182541,0
xgb,right_lateral__B,right_lateral,B,6,271,1,0.5223416090011597,1
xgb,right_lateral__B,right_lateral,B,6,271,1,0.2385214865207672,0
xgb,right_lateral__B,right_lateral,B,6,271,1,0.23682422935962677,0
xgb,right_lateral__B,right_lateral,B,6,271,1,0.06020331010222435,0
xgb,right_lateral__B,right_lateral,B,6,271,1,0.02144056186079979,0
xgb,right_lateral__B,right_lateral,B,6,271,1,0.0705961138010025,0
xgb,right_lateral__B,right_lateral,B,7,251,0,0.6861668229103088,1
xgb,right_lateral__B,right_lateral,B,7,251,0,0.9195423722267151,1
xgb,right_lateral__B,right_lateral,B,7,251,0,0.9156180620193481,1
xgb,right_lateral__B,right_lateral,B,7,251,0,0.7906224727630615,1
xgb,right_lateral__B,right_lateral,B,7,251,0,0.8827019333839417,1
xgb,right_lateral__B,right_lateral,B,7,251,0,0.5124813914299011,1
xgb,right_lateral__B,right_lateral,B,7,251,0,0.8566491007804871,1
xgb,right_lateral__B,right_lateral,B,7,251,0,0.4632033109664917,0
xgb,right_lateral__B,right_lateral,B,7,251,0,0.5343487858772278,1
xgb,right_lateral__B,right_lateral,B,7,251,0,0.3721267879009247,0
xgb,right_lateral__B,right_lateral,B,7,251,0,0.821533739566803,1
xgb,right_lateral__B,right_lateral,B,7,251,0,0.9375525712966919,1
xgb,right_lateral__B,right_lateral,B,7,251,0,0.8203821182250977,1
xgb,right_lateral__B,right_lateral,B,7,251,0,0.9396355748176575,1
xgb,right_lateral__B,right_lateral,B,7,251,1,0.26728594303131104,0
xgb,right_lateral__B,right_lateral,B,7,251,1,0.5940569639205933,1
xgb,right_lateral__B,right_lateral,B,7,251,1,0.8227529525756836,1
xgb,right_lateral__B,right_lateral,B,7,251,1,0.527075469493866,1
xgb,right_lateral__B,right_lateral,B,7,251,1,0.5325302481651306,1
xgb,right_lateral__B,right_lateral,B,7,251,1,0.6187285780906677,1
xgb,right_lateral__B,right_lateral,B,7,251,1,0.8986439108848572,1
xgb,right_lateral__B,right_lateral,B,7,251,1,0.532110869884491,1
xgb,right_lateral__B,right_lateral,B,7,251,1,0.5477535128593445,1
xgb,right_lateral__B,right_lateral,B,7,251,1,0.6677394509315491,1
xgb,right_lateral__B,right_lateral,B,7,251,1,0.6173399686813354,1
xgb,right_lateral__B,right_lateral,B,7,251,1,0.45883607864379883,0
xgb,right_lateral__B,right_lateral,B,7,251,1,0.35312962532043457,0
xgb,right_lateral__B,right_lateral,B,8,282,0,0.4794080853462219,0
xgb,right_lateral__B,right_lateral,B,8,282,0,0.9713975191116333,1
xgb,right_lateral__B,right_lateral,B,8,282,0,0.7976837158203125,1
xgb,right_lateral__B,right_lateral,B,8,282,0,0.4128892123699188,0
xgb,right_lateral__B,right_lateral,B,8,282,0,0.6543656587600708,1
xgb,right_lateral__B,right_lateral,B,8,282,0,0.8751440048217773,1
xgb,right_lateral__B,right_lateral,B,8,282,0,0.988146185874939,1
xgb,right_lateral__B,right_lateral,B,8,282,0,0.6963440775871277,1
xgb,right_lateral__B,right_lateral,B,8,282,0,0.643453061580658,1
xgb,right_lateral__B,right_lateral,B,8,282,0,0.5262755751609802,1
xgb,right_lateral__B,right_lateral,B,8,282,0,0.5561766624450684,1
xgb,right_lateral__B,right_lateral,B,8,282,0,0.4334442615509033,0
xgb,right_lateral__B,right_lateral,B,8,282,0,0.9021221995353699,1
xgb,right_lateral__B,right_lateral,B,8,282,0,0.2827790081501007,0
xgb,right_lateral__B,right_lateral,B,8,282,1,0.2673405706882477,0
xgb,right_lateral__B,right_lateral,B,8,282,1,0.31599852442741394,0
xgb,right_lateral__B,right_lateral,B,8,282,1,0.8632349967956543,1
xgb,right_lateral__B,right_lateral,B,8,282,1,0.7394795417785645,1
xgb,right_lateral__B,right_lateral,B,8,282,1,0.8008581399917603,1
xgb,right_lateral__B,right_lateral,B,8,282,1,0.17633748054504395,0
xgb,right_lateral__B,right_lateral,B,8,282,1,0.600074052810669,1
xgb,right_lateral__B,right_lateral,B,8,282,1,0.21393625438213348,0
xgb,right_lateral__B,right_lateral,B,8,282,1,0.9228004813194275,1
xgb,right_lateral__B,right_lateral,B,8,282,1,0.9576281309127808,1
xgb,right_lateral__B,right_lateral,B,8,282,1,0.6206803917884827,1
xgb,right_lateral__B,right_lateral,B,9,210,0,0.15725567936897278,0
xgb,right_lateral__B,right_lateral,B,9,210,0,0.6452367305755615,1
xgb,right_lateral__B,right_lateral,B,9,210,0,0.5181016325950623,1
xgb,right_lateral__B,right_lateral,B,9,210,0,0.7398112416267395,1
xgb,right_lateral__B,right_lateral,B,9,210,0,0.3500242233276367,0
xgb,right_lateral__B,right_lateral,B,9,210,0,0.289161741733551,0
xgb,right_lateral__B,right_lateral,B,9,210,0,0.40037456154823303,0
xgb,right_lateral__B,right_lateral,B,9,210,0,0.48236942291259766,0
xgb,right_lateral__B,right_lateral,B,9,210,0,0.5374583005905151,1
xgb,right_lateral__B,right_lateral,B,9,210,0,0.04536272957921028,0
xgb,right_lateral__B,right_lateral,B,9,210,0,0.6823959350585938,1
xgb,right_lateral__B,right_lateral,B,9,210,0,0.632086455821991,1
xgb,right_lateral__B,right_lateral,B,9,210,0,0.22056744992733002,0
xgb,right_lateral__B,right_lateral,B,9,210,0,0.16961580514907837,0
xgb,right_lateral__B,right_lateral,B,9,210,1,0.6095631122589111,1
xgb,right_lateral__B,right_lateral,B,9,210,1,0.493503600358963,0
xgb,right_lateral__B,right_lateral,B,9,210,1,0.4283677041530609,0
xgb,right_lateral__B,right_lateral,B,9,210,1,0.2978554666042328,0
xgb,right_lateral__B,right_lateral,B,9,210,1,0.5911086201667786,1
xgb,right_lateral__B,right_lateral,B,9,210,1,0.37386441230773926,0
xgb,right_lateral__B,right_lateral,B,9,210,1,0.27901366353034973,0
xgb,right_lateral__B,right_lateral,B,9,210,1,0.47205713391304016,0
xgb,right_lateral__B,right_lateral,B,9,210,1,0.5151428580284119,1
xgb,right_lateral__B,right_lateral,B,9,210,1,0.8156084418296814,1
xgb,right_lateral__B,right_lateral,B,9,210,1,0.11421991139650345,0
xgb,right_lateral__B,right_lateral,B,10,265,0,0.985275387763977,1
xgb,right_lateral__B,right_lateral,B,10,265,0,0.9250504374504089,1
xgb,right_lateral__B,right_lateral,B,10,265,0,0.3302921950817108,0
xgb,right_lateral__B,right_lateral,B,10,265,0,0.5515595078468323,1
xgb,right_lateral__B,right_lateral,B,10,265,0,0.7091458439826965,1
xgb,right_lateral__B,right_lateral,B,10,265,0,0.416103720664978,0
xgb,right_lateral__B,right_lateral,B,10,265,0,0.7890855669975281,1
xgb,right_lateral__B,right_lateral,B,10,265,0,0.821418046951294,1
xgb,right_lateral__B,right_lateral,B,10,265,0,0.9875015020370483,1
xgb,right_lateral__B,right_lateral,B,10,265,0,0.6780396103858948,1
xgb,right_lateral__B,right_lateral,B,10,265,0,0.7468445897102356,1
xgb,right_lateral__B,right_lateral,B,10,265,0,0.7854614853858948,1
xgb,right_lateral__B,right_lateral,B,10,265,0,0.0798167809844017,0
xgb,right_lateral__B,right_lateral,B,10,265,1,0.32992979884147644,0
xgb,right_lateral__B,right_lateral,B,10,265,1,0.19008637964725494,0
xgb,right_lateral__B,right_lateral,B,10,265,1,0.4070108234882355,0
xgb,right_lateral__B,right_lateral,B,10,265,1,0.3855739235877991,0
xgb,right_lateral__B,right_lateral,B,10,265,1,0.7348213791847229,1
xgb,right_lateral__B,right_lateral,B,10,265,1,0.6858947277069092,1
xgb,right_lateral__B,right_lateral,B,10,265,1,0.14153389632701874,0
xgb,right_lateral__B,right_lateral,B,10,265,1,0.5664801001548767,1
xgb,right_lateral__B,right_lateral,B,10,265,1,0.057383693754673004,0
xgb,right_lateral__B,right_lateral,B,10,265,1,0.212446928024292,0
xgb,right_lateral__B,right_lateral,B,10,265,1,0.625054121017456,1
xgb,right_lateral__C,right_lateral,C,1,249,0,0.060744334012269974,0
xgb,right_lateral__C,right_lateral,C,1,249,0,0.30249762535095215,0
xgb,right_lateral__C,right_lateral,C,1,249,0,0.11470840126276016,0
xgb,right_lateral__C,right_lateral,C,1,249,0,0.013588789850473404,0
xgb,right_lateral__C,right_lateral,C,1,249,0,0.001786444685421884,0
xgb,right_lateral__C,right_lateral,C,1,249,0,0.16995570063591003,0
xgb,right_lateral__C,right_lateral,C,1,249,0,0.028585055842995644,0
xgb,right_lateral__C,right_lateral,C,1,249,0,0.08781740814447403,0
xgb,right_lateral__C,right_lateral,C,1,249,0,0.0240313783288002,0
xgb,right_lateral__C,right_lateral,C,1,249,0,0.008556073531508446,0
xgb,right_lateral__C,right_lateral,C,1,249,0,0.012643382884562016,0
xgb,right_lateral__C,right_lateral,C,1,249,0,0.40038207173347473,0
xgb,right_lateral__C,right_lateral,C,1,249,0,0.11510276794433594,0
xgb,right_lateral__C,right_lateral,C,1,249,0,0.45443788170814514,0
xgb,right_lateral__C,right_lateral,C,1,249,0,0.010271481238305569,0
xgb,right_lateral__C,right_lateral,C,1,249,1,0.8972771167755127,1
xgb,right_lateral__C,right_lateral,C,1,249,1,0.9965918064117432,1
xgb,right_lateral__C,right_lateral,C,1,249,1,0.8920308351516724,1
xgb,right_lateral__C,right_lateral,C,1,249,1,0.9764049053192139,1
xgb,right_lateral__C,right_lateral,C,1,249,1,0.9930312633514404,1
xgb,right_lateral__C,right_lateral,C,1,249,1,0.16816182434558868,0
xgb,right_lateral__C,right_lateral,C,1,249,1,0.9831258654594421,1
xgb,right_lateral__C,right_lateral,C,1,249,1,0.8954976201057434,1
xgb,right_lateral__C,right_lateral,C,1,249,1,0.8909817337989807,1
xgb,right_lateral__C,right_lateral,C,1,249,1,0.7541572451591492,1
xgb,right_lateral__C,right_lateral,C,1,249,1,0.5167483687400818,1
xgb,right_lateral__C,right_lateral,C,1,249,1,0.7059953212738037,1
xgb,right_lateral__C,right_lateral,C,1,249,1,0.8562530279159546,1
xgb,right_lateral__C,right_lateral,C,1,249,1,0.7435203194618225,1
xgb,right_lateral__C,right_lateral,C,1,249,1,0.8589465618133545,1
xgb,right_lateral__C,right_lateral,C,1,249,1,0.6597436666488647,1
xgb,right_lateral__C,right_lateral,C,1,249,1,0.7371400594711304,1
xgb,right_lateral__C,right_lateral,C,2,219,0,0.2777550220489502,0
xgb,right_lateral__C,right_lateral,C,2,219,0,0.9341362714767456,1
xgb,right_lateral__C,right_lateral,C,2,219,0,0.9308672547340393,1
xgb,right_lateral__C,right_lateral,C,2,219,0,0.9574945569038391,1
xgb,right_lateral__C,right_lateral,C,2,219,0,0.9872128367424011,1
xgb,right_lateral__C,right_lateral,C,2,219,0,0.9176492691040039,1
xgb,right_lateral__C,right_lateral,C,2,219,0,0.11723972111940384,0
xgb,right_lateral__C,right_lateral,C,2,219,0,0.059370480477809906,0
xgb,right_lateral__C,right_lateral,C,2,219,0,0.9584047198295593,1
xgb,right_lateral__C,right_lateral,C,2,219,0,0.22482800483703613,0
xgb,right_lateral__C,right_lateral,C,2,219,0,0.09961512684822083,0
xgb,right_lateral__C,right_lateral,C,2,219,0,0.8282137513160706,1
xgb,right_lateral__C,right_lateral,C,2,219,0,0.2897140681743622,0
xgb,right_lateral__C,right_lateral,C,2,219,0,0.026002593338489532,0
xgb,right_lateral__C,right_lateral,C,2,219,1,0.699149489402771,1
xgb,right_lateral__C,right_lateral,C,2,219,1,0.8451656699180603,1
xgb,right_lateral__C,right_lateral,C,2,219,1,0.6085850596427917,1
xgb,right_lateral__C,right_lateral,C,2,219,1,0.7769750356674194,1
xgb,right_lateral__C,right_lateral,C,2,219,1,0.69964200258255,1
xgb,right_lateral__C,right_lateral,C,2,219,1,0.5471963286399841,1
xgb,right_lateral__C,right_lateral,C,2,219,1,0.34079763293266296,0
xgb,right_lateral__C,right_lateral,C,2,219,1,0.5608801245689392,1
xgb,right_lateral__C,right_lateral,C,2,219,1,0.6834138035774231,1
xgb,right_lateral__C,right_lateral,C,2,219,1,0.7059371471405029,1
xgb,right_lateral__C,right_lateral,C,2,219,1,0.482008159160614,0
xgb,right_lateral__C,right_lateral,C,2,219,1,0.34427326917648315,0
xgb,right_lateral__C,right_lateral,C,2,219,1,0.7826907634735107,1
xgb,right_lateral__C,right_lateral,C,2,219,1,0.27129873633384705,0
xgb,right_lateral__C,right_lateral,C,2,219,1,0.7535032629966736,1
xgb,right_lateral__C,right_lateral,C,2,219,1,0.824506938457489,1
xgb,right_lateral__C,right_lateral,C,3,313,0,0.6127443313598633,1
xgb,right_lateral__C,right_lateral,C,3,313,0,0.9114342331886292,1
xgb,right_lateral__C,right_lateral,C,3,313,0,0.17345412075519562,0
xgb,right_lateral__C,right_lateral,C,3,313,0,0.8416118621826172,1
xgb,right_lateral__C,right_lateral,C,3,313,0,0.9946190118789673,1
xgb,right_lateral__C,right_lateral,C,3,313,0,0.817973256111145,1
xgb,right_lateral__C,right_lateral,C,3,313,0,0.8813088536262512,1
xgb,right_lateral__C,right_lateral,C,3,313,0,0.6221044063568115,1
xgb,right_lateral__C,right_lateral,C,3,313,0,0.366405189037323,0
xgb,right_lateral__C,right_lateral,C,3,313,0,0.9986068606376648,1
xgb,right_lateral__C,right_lateral,C,3,313,0,0.43134766817092896,0
xgb,right_lateral__C,right_lateral,C,3,313,0,0.5438375473022461,1
xgb,right_lateral__C,right_lateral,C,3,313,0,0.6001315712928772,1
xgb,right_lateral__C,right_lateral,C,3,313,0,0.36523422598838806,0
xgb,right_lateral__C,right_lateral,C,3,313,0,0.3652108311653137,0
xgb,right_lateral__C,right_lateral,C,3,313,1,0.6157604455947876,1
xgb,right_lateral__C,right_lateral,C,3,313,1,0.2063305526971817,0
xgb,right_lateral__C,right_lateral,C,3,313,1,0.8715227842330933,1
xgb,right_lateral__C,right_lateral,C,3,313,1,0.8183027505874634,1
xgb,right_lateral__C,right_lateral,C,3,313,1,0.9375483393669128,1
xgb,right_lateral__C,right_lateral,C,3,313,1,0.8228320479393005,1
xgb,right_lateral__C,right_lateral,C,3,313,1,0.6844362616539001,1
xgb,right_lateral__C,right_lateral,C,3,313,1,0.962779700756073,1
xgb,right_lateral__C,right_lateral,C,3,313,1,0.9514879584312439,1
xgb,right_lateral__C,right_lateral,C,3,313,1,0.48914608359336853,0
xgb,right_lateral__C,right_lateral,C,3,313,1,0.8001889586448669,1
xgb,right_lateral__C,right_lateral,C,3,313,1,0.23249037563800812,0
xgb,right_lateral__C,right_lateral,C,3,313,1,0.5294732451438904,1
xgb,right_lateral__C,right_lateral,C,3,313,1,0.49460792541503906,0
xgb,right_lateral__C,right_lateral,C,4,318,0,0.9837765097618103,1
xgb,right_lateral__C,right_lateral,C,4,318,0,0.8637487888336182,1
xgb,right_lateral__C,right_lateral,C,4,318,0,0.4426531195640564,0
xgb,right_lateral__C,right_lateral,C,4,318,0,0.6020849943161011,1
xgb,right_lateral__C,right_lateral,C,4,318,0,0.6558427810668945,1
xgb,right_lateral__C,right_lateral,C,4,318,0,0.5849959254264832,1
xgb,right_lateral__C,right_lateral,C,4,318,0,0.5332826972007751,1
xgb,right_lateral__C,right_lateral,C,4,318,0,0.008887170813977718,0
xgb,right_lateral__C,right_lateral,C,4,318,0,0.3096234202384949,0
xgb,right_lateral__C,right_lateral,C,4,318,0,0.43415912985801697,0
xgb,right_lateral__C,right_lateral,C,4,318,0,0.667058527469635,1
xgb,right_lateral__C,right_lateral,C,4,318,0,0.3590499758720398,0
xgb,right_lateral__C,right_lateral,C,4,318,0,0.5045956969261169,1
xgb,right_lateral__C,right_lateral,C,4,318,0,0.8100490570068359,1
xgb,right_lateral__C,right_lateral,C,4,318,1,0.009355328977108002,0
xgb,right_lateral__C,right_lateral,C,4,318,1,0.5986499190330505,1
xgb,right_lateral__C,right_lateral,C,4,318,1,0.6213003396987915,1
xgb,right_lateral__C,right_lateral,C,4,318,1,0.6998656392097473,1
xgb,right_lateral__C,right_lateral,C,4,318,1,0.6192390322685242,1
xgb,right_lateral__C,right_lateral,C,4,318,1,0.26711100339889526,0
xgb,right_lateral__C,right_lateral,C,4,318,1,0.4329909086227417,0
xgb,right_lateral__C,right_lateral,C,4,318,1,0.9472880363464355,1
xgb,right_lateral__C,right_lateral,C,4,318,1,0.9570059776306152,1
xgb,right_lateral__C,right_lateral,C,4,318,1,0.8898466229438782,1
xgb,right_lateral__C,right_lateral,C,4,318,1,0.4946489930152893,0
xgb,right_lateral__C,right_lateral,C,4,318,1,0.1206204891204834,0
xgb,right_lateral__C,right_lateral,C,4,318,1,0.1356073021888733,0
xgb,right_lateral__C,right_lateral,C,4,318,1,0.5534605383872986,1
xgb,right_lateral__C,right_lateral,C,5,300,0,0.971337080001831,1
xgb,right_lateral__C,right_lateral,C,5,300,0,0.9945793151855469,1
xgb,right_lateral__C,right_lateral,C,5,300,0,0.8607386946678162,1
xgb,right_lateral__C,right_lateral,C,5,300,0,0.9013856649398804,1
xgb,right_lateral__C,right_lateral,C,5,300,0,0.9491859078407288,1
xgb,right_lateral__C,right_lateral,C,5,300,0,0.955313503742218,1
xgb,right_lateral__C,right_lateral,C,5,300,0,0.9924237728118896,1
xgb,right_lateral__C,right_lateral,C,5,300,0,0.9441015720367432,1
xgb,right_lateral__C,right_lateral,C,5,300,0,0.9723030924797058,1
xgb,right_lateral__C,right_lateral,C,5,300,0,0.8174338340759277,1
xgb,right_lateral__C,right_lateral,C,5,300,0,0.9522614479064941,1
xgb,right_lateral__C,right_lateral,C,5,300,0,0.9454641342163086,1
xgb,right_lateral__C,right_lateral,C,5,300,0,0.9539403319358826,1
xgb,right_lateral__C,right_lateral,C,5,300,0,0.9971008896827698,1
xgb,right_lateral__C,right_lateral,C,5,300,1,0.9508839845657349,1
xgb,right_lateral__C,right_lateral,C,5,300,1,0.9886258244514465,1
xgb,right_lateral__C,right_lateral,C,5,300,1,0.9514760971069336,1
xgb,right_lateral__C,right_lateral,C,5,300,1,0.9762528538703918,1
xgb,right_lateral__C,right_lateral,C,5,300,1,0.9856176972389221,1
xgb,right_lateral__C,right_lateral,C,5,300,1,0.9786338806152344,1
xgb,right_lateral__C,right_lateral,C,5,300,1,0.9814624786376953,1
xgb,right_lateral__C,right_lateral,C,5,300,1,0.6446595191955566,1
xgb,right_lateral__C,right_lateral,C,5,300,1,0.9748759865760803,1
xgb,right_lateral__C,right_lateral,C,5,300,1,0.9588213562965393,1
xgb,right_lateral__C,right_lateral,C,5,300,1,0.987355649471283,1
xgb,right_lateral__C,right_lateral,C,5,300,1,0.9936434030532837,1
xgb,right_lateral__C,right_lateral,C,5,300,1,0.9793282151222229,1
xgb,right_lateral__C,right_lateral,C,5,300,1,0.9282073378562927,1
xgb,right_lateral__C,right_lateral,C,6,271,0,0.40814438462257385,0
xgb,right_lateral__C,right_lateral,C,6,271,0,0.014531712979078293,0
xgb,right_lateral__C,right_lateral,C,6,271,0,0.003994453698396683,0
xgb,right_lateral__C,right_lateral,C,6,271,0,0.2246101349592209,0
xgb,right_lateral__C,right_lateral,C,6,271,0,0.5215636491775513,1
xgb,right_lateral__C,right_lateral,C,6,271,0,0.8868547081947327,1
xgb,right_lateral__C,right_lateral,C,6,271,0,0.07499130815267563,0
xgb,right_lateral__C,right_lateral,C,6,271,0,0.001800991129130125,0
xgb,right_lateral__C,right_lateral,C,6,271,0,0.0005610898369923234,0
xgb,right_lateral__C,right_lateral,C,6,271,0,0.5366915464401245,1
xgb,right_lateral__C,right_lateral,C,6,271,0,0.003791844705119729,0
xgb,right_lateral__C,right_lateral,C,6,271,0,0.006166370585560799,0
xgb,right_lateral__C,right_lateral,C,6,271,0,0.1803111732006073,0
xgb,right_lateral__C,right_lateral,C,6,271,0,0.015944959595799446,0
xgb,right_lateral__C,right_lateral,C,6,271,1,0.036836765706539154,0
xgb,right_lateral__C,right_lateral,C,6,271,1,0.9544018507003784,1
xgb,right_lateral__C,right_lateral,C,6,271,1,0.178488090634346,0
xgb,right_lateral__C,right_lateral,C,6,271,1,0.8484771847724915,1
xgb,right_lateral__C,right_lateral,C,6,271,1,0.9868704676628113,1
xgb,right_lateral__C,right_lateral,C,6,271,1,0.38340574502944946,0
xgb,right_lateral__C,right_lateral,C,6,271,1,0.9762184619903564,1
xgb,right_lateral__C,right_lateral,C,6,271,1,0.7722735404968262,1
xgb,right_lateral__C,right_lateral,C,6,271,1,0.7538986206054688,1
xgb,right_lateral__C,right_lateral,C,6,271,1,0.7302234172821045,1
xgb,right_lateral__C,right_lateral,C,6,271,1,0.8229655623435974,1
xgb,right_lateral__C,right_lateral,C,6,271,1,0.07091791182756424,0
xgb,right_lateral__C,right_lateral,C,6,271,1,0.5350391268730164,1
xgb,right_lateral__C,right_lateral,C,6,271,1,0.42325133085250854,0
xgb,right_lateral__C,right_lateral,C,7,251,0,0.01005395408719778,0
xgb,right_lateral__C,right_lateral,C,7,251,0,0.000575826910790056,0
xgb,right_lateral__C,right_lateral,C,7,251,0,0.00043358313268981874,0
xgb,right_lateral__C,right_lateral,C,7,251,0,0.05255145952105522,0
xgb,right_lateral__C,right_lateral,C,7,251,0,0.0011691544204950333,0
xgb,right_lateral__C,right_lateral,C,7,251,0,0.012581429444253445,0
xgb,right_lateral__C,right_lateral,C,7,251,0,0.0340641550719738,0
xgb,right_lateral__C,right_lateral,C,7,251,0,0.01605006866157055,0
xgb,right_lateral__C,right_lateral,C,7,251,0,0.00012011287617497146,0
xgb,right_lateral__C,right_lateral,C,7,251,0,0.0020826298277825117,0
xgb,right_lateral__C,right_lateral,C,7,251,0,0.001742990454658866,0
xgb,right_lateral__C,right_lateral,C,7,251,0,0.0005985159077681601,0
xgb,right_lateral__C,right_lateral,C,7,251,0,0.0008010860765352845,0
xgb,right_lateral__C,right_lateral,C,7,251,0,0.00038170162588357925,0
xgb,right_lateral__C,right_lateral,C,7,251,1,0.003561727236956358,0
xgb,right_lateral__C,right_lateral,C,7,251,1,0.005944457836449146,0
xgb,right_lateral__C,right_lateral,C,7,251,1,0.01337216142565012,0
xgb,right_lateral__C,right_lateral,C,7,251,1,0.023956265300512314,0
xgb,right_lateral__C,right_lateral,C,7,251,1,0.004940917249768972,0
xgb,right_lateral__C,right_lateral,C,7,251,1,0.012194408103823662,0
xgb,right_lateral__C,right_lateral,C,7,251,1,0.003004607278853655,0
xgb,right_lateral__C,right_lateral,C,7,251,1,0.0019496517488732934,0
xgb,right_lateral__C,right_lateral,C,7,251,1,0.07567029446363449,0
xgb,right_lateral__C,right_lateral,C,7,251,1,0.007351941429078579,0
xgb,right_lateral__C,right_lateral,C,7,251,1,0.0015669887652620673,0
xgb,right_lateral__C,right_lateral,C,7,251,1,0.015259473584592342,0
xgb,right_lateral__C,right_lateral,C,7,251,1,0.01249297522008419,0
xgb,right_lateral__C,right_lateral,C,8,282,0,0.0002502554561942816,0
xgb,right_lateral__C,right_lateral,C,8,282,0,0.006419249810278416,0
xgb,right_lateral__C,right_lateral,C,8,282,0,0.004313446581363678,0
xgb,right_lateral__C,right_lateral,C,8,282,0,0.0008603495662100613,0
xgb,right_lateral__C,right_lateral,C,8,282,0,0.008233956061303616,0
xgb,right_lateral__C,right_lateral,C,8,282,0,0.009251561015844345,0
xgb,right_lateral__C,right_lateral,C,8,282,0,0.03779669851064682,0
xgb,right_lateral__C,right_lateral,C,8,282,0,0.03389555588364601,0
xgb,right_lateral__C,right_lateral,C,8,282,0,0.03978867456316948,0
xgb,right_lateral__C,right_lateral,C,8,282,0,0.006653133314102888,0
xgb,right_lateral__C,right_lateral,C,8,282,0,0.0819961354136467,0
xgb,right_lateral__C,right_lateral,C,8,282,0,0.004520929418504238,0
xgb,right_lateral__C,right_lateral,C,8,282,0,0.0024119573645293713,0
xgb,right_lateral__C,right_lateral,C,8,282,0,0.02497299201786518,0
xgb,right_lateral__C,right_lateral,C,8,282,1,0.13476455211639404,0
xgb,right_lateral__C,right_lateral,C,8,282,1,0.7845743894577026,1
xgb,right_lateral__C,right_lateral,C,8,282,1,0.5977187752723694,1
xgb,right_lateral__C,right_lateral,C,8,282,1,0.14561790227890015,0
xgb,right_lateral__C,right_lateral,C,8,282,1,0.9716129302978516,1
xgb,right_lateral__C,right_lateral,C,8,282,1,0.059870555996894836,0
xgb,right_lateral__C,right_lateral,C,8,282,1,0.0086989039555192,0
xgb,right_lateral__C,right_lateral,C,8,282,1,0.15301208198070526,0
xgb,right_lateral__C,right_lateral,C,8,282,1,0.5111793875694275,1
xgb,right_lateral__C,right_lateral,C,8,282,1,0.923279345035553,1
xgb,right_lateral__C,right_lateral,C,8,282,1,0.5807357430458069,1
xgb,right_lateral__C,right_lateral,C,9,210,0,0.9545650482177734,1
xgb,right_lateral__C,right_lateral,C,9,210,0,0.2287469208240509,0
xgb,right_lateral__C,right_lateral,C,9,210,0,0.30864420533180237,0
xgb,right_lateral__C,right_lateral,C,9,210,0,0.9805872440338135,1
xgb,right_lateral__C,right_lateral,C,9,210,0,0.06322748214006424,0
xgb,right_lateral__C,right_lateral,C,9,210,0,0.8946569561958313,1
xgb,right_lateral__C,right_lateral,C,9,210,0,0.06551461666822433,0
xgb,right_lateral__C,right_lateral,C,9,210,0,0.949196994304657,1
xgb,right_lateral__C,right_lateral,C,9,210,0,0.9422258138656616,1
xgb,right_lateral__C,right_lateral,C,9,210,0,0.03471729904413223,0
xgb,right_lateral__C,right_lateral,C,9,210,0,0.898983359336853,1
xgb,right_lateral__C,right_lateral,C,9,210,0,0.026687495410442352,0
xgb,right_lateral__C,right_lateral,C,9,210,0,0.002491983352228999,0
xgb,right_lateral__C,right_lateral,C,9,210,0,0.9651366472244263,1
xgb,right_lateral__C,right_lateral,C,9,210,1,0.9994237422943115,1
xgb,right_lateral__C,right_lateral,C,9,210,1,0.9965872764587402,1
xgb,right_lateral__C,right_lateral,C,9,210,1,0.9973690509796143,1
xgb,right_lateral__C,right_lateral,C,9,210,1,0.9817870855331421,1
xgb,right_lateral__C,right_lateral,C,9,210,1,0.9981252551078796,1
xgb,right_lateral__C,right_lateral,C,9,210,1,0.9957062602043152,1
xgb,right_lateral__C,right_lateral,C,9,210,1,0.9948775172233582,1
xgb,right_lateral__C,right_lateral,C,9,210,1,0.9979419112205505,1
xgb,right_lateral__C,right_lateral,C,9,210,1,0.9768657684326172,1
xgb,right_lateral__C,right_lateral,C,9,210,1,0.9862934350967407,1
xgb,right_lateral__C,right_lateral,C,9,210,1,0.9746853709220886,1
xgb,right_lateral__C,right_lateral,C,10,265,0,0.3362158238887787,0
xgb,right_lateral__C,right_lateral,C,10,265,0,0.31841036677360535,0
xgb,right_lateral__C,right_lateral,C,10,265,0,0.37842679023742676,0
xgb,right_lateral__C,right_lateral,C,10,265,0,0.5721187591552734,1
xgb,right_lateral__C,right_lateral,C,10,265,0,0.3437730371952057,0
xgb,right_lateral__C,right_lateral,C,10,265,0,0.866579532623291,1
xgb,right_lateral__C,right_lateral,C,10,265,0,0.02950984053313732,0
xgb,right_lateral__C,right_lateral,C,10,265,0,0.5179287195205688,1
xgb,right_lateral__C,right_lateral,C,10,265,0,0.30584296584129333,0
xgb,right_lateral__C,right_lateral,C,10,265,0,0.13418729603290558,0
xgb,right_lateral__C,right_lateral,C,10,265,0,0.04317067563533783,0
xgb,right_lateral__C,right_lateral,C,10,265,0,0.167843759059906,0
xgb,right_lateral__C,right_lateral,C,10,265,0,0.22647669911384583,0
xgb,right_lateral__C,right_lateral,C,10,265,1,0.04956629499793053,0
xgb,right_lateral__C,right_lateral,C,10,265,1,0.05045918747782707,0
xgb,right_lateral__C,right_lateral,C,10,265,1,0.9733922481536865,1
xgb,right_lateral__C,right_lateral,C,10,265,1,0.9318876266479492,1
xgb,right_lateral__C,right_lateral,C,10,265,1,0.11003346741199493,0
xgb,right_lateral__C,right_lateral,C,10,265,1,0.03858692944049835,0
xgb,right_lateral__C,right_lateral,C,10,265,1,0.1051415354013443,0
xgb,right_lateral__C,right_lateral,C,10,265,1,0.4947751462459564,0
xgb,right_lateral__C,right_lateral,C,10,265,1,0.5380013585090637,1
xgb,right_lateral__C,right_lateral,C,10,265,1,0.3676169514656067,0
xgb,right_lateral__C,right_lateral,C,10,265,1,0.586106538772583,1
xgb,both_lateral__A,both_lateral,A,1,249,0,0.03765374422073364,0
xgb,both_lateral__A,both_lateral,A,1,249,0,0.09866921603679657,0
xgb,both_lateral__A,both_lateral,A,1,249,0,0.9539480209350586,1
xgb,both_lateral__A,both_lateral,A,1,249,0,0.07521594315767288,0
xgb,both_lateral__A,both_lateral,A,1,249,0,0.004259832203388214,0
xgb,both_lateral__A,both_lateral,A,1,249,0,0.5910694599151611,1
xgb,both_lateral__A,both_lateral,A,1,249,0,0.03381749987602234,0
xgb,both_lateral__A,both_lateral,A,1,249,0,0.006059762090444565,0
xgb,both_lateral__A,both_lateral,A,1,249,0,0.05714673176407814,0
xgb,both_lateral__A,both_lateral,A,1,249,0,0.019207291305065155,0
xgb,both_lateral__A,both_lateral,A,1,249,0,0.005207038018852472,0
xgb,both_lateral__A,both_lateral,A,1,249,0,0.47320300340652466,0
xgb,both_lateral__A,both_lateral,A,1,249,0,0.3248474597930908,0
xgb,both_lateral__A,both_lateral,A,1,249,0,0.9838969707489014,1
xgb,both_lateral__A,both_lateral,A,1,249,0,0.004439803771674633,0
xgb,both_lateral__A,both_lateral,A,1,249,1,0.8946969509124756,1
xgb,both_lateral__A,both_lateral,A,1,249,1,0.9880947470664978,1
xgb,both_lateral__A,both_lateral,A,1,249,1,0.9948685169219971,1
xgb,both_lateral__A,both_lateral,A,1,249,1,0.9948030114173889,1
xgb,both_lateral__A,both_lateral,A,1,249,1,0.9565868973731995,1
xgb,both_lateral__A,both_lateral,A,1,249,1,0.27241945266723633,0
xgb,both_lateral__A,both_lateral,A,1,249,1,0.5668624639511108,1
xgb,both_lateral__A,both_lateral,A,1,249,1,0.9708157181739807,1
xgb,both_lateral__A,both_lateral,A,1,249,1,0.9864815473556519,1
xgb,both_lateral__A,both_lateral,A,1,249,1,0.9630796909332275,1
xgb,both_lateral__A,both_lateral,A,1,249,1,0.1522011160850525,0
xgb,both_lateral__A,both_lateral,A,1,249,1,0.9378782510757446,1
xgb,both_lateral__A,both_lateral,A,1,249,1,0.8941395282745361,1
xgb,both_lateral__A,both_lateral,A,1,249,1,0.9932767152786255,1
xgb,both_lateral__A,both_lateral,A,1,249,1,0.9761745929718018,1
xgb,both_lateral__A,both_lateral,A,1,249,1,0.7341599464416504,1
xgb,both_lateral__A,both_lateral,A,1,249,1,0.9776220321655273,1
xgb,both_lateral__A,both_lateral,A,2,219,0,0.1769193559885025,0
xgb,both_lateral__A,both_lateral,A,2,219,0,0.8707407116889954,1
xgb,both_lateral__A,both_lateral,A,2,219,0,0.9576855301856995,1
xgb,both_lateral__A,both_lateral,A,2,219,0,0.9558737874031067,1
xgb,both_lateral__A,both_lateral,A,2,219,0,0.9135986566543579,1
xgb,both_lateral__A,both_lateral,A,2,219,0,0.9681097269058228,1
xgb,both_lateral__A,both_lateral,A,2,219,0,0.7133150696754456,1
xgb,both_lateral__A,both_lateral,A,2,219,0,0.003841005265712738,0
xgb,both_lateral__A,both_lateral,A,2,219,0,0.959625244140625,1
xgb,both_lateral__A,both_lateral,A,2,219,0,0.030604124069213867,0
xgb,both_lateral__A,both_lateral,A,2,219,0,0.12855668365955353,0
xgb,both_lateral__A,both_lateral,A,2,219,0,0.8183761239051819,1
xgb,both_lateral__A,both_lateral,A,2,219,0,0.00548542570322752,0
xgb,both_lateral__A,both_lateral,A,2,219,0,0.2011004239320755,0
xgb,both_lateral__A,both_lateral,A,2,219,1,0.7137439250946045,1
xgb,both_lateral__A,both_lateral,A,2,219,1,0.7817296981811523,1
xgb,both_lateral__A,both_lateral,A,2,219,1,0.7137790322303772,1
xgb,both_lateral__A,both_lateral,A,2,219,1,0.8819451332092285,1
xgb,both_lateral__A,both_lateral,A,2,219,1,0.861985981464386,1
xgb,both_lateral__A,both_lateral,A,2,219,1,0.755196213722229,1
xgb,both_lateral__A,both_lateral,A,2,219,1,0.8717965483665466,1
xgb,both_lateral__A,both_lateral,A,2,219,1,0.9159553050994873,1
xgb,both_lateral__A,both_lateral,A,2,219,1,0.8545080423355103,1
xgb,both_lateral__A,both_lateral,A,2,219,1,0.7432466745376587,1
xgb,both_lateral__A,both_lateral,A,2,219,1,0.7828298211097717,1
xgb,both_lateral__A,both_lateral,A,2,219,1,0.7311465740203857,1
xgb,both_lateral__A,both_lateral,A,2,219,1,0.9412777423858643,1
xgb,both_lateral__A,both_lateral,A,2,219,1,0.717326819896698,1
xgb,both_lateral__A,both_lateral,A,2,219,1,0.7409018278121948,1
xgb,both_lateral__A,both_lateral,A,2,219,1,0.7669658660888672,1
xgb,both_lateral__A,both_lateral,A,3,313,0,0.4482259452342987,0
xgb,both_lateral__A,both_lateral,A,3,313,0,0.4762032628059387,0
xgb,both_lateral__A,both_lateral,A,3,313,0,0.04455234855413437,0
xgb,both_lateral__A,both_lateral,A,3,313,0,0.5678937435150146,1
xgb,both_lateral__A,both_lateral,A,3,313,0,0.4995047450065613,0
xgb,both_lateral__A,both_lateral,A,3,313,0,0.3287622928619385,0
xgb,both_lateral__A,both_lateral,A,3,313,0,0.197403222322464,0
xgb,both_lateral__A,both_lateral,A,3,313,0,0.6673130393028259,1
xgb,both_lateral__A,both_lateral,A,3,313,0,0.13982455432415009,0
xgb,both_lateral__A,both_lateral,A,3,313,0,0.7810662984848022,1
xgb,both_lateral__A,both_lateral,A,3,313,0,0.047287508845329285,0
xgb,both_lateral__A,both_lateral,A,3,313,0,0.12810435891151428,0
xgb,both_lateral__A,both_lateral,A,3,313,0,0.3717159032821655,0
xgb,both_lateral__A,both_lateral,A,3,313,0,0.01699780486524105,0
xgb,both_lateral__A,both_lateral,A,3,313,0,0.12439674884080887,0
xgb,both_lateral__A,both_lateral,A,3,313,1,0.2572128474712372,0
xgb,both_lateral__A,both_lateral,A,3,313,1,0.13715551793575287,0
xgb,both_lateral__A,both_lateral,A,3,313,1,0.20301391184329987,0
xgb,both_lateral__A,both_lateral,A,3,313,1,0.1745465099811554,0
xgb,both_lateral__A,both_lateral,A,3,313,1,0.1723286360502243,0
xgb,both_lateral__A,both_lateral,A,3,313,1,0.1749524176120758,0
xgb,both_lateral__A,both_lateral,A,3,313,1,0.33841007947921753,0
xgb,both_lateral__A,both_lateral,A,3,313,1,0.6482065320014954,1
xgb,both_lateral__A,both_lateral,A,3,313,1,0.25995197892189026,0
xgb,both_lateral__A,both_lateral,A,3,313,1,0.11188840121030807,0
xgb,both_lateral__A,both_lateral,A,3,313,1,0.3769454061985016,0
xgb,both_lateral__A,both_lateral,A,3,313,1,0.0985693484544754,0
xgb,both_lateral__A,both_lateral,A,3,313,1,0.23133721947669983,0
xgb,both_lateral__A,both_lateral,A,3,313,1,0.20318590104579926,0
xgb,both_lateral__A,both_lateral,A,4,318,0,0.2245173156261444,0
xgb,both_lateral__A,both_lateral,A,4,318,0,0.08718825876712799,0
xgb,both_lateral__A,both_lateral,A,4,318,0,0.7842200994491577,1
xgb,both_lateral__A,both_lateral,A,4,318,0,0.14069578051567078,0
xgb,both_lateral__A,both_lateral,A,4,318,0,0.25374218821525574,0
xgb,both_lateral__A,both_lateral,A,4,318,0,0.20148378610610962,0
xgb,both_lateral__A,both_lateral,A,4,318,0,0.19153015315532684,0
xgb,both_lateral__A,both_lateral,A,4,318,0,0.004218777641654015,0
xgb,both_lateral__A,both_lateral,A,4,318,0,0.5431278944015503,1
xgb,both_lateral__A,both_lateral,A,4,318,0,0.15386877954006195,0
xgb,both_lateral__A,both_lateral,A,4,318,0,0.46522894501686096,0
xgb,both_lateral__A,both_lateral,A,4,318,0,0.19435571134090424,0
xgb,both_lateral__A,both_lateral,A,4,318,0,0.6407152414321899,1
xgb,both_lateral__A,both_lateral,A,4,318,0,0.6005333662033081,1
xgb,both_lateral__A,both_lateral,A,4,318,1,0.02382052130997181,0
xgb,both_lateral__A,both_lateral,A,4,318,1,0.8060399293899536,1
xgb,both_lateral__A,both_lateral,A,4,318,1,0.8456915616989136,1
xgb,both_lateral__A,both_lateral,A,4,318,1,0.8172059655189514,1
xgb,both_lateral__A,both_lateral,A,4,318,1,0.8503438234329224,1
xgb,both_lateral__A,both_lateral,A,4,318,1,0.24742674827575684,0
xgb,both_lateral__A,both_lateral,A,4,318,1,0.8837669491767883,1
xgb,both_lateral__A,both_lateral,A,4,318,1,0.69284588098526,1
xgb,both_lateral__A,both_lateral,A,4,318,1,0.7548246383666992,1
xgb,both_lateral__A,both_lateral,A,4,318,1,0.8859415054321289,1
xgb,both_lateral__A,both_lateral,A,4,318,1,0.8198416233062744,1
xgb,both_lateral__A,both_lateral,A,4,318,1,0.17532844841480255,0
xgb,both_lateral__A,both_lateral,A,4,318,1,0.23620109260082245,0
xgb,both_lateral__A,both_lateral,A,4,318,1,0.7345773577690125,1
xgb,both_lateral__A,both_lateral,A,5,300,0,0.979945957660675,1
xgb,both_lateral__A,both_lateral,A,5,300,0,0.9814749956130981,1
xgb,both_lateral__A,both_lateral,A,5,300,0,0.9557456374168396,1
xgb,both_lateral__A,both_lateral,A,5,300,0,0.9653964638710022,1
xgb,both_lateral__A,both_lateral,A,5,300,0,0.9497779607772827,1
xgb,both_lateral__A,both_lateral,A,5,300,0,0.9540284276008606,1
xgb,both_lateral__A,both_lateral,A,5,300,0,0.9777820110321045,1
xgb,both_lateral__A,both_lateral,A,5,300,0,0.9567798972129822,1
xgb,both_lateral__A,both_lateral,A,5,300,0,0.9606434106826782,1
xgb,both_lateral__A,both_lateral,A,5,300,0,0.984052300453186,1
xgb,both_lateral__A,both_lateral,A,5,300,0,0.9406530261039734,1
xgb,both_lateral__A,both_lateral,A,5,300,0,0.9417147040367126,1
xgb,both_lateral__A,both_lateral,A,5,300,0,0.9606434106826782,1
xgb,both_lateral__A,both_lateral,A,5,300,0,0.9828060269355774,1
xgb,both_lateral__A,both_lateral,A,5,300,1,0.9830299019813538,1
xgb,both_lateral__A,both_lateral,A,5,300,1,0.9838312864303589,1
xgb,both_lateral__A,both_lateral,A,5,300,1,0.9558327198028564,1
xgb,both_lateral__A,both_lateral,A,5,300,1,0.9646912813186646,1
xgb,both_lateral__A,both_lateral,A,5,300,1,0.9770939946174622,1
xgb,both_lateral__A,both_lateral,A,5,300,1,0.9667603969573975,1
xgb,both_lateral__A,both_lateral,A,5,300,1,0.9844746589660645,1
xgb,both_lateral__A,both_lateral,A,5,300,1,0.9883944988250732,1
xgb,both_lateral__A,both_lateral,A,5,300,1,0.9833435416221619,1
xgb,both_lateral__A,both_lateral,A,5,300,1,0.9646912813186646,1
xgb,both_lateral__A,both_lateral,A,5,300,1,0.9844746589660645,1
xgb,both_lateral__A,both_lateral,A,5,300,1,0.9677221179008484,1
xgb,both_lateral__A,both_lateral,A,5,300,1,0.9646912813186646,1
xgb,both_lateral__A,both_lateral,A,5,300,1,0.9540284276008606,1
xgb,both_lateral__A,both_lateral,A,6,271,0,0.2437044084072113,0
xgb,both_lateral__A,both_lateral,A,6,271,0,0.6460440158843994,1
xgb,both_lateral__A,both_lateral,A,6,271,0,0.20674356818199158,0
xgb,both_lateral__A,both_lateral,A,6,271,0,0.5680439472198486,1
xgb,both_lateral__A,both_lateral,A,6,271,0,0.42106327414512634,0
xgb,both_lateral__A,both_lateral,A,6,271,0,0.5518032312393188,1
xgb,both_lateral__A,both_lateral,A,6,271,0,0.3061218559741974,0
xgb,both_lateral__A,both_lateral,A,6,271,0,0.0010428230743855238,0
xgb,both_lateral__A,both_lateral,A,6,271,0,0.0006594750448130071,0
xgb,both_lateral__A,both_lateral,A,6,271,0,0.3093676269054413,0
xgb,both_lateral__A,both_lateral,A,6,271,0,0.017375444993376732,0
xgb,both_lateral__A,both_lateral,A,6,271,0,0.0020979344844818115,0
xgb,both_lateral__A,both_lateral,A,6,271,0,0.19044716656208038,0
xgb,both_lateral__A,both_lateral,A,6,271,0,0.0816672220826149,0
xgb,both_lateral__A,both_lateral,A,6,271,1,0.5218065977096558,1
xgb,both_lateral__A,both_lateral,A,6,271,1,0.9634428024291992,1
xgb,both_lateral__A,both_lateral,A,6,271,1,0.39951810240745544,0
xgb,both_lateral__A,both_lateral,A,6,271,1,0.9823843836784363,1
xgb,both_lateral__A,both_lateral,A,6,271,1,0.8727453947067261,1
xgb,both_lateral__A,both_lateral,A,6,271,1,0.846145510673523,1
xgb,both_lateral__A,both_lateral,A,6,271,1,0.9212101697921753,1
xgb,both_lateral__A,both_lateral,A,6,271,1,0.8605913519859314,1
xgb,both_lateral__A,both_lateral,A,6,271,1,0.9347198605537415,1
xgb,both_lateral__A,both_lateral,A,6,271,1,0.8682997226715088,1
xgb,both_lateral__A,both_lateral,A,6,271,1,0.4467305541038513,0
xgb,both_lateral__A,both_lateral,A,6,271,1,0.9926304817199707,1
xgb,both_lateral__A,both_lateral,A,6,271,1,0.9961872696876526,1
xgb,both_lateral__A,both_lateral,A,6,271,1,0.8252235054969788,1
xgb,both_lateral__A,both_lateral,A,7,251,0,0.0027674036100506783,0
xgb,both_lateral__A,both_lateral,A,7,251,0,0.0021415897645056248,0
xgb,both_lateral__A,both_lateral,A,7,251,0,0.0016514284070581198,0
xgb,both_lateral__A,both_lateral,A,7,251,0,0.01070509385317564,0
xgb,both_lateral__A,both_lateral,A,7,251,0,0.004823736846446991,0
xgb,both_lateral__A,both_lateral,A,7,251,0,0.014188424684107304,0
xgb,both_lateral__A,both_lateral,A,7,251,0,0.034480445086956024,0
xgb,both_lateral__A,both_lateral,A,7,251,0,0.002108665183186531,0
xgb,both_lateral__A,both_lateral,A,7,251,0,0.0016514284070581198,0
xgb,both_lateral__A,both_lateral,A,7,251,0,0.0022917292080819607,0
xgb,both_lateral__A,both_lateral,A,7,251,0,0.004450010135769844,0
xgb,both_lateral__A,both_lateral,A,7,251,0,0.0021415897645056248,0
xgb,both_lateral__A,both_lateral,A,7,251,0,0.0017763415817171335,0
xgb,both_lateral__A,both_lateral,A,7,251,0,0.003030931344255805,0
xgb,both_lateral__A,both_lateral,A,7,251,1,0.02240169793367386,0
xgb,both_lateral__A,both_lateral,A,7,251,1,0.050483979284763336,0
xgb,both_lateral__A,both_lateral,A,7,251,1,0.012107906863093376,0
xgb,both_lateral__A,both_lateral,A,7,251,1,0.010239208117127419,0
xgb,both_lateral__A,both_lateral,A,7,251,1,0.004812384955585003,0
xgb,both_lateral__A,both_lateral,A,7,251,1,0.023027827963232994,0
xgb,both_lateral__A,both_lateral,A,7,251,1,0.0037171179428696632,0
xgb,both_lateral__A,both_lateral,A,7,251,1,0.0053163389675319195,0
xgb,both_lateral__A,both_lateral,A,7,251,1,0.2942933440208435,0
xgb,both_lateral__A,both_lateral,A,7,251,1,0.00512686325237155,0
xgb,both_lateral__A,both_lateral,A,7,251,1,0.00815275777131319,0
xgb,both_lateral__A,both_lateral,A,7,251,1,0.036429472267627716,0
xgb,both_lateral__A,both_lateral,A,7,251,1,0.09759201109409332,0
xgb,both_lateral__A,both_lateral,A,8,282,0,0.0021994151175022125,0
xgb,both_lateral__A,both_lateral,A,8,282,0,0.003882915712893009,0
xgb,both_lateral__A,both_lateral,A,8,282,0,0.004320072941482067,0
xgb,both_lateral__A,both_lateral,A,8,282,0,0.05728940665721893,0
xgb,both_lateral__A,both_lateral,A,8,282,0,0.03874558210372925,0
xgb,both_lateral__A,both_lateral,A,8,282,0,0.10517656058073044,0
xgb,both_lateral__A,both_lateral,A,8,282,0,0.006330391857773066,0
xgb,both_lateral__A,both_lateral,A,8,282,0,0.006545928306877613,0
xgb,both_lateral__A,both_lateral,A,8,282,0,0.008696187287569046,0
xgb,both_lateral__A,both_lateral,A,8,282,0,0.002963792299851775,0
xgb,both_lateral__A,both_lateral,A,8,282,0,0.018914027139544487,0
xgb,both_lateral__A,both_lateral,A,8,282,0,0.002804957330226898,0
xgb,both_lateral__A,both_lateral,A,8,282,0,0.05254114791750908,0
xgb,both_lateral__A,both_lateral,A,8,282,0,0.025959642603993416,0
xgb,both_lateral__A,both_lateral,A,8,282,1,0.5720068216323853,1
xgb,both_lateral__A,both_lateral,A,8,282,1,0.9631426930427551,1
xgb,both_lateral__A,both_lateral,A,8,282,1,0.7065424919128418,1
xgb,both_lateral__A,both_lateral,A,8,282,1,0.8186796307563782,1
xgb,both_lateral__A,both_lateral,A,8,282,1,0.9237093329429626,1
xgb,both_lateral__A,both_lateral,A,8,282,1,0.2680739760398865,0
xgb,both_lateral__A,both_lateral,A,8,282,1,0.17548902332782745,0
xgb,both_lateral__A,both_lateral,A,8,282,1,0.54011470079422,1
xgb,both_lateral__A,both_lateral,A,8,282,1,0.8583062291145325,1
xgb,both_lateral__A,both_lateral,A,8,282,1,0.8925557136535645,1
xgb,both_lateral__A,both_lateral,A,8,282,1,0.6551464796066284,1
xgb,both_lateral__A,both_lateral,A,9,210,0,0.6738542318344116,1
xgb,both_lateral__A,both_lateral,A,9,210,0,0.017207397148013115,0
xgb,both_lateral__A,both_lateral,A,9,210,0,0.6168850660324097,1
xgb,both_lateral__A,both_lateral,A,9,210,0,0.8445599675178528,1
xgb,both_lateral__A,both_lateral,A,9,210,0,0.005775896366685629,0
xgb,both_lateral__A,both_lateral,A,9,210,0,0.810492753982544,1
xgb,both_lateral__A,both_lateral,A,9,210,0,0.00805921945720911,0
xgb,both_lateral__A,both_lateral,A,9,210,0,0.997702419757843,1
xgb,both_lateral__A,both_lateral,A,9,210,0,0.4908446669578552,0
xgb,both_lateral__A,both_lateral,A,9,210,0,0.08755161613225937,0
xgb,both_lateral__A,both_lateral,A,9,210,0,0.7171314358711243,1
xgb,both_lateral__A,both_lateral,A,9,210,0,0.01070467010140419,0
xgb,both_lateral__A,both_lateral,A,9,210,0,0.10686471313238144,0
xgb,both_lateral__A,both_lateral,A,9,210,0,0.9820384979248047,1
xgb,both_lateral__A,both_lateral,A,9,210,1,0.9988259673118591,1
xgb,both_lateral__A,both_lateral,A,9,210,1,0.998555600643158,1
xgb,both_lateral__A,both_lateral,A,9,210,1,0.9949380159378052,1
xgb,both_lateral__A,both_lateral,A,9,210,1,0.9916476011276245,1
xgb,both_lateral__A,both_lateral,A,9,210,1,0.9993298053741455,1
xgb,both_lateral__A,both_lateral,A,9,210,1,0.9802535772323608,1
xgb,both_lateral__A,both_lateral,A,9,210,1,0.9617026448249817,1
xgb,both_lateral__A,both_lateral,A,9,210,1,0.9978854060173035,1
xgb,both_lateral__A,both_lateral,A,9,210,1,0.9995399713516235,1
xgb,both_lateral__A,both_lateral,A,9,210,1,0.9987851977348328,1
xgb,both_lateral__A,both_lateral,A,9,210,1,0.9982672929763794,1
xgb,both_lateral__A,both_lateral,A,10,265,0,0.014069261960685253,0
xgb,both_lateral__A,both_lateral,A,10,265,0,0.05320696160197258,0
xgb,both_lateral__A,both_lateral,A,10,265,0,0.07094647735357285,0
xgb,both_lateral__A,both_lateral,A,10,265,0,0.7672078609466553,1
xgb,both_lateral__A,both_lateral,A,10,265,0,0.9252747297286987,1
xgb,both_lateral__A,both_lateral,A,10,265,0,0.7299157977104187,1
xgb,both_lateral__A,both_lateral,A,10,265,0,0.08534227311611176,0
xgb,both_lateral__A,both_lateral,A,10,265,0,0.5464403629302979,1
xgb,both_lateral__A,both_lateral,A,10,265,0,0.02647501416504383,0
xgb,both_lateral__A,both_lateral,A,10,265,0,0.07688207179307938,0
xgb,both_lateral__A,both_lateral,A,10,265,0,0.028105217963457108,0
xgb,both_lateral__A,both_lateral,A,10,265,0,0.05205575376749039,0
xgb,both_lateral__A,both_lateral,A,10,265,0,0.2386321723461151,0
xgb,both_lateral__A,both_lateral,A,10,265,1,0.017245953902602196,0
xgb,both_lateral__A,both_lateral,A,10,265,1,0.01940448023378849,0
xgb,both_lateral__A,both_lateral,A,10,265,1,0.9599076509475708,1
xgb,both_lateral__A,both_lateral,A,10,265,1,0.9589833617210388,1
xgb,both_lateral__A,both_lateral,A,10,265,1,0.029563020914793015,0
xgb,both_lateral__A,both_lateral,A,10,265,1,0.03036862425506115,0
xgb,both_lateral__A,both_lateral,A,10,265,1,0.023238833993673325,0
xgb,both_lateral__A,both_lateral,A,10,265,1,0.917255699634552,1
xgb,both_lateral__A,both_lateral,A,10,265,1,0.9680238366127014,1
xgb,both_lateral__A,both_lateral,A,10,265,1,0.30886006355285645,0
xgb,both_lateral__A,both_lateral,A,10,265,1,0.0395481139421463,0
xgb,both_lateral__B,both_lateral,B,1,249,0,0.8852589726448059,1
xgb,both_lateral__B,both_lateral,B,1,249,0,0.4396468698978424,0
xgb,both_lateral__B,both_lateral,B,1,249,0,0.8211563229560852,1
xgb,both_lateral__B,both_lateral,B,1,249,0,0.7452914118766785,1
xgb,both_lateral__B,both_lateral,B,1,249,0,0.9706323146820068,1
xgb,both_lateral__B,both_lateral,B,1,249,0,0.5796328783035278,1
xgb,both_lateral__B,both_lateral,B,1,249,0,0.8923277258872986,1
xgb,both_lateral__B,both_lateral,B,1,249,0,0.3604312539100647,0
xgb,both_lateral__B,both_lateral,B,1,249,0,0.5440855622291565,1
xgb,both_lateral__B,both_lateral,B,1,249,0,0.18712152540683746,0
xgb,both_lateral__B,both_lateral,B,1,249,0,0.14874310791492462,0
xgb,both_lateral__B,both_lateral,B,1,249,0,0.7781211137771606,1
xgb,both_lateral__B,both_lateral,B,1,249,0,0.7146151065826416,1
xgb,both_lateral__B,both_lateral,B,1,249,0,0.7306398749351501,1
xgb,both_lateral__B,both_lateral,B,1,249,0,0.5444443225860596,1
xgb,both_lateral__B,both_lateral,B,1,249,1,0.5814023613929749,1
xgb,both_lateral__B,both_lateral,B,1,249,1,0.9251980781555176,1
xgb,both_lateral__B,both_lateral,B,1,249,1,0.32593002915382385,0
xgb,both_lateral__B,both_lateral,B,1,249,1,0.11038428544998169,0
xgb,both_lateral__B,both_lateral,B,1,249,1,0.9044923186302185,1
xgb,both_lateral__B,both_lateral,B,1,249,1,0.30491408705711365,0
xgb,both_lateral__B,both_lateral,B,1,249,1,0.7427645921707153,1
xgb,both_lateral__B,both_lateral,B,1,249,1,0.8639304041862488,1
xgb,both_lateral__B,both_lateral,B,1,249,1,0.21427799761295319,0
xgb,both_lateral__B,both_lateral,B,1,249,1,0.28149259090423584,0
xgb,both_lateral__B,both_lateral,B,1,249,1,0.6476552486419678,1
xgb,both_lateral__B,both_lateral,B,1,249,1,0.44476044178009033,0
xgb,both_lateral__B,both_lateral,B,1,249,1,0.5689153671264648,1
xgb,both_lateral__B,both_lateral,B,1,249,1,0.2886563241481781,0
xgb,both_lateral__B,both_lateral,B,1,249,1,0.5546679496765137,1
xgb,both_lateral__B,both_lateral,B,1,249,1,0.7089511156082153,1
xgb,both_lateral__B,both_lateral,B,1,249,1,0.7746956944465637,1
xgb,both_lateral__B,both_lateral,B,2,219,0,0.8723004460334778,1
xgb,both_lateral__B,both_lateral,B,2,219,0,0.6555805206298828,1
xgb,both_lateral__B,both_lateral,B,2,219,0,0.9084128737449646,1
xgb,both_lateral__B,both_lateral,B,2,219,0,0.8934938311576843,1
xgb,both_lateral__B,both_lateral,B,2,219,0,0.10408563911914825,0
xgb,both_lateral__B,both_lateral,B,2,219,0,0.30051296949386597,0
xgb,both_lateral__B,both_lateral,B,2,219,0,0.20523622632026672,0
xgb,both_lateral__B,both_lateral,B,2,219,0,0.8158295154571533,1
xgb,both_lateral__B,both_lateral,B,2,219,0,0.25113022327423096,0
xgb,both_lateral__B,both_lateral,B,2,219,0,0.5289005041122437,1
xgb,both_lateral__B,both_lateral,B,2,219,0,0.5570652484893799,1
xgb,both_lateral__B,both_lateral,B,2,219,0,0.4350249469280243,0
xgb,both_lateral__B,both_lateral,B,2,219,0,0.9693030118942261,1
xgb,both_lateral__B,both_lateral,B,2,219,0,0.24385352432727814,0
xgb,both_lateral__B,both_lateral,B,2,219,1,0.44539543986320496,0
xgb,both_lateral__B,both_lateral,B,2,219,1,0.7999826073646545,1
xgb,both_lateral__B,both_lateral,B,2,219,1,0.9855630397796631,1
xgb,both_lateral__B,both_lateral,B,2,219,1,0.30791616439819336,0
xgb,both_lateral__B,both_lateral,B,2,219,1,0.8999696373939514,1
xgb,both_lateral__B,both_lateral,B,2,219,1,0.22453096508979797,0
xgb,both_lateral__B,both_lateral,B,2,219,1,0.2897200584411621,0
xgb,both_lateral__B,both_lateral,B,2,219,1,0.6150737404823303,1
xgb,both_lateral__B,both_lateral,B,2,219,1,0.6683603525161743,1
xgb,both_lateral__B,both_lateral,B,2,219,1,0.5513591170310974,1
xgb,both_lateral__B,both_lateral,B,2,219,1,0.2867427170276642,0
xgb,both_lateral__B,both_lateral,B,2,219,1,0.16184839606285095,0
xgb,both_lateral__B,both_lateral,B,2,219,1,0.4871954321861267,0
xgb,both_lateral__B,both_lateral,B,2,219,1,0.8101354241371155,1
xgb,both_lateral__B,both_lateral,B,2,219,1,0.9182217121124268,1
xgb,both_lateral__B,both_lateral,B,2,219,1,0.10937287658452988,0
xgb,both_lateral__B,both_lateral,B,3,313,0,0.6826902031898499,1
xgb,both_lateral__B,both_lateral,B,3,313,0,0.21630412340164185,0
xgb,both_lateral__B,both_lateral,B,3,313,0,0.11465495824813843,0
xgb,both_lateral__B,both_lateral,B,3,313,0,0.3008568286895752,0
xgb,both_lateral__B,both_lateral,B,3,313,0,0.6674779057502747,1
xgb,both_lateral__B,both_lateral,B,3,313,0,0.948316216468811,1
xgb,both_lateral__B,both_lateral,B,3,313,0,0.9694650769233704,1
xgb,both_lateral__B,both_lateral,B,3,313,0,0.48877039551734924,0
xgb,both_lateral__B,both_lateral,B,3,313,0,0.9327206611633301,1
xgb,both_lateral__B,both_lateral,B,3,313,0,0.48310500383377075,0
xgb,both_lateral__B,both_lateral,B,3,313,0,0.3968443274497986,0
xgb,both_lateral__B,both_lateral,B,3,313,0,0.752479076385498,1
xgb,both_lateral__B,both_lateral,B,3,313,0,0.360777884721756,0
xgb,both_lateral__B,both_lateral,B,3,313,0,0.3541952073574066,0
xgb,both_lateral__B,both_lateral,B,3,313,0,0.09461063146591187,0
xgb,both_lateral__B,both_lateral,B,3,313,1,0.25605103373527527,0
xgb,both_lateral__B,both_lateral,B,3,313,1,0.15572960674762726,0
xgb,both_lateral__B,both_lateral,B,3,313,1,0.04113156720995903,0
xgb,both_lateral__B,both_lateral,B,3,313,1,0.3171069920063019,0
xgb,both_lateral__B,both_lateral,B,3,313,1,0.8739278316497803,1
xgb,both_lateral__B,both_lateral,B,3,313,1,0.7237071394920349,1
xgb,both_lateral__B,both_lateral,B,3,313,1,0.9181073307991028,1
xgb,both_lateral__B,both_lateral,B,3,313,1,0.22325441241264343,0
xgb,both_lateral__B,both_lateral,B,3,313,1,0.13765357434749603,0
xgb,both_lateral__B,both_lateral,B,3,313,1,0.2625037431716919,0
xgb,both_lateral__B,both_lateral,B,3,313,1,0.5327459573745728,1
xgb,both_lateral__B,both_lateral,B,3,313,1,0.7661152482032776,1
xgb,both_lateral__B,both_lateral,B,3,313,1,0.49254095554351807,0
xgb,both_lateral__B,both_lateral,B,3,313,1,0.3289530873298645,0
xgb,both_lateral__B,both_lateral,B,4,318,0,0.8179380893707275,1
xgb,both_lateral__B,both_lateral,B,4,318,0,0.8511893153190613,1
xgb,both_lateral__B,both_lateral,B,4,318,0,0.1551916003227234,0
xgb,both_lateral__B,both_lateral,B,4,318,0,0.15987640619277954,0
xgb,both_lateral__B,both_lateral,B,4,318,0,0.3809024691581726,0
xgb,both_lateral__B,both_lateral,B,4,318,0,0.03789340704679489,0
xgb,both_lateral__B,both_lateral,B,4,318,0,0.41746455430984497,0
xgb,both_lateral__B,both_lateral,B,4,318,0,0.4917234778404236,0
xgb,both_lateral__B,both_lateral,B,4,318,0,0.08252643048763275,0
xgb,both_lateral__B,both_lateral,B,4,318,0,0.20881757140159607,0
xgb,both_lateral__B,both_lateral,B,4,318,0,0.6171817183494568,1
xgb,both_lateral__B,both_lateral,B,4,318,0,0.06166825816035271,0
xgb,both_lateral__B,both_lateral,B,4,318,0,0.618370532989502,1
xgb,both_lateral__B,both_lateral,B,4,318,0,0.8460997939109802,1
xgb,both_lateral__B,both_lateral,B,4,318,1,0.33855393528938293,0
xgb,both_lateral__B,both_lateral,B,4,318,1,0.009491587989032269,0
xgb,both_lateral__B,both_lateral,B,4,318,1,0.5832021236419678,1
xgb,both_lateral__B,both_lateral,B,4,318,1,0.3833746314048767,0
xgb,both_lateral__B,both_lateral,B,4,318,1,0.13845498859882355,0
xgb,both_lateral__B,both_lateral,B,4,318,1,0.2949976623058319,0
xgb,both_lateral__B,both_lateral,B,4,318,1,0.34410688281059265,0
xgb,both_lateral__B,both_lateral,B,4,318,1,0.659214437007904,1
xgb,both_lateral__B,both_lateral,B,4,318,1,0.9524921774864197,1
xgb,both_lateral__B,both_lateral,B,4,318,1,0.3124282658100128,0
xgb,both_lateral__B,both_lateral,B,4,318,1,0.018883896991610527,0
xgb,both_lateral__B,both_lateral,B,4,318,1,0.12303195148706436,0
xgb,both_lateral__B,both_lateral,B,4,318,1,0.035687025636434555,0
xgb,both_lateral__B,both_lateral,B,4,318,1,0.5126864314079285,1
xgb,both_lateral__B,both_lateral,B,5,300,0,0.1060834601521492,0
xgb,both_lateral__B,both_lateral,B,5,300,0,0.2129986584186554,0
xgb,both_lateral__B,both_lateral,B,5,300,0,0.39713650941848755,0
xgb,both_lateral__B,both_lateral,B,5,300,0,0.2762466073036194,0
xgb,both_lateral__B,both_lateral,B,5,300,0,0.8852732181549072,1
xgb,both_lateral__B,both_lateral,B,5,300,0,0.3579123616218567,0
xgb,both_lateral__B,both_lateral,B,5,300,0,0.07520438730716705,0
xgb,both_lateral__B,both_lateral,B,5,300,0,0.04116741567850113,0
xgb,both_lateral__B,both_lateral,B,5,300,0,0.23869162797927856,0
xgb,both_lateral__B,both_lateral,B,5,300,0,0.2645948529243469,0
xgb,both_lateral__B,both_lateral,B,5,300,0,0.2354545295238495,0
xgb,both_lateral__B,both_lateral,B,5,300,0,0.43596506118774414,0
xgb,both_lateral__B,both_lateral,B,5,300,0,0.08680670708417892,0
xgb,both_lateral__B,both_lateral,B,5,300,0,0.5231846570968628,1
xgb,both_lateral__B,both_lateral,B,5,300,1,0.21041147410869598,0
xgb,both_lateral__B,both_lateral,B,5,300,1,0.29754990339279175,0
xgb,both_lateral__B,both_lateral,B,5,300,1,0.4315422475337982,0
xgb,both_lateral__B,both_lateral,B,5,300,1,0.6883555054664612,1
xgb,both_lateral__B,both_lateral,B,5,300,1,0.36388203501701355,0
xgb,both_lateral__B,both_lateral,B,5,300,1,0.1384725123643875,0
xgb,both_lateral__B,both_lateral,B,5,300,1,0.3447241485118866,0
xgb,both_lateral__B,both_lateral,B,5,300,1,0.0718008503317833,0
xgb,both_lateral__B,both_lateral,B,5,300,1,0.27693095803260803,0
xgb,both_lateral__B,both_lateral,B,5,300,1,0.03716399893164635,0
xgb,both_lateral__B,both_lateral,B,5,300,1,0.14049625396728516,0
xgb,both_lateral__B,both_lateral,B,5,300,1,0.20888575911521912,0
xgb,both_lateral__B,both_lateral,B,5,300,1,0.6017528772354126,1
xgb,both_lateral__B,both_lateral,B,5,300,1,0.11981493979692459,0
xgb,both_lateral__B,both_lateral,B,6,271,0,0.4898046553134918,0
xgb,both_lateral__B,both_lateral,B,6,271,0,0.3389497995376587,0
xgb,both_lateral__B,both_lateral,B,6,271,0,0.1529558002948761,0
xgb,both_lateral__B,both_lateral,B,6,271,0,0.7109380960464478,1
xgb,both_lateral__B,both_lateral,B,6,271,0,0.6591632962226868,1
xgb,both_lateral__B,both_lateral,B,6,271,0,0.4511130750179291,0
xgb,both_lateral__B,both_lateral,B,6,271,0,0.2437742054462433,0
xgb,both_lateral__B,both_lateral,B,6,271,0,0.7191177010536194,1
xgb,both_lateral__B,both_lateral,B,6,271,0,0.2449900358915329,0
xgb,both_lateral__B,both_lateral,B,6,271,0,0.3801848292350769,0
xgb,both_lateral__B,both_lateral,B,6,271,0,0.753702700138092,1
xgb,both_lateral__B,both_lateral,B,6,271,0,0.8172959685325623,1
xgb,both_lateral__B,both_lateral,B,6,271,0,0.7363271117210388,1
xgb,both_lateral__B,both_lateral,B,6,271,0,0.3787820041179657,0
xgb,both_lateral__B,both_lateral,B,6,271,1,0.536659300327301,1
xgb,both_lateral__B,both_lateral,B,6,271,1,0.466485857963562,0
xgb,both_lateral__B,both_lateral,B,6,271,1,0.8201261758804321,1
xgb,both_lateral__B,both_lateral,B,6,271,1,0.10379868000745773,0
xgb,both_lateral__B,both_lateral,B,6,271,1,0.4277823269367218,0
xgb,both_lateral__B,both_lateral,B,6,271,1,0.6723966002464294,1
xgb,both_lateral__B,both_lateral,B,6,271,1,0.8212789297103882,1
xgb,both_lateral__B,both_lateral,B,6,271,1,0.6085883378982544,1
xgb,both_lateral__B,both_lateral,B,6,271,1,0.4679967164993286,0
xgb,both_lateral__B,both_lateral,B,6,271,1,0.7558732628822327,1
xgb,both_lateral__B,both_lateral,B,6,271,1,0.5494630336761475,1
xgb,both_lateral__B,both_lateral,B,6,271,1,0.7213588356971741,1
xgb,both_lateral__B,both_lateral,B,6,271,1,0.6869235634803772,1
xgb,both_lateral__B,both_lateral,B,6,271,1,0.7071665525436401,1
xgb,both_lateral__B,both_lateral,B,7,251,0,0.4021599590778351,0
xgb,both_lateral__B,both_lateral,B,7,251,0,0.4886664152145386,0
xgb,both_lateral__B,both_lateral,B,7,251,0,0.22339880466461182,0
xgb,both_lateral__B,both_lateral,B,7,251,0,0.07927656918764114,0
xgb,both_lateral__B,both_lateral,B,7,251,0,0.8801826238632202,1
xgb,both_lateral__B,both_lateral,B,7,251,0,0.170489102602005,0
xgb,both_lateral__B,both_lateral,B,7,251,0,0.5701560378074646,1
xgb,both_lateral__B,both_lateral,B,7,251,0,0.620764434337616,1
xgb,both_lateral__B,both_lateral,B,7,251,0,0.25394880771636963,0
xgb,both_lateral__B,both_lateral,B,7,251,0,0.0941825658082962,0
xgb,both_lateral__B,both_lateral,B,7,251,0,0.9597902297973633,1
xgb,both_lateral__B,both_lateral,B,7,251,0,0.592761754989624,1
xgb,both_lateral__B,both_lateral,B,7,251,0,0.9764267206192017,1
xgb,both_lateral__B,both_lateral,B,7,251,0,0.33715105056762695,0
xgb,both_lateral__B,both_lateral,B,7,251,1,0.9653466939926147,1
xgb,both_lateral__B,both_lateral,B,7,251,1,0.16985729336738586,0
xgb,both_lateral__B,both_lateral,B,7,251,1,0.7476250529289246,1
xgb,both_lateral__B,both_lateral,B,7,251,1,0.10270412266254425,0
xgb,both_lateral__B,both_lateral,B,7,251,1,0.036253686994314194,0
xgb,both_lateral__B,both_lateral,B,7,251,1,0.03343752771615982,0
xgb,both_lateral__B,both_lateral,B,7,251,1,0.4496855139732361,0
xgb,both_lateral__B,both_lateral,B,7,251,1,0.4195922017097473,0
xgb,both_lateral__B,both_lateral,B,7,251,1,0.4619229733943939,0
xgb,both_lateral__B,both_lateral,B,7,251,1,0.35546430945396423,0
xgb,both_lateral__B,both_lateral,B,7,251,1,0.08529168367385864,0
xgb,both_lateral__B,both_lateral,B,7,251,1,0.5827054381370544,1
xgb,both_lateral__B,both_lateral,B,7,251,1,0.8145225644111633,1
xgb,both_lateral__B,both_lateral,B,8,282,0,0.2497684359550476,0
xgb,both_lateral__B,both_lateral,B,8,282,0,0.7786716818809509,1
xgb,both_lateral__B,both_lateral,B,8,282,0,0.18348820507526398,0
xgb,both_lateral__B,both_lateral,B,8,282,0,0.1342429220676422,0
xgb,both_lateral__B,both_lateral,B,8,282,0,0.9878902435302734,1
xgb,both_lateral__B,both_lateral,B,8,282,0,0.839141845703125,1
xgb,both_lateral__B,both_lateral,B,8,282,0,0.10247781872749329,0
xgb,both_lateral__B,both_lateral,B,8,282,0,0.18426628410816193,0
xgb,both_lateral__B,both_lateral,B,8,282,0,0.7820851802825928,1
xgb,both_lateral__B,both_lateral,B,8,282,0,0.6861681342124939,1
xgb,both_lateral__B,both_lateral,B,8,282,0,0.8816671371459961,1
xgb,both_lateral__B,both_lateral,B,8,282,0,0.15830563008785248,0
xgb,both_lateral__B,both_lateral,B,8,282,0,0.8442461490631104,1
xgb,both_lateral__B,both_lateral,B,8,282,0,0.33314311504364014,0
xgb,both_lateral__B,both_lateral,B,8,282,1,0.5941790342330933,1
xgb,both_lateral__B,both_lateral,B,8,282,1,0.13409537076950073,0
xgb,both_lateral__B,both_lateral,B,8,282,1,0.165060356259346,0
xgb,both_lateral__B,both_lateral,B,8,282,1,0.8313338756561279,1
xgb,both_lateral__B,both_lateral,B,8,282,1,0.08287090063095093,0
xgb,both_lateral__B,both_lateral,B,8,282,1,0.7741673588752747,1
xgb,both_lateral__B,both_lateral,B,8,282,1,0.8116528391838074,1
xgb,both_lateral__B,both_lateral,B,8,282,1,0.6041560173034668,1
xgb,both_lateral__B,both_lateral,B,8,282,1,0.7846544981002808,1
xgb,both_lateral__B,both_lateral,B,8,282,1,0.17938648164272308,0
xgb,both_lateral__B,both_lateral,B,8,282,1,0.42493945360183716,0
xgb,both_lateral__B,both_lateral,B,9,210,0,0.8005746006965637,1
xgb,both_lateral__B,both_lateral,B,9,210,0,0.8792788982391357,1
xgb,both_lateral__B,both_lateral,B,9,210,0,0.4447004199028015,0
xgb,both_lateral__B,both_lateral,B,9,210,0,0.16593413054943085,0
xgb,both_lateral__B,both_lateral,B,9,210,0,0.8436535000801086,1
xgb,both_lateral__B,both_lateral,B,9,210,0,0.5890012979507446,1
xgb,both_lateral__B,both_lateral,B,9,210,0,0.8279385566711426,1
xgb,both_lateral__B,both_lateral,B,9,210,0,0.3711544871330261,0
xgb,both_lateral__B,both_lateral,B,9,210,0,0.5309740900993347,1
xgb,both_lateral__B,both_lateral,B,9,210,0,0.06998104602098465,0
xgb,both_lateral__B,both_lateral,B,9,210,0,0.010791702196002007,0
xgb,both_lateral__B,both_lateral,B,9,210,0,0.39671632647514343,0
xgb,both_lateral__B,both_lateral,B,9,210,0,0.7992029190063477,1
xgb,both_lateral__B,both_lateral,B,9,210,0,0.3182847201824188,0
xgb,both_lateral__B,both_lateral,B,9,210,1,0.39547446370124817,0
xgb,both_lateral__B,both_lateral,B,9,210,1,0.4278724193572998,0
xgb,both_lateral__B,both_lateral,B,9,210,1,0.7991010546684265,1
xgb,both_lateral__B,both_lateral,B,9,210,1,0.8259936571121216,1
xgb,both_lateral__B,both_lateral,B,9,210,1,0.49274349212646484,0
xgb,both_lateral__B,both_lateral,B,9,210,1,0.49362778663635254,0
xgb,both_lateral__B,both_lateral,B,9,210,1,0.8416351079940796,1
xgb,both_lateral__B,both_lateral,B,9,210,1,0.17069730162620544,0
xgb,both_lateral__B,both_lateral,B,9,210,1,0.6353896260261536,1
xgb,both_lateral__B,both_lateral,B,9,210,1,0.9215851426124573,1
xgb,both_lateral__B,both_lateral,B,9,210,1,0.5333839058876038,1
xgb,both_lateral__B,both_lateral,B,10,265,0,0.8654326796531677,1
xgb,both_lateral__B,both_lateral,B,10,265,0,0.7753894329071045,1
xgb,both_lateral__B,both_lateral,B,10,265,0,0.4357963800430298,0
xgb,both_lateral__B,both_lateral,B,10,265,0,0.3190259337425232,0
xgb,both_lateral__B,both_lateral,B,10,265,0,0.5600470304489136,1
xgb,both_lateral__B,both_lateral,B,10,265,0,0.17837636172771454,0
xgb,both_lateral__B,both_lateral,B,10,265,0,0.8712784647941589,1
xgb,both_lateral__B,both_lateral,B,10,265,0,0.2779220938682556,0
xgb,both_lateral__B,both_lateral,B,10,265,0,0.9557124376296997,1
xgb,both_lateral__B,both_lateral,B,10,265,0,0.4511970281600952,0
xgb,both_lateral__B,both_lateral,B,10,265,0,0.5934351086616516,1
xgb,both_lateral__B,both_lateral,B,10,265,0,0.06933842599391937,0
xgb,both_lateral__B,both_lateral,B,10,265,0,0.2113020420074463,0
xgb,both_lateral__B,both_lateral,B,10,265,1,0.043000709265470505,0
xgb,both_lateral__B,both_lateral,B,10,265,1,0.46965017914772034,0
xgb,both_lateral__B,both_lateral,B,10,265,1,0.7283220291137695,1
xgb,both_lateral__B,both_lateral,B,10,265,1,0.8299048542976379,1
xgb,both_lateral__B,both_lateral,B,10,265,1,0.4836629629135132,0
xgb,both_lateral__B,both_lateral,B,10,265,1,0.45930370688438416,0
xgb,both_lateral__B,both_lateral,B,10,265,1,0.11846636235713959,0
xgb,both_lateral__B,both_lateral,B,10,265,1,0.4918366074562073,0
xgb,both_lateral__B,both_lateral,B,10,265,1,0.43391236662864685,0
xgb,both_lateral__B,both_lateral,B,10,265,1,0.5973486304283142,1
xgb,both_lateral__B,both_lateral,B,10,265,1,0.9077986478805542,1
xgb,both_lateral__C,both_lateral,C,1,249,0,0.02143482118844986,0
xgb,both_lateral__C,both_lateral,C,1,249,0,0.2585824131965637,0
xgb,both_lateral__C,both_lateral,C,1,249,0,0.8692893981933594,1
xgb,both_lateral__C,both_lateral,C,1,249,0,0.03200928866863251,0
xgb,both_lateral__C,both_lateral,C,1,249,0,0.036083318293094635,0
xgb,both_lateral__C,both_lateral,C,1,249,0,0.3237971067428589,0
xgb,both_lateral__C,both_lateral,C,1,249,0,0.20166997611522675,0
xgb,both_lateral__C,both_lateral,C,1,249,0,0.026916630566120148,0
xgb,both_lateral__C,both_lateral,C,1,249,0,0.026694245636463165,0
xgb,both_lateral__C,both_lateral,C,1,249,0,0.04590078070759773,0
xgb,both_lateral__C,both_lateral,C,1,249,0,0.018569204956293106,0
xgb,both_lateral__C,both_lateral,C,1,249,0,0.2999812960624695,0
xgb,both_lateral__C,both_lateral,C,1,249,0,0.059681158512830734,0
xgb,both_lateral__C,both_lateral,C,1,249,0,0.9252943992614746,1
xgb,both_lateral__C,both_lateral,C,1,249,0,0.0036084449384361506,0
xgb,both_lateral__C,both_lateral,C,1,249,1,0.5830477476119995,1
xgb,both_lateral__C,both_lateral,C,1,249,1,0.9866601228713989,1
xgb,both_lateral__C,both_lateral,C,1,249,1,0.9787412285804749,1
xgb,both_lateral__C,both_lateral,C,1,249,1,0.9802045226097107,1
xgb,both_lateral__C,both_lateral,C,1,249,1,0.9623543620109558,1
xgb,both_lateral__C,both_lateral,C,1,249,1,0.03126659244298935,0
xgb,both_lateral__C,both_lateral,C,1,249,1,0.15597040951251984,0
xgb,both_lateral__C,both_lateral,C,1,249,1,0.9312174320220947,1
xgb,both_lateral__C,both_lateral,C,1,249,1,0.7307480573654175,1
xgb,both_lateral__C,both_lateral,C,1,249,1,0.98216712474823,1
xgb,both_lateral__C,both_lateral,C,1,249,1,0.11132007837295532,0
xgb,both_lateral__C,both_lateral,C,1,249,1,0.8162589073181152,1
xgb,both_lateral__C,both_lateral,C,1,249,1,0.9368579387664795,1
xgb,both_lateral__C,both_lateral,C,1,249,1,0.9661158323287964,1
xgb,both_lateral__C,both_lateral,C,1,249,1,0.9241129755973816,1
xgb,both_lateral__C,both_lateral,C,1,249,1,0.9783404469490051,1
xgb,both_lateral__C,both_lateral,C,1,249,1,0.9683926105499268,1
xgb,both_lateral__C,both_lateral,C,2,219,0,0.33310815691947937,0
xgb,both_lateral__C,both_lateral,C,2,219,0,0.8479244112968445,1
xgb,both_lateral__C,both_lateral,C,2,219,0,0.9152470231056213,1
xgb,both_lateral__C,both_lateral,C,2,219,0,0.9947054982185364,1
xgb,both_lateral__C,both_lateral,C,2,219,0,0.9345353245735168,1
xgb,both_lateral__C,both_lateral,C,2,219,0,0.9957315325737,1
xgb,both_lateral__C,both_lateral,C,2,219,0,0.5161834955215454,1
xgb,both_lateral__C,both_lateral,C,2,219,0,0.004956211894750595,0
xgb,both_lateral__C,both_lateral,C,2,219,0,0.9604125022888184,1
xgb,both_lateral__C,both_lateral,C,2,219,0,0.07377619296312332,0
xgb,both_lateral__C,both_lateral,C,2,219,0,0.3257651925086975,0
xgb,both_lateral__C,both_lateral,C,2,219,0,0.8933628797531128,1
xgb,both_lateral__C,both_lateral,C,2,219,0,0.011801186017692089,0
xgb,both_lateral__C,both_lateral,C,2,219,0,0.4667750298976898,0
xgb,both_lateral__C,both_lateral,C,2,219,1,0.884682834148407,1
xgb,both_lateral__C,both_lateral,C,2,219,1,0.9595867991447449,1
xgb,both_lateral__C,both_lateral,C,2,219,1,0.9157435297966003,1
xgb,both_lateral__C,both_lateral,C,2,219,1,0.9561997056007385,1
xgb,both_lateral__C,both_lateral,C,2,219,1,0.9371001124382019,1
xgb,both_lateral__C,both_lateral,C,2,219,1,0.8102292418479919,1
xgb,both_lateral__C,both_lateral,C,2,219,1,0.962830662727356,1
xgb,both_lateral__C,both_lateral,C,2,219,1,0.9791556000709534,1
xgb,both_lateral__C,both_lateral,C,2,219,1,0.8891650438308716,1
xgb,both_lateral__C,both_lateral,C,2,219,1,0.5888367295265198,1
xgb,both_lateral__C,both_lateral,C,2,219,1,0.9307387471199036,1
xgb,both_lateral__C,both_lateral,C,2,219,1,0.8095253705978394,1
xgb,both_lateral__C,both_lateral,C,2,219,1,0.9465464353561401,1
xgb,both_lateral__C,both_lateral,C,2,219,1,0.8371967673301697,1
xgb,both_lateral__C,both_lateral,C,2,219,1,0.9423320889472961,1
xgb,both_lateral__C,both_lateral,C,2,219,1,0.9724298715591431,1
xgb,both_lateral__C,both_lateral,C,3,313,0,0.6565930843353271,1
xgb,both_lateral__C,both_lateral,C,3,313,0,0.2664072513580322,0
xgb,both_lateral__C,both_lateral,C,3,313,0,0.43793827295303345,0
xgb,both_lateral__C,both_lateral,C,3,313,0,0.7597863674163818,1
xgb,both_lateral__C,both_lateral,C,3,313,0,0.9300705790519714,1
xgb,both_lateral__C,both_lateral,C,3,313,0,0.896564781665802,1
xgb,both_lateral__C,both_lateral,C,3,313,0,0.9510186910629272,1
xgb,both_lateral__C,both_lateral,C,3,313,0,0.979199230670929,1
xgb,both_lateral__C,both_lateral,C,3,313,0,0.8887403607368469,1
xgb,both_lateral__C,both_lateral,C,3,313,0,0.8391709327697754,1
xgb,both_lateral__C,both_lateral,C,3,313,0,0.3243849277496338,0
xgb,both_lateral__C,both_lateral,C,3,313,0,0.7914614677429199,1
xgb,both_lateral__C,both_lateral,C,3,313,0,0.5246666073799133,1
xgb,both_lateral__C,both_lateral,C,3,313,0,0.6306482553482056,1
xgb,both_lateral__C,both_lateral,C,3,313,0,0.42107903957366943,0
xgb,both_lateral__C,both_lateral,C,3,313,1,0.2617897689342499,0
xgb,both_lateral__C,both_lateral,C,3,313,1,0.05051124095916748,0
xgb,both_lateral__C,both_lateral,C,3,313,1,0.43062272667884827,0
xgb,both_lateral__C,both_lateral,C,3,313,1,0.762060284614563,1
xgb,both_lateral__C,both_lateral,C,3,313,1,0.9329400658607483,1
xgb,both_lateral__C,both_lateral,C,3,313,1,0.8605582118034363,1
xgb,both_lateral__C,both_lateral,C,3,313,1,0.900183916091919,1
xgb,both_lateral__C,both_lateral,C,3,313,1,0.8900958895683289,1
xgb,both_lateral__C,both_lateral,C,3,313,1,0.5064148306846619,1
xgb,both_lateral__C,both_lateral,C,3,313,1,0.9178135991096497,1
xgb,both_lateral__C,both_lateral,C,3,313,1,0.858642578125,1
xgb,both_lateral__C,both_lateral,C,3,313,1,0.3757975697517395,0
xgb,both_lateral__C,both_lateral,C,3,313,1,0.7368742823600769,1
xgb,both_lateral__C,both_lateral,C,3,313,1,0.704788863658905,1
xgb,both_lateral__C,both_lateral,C,4,318,0,0.18638624250888824,0
xgb,both_lateral__C,both_lateral,C,4,318,0,0.3396279215812683,0
xgb,both_lateral__C,both_lateral,C,4,318,0,0.6213876605033875,1
xgb,both_lateral__C,both_lateral,C,4,318,0,0.0840926393866539,0
xgb,both_lateral__C,both_lateral,C,4,318,0,0.3666757345199585,0
xgb,both_lateral__C,both_lateral,C,4,318,0,0.6522131562232971,1
xgb,both_lateral__C,both_lateral,C,4,318,0,0.1759079247713089,0
xgb,both_lateral__C,both_lateral,C,4,318,0,0.003000058466568589,0
xgb,both_lateral__C,both_lateral,C,4,318,0,0.7216384410858154,1
xgb,both_lateral__C,both_lateral,C,4,318,0,0.2891683876514435,0
xgb,both_lateral__C,both_lateral,C,4,318,0,0.774005651473999,1
xgb,both_lateral__C,both_lateral,C,4,318,0,0.17172206938266754,0
xgb,both_lateral__C,both_lateral,C,4,318,0,0.5008801817893982,1
xgb,both_lateral__C,both_lateral,C,4,318,0,0.7878628969192505,1
xgb,both_lateral__C,both_lateral,C,4,318,1,0.008661475963890553,0
xgb,both_lateral__C,both_lateral,C,4,318,1,0.9282746315002441,1
xgb,both_lateral__C,both_lateral,C,4,318,1,0.9282609820365906,1
xgb,both_lateral__C,both_lateral,C,4,318,1,0.9700496196746826,1
xgb,both_lateral__C,both_lateral,C,4,318,1,0.8790686726570129,1
xgb,both_lateral__C,both_lateral,C,4,318,1,0.4966915547847748,0
xgb,both_lateral__C,both_lateral,C,4,318,1,0.8170032501220703,1
xgb,both_lateral__C,both_lateral,C,4,318,1,0.7494962811470032,1
xgb,both_lateral__C,both_lateral,C,4,318,1,0.9599180817604065,1
xgb,both_lateral__C,both_lateral,C,4,318,1,0.9592979550361633,1
xgb,both_lateral__C,both_lateral,C,4,318,1,0.7142754197120667,1
xgb,both_lateral__C,both_lateral,C,4,318,1,0.6014951467514038,1
xgb,both_lateral__C,both_lateral,C,4,318,1,0.19636237621307373,0
xgb,both_lateral__C,both_lateral,C,4,318,1,0.592675507068634,1
xgb,both_lateral__C,both_lateral,C,5,300,0,0.9869444966316223,1
xgb,both_lateral__C,both_lateral,C,5,300,0,0.9933843016624451,1
xgb,both_lateral__C,both_lateral,C,5,300,0,0.9754806756973267,1
xgb,both_lateral__C,both_lateral,C,5,300,0,0.9428587555885315,1
xgb,both_lateral__C,both_lateral,C,5,300,0,0.9908656477928162,1
xgb,both_lateral__C,both_lateral,C,5,300,0,0.9784488677978516,1
xgb,both_lateral__C,both_lateral,C,5,300,0,0.973884105682373,1
xgb,both_lateral__C,both_lateral,C,5,300,0,0.9815748929977417,1
xgb,both_lateral__C,both_lateral,C,5,300,0,0.9798959493637085,1
xgb,both_lateral__C,both_lateral,C,5,300,0,0.974664032459259,1
xgb,both_lateral__C,both_lateral,C,5,300,0,0.8641465306282043,1
xgb,both_lateral__C,both_lateral,C,5,300,0,0.9170621037483215,1
xgb,both_lateral__C,both_lateral,C,5,300,0,0.9813601970672607,1
xgb,both_lateral__C,both_lateral,C,5,300,0,0.9970338344573975,1
xgb,both_lateral__C,both_lateral,C,5,300,1,0.9862130880355835,1
xgb,both_lateral__C,both_lateral,C,5,300,1,0.9945195317268372,1
xgb,both_lateral__C,both_lateral,C,5,300,1,0.9932171702384949,1
xgb,both_lateral__C,both_lateral,C,5,300,1,0.9898957014083862,1
xgb,both_lateral__C,both_lateral,C,5,300,1,0.9882997274398804,1
xgb,both_lateral__C,both_lateral,C,5,300,1,0.988490104675293,1
xgb,both_lateral__C,both_lateral,C,5,300,1,0.9942570328712463,1
xgb,both_lateral__C,both_lateral,C,5,300,1,0.9370319247245789,1
xgb,both_lateral__C,both_lateral,C,5,300,1,0.9709513783454895,1
xgb,both_lateral__C,both_lateral,C,5,300,1,0.9760388731956482,1
xgb,both_lateral__C,both_lateral,C,5,300,1,0.9845619797706604,1
xgb,both_lateral__C,both_lateral,C,5,300,1,0.9778940677642822,1
xgb,both_lateral__C,both_lateral,C,5,300,1,0.9764848351478577,1
xgb,both_lateral__C,both_lateral,C,5,300,1,0.9817186594009399,1
xgb,both_lateral__C,both_lateral,C,6,271,0,0.15971027314662933,0
xgb,both_lateral__C,both_lateral,C,6,271,0,0.20277641713619232,0
xgb,both_lateral__C,both_lateral,C,6,271,0,0.02995968796312809,0
xgb,both_lateral__C,both_lateral,C,6,271,0,0.6984657049179077,1
xgb,both_lateral__C,both_lateral,C,6,271,0,0.6719169020652771,1
xgb,both_lateral__C,both_lateral,C,6,271,0,0.5380502343177795,1
xgb,both_lateral__C,both_lateral,C,6,271,0,0.07516618072986603,0
xgb,both_lateral__C,both_lateral,C,6,271,0,0.0029297221917659044,0
xgb,both_lateral__C,both_lateral,C,6,271,0,0.0022088384721428156,0
xgb,both_lateral__C,both_lateral,C,6,271,0,0.3928792178630829,0
xgb,both_lateral__C,both_lateral,C,6,271,0,0.1556222289800644,0
xgb,both_lateral__C,both_lateral,C,6,271,0,0.01192456390708685,0
xgb,both_lateral__C,both_lateral,C,6,271,0,0.6415358185768127,1
xgb,both_lateral__C,both_lateral,C,6,271,0,0.06955035775899887,0
xgb,both_lateral__C,both_lateral,C,6,271,1,0.22330395877361298,0
xgb,both_lateral__C,both_lateral,C,6,271,1,0.9526772499084473,1
xgb,both_lateral__C,both_lateral,C,6,271,1,0.3499922752380371,0
xgb,both_lateral__C,both_lateral,C,6,271,1,0.8396027684211731,1
xgb,both_lateral__C,both_lateral,C,6,271,1,0.7471556663513184,1
xgb,both_lateral__C,both_lateral,C,6,271,1,0.839131772518158,1
xgb,both_lateral__C,both_lateral,C,6,271,1,0.8617409467697144,1
xgb,both_lateral__C,both_lateral,C,6,271,1,0.6419632434844971,1
xgb,both_lateral__C,both_lateral,C,6,271,1,0.8009123206138611,1
xgb,both_lateral__C,both_lateral,C,6,271,1,0.7491265535354614,1
xgb,both_lateral__C,both_lateral,C,6,271,1,0.6571671962738037,1
xgb,both_lateral__C,both_lateral,C,6,271,1,0.9522935152053833,1
xgb,both_lateral__C,both_lateral,C,6,271,1,0.9666858911514282,1
xgb,both_lateral__C,both_lateral,C,6,271,1,0.800401508808136,1
xgb,both_lateral__C,both_lateral,C,7,251,0,0.004839313216507435,0
xgb,both_lateral__C,both_lateral,C,7,251,0,0.0013151391176506877,0
xgb,both_lateral__C,both_lateral,C,7,251,0,0.000557528983335942,0
xgb,both_lateral__C,both_lateral,C,7,251,0,0.007312653586268425,0
xgb,both_lateral__C,both_lateral,C,7,251,0,0.006860554218292236,0
xgb,both_lateral__C,both_lateral,C,7,251,0,0.01987968571484089,0
xgb,both_lateral__C,both_lateral,C,7,251,0,0.0187098179012537,0
xgb,both_lateral__C,both_lateral,C,7,251,0,0.009764308109879494,0
xgb,both_lateral__C,both_lateral,C,7,251,0,0.002395972842350602,0
xgb,both_lateral__C,both_lateral,C,7,251,0,0.004580256063491106,0
xgb,both_lateral__C,both_lateral,C,7,251,0,0.004064935725182295,0
xgb,both_lateral__C,both_lateral,C,7,251,0,0.002950977999716997,0
xgb,both_lateral__C,both_lateral,C,7,251,0,0.007930461317300797,0
xgb,both_lateral__C,both_lateral,C,7,251,0,0.0033552213571965694,0
xgb,both_lateral__C,both_lateral,C,7,251,1,0.17909899353981018,0
xgb,both_lateral__C,both_lateral,C,7,251,1,0.016620829701423645,0
xgb,both_lateral__C,both_lateral,C,7,251,1,0.012802192941308022,0
xgb,both_lateral__C,both_lateral,C,7,251,1,0.017484571784734726,0
xgb,both_lateral__C,both_lateral,C,7,251,1,0.0015678044874221087,0
xgb,both_lateral__C,both_lateral,C,7,251,1,0.038249287754297256,0
xgb,both_lateral__C,both_lateral,C,7,251,1,0.043642714619636536,0
xgb,both_lateral__C,both_lateral,C,7,251,1,0.00836664717644453,0
xgb,both_lateral__C,both_lateral,C,7,251,1,0.2775971293449402,0
xgb,both_lateral__C,both_lateral,C,7,251,1,0.017681073397397995,0
xgb,both_lateral__C,both_lateral,C,7,251,1,0.003945035859942436,0
xgb,both_lateral__C,both_lateral,C,7,251,1,0.03760625422000885,0
xgb,both_lateral__C,both_lateral,C,7,251,1,0.08175726234912872,0
xgb,both_lateral__C,both_lateral,C,8,282,0,0.0005898693343624473,0
xgb,both_lateral__C,both_lateral,C,8,282,0,0.0037664782721549273,0
xgb,both_lateral__C,both_lateral,C,8,282,0,0.006388947367668152,0
xgb,both_lateral__C,both_lateral,C,8,282,0,0.006259515415877104,0
xgb,both_lateral__C,both_lateral,C,8,282,0,0.1893148124217987,0
xgb,both_lateral__C,both_lateral,C,8,282,0,0.16319456696510315,0
xgb,both_lateral__C,both_lateral,C,8,282,0,0.003996632061898708,0
xgb,both_lateral__C,both_lateral,C,8,282,0,0.005849225912243128,0
xgb,both_lateral__C,both_lateral,C,8,282,0,0.02101416327059269,0
xgb,both_lateral__C,both_lateral,C,8,282,0,0.005053794011473656,0
xgb,both_lateral__C,both_lateral,C,8,282,0,0.020572027191519737,0
xgb,both_lateral__C,both_lateral,C,8,282,0,0.0021170005202293396,0
xgb,both_lateral__C,both_lateral,C,8,282,0,0.02700689621269703,0
xgb,both_lateral__C,both_lateral,C,8,282,0,0.0026367853861302137,0
xgb,both_lateral__C,both_lateral,C,8,282,1,0.9669668078422546,1
xgb,both_lateral__C,both_lateral,C,8,282,1,0.9795781970024109,1
xgb,both_lateral__C,both_lateral,C,8,282,1,0.7152097821235657,1
xgb,both_lateral__C,both_lateral,C,8,282,1,0.5237932205200195,1
xgb,both_lateral__C,both_lateral,C,8,282,1,0.9947144389152527,1
xgb,both_lateral__C,both_lateral,C,8,282,1,0.09803662449121475,0
xgb,both_lateral__C,both_lateral,C,8,282,1,0.07690785825252533,0
xgb,both_lateral__C,both_lateral,C,8,282,1,0.6252145767211914,1
xgb,both_lateral__C,both_lateral,C,8,282,1,0.9290316700935364,1
xgb,both_lateral__C,both_lateral,C,8,282,1,0.840937077999115,1
xgb,both_lateral__C,both_lateral,C,8,282,1,0.732568085193634,1
xgb,both_lateral__C,both_lateral,C,9,210,0,0.7301173806190491,1
xgb,both_lateral__C,both_lateral,C,9,210,0,0.020225895568728447,0
xgb,both_lateral__C,both_lateral,C,9,210,0,0.3932482898235321,0
xgb,both_lateral__C,both_lateral,C,9,210,0,0.6322580575942993,1
xgb,both_lateral__C,both_lateral,C,9,210,0,0.029350455850362778,0
xgb,both_lateral__C,both_lateral,C,9,210,0,0.5511476993560791,1
xgb,both_lateral__C,both_lateral,C,9,210,0,0.015215247869491577,0
xgb,both_lateral__C,both_lateral,C,9,210,0,0.9613795876502991,1
xgb,both_lateral__C,both_lateral,C,9,210,0,0.21502451598644257,0
xgb,both_lateral__C,both_lateral,C,9,210,0,0.01867116615176201,0
xgb,both_lateral__C,both_lateral,C,9,210,0,0.16912540793418884,0
xgb,both_lateral__C,both_lateral,C,9,210,0,0.04579949378967285,0
xgb,both_lateral__C,both_lateral,C,9,210,0,0.03318563848733902,0
xgb,both_lateral__C,both_lateral,C,9,210,0,0.8146809935569763,1
xgb,both_lateral__C,both_lateral,C,9,210,1,0.9932661056518555,1
xgb,both_lateral__C,both_lateral,C,9,210,1,0.9794145226478577,1
xgb,both_lateral__C,both_lateral,C,9,210,1,0.9944650530815125,1
xgb,both_lateral__C,both_lateral,C,9,210,1,0.9668339490890503,1
xgb,both_lateral__C,both_lateral,C,9,210,1,0.9968985319137573,1
xgb,both_lateral__C,both_lateral,C,9,210,1,0.9891682863235474,1
xgb,both_lateral__C,both_lateral,C,9,210,1,0.921878457069397,1
xgb,both_lateral__C,both_lateral,C,9,210,1,0.990342378616333,1
xgb,both_lateral__C,both_lateral,C,9,210,1,0.9868143796920776,1
xgb,both_lateral__C,both_lateral,C,9,210,1,0.9582267999649048,1
xgb,both_lateral__C,both_lateral,C,9,210,1,0.9949578642845154,1
xgb,both_lateral__C,both_lateral,C,10,265,0,0.09026944637298584,0
xgb,both_lateral__C,both_lateral,C,10,265,0,0.2608458399772644,0
xgb,both_lateral__C,both_lateral,C,10,265,0,0.26631492376327515,0
xgb,both_lateral__C,both_lateral,C,10,265,0,0.706571102142334,1
xgb,both_lateral__C,both_lateral,C,10,265,0,0.9004392027854919,1
xgb,both_lateral__C,both_lateral,C,10,265,0,0.8248887658119202,1
xgb,both_lateral__C,both_lateral,C,10,265,0,0.20568746328353882,0
xgb,both_lateral__C,both_lateral,C,10,265,0,0.8289739489555359,1
xgb,both_lateral__C,both_lateral,C,10,265,0,0.11747871339321136,0
xgb,both_lateral__C,both_lateral,C,10,265,0,0.030284812673926353,0
xgb,both_lateral__C,both_lateral,C,10,265,0,0.017503850162029266,0
xgb,both_lateral__C,both_lateral,C,10,265,0,0.013829673640429974,0
xgb,both_lateral__C,both_lateral,C,10,265,0,0.13370247185230255,0
xgb,both_lateral__C,both_lateral,C,10,265,1,0.01962646283209324,0
xgb,both_lateral__C,both_lateral,C,10,265,1,0.016863830387592316,0
xgb,both_lateral__C,both_lateral,C,10,265,1,0.9467589259147644,1
xgb,both_lateral__C,both_lateral,C,10,265,1,0.9903311729431152,1
xgb,both_lateral__C,both_lateral,C,10,265,1,0.06814508140087128,0
xgb,both_lateral__C,both_lateral,C,10,265,1,0.03255772218108177,0
xgb,both_lateral__C,both_lateral,C,10,265,1,0.016274407505989075,0
xgb,both_lateral__C,both_lateral,C,10,265,1,0.8457419276237488,1
xgb,both_lateral__C,both_lateral,C,10,265,1,0.9135715961456299,1
xgb,both_lateral__C,both_lateral,C,10,265,1,0.6391805410385132,1
xgb,both_lateral__C,both_lateral,C,10,265,1,0.06728488206863403,0
xgb,bis_quatro__A,bis_quatro,A,1,249,0,0.0013732421211898327,0
xgb,bis_quatro__A,bis_quatro,A,1,249,0,0.5498374104499817,1
xgb,bis_quatro__A,bis_quatro,A,1,249,0,0.9974397420883179,1
xgb,bis_quatro__A,bis_quatro,A,1,249,0,0.003991302102804184,0
xgb,bis_quatro__A,bis_quatro,A,1,249,0,0.009292376227676868,0
xgb,bis_quatro__A,bis_quatro,A,1,249,0,0.9465630054473877,1
xgb,bis_quatro__A,bis_quatro,A,1,249,0,0.003655350999906659,0
xgb,bis_quatro__A,bis_quatro,A,1,249,0,0.00490632513538003,0
xgb,bis_quatro__A,bis_quatro,A,1,249,0,0.0015316439094021916,0
xgb,bis_quatro__A,bis_quatro,A,1,249,0,0.0018583234632387757,0
xgb,bis_quatro__A,bis_quatro,A,1,249,0,0.0006149380351416767,0
xgb,bis_quatro__A,bis_quatro,A,1,249,0,0.0010912836296483874,0
xgb,bis_quatro__A,bis_quatro,A,1,249,0,0.996755063533783,1
xgb,bis_quatro__A,bis_quatro,A,1,249,0,0.11985087394714355,0
xgb,bis_quatro__A,bis_quatro,A,1,249,0,0.0024368634913116693,0
xgb,bis_quatro__A,bis_quatro,A,1,249,1,0.6448978185653687,1
xgb,bis_quatro__A,bis_quatro,A,1,249,1,0.05855722352862358,0
xgb,bis_quatro__A,bis_quatro,A,1,249,1,0.9763294458389282,1
xgb,bis_quatro__A,bis_quatro,A,1,249,1,0.9957926273345947,1
xgb,bis_quatro__A,bis_quatro,A,1,249,1,0.9555555582046509,1
xgb,bis_quatro__A,bis_quatro,A,1,249,1,0.7114611864089966,1
xgb,bis_quatro__A,bis_quatro,A,1,249,1,0.9353052973747253,1
xgb,bis_quatro__A,bis_quatro,A,1,249,1,0.07337355613708496,0
xgb,bis_quatro__A,bis_quatro,A,1,249,1,0.9501311182975769,1
xgb,bis_quatro__A,bis_quatro,A,1,249,1,0.6389980316162109,1
xgb,bis_quatro__A,bis_quatro,A,1,249,1,0.1222200021147728,0
xgb,bis_quatro__A,bis_quatro,A,1,249,1,0.5918357968330383,1
xgb,bis_quatro__A,bis_quatro,A,1,249,1,0.9581559300422668,1
xgb,bis_quatro__A,bis_quatro,A,1,249,1,0.04954647272825241,0
xgb,bis_quatro__A,bis_quatro,A,1,249,1,0.869840681552887,1
xgb,bis_quatro__A,bis_quatro,A,1,249,1,0.07930603623390198,0
xgb,bis_quatro__A,bis_quatro,A,1,249,1,0.8373530507087708,1
xgb,bis_quatro__A,bis_quatro,A,2,219,0,0.8826870322227478,1
xgb,bis_quatro__A,bis_quatro,A,2,219,0,0.7118979096412659,1
xgb,bis_quatro__A,bis_quatro,A,2,219,0,0.9479570984840393,1
xgb,bis_quatro__A,bis_quatro,A,2,219,0,0.944210410118103,1
xgb,bis_quatro__A,bis_quatro,A,2,219,0,0.9513505697250366,1
xgb,bis_quatro__A,bis_quatro,A,2,219,0,0.7622049450874329,1
xgb,bis_quatro__A,bis_quatro,A,2,219,0,0.12553530931472778,0
xgb,bis_quatro__A,bis_quatro,A,2,219,0,0.2741163969039917,0
xgb,bis_quatro__A,bis_quatro,A,2,219,0,0.978253960609436,1
xgb,bis_quatro__A,bis_quatro,A,2,219,0,0.018557647243142128,0
xgb,bis_quatro__A,bis_quatro,A,2,219,0,0.047979291528463364,0
xgb,bis_quatro__A,bis_quatro,A,2,219,0,0.5254165530204773,1
xgb,bis_quatro__A,bis_quatro,A,2,219,0,0.011263588443398476,0
xgb,bis_quatro__A,bis_quatro,A,2,219,0,0.18902379274368286,0
xgb,bis_quatro__A,bis_quatro,A,2,219,1,0.2253328412771225,0
xgb,bis_quatro__A,bis_quatro,A,2,219,1,0.4141019284725189,0
xgb,bis_quatro__A,bis_quatro,A,2,219,1,0.35389164090156555,0
xgb,bis_quatro__A,bis_quatro,A,2,219,1,0.7370753288269043,1
xgb,bis_quatro__A,bis_quatro,A,2,219,1,0.29843971133232117,0
xgb,bis_quatro__A,bis_quatro,A,2,219,1,0.3652764558792114,0
xgb,bis_quatro__A,bis_quatro,A,2,219,1,0.48178043961524963,0
xgb,bis_quatro__A,bis_quatro,A,2,219,1,0.7807167172431946,1
xgb,bis_quatro__A,bis_quatro,A,2,219,1,0.7107192277908325,1
xgb,bis_quatro__A,bis_quatro,A,2,219,1,0.35191643238067627,0
xgb,bis_quatro__A,bis_quatro,A,2,219,1,0.18010734021663666,0
xgb,bis_quatro__A,bis_quatro,A,2,219,1,0.07004335522651672,0
xgb,bis_quatro__A,bis_quatro,A,2,219,1,0.6298579573631287,1
xgb,bis_quatro__A,bis_quatro,A,2,219,1,0.5256187319755554,1
xgb,bis_quatro__A,bis_quatro,A,2,219,1,0.6699116230010986,1
xgb,bis_quatro__A,bis_quatro,A,2,219,1,0.5721477270126343,1
xgb,bis_quatro__A,bis_quatro,A,3,313,0,0.4057759642601013,0
xgb,bis_quatro__A,bis_quatro,A,3,313,0,0.8573043346405029,1
xgb,bis_quatro__A,bis_quatro,A,3,313,0,0.086893729865551,0
xgb,bis_quatro__A,bis_quatro,A,3,313,0,0.7293643951416016,1
xgb,bis_quatro__A,bis_quatro,A,3,313,0,0.18245039880275726,0
xgb,bis_quatro__A,bis_quatro,A,3,313,0,0.9232669472694397,1
xgb,bis_quatro__A,bis_quatro,A,3,313,0,0.875379741191864,1
xgb,bis_quatro__A,bis_quatro,A,3,313,0,0.9746219515800476,1
xgb,bis_quatro__A,bis_quatro,A,3,313,0,0.8380541801452637,1
xgb,bis_quatro__A,bis_quatro,A,3,313,0,0.8780887126922607,1
xgb,bis_quatro__A,bis_quatro,A,3,313,0,0.9677650928497314,1
xgb,bis_quatro__A,bis_quatro,A,3,313,0,0.5848774313926697,1
xgb,bis_quatro__A,bis_quatro,A,3,313,0,0.05317579209804535,0
xgb,bis_quatro__A,bis_quatro,A,3,313,0,0.7274112701416016,1
xgb,bis_quatro__A,bis_quatro,A,3,313,0,0.7168489098548889,1
xgb,bis_quatro__A,bis_quatro,A,3,313,1,0.7043343186378479,1
xgb,bis_quatro__A,bis_quatro,A,3,313,1,0.15597069263458252,0
xgb,bis_quatro__A,bis_quatro,A,3,313,1,0.2335953712463379,0
xgb,bis_quatro__A,bis_quatro,A,3,313,1,0.8792263269424438,1
xgb,bis_quatro__A,bis_quatro,A,3,313,1,0.9832305908203125,1
xgb,bis_quatro__A,bis_quatro,A,3,313,1,0.7185829877853394,1
xgb,bis_quatro__A,bis_quatro,A,3,313,1,0.44315797090530396,0
xgb,bis_quatro__A,bis_quatro,A,3,313,1,0.9876189231872559,1
xgb,bis_quatro__A,bis_quatro,A,3,313,1,0.9296667575836182,1
xgb,bis_quatro__A,bis_quatro,A,3,313,1,0.12768977880477905,0
xgb,bis_quatro__A,bis_quatro,A,3,313,1,0.9930576086044312,1
xgb,bis_quatro__A,bis_quatro,A,3,313,1,0.9676305651664734,1
xgb,bis_quatro__A,bis_quatro,A,3,313,1,0.9382916688919067,1
xgb,bis_quatro__A,bis_quatro,A,3,313,1,0.7485955953598022,1
xgb,bis_quatro__A,bis_quatro,A,4,318,0,0.2834167182445526,0
xgb,bis_quatro__A,bis_quatro,A,4,318,0,0.9977284073829651,1
xgb,bis_quatro__A,bis_quatro,A,4,318,0,0.7511957883834839,1
xgb,bis_quatro__A,bis_quatro,A,4,318,0,0.39911824464797974,0
xgb,bis_quatro__A,bis_quatro,A,4,318,0,0.998465895652771,1
xgb,bis_quatro__A,bis_quatro,A,4,318,0,0.9516878724098206,1
xgb,bis_quatro__A,bis_quatro,A,4,318,0,0.21474795043468475,0
xgb,bis_quatro__A,bis_quatro,A,4,318,0,0.0060619995929300785,0
xgb,bis_quatro__A,bis_quatro,A,4,318,0,0.01608375646173954,0
xgb,bis_quatro__A,bis_quatro,A,4,318,0,0.7954958081245422,1
xgb,bis_quatro__A,bis_quatro,A,4,318,0,0.005404751282185316,0
xgb,bis_quatro__A,bis_quatro,A,4,318,0,0.888189435005188,1
xgb,bis_quatro__A,bis_quatro,A,4,318,0,0.023295486345887184,0
xgb,bis_quatro__A,bis_quatro,A,4,318,0,0.38395580649375916,0
xgb,bis_quatro__A,bis_quatro,A,4,318,1,0.04444647580385208,0
xgb,bis_quatro__A,bis_quatro,A,4,318,1,0.005301603116095066,0
xgb,bis_quatro__A,bis_quatro,A,4,318,1,0.0026367364916950464,0
xgb,bis_quatro__A,bis_quatro,A,4,318,1,0.003612156491726637,0
xgb,bis_quatro__A,bis_quatro,A,4,318,1,0.10575704276561737,0
xgb,bis_quatro__A,bis_quatro,A,4,318,1,0.004077123478055,0
xgb,bis_quatro__A,bis_quatro,A,4,318,1,0.36012449860572815,0
xgb,bis_quatro__A,bis_quatro,A,4,318,1,0.004103441257029772,0
xgb,bis_quatro__A,bis_quatro,A,4,318,1,0.04172627255320549,0
xgb,bis_quatro__A,bis_quatro,A,4,318,1,0.037574686110019684,0
xgb,bis_quatro__A,bis_quatro,A,4,318,1,0.05746358633041382,0
xgb,bis_quatro__A,bis_quatro,A,4,318,1,0.041518282145261765,0
xgb,bis_quatro__A,bis_quatro,A,4,318,1,0.008657161146402359,0
xgb,bis_quatro__A,bis_quatro,A,4,318,1,0.008147257380187511,0
xgb,bis_quatro__A,bis_quatro,A,5,300,0,0.844375729560852,1
xgb,bis_quatro__A,bis_quatro,A,5,300,0,0.403212308883667,0
xgb,bis_quatro__A,bis_quatro,A,5,300,0,0.5433751940727234,1
xgb,bis_quatro__A,bis_quatro,A,5,300,0,0.8013355135917664,1
xgb,bis_quatro__A,bis_quatro,A,5,300,0,0.7650888562202454,1
xgb,bis_quatro__A,bis_quatro,A,5,300,0,0.7650888562202454,1
xgb,bis_quatro__A,bis_quatro,A,5,300,0,0.7850822806358337,1
xgb,bis_quatro__A,bis_quatro,A,5,300,0,0.807321310043335,1
xgb,bis_quatro__A,bis_quatro,A,5,300,0,0.642013430595398,1
xgb,bis_quatro__A,bis_quatro,A,5,300,0,0.6314737796783447,1
xgb,bis_quatro__A,bis_quatro,A,5,300,0,0.7541808485984802,1
xgb,bis_quatro__A,bis_quatro,A,5,300,0,0.37174180150032043,0
xgb,bis_quatro__A,bis_quatro,A,5,300,0,0.8246012330055237,1
xgb,bis_quatro__A,bis_quatro,A,5,300,0,0.819177508354187,1
xgb,bis_quatro__A,bis_quatro,A,5,300,1,0.7595508694648743,1
xgb,bis_quatro__A,bis_quatro,A,5,300,1,0.8577507734298706,1
xgb,bis_quatro__A,bis_quatro,A,5,300,1,0.2823600769042969,0
xgb,bis_quatro__A,bis_quatro,A,5,300,1,0.7973207831382751,1
xgb,bis_quatro__A,bis_quatro,A,5,300,1,0.7898983955383301,1
xgb,bis_quatro__A,bis_quatro,A,5,300,1,0.8061359524726868,1
xgb,bis_quatro__A,bis_quatro,A,5,300,1,0.7797080874443054,1
xgb,bis_quatro__A,bis_quatro,A,5,300,1,0.8260064125061035,1
xgb,bis_quatro__A,bis_quatro,A,5,300,1,0.8703250288963318,1
xgb,bis_quatro__A,bis_quatro,A,5,300,1,0.7829663753509521,1
xgb,bis_quatro__A,bis_quatro,A,5,300,1,0.8034574389457703,1
xgb,bis_quatro__A,bis_quatro,A,5,300,1,0.865969181060791,1
xgb,bis_quatro__A,bis_quatro,A,5,300,1,0.7504462003707886,1
xgb,bis_quatro__A,bis_quatro,A,5,300,1,0.7851331830024719,1
xgb,bis_quatro__A,bis_quatro,A,6,271,0,0.7482145428657532,1
xgb,bis_quatro__A,bis_quatro,A,6,271,0,0.007030752021819353,0
xgb,bis_quatro__A,bis_quatro,A,6,271,0,0.07619509845972061,0
xgb,bis_quatro__A,bis_quatro,A,6,271,0,0.2500084340572357,0
xgb,bis_quatro__A,bis_quatro,A,6,271,0,0.9688853025436401,1
xgb,bis_quatro__A,bis_quatro,A,6,271,0,0.9388793110847473,1
xgb,bis_quatro__A,bis_quatro,A,6,271,0,0.6473762392997742,1
xgb,bis_quatro__A,bis_quatro,A,6,271,0,0.00961749255657196,0
xgb,bis_quatro__A,bis_quatro,A,6,271,0,0.010190265253186226,0
xgb,bis_quatro__A,bis_quatro,A,6,271,0,0.45635807514190674,0
xgb,bis_quatro__A,bis_quatro,A,6,271,0,0.05124112218618393,0
xgb,bis_quatro__A,bis_quatro,A,6,271,0,0.049450043588876724,0
xgb,bis_quatro__A,bis_quatro,A,6,271,0,0.01400697696954012,0
xgb,bis_quatro__A,bis_quatro,A,6,271,0,0.04291020333766937,0
xgb,bis_quatro__A,bis_quatro,A,6,271,1,0.8166471123695374,1
xgb,bis_quatro__A,bis_quatro,A,6,271,1,0.9764703512191772,1
xgb,bis_quatro__A,bis_quatro,A,6,271,1,0.49077022075653076,0
xgb,bis_quatro__A,bis_quatro,A,6,271,1,0.9730677604675293,1
xgb,bis_quatro__A,bis_quatro,A,6,271,1,0.6712038516998291,1
xgb,bis_quatro__A,bis_quatro,A,6,271,1,0.9510862231254578,1
xgb,bis_quatro__A,bis_quatro,A,6,271,1,0.9759182929992676,1
xgb,bis_quatro__A,bis_quatro,A,6,271,1,0.5812017321586609,1
xgb,bis_quatro__A,bis_quatro,A,6,271,1,0.7003504037857056,1
xgb,bis_quatro__A,bis_quatro,A,6,271,1,0.7073224782943726,1
xgb,bis_quatro__A,bis_quatro,A,6,271,1,0.7367993593215942,1
xgb,bis_quatro__A,bis_quatro,A,6,271,1,0.6686921715736389,1
xgb,bis_quatro__A,bis_quatro,A,6,271,1,0.9112300276756287,1
xgb,bis_quatro__A,bis_quatro,A,6,271,1,0.9657224416732788,1
xgb,bis_quatro__A,bis_quatro,A,7,251,0,0.00046807705075480044,0
xgb,bis_quatro__A,bis_quatro,A,7,251,0,0.0029571251943707466,0
xgb,bis_quatro__A,bis_quatro,A,7,251,0,0.005895242560654879,0
xgb,bis_quatro__A,bis_quatro,A,7,251,0,0.0006438650307245553,0
xgb,bis_quatro__A,bis_quatro,A,7,251,0,0.004067536909133196,0
xgb,bis_quatro__A,bis_quatro,A,7,251,0,0.011017674580216408,0
xgb,bis_quatro__A,bis_quatro,A,7,251,0,0.009654310531914234,0
xgb,bis_quatro__A,bis_quatro,A,7,251,0,0.0016971518052741885,0
xgb,bis_quatro__A,bis_quatro,A,7,251,0,0.0045473030768334866,0
xgb,bis_quatro__A,bis_quatro,A,7,251,0,0.0030810197349637747,0
xgb,bis_quatro__A,bis_quatro,A,7,251,0,0.0042171175591647625,0
xgb,bis_quatro__A,bis_quatro,A,7,251,0,0.0030810197349637747,0
xgb,bis_quatro__A,bis_quatro,A,7,251,0,0.0025256082881242037,0
xgb,bis_quatro__A,bis_quatro,A,7,251,0,0.00250696181319654,0
xgb,bis_quatro__A,bis_quatro,A,7,251,1,0.2713998854160309,0
xgb,bis_quatro__A,bis_quatro,A,7,251,1,0.03325698897242546,0
xgb,bis_quatro__A,bis_quatro,A,7,251,1,0.03879373520612717,0
xgb,bis_quatro__A,bis_quatro,A,7,251,1,0.062076978385448456,0
xgb,bis_quatro__A,bis_quatro,A,7,251,1,0.009099769406020641,0
xgb,bis_quatro__A,bis_quatro,A,7,251,1,0.18212762475013733,0
xgb,bis_quatro__A,bis_quatro,A,7,251,1,0.0031957048922777176,0
xgb,bis_quatro__A,bis_quatro,A,7,251,1,0.20280839502811432,0
xgb,bis_quatro__A,bis_quatro,A,7,251,1,0.2902287542819977,0
xgb,bis_quatro__A,bis_quatro,A,7,251,1,0.007241383660584688,0
xgb,bis_quatro__A,bis_quatro,A,7,251,1,0.001013319008052349,0
xgb,bis_quatro__A,bis_quatro,A,7,251,1,0.01067240908741951,0
xgb,bis_quatro__A,bis_quatro,A,7,251,1,0.08186564594507217,0
xgb,bis_quatro__A,bis_quatro,A,8,282,0,0.0065584029071033,0
xgb,bis_quatro__A,bis_quatro,A,8,282,0,0.004077566787600517,0
xgb,bis_quatro__A,bis_quatro,A,8,282,0,0.010012086480855942,0
xgb,bis_quatro__A,bis_quatro,A,8,282,0,0.006608596071600914,0
xgb,bis_quatro__A,bis_quatro,A,8,282,0,0.00797500740736723,0
xgb,bis_quatro__A,bis_quatro,A,8,282,0,0.004361972212791443,0
xgb,bis_quatro__A,bis_quatro,A,8,282,0,0.005586093757301569,0
xgb,bis_quatro__A,bis_quatro,A,8,282,0,0.009577764198184013,0
xgb,bis_quatro__A,bis_quatro,A,8,282,0,0.010204728692770004,0
xgb,bis_quatro__A,bis_quatro,A,8,282,0,0.0014403077075257897,0
xgb,bis_quatro__A,bis_quatro,A,8,282,0,0.005974490661174059,0
xgb,bis_quatro__A,bis_quatro,A,8,282,0,0.0018296369817107916,0
xgb,bis_quatro__A,bis_quatro,A,8,282,0,0.003045863937586546,0
xgb,bis_quatro__A,bis_quatro,A,8,282,0,0.005404761526733637,0
xgb,bis_quatro__A,bis_quatro,A,8,282,1,0.9671539664268494,1
xgb,bis_quatro__A,bis_quatro,A,8,282,1,0.9682867527008057,1
xgb,bis_quatro__A,bis_quatro,A,8,282,1,0.6541733145713806,1
xgb,bis_quatro__A,bis_quatro,A,8,282,1,0.9099113941192627,1
xgb,bis_quatro__A,bis_quatro,A,8,282,1,0.9828473329544067,1
xgb,bis_quatro__A,bis_quatro,A,8,282,1,0.9513084292411804,1
xgb,bis_quatro__A,bis_quatro,A,8,282,1,0.012518437579274178,0
xgb,bis_quatro__A,bis_quatro,A,8,282,1,0.7887985706329346,1
xgb,bis_quatro__A,bis_quatro,A,8,282,1,0.995261013507843,1
xgb,bis_quatro__A,bis_quatro,A,8,282,1,0.9735884070396423,1
xgb,bis_quatro__A,bis_quatro,A,8,282,1,0.7750784158706665,1
xgb,bis_quatro__A,bis_quatro,A,9,210,0,0.04449565336108208,0
xgb,bis_quatro__A,bis_quatro,A,9,210,0,0.17311111092567444,0
xgb,bis_quatro__A,bis_quatro,A,9,210,0,0.5865557193756104,1
xgb,bis_quatro__A,bis_quatro,A,9,210,0,0.6149979829788208,1
xgb,bis_quatro__A,bis_quatro,A,9,210,0,0.18551455438137054,0
xgb,bis_quatro__A,bis_quatro,A,9,210,0,0.9520127773284912,1
xgb,bis_quatro__A,bis_quatro,A,9,210,0,0.015708979219198227,0
xgb,bis_quatro__A,bis_quatro,A,9,210,0,0.9481652975082397,1
xgb,bis_quatro__A,bis_quatro,A,9,210,0,0.2420927882194519,0
xgb,bis_quatro__A,bis_quatro,A,9,210,0,0.04867791756987572,0
xgb,bis_quatro__A,bis_quatro,A,9,210,0,0.013867508620023727,0
xgb,bis_quatro__A,bis_quatro,A,9,210,0,0.003918386064469814,0
xgb,bis_quatro__A,bis_quatro,A,9,210,0,0.0030108930077403784,0
xgb,bis_quatro__A,bis_quatro,A,9,210,0,0.4176604449748993,0
xgb,bis_quatro__A,bis_quatro,A,9,210,1,0.30416637659072876,0
xgb,bis_quatro__A,bis_quatro,A,9,210,1,0.8989483118057251,1
xgb,bis_quatro__A,bis_quatro,A,9,210,1,0.9931032657623291,1
xgb,bis_quatro__A,bis_quatro,A,9,210,1,0.9801692366600037,1
xgb,bis_quatro__A,bis_quatro,A,9,210,1,0.9673873782157898,1
xgb,bis_quatro__A,bis_quatro,A,9,210,1,0.9236159324645996,1
xgb,bis_quatro__A,bis_quatro,A,9,210,1,0.5827667713165283,1
xgb,bis_quatro__A,bis_quatro,A,9,210,1,0.9902660250663757,1
xgb,bis_quatro__A,bis_quatro,A,9,210,1,0.9999113082885742,1
xgb,bis_quatro__A,bis_quatro,A,9,210,1,0.9997127652168274,1
xgb,bis_quatro__A,bis_quatro,A,9,210,1,0.7755813002586365,1
xgb,bis_quatro__A,bis_quatro,A,10,265,0,0.8652116656303406,1
xgb,bis_quatro__A,bis_quatro,A,10,265,0,0.9984264373779297,1
xgb,bis_quatro__A,bis_quatro,A,10,265,0,0.9936214089393616,1
xgb,bis_quatro__A,bis_quatro,A,10,265,0,0.9947517514228821,1
xgb,bis_quatro__A,bis_quatro,A,10,265,0,0.9976845979690552,1
xgb,bis_quatro__A,bis_quatro,A,10,265,0,0.9994829893112183,1
xgb,bis_quatro__A,bis_quatro,A,10,265,0,0.6436756253242493,1
xgb,bis_quatro__A,bis_quatro,A,10,265,0,0.9929661750793457,1
xgb,bis_quatro__A,bis_quatro,A,10,265,0,0.7880285382270813,1
xgb,bis_quatro__A,bis_quatro,A,10,265,0,0.9967365860939026,1
xgb,bis_quatro__A,bis_quatro,A,10,265,0,0.9737867712974548,1
xgb,bis_quatro__A,bis_quatro,A,10,265,0,0.20974795520305634,0
xgb,bis_quatro__A,bis_quatro,A,10,265,0,0.9973316192626953,1
xgb,bis_quatro__A,bis_quatro,A,10,265,1,0.9591169953346252,1
xgb,bis_quatro__A,bis_quatro,A,10,265,1,0.7359029054641724,1
xgb,bis_quatro__A,bis_quatro,A,10,265,1,0.9935591816902161,1
xgb,bis_quatro__A,bis_quatro,A,10,265,1,0.985808789730072,1
xgb,bis_quatro__A,bis_quatro,A,10,265,1,0.9943557977676392,1
xgb,bis_quatro__A,bis_quatro,A,10,265,1,0.5550099015235901,1
xgb,bis_quatro__A,bis_quatro,A,10,265,1,0.9469581842422485,1
xgb,bis_quatro__A,bis_quatro,A,10,265,1,0.9955611228942871,1
xgb,bis_quatro__A,bis_quatro,A,10,265,1,0.4663795232772827,0
xgb,bis_quatro__A,bis_quatro,A,10,265,1,0.990213930606842,1
xgb,bis_quatro__A,bis_quatro,A,10,265,1,0.8922073841094971,1
xgb,bis_quatro__B,bis_quatro,B,1,249,0,0.03382088243961334,0
xgb,bis_quatro__B,bis_quatro,B,1,249,0,0.9231556057929993,1
xgb,bis_quatro__B,bis_quatro,B,1,249,0,0.8962374925613403,1
xgb,bis_quatro__B,bis_quatro,B,1,249,0,0.123104028403759,0
xgb,bis_quatro__B,bis_quatro,B,1,249,0,0.9491423964500427,1
xgb,bis_quatro__B,bis_quatro,B,1,249,0,0.5474420189857483,1
xgb,bis_quatro__B,bis_quatro,B,1,249,0,0.24585646390914917,0
xgb,bis_quatro__B,bis_quatro,B,1,249,0,0.8177312016487122,1
xgb,bis_quatro__B,bis_quatro,B,1,249,0,0.9559118151664734,1
xgb,bis_quatro__B,bis_quatro,B,1,249,0,0.6468111872673035,1
xgb,bis_quatro__B,bis_quatro,B,1,249,0,0.24110427498817444,0
xgb,bis_quatro__B,bis_quatro,B,1,249,0,0.4304901957511902,0
xgb,bis_quatro__B,bis_quatro,B,1,249,0,0.5316089391708374,1
xgb,bis_quatro__B,bis_quatro,B,1,249,0,0.9771425724029541,1
xgb,bis_quatro__B,bis_quatro,B,1,249,0,0.5558509230613708,1
xgb,bis_quatro__B,bis_quatro,B,1,249,1,0.8989766240119934,1
xgb,bis_quatro__B,bis_quatro,B,1,249,1,0.008710412308573723,0
xgb,bis_quatro__B,bis_quatro,B,1,249,1,0.5068194270133972,1
xgb,bis_quatro__B,bis_quatro,B,1,249,1,0.11702796071767807,0
xgb,bis_quatro__B,bis_quatro,B,1,249,1,0.7765641212463379,1
xgb,bis_quatro__B,bis_quatro,B,1,249,1,0.07257823646068573,0
xgb,bis_quatro__B,bis_quatro,B,1,249,1,0.9086220860481262,1
xgb,bis_quatro__B,bis_quatro,B,1,249,1,0.8322397470474243,1
xgb,bis_quatro__B,bis_quatro,B,1,249,1,0.94233638048172,1
xgb,bis_quatro__B,bis_quatro,B,1,249,1,0.43005701899528503,0
xgb,bis_quatro__B,bis_quatro,B,1,249,1,0.49292507767677307,0
xgb,bis_quatro__B,bis_quatro,B,1,249,1,0.2574562132358551,0
xgb,bis_quatro__B,bis_quatro,B,1,249,1,0.05884832143783569,0
xgb,bis_quatro__B,bis_quatro,B,1,249,1,0.5840275883674622,1
xgb,bis_quatro__B,bis_quatro,B,1,249,1,0.8862531781196594,1
xgb,bis_quatro__B,bis_quatro,B,1,249,1,0.9731366038322449,1
xgb,bis_quatro__B,bis_quatro,B,1,249,1,0.3358512222766876,0
xgb,bis_quatro__B,bis_quatro,B,2,219,0,0.6658778786659241,1
xgb,bis_quatro__B,bis_quatro,B,2,219,0,0.3197060525417328,0
xgb,bis_quatro__B,bis_quatro,B,2,219,0,0.6347607970237732,1
xgb,bis_quatro__B,bis_quatro,B,2,219,0,0.01269199512898922,0
xgb,bis_quatro__B,bis_quatro,B,2,219,0,0.33997997641563416,0
xgb,bis_quatro__B,bis_quatro,B,2,219,0,0.7797145843505859,1
xgb,bis_quatro__B,bis_quatro,B,2,219,0,0.7072218656539917,1
xgb,bis_quatro__B,bis_quatro,B,2,219,0,0.9178032875061035,1
xgb,bis_quatro__B,bis_quatro,B,2,219,0,0.39707115292549133,0
xgb,bis_quatro__B,bis_quatro,B,2,219,0,0.06335660815238953,0
xgb,bis_quatro__B,bis_quatro,B,2,219,0,0.5253748893737793,1
xgb,bis_quatro__B,bis_quatro,B,2,219,0,0.5001480579376221,1
xgb,bis_quatro__B,bis_quatro,B,2,219,0,0.79169100522995,1
xgb,bis_quatro__B,bis_quatro,B,2,219,0,0.6809802055358887,1
xgb,bis_quatro__B,bis_quatro,B,2,219,1,0.2905857563018799,0
xgb,bis_quatro__B,bis_quatro,B,2,219,1,0.19268982112407684,0
xgb,bis_quatro__B,bis_quatro,B,2,219,1,0.95341557264328,1
xgb,bis_quatro__B,bis_quatro,B,2,219,1,0.9631341695785522,1
xgb,bis_quatro__B,bis_quatro,B,2,219,1,0.1896970272064209,0
xgb,bis_quatro__B,bis_quatro,B,2,219,1,0.8876535296440125,1
xgb,bis_quatro__B,bis_quatro,B,2,219,1,0.10303815454244614,0
xgb,bis_quatro__B,bis_quatro,B,2,219,1,0.9631673693656921,1
xgb,bis_quatro__B,bis_quatro,B,2,219,1,0.4150133430957794,0
xgb,bis_quatro__B,bis_quatro,B,2,219,1,0.8705209493637085,1
xgb,bis_quatro__B,bis_quatro,B,2,219,1,0.9135067462921143,1
xgb,bis_quatro__B,bis_quatro,B,2,219,1,0.4772493541240692,0
xgb,bis_quatro__B,bis_quatro,B,2,219,1,0.23165056109428406,0
xgb,bis_quatro__B,bis_quatro,B,2,219,1,0.9735804796218872,1
xgb,bis_quatro__B,bis_quatro,B,2,219,1,0.916706919670105,1
xgb,bis_quatro__B,bis_quatro,B,2,219,1,0.9431732296943665,1
xgb,bis_quatro__B,bis_quatro,B,3,313,0,0.34939974546432495,0
xgb,bis_quatro__B,bis_quatro,B,3,313,0,0.6300594210624695,1
xgb,bis_quatro__B,bis_quatro,B,3,313,0,0.7554126977920532,1
xgb,bis_quatro__B,bis_quatro,B,3,313,0,0.8923590779304504,1
xgb,bis_quatro__B,bis_quatro,B,3,313,0,0.19488829374313354,0
xgb,bis_quatro__B,bis_quatro,B,3,313,0,0.599824845790863,1
xgb,bis_quatro__B,bis_quatro,B,3,313,0,0.08359550684690475,0
xgb,bis_quatro__B,bis_quatro,B,3,313,0,0.05249544978141785,0
xgb,bis_quatro__B,bis_quatro,B,3,313,0,0.17802631855010986,0
xgb,bis_quatro__B,bis_quatro,B,3,313,0,0.11670732498168945,0
xgb,bis_quatro__B,bis_quatro,B,3,313,0,0.7150518298149109,1
xgb,bis_quatro__B,bis_quatro,B,3,313,0,0.4964907169342041,0
xgb,bis_quatro__B,bis_quatro,B,3,313,0,0.41688358783721924,0
xgb,bis_quatro__B,bis_quatro,B,3,313,0,0.11129236966371536,0
xgb,bis_quatro__B,bis_quatro,B,3,313,0,0.07544532418251038,0
xgb,bis_quatro__B,bis_quatro,B,3,313,1,0.4621325433254242,0
xgb,bis_quatro__B,bis_quatro,B,3,313,1,0.9742609858512878,1
xgb,bis_quatro__B,bis_quatro,B,3,313,1,0.039416540414094925,0
xgb,bis_quatro__B,bis_quatro,B,3,313,1,0.18178817629814148,0
xgb,bis_quatro__B,bis_quatro,B,3,313,1,0.17066602408885956,0
xgb,bis_quatro__B,bis_quatro,B,3,313,1,0.6868551969528198,1
xgb,bis_quatro__B,bis_quatro,B,3,313,1,0.030818190425634384,0
xgb,bis_quatro__B,bis_quatro,B,3,313,1,0.5304373502731323,1
xgb,bis_quatro__B,bis_quatro,B,3,313,1,0.44945406913757324,0
xgb,bis_quatro__B,bis_quatro,B,3,313,1,0.37411779165267944,0
xgb,bis_quatro__B,bis_quatro,B,3,313,1,0.8160679340362549,1
xgb,bis_quatro__B,bis_quatro,B,3,313,1,0.6611844301223755,1
xgb,bis_quatro__B,bis_quatro,B,3,313,1,0.419024795293808,0
xgb,bis_quatro__B,bis_quatro,B,3,313,1,0.0756714791059494,0
xgb,bis_quatro__B,bis_quatro,B,4,318,0,0.09587865322828293,0
xgb,bis_quatro__B,bis_quatro,B,4,318,0,0.18277566134929657,0
xgb,bis_quatro__B,bis_quatro,B,4,318,0,0.3858245015144348,0
xgb,bis_quatro__B,bis_quatro,B,4,318,0,0.4229385554790497,0
xgb,bis_quatro__B,bis_quatro,B,4,318,0,0.3988053798675537,0
xgb,bis_quatro__B,bis_quatro,B,4,318,0,0.5571517944335938,1
xgb,bis_quatro__B,bis_quatro,B,4,318,0,0.0501512810587883,0
xgb,bis_quatro__B,bis_quatro,B,4,318,0,0.35815203189849854,0
xgb,bis_quatro__B,bis_quatro,B,4,318,0,0.7836161255836487,1
xgb,bis_quatro__B,bis_quatro,B,4,318,0,0.007533021736890078,0
xgb,bis_quatro__B,bis_quatro,B,4,318,0,0.3788556754589081,0
xgb,bis_quatro__B,bis_quatro,B,4,318,0,0.4909483790397644,0
xgb,bis_quatro__B,bis_quatro,B,4,318,0,0.07702459394931793,0
xgb,bis_quatro__B,bis_quatro,B,4,318,0,0.13076479732990265,0
xgb,bis_quatro__B,bis_quatro,B,4,318,1,0.32198384404182434,0
xgb,bis_quatro__B,bis_quatro,B,4,318,1,0.777993381023407,1
xgb,bis_quatro__B,bis_quatro,B,4,318,1,0.11394700407981873,0
xgb,bis_quatro__B,bis_quatro,B,4,318,1,0.13318097591400146,0
xgb,bis_quatro__B,bis_quatro,B,4,318,1,0.130290687084198,0
xgb,bis_quatro__B,bis_quatro,B,4,318,1,0.5232229828834534,1
xgb,bis_quatro__B,bis_quatro,B,4,318,1,0.11944828927516937,0
xgb,bis_quatro__B,bis_quatro,B,4,318,1,0.7994604110717773,1
xgb,bis_quatro__B,bis_quatro,B,4,318,1,0.5192158818244934,1
xgb,bis_quatro__B,bis_quatro,B,4,318,1,0.22685672342777252,0
xgb,bis_quatro__B,bis_quatro,B,4,318,1,0.1292910873889923,0
xgb,bis_quatro__B,bis_quatro,B,4,318,1,0.04097035154700279,0
xgb,bis_quatro__B,bis_quatro,B,4,318,1,0.1436072736978531,0
xgb,bis_quatro__B,bis_quatro,B,4,318,1,0.17500393092632294,0
xgb,bis_quatro__B,bis_quatro,B,5,300,0,0.8674977421760559,1
xgb,bis_quatro__B,bis_quatro,B,5,300,0,0.9794031977653503,1
xgb,bis_quatro__B,bis_quatro,B,5,300,0,0.10077110677957535,0
xgb,bis_quatro__B,bis_quatro,B,5,300,0,0.008575113490223885,0
xgb,bis_quatro__B,bis_quatro,B,5,300,0,0.25567007064819336,0
xgb,bis_quatro__B,bis_quatro,B,5,300,0,0.5767999291419983,1
xgb,bis_quatro__B,bis_quatro,B,5,300,0,0.6156295537948608,1
xgb,bis_quatro__B,bis_quatro,B,5,300,0,0.9700246453285217,1
xgb,bis_quatro__B,bis_quatro,B,5,300,0,0.2949267029762268,0
xgb,bis_quatro__B,bis_quatro,B,5,300,0,0.6435901522636414,1
xgb,bis_quatro__B,bis_quatro,B,5,300,0,0.4317704737186432,0
xgb,bis_quatro__B,bis_quatro,B,5,300,0,0.2407522350549698,0
xgb,bis_quatro__B,bis_quatro,B,5,300,0,0.8957746624946594,1
xgb,bis_quatro__B,bis_quatro,B,5,300,0,0.5883452296257019,1
xgb,bis_quatro__B,bis_quatro,B,5,300,1,0.1690753996372223,0
xgb,bis_quatro__B,bis_quatro,B,5,300,1,0.8761764764785767,1
xgb,bis_quatro__B,bis_quatro,B,5,300,1,0.7867558598518372,1
xgb,bis_quatro__B,bis_quatro,B,5,300,1,0.06170697510242462,0
xgb,bis_quatro__B,bis_quatro,B,5,300,1,0.03934989124536514,0
xgb,bis_quatro__B,bis_quatro,B,5,300,1,0.13901744782924652,0
xgb,bis_quatro__B,bis_quatro,B,5,300,1,0.8362371921539307,1
xgb,bis_quatro__B,bis_quatro,B,5,300,1,0.35436877608299255,0
xgb,bis_quatro__B,bis_quatro,B,5,300,1,0.09869014471769333,0
xgb,bis_quatro__B,bis_quatro,B,5,300,1,0.9746729135513306,1
xgb,bis_quatro__B,bis_quatro,B,5,300,1,0.7399621605873108,1
xgb,bis_quatro__B,bis_quatro,B,5,300,1,0.19647885859012604,0
xgb,bis_quatro__B,bis_quatro,B,5,300,1,0.6670588850975037,1
xgb,bis_quatro__B,bis_quatro,B,5,300,1,0.8055781722068787,1
xgb,bis_quatro__B,bis_quatro,B,6,271,0,0.8583759665489197,1
xgb,bis_quatro__B,bis_quatro,B,6,271,0,0.8254721164703369,1
xgb,bis_quatro__B,bis_quatro,B,6,271,0,0.7325637340545654,1
xgb,bis_quatro__B,bis_quatro,B,6,271,0,0.05975602567195892,0
xgb,bis_quatro__B,bis_quatro,B,6,271,0,0.7244172096252441,1
xgb,bis_quatro__B,bis_quatro,B,6,271,0,0.10819962620735168,0
xgb,bis_quatro__B,bis_quatro,B,6,271,0,0.9682031273841858,1
xgb,bis_quatro__B,bis_quatro,B,6,271,0,0.854094922542572,1
xgb,bis_quatro__B,bis_quatro,B,6,271,0,0.7556455135345459,1
xgb,bis_quatro__B,bis_quatro,B,6,271,0,0.14186672866344452,0
xgb,bis_quatro__B,bis_quatro,B,6,271,0,0.5941815972328186,1
xgb,bis_quatro__B,bis_quatro,B,6,271,0,0.0851324051618576,0
xgb,bis_quatro__B,bis_quatro,B,6,271,0,0.07169432938098907,0
xgb,bis_quatro__B,bis_quatro,B,6,271,0,0.9154766798019409,1
xgb,bis_quatro__B,bis_quatro,B,6,271,1,0.94329434633255,1
xgb,bis_quatro__B,bis_quatro,B,6,271,1,0.21742331981658936,0
xgb,bis_quatro__B,bis_quatro,B,6,271,1,0.8570528626441956,1
xgb,bis_quatro__B,bis_quatro,B,6,271,1,0.7385286688804626,1
xgb,bis_quatro__B,bis_quatro,B,6,271,1,0.0214143767952919,0
xgb,bis_quatro__B,bis_quatro,B,6,271,1,0.28740131855010986,0
xgb,bis_quatro__B,bis_quatro,B,6,271,1,0.6364801526069641,1
xgb,bis_quatro__B,bis_quatro,B,6,271,1,0.8328432440757751,1
xgb,bis_quatro__B,bis_quatro,B,6,271,1,0.3738681674003601,0
xgb,bis_quatro__B,bis_quatro,B,6,271,1,0.9754294157028198,1
xgb,bis_quatro__B,bis_quatro,B,6,271,1,0.05178908631205559,0
xgb,bis_quatro__B,bis_quatro,B,6,271,1,0.19252336025238037,0
xgb,bis_quatro__B,bis_quatro,B,6,271,1,0.011906188912689686,0
xgb,bis_quatro__B,bis_quatro,B,6,271,1,0.1341489553451538,0
xgb,bis_quatro__B,bis_quatro,B,7,251,0,0.8272374272346497,1
xgb,bis_quatro__B,bis_quatro,B,7,251,0,0.910368800163269,1
xgb,bis_quatro__B,bis_quatro,B,7,251,0,0.41583195328712463,0
xgb,bis_quatro__B,bis_quatro,B,7,251,0,0.922136664390564,1
xgb,bis_quatro__B,bis_quatro,B,7,251,0,0.23259994387626648,0
xgb,bis_quatro__B,bis_quatro,B,7,251,0,0.8406338095664978,1
xgb,bis_quatro__B,bis_quatro,B,7,251,0,0.5564036965370178,1
xgb,bis_quatro__B,bis_quatro,B,7,251,0,0.4485741853713989,0
xgb,bis_quatro__B,bis_quatro,B,7,251,0,0.5465670824050903,1
xgb,bis_quatro__B,bis_quatro,B,7,251,0,0.030372321605682373,0
xgb,bis_quatro__B,bis_quatro,B,7,251,0,0.028218233957886696,0
xgb,bis_quatro__B,bis_quatro,B,7,251,0,0.019548024982213974,0
xgb,bis_quatro__B,bis_quatro,B,7,251,0,0.9940740466117859,1
xgb,bis_quatro__B,bis_quatro,B,7,251,0,0.48516377806663513,0
xgb,bis_quatro__B,bis_quatro,B,7,251,1,0.00868982169777155,0
xgb,bis_quatro__B,bis_quatro,B,7,251,1,0.22148792445659637,0
xgb,bis_quatro__B,bis_quatro,B,7,251,1,0.45854651927948,0
xgb,bis_quatro__B,bis_quatro,B,7,251,1,0.0019790253136307,0
xgb,bis_quatro__B,bis_quatro,B,7,251,1,0.0248416718095541,0
xgb,bis_quatro__B,bis_quatro,B,7,251,1,0.19755426049232483,0
xgb,bis_quatro__B,bis_quatro,B,7,251,1,0.6391265392303467,1
xgb,bis_quatro__B,bis_quatro,B,7,251,1,0.5093337297439575,1
xgb,bis_quatro__B,bis_quatro,B,7,251,1,0.23687484860420227,0
xgb,bis_quatro__B,bis_quatro,B,7,251,1,0.3998596966266632,0
xgb,bis_quatro__B,bis_quatro,B,7,251,1,0.4706191122531891,0
xgb,bis_quatro__B,bis_quatro,B,7,251,1,0.13672319054603577,0
xgb,bis_quatro__B,bis_quatro,B,7,251,1,0.30637499690055847,0
xgb,bis_quatro__B,bis_quatro,B,8,282,0,0.7222445607185364,1
xgb,bis_quatro__B,bis_quatro,B,8,282,0,0.08958888798952103,0
xgb,bis_quatro__B,bis_quatro,B,8,282,0,0.32479652762413025,0
xgb,bis_quatro__B,bis_quatro,B,8,282,0,0.9061571955680847,1
xgb,bis_quatro__B,bis_quatro,B,8,282,0,0.5666115880012512,1
xgb,bis_quatro__B,bis_quatro,B,8,282,0,0.720565915107727,1
xgb,bis_quatro__B,bis_quatro,B,8,282,0,0.8424549102783203,1
xgb,bis_quatro__B,bis_quatro,B,8,282,0,0.7828214764595032,1
xgb,bis_quatro__B,bis_quatro,B,8,282,0,0.9088319540023804,1
xgb,bis_quatro__B,bis_quatro,B,8,282,0,0.5246294736862183,1
xgb,bis_quatro__B,bis_quatro,B,8,282,0,0.8247883319854736,1
xgb,bis_quatro__B,bis_quatro,B,8,282,0,0.8472522497177124,1
xgb,bis_quatro__B,bis_quatro,B,8,282,0,0.2856608033180237,0
xgb,bis_quatro__B,bis_quatro,B,8,282,0,0.0655789002776146,0
xgb,bis_quatro__B,bis_quatro,B,8,282,1,0.6354585289955139,1
xgb,bis_quatro__B,bis_quatro,B,8,282,1,0.9068068265914917,1
xgb,bis_quatro__B,bis_quatro,B,8,282,1,0.27703848481178284,0
xgb,bis_quatro__B,bis_quatro,B,8,282,1,0.24994300305843353,0
xgb,bis_quatro__B,bis_quatro,B,8,282,1,0.44634225964546204,0
xgb,bis_quatro__B,bis_quatro,B,8,282,1,0.88921058177948,1
xgb,bis_quatro__B,bis_quatro,B,8,282,1,0.9082329869270325,1
xgb,bis_quatro__B,bis_quatro,B,8,282,1,0.3264617323875427,0
xgb,bis_quatro__B,bis_quatro,B,8,282,1,0.7915264964103699,1
xgb,bis_quatro__B,bis_quatro,B,8,282,1,0.5554563403129578,1
xgb,bis_quatro__B,bis_quatro,B,8,282,1,0.22873681783676147,0
xgb,bis_quatro__B,bis_quatro,B,9,210,0,0.32908275723457336,0
xgb,bis_quatro__B,bis_quatro,B,9,210,0,0.4237085282802582,0
xgb,bis_quatro__B,bis_quatro,B,9,210,0,0.5746859312057495,1
xgb,bis_quatro__B,bis_quatro,B,9,210,0,0.7974578738212585,1
xgb,bis_quatro__B,bis_quatro,B,9,210,0,0.02746751718223095,0
xgb,bis_quatro__B,bis_quatro,B,9,210,0,0.5523878931999207,1
xgb,bis_quatro__B,bis_quatro,B,9,210,0,0.47500908374786377,0
xgb,bis_quatro__B,bis_quatro,B,9,210,0,0.9309003353118896,1
xgb,bis_quatro__B,bis_quatro,B,9,210,0,0.6251034140586853,1
xgb,bis_quatro__B,bis_quatro,B,9,210,0,0.9733962416648865,1
xgb,bis_quatro__B,bis_quatro,B,9,210,0,0.17906905710697174,0
xgb,bis_quatro__B,bis_quatro,B,9,210,0,0.15928088128566742,0
xgb,bis_quatro__B,bis_quatro,B,9,210,0,0.9028059244155884,1
xgb,bis_quatro__B,bis_quatro,B,9,210,0,0.6374005675315857,1
xgb,bis_quatro__B,bis_quatro,B,9,210,1,0.9243184924125671,1
xgb,bis_quatro__B,bis_quatro,B,9,210,1,0.8803721070289612,1
xgb,bis_quatro__B,bis_quatro,B,9,210,1,0.9729317426681519,1
xgb,bis_quatro__B,bis_quatro,B,9,210,1,0.8296831846237183,1
xgb,bis_quatro__B,bis_quatro,B,9,210,1,0.6492379307746887,1
xgb,bis_quatro__B,bis_quatro,B,9,210,1,0.9168465733528137,1
xgb,bis_quatro__B,bis_quatro,B,9,210,1,0.5972028970718384,1
xgb,bis_quatro__B,bis_quatro,B,9,210,1,0.7745638489723206,1
xgb,bis_quatro__B,bis_quatro,B,9,210,1,0.36284616589546204,0
xgb,bis_quatro__B,bis_quatro,B,9,210,1,0.7212963700294495,1
xgb,bis_quatro__B,bis_quatro,B,9,210,1,0.430126428604126,0
xgb,bis_quatro__B,bis_quatro,B,10,265,0,0.6105499863624573,1
xgb,bis_quatro__B,bis_quatro,B,10,265,0,0.6548787951469421,1
xgb,bis_quatro__B,bis_quatro,B,10,265,0,0.860728919506073,1
xgb,bis_quatro__B,bis_quatro,B,10,265,0,0.48424336314201355,0
xgb,bis_quatro__B,bis_quatro,B,10,265,0,0.659278392791748,1
xgb,bis_quatro__B,bis_quatro,B,10,265,0,0.3098376989364624,0
xgb,bis_quatro__B,bis_quatro,B,10,265,0,0.6670680046081543,1
xgb,bis_quatro__B,bis_quatro,B,10,265,0,0.13018196821212769,0
xgb,bis_quatro__B,bis_quatro,B,10,265,0,0.3167758584022522,0
xgb,bis_quatro__B,bis_quatro,B,10,265,0,0.8008033633232117,1
xgb,bis_quatro__B,bis_quatro,B,10,265,0,0.45754948258399963,0
xgb,bis_quatro__B,bis_quatro,B,10,265,0,0.5004815459251404,1
xgb,bis_quatro__B,bis_quatro,B,10,265,0,0.6087043285369873,1
xgb,bis_quatro__B,bis_quatro,B,10,265,1,0.8782325983047485,1
xgb,bis_quatro__B,bis_quatro,B,10,265,1,0.1376437544822693,0
xgb,bis_quatro__B,bis_quatro,B,10,265,1,0.9282512068748474,1
xgb,bis_quatro__B,bis_quatro,B,10,265,1,0.6606693267822266,1
xgb,bis_quatro__B,bis_quatro,B,10,265,1,0.1385161131620407,0
xgb,bis_quatro__B,bis_quatro,B,10,265,1,0.909285306930542,1
xgb,bis_quatro__B,bis_quatro,B,10,265,1,0.4853516221046448,0
xgb,bis_quatro__B,bis_quatro,B,10,265,1,0.9658227562904358,1
xgb,bis_quatro__B,bis_quatro,B,10,265,1,0.6439028978347778,1
xgb,bis_quatro__B,bis_quatro,B,10,265,1,0.3350418508052826,0
xgb,bis_quatro__B,bis_quatro,B,10,265,1,0.8730182647705078,1
xgb,bis_quatro__C,bis_quatro,C,1,249,0,0.0027151789981871843,0
xgb,bis_quatro__C,bis_quatro,C,1,249,0,0.7378628849983215,1
xgb,bis_quatro__C,bis_quatro,C,1,249,0,0.9984216690063477,1
xgb,bis_quatro__C,bis_quatro,C,1,249,0,0.013461724855005741,0
xgb,bis_quatro__C,bis_quatro,C,1,249,0,0.08972083032131195,0
xgb,bis_quatro__C,bis_quatro,C,1,249,0,0.9380032420158386,1
xgb,bis_quatro__C,bis_quatro,C,1,249,0,0.01738385669887066,0
xgb,bis_quatro__C,bis_quatro,C,1,249,0,0.012429975904524326,0
xgb,bis_quatro__C,bis_quatro,C,1,249,0,0.00789705291390419,0
xgb,bis_quatro__C,bis_quatro,C,1,249,0,0.0019536521285772324,0
xgb,bis_quatro__C,bis_quatro,C,1,249,0,0.0019943774677813053,0
xgb,bis_quatro__C,bis_quatro,C,1,249,0,0.037835586816072464,0
xgb,bis_quatro__C,bis_quatro,C,1,249,0,0.9791156053543091,1
xgb,bis_quatro__C,bis_quatro,C,1,249,0,0.8098043203353882,1
xgb,bis_quatro__C,bis_quatro,C,1,249,0,0.003907281439751387,0
xgb,bis_quatro__C,bis_quatro,C,1,249,1,0.9589778780937195,1
xgb,bis_quatro__C,bis_quatro,C,1,249,1,0.06626689434051514,0
xgb,bis_quatro__C,bis_quatro,C,1,249,1,0.8236813545227051,1
xgb,bis_quatro__C,bis_quatro,C,1,249,1,0.9871446490287781,1
xgb,bis_quatro__C,bis_quatro,C,1,249,1,0.9687086343765259,1
xgb,bis_quatro__C,bis_quatro,C,1,249,1,0.3512307405471802,0
xgb,bis_quatro__C,bis_quatro,C,1,249,1,0.9729681015014648,1
xgb,bis_quatro__C,bis_quatro,C,1,249,1,0.5981586575508118,1
xgb,bis_quatro__C,bis_quatro,C,1,249,1,0.9863861799240112,1
xgb,bis_quatro__C,bis_quatro,C,1,249,1,0.5404589176177979,1
xgb,bis_quatro__C,bis_quatro,C,1,249,1,0.019890526309609413,0
xgb,bis_quatro__C,bis_quatro,C,1,249,1,0.4614713788032532,0
xgb,bis_quatro__C,bis_quatro,C,1,249,1,0.22467803955078125,0
xgb,bis_quatro__C,bis_quatro,C,1,249,1,0.36280471086502075,0
xgb,bis_quatro__C,bis_quatro,C,1,249,1,0.9612017869949341,1
xgb,bis_quatro__C,bis_quatro,C,1,249,1,0.3487083613872528,0
xgb,bis_quatro__C,bis_quatro,C,1,249,1,0.6463038921356201,1
xgb,bis_quatro__C,bis_quatro,C,2,219,0,0.9520166516304016,1
xgb,bis_quatro__C,bis_quatro,C,2,219,0,0.5745557546615601,1
xgb,bis_quatro__C,bis_quatro,C,2,219,0,0.9152147173881531,1
xgb,bis_quatro__C,bis_quatro,C,2,219,0,0.9573619961738586,1
xgb,bis_quatro__C,bis_quatro,C,2,219,0,0.826590895652771,1
xgb,bis_quatro__C,bis_quatro,C,2,219,0,0.6129752397537231,1
xgb,bis_quatro__C,bis_quatro,C,2,219,0,0.1593143492937088,0
xgb,bis_quatro__C,bis_quatro,C,2,219,0,0.34457752108573914,0
xgb,bis_quatro__C,bis_quatro,C,2,219,0,0.949603796005249,1
xgb,bis_quatro__C,bis_quatro,C,2,219,0,0.08798037469387054,0
xgb,bis_quatro__C,bis_quatro,C,2,219,0,0.04379415884613991,0
xgb,bis_quatro__C,bis_quatro,C,2,219,0,0.405105322599411,0
xgb,bis_quatro__C,bis_quatro,C,2,219,0,0.018758118152618408,0
xgb,bis_quatro__C,bis_quatro,C,2,219,0,0.3214080333709717,0
xgb,bis_quatro__C,bis_quatro,C,2,219,1,0.4425289034843445,0
xgb,bis_quatro__C,bis_quatro,C,2,219,1,0.4556833803653717,0
xgb,bis_quatro__C,bis_quatro,C,2,219,1,0.7401863932609558,1
xgb,bis_quatro__C,bis_quatro,C,2,219,1,0.8929953575134277,1
xgb,bis_quatro__C,bis_quatro,C,2,219,1,0.445258229970932,0
xgb,bis_quatro__C,bis_quatro,C,2,219,1,0.5901889204978943,1
xgb,bis_quatro__C,bis_quatro,C,2,219,1,0.6808866262435913,1
xgb,bis_quatro__C,bis_quatro,C,2,219,1,0.922350287437439,1
xgb,bis_quatro__C,bis_quatro,C,2,219,1,0.885994017124176,1
xgb,bis_quatro__C,bis_quatro,C,2,219,1,0.7151522636413574,1
xgb,bis_quatro__C,bis_quatro,C,2,219,1,0.3814716339111328,0
xgb,bis_quatro__C,bis_quatro,C,2,219,1,0.12430696934461594,0
xgb,bis_quatro__C,bis_quatro,C,2,219,1,0.4506385624408722,0
xgb,bis_quatro__C,bis_quatro,C,2,219,1,0.9325689673423767,1
xgb,bis_quatro__C,bis_quatro,C,2,219,1,0.814264714717865,1
xgb,bis_quatro__C,bis_quatro,C,2,219,1,0.8411243557929993,1
xgb,bis_quatro__C,bis_quatro,C,3,313,0,0.20504465699195862,0
xgb,bis_quatro__C,bis_quatro,C,3,313,0,0.46542614698410034,0
xgb,bis_quatro__C,bis_quatro,C,3,313,0,0.21754182875156403,0
xgb,bis_quatro__C,bis_quatro,C,3,313,0,0.8266786336898804,1
xgb,bis_quatro__C,bis_quatro,C,3,313,0,0.39045220613479614,0
xgb,bis_quatro__C,bis_quatro,C,3,313,0,0.9720787405967712,1
xgb,bis_quatro__C,bis_quatro,C,3,313,0,0.8512099981307983,1
xgb,bis_quatro__C,bis_quatro,C,3,313,0,0.6679702997207642,1
xgb,bis_quatro__C,bis_quatro,C,3,313,0,0.7585762143135071,1
xgb,bis_quatro__C,bis_quatro,C,3,313,0,0.8668801784515381,1
xgb,bis_quatro__C,bis_quatro,C,3,313,0,0.8507700562477112,1
xgb,bis_quatro__C,bis_quatro,C,3,313,0,0.31447210907936096,0
xgb,bis_quatro__C,bis_quatro,C,3,313,0,0.6619915962219238,1
xgb,bis_quatro__C,bis_quatro,C,3,313,0,0.6076917052268982,1
xgb,bis_quatro__C,bis_quatro,C,3,313,0,0.6015735268592834,1
xgb,bis_quatro__C,bis_quatro,C,3,313,1,0.820160984992981,1
xgb,bis_quatro__C,bis_quatro,C,3,313,1,0.9816994667053223,1
xgb,bis_quatro__C,bis_quatro,C,3,313,1,0.12746068835258484,0
xgb,bis_quatro__C,bis_quatro,C,3,313,1,0.36640432476997375,0
xgb,bis_quatro__C,bis_quatro,C,3,313,1,0.9884960651397705,1
xgb,bis_quatro__C,bis_quatro,C,3,313,1,0.7545439600944519,1
xgb,bis_quatro__C,bis_quatro,C,3,313,1,0.39228466153144836,0
xgb,bis_quatro__C,bis_quatro,C,3,313,1,0.9817084074020386,1
xgb,bis_quatro__C,bis_quatro,C,3,313,1,0.4230441153049469,0
xgb,bis_quatro__C,bis_quatro,C,3,313,1,0.6528820395469666,1
xgb,bis_quatro__C,bis_quatro,C,3,313,1,0.7967982888221741,1
xgb,bis_quatro__C,bis_quatro,C,3,313,1,0.9455336332321167,1
xgb,bis_quatro__C,bis_quatro,C,3,313,1,0.8360934257507324,1
xgb,bis_quatro__C,bis_quatro,C,3,313,1,0.38195088505744934,0
xgb,bis_quatro__C,bis_quatro,C,4,318,0,0.7398688793182373,1
xgb,bis_quatro__C,bis_quatro,C,4,318,0,0.8944455981254578,1
xgb,bis_quatro__C,bis_quatro,C,4,318,0,0.9410773515701294,1
xgb,bis_quatro__C,bis_quatro,C,4,318,0,0.4310939908027649,0
xgb,bis_quatro__C,bis_quatro,C,4,318,0,0.9625071883201599,1
xgb,bis_quatro__C,bis_quatro,C,4,318,0,0.638796865940094,1
xgb,bis_quatro__C,bis_quatro,C,4,318,0,0.2480338215827942,0
xgb,bis_quatro__C,bis_quatro,C,4,318,0,0.004314780235290527,0
xgb,bis_quatro__C,bis_quatro,C,4,318,0,0.010474590584635735,0
xgb,bis_quatro__C,bis_quatro,C,4,318,0,0.388728529214859,0
xgb,bis_quatro__C,bis_quatro,C,4,318,0,0.054210953414440155,0
xgb,bis_quatro__C,bis_quatro,C,4,318,0,0.8212130069732666,1
xgb,bis_quatro__C,bis_quatro,C,4,318,0,0.02741812728345394,0
xgb,bis_quatro__C,bis_quatro,C,4,318,0,0.38179877400398254,0
xgb,bis_quatro__C,bis_quatro,C,4,318,1,0.06550057977437973,0
xgb,bis_quatro__C,bis_quatro,C,4,318,1,0.4048882722854614,0
xgb,bis_quatro__C,bis_quatro,C,4,318,1,0.023516299203038216,0
xgb,bis_quatro__C,bis_quatro,C,4,318,1,0.04053181782364845,0
xgb,bis_quatro__C,bis_quatro,C,4,318,1,0.16728995740413666,0
xgb,bis_quatro__C,bis_quatro,C,4,318,1,0.17626075446605682,0
xgb,bis_quatro__C,bis_quatro,C,4,318,1,0.8048661351203918,1
xgb,bis_quatro__C,bis_quatro,C,4,318,1,0.033284563571214676,0
xgb,bis_quatro__C,bis_quatro,C,4,318,1,0.9260754585266113,1
xgb,bis_quatro__C,bis_quatro,C,4,318,1,0.6134430766105652,1
xgb,bis_quatro__C,bis_quatro,C,4,318,1,0.29172277450561523,0
xgb,bis_quatro__C,bis_quatro,C,4,318,1,0.05292890965938568,0
xgb,bis_quatro__C,bis_quatro,C,4,318,1,0.12783171236515045,0
xgb,bis_quatro__C,bis_quatro,C,4,318,1,0.28545254468917847,0
xgb,bis_quatro__C,bis_quatro,C,5,300,0,0.9721007347106934,1
xgb,bis_quatro__C,bis_quatro,C,5,300,0,0.8835676312446594,1
xgb,bis_quatro__C,bis_quatro,C,5,300,0,0.9584452509880066,1
xgb,bis_quatro__C,bis_quatro,C,5,300,0,0.594137966632843,1
xgb,bis_quatro__C,bis_quatro,C,5,300,0,0.9801152944564819,1
xgb,bis_quatro__C,bis_quatro,C,5,300,0,0.9729799628257751,1
xgb,bis_quatro__C,bis_quatro,C,5,300,0,0.9841082096099854,1
xgb,bis_quatro__C,bis_quatro,C,5,300,0,0.9811038970947266,1
xgb,bis_quatro__C,bis_quatro,C,5,300,0,0.8104827404022217,1
xgb,bis_quatro__C,bis_quatro,C,5,300,0,0.8365316987037659,1
xgb,bis_quatro__C,bis_quatro,C,5,300,0,0.6591046452522278,1
xgb,bis_quatro__C,bis_quatro,C,5,300,0,0.7761102914810181,1
xgb,bis_quatro__C,bis_quatro,C,5,300,0,0.990065336227417,1
xgb,bis_quatro__C,bis_quatro,C,5,300,0,0.9581186771392822,1
xgb,bis_quatro__C,bis_quatro,C,5,300,1,0.7680262327194214,1
xgb,bis_quatro__C,bis_quatro,C,5,300,1,0.9867941737174988,1
xgb,bis_quatro__C,bis_quatro,C,5,300,1,0.9470276236534119,1
xgb,bis_quatro__C,bis_quatro,C,5,300,1,0.9735795855522156,1
xgb,bis_quatro__C,bis_quatro,C,5,300,1,0.9276818633079529,1
xgb,bis_quatro__C,bis_quatro,C,5,300,1,0.9848546981811523,1
xgb,bis_quatro__C,bis_quatro,C,5,300,1,0.9178292751312256,1
xgb,bis_quatro__C,bis_quatro,C,5,300,1,0.5532800555229187,1
xgb,bis_quatro__C,bis_quatro,C,5,300,1,0.9917060136795044,1
xgb,bis_quatro__C,bis_quatro,C,5,300,1,0.9888982176780701,1
xgb,bis_quatro__C,bis_quatro,C,5,300,1,0.9945251941680908,1
xgb,bis_quatro__C,bis_quatro,C,5,300,1,0.9485463500022888,1
xgb,bis_quatro__C,bis_quatro,C,5,300,1,0.8570287227630615,1
xgb,bis_quatro__C,bis_quatro,C,5,300,1,0.9080122709274292,1
xgb,bis_quatro__C,bis_quatro,C,6,271,0,0.6986974477767944,1
xgb,bis_quatro__C,bis_quatro,C,6,271,0,0.0032692141830921173,0
xgb,bis_quatro__C,bis_quatro,C,6,271,0,0.3755994439125061,0
xgb,bis_quatro__C,bis_quatro,C,6,271,0,0.25045108795166016,0
xgb,bis_quatro__C,bis_quatro,C,6,271,0,0.9478161334991455,1
xgb,bis_quatro__C,bis_quatro,C,6,271,0,0.8821621537208557,1
xgb,bis_quatro__C,bis_quatro,C,6,271,0,0.980068564414978,1
xgb,bis_quatro__C,bis_quatro,C,6,271,0,0.03743971884250641,0
xgb,bis_quatro__C,bis_quatro,C,6,271,0,0.004989001899957657,0
xgb,bis_quatro__C,bis_quatro,C,6,271,0,0.4965311586856842,0
xgb,bis_quatro__C,bis_quatro,C,6,271,0,0.08149456977844238,0
xgb,bis_quatro__C,bis_quatro,C,6,271,0,0.042756132781505585,0
xgb,bis_quatro__C,bis_quatro,C,6,271,0,0.0011548189213499427,0
xgb,bis_quatro__C,bis_quatro,C,6,271,0,0.047558270394802094,0
xgb,bis_quatro__C,bis_quatro,C,6,271,1,0.9562335014343262,1
xgb,bis_quatro__C,bis_quatro,C,6,271,1,0.9844949841499329,1
xgb,bis_quatro__C,bis_quatro,C,6,271,1,0.8653448820114136,1
xgb,bis_quatro__C,bis_quatro,C,6,271,1,0.9974293112754822,1
xgb,bis_quatro__C,bis_quatro,C,6,271,1,0.2549593150615692,0
xgb,bis_quatro__C,bis_quatro,C,6,271,1,0.9285905957221985,1
xgb,bis_quatro__C,bis_quatro,C,6,271,1,0.9750381112098694,1
xgb,bis_quatro__C,bis_quatro,C,6,271,1,0.7559114694595337,1
xgb,bis_quatro__C,bis_quatro,C,6,271,1,0.6703812479972839,1
xgb,bis_quatro__C,bis_quatro,C,6,271,1,0.91130131483078,1
xgb,bis_quatro__C,bis_quatro,C,6,271,1,0.6457135081291199,1
xgb,bis_quatro__C,bis_quatro,C,6,271,1,0.7544760704040527,1
xgb,bis_quatro__C,bis_quatro,C,6,271,1,0.8503299951553345,1
xgb,bis_quatro__C,bis_quatro,C,6,271,1,0.9496759176254272,1
xgb,bis_quatro__C,bis_quatro,C,7,251,0,0.0001960801746463403,0
xgb,bis_quatro__C,bis_quatro,C,7,251,0,0.0012235373724251986,0
xgb,bis_quatro__C,bis_quatro,C,7,251,0,0.0007690924685448408,0
xgb,bis_quatro__C,bis_quatro,C,7,251,0,0.0008223315235227346,0
xgb,bis_quatro__C,bis_quatro,C,7,251,0,0.0011661374010145664,0
xgb,bis_quatro__C,bis_quatro,C,7,251,0,0.004676539450883865,0
xgb,bis_quatro__C,bis_quatro,C,7,251,0,0.012618804350495338,0
xgb,bis_quatro__C,bis_quatro,C,7,251,0,0.0002268471143906936,0
xgb,bis_quatro__C,bis_quatro,C,7,251,0,0.0010167161235585809,0
xgb,bis_quatro__C,bis_quatro,C,7,251,0,0.000423406163463369,0
xgb,bis_quatro__C,bis_quatro,C,7,251,0,0.00025756843388080597,0
xgb,bis_quatro__C,bis_quatro,C,7,251,0,0.0015807765303179622,0
xgb,bis_quatro__C,bis_quatro,C,7,251,0,0.003276718081906438,0
xgb,bis_quatro__C,bis_quatro,C,7,251,0,0.00029517035000026226,0
xgb,bis_quatro__C,bis_quatro,C,7,251,1,0.07541301846504211,0
xgb,bis_quatro__C,bis_quatro,C,7,251,1,0.0075996024534106255,0
xgb,bis_quatro__C,bis_quatro,C,7,251,1,0.0959976315498352,0
xgb,bis_quatro__C,bis_quatro,C,7,251,1,0.1652742326259613,0
xgb,bis_quatro__C,bis_quatro,C,7,251,1,0.0017244507325813174,0
xgb,bis_quatro__C,bis_quatro,C,7,251,1,0.5404580235481262,1
xgb,bis_quatro__C,bis_quatro,C,7,251,1,0.010207483544945717,0
xgb,bis_quatro__C,bis_quatro,C,7,251,1,0.4392976462841034,0
xgb,bis_quatro__C,bis_quatro,C,7,251,1,0.5471343398094177,1
xgb,bis_quatro__C,bis_quatro,C,7,251,1,0.014171939343214035,0
xgb,bis_quatro__C,bis_quatro,C,7,251,1,0.0013461033813655376,0
xgb,bis_quatro__C,bis_quatro,C,7,251,1,0.03374937176704407,0
xgb,bis_quatro__C,bis_quatro,C,7,251,1,0.08836418390274048,0
xgb,bis_quatro__C,bis_quatro,C,8,282,0,0.00893551018089056,0
xgb,bis_quatro__C,bis_quatro,C,8,282,0,0.007675282657146454,0
xgb,bis_quatro__C,bis_quatro,C,8,282,0,0.023863963782787323,0
xgb,bis_quatro__C,bis_quatro,C,8,282,0,0.03499949723482132,0
xgb,bis_quatro__C,bis_quatro,C,8,282,0,0.011398032307624817,0
xgb,bis_quatro__C,bis_quatro,C,8,282,0,0.010717816650867462,0
xgb,bis_quatro__C,bis_quatro,C,8,282,0,0.011676137335598469,0
xgb,bis_quatro__C,bis_quatro,C,8,282,0,0.013461560942232609,0
xgb,bis_quatro__C,bis_quatro,C,8,282,0,0.02114773914217949,0
xgb,bis_quatro__C,bis_quatro,C,8,282,0,0.006703682243824005,0
xgb,bis_quatro__C,bis_quatro,C,8,282,0,0.010177206248044968,0
xgb,bis_quatro__C,bis_quatro,C,8,282,0,0.010201390832662582,0
xgb,bis_quatro__C,bis_quatro,C,8,282,0,0.008601963520050049,0
xgb,bis_quatro__C,bis_quatro,C,8,282,0,0.009146754629909992,0
xgb,bis_quatro__C,bis_quatro,C,8,282,1,0.8879536390304565,1
xgb,bis_quatro__C,bis_quatro,C,8,282,1,0.8639177083969116,1
xgb,bis_quatro__C,bis_quatro,C,8,282,1,0.3574662208557129,0
xgb,bis_quatro__C,bis_quatro,C,8,282,1,0.4294634461402893,0
xgb,bis_quatro__C,bis_quatro,C,8,282,1,0.8426752686500549,1
xgb,bis_quatro__C,bis_quatro,C,8,282,1,0.8597245216369629,1
xgb,bis_quatro__C,bis_quatro,C,8,282,1,0.04927302896976471,0
xgb,bis_quatro__C,bis_quatro,C,8,282,1,0.7396840453147888,1
xgb,bis_quatro__C,bis_quatro,C,8,282,1,0.9801791906356812,1
xgb,bis_quatro__C,bis_quatro,C,8,282,1,0.8013572096824646,1
xgb,bis_quatro__C,bis_quatro,C,8,282,1,0.341709703207016,0
xgb,bis_quatro__C,bis_quatro,C,9,210,0,0.02693922072649002,0
xgb,bis_quatro__C,bis_quatro,C,9,210,0,0.16647683084011078,0
xgb,bis_quatro__C,bis_quatro,C,9,210,0,0.7266473174095154,1
xgb,bis_quatro__C,bis_quatro,C,9,210,0,0.7042584419250488,1
xgb,bis_quatro__C,bis_quatro,C,9,210,0,0.0020504684653133154,0
xgb,bis_quatro__C,bis_quatro,C,9,210,0,0.6937807202339172,1
xgb,bis_quatro__C,bis_quatro,C,9,210,0,0.00821093562990427,0
xgb,bis_quatro__C,bis_quatro,C,9,210,0,0.9834027290344238,1
xgb,bis_quatro__C,bis_quatro,C,9,210,0,0.43009892106056213,0
xgb,bis_quatro__C,bis_quatro,C,9,210,0,0.038866881281137466,0
xgb,bis_quatro__C,bis_quatro,C,9,210,0,0.01909693144261837,0
xgb,bis_quatro__C,bis_quatro,C,9,210,0,0.0013466598466038704,0
xgb,bis_quatro__C,bis_quatro,C,9,210,0,0.02771039493381977,0
xgb,bis_quatro__C,bis_quatro,C,9,210,0,0.5228846073150635,1
xgb,bis_quatro__C,bis_quatro,C,9,210,1,0.5894712209701538,1
xgb,bis_quatro__C,bis_quatro,C,9,210,1,0.8913776278495789,1
xgb,bis_quatro__C,bis_quatro,C,9,210,1,0.9979686141014099,1
xgb,bis_quatro__C,bis_quatro,C,9,210,1,0.9349603056907654,1
xgb,bis_quatro__C,bis_quatro,C,9,210,1,0.8574259877204895,1
xgb,bis_quatro__C,bis_quatro,C,9,210,1,0.531959056854248,1
xgb,bis_quatro__C,bis_quatro,C,9,210,1,0.7540935277938843,1
xgb,bis_quatro__C,bis_quatro,C,9,210,1,0.8913627862930298,1
xgb,bis_quatro__C,bis_quatro,C,9,210,1,0.9973461627960205,1
xgb,bis_quatro__C,bis_quatro,C,9,210,1,0.9939193725585938,1
xgb,bis_quatro__C,bis_quatro,C,9,210,1,0.9276569485664368,1
xgb,bis_quatro__C,bis_quatro,C,10,265,0,0.8580232858657837,1
xgb,bis_quatro__C,bis_quatro,C,10,265,0,0.9955534338951111,1
xgb,bis_quatro__C,bis_quatro,C,10,265,0,0.9886478781700134,1
xgb,bis_quatro__C,bis_quatro,C,10,265,0,0.9804204702377319,1
xgb,bis_quatro__C,bis_quatro,C,10,265,0,0.9989657402038574,1
xgb,bis_quatro__C,bis_quatro,C,10,265,0,0.9974068999290466,1
xgb,bis_quatro__C,bis_quatro,C,10,265,0,0.972276508808136,1
xgb,bis_quatro__C,bis_quatro,C,10,265,0,0.9863414168357849,1
xgb,bis_quatro__C,bis_quatro,C,10,265,0,0.9619185328483582,1
xgb,bis_quatro__C,bis_quatro,C,10,265,0,0.979421854019165,1
xgb,bis_quatro__C,bis_quatro,C,10,265,0,0.946445882320404,1
xgb,bis_quatro__C,bis_quatro,C,10,265,0,0.35115846991539,0
xgb,bis_quatro__C,bis_quatro,C,10,265,0,0.9940946698188782,1
xgb,bis_quatro__C,bis_quatro,C,10,265,1,0.9973987340927124,1
xgb,bis_quatro__C,bis_quatro,C,10,265,1,0.3919946253299713,0
xgb,bis_quatro__C,bis_quatro,C,10,265,1,0.9982232451438904,1
xgb,bis_quatro__C,bis_quatro,C,10,265,1,0.9959306120872498,1
xgb,bis_quatro__C,bis_quatro,C,10,265,1,0.9791736602783203,1
xgb,bis_quatro__C,bis_quatro,C,10,265,1,0.8965156078338623,1
xgb,bis_quatro__C,bis_quatro,C,10,265,1,0.9902376532554626,1
xgb,bis_quatro__C,bis_quatro,C,10,265,1,0.9987514019012451,1
xgb,bis_quatro__C,bis_quatro,C,10,265,1,0.9029192328453064,1
xgb,bis_quatro__C,bis_quatro,C,10,265,1,0.9740462303161621,1
xgb,bis_quatro__C,bis_quatro,C,10,265,1,0.9797377586364746,1
