band,edge,ch_a,ch_b,ch_a_name,ch_b_name,importance
theta,0,0,1,Iz,O2,0.00019977216666545745
theta,1,0,2,Iz,Oz,0.00014740899739141682
theta,2,0,3,Iz,O1,0.00019632678449977458
theta,3,0,4,Iz,PO8,0.00023557314591221364
theta,4,0,5,Iz,PO4,0.0001824279598185011
theta,5,0,6,Iz,POz,0.00014793735724735188
theta,6,0,7,Iz,PO3,0.0001646767599080557
theta,7,0,8,Iz,PO7,0.00021020329872304457
theta,8,0,9,Iz,P8,0.00022971982288593021
theta,9,0,10,Iz,P6,0.00017895940543587158
theta,10,0,11,Iz,P4,0.00016089486902056985
theta,11,0,12,Iz,P2,0.00015506525037299238
theta,12,0,13,Iz,Pz,0.0001446408492536878
theta,13,0,14,Iz,P1,0.0001589609006541553
theta,14,0,15,Iz,P3,0.0001570189816506146
theta,15,0,16,Iz,P5,0.00019379674789977525
theta,16,0,17,Iz,P7,0.00022109255962426445
theta,17,0,18,Iz,TP10,0.00023580093913523826
theta,18,0,19,Iz,TP8,0.00019174557921364772
theta,19,0,20,Iz,CP6,0.00016538769050296312
theta,20,0,21,Iz,CP4,0.00017129308881264034
theta,21,0,22,Iz,CP2,0.00015633067403337446
theta,22,0,23,Iz,CPz,0.0001669487441295085
theta,23,0,24,Iz,CP1,0.0002036039074696494
theta,24,0,25,Iz,CP3,0.0002248545072625605
theta,25,0,26,Iz,CP5,0.0002024256809888212
theta,26,0,27,Iz,TP7,0.00020783713563351556
theta,27,0,28,Iz,TP9,0.00020911059465285529
theta,28,0,29,Iz,T8,0.0001862946563860123
theta,29,0,30,Iz,C6,0.00017925816043348584
theta,30,0,31,Iz,C4,0.00019390365392149317
theta,31,0,32,Iz,C2,0.00023941432356737365
theta,32,0,33,Iz,Cz,0.00025953732435175114
theta,33,0,34,Iz,C1,0.0002601115173517994
theta,34,0,35,Iz,C3,0.00019997399964853755
theta,35,0,36,Iz,C5,0.00018224335874548445
theta,36,0,37,Iz,T7,0.00016579675505049759
theta,37,0,38,Iz,FT8,0.00016810004184296705
theta,38,0,39,Iz,FC6,0.00015554704563097718
theta,39,0,40,Iz,FC4,0.00014590322567425057
theta,40,0,41,Iz,FC2,0.0001764034445583968
theta,41,0,42,Iz,AF8,0.00019523672966370115
theta,42,0,43,Iz,FC1,0.00019129777990282184
theta,43,0,44,Iz,FC3,0.00019456962976016528
theta,44,0,45,Iz,FC5,0.00016428935886565036
theta,45,0,46,Iz,FT7,0.00015696728895411518
theta,46,0,47,Iz,F8,0.000170845829568838
theta,47,0,48,Iz,F6,0.00015406861540471839
theta,48,0,49,Iz,F4,0.00017593071797003746
theta,49,0,50,Iz,F2,0.00020322326262887182
theta,50,0,51,Iz,Fz,0.00020931889961252407
theta,51,0,52,Iz,F1,0.00022058732967459243
theta,52,0,53,Iz,F3,0.00019475037014188686
theta,53,0,54,Iz,F5,0.00015986090660064306
theta,54,0,55,Iz,F7,0.00013439568255142157
theta,55,0,56,Iz,AF4,0.00019877878066589566
theta,56,0,57,Iz,AF7,0.00018534789801920963
theta,57,0,58,Iz,AF3,0.00015978176822647864
theta,58,0,59,Iz,Fp2,0.00016966480385460813
theta,59,0,60,Iz,Fpz,0.0001801989774976902
theta,60,0,61,Iz,Fp1,0.00015502054018729874
theta,61,1,2,O2,Oz,0.00021764041019781068
theta,62,1,3,O2,O1,0.00020714908180488627
theta,63,1,4,O2,PO8,0.00022909184640611076
theta,64,1,5,O2,PO4,0.00016028415477722517
theta,65,1,6,O2,POz,0.00018166575191601596
theta,66,1,7,O2,PO3,0.00018581267303490628
theta,67,1,8,O2,PO7,0.00020437287041158658
theta,68,1,9,O2,P8,0.00021722478243609505
theta,69,1,10,O2,P6,0.00018152369759667875
theta,70,1,11,O2,P4,0.00015682612792753715
theta,71,1,12,O2,P2,0.00014500723792535406
theta,72,1,13,O2,Pz,0.00014746082336993172
theta,73,1,14,O2,P1,0.0001651310701843299
theta,74,1,15,O2,P3,0.00017318460024346913
theta,75,1,16,O2,P5,0.00016294349369475522
theta,76,1,17,O2,P7,0.00018598849124217446
theta,77,1,18,O2,TP10,0.0002103031751067957
theta,78,1,19,O2,TP8,0.00020208713568362204
theta,79,1,20,O2,CP6,0.00018470605821071774
theta,80,1,21,O2,CP4,0.0001541105707791349
theta,81,1,22,O2,CP2,0.0001351576206381953
theta,82,1,23,O2,CPz,0.00013622749199499143
theta,83,1,24,O2,CP1,0.00018298766363063592
theta,84,1,25,O2,CP3,0.00018072522283008098
theta,85,1,26,O2,CP5,0.0001780633931615295
theta,86,1,27,O2,TP7,0.0001794610354433121
theta,87,1,28,O2,TP9,0.00018365969164226654
theta,88,1,29,O2,T8,0.0001722633903055575
theta,89,1,30,O2,C6,0.00018054473740637542
theta,90,1,31,O2,C4,0.00016589100961601435
theta,91,1,32,O2,C2,0.0001443176637846097
theta,92,1,33,O2,Cz,0.00016162228447134448
theta,93,1,34,O2,C1,0.00019346977861250174
theta,94,1,35,O2,C3,0.00022249293037968185
theta,95,1,36,O2,C5,0.00018426164339749011
theta,96,1,37,O2,T7,0.00015022113727410552
theta,97,1,38,O2,FT8,0.00018080057091836066
theta,98,1,39,O2,FC6,0.0001887959874314716
theta,99,1,40,O2,FC4,0.00017459142960173866
theta,100,1,41,O2,FC2,0.00019120482884807489
theta,101,1,42,O2,AF8,0.00023200151511376045
theta,102,1,43,O2,FC1,0.00024354099278132965
theta,103,1,44,O2,FC3,0.00023448834411915763
theta,104,1,45,O2,FC5,0.0002158787605505755
theta,105,1,46,O2,FT7,0.00016734634012236183
theta,106,1,47,O2,F8,0.00017427893051645167
theta,107,1,48,O2,F6,0.0001768241188741756
theta,108,1,49,O2,F4,0.0001658924335183823
theta,109,1,50,O2,F2,0.00019991703613756167
theta,110,1,51,O2,Fz,0.00023590960247930914
theta,111,1,52,O2,F1,0.0002523053602685102
theta,112,1,53,O2,F3,0.000232115606697717
theta,113,1,54,O2,F5,0.0001720645222533108
theta,114,1,55,O2,F7,0.00017133602535560657
theta,115,1,56,O2,AF4,0.00018327842798389248
theta,116,1,57,O2,AF7,0.00019699428872890947
theta,117,1,58,O2,AF3,0.0001903523728186396
theta,118,1,59,O2,Fp2,0.000178868448587856
theta,119,1,60,O2,Fpz,0.0001907822755312284
theta,120,1,61,O2,Fp1,0.00019345862248751488
theta,121,2,3,Oz,O1,0.0002246232583347465
theta,122,2,4,Oz,PO8,0.000246446644348643
theta,123,2,5,Oz,PO4,0.00019662681827563362
theta,124,2,6,Oz,POz,0.00018661096181271842
theta,125,2,7,Oz,PO3,0.00018221091747111433
theta,126,2,8,Oz,PO7,0.0002461977887196655
theta,127,2,9,Oz,P8,0.00021037795351839796
theta,128,2,10,Oz,P6,0.00020049384456984634
theta,129,2,11,Oz,P4,0.00018168474551689406
theta,130,2,12,Oz,P2,0.00014214909861851288
theta,131,2,13,Oz,Pz,0.00014513638176313117
theta,132,2,14,Oz,P1,0.0001270408438335088
theta,133,2,15,Oz,P3,0.00018009946563930077
theta,134,2,16,Oz,P5,0.00019394493678495466
theta,135,2,17,Oz,P7,0.0002249371281969208
theta,136,2,18,Oz,TP10,0.00017311721726228144
theta,137,2,19,Oz,TP8,0.00014528919730439125
theta,138,2,20,Oz,CP6,0.0001363157414137149
theta,139,2,21,Oz,CP4,0.00015518322426079175
theta,140,2,22,Oz,CP2,0.00014134817874807872
theta,141,2,23,Oz,CPz,0.0001380935483927547
theta,142,2,24,Oz,CP1,0.00016286289833420314
theta,143,2,25,Oz,CP3,0.0001675284019422695
theta,144,2,26,Oz,CP5,0.0001739301892729619
theta,145,2,27,Oz,TP7,0.00021427442641959031
theta,146,2,28,Oz,TP9,0.0002409837321597612
theta,147,2,29,Oz,T8,0.00014595179566454707
theta,148,2,30,Oz,C6,0.00017680693085036332
theta,149,2,31,Oz,C4,0.00021090502807635147
theta,150,2,32,Oz,C2,0.00020325001564045798
theta,151,2,33,Oz,Cz,0.0002092312434514995
theta,152,2,34,Oz,C1,0.0002071424484509924
theta,153,2,35,Oz,C3,0.0001834524365094359
theta,154,2,36,Oz,C5,0.00018364328716371687
theta,155,2,37,Oz,T7,0.00018088311238484894
theta,156,2,38,Oz,FT8,0.00016874200801523465
theta,157,2,39,Oz,FC6,0.0002034566853844363
theta,158,2,40,Oz,FC4,0.00022676108005103166
theta,159,2,41,Oz,FC2,0.00020157035963416442
theta,160,2,42,Oz,AF8,0.00024978852963574393
theta,161,2,43,Oz,FC1,0.0002153492555153315
theta,162,2,44,Oz,FC3,0.00020799363680521922
theta,163,2,45,Oz,FC5,0.00017585823760024626
theta,164,2,46,Oz,FT7,0.00015983168844213222
theta,165,2,47,Oz,F8,0.00014777392219290767
theta,166,2,48,Oz,F6,0.00019241232898458552
theta,167,2,49,Oz,F4,0.00022074607329051018
theta,168,2,50,Oz,F2,0.00017232464802641217
theta,169,2,51,Oz,Fz,0.00016204242556562857
theta,170,2,52,Oz,F1,0.00020133103400833875
theta,171,2,53,Oz,F3,0.00020427508232928783
theta,172,2,54,Oz,F5,0.00017332669066578312
theta,173,2,55,Oz,F7,0.00015185584983732112
theta,174,2,56,Oz,AF4,0.0001931392845325477
theta,175,2,57,Oz,AF7,0.00019742705519758437
theta,176,2,58,Oz,AF3,0.00018789776593679236
theta,177,2,59,Oz,Fp2,0.00018574743809865964
theta,178,2,60,Oz,Fpz,0.0001992893532960921
theta,179,2,61,Oz,Fp1,0.00018195952923670867
theta,180,3,4,O1,PO8,0.00023023843949119071
theta,181,3,5,O1,PO4,0.00019464879456285194
theta,182,3,6,O1,POz,0.00022283149727522818
theta,183,3,7,O1,PO3,0.0001676377777569448
theta,184,3,8,O1,PO7,0.00022785295369843675
theta,185,3,9,O1,P8,0.00018600486060982307
theta,186,3,10,O1,P6,0.00017636620039368104
theta,187,3,11,O1,P4,0.000178336755100191
theta,188,3,12,O1,P2,0.00015223379592703057
theta,189,3,13,O1,Pz,0.000174615327226101
theta,190,3,14,O1,P1,0.00015436845525867152
theta,191,3,15,O1,P3,0.00016685516928730617
theta,192,3,16,O1,P5,0.00020492453797739128
theta,193,3,17,O1,P7,0.0002024075458095426
theta,194,3,18,O1,TP10,0.0001718002867243077
theta,195,3,19,O1,TP8,0.00014449466657565123
theta,196,3,20,O1,CP6,0.00014919244148574117
theta,197,3,21,O1,CP4,0.0001520080049885879
theta,198,3,22,O1,CP2,0.0001518455540535416
theta,199,3,23,O1,CPz,0.00015548625792601972
theta,200,3,24,O1,CP1,0.00016224264865937762
theta,201,3,25,O1,CP3,0.00018157606461143572
theta,202,3,26,O1,CP5,0.00017687873058960427
theta,203,3,27,O1,TP7,0.00019290305070315692
theta,204,3,28,O1,TP9,0.00022108636495916093
theta,205,3,29,O1,T8,0.0001616983609730391
theta,206,3,30,O1,C6,0.00018967147393901193
theta,207,3,31,O1,C4,0.00023619630301475956
theta,208,3,32,O1,C2,0.0001930239053840234
theta,209,3,33,O1,Cz,0.00020816020321914058
theta,210,3,34,O1,C1,0.0001541613941110055
theta,211,3,35,O1,C3,0.00019790748691106498
theta,212,3,36,O1,C5,0.0001800755178569029
theta,213,3,37,O1,T7,0.00017131580898040286
theta,214,3,38,O1,FT8,0.0001664765267772109
theta,215,3,39,O1,FC6,0.00017646340266860838
theta,216,3,40,O1,FC4,0.00022028185753012933
theta,217,3,41,O1,FC2,0.00025264496357510697
theta,218,3,42,O1,AF8,0.0002463404488787408
theta,219,3,43,O1,FC1,0.00019355321198532476
theta,220,3,44,O1,FC3,0.00020608323038800378
theta,221,3,45,O1,FC5,0.00014705087837823194
theta,222,3,46,O1,FT7,0.00013267827276293936
theta,223,3,47,O1,F8,0.00017649276636549446
theta,224,3,48,O1,F6,0.00014333534225216145
theta,225,3,49,O1,F4,0.00017210349048087724
theta,226,3,50,O1,F2,0.00019606740548373404
theta,227,3,51,O1,Fz,0.00019493974956798996
theta,228,3,52,O1,F1,0.00019832443415515366
theta,229,3,53,O1,F3,0.00017297073881612454
theta,230,3,54,O1,F5,0.0001502166299187741
theta,231,3,55,O1,F7,0.00012153360049870743
theta,232,3,56,O1,AF4,0.0001863803991874505
theta,233,3,57,O1,AF7,0.00018731292374001628
theta,234,3,58,O1,AF3,0.0001723078818336644
theta,235,3,59,O1,Fp2,0.00017863583505279374
theta,236,3,60,O1,Fpz,0.00017289602527299964
theta,237,3,61,O1,Fp1,0.0001492678815776515
theta,238,4,5,PO8,PO4,0.00025478601461479024
theta,239,4,6,PO8,POz,0.00020768031611440854
theta,240,4,7,PO8,PO3,0.00018577853261356284
theta,241,4,8,PO8,PO7,0.0002226180432736764
theta,242,4,9,PO8,P8,0.0002103685076495606
theta,243,4,10,PO8,P6,0.00016991932117687599
theta,244,4,11,PO8,P4,0.00017720789775903798
theta,245,4,12,PO8,P2,0.00018665984970326968
theta,246,4,13,PO8,Pz,0.0001804759296780692
theta,247,4,14,PO8,P1,0.00016059654494708363
theta,248,4,15,PO8,P3,0.00015755772151840628
theta,249,4,16,PO8,P5,0.00015764628432937905
theta,250,4,17,PO8,P7,0.00017266709542680648
theta,251,4,18,PO8,TP10,0.00019410498843416133
theta,252,4,19,PO8,TP8,0.00019846228671808281
theta,253,4,20,PO8,CP6,0.0001890686123143071
theta,254,4,21,PO8,CP4,0.00016879480278417144
theta,255,4,22,PO8,CP2,0.00016020773823826825
theta,256,4,23,PO8,CPz,0.00015061384248772175
theta,257,4,24,PO8,CP1,0.0001675844491654264
theta,258,4,25,PO8,CP3,0.00018221115923109196
theta,259,4,26,PO8,CP5,0.00014797316963227196
theta,260,4,27,PO8,TP7,0.00018400977583994584
theta,261,4,28,PO8,TP9,0.000173168962709039
theta,262,4,29,PO8,T8,0.00018758628193733752
theta,263,4,30,PO8,C6,0.00021625323882329514
theta,264,4,31,PO8,C4,0.0001774594017297859
theta,265,4,32,PO8,C2,0.00016849594469982477
theta,266,4,33,PO8,Cz,0.00017218229418907187
theta,267,4,34,PO8,C1,0.0001830285146892304
theta,268,4,35,PO8,C3,0.00020864753781965257
theta,269,4,36,PO8,C5,0.00019789486868108927
theta,270,4,37,PO8,T7,0.0001476724948093198
theta,271,4,38,PO8,FT8,0.00018736562641492424
theta,272,4,39,PO8,FC6,0.00020384120139591315
theta,273,4,40,PO8,FC4,0.00019695896911510452
theta,274,4,41,PO8,FC2,0.00016204561008542934
theta,275,4,42,PO8,AF8,0.00017292693094990913
theta,276,4,43,PO8,FC1,0.0002279514816287131
theta,277,4,44,PO8,FC3,0.00024176733173983584
theta,278,4,45,PO8,FC5,0.00020751816545189458
theta,279,4,46,PO8,FT7,0.0001756495575913515
theta,280,4,47,PO8,F8,0.0001668733305339597
theta,281,4,48,PO8,F6,0.0001896824114684591
theta,282,4,49,PO8,F4,0.00018287205582185226
theta,283,4,50,PO8,F2,0.00017784613963655205
theta,284,4,51,PO8,Fz,0.00019896977389612414
theta,285,4,52,PO8,F1,0.0002563500431491742
theta,286,4,53,PO8,F3,0.00024721613569865243
theta,287,4,54,PO8,F5,0.000214079299930521
theta,288,4,55,PO8,F7,0.0001953542565593449
theta,289,4,56,PO8,AF4,0.0001731083589243824
theta,290,4,57,PO8,AF7,0.00019289509504236352
theta,291,4,58,PO8,AF3,0.00021070957495547535
theta,292,4,59,PO8,Fp2,0.0001408488584515751
theta,293,4,60,PO8,Fpz,0.00017848516804947693
theta,294,4,61,PO8,Fp1,0.00018323727738816766
theta,295,5,6,PO4,POz,0.00020012475060793216
theta,296,5,7,PO4,PO3,0.00020041003629864962
theta,297,5,8,PO4,PO7,0.00018502015080486682
theta,298,5,9,PO4,P8,0.00020747578370711615
theta,299,5,10,PO4,P6,0.0001890544494901792
theta,300,5,11,PO4,P4,0.00015903188034072476
theta,301,5,12,PO4,P2,0.00014260815886879563
theta,302,5,13,PO4,Pz,0.00017337975214396694
theta,303,5,14,PO4,P1,0.000177191208682928
theta,304,5,15,PO4,P3,0.00019159530730411412
theta,305,5,16,PO4,P5,0.00015914345739276704
theta,306,5,17,PO4,P7,0.00016455598228249312
theta,307,5,18,PO4,TP10,0.0002086568421323113
theta,308,5,19,PO4,TP8,0.00019170344846644369
theta,309,5,20,PO4,CP6,0.00018760741693034193
theta,310,5,21,PO4,CP4,0.00017362689507708593
theta,311,5,22,PO4,CP2,0.00012686883627391313
theta,312,5,23,PO4,CPz,0.00014115596549942462
theta,313,5,24,PO4,CP1,0.00018443995711935204
theta,314,5,25,PO4,CP3,0.00016731491153634476
theta,315,5,26,PO4,CP5,0.0001454455485395174
theta,316,5,27,PO4,TP7,0.00015546676813569794
theta,317,5,28,PO4,TP9,0.00017191966427416172
theta,318,5,29,PO4,T8,0.00016050849223578427
theta,319,5,30,PO4,C6,0.00018338040849270147
theta,320,5,31,PO4,C4,0.00015242499514879276
theta,321,5,32,PO4,C2,0.00012316263694942567
theta,322,5,33,PO4,Cz,0.00012581391142394343
theta,323,5,34,PO4,C1,0.0001418499716557618
theta,324,5,35,PO4,C3,0.00019092902716514657
theta,325,5,36,PO4,C5,0.0001683724132872004
theta,326,5,37,PO4,T7,0.0001522584276507024
theta,327,5,38,PO4,FT8,0.00018471309116656725
theta,328,5,39,PO4,FC6,0.00019538004922412905
theta,329,5,40,PO4,FC4,0.00015264061618875624
theta,330,5,41,PO4,FC2,0.00012529441806989044
theta,331,5,42,PO4,AF8,0.0001644400203900972
theta,332,5,43,PO4,FC1,0.00019761010598786958
theta,333,5,44,PO4,FC3,0.00022478397048087038
theta,334,5,45,PO4,FC5,0.00020996777405698429
theta,335,5,46,PO4,FT7,0.0001994093146048119
theta,336,5,47,PO4,F8,0.00020064485261739887
theta,337,5,48,PO4,F6,0.0002046114430524971
theta,338,5,49,PO4,F4,0.0001677836837742334
theta,339,5,50,PO4,F2,0.00017214971172224938
theta,340,5,51,PO4,Fz,0.00022165852396610592
theta,341,5,52,PO4,F1,0.0002474128611153215
theta,342,5,53,PO4,F3,0.0002282106962470522
theta,343,5,54,PO4,F5,0.00021850036677627648
theta,344,5,55,PO4,F7,0.0002068325486505439
theta,345,5,56,PO4,AF4,0.00019459187753850278
theta,346,5,57,PO4,AF7,0.00022293030329168157
theta,347,5,58,PO4,AF3,0.0002163431177888998
theta,348,5,59,PO4,Fp2,0.000241800930333635
theta,349,5,60,PO4,Fpz,0.00024901795387153713
theta,350,5,61,PO4,Fp1,0.00022793572061944413
theta,351,6,7,POz,PO3,0.00020128810940826255
theta,352,6,8,POz,PO7,0.00020923319734551254
theta,353,6,9,POz,P8,0.00017349957922504976
theta,354,6,10,POz,P6,0.00017012436353616134
theta,355,6,11,POz,P4,0.00014467415147000594
theta,356,6,12,POz,P2,0.00016113968909539986
theta,357,6,13,POz,Pz,0.00013301455467284187
theta,358,6,14,POz,P1,0.0001755631642933233
theta,359,6,15,POz,P3,0.00018459564670227644
theta,360,6,16,POz,P5,0.00020556256077787673
theta,361,6,17,POz,P7,0.00018941833878753016
theta,362,6,18,POz,TP10,0.00017800788341193585
theta,363,6,19,POz,TP8,0.0001844022965876581
theta,364,6,20,POz,CP6,0.00016052839801013874
theta,365,6,21,POz,CP4,0.00015392141713053146
theta,366,6,22,POz,CP2,0.00016308429012375607
theta,367,6,23,POz,CPz,0.00013087399495903784
theta,368,6,24,POz,CP1,0.00017129813881059416
theta,369,6,25,POz,CP3,0.0001793846978452138
theta,370,6,26,POz,CP5,0.00019917647334147405
theta,371,6,27,POz,TP7,0.0001758634429645472
theta,372,6,28,POz,TP9,0.00020252523904753958
theta,373,6,29,POz,T8,0.00020200118275229734
theta,374,6,30,POz,C6,0.0002239623749042247
theta,375,6,31,POz,C4,0.00015447757430419375
theta,376,6,32,POz,C2,0.00016521360055328662
theta,377,6,33,POz,Cz,0.00016713867959768805
theta,378,6,34,POz,C1,0.00016579886089342286
theta,379,6,35,POz,C3,0.00018112546570022494
theta,380,6,36,POz,C5,0.0001819591802640378
theta,381,6,37,POz,T7,0.00016566205189208304
theta,382,6,38,POz,FT8,0.0002311128861827042
theta,383,6,39,POz,FC6,0.00024240172773016478
theta,384,6,40,POz,FC4,0.0001863665493168019
theta,385,6,41,POz,FC2,0.00016778487469347426
theta,386,6,42,POz,AF8,0.00020259899281035743
theta,387,6,43,POz,FC1,0.00019933533349709255
theta,388,6,44,POz,FC3,0.00021153901582695263
theta,389,6,45,POz,FC5,0.00018538710033029845
theta,390,6,46,POz,FT7,0.00020164347946807908
theta,391,6,47,POz,F8,0.0002033861421487386
theta,392,6,48,POz,F6,0.0002206634222816803
theta,393,6,49,POz,F4,0.000202333388943493
theta,394,6,50,POz,F2,0.0001827361360274818
theta,395,6,51,POz,Fz,0.00019465872742531476
theta,396,6,52,POz,F1,0.000242222071084273
theta,397,6,53,POz,F3,0.00024365911853868968
theta,398,6,54,POz,F5,0.00021314713780238675
theta,399,6,55,POz,F7,0.00019643389857100418
theta,400,6,56,POz,AF4,0.0002289143212163701
theta,401,6,57,POz,AF7,0.00022600529718900817
theta,402,6,58,POz,AF3,0.0002512966066105526
theta,403,6,59,POz,Fp2,0.00023788111620935904
theta,404,6,60,POz,Fpz,0.00024299207607209836
theta,405,6,61,POz,Fp1,0.00024122038195100365
theta,406,7,8,PO3,PO7,0.0001970776825371297
theta,407,7,9,PO3,P8,0.00015447736906220412
theta,408,7,10,PO3,P6,0.00015266706802176804
theta,409,7,11,PO3,P4,0.00017656624105382156
theta,410,7,12,PO3,P2,0.00015365389244560525
theta,411,7,13,PO3,Pz,0.00016058425449965596
theta,412,7,14,PO3,P1,0.00016218855268096887
theta,413,7,15,PO3,P3,0.00018686645001672465
theta,414,7,16,PO3,P5,0.00021008351434240405
theta,415,7,17,PO3,P7,0.0002012360928420025
theta,416,7,18,PO3,TP10,0.00017852694017927238
theta,417,7,19,PO3,TP8,0.00016097366196316301
theta,418,7,20,PO3,CP6,0.00015366931558482444
theta,419,7,21,PO3,CP4,0.00016741399441039394
theta,420,7,22,PO3,CP2,0.0001411876835947699
theta,421,7,23,PO3,CPz,0.00013557158997007656
theta,422,7,24,PO3,CP1,0.000153745315231482
theta,423,7,25,PO3,CP3,0.00020014797352113674
theta,424,7,26,PO3,CP5,0.0001934378617365577
theta,425,7,27,PO3,TP7,0.00018734428843717555
theta,426,7,28,PO3,TP9,0.00020620104676725835
theta,427,7,29,PO3,T8,0.00017909694536454723
theta,428,7,30,PO3,C6,0.00019600955484452937
theta,429,7,31,PO3,C4,0.00019266036361440176
theta,430,7,32,PO3,C2,0.00016425734173319468
theta,431,7,33,PO3,Cz,0.00016879634534611203
theta,432,7,34,PO3,C1,0.00013710461880091769
theta,433,7,35,PO3,C3,0.00018432672611911103
theta,434,7,36,PO3,C5,0.00017269431739629792
theta,435,7,37,PO3,T7,0.00019704778593369987
theta,436,7,38,PO3,FT8,0.00019451508381566361
theta,437,7,39,PO3,FC6,0.00021010394241745416
theta,438,7,40,PO3,FC4,0.0002081898921975819
theta,439,7,41,PO3,FC2,0.00018384687486548132
theta,440,7,42,PO3,AF8,0.00020451257078340834
theta,441,7,43,PO3,FC1,0.00018201415194686612
theta,442,7,44,PO3,FC3,0.00017019588835262821
theta,443,7,45,PO3,FC5,0.0001656369040046874
theta,444,7,46,PO3,FT7,0.00015439794405390235
theta,445,7,47,PO3,F8,0.00019491985182539532
theta,446,7,48,PO3,F6,0.00020695647692749292
theta,447,7,49,PO3,F4,0.00019929414082526647
theta,448,7,50,PO3,F2,0.00020584873545778778
theta,449,7,51,PO3,Fz,0.00018038078664134273
theta,450,7,52,PO3,F1,0.00016778055687610724
theta,451,7,53,PO3,F3,0.0001622080448569219
theta,452,7,54,PO3,F5,0.00017228250112461717
theta,453,7,55,PO3,F7,0.0001612239666889561
theta,454,7,56,PO3,AF4,0.00021403356464031175
theta,455,7,57,PO3,AF7,0.00019465986060259642
theta,456,7,58,PO3,AF3,0.00021263466324230657
theta,457,7,59,PO3,Fp2,0.0002292750714231201
theta,458,7,60,PO3,Fpz,0.0002436819241669083
theta,459,7,61,PO3,Fp1,0.00018520000151414317
theta,460,8,9,PO7,P8,0.00020125606300393006
theta,461,8,10,PO7,P6,0.00019336552717952413
theta,462,8,11,PO7,P4,0.00016346735961844493
theta,463,8,12,PO7,P2,0.0001774172456605274
theta,464,8,13,PO7,Pz,0.00016785616409943893
theta,465,8,14,PO7,P1,0.00016689505159388197
theta,466,8,15,PO7,P3,0.00018768878797335652
theta,467,8,16,PO7,P5,0.00019908299907783582
theta,468,8,17,PO7,P7,0.00020783206658619432
theta,469,8,18,PO7,TP10,0.00016668396947248917
theta,470,8,19,PO7,TP8,0.00018334667538506846
theta,471,8,20,PO7,CP6,0.00016762110895340716
theta,472,8,21,PO7,CP4,0.00015057324767742635
theta,473,8,22,PO7,CP2,0.00016975066875423353
theta,474,8,23,PO7,CPz,0.00016057699211512408
theta,475,8,24,PO7,CP1,0.0001773224694388306
theta,476,8,25,PO7,CP3,0.00021145735492567288
theta,477,8,26,PO7,CP5,0.00018749492011222186
theta,478,8,27,PO7,TP7,0.00022269585594606334
theta,479,8,28,PO7,TP9,0.00022677706862281338
theta,480,8,29,PO7,T8,0.00017871244931398704
theta,481,8,30,PO7,C6,0.00020313308236032134
theta,482,8,31,PO7,C4,0.0002117821592723086
theta,483,8,32,PO7,C2,0.00019470242558111835
theta,484,8,33,PO7,Cz,0.0002160759287715779
theta,485,8,34,PO7,C1,0.00018368332698155291
theta,486,8,35,PO7,C3,0.00022648427742465028
theta,487,8,36,PO7,C5,0.00020175171634582222
theta,488,8,37,PO7,T7,0.00018239324501561884
theta,489,8,38,PO7,FT8,0.00016492787526520755
theta,490,8,39,PO7,FC6,0.00019541793221277505
theta,491,8,40,PO7,FC4,0.00021772628693130864
theta,492,8,41,PO7,FC2,0.0002509080271468238
theta,493,8,42,PO7,AF8,0.00024401459367333965
theta,494,8,43,PO7,FC1,0.00021958961878724672
theta,495,8,44,PO7,FC3,0.0002298263834683596
theta,496,8,45,PO7,FC5,0.0001655743736297411
theta,497,8,46,PO7,FT7,0.00015187278895822178
theta,498,8,47,PO7,F8,0.00016468743447617162
theta,499,8,48,PO7,F6,0.0001644356265949192
theta,500,8,49,PO7,F4,0.00019150093080662543
theta,501,8,50,PO7,F2,0.0002313630657421299
theta,502,8,51,PO7,Fz,0.00022733616343991893
theta,503,8,52,PO7,F1,0.0002455515073472991
theta,504,8,53,PO7,F3,0.00022070606478159094
theta,505,8,54,PO7,F5,0.00018811625175169127
theta,506,8,55,PO7,F7,0.00016056407202330906
theta,507,8,56,PO7,AF4,0.00023417033524676857
theta,508,8,57,PO7,AF7,0.00022855475117424198
theta,509,8,58,PO7,AF3,0.0001858726905791325
theta,510,8,59,PO7,Fp2,0.00019763209018893295
theta,511,8,60,PO7,Fpz,0.00021100394430189983
theta,512,8,61,PO7,Fp1,0.00016888095878446433
theta,513,9,10,P8,P6,0.00019208856228278244
theta,514,9,11,P8,P4,0.00019025665481433183
theta,515,9,12,P8,P2,0.0001712188042585815
theta,516,9,13,P8,Pz,0.00016163717885233722
theta,517,9,14,P8,P1,0.00014542624592875592
theta,518,9,15,P8,P3,0.0001424817816333893
theta,519,9,16,P8,P5,0.00016034788615877017
theta,520,9,17,P8,P7,0.00019661649417495428
theta,521,9,18,P8,TP10,0.00022816796780922204
theta,522,9,19,P8,TP8,0.00019101983938413908
theta,523,9,20,P8,CP6,0.0002175799324304996
theta,524,9,21,P8,CP4,0.00019431288147545906
theta,525,9,22,P8,CP2,0.00016856687005593755
theta,526,9,23,P8,CPz,0.0001640946335057447
theta,527,9,24,P8,CP1,0.0001561602773921234
theta,528,9,25,P8,CP3,0.000211123069371918
theta,529,9,26,P8,CP5,0.00016098688832403283
theta,530,9,27,P8,TP7,0.00020331848538982037
theta,531,9,28,P8,TP9,0.00020043439352309842
theta,532,9,29,P8,T8,0.00019676147873746267
theta,533,9,30,P8,C6,0.00021530466037124582
theta,534,9,31,P8,C4,0.00018827776546056664
theta,535,9,32,P8,C2,0.00018204913591375938
theta,536,9,33,P8,Cz,0.00021030252851905328
theta,537,9,34,P8,C1,0.00021621687423970903
theta,538,9,35,P8,C3,0.00020761694782666173
theta,539,9,36,P8,C5,0.00020271507496556675
theta,540,9,37,P8,T7,0.00019668598357847224
theta,541,9,38,P8,FT8,0.00019116128669197435
theta,542,9,39,P8,FC6,0.00019266344086354227
theta,543,9,40,P8,FC4,0.00019618228172987558
theta,544,9,41,P8,FC2,0.00020220457223089154
theta,545,9,42,P8,AF8,0.00018825243366847404
theta,546,9,43,P8,FC1,0.00019641018689883866
theta,547,9,44,P8,FC3,0.00023881875997890984
theta,548,9,45,P8,FC5,0.00019399377451027254
theta,549,9,46,P8,FT7,0.00017864285619237952
theta,550,9,47,P8,F8,0.00018819739500112946
theta,551,9,48,P8,F6,0.00018976715999661356
theta,552,9,49,P8,F4,0.00017260141145599158
theta,553,9,50,P8,F2,0.00018590636284781923
theta,554,9,51,P8,Fz,0.0001815191717166261
theta,555,9,52,P8,F1,0.00022913544102511518
theta,556,9,53,P8,F3,0.00024026229651605575
theta,557,9,54,P8,F5,0.00021238975064211937
theta,558,9,55,P8,F7,0.00018114730747088119
theta,559,9,56,P8,AF4,0.00015539009177851444
theta,560,9,57,P8,AF7,0.00016282063079949672
theta,561,9,58,P8,AF3,0.00019530924716283602
theta,562,9,59,P8,Fp2,0.0001296259490799852
theta,563,9,60,P8,Fpz,0.0001628930617786421
theta,564,9,61,P8,Fp1,0.00017956930569761124
theta,565,10,11,P6,P4,0.00019042620203738646
theta,566,10,12,P6,P2,0.00017355458675768595
theta,567,10,13,P6,Pz,0.00018225622781483915
theta,568,10,14,P6,P1,0.00016270632375000937
theta,569,10,15,P6,P3,0.00015636828677232707
theta,570,10,16,P6,P5,0.000170367043507104
theta,571,10,17,P6,P7,0.00017020622408489208
theta,572,10,18,P6,TP10,0.00023522164577250223
theta,573,10,19,P6,TP8,0.00021348167753545391
theta,574,10,20,P6,CP6,0.0001763542864241913
theta,575,10,21,P6,CP4,0.0001782155218639124
theta,576,10,22,P6,CP2,0.0001646097458138448
theta,577,10,23,P6,CPz,0.0001698040148676475
theta,578,10,24,P6,CP1,0.00015626560484099112
theta,579,10,25,P6,CP3,0.00017574625273512393
theta,580,10,26,P6,CP5,0.00016347188244197783
theta,581,10,27,P6,TP7,0.0001850236353018879
theta,582,10,28,P6,TP9,0.0001779175123903631
theta,583,10,29,P6,T8,0.00018877394810160964
theta,584,10,30,P6,C6,0.00018320540963560043
theta,585,10,31,P6,C4,0.00016845695579470135
theta,586,10,32,P6,C2,0.00014877728402176417
theta,587,10,33,P6,Cz,0.000157249758615759
theta,588,10,34,P6,C1,0.00016655738476525314
theta,589,10,35,P6,C3,0.00018186178699439328
theta,590,10,36,P6,C5,0.00021237420426561583
theta,591,10,37,P6,T7,0.00018177306485333747
theta,592,10,38,P6,FT8,0.00018632634478084323
theta,593,10,39,P6,FC6,0.00017882896050814857
theta,594,10,40,P6,FC4,0.00016629117165196312
theta,595,10,41,P6,FC2,0.0001531975981113076
theta,596,10,42,P6,AF8,0.0001549158928532563
theta,597,10,43,P6,FC1,0.00020627214535707763
theta,598,10,44,P6,FC3,0.00018650882304276732
theta,599,10,45,P6,FC5,0.0001874292511266482
theta,600,10,46,P6,FT7,0.00018378833370432903
theta,601,10,47,P6,F8,0.00018543017786103552
theta,602,10,48,P6,F6,0.0001767359843631013
theta,603,10,49,P6,F4,0.00016070446570089675
theta,604,10,50,P6,F2,0.00016572410774415595
theta,605,10,51,P6,Fz,0.00016948244636555694
theta,606,10,52,P6,F1,0.0002056373748212186
theta,607,10,53,P6,F3,0.00020492443821713114
theta,608,10,54,P6,F5,0.00020659629343437188
theta,609,10,55,P6,F7,0.00019792719345145668
theta,610,10,56,P6,AF4,0.0001669552157145813
theta,611,10,57,P6,AF7,0.000153014691402331
theta,612,10,58,P6,AF3,0.00019491081055483773
theta,613,10,59,P6,Fp2,0.00013271286601550938
theta,614,10,60,P6,Fpz,0.0001529500463640974
theta,615,10,61,P6,Fp1,0.00015739917157718344
theta,616,11,12,P4,P2,0.00018098849144852343
theta,617,11,13,P4,Pz,0.00020824738441524985
theta,618,11,14,P4,P1,0.00019796231331018315
theta,619,11,15,P4,P3,0.0001890799395702912
theta,620,11,16,P4,P5,0.00015787456250689573
theta,621,11,17,P4,P7,0.00014865702977994474
theta,622,11,18,P4,TP10,0.00021835694073174113
theta,623,11,19,P4,TP8,0.00021065726902025486
theta,624,11,20,P4,CP6,0.0001596635954466481
theta,625,11,21,P4,CP4,0.0001484712453586959
theta,626,11,22,P4,CP2,0.00015028370592730755
theta,627,11,23,P4,CPz,0.00017066985916039287
theta,628,11,24,P4,CP1,0.00017936101585809476
theta,629,11,25,P4,CP3,0.0001651830175933436
theta,630,11,26,P4,CP5,0.00018040330549449405
theta,631,11,27,P4,TP7,0.00015045924867712414
theta,632,11,28,P4,TP9,0.0001709839610867682
theta,633,11,29,P4,T8,0.00017732370952416504
theta,634,11,30,P4,C6,0.00017494705436846888
theta,635,11,31,P4,C4,0.00016617283292467972
theta,636,11,32,P4,C2,0.0001304613287776346
theta,637,11,33,P4,Cz,0.00013113250566648886
theta,638,11,34,P4,C1,0.000131136248445061
theta,639,11,35,P4,C3,0.00016582804095006495
theta,640,11,36,P4,C5,0.0002125695034780047
theta,641,11,37,P4,T7,0.0001595050540215317
theta,642,11,38,P4,FT8,0.00017746405325901087
theta,643,11,39,P4,FC6,0.0001631212683861851
theta,644,11,40,P4,FC4,0.0001415864901415763
theta,645,11,41,P4,FC2,0.00012838949303630828
theta,646,11,42,P4,AF8,0.00013151311787108335
theta,647,11,43,P4,FC1,0.0001534808201949027
theta,648,11,44,P4,FC3,0.00016382442270862518
theta,649,11,45,P4,FC5,0.00017961120189819102
theta,650,11,46,P4,FT7,0.00020177651896276572
theta,651,11,47,P4,F8,0.00020309988627461884
theta,652,11,48,P4,F6,0.00016655349221952325
theta,653,11,49,P4,F4,0.00013023477411941404
theta,654,11,50,P4,F2,0.00014079654716448597
theta,655,11,51,P4,Fz,0.0001603553106922635
theta,656,11,52,P4,F1,0.00017178860270491406
theta,657,11,53,P4,F3,0.00020029341031716419
theta,658,11,54,P4,F5,0.00016513989859991886
theta,659,11,55,P4,F7,0.00019188095259983385
theta,660,11,56,P4,AF4,0.00016861741738380363
theta,661,11,57,P4,AF7,0.00018423226055406023
theta,662,11,58,P4,AF3,0.00019549213257764197
theta,663,11,59,P4,Fp2,0.00017608295663808777
theta,664,11,60,P4,Fpz,0.00018126349907807892
theta,665,11,61,P4,Fp1,0.0001726421923987262
theta,666,12,13,P2,Pz,0.0001839495444726814
theta,667,12,14,P2,P1,0.00019536595797669862
theta,668,12,15,P2,P3,0.00018489447626308977
theta,669,12,16,P2,P5,0.0001726791636819022
theta,670,12,17,P2,P7,0.00015866169836161072
theta,671,12,18,P2,TP10,0.00018824676508723775
theta,672,12,19,P2,TP8,0.000194980907766501
theta,673,12,20,P2,CP6,0.00018430029753084312
theta,674,12,21,P2,CP4,0.00016655127829412
theta,675,12,22,P2,CP2,0.00013282333736117994
theta,676,12,23,P2,CPz,0.0001529560952632975
theta,677,12,24,P2,CP1,0.00020102532999184637
theta,678,12,25,P2,CP3,0.00017455266350597303
theta,679,12,26,P2,CP5,0.00020028794683086648
theta,680,12,27,P2,TP7,0.00015295200952763355
theta,681,12,28,P2,TP9,0.00015097523019894007
theta,682,12,29,P2,T8,0.00020431750779050534
theta,683,12,30,P2,C6,0.00017387856791895362
theta,684,12,31,P2,C4,0.0001443745487843543
theta,685,12,32,P2,C2,0.00013297256515379385
theta,686,12,33,P2,Cz,0.00013521372886979337
theta,687,12,34,P2,C1,0.0001389751877319424
theta,688,12,35,P2,C3,0.00016524689946318557
theta,689,12,36,P2,C5,0.00018759093270403189
theta,690,12,37,P2,T7,0.00017615207918635192
theta,691,12,38,P2,FT8,0.00019613070268874504
theta,692,12,39,P2,FC6,0.00016237144924008369
theta,693,12,40,P2,FC4,0.00014872508629218837
theta,694,12,41,P2,FC2,0.00012391775584515868
theta,695,12,42,P2,AF8,0.0001237811104510043
theta,696,12,43,P2,FC1,0.00015133862981904711
theta,697,12,44,P2,FC3,0.00017321068897897403
theta,698,12,45,P2,FC5,0.00022117348507339
theta,699,12,46,P2,FT7,0.0002003324544636457
theta,700,12,47,P2,F8,0.00021223498303584877
theta,701,12,48,P2,F6,0.00017531088243539423
theta,702,12,49,P2,F4,0.00013325360769078613
theta,703,12,50,P2,F2,0.00014114750041944579
theta,704,12,51,P2,Fz,0.000155178646933907
theta,705,12,52,P2,F1,0.00016212680342108187
theta,706,12,53,P2,F3,0.00018688120461938802
theta,707,12,54,P2,F5,0.00017864266038382853
theta,708,12,55,P2,F7,0.00019698437690067672
theta,709,12,56,P2,AF4,0.00016219566040225476
theta,710,12,57,P2,AF7,0.00017648686374099112
theta,711,12,58,P2,AF3,0.0001820534251542981
theta,712,12,59,P2,Fp2,0.00017840516004334001
theta,713,12,60,P2,Fpz,0.0001994253750876257
theta,714,12,61,P2,Fp1,0.00021658938606223068
theta,715,13,14,Pz,P1,0.00024010619322553916
theta,716,13,15,Pz,P3,0.00019381142868709922
theta,717,13,16,Pz,P5,0.00017755495235083167
theta,718,13,17,Pz,P7,0.00016825471327258353
theta,719,13,18,Pz,TP10,0.00016491214347957086
theta,720,13,19,Pz,TP8,0.00017330182414206403
theta,721,13,20,Pz,CP6,0.00019348474979615876
theta,722,13,21,Pz,CP4,0.0001863678949085064
theta,723,13,22,Pz,CP2,0.0001722577026066919
theta,724,13,23,Pz,CPz,0.00013682662233298245
theta,725,13,24,Pz,CP1,0.00020328484768930956
theta,726,13,25,Pz,CP3,0.0002002570999419334
theta,727,13,26,Pz,CP5,0.00022000921537858746
theta,728,13,27,Pz,TP7,0.00018538702007970314
theta,729,13,28,Pz,TP9,0.00017815464021149813
theta,730,13,29,Pz,T8,0.00021104949503513863
theta,731,13,30,Pz,C6,0.00019591719152521427
theta,732,13,31,Pz,C4,0.0001513103415667043
theta,733,13,32,Pz,C2,0.00015363846729187723
theta,734,13,33,Pz,Cz,0.00015519315142837437
theta,735,13,34,Pz,C1,0.00016003166987224173
theta,736,13,35,Pz,C3,0.00018109045450237014
theta,737,13,36,Pz,C5,0.00019140096968023424
theta,738,13,37,Pz,T7,0.00021267770497235156
theta,739,13,38,Pz,FT8,0.0002231128795732955
theta,740,13,39,Pz,FC6,0.00022801466440688358
theta,741,13,40,Pz,FC4,0.00016560486737102187
theta,742,13,41,Pz,FC2,0.00014003877544784322
theta,743,13,42,Pz,AF8,0.00015305132140195574
theta,744,13,43,Pz,FC1,0.00016594589135809513
theta,745,13,44,Pz,FC3,0.00017649987075847514
theta,746,13,45,Pz,FC5,0.0002186098066091746
theta,747,13,46,Pz,FT7,0.00023195712058880804
theta,748,13,47,Pz,F8,0.0002211428460353806
theta,749,13,48,Pz,F6,0.00020367426007020668
theta,750,13,49,Pz,F4,0.00015254359590997983
theta,751,13,50,Pz,F2,0.00015911033197689258
theta,752,13,51,Pz,Fz,0.00016418238286189463
theta,753,13,52,Pz,F1,0.00016350372831295954
theta,754,13,53,Pz,F3,0.00020353229148501587
theta,755,13,54,Pz,F5,0.00020200490635563932
theta,756,13,55,Pz,F7,0.0002095318174086741
theta,757,13,56,Pz,AF4,0.00016887057658187946
theta,758,13,57,Pz,AF7,0.00016555055598445326
theta,759,13,58,Pz,AF3,0.00017640514840470823
theta,760,13,59,Pz,Fp2,0.00018834986549723398
theta,761,13,60,Pz,Fpz,0.00021626195744755576
theta,762,13,61,Pz,Fp1,0.00020764817308837835
theta,763,14,15,P1,P3,0.00017695502964509873
theta,764,14,16,P1,P5,0.00016679238758330196
theta,765,14,17,P1,P7,0.0001795244951579469
theta,766,14,18,P1,TP10,0.0001707638486024311
theta,767,14,19,P1,TP8,0.00016840462027135236
theta,768,14,20,P1,CP6,0.00018385407451812548
theta,769,14,21,P1,CP4,0.0001866327919033119
theta,770,14,22,P1,CP2,0.00019167873034888662
theta,771,14,23,P1,CPz,0.00015815126046227445
theta,772,14,24,P1,CP1,0.00016884474863343473
theta,773,14,25,P1,CP3,0.0001971110528956661
theta,774,14,26,P1,CP5,0.00020461219978826347
theta,775,14,27,P1,TP7,0.00019347233103849423
theta,776,14,28,P1,TP9,0.00019386695473094277
theta,777,14,29,P1,T8,0.00019494058175027225
theta,778,14,30,P1,C6,0.00020767111389242225
theta,779,14,31,P1,C4,0.00017853499652918512
theta,780,14,32,P1,C2,0.00015110774680305176
theta,781,14,33,P1,Cz,0.0001435615011195276
theta,782,14,34,P1,C1,0.0001527783051385052
theta,783,14,35,P1,C3,0.00020170018120948256
theta,784,14,36,P1,C5,0.0002017380193700004
theta,785,14,37,P1,T7,0.0002247913973111118
theta,786,14,38,P1,FT8,0.0002546449357884143
theta,787,14,39,P1,FC6,0.00021295263360263718
theta,788,14,40,P1,FC4,0.0001633106032537161
theta,789,14,41,P1,FC2,0.00015277992961859304
theta,790,14,42,P1,AF8,0.00014668519420598584
theta,791,14,43,P1,FC1,0.00016593226982968462
theta,792,14,44,P1,FC3,0.0001794051940042619
theta,793,14,45,P1,FC5,0.00022421087900399453
theta,794,14,46,P1,FT7,0.00021398123225222347
theta,795,14,47,P1,F8,0.00022637297309711425
theta,796,14,48,P1,F6,0.00017576098756837878
theta,797,14,49,P1,F4,0.00015339030900361972
theta,798,14,50,P1,F2,0.00016126845527701016
theta,799,14,51,P1,Fz,0.00014423515364396945
theta,800,14,52,P1,F1,0.00013876836946546947
theta,801,14,53,P1,F3,0.00015068546802677737
theta,802,14,54,P1,F5,0.00016962056256167424
theta,803,14,55,P1,F7,0.00019301879240174788
theta,804,14,56,P1,AF4,0.00016866949676517222
theta,805,14,57,P1,AF7,0.0001372867438392589
theta,806,14,58,P1,AF3,0.0001379679609522478
theta,807,14,59,P1,Fp2,0.00019285013013723774
theta,808,14,60,P1,Fpz,0.00019327479725693818
theta,809,14,61,P1,Fp1,0.00017100336134070053
theta,810,15,16,P3,P5,0.00017698270454376996
theta,811,15,17,P3,P7,0.00018613363162386866
theta,812,15,18,P3,TP10,0.0001686028387263294
theta,813,15,19,P3,TP8,0.00017274566209993892
theta,814,15,20,P3,CP6,0.0001655853737426892
theta,815,15,21,P3,CP4,0.00017946612345768134
theta,816,15,22,P3,CP2,0.00016583371914772948
theta,817,15,23,P3,CPz,0.00018580934539352937
theta,818,15,24,P3,CP1,0.00017376587254509888
theta,819,15,25,P3,CP3,0.000174196573443887
theta,820,15,26,P3,CP5,0.0002024530952346987
theta,821,15,27,P3,TP7,0.00017682650172965003
theta,822,15,28,P3,TP9,0.00019044110179516124
theta,823,15,29,P3,T8,0.00018947605617502373
theta,824,15,30,P3,C6,0.0002116605548192753
theta,825,15,31,P3,C4,0.00020573403331987047
theta,826,15,32,P3,C2,0.00016898621170504855
theta,827,15,33,P3,Cz,0.00015621485061265394
theta,828,15,34,P3,C1,0.000150033391344881
theta,829,15,35,P3,C3,0.00017871071998907135
theta,830,15,36,P3,C5,0.000199991646360798
theta,831,15,37,P3,T7,0.00020317022759273401
theta,832,15,38,P3,FT8,0.00022582936635036745
theta,833,15,39,P3,FC6,0.00020495331092735682
theta,834,15,40,P3,FC4,0.0002128379862950381
theta,835,15,41,P3,FC2,0.0001973748089804309
theta,836,15,42,P3,AF8,0.00017467061493660628
theta,837,15,43,P3,FC1,0.00018465130974049262
theta,838,15,44,P3,FC3,0.00017005836958622293
theta,839,15,45,P3,FC5,0.0001767915220556315
theta,840,15,46,P3,FT7,0.00016992899644580027
theta,841,15,47,P3,F8,0.00021696865418921506
theta,842,15,48,P3,F6,0.00017924119588771107
theta,843,15,49,P3,F4,0.00018974296065084852
theta,844,15,50,P3,F2,0.00018216597790328927
theta,845,15,51,P3,Fz,0.0001861797720516775
theta,846,15,52,P3,F1,0.00017982968688315862
theta,847,15,53,P3,F3,0.0001600396373825352
theta,848,15,54,P3,F5,0.00016287645541894453
theta,849,15,55,P3,F7,0.0001515714026883509
theta,850,15,56,P3,AF4,0.0001804987734498966
theta,851,15,57,P3,AF7,0.00018545151034029948
theta,852,15,58,P3,AF3,0.0001841437046662106
theta,853,15,59,P3,Fp2,0.0002291312512210369
theta,854,15,60,P3,Fpz,0.0002170342799851993
theta,855,15,61,P3,Fp1,0.0001770168547662599
theta,856,16,17,P5,P7,0.0001698959853360651
theta,857,16,18,P5,TP10,0.00017713287626126403
theta,858,16,19,P5,TP8,0.00018451141283871728
theta,859,16,20,P5,CP6,0.0001827582522674351
theta,860,16,21,P5,CP4,0.00017987199884964816
theta,861,16,22,P5,CP2,0.00018953611300869344
theta,862,16,23,P5,CPz,0.00018429657728770426
theta,863,16,24,P5,CP1,0.00016995323830670448
theta,864,16,25,P5,CP3,0.00018280925984673246
theta,865,16,26,P5,CP5,0.0001893180953184994
theta,866,16,27,P5,TP7,0.00021183488560797182
theta,867,16,28,P5,TP9,0.0002368826051353249
theta,868,16,29,P5,T8,0.0001630692788904793
theta,869,16,30,P5,C6,0.0002068645513395015
theta,870,16,31,P5,C4,0.000200709669465553
theta,871,16,32,P5,C2,0.0001803294555275104
theta,872,16,33,P5,Cz,0.000173569911920073
theta,873,16,34,P5,C1,0.00015629088171533075
theta,874,16,35,P5,C3,0.0002170590904822813
theta,875,16,36,P5,C5,0.00019125924716094708
theta,876,16,37,P5,T7,0.00019215638957266156
theta,877,16,38,P5,FT8,0.00018630248638596414
theta,878,16,39,P5,FC6,0.00020199979536218967
theta,879,16,40,P5,FC4,0.00024174457448170465
theta,880,16,41,P5,FC2,0.00019171253794979134
theta,881,16,42,P5,AF8,0.00020275156212843363
theta,882,16,43,P5,FC1,0.00016288403951381347
theta,883,16,44,P5,FC3,0.00018761503154397617
theta,884,16,45,P5,FC5,0.00016994109730240838
theta,885,16,46,P5,FT7,0.00018216493963025908
theta,886,16,47,P5,F8,0.0001862187408219745
theta,887,16,48,P5,F6,0.00019047645378254474
theta,888,16,49,P5,F4,0.00019401957736650685
theta,889,16,50,P5,F2,0.00018912662583983353
theta,890,16,51,P5,Fz,0.00019404471494790512
theta,891,16,52,P5,F1,0.0001883094590340106
theta,892,16,53,P5,F3,0.00019568447846315856
theta,893,16,54,P5,F5,0.0001674998294968294
theta,894,16,55,P5,F7,0.0001687251077968604
theta,895,16,56,P5,AF4,0.00020344647787167518
theta,896,16,57,P5,AF7,0.0002137916118234157
theta,897,16,58,P5,AF3,0.00020087801078261052
theta,898,16,59,P5,Fp2,0.00020821808376307664
theta,899,16,60,P5,Fpz,0.00020105613938467535
theta,900,16,61,P5,Fp1,0.00018627134550785047
theta,901,17,18,P7,TP10,0.00021500947262357764
theta,902,17,19,P7,TP8,0.00021465637800024062
theta,903,17,20,P7,CP6,0.00019198129975465562
theta,904,17,21,P7,CP4,0.00018805825204154967
theta,905,17,22,P7,CP2,0.00020284791174694328
theta,906,17,23,P7,CPz,0.00017631129215113237
theta,907,17,24,P7,CP1,0.00018363114027401519
theta,908,17,25,P7,CP3,0.00018714425673111405
theta,909,17,26,P7,CP5,0.00021678880097791134
theta,910,17,27,P7,TP7,0.0002199097387177223
theta,911,17,28,P7,TP9,0.0002327477502088924
theta,912,17,29,P7,T8,0.00021710907177102993
theta,913,17,30,P7,C6,0.0002051513796122807
theta,914,17,31,P7,C4,0.00022597741251033105
theta,915,17,32,P7,C2,0.00020141479825409536
theta,916,17,33,P7,Cz,0.00021064073345424
theta,917,17,34,P7,C1,0.00020931875452758422
theta,918,17,35,P7,C3,0.00023351036545275942
theta,919,17,36,P7,C5,0.00021984534508727913
theta,920,17,37,P7,T7,0.00019993695324284794
theta,921,17,38,P7,FT8,0.00021707240103197798
theta,922,17,39,P7,FC6,0.0002263045771520698
theta,923,17,40,P7,FC4,0.0002228918573452482
theta,924,17,41,P7,FC2,0.00020499374418418438
theta,925,17,42,P7,AF8,0.00020581370450037487
theta,926,17,43,P7,FC1,0.00019857424746143744
theta,927,17,44,P7,FC3,0.00022570395412939952
theta,928,17,45,P7,FC5,0.00017784520821694308
theta,929,17,46,P7,FT7,0.0001924780583592776
theta,930,17,47,P7,F8,0.00020285660379476891
theta,931,17,48,P7,F6,0.0002041697783461501
theta,932,17,49,P7,F4,0.00018656573646203857
theta,933,17,50,P7,F2,0.00021491445804731072
theta,934,17,51,P7,Fz,0.000208063546930704
theta,935,17,52,P7,F1,0.00019241354049491041
theta,936,17,53,P7,F3,0.00018406420330261092
theta,937,17,54,P7,F5,0.00017549359666331618
theta,938,17,55,P7,F7,0.00017384115130472433
theta,939,17,56,P7,AF4,0.0001828572231191933
theta,940,17,57,P7,AF7,0.00018227607868899617
theta,941,17,58,P7,AF3,0.00016993038646317434
theta,942,17,59,P7,Fp2,0.00016028773117118868
theta,943,17,60,P7,Fpz,0.0001677681266541828
theta,944,17,61,P7,Fp1,0.00014775355796593296
theta,945,18,19,TP10,TP8,0.00025401476084957307
theta,946,18,20,TP10,CP6,0.0002465034406079139
theta,947,18,21,TP10,CP4,0.0002384574089812748
theta,948,18,22,TP10,CP2,0.0002015114787429294
theta,949,18,23,TP10,CPz,0.00020380452707007647
theta,950,18,24,TP10,CP1,0.0002469700621291231
theta,951,18,25,TP10,CP3,0.00024927190424797925
theta,952,18,26,TP10,CP5,0.0002158389769163369
theta,953,18,27,TP10,TP7,0.0002560591220886741
theta,954,18,28,TP10,TP9,0.0002766849786262368
theta,955,18,29,TP10,T8,0.00021619405287509586
theta,956,18,30,TP10,C6,0.00023344920865992543
theta,957,18,31,TP10,C4,0.00023244777355935258
theta,958,18,32,TP10,C2,0.00024025986313871132
theta,959,18,33,TP10,Cz,0.0002610324163385106
theta,960,18,34,TP10,C1,0.0002549887778948003
theta,961,18,35,TP10,C3,0.00022457082706405198
theta,962,18,36,TP10,C5,0.0002243264447326893
theta,963,18,37,TP10,T7,0.00021777605725872596
theta,964,18,38,TP10,FT8,0.00019523190299487254
theta,965,18,39,TP10,FC6,0.00020189996237552182
theta,966,18,40,TP10,FC4,0.00018072663803965865
theta,967,18,41,TP10,FC2,0.00022354692379077248
theta,968,18,42,TP10,AF8,0.00021217237312662075
theta,969,18,43,TP10,FC1,0.00019809213887054316
theta,970,18,44,TP10,FC3,0.00020634065685525712
theta,971,18,45,TP10,FC5,0.00019093230093855966
theta,972,18,46,TP10,FT7,0.00021433673840636804
theta,973,18,47,TP10,F8,0.0001909825738895626
theta,974,18,48,TP10,F6,0.0001978601856393244
theta,975,18,49,TP10,F4,0.00018435147681472342
theta,976,18,50,TP10,F2,0.00021423213932078106
theta,977,18,51,TP10,Fz,0.00021401388934129355
theta,978,18,52,TP10,F1,0.00021737450237751702
theta,979,18,53,TP10,F3,0.00020429571728474357
theta,980,18,54,TP10,F5,0.00019554270145817008
theta,981,18,55,TP10,F7,0.00018444650117830063
theta,982,18,56,TP10,AF4,0.0001798111974509082
theta,983,18,57,TP10,AF7,0.0001743539591192703
theta,984,18,58,TP10,AF3,0.00019242922345215975
theta,985,18,59,TP10,Fp2,0.00016061021265962612
theta,986,18,60,TP10,Fpz,0.0001676629107628363
theta,987,18,61,TP10,Fp1,0.0001860785638905784
theta,988,19,20,TP8,CP6,0.00024195455719446882
theta,989,19,21,TP8,CP4,0.0002563861597979709
theta,990,19,22,TP8,CP2,0.00020648296102351128
theta,991,19,23,TP8,CPz,0.00021398572989842927
theta,992,19,24,TP8,CP1,0.00019530424218884543
theta,993,19,25,TP8,CP3,0.00023559604629346418
theta,994,19,26,TP8,CP5,0.00018710831393302797
theta,995,19,27,TP8,TP7,0.00023889878378938832
theta,996,19,28,TP8,TP9,0.00022410713365451644
theta,997,19,29,TP8,T8,0.0001930794548538342
theta,998,19,30,TP8,C6,0.00020123923915417097
theta,999,19,31,TP8,C4,0.00017622825550572748
theta,1000,19,32,TP8,C2,0.00019343056129587688
theta,1001,19,33,TP8,Cz,0.00021904138900234282
theta,1002,19,34,TP8,C1,0.00025540032916102626
theta,1003,19,35,TP8,C3,0.00025559802720071217
theta,1004,19,36,TP8,C5,0.00023521762301729798
theta,1005,19,37,TP8,T7,0.00020745385056818714
theta,1006,19,38,TP8,FT8,0.00020039192511934643
theta,1007,19,39,TP8,FC6,0.00019669368825466597
theta,1008,19,40,TP8,FC4,0.00018173128500334037
theta,1009,19,41,TP8,FC2,0.00020346072152152296
theta,1010,19,42,TP8,AF8,0.00020033231314471817
theta,1011,19,43,TP8,FC1,0.0002389345850973641
theta,1012,19,44,TP8,FC3,0.000189870762837406
theta,1013,19,45,TP8,FC5,0.00017637148885193217
theta,1014,19,46,TP8,FT7,0.0002241018101718944
theta,1015,19,47,TP8,F8,0.000181535033708176
theta,1016,19,48,TP8,F6,0.0001940980353173699
theta,1017,19,49,TP8,F4,0.0001738263054044601
theta,1018,19,50,TP8,F2,0.00019839845504084557
theta,1019,19,51,TP8,Fz,0.0002025326692825383
theta,1020,19,52,TP8,F1,0.0002061075428767953
theta,1021,19,53,TP8,F3,0.00018207573708961606
theta,1022,19,54,TP8,F5,0.00018123646592127716
theta,1023,19,55,TP8,F7,0.00019708304287991443
theta,1024,19,56,TP8,AF4,0.00014413394764986972
theta,1025,19,57,TP8,AF7,0.0001557237554299216
theta,1026,19,58,TP8,AF3,0.0001637262912703081
theta,1027,19,59,TP8,Fp2,0.00014997865204018827
theta,1028,19,60,TP8,Fpz,0.00015203104596416036
theta,1029,19,61,TP8,Fp1,0.00017172034007903206
theta,1030,20,21,CP6,CP4,0.00023090586449252363
theta,1031,20,22,CP6,CP2,0.0002153713877873277
theta,1032,20,23,CP6,CPz,0.00024280116069675512
theta,1033,20,24,CP6,CP1,0.00022974195120637072
theta,1034,20,25,CP6,CP3,0.00024398769251931084
theta,1035,20,26,CP6,CP5,0.00022457736014789794
theta,1036,20,27,CP6,TP7,0.00022717224614217084
theta,1037,20,28,CP6,TP9,0.00024333792866853047
theta,1038,20,29,CP6,T8,0.00018684866052962794
theta,1039,20,30,CP6,C6,0.00018571360534463328
theta,1040,20,31,CP6,C4,0.00018718730103606208
theta,1041,20,32,CP6,C2,0.00019054653233817827
theta,1042,20,33,CP6,Cz,0.00019214296427658034
theta,1043,20,34,CP6,C1,0.00019605185450793052
theta,1044,20,35,CP6,C3,0.00025550887704383864
theta,1045,20,36,CP6,C5,0.00020996437604101073
theta,1046,20,37,CP6,T7,0.00019212943926664409
theta,1047,20,38,CP6,FT8,0.00019122185882494233
theta,1048,20,39,CP6,FC6,0.00017885898269175254
theta,1049,20,40,CP6,FC4,0.00016534023940657007
theta,1050,20,41,CP6,FC2,0.00017736171943483095
theta,1051,20,42,CP6,AF8,0.00017294647533245433
theta,1052,20,43,CP6,FC1,0.00015665474090175986
theta,1053,20,44,CP6,FC3,0.00017697999145902663
theta,1054,20,45,CP6,FC5,0.00019168048800305085
theta,1055,20,46,CP6,FT7,0.00018215081469633937
theta,1056,20,47,CP6,F8,0.00020147293302111104
theta,1057,20,48,CP6,F6,0.0001623028537707103
theta,1058,20,49,CP6,F4,0.00015900925267014915
theta,1059,20,50,CP6,F2,0.00017095979478113613
theta,1060,20,51,CP6,Fz,0.00017590379092473755
theta,1061,20,52,CP6,F1,0.00016571274447089844
theta,1062,20,53,CP6,F3,0.00019231871466895853
theta,1063,20,54,CP6,F5,0.00018816164413543675
theta,1064,20,55,CP6,F7,0.0001840279188307983
theta,1065,20,56,CP6,AF4,0.00015112176056655965
theta,1066,20,57,CP6,AF7,0.00017275849317534473
theta,1067,20,58,CP6,AF3,0.00018312047399586867
theta,1068,20,59,CP6,Fp2,0.00013632965807956992
theta,1069,20,60,CP6,Fpz,0.00017684726850382583
theta,1070,20,61,CP6,Fp1,0.00017499417193766865
theta,1071,21,22,CP4,CP2,0.00023297545196583367
theta,1072,21,23,CP4,CPz,0.0002507069108044057
theta,1073,21,24,CP4,CP1,0.00021683996437538248
theta,1074,21,25,CP4,CP3,0.000248176016234476
theta,1075,21,26,CP4,CP5,0.00021848850837548236
theta,1076,21,27,CP4,TP7,0.00022845516850119167
theta,1077,21,28,CP4,TP9,0.0002546406961876658
theta,1078,21,29,CP4,T8,0.00023058361516207297
theta,1079,21,30,CP4,C6,0.00020137691957420955
theta,1080,21,31,CP4,C4,0.0001438996321694954
theta,1081,21,32,CP4,C2,0.00016954477487248832
theta,1082,21,33,CP4,Cz,0.0001943184368734967
theta,1083,21,34,CP4,C1,0.00019172665239401303
theta,1084,21,35,CP4,C3,0.00022363779870555764
theta,1085,21,36,CP4,C5,0.000187757585984401
theta,1086,21,37,CP4,T7,0.00020780973756704101
theta,1087,21,38,CP4,FT8,0.00019394284685299453
theta,1088,21,39,CP4,FC6,0.0001531277877181528
theta,1089,21,40,CP4,FC4,0.00014219567507078542
theta,1090,21,41,CP4,FC2,0.00015703588672392695
theta,1091,21,42,CP4,AF8,0.00015939964950552338
theta,1092,21,43,CP4,FC1,0.00015039941308971712
theta,1093,21,44,CP4,FC3,0.0001566463060227181
theta,1094,21,45,CP4,FC5,0.00018606165060798744
theta,1095,21,46,CP4,FT7,0.00018340787799744283
theta,1096,21,47,CP4,F8,0.00017783272168089183
theta,1097,21,48,CP4,F6,0.00016160848233046072
theta,1098,21,49,CP4,F4,0.0001487084070979472
theta,1099,21,50,CP4,F2,0.00015477832621407228
theta,1100,21,51,CP4,Fz,0.00015275262196649383
theta,1101,21,52,CP4,F1,0.00012797426932612254
theta,1102,21,53,CP4,F3,0.0001381238938242953
theta,1103,21,54,CP4,F5,0.00015679465009179735
theta,1104,21,55,CP4,F7,0.00014699055099392784
theta,1105,21,56,CP4,AF4,0.00015429160297063875
theta,1106,21,57,CP4,AF7,0.00014890514414318172
theta,1107,21,58,CP4,AF3,0.00014130123616697842
theta,1108,21,59,CP4,Fp2,0.0001520446644182377
theta,1109,21,60,CP4,Fpz,0.0001613675413379904
theta,1110,21,61,CP4,Fp1,0.00016023406988145166
theta,1111,22,23,CP2,CPz,0.0002093314201336184
theta,1112,22,24,CP2,CP1,0.00018855423621840596
theta,1113,22,25,CP2,CP3,0.00021886906990998037
theta,1114,22,26,CP2,CP5,0.00021535601512370816
theta,1115,22,27,CP2,TP7,0.00024233769112587926
theta,1116,22,28,CP2,TP9,0.00022598818666785575
theta,1117,22,29,CP2,T8,0.00019204440971822917
theta,1118,22,30,CP2,C6,0.00017069710985760894
theta,1119,22,31,CP2,C4,0.0001615287529571881
theta,1120,22,32,CP2,C2,0.00012851104302402604
theta,1121,22,33,CP2,Cz,0.00014341827748881863
theta,1122,22,34,CP2,C1,0.0001380236215407902
theta,1123,22,35,CP2,C3,0.00018958706729780276
theta,1124,22,36,CP2,C5,0.00019331898960755247
theta,1125,22,37,CP2,T7,0.00021273414956738318
theta,1126,22,38,CP2,FT8,0.00016551806873195098
theta,1127,22,39,CP2,FC6,0.00017243743737619673
theta,1128,22,40,CP2,FC4,0.00015232942548387297
theta,1129,22,41,CP2,FC2,0.000143949400074816
theta,1130,22,42,CP2,AF8,0.00014243823622046405
theta,1131,22,43,CP2,FC1,0.00013933847305037597
theta,1132,22,44,CP2,FC3,0.00014968748212827818
theta,1133,22,45,CP2,FC5,0.00017038759359514966
theta,1134,22,46,CP2,FT7,0.0002197417074446258
theta,1135,22,47,CP2,F8,0.00016984525760382145
theta,1136,22,48,CP2,F6,0.00016730271707457342
theta,1137,22,49,CP2,F4,0.00015478099395279028
theta,1138,22,50,CP2,F2,0.00013090885067099168
theta,1139,22,51,CP2,Fz,0.00013410811024218503
theta,1140,22,52,CP2,F1,0.0001305933890793428
theta,1141,22,53,CP2,F3,0.00011889352195092295
theta,1142,22,54,CP2,F5,0.00013774644033753567
theta,1143,22,55,CP2,F7,0.00018328918592560537
theta,1144,22,56,CP2,AF4,0.00012521881773190283
theta,1145,22,57,CP2,AF7,0.00012106957374232638
theta,1146,22,58,CP2,AF3,0.00011126068362565691
theta,1147,22,59,CP2,Fp2,0.0001619373823070952
theta,1148,22,60,CP2,Fpz,0.00015213013398925103
theta,1149,22,61,CP2,Fp1,0.0001701656806565715
theta,1150,23,24,CPz,CP1,0.00026227312430716925
theta,1151,23,25,CPz,CP3,0.00022512671542193304
theta,1152,23,26,CPz,CP5,0.00021683179916769918
theta,1153,23,27,CPz,TP7,0.00020545977607813547
theta,1154,23,28,CPz,TP9,0.00021874566116009456
theta,1155,23,29,CPz,T8,0.00020715269146115572
theta,1156,23,30,CPz,C6,0.0001972483734118423
theta,1157,23,31,CPz,C4,0.00023824199617631395
theta,1158,23,32,CPz,C2,0.00015749708182960523
theta,1159,23,33,CPz,Cz,0.00013140200705813815
theta,1160,23,34,CPz,C1,0.0001475046428194748
theta,1161,23,35,CPz,C3,0.00019291441570170513
theta,1162,23,36,CPz,C5,0.00017268855492251893
theta,1163,23,37,CPz,T7,0.00020651637060264678
theta,1164,23,38,CPz,FT8,0.00021724362366219819
theta,1165,23,39,CPz,FC6,0.00019101617759591892
theta,1166,23,40,CPz,FC4,0.0001648693470221686
theta,1167,23,41,CPz,FC2,0.00016293768950834044
theta,1168,23,42,CPz,AF8,0.00016020129952967543
theta,1169,23,43,CPz,FC1,0.0001635699101414166
theta,1170,23,44,CPz,FC3,0.00017073908449308586
theta,1171,23,45,CPz,FC5,0.0001928215588083883
theta,1172,23,46,CPz,FT7,0.00021338529349194504
theta,1173,23,47,CPz,F8,0.00020729193452446188
theta,1174,23,48,CPz,F6,0.00014355420181557014
theta,1175,23,49,CPz,F4,0.0001322731340281463
theta,1176,23,50,CPz,F2,0.00014812749986321962
theta,1177,23,51,CPz,Fz,0.00015621983940383488
theta,1178,23,52,CPz,F1,0.00016130812710161052
theta,1179,23,53,CPz,F3,0.00016074833861710815
theta,1180,23,54,CPz,F5,0.00016497321512588047
theta,1181,23,55,CPz,F7,0.00019162339076852724
theta,1182,23,56,CPz,AF4,0.00013553321974433627
theta,1183,23,57,CPz,AF7,0.00013314139381813615
theta,1184,23,58,CPz,AF3,0.00014211163741509038
theta,1185,23,59,CPz,Fp2,0.00018463090872952698
theta,1186,23,60,CPz,Fpz,0.00016798568142518123
theta,1187,23,61,CPz,Fp1,0.00019569709215275883
theta,1188,24,25,CP1,CP3,0.0002339432938326723
theta,1189,24,26,CP1,CP5,0.00021235734303950822
theta,1190,24,27,CP1,TP7,0.00022781814465514563
theta,1191,24,28,CP1,TP9,0.0002363370302220236
theta,1192,24,29,CP1,T8,0.0002667433629436632
theta,1193,24,30,CP1,C6,0.0002542464001867657
theta,1194,24,31,CP1,C4,0.00024661616074884854
theta,1195,24,32,CP1,C2,0.0001963610989856093
theta,1196,24,33,CP1,Cz,0.0001838027871162807
theta,1197,24,34,CP1,C1,0.00017684866751036798
theta,1198,24,35,CP1,C3,0.00018956816101419377
theta,1199,24,36,CP1,C5,0.0002015455084650872
theta,1200,24,37,CP1,T7,0.000209163364761979
theta,1201,24,38,CP1,FT8,0.00020507485111703546
theta,1202,24,39,CP1,FC6,0.00021440934131049523
theta,1203,24,40,CP1,FC4,0.00016757713304909447
theta,1204,24,41,CP1,FC2,0.0001687790884754451
theta,1205,24,42,CP1,AF8,0.00017783161641095343
theta,1206,24,43,CP1,FC1,0.00020196643092367585
theta,1207,24,44,CP1,FC3,0.0002049492913700635
theta,1208,24,45,CP1,FC5,0.00022894687282269482
theta,1209,24,46,CP1,FT7,0.00021251990542631334
theta,1210,24,47,CP1,F8,0.00023107853413675632
theta,1211,24,48,CP1,F6,0.00018886955399811657
theta,1212,24,49,CP1,F4,0.00017166217324484674
theta,1213,24,50,CP1,F2,0.00015772025463673577
theta,1214,24,51,CP1,Fz,0.00015902447574450798
theta,1215,24,52,CP1,F1,0.00016602946190869716
theta,1216,24,53,CP1,F3,0.0001794611021090792
theta,1217,24,54,CP1,F5,0.0001929421322615555
theta,1218,24,55,CP1,F7,0.00018495590526623268
theta,1219,24,56,CP1,AF4,0.00017028081822951805
theta,1220,24,57,CP1,AF7,0.00014951859138449326
theta,1221,24,58,CP1,AF3,0.00015930184198089797
theta,1222,24,59,CP1,Fp2,0.00018795091488287485
theta,1223,24,60,CP1,Fpz,0.00017370085144745518
theta,1224,24,61,CP1,Fp1,0.00020397852599144938
theta,1225,25,26,CP3,CP5,0.0002443826629061895
theta,1226,25,27,CP3,TP7,0.00023121001047621373
theta,1227,25,28,CP3,TP9,0.0002421682593864934
theta,1228,25,29,CP3,T8,0.00024253161478523218
theta,1229,25,30,CP3,C6,0.00025678430401736925
theta,1230,25,31,CP3,C4,0.00023191872751897297
theta,1231,25,32,CP3,C2,0.00019065537514456466
theta,1232,25,33,CP3,Cz,0.00017334121098194815
theta,1233,25,34,CP3,C1,0.0001566826074031691
theta,1234,25,35,CP3,C3,0.0001667871326934694
theta,1235,25,36,CP3,C5,0.00019479300275899563
theta,1236,25,37,CP3,T7,0.00021932909509829752
theta,1237,25,38,CP3,FT8,0.0002324763676394541
theta,1238,25,39,CP3,FC6,0.00019914905533062796
theta,1239,25,40,CP3,FC4,0.00017830637551602058
theta,1240,25,41,CP3,FC2,0.00016566008532209686
theta,1241,25,42,CP3,AF8,0.00015677274452545847
theta,1242,25,43,CP3,FC1,0.00017902260382812274
theta,1243,25,44,CP3,FC3,0.00018765697706364583
theta,1244,25,45,CP3,FC5,0.0002110352657926818
theta,1245,25,46,CP3,FT7,0.00019139585798665985
theta,1246,25,47,CP3,F8,0.0001667326315057154
theta,1247,25,48,CP3,F6,0.00016518148868998754
theta,1248,25,49,CP3,F4,0.0001677951286303776
theta,1249,25,50,CP3,F2,0.00017108689984137137
theta,1250,25,51,CP3,Fz,0.0001719414901304981
theta,1251,25,52,CP3,F1,0.00017515533256125666
theta,1252,25,53,CP3,F3,0.00016685440392939934
theta,1253,25,54,CP3,F5,0.00017598081622020723
theta,1254,25,55,CP3,F7,0.00017746055852096266
theta,1255,25,56,CP3,AF4,0.00015726525843709672
theta,1256,25,57,CP3,AF7,0.00017089514883692562
theta,1257,25,58,CP3,AF3,0.000163733468227487
theta,1258,25,59,CP3,Fp2,0.00019222430805426705
theta,1259,25,60,CP3,Fpz,0.00019156676181111533
theta,1260,25,61,CP3,Fp1,0.0001737736787133313
theta,1261,26,27,CP5,TP7,0.00023125467463279637
theta,1262,26,28,CP5,TP9,0.0002447183749035925
theta,1263,26,29,CP5,T8,0.00018813280919047402
theta,1264,26,30,CP5,C6,0.00021955337276931766
theta,1265,26,31,CP5,C4,0.00023909972993672976
theta,1266,26,32,CP5,C2,0.00020187765386036634
theta,1267,26,33,CP5,Cz,0.0002212883515321752
theta,1268,26,34,CP5,C1,0.00021684615076852836
theta,1269,26,35,CP5,C3,0.00024667762287816484
theta,1270,26,36,CP5,C5,0.0002051280864381802
theta,1271,26,37,CP5,T7,0.00021347137889624794
theta,1272,26,38,CP5,FT8,0.0002281441517257989
theta,1273,26,39,CP5,FC6,0.00017678016968980607
theta,1274,26,40,CP5,FC4,0.00017197192340939445
theta,1275,26,41,CP5,FC2,0.000195300208360668
theta,1276,26,42,CP5,AF8,0.00020675613151262625
theta,1277,26,43,CP5,FC1,0.000246342220855056
theta,1278,26,44,CP5,FC3,0.00022828080363911243
theta,1279,26,45,CP5,FC5,0.00019138780953445716
theta,1280,26,46,CP5,FT7,0.0001978472824135132
theta,1281,26,47,CP5,F8,0.00020624376546180754
theta,1282,26,48,CP5,F6,0.00017446857332618744
theta,1283,26,49,CP5,F4,0.00016243900860949306
theta,1284,26,50,CP5,F2,0.00016686163405360018
theta,1285,26,51,CP5,Fz,0.00017573623741912883
theta,1286,26,52,CP5,F1,0.00019368696072498846
theta,1287,26,53,CP5,F3,0.00020220418259355295
theta,1288,26,54,CP5,F5,0.00018458455531393712
theta,1289,26,55,CP5,F7,0.00018494709938205936
theta,1290,26,56,CP5,AF4,0.00018202360979495465
theta,1291,26,57,CP5,AF7,0.0001944110754624995
theta,1292,26,58,CP5,AF3,0.0001768571220132309
theta,1293,26,59,CP5,Fp2,0.00017990893905846768
theta,1294,26,60,CP5,Fpz,0.00016750253395347926
theta,1295,26,61,CP5,Fp1,0.00016293177446625274
theta,1296,27,28,TP7,TP9,0.00018907459741500685
theta,1297,27,29,TP7,T8,0.00024532171745215894
theta,1298,27,30,TP7,C6,0.0002543791230775926
theta,1299,27,31,TP7,C4,0.0002376117027069712
theta,1300,27,32,TP7,C2,0.00022655797041112058
theta,1301,27,33,TP7,Cz,0.0001991757372075121
theta,1302,27,34,TP7,C1,0.00020616420417420852
theta,1303,27,35,TP7,C3,0.0002509828231874628
theta,1304,27,36,TP7,C5,0.00021356861306692166
theta,1305,27,37,TP7,T7,0.00021130973294415114
theta,1306,27,38,TP7,FT8,0.00020453028359170472
theta,1307,27,39,TP7,FC6,0.0001902446331634942
theta,1308,27,40,TP7,FC4,0.0001835433559781267
theta,1309,27,41,TP7,FC2,0.00019423208609372315
theta,1310,27,42,TP7,AF8,0.00021498683526905213
theta,1311,27,43,TP7,FC1,0.0001872602084860763
theta,1312,27,44,TP7,FC3,0.00019949931893101686
theta,1313,27,45,TP7,FC5,0.0001904751883755288
theta,1314,27,46,TP7,FT7,0.0002141997187713078
theta,1315,27,47,TP7,F8,0.00019984427245271758
theta,1316,27,48,TP7,F6,0.000184984686252775
theta,1317,27,49,TP7,F4,0.00015472318035875623
theta,1318,27,50,TP7,F2,0.00015988344644411227
theta,1319,27,51,TP7,Fz,0.00016659328421952038
theta,1320,27,52,TP7,F1,0.0001634101523147401
theta,1321,27,53,TP7,F3,0.00016608931246042043
theta,1322,27,54,TP7,F5,0.00017002475903019906
theta,1323,27,55,TP7,F7,0.00021275473345086987
theta,1324,27,56,TP7,AF4,0.00016029854510387606
theta,1325,27,57,TP7,AF7,0.0001697898238006865
theta,1326,27,58,TP7,AF3,0.0001618981744744914
theta,1327,27,59,TP7,Fp2,0.00016705246169967502
theta,1328,27,60,TP7,Fpz,0.0001512087677377701
theta,1329,27,61,TP7,Fp1,0.00013921978356144036
theta,1330,28,29,TP9,T8,0.0002103245707366681
theta,1331,28,30,TP9,C6,0.0002288421782625682
theta,1332,28,31,TP9,C4,0.0002524834223455913
theta,1333,28,32,TP9,C2,0.00020593227363571378
theta,1334,28,33,TP9,Cz,0.0002304494438616021
theta,1335,28,34,TP9,C1,0.00021873891359182654
theta,1336,28,35,TP9,C3,0.00023558782791080062
theta,1337,28,36,TP9,C5,0.0002367195236703107
theta,1338,28,37,TP9,T7,0.0001907363058423336
theta,1339,28,38,TP9,FT8,0.00020232695008727967
theta,1340,28,39,TP9,FC6,0.00021684455004247505
theta,1341,28,40,TP9,FC4,0.00021031427161307073
theta,1342,28,41,TP9,FC2,0.0002172647047554968
theta,1343,28,42,TP9,AF8,0.00021513715359958337
theta,1344,28,43,TP9,FC1,0.00018944489282194966
theta,1345,28,44,TP9,FC3,0.00017510249523980915
theta,1346,28,45,TP9,FC5,0.0001994414255900382
theta,1347,28,46,TP9,FT7,0.00021045165446032638
theta,1348,28,47,TP9,F8,0.00018888230789435655
theta,1349,28,48,TP9,F6,0.00019856636685034032
theta,1350,28,49,TP9,F4,0.0001939235992745715
theta,1351,28,50,TP9,F2,0.00018358604995378163
theta,1352,28,51,TP9,Fz,0.00019828400501829932
theta,1353,28,52,TP9,F1,0.00018860028497720276
theta,1354,28,53,TP9,F3,0.00017235270931863117
theta,1355,28,54,TP9,F5,0.00018409439892411452
theta,1356,28,55,TP9,F7,0.00019828013560506665
theta,1357,28,56,TP9,AF4,0.00017419384719471537
theta,1358,28,57,TP9,AF7,0.0001644876277701745
theta,1359,28,58,TP9,AF3,0.00017415539786657985
theta,1360,28,59,TP9,Fp2,0.00018120623419775047
theta,1361,28,60,TP9,Fpz,0.00016754672829238161
theta,1362,28,61,TP9,Fp1,0.00017119903265734842
theta,1363,29,30,T8,C6,0.0002075180712305357
theta,1364,29,31,T8,C4,0.00019843475277857363
theta,1365,29,32,T8,C2,0.0001951383731379925
theta,1366,29,33,T8,Cz,0.000216778477679131
theta,1367,29,34,T8,C1,0.0002360555833247529
theta,1368,29,35,T8,C3,0.00022786310314156367
theta,1369,29,36,T8,C5,0.00021282440200049826
theta,1370,29,37,T8,T7,0.00023163340216786595
theta,1371,29,38,T8,FT8,0.00020536183589990568
theta,1372,29,39,T8,FC6,0.00020091983316579295
theta,1373,29,40,T8,FC4,0.00015941005082814922
theta,1374,29,41,T8,FC2,0.00018663844257487343
theta,1375,29,42,T8,AF8,0.00018691505584153594
theta,1376,29,43,T8,FC1,0.00019793986722573564
theta,1377,29,44,T8,FC3,0.00017459617657889602
theta,1378,29,45,T8,FC5,0.00019301511525487546
theta,1379,29,46,T8,FT7,0.00018622334189065745
theta,1380,29,47,T8,F8,0.00019949548926381224
theta,1381,29,48,T8,F6,0.00019099360606828354
theta,1382,29,49,T8,F4,0.00017362727045198251
theta,1383,29,50,T8,F2,0.0001740915592726001
theta,1384,29,51,T8,Fz,0.00018721880389852949
theta,1385,29,52,T8,F1,0.00017154507695269356
theta,1386,29,53,T8,F3,0.0001653364170229587
theta,1387,29,54,T8,F5,0.00017214160803769805
theta,1388,29,55,T8,F7,0.00019880946893041998
theta,1389,29,56,T8,AF4,0.00015960342887583328
theta,1390,29,57,T8,AF7,0.0001769907509447985
theta,1391,29,58,T8,AF3,0.00016682007527292015
theta,1392,29,59,T8,Fp2,0.0001891268489021207
theta,1393,29,60,T8,Fpz,0.00018339790598675688
theta,1394,29,61,T8,Fp1,0.000196902807164815
theta,1395,30,31,C6,C4,0.00018248410754257853
theta,1396,30,32,C6,C2,0.0002246606732790082
theta,1397,30,33,C6,Cz,0.0002511656319641697
theta,1398,30,34,C6,C1,0.00022117345593329198
theta,1399,30,35,C6,C3,0.000218131546418944
theta,1400,30,36,C6,C5,0.000213335657701407
theta,1401,30,37,C6,T7,0.0002495338519972459
theta,1402,30,38,C6,FT8,0.0002233166600783735
theta,1403,30,39,C6,FC6,0.00018579165367087831
theta,1404,30,40,C6,FC4,0.0001625771701164607
theta,1405,30,41,C6,FC2,0.000179868176196847
theta,1406,30,42,C6,AF8,0.00020879236305298027
theta,1407,30,43,C6,FC1,0.00019895367437704615
theta,1408,30,44,C6,FC3,0.0001504922131365786
theta,1409,30,45,C6,FC5,0.00020216559137245716
theta,1410,30,46,C6,FT7,0.0002094358432143147
theta,1411,30,47,C6,F8,0.00024292117740149638
theta,1412,30,48,C6,F6,0.00018410634250934008
theta,1413,30,49,C6,F4,0.00018428020953812122
theta,1414,30,50,C6,F2,0.00016414697972923285
theta,1415,30,51,C6,Fz,0.00016826161954462294
theta,1416,30,52,C6,F1,0.00015965418571934194
theta,1417,30,53,C6,F3,0.00016687104943797986
theta,1418,30,54,C6,F5,0.00017457286223093992
theta,1419,30,55,C6,F7,0.0002061499445317842
theta,1420,30,56,C6,AF4,0.0001759580720942243
theta,1421,30,57,C6,AF7,0.00017078817761525655
theta,1422,30,58,C6,AF3,0.0001819988145109807
theta,1423,30,59,C6,Fp2,0.00018405149864357596
theta,1424,30,60,C6,Fpz,0.00016504315752873178
theta,1425,30,61,C6,Fp1,0.00019427335357577647
theta,1426,31,32,C4,C2,0.0002333426604479299
theta,1427,31,33,C4,Cz,0.0002638987479892959
theta,1428,31,34,C4,C1,0.00021628490911443642
theta,1429,31,35,C4,C3,0.0001924527315275936
theta,1430,31,36,C4,C5,0.0001907469875780255
theta,1431,31,37,C4,T7,0.00020309244827204322
theta,1432,31,38,C4,FT8,0.00022906553917568276
theta,1433,31,39,C4,FC6,0.00022195423733521033
theta,1434,31,40,C4,FC4,0.00016945756565406683
theta,1435,31,41,C4,FC2,0.00018865376453814714
theta,1436,31,42,C4,AF8,0.00023278240232130304
theta,1437,31,43,C4,FC1,0.00022558772404063237
theta,1438,31,44,C4,FC3,0.00019463539129367554
theta,1439,31,45,C4,FC5,0.00016909554020808204
theta,1440,31,46,C4,FT7,0.00017365845417115192
theta,1441,31,47,C4,F8,0.00021430621675434938
theta,1442,31,48,C4,F6,0.00019185771505368472
theta,1443,31,49,C4,F4,0.0001615524017830768
theta,1444,31,50,C4,F2,0.00016649631243502693
theta,1445,31,51,C4,Fz,0.00018135517363074478
theta,1446,31,52,C4,F1,0.00017840735320581486
theta,1447,31,53,C4,F3,0.00014864636821818088
theta,1448,31,54,C4,F5,0.0001393922467107626
theta,1449,31,55,C4,F7,0.00016187061194498413
theta,1450,31,56,C4,AF4,0.00015290909223910455
theta,1451,31,57,C4,AF7,0.00016074404157203682
theta,1452,31,58,C4,AF3,0.00015831693298533112
theta,1453,31,59,C4,Fp2,0.0001628200924762726
theta,1454,31,60,C4,Fpz,0.0001630281365544026
theta,1455,31,61,C4,Fp1,0.00016030307191099288
theta,1456,32,33,C2,Cz,0.00018908995632426886
theta,1457,32,34,C2,C1,0.00017205922723228067
theta,1458,32,35,C2,C3,0.0001996077011591004
theta,1459,32,36,C2,C5,0.00020379009280799043
theta,1460,32,37,C2,T7,0.00019934777744930765
theta,1461,32,38,C2,FT8,0.00019615979412386186
theta,1462,32,39,C2,FC6,0.00020102653601207005
theta,1463,32,40,C2,FC4,0.00016848096513275262
theta,1464,32,41,C2,FC2,0.00017254545958845174
theta,1465,32,42,C2,AF8,0.00016485131049867791
theta,1466,32,43,C2,FC1,0.00018574506976868455
theta,1467,32,44,C2,FC3,0.0001967354972352202
theta,1468,32,45,C2,FC5,0.0001652232791018666
theta,1469,32,46,C2,FT7,0.0001985846784538425
theta,1470,32,47,C2,F8,0.00016432228136976216
theta,1471,32,48,C2,F6,0.00013969099689020148
theta,1472,32,49,C2,F4,0.00015054064776144727
theta,1473,32,50,C2,F2,0.00014599454302020764
theta,1474,32,51,C2,Fz,0.0001540718051981158
theta,1475,32,52,C2,F1,0.00015592842584217337
theta,1476,32,53,C2,F3,0.0001415396028255249
theta,1477,32,54,C2,F5,0.00013702602165538866
theta,1478,32,55,C2,F7,0.0002062948959714314
theta,1479,32,56,C2,AF4,0.00013658111838103158
theta,1480,32,57,C2,AF7,0.00012836909935270025
theta,1481,32,58,C2,AF3,0.00011166076367337746
theta,1482,32,59,C2,Fp2,0.0001405001949219997
theta,1483,32,60,C2,Fpz,0.00013598827517895932
theta,1484,32,61,C2,Fp1,0.00014191699281442246
theta,1485,33,34,Cz,C1,0.00021538108712226747
theta,1486,33,35,Cz,C3,0.00024096748980683094
theta,1487,33,36,Cz,C5,0.00021923956485600274
theta,1488,33,37,Cz,T7,0.00020462251770519247
theta,1489,33,38,Cz,FT8,0.00021320744526078352
theta,1490,33,39,Cz,FC6,0.00021039985522962223
theta,1491,33,40,Cz,FC4,0.00019188276117069322
theta,1492,33,41,Cz,FC2,0.00019807012787830073
theta,1493,33,42,Cz,AF8,0.0001945533527831956
theta,1494,33,43,Cz,FC1,0.0002065211908145073
theta,1495,33,44,Cz,FC3,0.00020595775791015764
theta,1496,33,45,Cz,FC5,0.0001782683453613325
theta,1497,33,46,Cz,FT7,0.00019070218225384803
theta,1498,33,47,Cz,F8,0.00016118374277177997
theta,1499,33,48,Cz,F6,0.00014788788776169974
theta,1500,33,49,Cz,F4,0.00017664385135046165
theta,1501,33,50,Cz,F2,0.0001808346093673832
theta,1502,33,51,Cz,Fz,0.00018100743026004028
theta,1503,33,52,Cz,F1,0.00019197309219676694
theta,1504,33,53,Cz,F3,0.00016645621496060554
theta,1505,33,54,Cz,F5,0.00014310844837153472
theta,1506,33,55,Cz,F7,0.0001745848822440658
theta,1507,33,56,Cz,AF4,0.00014235095685104405
theta,1508,33,57,Cz,AF7,0.0001354077392916128
theta,1509,33,58,Cz,AF3,0.00013105448929114934
theta,1510,33,59,Cz,Fp2,0.00014406287519735868
theta,1511,33,60,Cz,Fpz,0.00014478499746031564
theta,1512,33,61,Cz,Fp1,0.0001440011891500688
theta,1513,34,35,C1,C3,0.0002086506469909823
theta,1514,34,36,C1,C5,0.00023103111902351685
theta,1515,34,37,C1,T7,0.00020171586158009456
theta,1516,34,38,C1,FT8,0.00018331758861655017
theta,1517,34,39,C1,FC6,0.00016759542842097994
theta,1518,34,40,C1,FC4,0.00017553554662888353
theta,1519,34,41,C1,FC2,0.00018816368681465152
theta,1520,34,42,C1,AF8,0.00018735399570483647
theta,1521,34,43,C1,FC1,0.0002130434409251554
theta,1522,34,44,C1,FC3,0.0001797770564418738
theta,1523,34,45,C1,FC5,0.00017039212401551352
theta,1524,34,46,C1,FT7,0.00018260034736228552
theta,1525,34,47,C1,F8,0.0001594517091551736
theta,1526,34,48,C1,F6,0.00013962399581212657
theta,1527,34,49,C1,F4,0.00014880725414594237
theta,1528,34,50,C1,F2,0.00016340053493195725
theta,1529,34,51,C1,Fz,0.00017904423611260853
theta,1530,34,52,C1,F1,0.0001881915130884305
theta,1531,34,53,C1,F3,0.00016727502670313798
theta,1532,34,54,C1,F5,0.00014574497796834273
theta,1533,34,55,C1,F7,0.0001579412510036664
theta,1534,34,56,C1,AF4,0.00015536544980071967
theta,1535,34,57,C1,AF7,0.0001480733976466476
theta,1536,34,58,C1,AF3,0.00015807788260194583
theta,1537,34,59,C1,Fp2,0.0001580745734331683
theta,1538,34,60,C1,Fpz,0.000158977275568235
theta,1539,34,61,C1,Fp1,0.00017067725921542822
theta,1540,35,36,C3,C5,0.00024158513508505414
theta,1541,35,37,C3,T7,0.00022200304571343526
theta,1542,35,38,C3,FT8,0.00023760209990397198
theta,1543,35,39,C3,FC6,0.00020016156458022304
theta,1544,35,40,C3,FC4,0.00016545871906607312
theta,1545,35,41,C3,FC2,0.00019017627158679024
theta,1546,35,42,C3,AF8,0.00020238806313782032
theta,1547,35,43,C3,FC1,0.00020916834829478705
theta,1548,35,44,C3,FC3,0.0001890954656687173
theta,1549,35,45,C3,FC5,0.00020723383858841588
theta,1550,35,46,C3,FT7,0.0001999390279609941
theta,1551,35,47,C3,F8,0.00020044036196648437
theta,1552,35,48,C3,F6,0.00016111214103249247
theta,1553,35,49,C3,F4,0.0001609345183302149
theta,1554,35,50,C3,F2,0.00019167243274050062
theta,1555,35,51,C3,Fz,0.00020395053842771804
theta,1556,35,52,C3,F1,0.00020105462738183376
theta,1557,35,53,C3,F3,0.0001868565734513899
theta,1558,35,54,C3,F5,0.00018571243024361551
theta,1559,35,55,C3,F7,0.0001729088591025943
theta,1560,35,56,C3,AF4,0.00015385067630899486
theta,1561,35,57,C3,AF7,0.0001798072395579788
theta,1562,35,58,C3,AF3,0.00018084824975478527
theta,1563,35,59,C3,Fp2,0.00014704916820930543
theta,1564,35,60,C3,Fpz,0.00015797793261259542
theta,1565,35,61,C3,Fp1,0.00016363223999406077
theta,1566,36,37,C5,T7,0.00024106600749968865
theta,1567,36,38,C5,FT8,0.00020651857414553804
theta,1568,36,39,C5,FC6,0.00015583999467109257
theta,1569,36,40,C5,FC4,0.0001714613163719708
theta,1570,36,41,C5,FC2,0.000198237491973885
theta,1571,36,42,C5,AF8,0.00019737121251145597
theta,1572,36,43,C5,FC1,0.00021648210742785664
theta,1573,36,44,C5,FC3,0.00023297032092400462
theta,1574,36,45,C5,FC5,0.0001757390309039273
theta,1575,36,46,C5,FT7,0.00020646574535709527
theta,1576,36,47,C5,F8,0.0001838199642426552
theta,1577,36,48,C5,F6,0.0001661086345938826
theta,1578,36,49,C5,F4,0.00017018064948080193
theta,1579,36,50,C5,F2,0.00016078631123763977
theta,1580,36,51,C5,Fz,0.000170810998522694
theta,1581,36,52,C5,F1,0.00019936112794100691
theta,1582,36,53,C5,F3,0.00019533832626048662
theta,1583,36,54,C5,F5,0.00018041847318386541
theta,1584,36,55,C5,F7,0.0001632949156421642
theta,1585,36,56,C5,AF4,0.00016000439332214132
theta,1586,36,57,C5,AF7,0.00014793383017427686
theta,1587,36,58,C5,AF3,0.00015005948504195806
theta,1588,36,59,C5,Fp2,0.00015236675764559532
theta,1589,36,60,C5,Fpz,0.00014118112580357292
theta,1590,36,61,C5,Fp1,0.00014854244725525555
theta,1591,37,38,T7,FT8,0.00023103206012650086
theta,1592,37,39,T7,FC6,0.00017957186625403493
theta,1593,37,40,T7,FC4,0.00016258964818126396
theta,1594,37,41,T7,FC2,0.0001774535163462727
theta,1595,37,42,T7,AF8,0.0001703530559110713
theta,1596,37,43,T7,FC1,0.000174512197089444
theta,1597,37,44,T7,FC3,0.00020641493217323143
theta,1598,37,45,T7,FC5,0.0002047078870066644
theta,1599,37,46,T7,FT7,0.000203313479881904
theta,1600,37,47,T7,F8,0.00021149791930244002
theta,1601,37,48,T7,F6,0.000184876673044288
theta,1602,37,49,T7,F4,0.0001669577112868524
theta,1603,37,50,T7,F2,0.00014207070959950196
theta,1604,37,51,T7,Fz,0.00016168470845612912
theta,1605,37,52,T7,F1,0.00015672307327868376
theta,1606,37,53,T7,F3,0.0001644642661778872
theta,1607,37,54,T7,F5,0.00015053328294753276
theta,1608,37,55,T7,F7,0.00022258961256398603
theta,1609,37,56,T7,AF4,0.00016197940505083638
theta,1610,37,57,T7,AF7,0.00017309719305650607
theta,1611,37,58,T7,AF3,0.0001551087212553404
theta,1612,37,59,T7,Fp2,0.00016253316250402415
theta,1613,37,60,T7,Fpz,0.0001628940760482732
theta,1614,37,61,T7,Fp1,0.000152476409739465
theta,1615,38,39,FT8,FC6,0.00016851369580801328
theta,1616,38,40,FT8,FC4,0.00016717111451063608
theta,1617,38,41,FT8,FC2,0.000194798084423844
theta,1618,38,42,FT8,AF8,0.00019839533917612867
theta,1619,38,43,FT8,FC1,0.0001763894488594227
theta,1620,38,44,FT8,FC3,0.0001708249591872561
theta,1621,38,45,FT8,FC5,0.00020656597702513424
theta,1622,38,46,FT8,FT7,0.00022795098633154534
theta,1623,38,47,FT8,F8,0.0001947389257589158
theta,1624,38,48,FT8,F6,0.00015735677336027604
theta,1625,38,49,FT8,F4,0.0001649766687462666
theta,1626,38,50,FT8,F2,0.00017255745330785436
theta,1627,38,51,FT8,Fz,0.0001701902351488517
theta,1628,38,52,FT8,F1,0.00015995258241635664
theta,1629,38,53,FT8,F3,0.00016039707617006136
theta,1630,38,54,FT8,F5,0.00018985349661841696
theta,1631,38,55,FT8,F7,0.00018978299508186743
theta,1632,38,56,FT8,AF4,0.000167327695367847
theta,1633,38,57,FT8,AF7,0.0001730047385191829
theta,1634,38,58,FT8,AF3,0.00017779817629639966
theta,1635,38,59,FT8,Fp2,0.00020409580326673514
theta,1636,38,60,FT8,Fpz,0.00019726849432608601
theta,1637,38,61,FT8,Fp1,0.00020332482088626283
theta,1638,39,40,FC6,FC4,0.000165242636852922
theta,1639,39,41,FC6,FC2,0.00017395040073086518
theta,1640,39,42,FC6,AF8,0.00018594491999367188
theta,1641,39,43,FC6,FC1,0.00017173906113618885
theta,1642,39,44,FC6,FC3,0.00016334180830663382
theta,1643,39,45,FC6,FC5,0.00018741908730147825
theta,1644,39,46,FC6,FT7,0.00019919454622209927
theta,1645,39,47,FC6,F8,0.0001703322289555483
theta,1646,39,48,FC6,F6,0.00016752056465872537
theta,1647,39,49,FC6,F4,0.00017191079593583113
theta,1648,39,50,FC6,F2,0.00017182267164868548
theta,1649,39,51,FC6,Fz,0.00016588509253626115
theta,1650,39,52,FC6,F1,0.00016554738650092826
theta,1651,39,53,FC6,F3,0.0001756853715833524
theta,1652,39,54,FC6,F5,0.00017193548738214003
theta,1653,39,55,FC6,F7,0.0001781079984147762
theta,1654,39,56,FC6,AF4,0.00018158271560018822
theta,1655,39,57,FC6,AF7,0.0002019563720156926
theta,1656,39,58,FC6,AF3,0.00018612414727099243
theta,1657,39,59,FC6,Fp2,0.00021584441369322782
theta,1658,39,60,FC6,Fpz,0.00018556710834957942
theta,1659,39,61,FC6,Fp1,0.00018331000364195214
theta,1660,40,41,FC4,FC2,0.00020244689153766927
theta,1661,40,42,FC4,AF8,0.00023018413286779443
theta,1662,40,43,FC4,FC1,0.00022778353861879487
theta,1663,40,44,FC4,FC3,0.00024824991857474055
theta,1664,40,45,FC4,FC5,0.0001609400439669957
theta,1665,40,46,FC4,FT7,0.00014418359965420846
theta,1666,40,47,FC4,F8,0.0001873794998058908
theta,1667,40,48,FC4,F6,0.0001763649721399108
theta,1668,40,49,FC4,F4,0.00017641952997459032
theta,1669,40,50,FC4,F2,0.00019851545639002006
theta,1670,40,51,FC4,Fz,0.00020027355610417654
theta,1671,40,52,FC4,F1,0.00020236719499372137
theta,1672,40,53,FC4,F3,0.0001739873107760952
theta,1673,40,54,FC4,F5,0.00014564459134696963
theta,1674,40,55,FC4,F7,0.000138486294135754
theta,1675,40,56,FC4,AF4,0.00017680448383864848
theta,1676,40,57,FC4,AF7,0.00016085940999490937
theta,1677,40,58,FC4,AF3,0.00015329055827732874
theta,1678,40,59,FC4,Fp2,0.00017201419251430616
theta,1679,40,60,FC4,Fpz,0.00016883461001184434
theta,1680,40,61,FC4,Fp1,0.00015051811993843376
theta,1681,41,42,FC2,AF8,0.00020996291354028469
theta,1682,41,43,FC2,FC1,0.0002544238342493304
theta,1683,41,44,FC2,FC3,0.00024120714471736164
theta,1684,41,45,FC2,FC5,0.00018299299523605675
theta,1685,41,46,FC2,FT7,0.0001539541170996066
theta,1686,41,47,FC2,F8,0.0001781116511371022
theta,1687,41,48,FC2,F6,0.00018750222326369983
theta,1688,41,49,FC2,F4,0.00017765078053289725
theta,1689,41,50,FC2,F2,0.00015840914159842817
theta,1690,41,51,FC2,Fz,0.00015973415873951022
theta,1691,41,52,FC2,F1,0.00019566117483855905
theta,1692,41,53,FC2,F3,0.00019777050211594355
theta,1693,41,54,FC2,F5,0.00015610103275980335
theta,1694,41,55,FC2,F7,0.00013276139105882786
theta,1695,41,56,FC2,AF4,0.0001616458327523447
theta,1696,41,57,FC2,AF7,0.00015151860079403684
theta,1697,41,58,FC2,AF3,0.0001481347630418428
theta,1698,41,59,FC2,Fp2,0.00015102751609748485
theta,1699,41,60,FC2,Fpz,0.00015620187376356884
theta,1700,41,61,FC2,Fp1,0.00014814836327427865
theta,1701,42,43,AF8,FC1,0.0002213633514710969
theta,1702,42,44,AF8,FC3,0.0002451973592930641
theta,1703,42,45,AF8,FC5,0.00019732889815235797
theta,1704,42,46,AF8,FT7,0.00016943579063988346
theta,1705,42,47,AF8,F8,0.0001669400059209081
theta,1706,42,48,AF8,F6,0.00018656668116314286
theta,1707,42,49,AF8,F4,0.0001960972540462163
theta,1708,42,50,AF8,F2,0.00019580674593667357
theta,1709,42,51,AF8,Fz,0.00019287330078827236
theta,1710,42,52,AF8,F1,0.00022629833849190694
theta,1711,42,53,AF8,F3,0.00022331228057304752
theta,1712,42,54,AF8,F5,0.000173933716416822
theta,1713,42,55,AF8,F7,0.00016808635808313843
theta,1714,42,56,AF8,AF4,0.0001788183299259464
theta,1715,42,57,AF8,AF7,0.0001664136732934274
theta,1716,42,58,AF8,AF3,0.00015470128764580554
theta,1717,42,59,AF8,Fp2,0.00015661247167341347
theta,1718,42,60,AF8,Fpz,0.0001672448749596866
theta,1719,42,61,AF8,Fp1,0.00014463177910200225
theta,1720,43,44,FC1,FC3,0.0002327958800663811
theta,1721,43,45,FC1,FC5,0.0001865609035510182
theta,1722,43,46,FC1,FT7,0.00017066392389693857
theta,1723,43,47,FC1,F8,0.00016191216945387466
theta,1724,43,48,FC1,F6,0.00017053942806749696
theta,1725,43,49,FC1,F4,0.00016390885045282363
theta,1726,43,50,FC1,F2,0.00019597445518140393
theta,1727,43,51,FC1,Fz,0.00019050142831178479
theta,1728,43,52,FC1,F1,0.0001790291031226161
theta,1729,43,53,FC1,F3,0.00019870542922120277
theta,1730,43,54,FC1,F5,0.0001824300456012551
theta,1731,43,55,FC1,F7,0.00016087663161063086
theta,1732,43,56,FC1,AF4,0.00015332488919291576
theta,1733,43,57,FC1,AF7,0.0001573142507187504
theta,1734,43,58,FC1,AF3,0.000158272249372361
theta,1735,43,59,FC1,Fp2,0.00016008564392361687
theta,1736,43,60,FC1,Fpz,0.00017462102538205824
theta,1737,43,61,FC1,Fp1,0.00016533904244446187
theta,1738,44,45,FC3,FC5,0.00017612237347543557
theta,1739,44,46,FC3,FT7,0.00017683257950162624
theta,1740,44,47,FC3,F8,0.00017260535273125812
theta,1741,44,48,FC3,F6,0.00016692128791595927
theta,1742,44,49,FC3,F4,0.00019866462280114695
theta,1743,44,50,FC3,F2,0.0002350412630838651
theta,1744,44,51,FC3,Fz,0.0002499439001975113
theta,1745,44,52,FC3,F1,0.00024299450904256937
theta,1746,44,53,FC3,F3,0.0002026591305617197
theta,1747,44,54,FC3,F5,0.00018332001377161286
theta,1748,44,55,FC3,F7,0.0001736049483030769
theta,1749,44,56,FC3,AF4,0.00016664287976124443
theta,1750,44,57,FC3,AF7,0.0001967901745298826
theta,1751,44,58,FC3,AF3,0.00019459416785632446
theta,1752,44,59,FC3,Fp2,0.0001621788288108962
theta,1753,44,60,FC3,Fpz,0.00019284567486247303
theta,1754,44,61,FC3,Fp1,0.0001774785919789663
theta,1755,45,46,FC5,FT7,0.000176258147346823
theta,1756,45,47,FC5,F8,0.00018694260672485192
theta,1757,45,48,FC5,F6,0.0001846717806801989
theta,1758,45,49,FC5,F4,0.00018679478138017375
theta,1759,45,50,FC5,F2,0.00020204738462189904
theta,1760,45,51,FC5,Fz,0.00020232319298369187
theta,1761,45,52,FC5,F1,0.00020687390357228584
theta,1762,45,53,FC5,F3,0.00020519746249877857
theta,1763,45,54,FC5,F5,0.00020437610773708245
theta,1764,45,55,FC5,F7,0.00021559863121720216
theta,1765,45,56,FC5,AF4,0.0001972412498929539
theta,1766,45,57,FC5,AF7,0.0001847148138258272
theta,1767,45,58,FC5,AF3,0.0002030315351987496
theta,1768,45,59,FC5,Fp2,0.00019262388996331813
theta,1769,45,60,FC5,Fpz,0.00019269683117992842
theta,1770,45,61,FC5,Fp1,0.00019501388898151455
theta,1771,46,47,FT7,F8,0.00024046145381848393
theta,1772,46,48,FT7,F6,0.00021435316494064307
theta,1773,46,49,FT7,F4,0.00017310506797071684
theta,1774,46,50,FT7,F2,0.00014946987285115274
theta,1775,46,51,FT7,Fz,0.00016387320142161068
theta,1776,46,52,FT7,F1,0.00017215669862659816
theta,1777,46,53,FT7,F3,0.00017454725919898584
theta,1778,46,54,FT7,F5,0.0001563517530674944
theta,1779,46,55,FT7,F7,0.00021654760262327055
theta,1780,46,56,FT7,AF4,0.00017541801369630802
theta,1781,46,57,FT7,AF7,0.00018523139829986567
theta,1782,46,58,FT7,AF3,0.0001909449642666429
theta,1783,46,59,FT7,Fp2,0.00019794188303203612
theta,1784,46,60,FT7,Fpz,0.00018141438178633147
theta,1785,46,61,FT7,Fp1,0.00018602037600020798
theta,1786,47,48,F8,F6,0.00014926511839980552
theta,1787,47,49,F8,F4,0.0001633766451095085
theta,1788,47,50,F8,F2,0.0001754078010618367
theta,1789,47,51,F8,Fz,0.00016496847489105442
theta,1790,47,52,F8,F1,0.00016075096204535086
theta,1791,47,53,F8,F3,0.00015653183519113322
theta,1792,47,54,F8,F5,0.00017745125193409616
theta,1793,47,55,F8,F7,0.00019868734382704734
theta,1794,47,56,F8,AF4,0.0001756878935715453
theta,1795,47,57,F8,AF7,0.00017533405883749062
theta,1796,47,58,F8,AF3,0.00018519966652870288
theta,1797,47,59,F8,Fp2,0.00022939798241689434
theta,1798,47,60,F8,Fpz,0.00021340920089210394
theta,1799,47,61,F8,Fp1,0.00020216903252372946
theta,1800,48,49,F6,F4,0.0001532591669726515
theta,1801,48,50,F6,F2,0.0001679720666526578
theta,1802,48,51,F6,Fz,0.00018538095677447485
theta,1803,48,52,F6,F1,0.00017526407331383418
theta,1804,48,53,F6,F3,0.00016736684477589616
theta,1805,48,54,F6,F5,0.0001629669080726878
theta,1806,48,55,F6,F7,0.0001815325210119711
theta,1807,48,56,F6,AF4,0.00021514152975047707
theta,1808,48,57,F6,AF7,0.00021576557035108524
theta,1809,48,58,F6,AF3,0.00017957840314104467
theta,1810,48,59,F6,Fp2,0.0002134668993737018
theta,1811,48,60,F6,Fpz,0.00021302946558621354
theta,1812,48,61,F6,Fp1,0.0001804978771051217
theta,1813,49,50,F4,F2,0.00020050916053107295
theta,1814,49,51,F4,Fz,0.00019673681038185915
theta,1815,49,52,F4,F1,0.00019488486744846423
theta,1816,49,53,F4,F3,0.0001886529949670871
theta,1817,49,54,F4,F5,0.00018621473761494062
theta,1818,49,55,F4,F7,0.00016664147334410938
theta,1819,49,56,F4,AF4,0.0001702652181328759
theta,1820,49,57,F4,AF7,0.00020837095499623976
theta,1821,49,58,F4,AF3,0.0001978000897551375
theta,1822,49,59,F4,Fp2,0.0001758727137242152
theta,1823,49,60,F4,Fpz,0.00020740938449702426
theta,1824,49,61,F4,Fp1,0.00018162790921598406
theta,1825,50,51,F2,Fz,0.0001944395457194661
theta,1826,50,52,F2,F1,0.00021808943202031154
theta,1827,50,53,F2,F3,0.00020777278021933532
theta,1828,50,54,F2,F5,0.0001795381567976565
theta,1829,50,55,F2,F7,0.00015298067386556777
theta,1830,50,56,F2,AF4,0.0001535398771405013
theta,1831,50,57,F2,AF7,0.00016447704622996352
theta,1832,50,58,F2,AF3,0.00017390572996477154
theta,1833,50,59,F2,Fp2,0.0001613820646650304
theta,1834,50,60,F2,Fpz,0.00017377832936526393
theta,1835,50,61,F2,Fp1,0.0001608010530186198
theta,1836,51,52,Fz,F1,0.00021585777520211373
theta,1837,51,53,Fz,F3,0.00020926797020053676
theta,1838,51,54,Fz,F5,0.00019961411464591833
theta,1839,51,55,Fz,F7,0.000155993058140349
theta,1840,51,56,Fz,AF4,0.00018244011447602387
theta,1841,51,57,Fz,AF7,0.0001739659415373985
theta,1842,51,58,Fz,AF3,0.0001607579170562408
theta,1843,51,59,Fz,Fp2,0.00016311749741190082
theta,1844,51,60,Fz,Fpz,0.00018550526812878554
theta,1845,51,61,Fz,Fp1,0.00016962281933560714
theta,1846,52,53,F1,F3,0.0002089621591916985
theta,1847,52,54,F1,F5,0.00019179394841480397
theta,1848,52,55,F1,F7,0.00016480428428248655
theta,1849,52,56,F1,AF4,0.00017255913739265238
theta,1850,52,57,F1,AF7,0.00020642628658736612
theta,1851,52,58,F1,AF3,0.0001587170318267755
theta,1852,52,59,F1,Fp2,0.00018155269089820578
theta,1853,52,60,F1,Fpz,0.00021269606945882098
theta,1854,52,61,F1,Fp1,0.00016699986987536646
theta,1855,53,54,F3,F5,0.00016400544983493016
theta,1856,53,55,F3,F7,0.00016508246271492686
theta,1857,53,56,F3,AF4,0.00015959813909640272
theta,1858,53,57,F3,AF7,0.00019469247891195854
theta,1859,53,58,F3,AF3,0.0001790220313836048
theta,1860,53,59,F3,Fp2,0.00017551078812684764
theta,1861,53,60,F3,Fpz,0.0001917772701055115
theta,1862,53,61,F3,Fp1,0.00018295846132670036
theta,1863,54,55,F5,F7,0.00016272432397098532
theta,1864,54,56,F5,AF4,0.00018024056446831196
theta,1865,54,57,F5,AF7,0.00020242369118537946
theta,1866,54,58,F5,AF3,0.00019423680020280287
theta,1867,54,59,F5,Fp2,0.00015891232356292926
theta,1868,54,60,F5,Fpz,0.00018551318030538808
theta,1869,54,61,F5,Fp1,0.00017251059387949637
theta,1870,55,56,F7,AF4,0.000193034691919558
theta,1871,55,57,F7,AF7,0.00018932831272507785
theta,1872,55,58,F7,AF3,0.00018838167841823644
theta,1873,55,59,F7,Fp2,0.00020399062294846468
theta,1874,55,60,F7,Fpz,0.00019787566114954678
theta,1875,55,61,F7,Fp1,0.0002073820899955594
theta,1876,56,57,AF4,AF7,0.00017341821806527005
theta,1877,56,58,AF4,AF3,0.00018459012989772685
theta,1878,56,59,AF4,Fp2,0.00014885519653270107
theta,1879,56,60,AF4,Fpz,0.00021352827284460432
theta,1880,56,61,AF4,Fp1,0.00019586240040543184
theta,1881,57,58,AF7,AF3,0.0001671700714252402
theta,1882,57,59,AF7,Fp2,0.0001780294897540014
theta,1883,57,60,AF7,Fpz,0.00016273023029322894
theta,1884,57,61,AF7,Fp1,0.0001512745656723343
theta,1885,58,59,AF3,Fp2,0.00017082410936631844
theta,1886,58,60,AF3,Fpz,0.00022264848376374528
theta,1887,58,61,AF3,Fp1,0.00015210996592974812
theta,1888,59,60,Fp2,Fpz,0.00015906050165447256
theta,1889,59,61,Fp2,Fp1,0.00014583910260680073
theta,1890,60,61,Fpz,Fp1,0.00016825140250027124
alpha,0,0,1,Iz,O2,0.00029941507576773175
alpha,1,0,2,Iz,Oz,0.0002446197089054984
alpha,2,0,3,Iz,O1,0.00034938290207007036
alpha,3,0,4,Iz,PO8,0.00032204105109579954
alpha,4,0,5,Iz,PO4,0.00029687270214758535
alpha,5,0,6,Iz,POz,0.00022696308108688425
alpha,6,0,7,Iz,PO3,0.000277097263358357
alpha,7,0,8,Iz,PO7,0.0003665877635354033
alpha,8,0,9,Iz,P8,0.0002802795022000549
alpha,9,0,10,Iz,P6,0.00025319104252125875
alpha,10,0,11,Iz,P4,0.00022167554247244027
alpha,11,0,12,Iz,P2,0.00023516149016023532
alpha,12,0,13,Iz,Pz,0.0002066669599646835
alpha,13,0,14,Iz,P1,0.00021707871050895863
alpha,14,0,15,Iz,P3,0.00026108847759521644
alpha,15,0,16,Iz,P5,0.0003265084284148333
alpha,16,0,17,Iz,P7,0.0003353604229810265
alpha,17,0,18,Iz,TP10,0.0003105529402592351
alpha,18,0,19,Iz,TP8,0.00026172695000749514
alpha,19,0,20,Iz,CP6,0.00025006459637002133
alpha,20,0,21,Iz,CP4,0.0002500567442307274
alpha,21,0,22,Iz,CP2,0.0002282901344041591
alpha,22,0,23,Iz,CPz,0.0002204590035902205
alpha,23,0,24,Iz,CP1,0.00026642195552396006
alpha,24,0,25,Iz,CP3,0.0002538490036388003
alpha,25,0,26,Iz,CP5,0.00026723381633660695
alpha,26,0,27,Iz,TP7,0.00026013637623101683
alpha,27,0,28,Iz,TP9,0.0002783322527411835
alpha,28,0,29,Iz,T8,0.0002747213864950958
alpha,29,0,30,Iz,C6,0.00033312495755068107
alpha,30,0,31,Iz,C4,0.000383299363779165
alpha,31,0,32,Iz,C2,0.000346875968092877
alpha,32,0,33,Iz,Cz,0.00040084940069436397
alpha,33,0,34,Iz,C1,0.0003928557133378231
alpha,34,0,35,Iz,C3,0.00029016984418010923
alpha,35,0,36,Iz,C5,0.00032187413568204637
alpha,36,0,37,Iz,T7,0.000267375548671618
alpha,37,0,38,Iz,FT8,0.00023339918244957614
alpha,38,0,39,Iz,FC6,0.0002680638747434489
alpha,39,0,40,Iz,FC4,0.0002867865131784628
alpha,40,0,41,Iz,FC2,0.0003222331025117494
alpha,41,0,42,Iz,AF8,0.0002871261332912575
alpha,42,0,43,Iz,FC1,0.0002700968033082159
alpha,43,0,44,Iz,FC3,0.0002657967532649596
alpha,44,0,45,Iz,FC5,0.0002424040675280759
alpha,45,0,46,Iz,FT7,0.00021980520044204808
alpha,46,0,47,Iz,F8,0.00024716403073890775
alpha,47,0,48,Iz,F6,0.00027572166264772005
alpha,48,0,49,Iz,F4,0.00025788257584617426
alpha,49,0,50,Iz,F2,0.000248200236375112
alpha,50,0,51,Iz,Fz,0.0002581120076956912
alpha,51,0,52,Iz,F1,0.00026395740933727804
alpha,52,0,53,Iz,F3,0.00023111100527035345
alpha,53,0,54,Iz,F5,0.0002152268238578542
alpha,54,0,55,Iz,F7,0.0001948058825976729
alpha,55,0,56,Iz,AF4,0.00021836208951858324
alpha,56,0,57,Iz,AF7,0.00021317255817641072
alpha,57,0,58,Iz,AF3,0.00019351180360955455
alpha,58,0,59,Iz,Fp2,0.0002104562512907218
alpha,59,0,60,Iz,Fpz,0.00019659653939403397
alpha,60,0,61,Iz,Fp1,0.00019862007655635576
alpha,61,1,2,O2,Oz,0.00035313998580637027
alpha,62,1,3,O2,O1,0.00034085509673039945
alpha,63,1,4,O2,PO8,0.0004129956219495013
alpha,64,1,5,O2,PO4,0.00026154086937174326
alpha,65,1,6,O2,POz,0.0002999621449220765
alpha,66,1,7,O2,PO3,0.0003248411385722672
alpha,67,1,8,O2,PO7,0.0003321117094304074
alpha,68,1,9,O2,P8,0.00033076485576503885
alpha,69,1,10,O2,P6,0.0002547823901822466
alpha,70,1,11,O2,P4,0.00020214711774324141
alpha,71,1,12,O2,P2,0.00020847526182354243
alpha,72,1,13,O2,Pz,0.00022280605700495667
alpha,73,1,14,O2,P1,0.0002466416641921472
alpha,74,1,15,O2,P3,0.0002911438673019959
alpha,75,1,16,O2,P5,0.00027966888619881545
alpha,76,1,17,O2,P7,0.00028879966477604856
alpha,77,1,18,O2,TP10,0.00036300833711592947
alpha,78,1,19,O2,TP8,0.0003021909123764541
alpha,79,1,20,O2,CP6,0.00025756250286859363
alpha,80,1,21,O2,CP4,0.0002263431194327148
alpha,81,1,22,O2,CP2,0.00018111181723237348
alpha,82,1,23,O2,CPz,0.00021069423558941921
alpha,83,1,24,O2,CP1,0.00028405300839491143
alpha,84,1,25,O2,CP3,0.00024233170329298302
alpha,85,1,26,O2,CP5,0.0002602780943297106
alpha,86,1,27,O2,TP7,0.0002663106181015608
alpha,87,1,28,O2,TP9,0.0002817366709391235
alpha,88,1,29,O2,T8,0.00026368941648287136
alpha,89,1,30,O2,C6,0.00027184452775015183
alpha,90,1,31,O2,C4,0.0002777049486679306
alpha,91,1,32,O2,C2,0.00020162617125648943
alpha,92,1,33,O2,Cz,0.00025516031319605843
alpha,93,1,34,O2,C1,0.0002934580359609597
alpha,94,1,35,O2,C3,0.0003441063244683417
alpha,95,1,36,O2,C5,0.000329735946267785
alpha,96,1,37,O2,T7,0.00023407707213251309
alpha,97,1,38,O2,FT8,0.0002771735299331881
alpha,98,1,39,O2,FC6,0.0003164697090064712
alpha,99,1,40,O2,FC4,0.00034437364667430046
alpha,100,1,41,O2,FC2,0.00029996920303089096
alpha,101,1,42,O2,AF8,0.00036023373078046767
alpha,102,1,43,O2,FC1,0.00032209388717144614
alpha,103,1,44,O2,FC3,0.0003847550801380158
alpha,104,1,45,O2,FC5,0.00028076905542820743
alpha,105,1,46,O2,FT7,0.0002354205869731333
alpha,106,1,47,O2,F8,0.00029395528597652473
alpha,107,1,48,O2,F6,0.0002975277401698341
alpha,108,1,49,O2,F4,0.0003048280084365915
alpha,109,1,50,O2,F2,0.0002951198068862598
alpha,110,1,51,O2,Fz,0.0003009079312476733
alpha,111,1,52,O2,F1,0.0002922747726107889
alpha,112,1,53,O2,F3,0.0002904225136321476
alpha,113,1,54,O2,F5,0.00023945227685543284
alpha,114,1,55,O2,F7,0.00022984193651424365
alpha,115,1,56,O2,AF4,0.00026836932074426515
alpha,116,1,57,O2,AF7,0.0002761248176377184
alpha,117,1,58,O2,AF3,0.0002532633759794167
alpha,118,1,59,O2,Fp2,0.00023150035007146432
alpha,119,1,60,O2,Fpz,0.00024049554569026475
alpha,120,1,61,O2,Fp1,0.00023209719784429128
alpha,121,2,3,Oz,O1,0.0004032583571128281
alpha,122,2,4,Oz,PO8,0.00034832181612420697
alpha,123,2,5,Oz,PO4,0.000295586714591556
alpha,124,2,6,Oz,POz,0.000282245025728263
alpha,125,2,7,Oz,PO3,0.0003002363026043
alpha,126,2,8,Oz,PO7,0.00043823776972280954
alpha,127,2,9,Oz,P8,0.00027550538610857567
alpha,128,2,10,Oz,P6,0.000282294947239108
alpha,129,2,11,Oz,P4,0.00024694397502480727
alpha,130,2,12,Oz,P2,0.00024255611274084482
alpha,131,2,13,Oz,Pz,0.0002268167569020708
alpha,132,2,14,Oz,P1,0.00021433625795150567
alpha,133,2,15,Oz,P3,0.00031140192136266595
alpha,134,2,16,Oz,P5,0.00031719376786822214
alpha,135,2,17,Oz,P7,0.00036146635505306514
alpha,136,2,18,Oz,TP10,0.0002746202672777525
alpha,137,2,19,Oz,TP8,0.00024792804796301877
alpha,138,2,20,Oz,CP6,0.00023714829282106906
alpha,139,2,21,Oz,CP4,0.0002351708992444391
alpha,140,2,22,Oz,CP2,0.00020208484558437235
alpha,141,2,23,Oz,CPz,0.00021239511647558822
alpha,142,2,24,Oz,CP1,0.00024133919427522842
alpha,143,2,25,Oz,CP3,0.000247401015673849
alpha,144,2,26,Oz,CP5,0.00024306369363239107
alpha,145,2,27,Oz,TP7,0.0002557768989611128
alpha,146,2,28,Oz,TP9,0.00031360837416187574
alpha,147,2,29,Oz,T8,0.0002873514288221861
alpha,148,2,30,Oz,C6,0.00031103303662182987
alpha,149,2,31,Oz,C4,0.00030281771393925796
alpha,150,2,32,Oz,C2,0.0003319326007767624
alpha,151,2,33,Oz,Cz,0.000347063058050246
alpha,152,2,34,Oz,C1,0.000321030038803566
alpha,153,2,35,Oz,C3,0.00029979096276418335
alpha,154,2,36,Oz,C5,0.0002958990869223786
alpha,155,2,37,Oz,T7,0.0002617049174120619
alpha,156,2,38,Oz,FT8,0.0003008360732549566
alpha,157,2,39,Oz,FC6,0.00036128041571131
alpha,158,2,40,Oz,FC4,0.0003572314607301434
alpha,159,2,41,Oz,FC2,0.0003335288576621221
alpha,160,2,42,Oz,AF8,0.000334355571457264
alpha,161,2,43,Oz,FC1,0.0003026887180236704
alpha,162,2,44,Oz,FC3,0.00030626815235203165
alpha,163,2,45,Oz,FC5,0.0002413392349704416
alpha,164,2,46,Oz,FT7,0.000251950809645692
alpha,165,2,47,Oz,F8,0.0002832431952147937
alpha,166,2,48,Oz,F6,0.00030150517784936033
alpha,167,2,49,Oz,F4,0.00031183472862367326
alpha,168,2,50,Oz,F2,0.000312595048797839
alpha,169,2,51,Oz,Fz,0.00029148333088394843
alpha,170,2,52,Oz,F1,0.00028937948251659014
alpha,171,2,53,Oz,F3,0.00027649501774425705
alpha,172,2,54,Oz,F5,0.00024255264650513663
alpha,173,2,55,Oz,F7,0.00022062054273275485
alpha,174,2,56,Oz,AF4,0.00025672613718169264
alpha,175,2,57,Oz,AF7,0.00027244558450537765
alpha,176,2,58,Oz,AF3,0.0002850339302390904
alpha,177,2,59,Oz,Fp2,0.00024175665912299377
alpha,178,2,60,Oz,Fpz,0.0002575806252463468
alpha,179,2,61,Oz,Fp1,0.00025712791233470383
alpha,180,3,4,O1,PO8,0.0003775368697805289
alpha,181,3,5,O1,PO4,0.00028105470387655604
alpha,182,3,6,O1,POz,0.00029139448449831776
alpha,183,3,7,O1,PO3,0.00029041046784024377
alpha,184,3,8,O1,PO7,0.0004149939892376107
alpha,185,3,9,O1,P8,0.00029214637086861676
alpha,186,3,10,O1,P6,0.0002743015972674588
alpha,187,3,11,O1,P4,0.00026754186450607577
alpha,188,3,12,O1,P2,0.0002021747563382903
alpha,189,3,13,O1,Pz,0.00022492856838750758
alpha,190,3,14,O1,P1,0.00024087113186524635
alpha,191,3,15,O1,P3,0.000309289021929362
alpha,192,3,16,O1,P5,0.00033530946735401426
alpha,193,3,17,O1,P7,0.000374865170509813
alpha,194,3,18,O1,TP10,0.0003208070975202257
alpha,195,3,19,O1,TP8,0.0002904201362926618
alpha,196,3,20,O1,CP6,0.0002569447875880171
alpha,197,3,21,O1,CP4,0.00020746630305890513
alpha,198,3,22,O1,CP2,0.00019035168050304777
alpha,199,3,23,O1,CPz,0.00023545810385468464
alpha,200,3,24,O1,CP1,0.00024297271468600375
alpha,201,3,25,O1,CP3,0.00028711446460715385
alpha,202,3,26,O1,CP5,0.0002782937881505556
alpha,203,3,27,O1,TP7,0.00027197165144447576
alpha,204,3,28,O1,TP9,0.0002920323091461654
alpha,205,3,29,O1,T8,0.00028271356127096056
alpha,206,3,30,O1,C6,0.0003624196919870963
alpha,207,3,31,O1,C4,0.00032566423966479813
alpha,208,3,32,O1,C2,0.0002921989948803883
alpha,209,3,33,O1,Cz,0.00034253611458885913
alpha,210,3,34,O1,C1,0.00026350209336568583
alpha,211,3,35,O1,C3,0.00027166103832896584
alpha,212,3,36,O1,C5,0.00028983663710191053
alpha,213,3,37,O1,T7,0.00024685252057757057
alpha,214,3,38,O1,FT8,0.00030638714666968056
alpha,215,3,39,O1,FC6,0.0003752470575840609
alpha,216,3,40,O1,FC4,0.0004063177737405958
alpha,217,3,41,O1,FC2,0.0003991777949589194
alpha,218,3,42,O1,AF8,0.0003598595633924703
alpha,219,3,43,O1,FC1,0.0003272994693690213
alpha,220,3,44,O1,FC3,0.0002699061222607611
alpha,221,3,45,O1,FC5,0.00024570129746863346
alpha,222,3,46,O1,FT7,0.00024843072167346107
alpha,223,3,47,O1,F8,0.00027563788832709495
alpha,224,3,48,O1,F6,0.00026417865607053287
alpha,225,3,49,O1,F4,0.00032815754220016143
alpha,226,3,50,O1,F2,0.00035421039547323433
alpha,227,3,51,O1,Fz,0.00030624347818295156
alpha,228,3,52,O1,F1,0.00028816451681163547
alpha,229,3,53,O1,F3,0.00024898265099114605
alpha,230,3,54,O1,F5,0.00019565679717975423
alpha,231,3,55,O1,F7,0.00021983872640337376
alpha,232,3,56,O1,AF4,0.00023276816990899638
alpha,233,3,57,O1,AF7,0.00022157316144641247
alpha,234,3,58,O1,AF3,0.000235382670155521
alpha,235,3,59,O1,Fp2,0.00020795215784388268
alpha,236,3,60,O1,Fpz,0.00022645269564775498
alpha,237,3,61,O1,Fp1,0.00021741936279594007
alpha,238,4,5,PO8,PO4,0.00035932608583768633
alpha,239,4,6,PO8,POz,0.00031669067636856576
alpha,240,4,7,PO8,PO3,0.00030850031668010506
alpha,241,4,8,PO8,PO7,0.00030477403799894303
alpha,242,4,9,PO8,P8,0.0003474604878948293
alpha,243,4,10,PO8,P6,0.00027994636427043824
alpha,244,4,11,PO8,P4,0.00025476399299046327
alpha,245,4,12,PO8,P2,0.00021132761516323302
alpha,246,4,13,PO8,Pz,0.00022725763277051144
alpha,247,4,14,PO8,P1,0.0002300907715255845
alpha,248,4,15,PO8,P3,0.0002579762442546507
alpha,249,4,16,PO8,P5,0.0002638474643764218
alpha,250,4,17,PO8,P7,0.0002550704388844974
alpha,251,4,18,PO8,TP10,0.0003379482748936071
alpha,252,4,19,PO8,TP8,0.00026522133549985685
alpha,253,4,20,PO8,CP6,0.0002621380607386628
alpha,254,4,21,PO8,CP4,0.00024121789123622938
alpha,255,4,22,PO8,CP2,0.00022073415757027092
alpha,256,4,23,PO8,CPz,0.00022778969593261036
alpha,257,4,24,PO8,CP1,0.0002561171222080032
alpha,258,4,25,PO8,CP3,0.0002765488893862081
alpha,259,4,26,PO8,CP5,0.000254406707287243
alpha,260,4,27,PO8,TP7,0.0002666072002245398
alpha,261,4,28,PO8,TP9,0.0002807157713707979
alpha,262,4,29,PO8,T8,0.00027043909047752356
alpha,263,4,30,PO8,C6,0.00026208672366311535
alpha,264,4,31,PO8,C4,0.0002772722358810434
alpha,265,4,32,PO8,C2,0.0002483470373703016
alpha,266,4,33,PO8,Cz,0.000296415251217248
alpha,267,4,34,PO8,C1,0.00029309835836647884
alpha,268,4,35,PO8,C3,0.00035335906612897456
alpha,269,4,36,PO8,C5,0.0003368385399164201
alpha,270,4,37,PO8,T7,0.00024109973365866246
alpha,271,4,38,PO8,FT8,0.0002500127322514764
alpha,272,4,39,PO8,FC6,0.0002934523986616831
alpha,273,4,40,PO8,FC4,0.00028778714269998677
alpha,274,4,41,PO8,FC2,0.0002891169827891223
alpha,275,4,42,PO8,AF8,0.00034470468360212086
alpha,276,4,43,PO8,FC1,0.00038772786418357164
alpha,277,4,44,PO8,FC3,0.00039898647144762307
alpha,278,4,45,PO8,FC5,0.0003103091328781857
alpha,279,4,46,PO8,FT7,0.00025823240569977483
alpha,280,4,47,PO8,F8,0.0002475440266347069
alpha,281,4,48,PO8,F6,0.00027491214353862726
alpha,282,4,49,PO8,F4,0.00027475256569635935
alpha,283,4,50,PO8,F2,0.0002735887281210996
alpha,284,4,51,PO8,Fz,0.00030561724529136415
alpha,285,4,52,PO8,F1,0.0003288956466909039
alpha,286,4,53,PO8,F3,0.00031731728735672214
alpha,287,4,54,PO8,F5,0.0002749385276001655
alpha,288,4,55,PO8,F7,0.0002805139203592917
alpha,289,4,56,PO8,AF4,0.0002713668328203678
alpha,290,4,57,PO8,AF7,0.0002736767494951639
alpha,291,4,58,PO8,AF3,0.00027929254044186454
alpha,292,4,59,PO8,Fp2,0.00024430018930965663
alpha,293,4,60,PO8,Fpz,0.00024936003597733007
alpha,294,4,61,PO8,Fp1,0.00024852663735767705
alpha,295,5,6,PO4,POz,0.0004082552223575669
alpha,296,5,7,PO4,PO3,0.0002872585563699647
alpha,297,5,8,PO4,PO7,0.00024036125398752827
alpha,298,5,9,PO4,P8,0.00033425395915463783
alpha,299,5,10,PO4,P6,0.00038154798193367455
alpha,300,5,11,PO4,P4,0.00025940915375080717
alpha,301,5,12,PO4,P2,0.00023501211554910467
alpha,302,5,13,PO4,Pz,0.00023930553387415096
alpha,303,5,14,PO4,P1,0.00023890593377218572
alpha,304,5,15,PO4,P3,0.00030024074291244186
alpha,305,5,16,PO4,P5,0.00027834604735798056
alpha,306,5,17,PO4,P7,0.00023347825858365938
alpha,307,5,18,PO4,TP10,0.00030982638364997423
alpha,308,5,19,PO4,TP8,0.0002518814698688374
alpha,309,5,20,PO4,CP6,0.00027923708798178136
alpha,310,5,21,PO4,CP4,0.00024204360641760857
alpha,311,5,22,PO4,CP2,0.00019091144143907994
alpha,312,5,23,PO4,CPz,0.0002224247693566449
alpha,313,5,24,PO4,CP1,0.00029066868164146615
alpha,314,5,25,PO4,CP3,0.00021452948640153887
alpha,315,5,26,PO4,CP5,0.00023196911086100272
alpha,316,5,27,PO4,TP7,0.00021080451090461664
alpha,317,5,28,PO4,TP9,0.00025024814003191717
alpha,318,5,29,PO4,T8,0.00028116614885975705
alpha,319,5,30,PO4,C6,0.0003001241123724136
alpha,320,5,31,PO4,C4,0.000194539300856418
alpha,321,5,32,PO4,C2,0.0001532676644169208
alpha,322,5,33,PO4,Cz,0.00020759791988474315
alpha,323,5,34,PO4,C1,0.00023844250448716198
alpha,324,5,35,PO4,C3,0.00030227655814702223
alpha,325,5,36,PO4,C5,0.0003049610556829888
alpha,326,5,37,PO4,T7,0.00024233587268792872
alpha,327,5,38,PO4,FT8,0.0003131684153020359
alpha,328,5,39,PO4,FC6,0.000315759705506435
alpha,329,5,40,PO4,FC4,0.0002422394034949182
alpha,330,5,41,PO4,FC2,0.00019521677747625857
alpha,331,5,42,PO4,AF8,0.0002327333164221713
alpha,332,5,43,PO4,FC1,0.0002907391809461782
alpha,333,5,44,PO4,FC3,0.00035170916388024576
alpha,334,5,45,PO4,FC5,0.000330870329262263
alpha,335,5,46,PO4,FT7,0.00025336324105715215
alpha,336,5,47,PO4,F8,0.0003235976122427058
alpha,337,5,48,PO4,F6,0.00030094157211236507
alpha,338,5,49,PO4,F4,0.00031504231083235673
alpha,339,5,50,PO4,F2,0.0002710037074826116
alpha,340,5,51,PO4,Fz,0.0002653371963472318
alpha,341,5,52,PO4,F1,0.00029307582364945046
alpha,342,5,53,PO4,F3,0.00033691982696297637
alpha,343,5,54,PO4,F5,0.00032080381486896596
alpha,344,5,55,PO4,F7,0.0003201230431479999
alpha,345,5,56,PO4,AF4,0.00032435796380701363
alpha,346,5,57,PO4,AF7,0.00032335359767052404
alpha,347,5,58,PO4,AF3,0.0003454998906796612
alpha,348,5,59,PO4,Fp2,0.000332775374838506
alpha,349,5,60,PO4,Fpz,0.00032883721767057493
alpha,350,5,61,PO4,Fp1,0.0003512716601444306
alpha,351,6,7,POz,PO3,0.00033023823162300615
alpha,352,6,8,POz,PO7,0.00030956427997798336
alpha,353,6,9,POz,P8,0.0002738979138577533
alpha,354,6,10,POz,P6,0.0003609372262856055
alpha,355,6,11,POz,P4,0.0003399727901743966
alpha,356,6,12,POz,P2,0.0002884686956042905
alpha,357,6,13,POz,Pz,0.00029079580609700647
alpha,358,6,14,POz,P1,0.0002964549629766595
alpha,359,6,15,POz,P3,0.0003350582281817371
alpha,360,6,16,POz,P5,0.0003010882518314621
alpha,361,6,17,POz,P7,0.0002531932825091289
alpha,362,6,18,POz,TP10,0.0002837925718498313
alpha,363,6,19,POz,TP8,0.0002611462738405938
alpha,364,6,20,POz,CP6,0.00033992763737965986
alpha,365,6,21,POz,CP4,0.0002723059081641316
alpha,366,6,22,POz,CP2,0.00023090317551473105
alpha,367,6,23,POz,CPz,0.00023040663730342371
alpha,368,6,24,POz,CP1,0.000267088866673534
alpha,369,6,25,POz,CP3,0.00030611508529413035
alpha,370,6,26,POz,CP5,0.0002560861402693815
alpha,371,6,27,POz,TP7,0.00020887864297236135
alpha,372,6,28,POz,TP9,0.00023727571072644618
alpha,373,6,29,POz,T8,0.00030896006707422253
alpha,374,6,30,POz,C6,0.0003259493734192234
alpha,375,6,31,POz,C4,0.00024236991090563633
alpha,376,6,32,POz,C2,0.00021031711016400713
alpha,377,6,33,POz,Cz,0.00021965474916351533
alpha,378,6,34,POz,C1,0.00022752967305973083
alpha,379,6,35,POz,C3,0.00027240205926542616
alpha,380,6,36,POz,C5,0.00029086370464261665
alpha,381,6,37,POz,T7,0.0002754278903282374
alpha,382,6,38,POz,FT8,0.0003567609140404051
alpha,383,6,39,POz,FC6,0.00041173655318451263
alpha,384,6,40,POz,FC4,0.00033180114462591704
alpha,385,6,41,POz,FC2,0.0002736017661024897
alpha,386,6,42,POz,AF8,0.0002699486648127474
alpha,387,6,43,POz,FC1,0.00028514884075232674
alpha,388,6,44,POz,FC3,0.00028815980089068295
alpha,389,6,45,POz,FC5,0.0002871608539681457
alpha,390,6,46,POz,FT7,0.0003040021512655598
alpha,391,6,47,POz,F8,0.00032878442110797915
alpha,392,6,48,POz,F6,0.0003798095688836672
alpha,393,6,49,POz,F4,0.00034754752673556925
alpha,394,6,50,POz,F2,0.00031359194088905254
alpha,395,6,51,POz,Fz,0.00031622493279396825
alpha,396,6,52,POz,F1,0.0003282964262482912
alpha,397,6,53,POz,F3,0.0003017196855479373
alpha,398,6,54,POz,F5,0.0003585715890427318
alpha,399,6,55,POz,F7,0.00032832290269766215
alpha,400,6,56,POz,AF4,0.0003729154713842475
alpha,401,6,57,POz,AF7,0.00034879581900825525
alpha,402,6,58,POz,AF3,0.00034261020640706817
alpha,403,6,59,POz,Fp2,0.00039377824782380977
alpha,404,6,60,POz,Fpz,0.0003845912934063762
alpha,405,6,61,POz,Fp1,0.00037008159014146073
alpha,406,7,8,PO3,PO7,0.00027383718792506437
alpha,407,7,9,PO3,P8,0.0002840826172660424
alpha,408,7,10,PO3,P6,0.00025331039808152225
alpha,409,7,11,PO3,P4,0.00026205485623838375
alpha,410,7,12,PO3,P2,0.00022573356975624909
alpha,411,7,13,PO3,Pz,0.00028236464337098
alpha,412,7,14,PO3,P1,0.00027266771441340575
alpha,413,7,15,PO3,P3,0.00029225470326545237
alpha,414,7,16,PO3,P5,0.00037886013302443935
alpha,415,7,17,PO3,P7,0.00029943580795290133
alpha,416,7,18,PO3,TP10,0.0002707221139974091
alpha,417,7,19,PO3,TP8,0.0002571900210045537
alpha,418,7,20,PO3,CP6,0.00024193953750183914
alpha,419,7,21,PO3,CP4,0.0002351423150704612
alpha,420,7,22,PO3,CP2,0.0001963513307628869
alpha,421,7,23,PO3,CPz,0.0002534370340859718
alpha,422,7,24,PO3,CP1,0.0002500640905229646
alpha,423,7,25,PO3,CP3,0.0002672023582312829
alpha,424,7,26,PO3,CP5,0.00031223329927702214
alpha,425,7,27,PO3,TP7,0.00025201211585432757
alpha,426,7,28,PO3,TP9,0.00020042041371453361
alpha,427,7,29,PO3,T8,0.00027781118782770504
alpha,428,7,30,PO3,C6,0.0002902523181857264
alpha,429,7,31,PO3,C4,0.00030281983380050446
alpha,430,7,32,PO3,C2,0.0002029358511927345
alpha,431,7,33,PO3,Cz,0.00022127274375405062
alpha,432,7,34,PO3,C1,0.0002109165798438877
alpha,433,7,35,PO3,C3,0.00023747192769696716
alpha,434,7,36,PO3,C5,0.00025107653673803805
alpha,435,7,37,PO3,T7,0.00024328121820110506
alpha,436,7,38,PO3,FT8,0.00032485330342930875
alpha,437,7,39,PO3,FC6,0.00036443127810277233
alpha,438,7,40,PO3,FC4,0.0003243409143027294
alpha,439,7,41,PO3,FC2,0.0002601837652699561
alpha,440,7,42,PO3,AF8,0.0002816995488042277
alpha,441,7,43,PO3,FC1,0.0002468432495846759
alpha,442,7,44,PO3,FC3,0.00023161209345561704
alpha,443,7,45,PO3,FC5,0.0002871958053856239
alpha,444,7,46,PO3,FT7,0.0002472187882812932
alpha,445,7,47,PO3,F8,0.00026499497311204847
alpha,446,7,48,PO3,F6,0.0003452638274567689
alpha,447,7,49,PO3,F4,0.00034185656292727904
alpha,448,7,50,PO3,F2,0.00035111633470265183
alpha,449,7,51,PO3,Fz,0.00031198372286901806
alpha,450,7,52,PO3,F1,0.00027741819479592254
alpha,451,7,53,PO3,F3,0.0002885815518170161
alpha,452,7,54,PO3,F5,0.0003002263402525348
alpha,453,7,55,PO3,F7,0.0002820044143077408
alpha,454,7,56,PO3,AF4,0.00031789444556939273
alpha,455,7,57,PO3,AF7,0.000308837676089414
alpha,456,7,58,PO3,AF3,0.00032366571763810145
alpha,457,7,59,PO3,Fp2,0.00032794401127337486
alpha,458,7,60,PO3,Fpz,0.0003326895395060983
alpha,459,7,61,PO3,Fp1,0.00032388094029814975
alpha,460,8,9,PO7,P8,0.0002836846474062774
alpha,461,8,10,PO7,P6,0.00024730034693963684
alpha,462,8,11,PO7,P4,0.0002177376280404853
alpha,463,8,12,PO7,P2,0.00021288491117444486
alpha,464,8,13,PO7,Pz,0.0002402580175247995
alpha,465,8,14,PO7,P1,0.00023065251250519383
alpha,466,8,15,PO7,P3,0.00029396151346726125
alpha,467,8,16,PO7,P5,0.0002917675604115348
alpha,468,8,17,PO7,P7,0.00032322085308199115
alpha,469,8,18,PO7,TP10,0.00028080273439379634
alpha,470,8,19,PO7,TP8,0.00031662989218897013
alpha,471,8,20,PO7,CP6,0.0002443169687734077
alpha,472,8,21,PO7,CP4,0.00019777998557943076
alpha,473,8,22,PO7,CP2,0.0001979960084112835
alpha,474,8,23,PO7,CPz,0.00024092040570057455
alpha,475,8,24,PO7,CP1,0.00028831795041310787
alpha,476,8,25,PO7,CP3,0.00029557373033140216
alpha,477,8,26,PO7,CP5,0.0003141765775967144
alpha,478,8,27,PO7,TP7,0.00030552659324036707
alpha,479,8,28,PO7,TP9,0.000284644752508562
alpha,480,8,29,PO7,T8,0.0002654647823875218
alpha,481,8,30,PO7,C6,0.00036825105761387086
alpha,482,8,31,PO7,C4,0.00032209694824327114
alpha,483,8,32,PO7,C2,0.0002847785912050669
alpha,484,8,33,PO7,Cz,0.00030012239001026713
alpha,485,8,34,PO7,C1,0.0002838789983291186
alpha,486,8,35,PO7,C3,0.0002910091447327223
alpha,487,8,36,PO7,C5,0.00031482199712362007
alpha,488,8,37,PO7,T7,0.00023107440394480537
alpha,489,8,38,PO7,FT8,0.00028172455905105915
alpha,490,8,39,PO7,FC6,0.00036194065800317673
alpha,491,8,40,PO7,FC4,0.00037811781304924124
alpha,492,8,41,PO7,FC2,0.00037708385424588156
alpha,493,8,42,PO7,AF8,0.0003278935442779319
alpha,494,8,43,PO7,FC1,0.00031727382504773165
alpha,495,8,44,PO7,FC3,0.0003167713217637223
alpha,496,8,45,PO7,FC5,0.00021815579355966155
alpha,497,8,46,PO7,FT7,0.0002305718116052151
alpha,498,8,47,PO7,F8,0.00025813162261354946
alpha,499,8,48,PO7,F6,0.00025334860414168316
alpha,500,8,49,PO7,F4,0.0002922025430844627
alpha,501,8,50,PO7,F2,0.0002925657224632239
alpha,502,8,51,PO7,Fz,0.00027884599679137075
alpha,503,8,52,PO7,F1,0.0002669571544384527
alpha,504,8,53,PO7,F3,0.0002456973045730099
alpha,505,8,54,PO7,F5,0.00022235222784382602
alpha,506,8,55,PO7,F7,0.00025927141145643066
alpha,507,8,56,PO7,AF4,0.0002240362393037609
alpha,508,8,57,PO7,AF7,0.00024200675741566864
alpha,509,8,58,PO7,AF3,0.00022998382979201007
alpha,510,8,59,PO7,Fp2,0.00022361472418698622
alpha,511,8,60,PO7,Fpz,0.00024266965228080558
alpha,512,8,61,PO7,Fp1,0.00022970385316086367
alpha,513,9,10,P8,P6,0.0003050408274593698
alpha,514,9,11,P8,P4,0.0002813383876103269
alpha,515,9,12,P8,P2,0.00023054340997095122
alpha,516,9,13,P8,Pz,0.00022380346061385217
alpha,517,9,14,P8,P1,0.00021963529946186634
alpha,518,9,15,P8,P3,0.00022621413657744556
alpha,519,9,16,P8,P5,0.00026385498007974533
alpha,520,9,17,P8,P7,0.0002890207820799328
alpha,521,9,18,P8,TP10,0.000311552381037653
alpha,522,9,19,P8,TP8,0.00023295982843839127
alpha,523,9,20,P8,CP6,0.00032456569242732676
alpha,524,9,21,P8,CP4,0.000274165498567634
alpha,525,9,22,P8,CP2,0.0002557019024267212
alpha,526,9,23,P8,CPz,0.0002446331854113411
alpha,527,9,24,P8,CP1,0.0002690584338171345
alpha,528,9,25,P8,CP3,0.0003009916785310051
alpha,529,9,26,P8,CP5,0.0002459443284130344
alpha,530,9,27,P8,TP7,0.0002633633651591679
alpha,531,9,28,P8,TP9,0.0002915233514813958
alpha,532,9,29,P8,T8,0.000240767196820002
alpha,533,9,30,P8,C6,0.00032775658102713603
alpha,534,9,31,P8,C4,0.0003108570253179452
alpha,535,9,32,P8,C2,0.0002528790318466122
alpha,536,9,33,P8,Cz,0.0003483552202503275
alpha,537,9,34,P8,C1,0.00036886323448768554
alpha,538,9,35,P8,C3,0.0003758528280617136
alpha,539,9,36,P8,C5,0.0003370026918442762
alpha,540,9,37,P8,T7,0.00029331222549285
alpha,541,9,38,P8,FT8,0.00023328975746625635
alpha,542,9,39,P8,FC6,0.00023459941531098698
alpha,543,9,40,P8,FC4,0.00028937002151396135
alpha,544,9,41,P8,FC2,0.00029211432231996906
alpha,545,9,42,P8,AF8,0.00029636042723360127
alpha,546,9,43,P8,FC1,0.0003619670905361419
alpha,547,9,44,P8,FC3,0.00042918630845845574
alpha,548,9,45,P8,FC5,0.00031116046453005976
alpha,549,9,46,P8,FT7,0.00030519144230036936
alpha,550,9,47,P8,F8,0.00022805302362331026
alpha,551,9,48,P8,F6,0.0002344143847128942
alpha,552,9,49,P8,F4,0.00021755359015422155
alpha,553,9,50,P8,F2,0.00027085633560058897
alpha,554,9,51,P8,Fz,0.000281236466879967
alpha,555,9,52,P8,F1,0.0002854999281261091
alpha,556,9,53,P8,F3,0.00026339825654071627
alpha,557,9,54,P8,F5,0.00022996680217003112
alpha,558,9,55,P8,F7,0.0002703311411532697
alpha,559,9,56,P8,AF4,0.00022942778467615758
alpha,560,9,57,P8,AF7,0.0002503885652226258
alpha,561,9,58,P8,AF3,0.0002450493872193243
alpha,562,9,59,P8,Fp2,0.00022921289465471645
alpha,563,9,60,P8,Fpz,0.0002469032101395077
alpha,564,9,61,P8,Fp1,0.0002602969048126715
alpha,565,10,11,P6,P4,0.0002550147940327708
alpha,566,10,12,P6,P2,0.00024219682059310196
alpha,567,10,13,P6,Pz,0.00025426576419172985
alpha,568,10,14,P6,P1,0.00023508013067083332
alpha,569,10,15,P6,P3,0.00026836473793022224
alpha,570,10,16,P6,P5,0.00023661465127697393
alpha,571,10,17,P6,P7,0.00023342421880641323
alpha,572,10,18,P6,TP10,0.0002887360518781195
alpha,573,10,19,P6,TP8,0.00021032573674965044
alpha,574,10,20,P6,CP6,0.000244127128385433
alpha,575,10,21,P6,CP4,0.0002466693281359694
alpha,576,10,22,P6,CP2,0.0002487516061929686
alpha,577,10,23,P6,CPz,0.0001950927176125835
alpha,578,10,24,P6,CP1,0.00023777082972480202
alpha,579,10,25,P6,CP3,0.0002776539790692714
alpha,580,10,26,P6,CP5,0.00021894385836257512
alpha,581,10,27,P6,TP7,0.00023622866868928542
alpha,582,10,28,P6,TP9,0.0002615219897164129
alpha,583,10,29,P6,T8,0.00025375952998891137
alpha,584,10,30,P6,C6,0.0002758191416821131
alpha,585,10,31,P6,C4,0.00023348854516768865
alpha,586,10,32,P6,C2,0.00022699809507640452
alpha,587,10,33,P6,Cz,0.00023170528020940892
alpha,588,10,34,P6,C1,0.00023025924860056168
alpha,589,10,35,P6,C3,0.00029571067556656983
alpha,590,10,36,P6,C5,0.00032886388081186906
alpha,591,10,37,P6,T7,0.000285867358472546
alpha,592,10,38,P6,FT8,0.0002631303535534812
alpha,593,10,39,P6,FC6,0.0002329525438157536
alpha,594,10,40,P6,FC4,0.00027852213336314536
alpha,595,10,41,P6,FC2,0.00023138311709539413
alpha,596,10,42,P6,AF8,0.0002590680055287773
alpha,597,10,43,P6,FC1,0.00030216356275791637
alpha,598,10,44,P6,FC3,0.00033619565196238053
alpha,599,10,45,P6,FC5,0.0003443117979898954
alpha,600,10,46,P6,FT7,0.0003029344939418264
alpha,601,10,47,P6,F8,0.00029174948591401383
alpha,602,10,48,P6,F6,0.00025294864855825004
alpha,603,10,49,P6,F4,0.0002670543889698075
alpha,604,10,50,P6,F2,0.0002618606408185891
alpha,605,10,51,P6,Fz,0.00024754516901959585
alpha,606,10,52,P6,F1,0.0002818982511481833
alpha,607,10,53,P6,F3,0.0003017480439805105
alpha,608,10,54,P6,F5,0.00028719885322581195
alpha,609,10,55,P6,F7,0.0002720694835296146
alpha,610,10,56,P6,AF4,0.00030776845195071637
alpha,611,10,57,P6,AF7,0.00027970549794953707
alpha,612,10,58,P6,AF3,0.0002932008397532296
alpha,613,10,59,P6,Fp2,0.0002875206043350527
alpha,614,10,60,P6,Fpz,0.00031853949556753726
alpha,615,10,61,P6,Fp1,0.0002974164848084675
alpha,616,11,12,P4,P2,0.0002882524153819511
alpha,617,11,13,P4,Pz,0.00034066149994216755
alpha,618,11,14,P4,P1,0.0002673370170284198
alpha,619,11,15,P4,P3,0.00028128476037601755
alpha,620,11,16,P4,P5,0.00022158587886531082
alpha,621,11,17,P4,P7,0.00020716399511368707
alpha,622,11,18,P4,TP10,0.0002943816389519057
alpha,623,11,19,P4,TP8,0.0002325912276453063
alpha,624,11,20,P4,CP6,0.000309561275569263
alpha,625,11,21,P4,CP4,0.00022988628258686195
alpha,626,11,22,P4,CP2,0.000215390257642077
alpha,627,11,23,P4,CPz,0.00019500060466669556
alpha,628,11,24,P4,CP1,0.00027534662042218974
alpha,629,11,25,P4,CP3,0.0002637540176691493
alpha,630,11,26,P4,CP5,0.00021956223509597602
alpha,631,11,27,P4,TP7,0.0001930818742684062
alpha,632,11,28,P4,TP9,0.00026222414063630336
alpha,633,11,29,P4,T8,0.00025566956572111306
alpha,634,11,30,P4,C6,0.0002988762103948563
alpha,635,11,31,P4,C4,0.0002163936547962218
alpha,636,11,32,P4,C2,0.0002011850988043288
alpha,637,11,33,P4,Cz,0.00020127462661127162
alpha,638,11,34,P4,C1,0.00017245915063392447
alpha,639,11,35,P4,C3,0.00024185260778234797
alpha,640,11,36,P4,C5,0.00031655279639459746
alpha,641,11,37,P4,T7,0.00024458022014995647
alpha,642,11,38,P4,FT8,0.00025532995418484344
alpha,643,11,39,P4,FC6,0.00026059115044559144
alpha,644,11,40,P4,FC4,0.00019889370040207928
alpha,645,11,41,P4,FC2,0.00018024966548284727
alpha,646,11,42,P4,AF8,0.00020679046709513207
alpha,647,11,43,P4,FC1,0.00021086233206929136
alpha,648,11,44,P4,FC3,0.00023680264907341547
alpha,649,11,45,P4,FC5,0.00033296638162924114
alpha,650,11,46,P4,FT7,0.0003509486769635894
alpha,651,11,47,P4,F8,0.0002776450364363178
alpha,652,11,48,P4,F6,0.000244801029783549
alpha,653,11,49,P4,F4,0.00019923234831402476
alpha,654,11,50,P4,F2,0.0001923186396972179
alpha,655,11,51,P4,Fz,0.0002198991948022322
alpha,656,11,52,P4,F1,0.0002392211945876493
alpha,657,11,53,P4,F3,0.00026957298900266745
alpha,658,11,54,P4,F5,0.0003165866979542327
alpha,659,11,55,P4,F7,0.00034546765584681465
alpha,660,11,56,P4,AF4,0.0002716638375619151
alpha,661,11,57,P4,AF7,0.00028418647026916515
alpha,662,11,58,P4,AF3,0.00030163824852491843
alpha,663,11,59,P4,Fp2,0.0002869922736917037
alpha,664,11,60,P4,Fpz,0.00029423551861954976
alpha,665,11,61,P4,Fp1,0.00029310768835207426
alpha,666,12,13,P2,Pz,0.00032923310106698053
alpha,667,12,14,P2,P1,0.00032422588338812397
alpha,668,12,15,P2,P3,0.0002606930822007272
alpha,669,12,16,P2,P5,0.00022575974711947205
alpha,670,12,17,P2,P7,0.00020352445950577594
alpha,671,12,18,P2,TP10,0.00026825699543999663
alpha,672,12,19,P2,TP8,0.00026374610100528083
alpha,673,12,20,P2,CP6,0.0003468943081591571
alpha,674,12,21,P2,CP4,0.00029536985714468343
alpha,675,12,22,P2,CP2,0.00024340473996220378
alpha,676,12,23,P2,CPz,0.0001868455953972398
alpha,677,12,24,P2,CP1,0.0002939994493413981
alpha,678,12,25,P2,CP3,0.0002624180847037037
alpha,679,12,26,P2,CP5,0.0002630197788188915
alpha,680,12,27,P2,TP7,0.00020416249662748138
alpha,681,12,28,P2,TP9,0.00028606894481626277
alpha,682,12,29,P2,T8,0.0003151207756690789
alpha,683,12,30,P2,C6,0.0003071474321667986
alpha,684,12,31,P2,C4,0.00022617902181135225
alpha,685,12,32,P2,C2,0.0001799538410845284
alpha,686,12,33,P2,Cz,0.00019609312555471972
alpha,687,12,34,P2,C1,0.00017297872269889304
alpha,688,12,35,P2,C3,0.00022005498867954214
alpha,689,12,36,P2,C5,0.0003319864511869487
alpha,690,12,37,P2,T7,0.0003317386670453083
alpha,691,12,38,P2,FT8,0.00033213474049731856
alpha,692,12,39,P2,FC6,0.0002885464251823313
alpha,693,12,40,P2,FC4,0.00020786903549634825
alpha,694,12,41,P2,FC2,0.00017138426415330943
alpha,695,12,42,P2,AF8,0.00016681056911216412
alpha,696,12,43,P2,FC1,0.00018166732694148083
alpha,697,12,44,P2,FC3,0.00021363260749885645
alpha,698,12,45,P2,FC5,0.0002738789532123045
alpha,699,12,46,P2,FT7,0.0003221272756835959
alpha,700,12,47,P2,F8,0.0003514796748508635
alpha,701,12,48,P2,F6,0.0003023515892692743
alpha,702,12,49,P2,F4,0.00020092478898239602
alpha,703,12,50,P2,F2,0.00017848908154202041
alpha,704,12,51,P2,Fz,0.0001821245639108128
alpha,705,12,52,P2,F1,0.00019171727599956852
alpha,706,12,53,P2,F3,0.0002200304708757751
alpha,707,12,54,P2,F5,0.00029960178010150713
alpha,708,12,55,P2,F7,0.0003123565994072384
alpha,709,12,56,P2,AF4,0.00023234762237134182
alpha,710,12,57,P2,AF7,0.000216802477508778
alpha,711,12,58,P2,AF3,0.00022399350044081018
alpha,712,12,59,P2,Fp2,0.0003171350916834054
alpha,713,12,60,P2,Fpz,0.000310936314681622
alpha,714,12,61,P2,Fp1,0.00032139329615077155
alpha,715,13,14,Pz,P1,0.0003659123703623926
alpha,716,13,15,Pz,P3,0.00027728497187114176
alpha,717,13,16,Pz,P5,0.00029390826606230674
alpha,718,13,17,Pz,P7,0.00023484623138787428
alpha,719,13,18,Pz,TP10,0.0002625697897268851
alpha,720,13,19,Pz,TP8,0.0002359286738660842
alpha,721,13,20,Pz,CP6,0.0003171139449450689
alpha,722,13,21,Pz,CP4,0.0003246458049447873
alpha,723,13,22,Pz,CP2,0.0002832048057790729
alpha,724,13,23,Pz,CPz,0.00018533435703292408
alpha,725,13,24,Pz,CP1,0.0002810350840872503
alpha,726,13,25,Pz,CP3,0.0002978507542305314
alpha,727,13,26,Pz,CP5,0.0002819520011284925
alpha,728,13,27,Pz,TP7,0.00025026135623151043
alpha,729,13,28,Pz,TP9,0.00027119398641460075
alpha,730,13,29,Pz,T8,0.00029087379113951797
alpha,731,13,30,Pz,C6,0.0002718117519732585
alpha,732,13,31,Pz,C4,0.0002734586148158957
alpha,733,13,32,Pz,C2,0.00018882372020090382
alpha,734,13,33,Pz,Cz,0.00020458715952234469
alpha,735,13,34,Pz,C1,0.00016579149311266917
alpha,736,13,35,Pz,C3,0.0002221722820148051
alpha,737,13,36,Pz,C5,0.0003423965810369204
alpha,738,13,37,Pz,T7,0.00032004920412452586
alpha,739,13,38,Pz,FT8,0.00036403363772832316
alpha,740,13,39,Pz,FC6,0.00035476551079822804
alpha,741,13,40,Pz,FC4,0.00023159085350605055
alpha,742,13,41,Pz,FC2,0.00019494658435827744
alpha,743,13,42,Pz,AF8,0.0001829338237307303
alpha,744,13,43,Pz,FC1,0.00016721109706361884
alpha,745,13,44,Pz,FC3,0.0002028887918721567
alpha,746,13,45,Pz,FC5,0.0002893908445005127
alpha,747,13,46,Pz,FT7,0.0003671311130591391
alpha,748,13,47,Pz,F8,0.00033575368220606144
alpha,749,13,48,Pz,F6,0.0003187433869905866
alpha,750,13,49,Pz,F4,0.00023819105650869994
alpha,751,13,50,Pz,F2,0.00019670221553521198
alpha,752,13,51,Pz,Fz,0.00018777170382824725
alpha,753,13,52,Pz,F1,0.00019173990972322385
alpha,754,13,53,Pz,F3,0.00021965695466816897
alpha,755,13,54,Pz,F5,0.0002808927485051858
alpha,756,13,55,Pz,F7,0.0003305084847631817
alpha,757,13,56,Pz,AF4,0.0002897917126860881
alpha,758,13,57,Pz,AF7,0.00024453105743637985
alpha,759,13,58,Pz,AF3,0.0002686973449601886
alpha,760,13,59,Pz,Fp2,0.0003463822578022769
alpha,761,13,60,Pz,Fpz,0.00034599605086901007
alpha,762,13,61,Pz,Fp1,0.00034449266822472285
alpha,763,14,15,P1,P3,0.0003052348038520631
alpha,764,14,16,P1,P5,0.00027131703914179135
alpha,765,14,17,P1,P7,0.00021974238503381262
alpha,766,14,18,P1,TP10,0.00025685837205618984
alpha,767,14,19,P1,TP8,0.00023728004075918718
alpha,768,14,20,P1,CP6,0.0002780546844953522
alpha,769,14,21,P1,CP4,0.0003178317743017259
alpha,770,14,22,P1,CP2,0.00026081438614569436
alpha,771,14,23,P1,CPz,0.00025507089206143284
alpha,772,14,24,P1,CP1,0.00024570167592554576
alpha,773,14,25,P1,CP3,0.00029450105393747294
alpha,774,14,26,P1,CP5,0.00028181240703493017
alpha,775,14,27,P1,TP7,0.0002708656226168709
alpha,776,14,28,P1,TP9,0.00026894608522557215
alpha,777,14,29,P1,T8,0.00024525693563294114
alpha,778,14,30,P1,C6,0.0002576894863095472
alpha,779,14,31,P1,C4,0.0002997024057164395
alpha,780,14,32,P1,C2,0.00019799968071501569
alpha,781,14,33,P1,Cz,0.00023726912131650846
alpha,782,14,34,P1,C1,0.000181832819037335
alpha,783,14,35,P1,C3,0.00023240140028754898
alpha,784,14,36,P1,C5,0.0002860040177838997
alpha,785,14,37,P1,T7,0.0002850402733512356
alpha,786,14,38,P1,FT8,0.0003905921279215496
alpha,787,14,39,P1,FC6,0.00034832985809360814
alpha,788,14,40,P1,FC4,0.00021061660058008523
alpha,789,14,41,P1,FC2,0.00021526337635717867
alpha,790,14,42,P1,AF8,0.0001964054908820825
alpha,791,14,43,P1,FC1,0.00018658750852402505
alpha,792,14,44,P1,FC3,0.00020419177867411648
alpha,793,14,45,P1,FC5,0.00029903893588579503
alpha,794,14,46,P1,FT7,0.00031104100381418504
alpha,795,14,47,P1,F8,0.00036730747095213833
alpha,796,14,48,P1,F6,0.000286962514862722
alpha,797,14,49,P1,F4,0.00021393130344777206
alpha,798,14,50,P1,F2,0.00020227914656521418
alpha,799,14,51,P1,Fz,0.00019676580095216145
alpha,800,14,52,P1,F1,0.00020558124704010016
alpha,801,14,53,P1,F3,0.00020954264986233675
alpha,802,14,54,P1,F5,0.0002620796546484455
alpha,803,14,55,P1,F7,0.00030205594260347636
alpha,804,14,56,P1,AF4,0.0002303715922060174
alpha,805,14,57,P1,AF7,0.0002094458426047039
alpha,806,14,58,P1,AF3,0.0002207503781073967
alpha,807,14,59,P1,Fp2,0.00033274701752589983
alpha,808,14,60,P1,Fpz,0.00031353332274281046
alpha,809,14,61,P1,Fp1,0.00031244755575531686
alpha,810,15,16,P3,P5,0.00026084519492263706
alpha,811,15,17,P3,P7,0.00024069007147591923
alpha,812,15,18,P3,TP10,0.000274189387023825
alpha,813,15,19,P3,TP8,0.00026924760827677364
alpha,814,15,20,P3,CP6,0.0002777473742043511
alpha,815,15,21,P3,CP4,0.0002611564474902826
alpha,816,15,22,P3,CP2,0.0002110396295691066
alpha,817,15,23,P3,CPz,0.00027829734710224196
alpha,818,15,24,P3,CP1,0.0002662113735653813
alpha,819,15,25,P3,CP3,0.00026685335023416405
alpha,820,15,26,P3,CP5,0.0002733351096771574
alpha,821,15,27,P3,TP7,0.0002690753281499337
alpha,822,15,28,P3,TP9,0.0002511320841482216
alpha,823,15,29,P3,T8,0.0003087085429221272
alpha,824,15,30,P3,C6,0.00028549267558063417
alpha,825,15,31,P3,C4,0.000289483134658934
alpha,826,15,32,P3,C2,0.00019772537346983798
alpha,827,15,33,P3,Cz,0.00025127999445287484
alpha,828,15,34,P3,C1,0.00022579763237638495
alpha,829,15,35,P3,C3,0.0002490036587513598
alpha,830,15,36,P3,C5,0.0002761105683226652
alpha,831,15,37,P3,T7,0.0002725721670047092
alpha,832,15,38,P3,FT8,0.000363010249626075
alpha,833,15,39,P3,FC6,0.00038457123007555854
alpha,834,15,40,P3,FC4,0.000306920369031518
alpha,835,15,41,P3,FC2,0.00023809629327775053
alpha,836,15,42,P3,AF8,0.00024193518262540604
alpha,837,15,43,P3,FC1,0.00022260107817119256
alpha,838,15,44,P3,FC3,0.00021984516113310635
alpha,839,15,45,P3,FC5,0.0002727106239035562
alpha,840,15,46,P3,FT7,0.00025872868755324275
alpha,841,15,47,P3,F8,0.00035169521258918195
alpha,842,15,48,P3,F6,0.0003472230353532975
alpha,843,15,49,P3,F4,0.0002934082243762524
alpha,844,15,50,P3,F2,0.00024494226001539165
alpha,845,15,51,P3,Fz,0.00023006953730987396
alpha,846,15,52,P3,F1,0.00022872929812003227
alpha,847,15,53,P3,F3,0.00023673771024629498
alpha,848,15,54,P3,F5,0.00024684411342394084
alpha,849,15,55,P3,F7,0.00027134562673057416
alpha,850,15,56,P3,AF4,0.00031380842812553595
alpha,851,15,57,P3,AF7,0.00027462616226877994
alpha,852,15,58,P3,AF3,0.00027130467255029187
alpha,853,15,59,P3,Fp2,0.00032823227570733367
alpha,854,15,60,P3,Fpz,0.0002994809555240473
alpha,855,15,61,P3,Fp1,0.0002815357458346611
alpha,856,16,17,P5,P7,0.0002518542474105079
alpha,857,16,18,P5,TP10,0.00029052266443848094
alpha,858,16,19,P5,TP8,0.0003115880554534217
alpha,859,16,20,P5,CP6,0.00023865003099128923
alpha,860,16,21,P5,CP4,0.00023758489919348526
alpha,861,16,22,P5,CP2,0.00022047382989935608
alpha,862,16,23,P5,CPz,0.00026847557862168014
alpha,863,16,24,P5,CP1,0.0002793101603091802
alpha,864,16,25,P5,CP3,0.000278664660263602
alpha,865,16,26,P5,CP5,0.0003371527259515868
alpha,866,16,27,P5,TP7,0.00027457661832265936
alpha,867,16,28,P5,TP9,0.0002636339021050907
alpha,868,16,29,P5,T8,0.0003068697838749058
alpha,869,16,30,P5,C6,0.00035562876072610985
alpha,870,16,31,P5,C4,0.0003112903041220028
alpha,871,16,32,P5,C2,0.0002676818314189471
alpha,872,16,33,P5,Cz,0.00029735811744464863
alpha,873,16,34,P5,C1,0.00025826233043274105
alpha,874,16,35,P5,C3,0.00030175697063595895
alpha,875,16,36,P5,C5,0.0002902499688011037
alpha,876,16,37,P5,T7,0.0002554027229048671
alpha,877,16,38,P5,FT8,0.0003046000110676905
alpha,878,16,39,P5,FC6,0.0003334762082730098
alpha,879,16,40,P5,FC4,0.00032768527483237336
alpha,880,16,41,P5,FC2,0.000301130025287474
alpha,881,16,42,P5,AF8,0.0003051867024576121
alpha,882,16,43,P5,FC1,0.00025423776618929
alpha,883,16,44,P5,FC3,0.0002448918896870905
alpha,884,16,45,P5,FC5,0.00023321564994031275
alpha,885,16,46,P5,FT7,0.00024985569060490855
alpha,886,16,47,P5,F8,0.0002575737016355824
alpha,887,16,48,P5,F6,0.00030341856595099317
alpha,888,16,49,P5,F4,0.0002915661939575595
alpha,889,16,50,P5,F2,0.000286645573520781
alpha,890,16,51,P5,Fz,0.00027566586289214177
alpha,891,16,52,P5,F1,0.0002610780283403134
alpha,892,16,53,P5,F3,0.00023718555362382097
alpha,893,16,54,P5,F5,0.00023751527779281617
alpha,894,16,55,P5,F7,0.000261826700651207
alpha,895,16,56,P5,AF4,0.0002544298498049965
alpha,896,16,57,P5,AF7,0.00024941277691603077
alpha,897,16,58,P5,AF3,0.00026878859005652334
alpha,898,16,59,P5,Fp2,0.00025455271449929915
alpha,899,16,60,P5,Fpz,0.0002647304911697553
alpha,900,16,61,P5,Fp1,0.00026370070816875884
alpha,901,17,18,P7,TP10,0.00030534557835073265
alpha,902,17,19,P7,TP8,0.0003137588320799568
alpha,903,17,20,P7,CP6,0.00028621565500569853
alpha,904,17,21,P7,CP4,0.0002078996967149061
alpha,905,17,22,P7,CP2,0.00023232291459057588
alpha,906,17,23,P7,CPz,0.00023531465671743735
alpha,907,17,24,P7,CP1,0.00025886201936190553
alpha,908,17,25,P7,CP3,0.00021566782224835467
alpha,909,17,26,P7,CP5,0.00026396098636716025
alpha,910,17,27,P7,TP7,0.0002769674504195256
alpha,911,17,28,P7,TP9,0.0002647775792131652
alpha,912,17,29,P7,T8,0.0002851342249286858
alpha,913,17,30,P7,C6,0.00032500107283558067
alpha,914,17,31,P7,C4,0.000314009281758818
alpha,915,17,32,P7,C2,0.0003034952004790822
alpha,916,17,33,P7,Cz,0.00031886531670204793
alpha,917,17,34,P7,C1,0.0002813318595106516
alpha,918,17,35,P7,C3,0.00026028313871208087
alpha,919,17,36,P7,C5,0.00027444816162040006
alpha,920,17,37,P7,T7,0.0002445438067243717
alpha,921,17,38,P7,FT8,0.0002474384997931493
alpha,922,17,39,P7,FC6,0.00027991248305476085
alpha,923,17,40,P7,FC4,0.0003120960010600018
alpha,924,17,41,P7,FC2,0.00025539703153075433
alpha,925,17,42,P7,AF8,0.00026641082963376465
alpha,926,17,43,P7,FC1,0.0002802273014819543
alpha,927,17,44,P7,FC3,0.00024098751538033787
alpha,928,17,45,P7,FC5,0.00021213031734252166
alpha,929,17,46,P7,FT7,0.00020889338563061097
alpha,930,17,47,P7,F8,0.00023716591973258679
alpha,931,17,48,P7,F6,0.00023456786387740695
alpha,932,17,49,P7,F4,0.00022133455138569823
alpha,933,17,50,P7,F2,0.0002226895357559639
alpha,934,17,51,P7,Fz,0.0002466680742819891
alpha,935,17,52,P7,F1,0.0002194859528423244
alpha,936,17,53,P7,F3,0.00021483523458368036
alpha,937,17,54,P7,F5,0.00019954925883456168
alpha,938,17,55,P7,F7,0.00019390549852380836
alpha,939,17,56,P7,AF4,0.00018912324589626724
alpha,940,17,57,P7,AF7,0.00019292137614870109
alpha,941,17,58,P7,AF3,0.00019143007551982423
alpha,942,17,59,P7,Fp2,0.00019402443183079717
alpha,943,17,60,P7,Fpz,0.0001996077202882955
alpha,944,17,61,P7,Fp1,0.00019826873080335772
alpha,945,18,19,TP10,TP8,0.0002740346642643285
alpha,946,18,20,TP10,CP6,0.00036056218656298244
alpha,947,18,21,TP10,CP4,0.00032086171521164954
alpha,948,18,22,TP10,CP2,0.0003065879234731951
alpha,949,18,23,TP10,CPz,0.00034641582014274043
alpha,950,18,24,TP10,CP1,0.0003367498371057057
alpha,951,18,25,TP10,CP3,0.0003662556265487932
alpha,952,18,26,TP10,CP5,0.0003249091389529476
alpha,953,18,27,TP10,TP7,0.0003086434516345443
alpha,954,18,28,TP10,TP9,0.00034037646157251126
alpha,955,18,29,TP10,T8,0.00031903098076522705
alpha,956,18,30,TP10,C6,0.0003676201647988385
alpha,957,18,31,TP10,C4,0.00034475013937433207
alpha,958,18,32,TP10,C2,0.0003521015940926557
alpha,959,18,33,TP10,Cz,0.00037678776254621547
alpha,960,18,34,TP10,C1,0.00035655498474810015
alpha,961,18,35,TP10,C3,0.00036126394231970855
alpha,962,18,36,TP10,C5,0.00033920206154529656
alpha,963,18,37,TP10,T7,0.000300034560943696
alpha,964,18,38,TP10,FT8,0.00025303008204291875
alpha,965,18,39,TP10,FC6,0.0002998340012062741
alpha,966,18,40,TP10,FC4,0.0003354567630093232
alpha,967,18,41,TP10,FC2,0.0003597742918553657
alpha,968,18,42,TP10,AF8,0.00035706940356600386
alpha,969,18,43,TP10,FC1,0.0003116006071596972
alpha,970,18,44,TP10,FC3,0.0003157156606175742
alpha,971,18,45,TP10,FC5,0.0002888923077241412
alpha,972,18,46,TP10,FT7,0.000262885718934764
alpha,973,18,47,TP10,F8,0.0002319105228934299
alpha,974,18,48,TP10,F6,0.00026303492032134386
alpha,975,18,49,TP10,F4,0.0002936309726750888
alpha,976,18,50,TP10,F2,0.00029186835710544773
alpha,977,18,51,TP10,Fz,0.0002806388982845571
alpha,978,18,52,TP10,F1,0.00027345278025677904
alpha,979,18,53,TP10,F3,0.00025411815647879326
alpha,980,18,54,TP10,F5,0.00026273122690732603
alpha,981,18,55,TP10,F7,0.0002558207187562709
alpha,982,18,56,TP10,AF4,0.0002633616820337882
alpha,983,18,57,TP10,AF7,0.0002533597083467546
alpha,984,18,58,TP10,AF3,0.0002418463893165478
alpha,985,18,59,TP10,Fp2,0.00024149779830165695
alpha,986,18,60,TP10,Fpz,0.00022916667356441593
alpha,987,18,61,TP10,Fp1,0.0002485475996845379
alpha,988,19,20,TP8,CP6,0.00035114937811271836
alpha,989,19,21,TP8,CP4,0.0003751362725158474
alpha,990,19,22,TP8,CP2,0.00034017731970736566
alpha,991,19,23,TP8,CPz,0.0003577544481251876
alpha,992,19,24,TP8,CP1,0.00029615700885349413
alpha,993,19,25,TP8,CP3,0.0003033590882902554
alpha,994,19,26,TP8,CP5,0.00032067927712673506
alpha,995,19,27,TP8,TP7,0.00032749861077258503
alpha,996,19,28,TP8,TP9,0.00027956038752822255
alpha,997,19,29,TP8,T8,0.00023423436312156027
alpha,998,19,30,TP8,C6,0.0003022204382188061
alpha,999,19,31,TP8,C4,0.000315369611283792
alpha,1000,19,32,TP8,C2,0.0002985087330659353
alpha,1001,19,33,TP8,Cz,0.00031373103012530674
alpha,1002,19,34,TP8,C1,0.00032484592347048653
alpha,1003,19,35,TP8,C3,0.0003418929733193524
alpha,1004,19,36,TP8,C5,0.0003775991402379706
alpha,1005,19,37,TP8,T7,0.00030200177602248817
alpha,1006,19,38,TP8,FT8,0.00023591867836609046
alpha,1007,19,39,TP8,FC6,0.00023517741582505905
alpha,1008,19,40,TP8,FC4,0.0002631073979227704
alpha,1009,19,41,TP8,FC2,0.00026190173254249193
alpha,1010,19,42,TP8,AF8,0.0002713022158518311
alpha,1011,19,43,TP8,FC1,0.0002884325908910332
alpha,1012,19,44,TP8,FC3,0.00028295760642332363
alpha,1013,19,45,TP8,FC5,0.00026413123790512764
alpha,1014,19,46,TP8,FT7,0.0002865641950483844
alpha,1015,19,47,TP8,F8,0.00022519235798252476
alpha,1016,19,48,TP8,F6,0.0002251151372120647
alpha,1017,19,49,TP8,F4,0.00022333238595240415
alpha,1018,19,50,TP8,F2,0.0002303411421537112
alpha,1019,19,51,TP8,Fz,0.00022964544385011882
alpha,1020,19,52,TP8,F1,0.00022364633141241295
alpha,1021,19,53,TP8,F3,0.00021723893096224807
alpha,1022,19,54,TP8,F5,0.0002482196051064463
alpha,1023,19,55,TP8,F7,0.00025971275780450523
alpha,1024,19,56,TP8,AF4,0.0002157969288075707
alpha,1025,19,57,TP8,AF7,0.00022389041843527512
alpha,1026,19,58,TP8,AF3,0.0002184106342947646
alpha,1027,19,59,TP8,Fp2,0.0002021922551153371
alpha,1028,19,60,TP8,Fpz,0.0002214195108654876
alpha,1029,19,61,TP8,Fp1,0.0002409680416065768
alpha,1030,20,21,CP6,CP4,0.00034816729877506895
alpha,1031,20,22,CP6,CP2,0.00033845110627448517
alpha,1032,20,23,CP6,CPz,0.0003266682265559571
alpha,1033,20,24,CP6,CP1,0.00035148820926724953
alpha,1034,20,25,CP6,CP3,0.00034850615656428346
alpha,1035,20,26,CP6,CP5,0.0002874434660004461
alpha,1036,20,27,CP6,TP7,0.0003175362003153694
alpha,1037,20,28,CP6,TP9,0.00026603111745671386
alpha,1038,20,29,CP6,T8,0.00028750698179864627
alpha,1039,20,30,CP6,C6,0.00027636474240583036
alpha,1040,20,31,CP6,C4,0.00030295198516077726
alpha,1041,20,32,CP6,C2,0.0003168224623700582
alpha,1042,20,33,CP6,Cz,0.000266175310763783
alpha,1043,20,34,CP6,C1,0.0002719334904662911
alpha,1044,20,35,CP6,C3,0.0003137744725316855
alpha,1045,20,36,CP6,C5,0.0003072370454734391
alpha,1046,20,37,CP6,T7,0.00033895959139554983
alpha,1047,20,38,CP6,FT8,0.0002457611808516036
alpha,1048,20,39,CP6,FC6,0.00024579067932276077
alpha,1049,20,40,CP6,FC4,0.0002993139359981523
alpha,1050,20,41,CP6,FC2,0.0002572059174146218
alpha,1051,20,42,CP6,AF8,0.00024476538011194255
alpha,1052,20,43,CP6,FC1,0.00023931040468542852
alpha,1053,20,44,CP6,FC3,0.00027435723219541126
alpha,1054,20,45,CP6,FC5,0.00030244247827929387
alpha,1055,20,46,CP6,FT7,0.00033110243970476354
alpha,1056,20,47,CP6,F8,0.0002419295157331594
alpha,1057,20,48,CP6,F6,0.00024489271811279094
alpha,1058,20,49,CP6,F4,0.00022390871508762606
alpha,1059,20,50,CP6,F2,0.00024284575437993325
alpha,1060,20,51,CP6,Fz,0.000239410829531919
alpha,1061,20,52,CP6,F1,0.00023709819369743416
alpha,1062,20,53,CP6,F3,0.00024593303983636656
alpha,1063,20,54,CP6,F5,0.00026877614546632017
alpha,1064,20,55,CP6,F7,0.0002996705800082743
alpha,1065,20,56,CP6,AF4,0.00023876843127933054
alpha,1066,20,57,CP6,AF7,0.0002541181298111664
alpha,1067,20,58,CP6,AF3,0.0002653123555514974
alpha,1068,20,59,CP6,Fp2,0.00023181230043329177
alpha,1069,20,60,CP6,Fpz,0.00026167326597346604
alpha,1070,20,61,CP6,Fp1,0.0002799755958347582
alpha,1071,21,22,CP4,CP2,0.0004166074245763365
alpha,1072,21,23,CP4,CPz,0.00038650028352785984
alpha,1073,21,24,CP4,CP1,0.00034677184096762974
alpha,1074,21,25,CP4,CP3,0.00035263836859788513
alpha,1075,21,26,CP4,CP5,0.00028317178972000817
alpha,1076,21,27,CP4,TP7,0.0002570764908335638
alpha,1077,21,28,CP4,TP9,0.0002892264722094745
alpha,1078,21,29,CP4,T8,0.00032730015188442646
alpha,1079,21,30,CP4,C6,0.00031479508665413405
alpha,1080,21,31,CP4,C4,0.00025527874582802857
alpha,1081,21,32,CP4,C2,0.00026290424153192966
alpha,1082,21,33,CP4,Cz,0.0002924254780193293
alpha,1083,21,34,CP4,C1,0.00026305714619870443
alpha,1084,21,35,CP4,C3,0.0003148783990498975
alpha,1085,21,36,CP4,C5,0.0003186713048937094
alpha,1086,21,37,CP4,T7,0.0003245355241279734
alpha,1087,21,38,CP4,FT8,0.00028833837455373884
alpha,1088,21,39,CP4,FC6,0.0002134150276484227
alpha,1089,21,40,CP4,FC4,0.00021985356929381917
alpha,1090,21,41,CP4,FC2,0.0001885855882003466
alpha,1091,21,42,CP4,AF8,0.00018269342882000681
alpha,1092,21,43,CP4,FC1,0.0001946043219592338
alpha,1093,21,44,CP4,FC3,0.00021208141929996688
alpha,1094,21,45,CP4,FC5,0.00024994256881079796
alpha,1095,21,46,CP4,FT7,0.00031724466990675057
alpha,1096,21,47,CP4,F8,0.0002387178131330506
alpha,1097,21,48,CP4,F6,0.0001974728633889435
alpha,1098,21,49,CP4,F4,0.00018950909841289044
alpha,1099,21,50,CP4,F2,0.00017760562786983794
alpha,1100,21,51,CP4,Fz,0.0001770470016080149
alpha,1101,21,52,CP4,F1,0.00017510016491154696
alpha,1102,21,53,CP4,F3,0.00020261810083804923
alpha,1103,21,54,CP4,F5,0.00024349621333738693
alpha,1104,21,55,CP4,F7,0.0002546024491445616
alpha,1105,21,56,CP4,AF4,0.00020654946584693475
alpha,1106,21,57,CP4,AF7,0.00020502959541511767
alpha,1107,21,58,CP4,AF3,0.00021224275741341426
alpha,1108,21,59,CP4,Fp2,0.0002459527481369425
alpha,1109,21,60,CP4,Fpz,0.00026608099203194555
alpha,1110,21,61,CP4,Fp1,0.00027384904996418334
alpha,1111,22,23,CP2,CPz,0.00035309954520842523
alpha,1112,22,24,CP2,CP1,0.00033255807752283645
alpha,1113,22,25,CP2,CP3,0.0003113682182835824
alpha,1114,22,26,CP2,CP5,0.00027580536890995673
alpha,1115,22,27,CP2,TP7,0.0003118395277372337
alpha,1116,22,28,CP2,TP9,0.00028428994260148934
alpha,1117,22,29,CP2,T8,0.0002856123087016289
alpha,1118,22,30,CP2,C6,0.0002971151901411561
alpha,1119,22,31,CP2,C4,0.00022778817428901156
alpha,1120,22,32,CP2,C2,0.00019497753793300412
alpha,1121,22,33,CP2,Cz,0.000251737701531421
alpha,1122,22,34,CP2,C1,0.0002124139272491617
alpha,1123,22,35,CP2,C3,0.00025636843075619686
alpha,1124,22,36,CP2,C5,0.00027109653778555
alpha,1125,22,37,CP2,T7,0.0002760982432560324
alpha,1126,22,38,CP2,FT8,0.00026266002915206266
alpha,1127,22,39,CP2,FC6,0.00023421378969050257
alpha,1128,22,40,CP2,FC4,0.00021779156956260276
alpha,1129,22,41,CP2,FC2,0.00017868627566282406
alpha,1130,22,42,CP2,AF8,0.00017861194142598623
alpha,1131,22,43,CP2,FC1,0.00017192223488102972
alpha,1132,22,44,CP2,FC3,0.00018227303961803782
alpha,1133,22,45,CP2,FC5,0.00021945600797383956
alpha,1134,22,46,CP2,FT7,0.00027050468897040815
alpha,1135,22,47,CP2,F8,0.0002179819804760768
alpha,1136,22,48,CP2,F6,0.0002025801116883272
alpha,1137,22,49,CP2,F4,0.00017765999057471233
alpha,1138,22,50,CP2,F2,0.00016015250046024675
alpha,1139,22,51,CP2,Fz,0.00015769748201473294
alpha,1140,22,52,CP2,F1,0.00015918989038717627
alpha,1141,22,53,CP2,F3,0.00017264356974415265
alpha,1142,22,54,CP2,F5,0.0002027128505271261
alpha,1143,22,55,CP2,F7,0.00025581710241704694
alpha,1144,22,56,CP2,AF4,0.00018879457793965216
alpha,1145,22,57,CP2,AF7,0.00018242452887604304
alpha,1146,22,58,CP2,AF3,0.00018535824213421437
alpha,1147,22,59,CP2,Fp2,0.00022189797310357464
alpha,1148,22,60,CP2,Fpz,0.0002222281660385907
alpha,1149,22,61,CP2,Fp1,0.00023072196250843166
alpha,1150,23,24,CPz,CP1,0.00037089231626575485
alpha,1151,23,25,CPz,CP3,0.0003380740281513018
alpha,1152,23,26,CPz,CP5,0.0002857431194021939
alpha,1153,23,27,CPz,TP7,0.00032323917783589706
alpha,1154,23,28,CPz,TP9,0.00030852577175621024
alpha,1155,23,29,CPz,T8,0.0002762754638543675
alpha,1156,23,30,CPz,C6,0.00028480798124606664
alpha,1157,23,31,CPz,C4,0.0003248788340154787
alpha,1158,23,32,CPz,C2,0.00021621443752040738
alpha,1159,23,33,CPz,Cz,0.00021303780389800883
alpha,1160,23,34,CPz,C1,0.000172466115305
alpha,1161,23,35,CPz,C3,0.0002491995846175557
alpha,1162,23,36,CPz,C5,0.00025287673634590284
alpha,1163,23,37,CPz,T7,0.00028653562617887544
alpha,1164,23,38,CPz,FT8,0.00025586645433909564
alpha,1165,23,39,CPz,FC6,0.00020795415742856714
alpha,1166,23,40,CPz,FC4,0.00022033637801601688
alpha,1167,23,41,CPz,FC2,0.00018884600480297185
alpha,1168,23,42,CPz,AF8,0.00019251750983826987
alpha,1169,23,43,CPz,FC1,0.00017129675626140222
alpha,1170,23,44,CPz,FC3,0.000181681846786723
alpha,1171,23,45,CPz,FC5,0.00023015487353793658
alpha,1172,23,46,CPz,FT7,0.000247418972838926
alpha,1173,23,47,CPz,F8,0.00022435814962192116
alpha,1174,23,48,CPz,F6,0.0002007685594838786
alpha,1175,23,49,CPz,F4,0.00019480101502233747
alpha,1176,23,50,CPz,F2,0.00018284831146183727
alpha,1177,23,51,CPz,Fz,0.00017145185765376884
alpha,1178,23,52,CPz,F1,0.00016588659524969756
alpha,1179,23,53,CPz,F3,0.0001693524380998164
alpha,1180,23,54,CPz,F5,0.00019634054654428315
alpha,1181,23,55,CPz,F7,0.0002486806936679873
alpha,1182,23,56,CPz,AF4,0.00019037038161174482
alpha,1183,23,57,CPz,AF7,0.0001847072935594085
alpha,1184,23,58,CPz,AF3,0.00018321886707112643
alpha,1185,23,59,CPz,Fp2,0.00024731367825539064
alpha,1186,23,60,CPz,Fpz,0.0002323506554160716
alpha,1187,23,61,CPz,Fp1,0.00021414299086166072
alpha,1188,24,25,CP1,CP3,0.00038026465162625665
alpha,1189,24,26,CP1,CP5,0.00030063352435177475
alpha,1190,24,27,CP1,TP7,0.0003379666454039443
alpha,1191,24,28,CP1,TP9,0.0003092336439524416
alpha,1192,24,29,CP1,T8,0.00033731489291637443
alpha,1193,24,30,CP1,C6,0.0003064398227669786
alpha,1194,24,31,CP1,C4,0.00030265098838783654
alpha,1195,24,32,CP1,C2,0.00025749463633064024
alpha,1196,24,33,CP1,Cz,0.0002860241018289995
alpha,1197,24,34,CP1,C1,0.00019911346836942937
alpha,1198,24,35,CP1,C3,0.00026013051388556563
alpha,1199,24,36,CP1,C5,0.0003196845582712935
alpha,1200,24,37,CP1,T7,0.0002816872308840289
alpha,1201,24,38,CP1,FT8,0.0002859613843856095
alpha,1202,24,39,CP1,FC6,0.0002482908878602315
alpha,1203,24,40,CP1,FC4,0.00020356964093716412
alpha,1204,24,41,CP1,FC2,0.0001939886118523675
alpha,1205,24,42,CP1,AF8,0.00019296303290740574
alpha,1206,24,43,CP1,FC1,0.0001691095476644703
alpha,1207,24,44,CP1,FC3,0.00020715122776771502
alpha,1208,24,45,CP1,FC5,0.0002987937579200345
alpha,1209,24,46,CP1,FT7,0.0003028416011711022
alpha,1210,24,47,CP1,F8,0.0002707714953309605
alpha,1211,24,48,CP1,F6,0.00022875821082809475
alpha,1212,24,49,CP1,F4,0.00018930489266991553
alpha,1213,24,50,CP1,F2,0.00016656235927283518
alpha,1214,24,51,CP1,Fz,0.00018827544748271373
alpha,1215,24,52,CP1,F1,0.00019653310538149754
alpha,1216,24,53,CP1,F3,0.00020887929745634507
alpha,1217,24,54,CP1,F5,0.0002464955421880396
alpha,1218,24,55,CP1,F7,0.0002852010878924393
alpha,1219,24,56,CP1,AF4,0.0002045000473106016
alpha,1220,24,57,CP1,AF7,0.00020825997522341886
alpha,1221,24,58,CP1,AF3,0.00022090772332956362
alpha,1222,24,59,CP1,Fp2,0.00023606350403047792
alpha,1223,24,60,CP1,Fpz,0.0002441446326915779
alpha,1224,24,61,CP1,Fp1,0.0002556810507589904
alpha,1225,25,26,CP3,CP5,0.0003083125198200243
alpha,1226,25,27,CP3,TP7,0.0003086589601588498
alpha,1227,25,28,CP3,TP9,0.0003055114357665334
alpha,1228,25,29,CP3,T8,0.00028776283300897923
alpha,1229,25,30,CP3,C6,0.00033276636508601493
alpha,1230,25,31,CP3,C4,0.00030708072105395384
alpha,1231,25,32,CP3,C2,0.00029082281647799745
alpha,1232,25,33,CP3,Cz,0.0002605988137124125
alpha,1233,25,34,CP3,C1,0.00024712854142158736
alpha,1234,25,35,CP3,C3,0.000254460502596608
alpha,1235,25,36,CP3,C5,0.0002808521021062391
alpha,1236,25,37,CP3,T7,0.0003162097287456365
alpha,1237,25,38,CP3,FT8,0.0003230729959152857
alpha,1238,25,39,CP3,FC6,0.0002632947000574539
alpha,1239,25,40,CP3,FC4,0.00021460024826665597
alpha,1240,25,41,CP3,FC2,0.0001989607672309671
alpha,1241,25,42,CP3,AF8,0.00021627343733152628
alpha,1242,25,43,CP3,FC1,0.00021500287553458914
alpha,1243,25,44,CP3,FC3,0.0002127609991268832
alpha,1244,25,45,CP3,FC5,0.00026385608045262766
alpha,1245,25,46,CP3,FT7,0.0002956431035964539
alpha,1246,25,47,CP3,F8,0.0002852542101960036
alpha,1247,25,48,CP3,F6,0.00024026169726699452
alpha,1248,25,49,CP3,F4,0.00022496497704874185
alpha,1249,25,50,CP3,F2,0.0002010200308246148
alpha,1250,25,51,CP3,Fz,0.00019357922585490627
alpha,1251,25,52,CP3,F1,0.0001773831621357224
alpha,1252,25,53,CP3,F3,0.0001842825851527074
alpha,1253,25,54,CP3,F5,0.00023788792354664706
alpha,1254,25,55,CP3,F7,0.00029054258524250216
alpha,1255,25,56,CP3,AF4,0.00023149152053765905
alpha,1256,25,57,CP3,AF7,0.00021534227816303388
alpha,1257,25,58,CP3,AF3,0.0002096227190263315
alpha,1258,25,59,CP3,Fp2,0.00025487711493947914
alpha,1259,25,60,CP3,Fpz,0.0002517282202470819
alpha,1260,25,61,CP3,Fp1,0.00023517394778680274
alpha,1261,26,27,CP5,TP7,0.00030544579852059947
alpha,1262,26,28,CP5,TP9,0.00030930060083398747
alpha,1263,26,29,CP5,T8,0.00031249075160583466
alpha,1264,26,30,CP5,C6,0.0003201509956804142
alpha,1265,26,31,CP5,C4,0.0003345518074884086
alpha,1266,26,32,CP5,C2,0.00029506353391823154
alpha,1267,26,33,CP5,Cz,0.00029324153066992843
alpha,1268,26,34,CP5,C1,0.00027952935900543664
alpha,1269,26,35,CP5,C3,0.00028823586487183677
alpha,1270,26,36,CP5,C5,0.0002709963056853175
alpha,1271,26,37,CP5,T7,0.00027858129549434673
alpha,1272,26,38,CP5,FT8,0.000306290869740766
alpha,1273,26,39,CP5,FC6,0.0003206454470570937
alpha,1274,26,40,CP5,FC4,0.0002541011538886429
alpha,1275,26,41,CP5,FC2,0.0002273296312975809
alpha,1276,26,42,CP5,AF8,0.00025294181773591573
alpha,1277,26,43,CP5,FC1,0.00023392669870108063
alpha,1278,26,44,CP5,FC3,0.00024124241580125906
alpha,1279,26,45,CP5,FC5,0.00022331281182801617
alpha,1280,26,46,CP5,FT7,0.0002477691657903974
alpha,1281,26,47,CP5,F8,0.00031316573544222016
alpha,1282,26,48,CP5,F6,0.0002858390499303431
alpha,1283,26,49,CP5,F4,0.00023377772651790086
alpha,1284,26,50,CP5,F2,0.0002483588122294578
alpha,1285,26,51,CP5,Fz,0.00023853888769789663
alpha,1286,26,52,CP5,F1,0.00023210636595892507
alpha,1287,26,53,CP5,F3,0.00023261514585221055
alpha,1288,26,54,CP5,F5,0.00021048985846198621
alpha,1289,26,55,CP5,F7,0.0002357035086718591
alpha,1290,26,56,CP5,AF4,0.00024122856953597965
alpha,1291,26,57,CP5,AF7,0.0002310609583513296
alpha,1292,26,58,CP5,AF3,0.00021711693024512694
alpha,1293,26,59,CP5,Fp2,0.00024189525717369952
alpha,1294,26,60,CP5,Fpz,0.00021527044830255826
alpha,1295,26,61,CP5,Fp1,0.0002095380138450145
alpha,1296,27,28,TP7,TP9,0.00027490912684069246
alpha,1297,27,29,TP7,T8,0.00028004274582494877
alpha,1298,27,30,TP7,C6,0.0003266213837452696
alpha,1299,27,31,TP7,C4,0.00033469031118682745
alpha,1300,27,32,TP7,C2,0.00028972411778419114
alpha,1301,27,33,TP7,Cz,0.00029519509039533444
alpha,1302,27,34,TP7,C1,0.0002831597989766023
alpha,1303,27,35,TP7,C3,0.00030972152209448673
alpha,1304,27,36,TP7,C5,0.0002985203251030783
alpha,1305,27,37,TP7,T7,0.0002626575857704018
alpha,1306,27,38,TP7,FT8,0.00028516188877684214
alpha,1307,27,39,TP7,FC6,0.0002758690269568804
alpha,1308,27,40,TP7,FC4,0.00024052174224648595
alpha,1309,27,41,TP7,FC2,0.00024602181905184075
alpha,1310,27,42,TP7,AF8,0.0002426595644167388
alpha,1311,27,43,TP7,FC1,0.00022114977297495276
alpha,1312,27,44,TP7,FC3,0.00021425926678489966
alpha,1313,27,45,TP7,FC5,0.0002199103642299494
alpha,1314,27,46,TP7,FT7,0.0002695366777335525
alpha,1315,27,47,TP7,F8,0.00025858095012961876
alpha,1316,27,48,TP7,F6,0.00021374506703309353
alpha,1317,27,49,TP7,F4,0.00019038379089531058
alpha,1318,27,50,TP7,F2,0.0002006970736409281
alpha,1319,27,51,TP7,Fz,0.00019887255125878165
alpha,1320,27,52,TP7,F1,0.00019822509823754346
alpha,1321,27,53,TP7,F3,0.0001848292177856278
alpha,1322,27,54,TP7,F5,0.00018775901888139391
alpha,1323,27,55,TP7,F7,0.00023831664275030987
alpha,1324,27,56,TP7,AF4,0.00019280826915454017
alpha,1325,27,57,TP7,AF7,0.00017607776066695205
alpha,1326,27,58,TP7,AF3,0.00018121800689125533
alpha,1327,27,59,TP7,Fp2,0.00018412091819556078
alpha,1328,27,60,TP7,Fpz,0.00019899538276656154
alpha,1329,27,61,TP7,Fp1,0.0001902144837498136
alpha,1330,28,29,TP9,T8,0.0002815305258720299
alpha,1331,28,30,TP9,C6,0.0002858936840685263
alpha,1332,28,31,TP9,C4,0.0003306248518399517
alpha,1333,28,32,TP9,C2,0.00032788848461067036
alpha,1334,28,33,TP9,Cz,0.000303401103226084
alpha,1335,28,34,TP9,C1,0.00030944055765444326
alpha,1336,28,35,TP9,C3,0.0003560205545126874
alpha,1337,28,36,TP9,C5,0.00035776567009299413
alpha,1338,28,37,TP9,T7,0.0002550829146668862
alpha,1339,28,38,TP9,FT8,0.0002619549223799776
alpha,1340,28,39,TP9,FC6,0.00028543870149182833
alpha,1341,28,40,TP9,FC4,0.00026265932240204673
alpha,1342,28,41,TP9,FC2,0.0002510129030684692
alpha,1343,28,42,TP9,AF8,0.000260174481159391
alpha,1344,28,43,TP9,FC1,0.00025014017656169407
alpha,1345,28,44,TP9,FC3,0.00022326748685222406
alpha,1346,28,45,TP9,FC5,0.00023529158349983788
alpha,1347,28,46,TP9,FT7,0.00025536614803824056
alpha,1348,28,47,TP9,F8,0.00026963492284954265
alpha,1349,28,48,TP9,F6,0.0002386662639200236
alpha,1350,28,49,TP9,F4,0.00023674324643195712
alpha,1351,28,50,TP9,F2,0.00023306759919863667
alpha,1352,28,51,TP9,Fz,0.00023470601093603834
alpha,1353,28,52,TP9,F1,0.00021584917712782976
alpha,1354,28,53,TP9,F3,0.00020149810092039692
alpha,1355,28,54,TP9,F5,0.00020019567571472182
alpha,1356,28,55,TP9,F7,0.00023071139736219413
alpha,1357,28,56,TP9,AF4,0.00022551975005883815
alpha,1358,28,57,TP9,AF7,0.00022008632827524594
alpha,1359,28,58,TP9,AF3,0.00019764354278205198
alpha,1360,28,59,TP9,Fp2,0.0002246266233619329
alpha,1361,28,60,TP9,Fpz,0.00022479918988701445
alpha,1362,28,61,TP9,Fp1,0.00021838087162345815
alpha,1363,29,30,T8,C6,0.00030317174702730284
alpha,1364,29,31,T8,C4,0.0003423721869114045
alpha,1365,29,32,T8,C2,0.000285503621472873
alpha,1366,29,33,T8,Cz,0.00023643883370476397
alpha,1367,29,34,T8,C1,0.0002661858416357873
alpha,1368,29,35,T8,C3,0.00032088283316118374
alpha,1369,29,36,T8,C5,0.0002973619679609292
alpha,1370,29,37,T8,T7,0.0002828264845693232
alpha,1371,29,38,T8,FT8,0.00026793836209306995
alpha,1372,29,39,T8,FC6,0.00025839212603773236
alpha,1373,29,40,T8,FC4,0.00023186225889607293
alpha,1374,29,41,T8,FC2,0.0002297247816289329
alpha,1375,29,42,T8,AF8,0.0002339917167042072
alpha,1376,29,43,T8,FC1,0.00022463558306258166
alpha,1377,29,44,T8,FC3,0.00021823361727874314
alpha,1378,29,45,T8,FC5,0.000258744901612917
alpha,1379,29,46,T8,FT7,0.0002500011594729511
alpha,1380,29,47,T8,F8,0.00028240948446350784
alpha,1381,29,48,T8,F6,0.00022362675745479674
alpha,1382,29,49,T8,F4,0.00019059333853075906
alpha,1383,29,50,T8,F2,0.0001833816619610021
alpha,1384,29,51,T8,Fz,0.000196176099247906
alpha,1385,29,52,T8,F1,0.00019072254991689657
alpha,1386,29,53,T8,F3,0.00017948167961561343
alpha,1387,29,54,T8,F5,0.00022915889990046462
alpha,1388,29,55,T8,F7,0.00024718035189056503
alpha,1389,29,56,T8,AF4,0.00019003147984794942
alpha,1390,29,57,T8,AF7,0.00019046633137126092
alpha,1391,29,58,T8,AF3,0.000187600867890254
alpha,1392,29,59,T8,Fp2,0.00022091917106939322
alpha,1393,29,60,T8,Fpz,0.00019985208740394352
alpha,1394,29,61,T8,Fp1,0.0002179896083509427
alpha,1395,30,31,C6,C4,0.00033953932885147744
alpha,1396,30,32,C6,C2,0.0003588515001537145
alpha,1397,30,33,C6,Cz,0.00030640209656202416
alpha,1398,30,34,C6,C1,0.00031952209292948424
alpha,1399,30,35,C6,C3,0.00033465512242822554
alpha,1400,30,36,C6,C5,0.00031747905062638434
alpha,1401,30,37,C6,T7,0.00033818735870977195
alpha,1402,30,38,C6,FT8,0.0003056315829690285
alpha,1403,30,39,C6,FC6,0.00027263128423219823
alpha,1404,30,40,C6,FC4,0.0002870882042746457
alpha,1405,30,41,C6,FC2,0.0002912959416575126
alpha,1406,30,42,C6,AF8,0.00028580683345334957
alpha,1407,30,43,C6,FC1,0.0003113882278944745
alpha,1408,30,44,C6,FC3,0.00022392216597713074
alpha,1409,30,45,C6,FC5,0.00024451407929020205
alpha,1410,30,46,C6,FT7,0.00028863390707473027
alpha,1411,30,47,C6,F8,0.0002804263740285895
alpha,1412,30,48,C6,F6,0.00026832268481030296
alpha,1413,30,49,C6,F4,0.00024115840887320227
alpha,1414,30,50,C6,F2,0.00023575726699591324
alpha,1415,30,51,C6,Fz,0.00024132655806311095
alpha,1416,30,52,C6,F1,0.00025238402227195373
alpha,1417,30,53,C6,F3,0.0002586902973832794
alpha,1418,30,54,C6,F5,0.00026057404680256504
alpha,1419,30,55,C6,F7,0.0002700554128501209
alpha,1420,30,56,C6,AF4,0.0002602458452877387
alpha,1421,30,57,C6,AF7,0.00023841744515328296
alpha,1422,30,58,C6,AF3,0.00024106691178970668
alpha,1423,30,59,C6,Fp2,0.00025671734474010517
alpha,1424,30,60,C6,Fpz,0.00023780513386261522
alpha,1425,30,61,C6,Fp1,0.0002469594431548501
alpha,1426,31,32,C4,C2,0.00037854331659112583
alpha,1427,31,33,C4,Cz,0.00032614129948764357
alpha,1428,31,34,C4,C1,0.00030314641990871524
alpha,1429,31,35,C4,C3,0.00031718995943524946
alpha,1430,31,36,C4,C5,0.0003313039489869462
alpha,1431,31,37,C4,T7,0.00023904042464801355
alpha,1432,31,38,C4,FT8,0.00025919568923581744
alpha,1433,31,39,C4,FC6,0.0002381408590167242
alpha,1434,31,40,C4,FC4,0.00022752369183754958
alpha,1435,31,41,C4,FC2,0.000263852357849605
alpha,1436,31,42,C4,AF8,0.0002653194153108077
alpha,1437,31,43,C4,FC1,0.00024101684249816605
alpha,1438,31,44,C4,FC3,0.0002939812995337812
alpha,1439,31,45,C4,FC5,0.0002457750316487531
alpha,1440,31,46,C4,FT7,0.00022461161697205759
alpha,1441,31,47,C4,F8,0.0002441961187180749
alpha,1442,31,48,C4,F6,0.00021171530234638248
alpha,1443,31,49,C4,F4,0.0001979447498046991
alpha,1444,31,50,C4,F2,0.00022610460140148588
alpha,1445,31,51,C4,Fz,0.00022289659618513367
alpha,1446,31,52,C4,F1,0.00020665962134832675
alpha,1447,31,53,C4,F3,0.00018658151869768578
alpha,1448,31,54,C4,F5,0.00019935667355255906
alpha,1449,31,55,C4,F7,0.00019947560032920804
alpha,1450,31,56,C4,AF4,0.00016404684313654126
alpha,1451,31,57,C4,AF7,0.00018792546287370294
alpha,1452,31,58,C4,AF3,0.00019628199503330328
alpha,1453,31,59,C4,Fp2,0.00018914874866145795
alpha,1454,31,60,C4,Fpz,0.00018312478440262177
alpha,1455,31,61,C4,Fp1,0.00020027461429284827
alpha,1456,32,33,C2,Cz,0.0002970069678774916
alpha,1457,32,34,C2,C1,0.00023215334170907358
alpha,1458,32,35,C2,C3,0.00027526055928376144
alpha,1459,32,36,C2,C5,0.00024762181535357546
alpha,1460,32,37,C2,T7,0.0002522445407538994
alpha,1461,32,38,C2,FT8,0.00021175071355090518
alpha,1462,32,39,C2,FC6,0.0002110333579922262
alpha,1463,32,40,C2,FC4,0.00021920867051812538
alpha,1464,32,41,C2,FC2,0.0002084834239713926
alpha,1465,32,42,C2,AF8,0.00021005582827107096
alpha,1466,32,43,C2,FC1,0.0001995689579550377
alpha,1467,32,44,C2,FC3,0.00022027202549196749
alpha,1468,32,45,C2,FC5,0.00017853156251510871
alpha,1469,32,46,C2,FT7,0.00018391154213465377
alpha,1470,32,47,C2,F8,0.0001869154316454999
alpha,1471,32,48,C2,F6,0.0001914399117570545
alpha,1472,32,49,C2,F4,0.00018713092791472176
alpha,1473,32,50,C2,F2,0.00018254399126476668
alpha,1474,32,51,C2,Fz,0.00017502278387055282
alpha,1475,32,52,C2,F1,0.0001828918261593514
alpha,1476,32,53,C2,F3,0.0001783213862747366
alpha,1477,32,54,C2,F5,0.0001721670246415407
alpha,1478,32,55,C2,F7,0.00018871230823792401
alpha,1479,32,56,C2,AF4,0.00016721143715299952
alpha,1480,32,57,C2,AF7,0.00016097314291125354
alpha,1481,32,58,C2,AF3,0.0001785093323503918
alpha,1482,32,59,C2,Fp2,0.00018389874574541854
alpha,1483,32,60,C2,Fpz,0.00017338180428957224
alpha,1484,32,61,C2,Fp1,0.00018548922322809912
alpha,1485,33,34,Cz,C1,0.00024469148403785744
alpha,1486,33,35,Cz,C3,0.00031608308320432086
alpha,1487,33,36,Cz,C5,0.000287619916354708
alpha,1488,33,37,Cz,T7,0.0002540264735018924
alpha,1489,33,38,Cz,FT8,0.0002214788762642355
alpha,1490,33,39,Cz,FC6,0.00021662207443262752
alpha,1491,33,40,Cz,FC4,0.00021511432919840974
alpha,1492,33,41,Cz,FC2,0.00021467488518709448
alpha,1493,33,42,Cz,AF8,0.0002054315970359463
alpha,1494,33,43,Cz,FC1,0.00019842594218295873
alpha,1495,33,44,Cz,FC3,0.00023434631261034142
alpha,1496,33,45,Cz,FC5,0.00022090164015892426
alpha,1497,33,46,Cz,FT7,0.0002052750697136093
alpha,1498,33,47,Cz,F8,0.00021592583823291556
alpha,1499,33,48,Cz,F6,0.00022659121431744302
alpha,1500,33,49,Cz,F4,0.00023223201203116537
alpha,1501,33,50,Cz,F2,0.0002160244574224091
alpha,1502,33,51,Cz,Fz,0.00019870766372189985
alpha,1503,33,52,Cz,F1,0.00019585461133926632
alpha,1504,33,53,Cz,F3,0.00020497899846750245
alpha,1505,33,54,Cz,F5,0.00019039587130806337
alpha,1506,33,55,Cz,F7,0.00019190162878181561
alpha,1507,33,56,Cz,AF4,0.0001942491685457902
alpha,1508,33,57,Cz,AF7,0.0001727943609233577
alpha,1509,33,58,Cz,AF3,0.00018178442890942975
alpha,1510,33,59,Cz,Fp2,0.00020228047979765486
alpha,1511,33,60,Cz,Fpz,0.0001836867780020423
alpha,1512,33,61,Cz,Fp1,0.00018454215823581757
alpha,1513,34,35,C1,C3,0.0003057246201966379
alpha,1514,34,36,C1,C5,0.0003214149285970658
alpha,1515,34,37,C1,T7,0.00028149086652572126
alpha,1516,34,38,C1,FT8,0.00024517800241655174
alpha,1517,34,39,C1,FC6,0.00023179814525934233
alpha,1518,34,40,C1,FC4,0.00023887175056849043
alpha,1519,34,41,C1,FC2,0.00021963170323635513
alpha,1520,34,42,C1,AF8,0.00020028465488220278
alpha,1521,34,43,C1,FC1,0.00017555692266745592
alpha,1522,34,44,C1,FC3,0.0002119036141789832
alpha,1523,34,45,C1,FC5,0.00021739974383593917
alpha,1524,34,46,C1,FT7,0.00020724215814400452
alpha,1525,34,47,C1,F8,0.00018658862319151506
alpha,1526,34,48,C1,F6,0.0002151787098635158
alpha,1527,34,49,C1,F4,0.00020776290795229474
alpha,1528,34,50,C1,F2,0.00019085738260695678
alpha,1529,34,51,C1,Fz,0.00017931433219324969
alpha,1530,34,52,C1,F1,0.00017099043535764646
alpha,1531,34,53,C1,F3,0.00018966006667850478
alpha,1532,34,54,C1,F5,0.00018480329878214593
alpha,1533,34,55,C1,F7,0.00018784816855889143
alpha,1534,34,56,C1,AF4,0.0001863473697278899
alpha,1535,34,57,C1,AF7,0.0001704532837793305
alpha,1536,34,58,C1,AF3,0.0001741256600201666
alpha,1537,34,59,C1,Fp2,0.0001938395410919809
alpha,1538,34,60,C1,Fpz,0.00018023154795814142
alpha,1539,34,61,C1,Fp1,0.00018737699300481886
alpha,1540,35,36,C3,C5,0.00032565253850957125
alpha,1541,35,37,C3,T7,0.00028674643117656434
alpha,1542,35,38,C3,FT8,0.0002790460731688242
alpha,1543,35,39,C3,FC6,0.0002608354968423449
alpha,1544,35,40,C3,FC4,0.00023942522196159218
alpha,1545,35,41,C3,FC2,0.0002491692735056153
alpha,1546,35,42,C3,AF8,0.00028146634098676375
alpha,1547,35,43,C3,FC1,0.0002848914486241735
alpha,1548,35,44,C3,FC3,0.0002501186891676703
alpha,1549,35,45,C3,FC5,0.0002867078822574407
alpha,1550,35,46,C3,FT7,0.00028162815567133506
alpha,1551,35,47,C3,F8,0.0002459549310732913
alpha,1552,35,48,C3,F6,0.00022227938800669207
alpha,1553,35,49,C3,F4,0.00022040045490799353
alpha,1554,35,50,C3,F2,0.00023192017119620808
alpha,1555,35,51,C3,Fz,0.00022278423513391382
alpha,1556,35,52,C3,F1,0.00022447166214625602
alpha,1557,35,53,C3,F3,0.0002447608970057984
alpha,1558,35,54,C3,F5,0.00024057115493063657
alpha,1559,35,55,C3,F7,0.0002852887858179077
alpha,1560,35,56,C3,AF4,0.00021358925904333136
alpha,1561,35,57,C3,AF7,0.00023685346023621058
alpha,1562,35,58,C3,AF3,0.00023287981067706562
alpha,1563,35,59,C3,Fp2,0.0002008939529984025
alpha,1564,35,60,C3,Fpz,0.00021809048548507995
alpha,1565,35,61,C3,Fp1,0.00022818680342970638
alpha,1566,36,37,C5,T7,0.0002987413898597719
alpha,1567,36,38,C5,FT8,0.00027454800186268004
alpha,1568,36,39,C5,FC6,0.0002587944374141122
alpha,1569,36,40,C5,FC4,0.00025386861322870233
alpha,1570,36,41,C5,FC2,0.0002687172485999359
alpha,1571,36,42,C5,AF8,0.0002160449690988615
alpha,1572,36,43,C5,FC1,0.00026756077687543504
alpha,1573,36,44,C5,FC3,0.00027262163473945036
alpha,1574,36,45,C5,FC5,0.00022274647940018745
alpha,1575,36,46,C5,FT7,0.00025030996680599723
alpha,1576,36,47,C5,F8,0.00029400920490348987
alpha,1577,36,48,C5,F6,0.0002462731113111742
alpha,1578,36,49,C5,F4,0.00021820980622636775
alpha,1579,36,50,C5,F2,0.00023121348043970584
alpha,1580,36,51,C5,Fz,0.0002101478614522314
alpha,1581,36,52,C5,F1,0.00020845387357990055
alpha,1582,36,53,C5,F3,0.0002272621931328803
alpha,1583,36,54,C5,F5,0.00024018293610465784
alpha,1584,36,55,C5,F7,0.000238220765007586
alpha,1585,36,56,C5,AF4,0.00022342556524143297
alpha,1586,36,57,C5,AF7,0.00022357147896152644
alpha,1587,36,58,C5,AF3,0.0002320790762989575
alpha,1588,36,59,C5,Fp2,0.0002487186915045749
alpha,1589,36,60,C5,Fpz,0.0002525835923699926
alpha,1590,36,61,C5,Fp1,0.0002510223436658058
alpha,1591,37,38,T7,FT8,0.00027061491813416166
alpha,1592,37,39,T7,FC6,0.00025948111037918164
alpha,1593,37,40,T7,FC4,0.00021377531262670914
alpha,1594,37,41,T7,FC2,0.00019636718534321216
alpha,1595,37,42,T7,AF8,0.0001727635281644518
alpha,1596,37,43,T7,FC1,0.00020657364695915686
alpha,1597,37,44,T7,FC3,0.0002395265335650274
alpha,1598,37,45,T7,FC5,0.00020874812729715763
alpha,1599,37,46,T7,FT7,0.00023278371962188964
alpha,1600,37,47,T7,F8,0.0002796286418974273
alpha,1601,37,48,T7,F6,0.00023704994404267465
alpha,1602,37,49,T7,F4,0.00023075545579843092
alpha,1603,37,50,T7,F2,0.00020591639680666253
alpha,1604,37,51,T7,Fz,0.0001921681894202984
alpha,1605,37,52,T7,F1,0.0001793321292442397
alpha,1606,37,53,T7,F3,0.00016513686752643838
alpha,1607,37,54,T7,F5,0.00016727154008865374
alpha,1608,37,55,T7,F7,0.00021393604831618828
alpha,1609,37,56,T7,AF4,0.000223236336900775
alpha,1610,37,57,T7,AF7,0.00019336275687009452
alpha,1611,37,58,T7,AF3,0.0001819224874918335
alpha,1612,37,59,T7,Fp2,0.00022003524308532424
alpha,1613,37,60,T7,Fpz,0.000190024733881302
alpha,1614,37,61,T7,Fp1,0.0001934577623537984
alpha,1615,38,39,FT8,FC6,0.0002724291337149235
alpha,1616,38,40,FT8,FC4,0.00020878840341603412
alpha,1617,38,41,FT8,FC2,0.0002062755306401662
alpha,1618,38,42,FT8,AF8,0.00021140307448445206
alpha,1619,38,43,FT8,FC1,0.00021337521640757358
alpha,1620,38,44,FT8,FC3,0.00020949565281438154
alpha,1621,38,45,FT8,FC5,0.00025832119735512003
alpha,1622,38,46,FT8,FT7,0.0002653660917315946
alpha,1623,38,47,FT8,F8,0.0002729075031451203
alpha,1624,38,48,FT8,F6,0.00021977010174041388
alpha,1625,38,49,FT8,F4,0.00021911804123160642
alpha,1626,38,50,FT8,F2,0.0001975019698491357
alpha,1627,38,51,FT8,Fz,0.00019060772934937037
alpha,1628,38,52,FT8,F1,0.00018368539361234378
alpha,1629,38,53,FT8,F3,0.00018498230336231426
alpha,1630,38,54,FT8,F5,0.00021694225556291314
alpha,1631,38,55,FT8,F7,0.0002453052988833025
alpha,1632,38,56,FT8,AF4,0.0002368843490431226
alpha,1633,38,57,FT8,AF7,0.0002238571029176953
alpha,1634,38,58,FT8,AF3,0.00023865529997043797
alpha,1635,38,59,FT8,Fp2,0.0002527568871716645
alpha,1636,38,60,FT8,Fpz,0.00026462504304986337
alpha,1637,38,61,FT8,Fp1,0.00024945847574366276
alpha,1638,39,40,FC6,FC4,0.00025231485036270116
alpha,1639,39,41,FC6,FC2,0.00023487507131620053
alpha,1640,39,42,FC6,AF8,0.00024944376906874935
alpha,1641,39,43,FC6,FC1,0.0002278531840186589
alpha,1642,39,44,FC6,FC3,0.00020032121002209357
alpha,1643,39,45,FC6,FC5,0.00023826473707237915
alpha,1644,39,46,FC6,FT7,0.0002474083891397792
alpha,1645,39,47,FC6,F8,0.00025399907089501954
alpha,1646,39,48,FC6,F6,0.00026024516337219217
alpha,1647,39,49,FC6,F4,0.00023974648197978705
alpha,1648,39,50,FC6,F2,0.00024726085727226594
alpha,1649,39,51,FC6,Fz,0.00023285580478710536
alpha,1650,39,52,FC6,F1,0.00023390010329079532
alpha,1651,39,53,FC6,F3,0.0002089871673398473
alpha,1652,39,54,FC6,F5,0.00021804134081527198
alpha,1653,39,55,FC6,F7,0.00020842477037051805
alpha,1654,39,56,FC6,AF4,0.00025756229768272187
alpha,1655,39,57,FC6,AF7,0.00024268894309374686
alpha,1656,39,58,FC6,AF3,0.00022860222163274043
alpha,1657,39,59,FC6,Fp2,0.0002625802427496031
alpha,1658,39,60,FC6,Fpz,0.0002717298172888597
alpha,1659,39,61,FC6,Fp1,0.0002476089577062925
alpha,1660,40,41,FC4,FC2,0.00029154712068606104
alpha,1661,40,42,FC4,AF8,0.00025838377011552294
alpha,1662,40,43,FC4,FC1,0.00024543845101685023
alpha,1663,40,44,FC4,FC3,0.0002441407994204109
alpha,1664,40,45,FC4,FC5,0.000230442291340551
alpha,1665,40,46,FC4,FT7,0.00020938917648757896
alpha,1666,40,47,FC4,F8,0.00025240631065040524
alpha,1667,40,48,FC4,F6,0.00021345830348157754
alpha,1668,40,49,FC4,F4,0.00019732834504579207
alpha,1669,40,50,FC4,F2,0.00024050910373215546
alpha,1670,40,51,FC4,Fz,0.00022309094140757067
alpha,1671,40,52,FC4,F1,0.00021447362311147628
alpha,1672,40,53,FC4,F3,0.00019657723881225282
alpha,1673,40,54,FC4,F5,0.00019617787676281135
alpha,1674,40,55,FC4,F7,0.00018260006904986982
alpha,1675,40,56,FC4,AF4,0.00018890393656545632
alpha,1676,40,57,FC4,AF7,0.00019797399475845486
alpha,1677,40,58,FC4,AF3,0.00019785022630715068
alpha,1678,40,59,FC4,Fp2,0.00019469539451372778
alpha,1679,40,60,FC4,Fpz,0.00019813037175395927
alpha,1680,40,61,FC4,Fp1,0.00019667600390483778
alpha,1681,41,42,FC2,AF8,0.00023455314871894005
alpha,1682,41,43,FC2,FC1,0.00026113113772861855
alpha,1683,41,44,FC2,FC3,0.0002701695267748674
alpha,1684,41,45,FC2,FC5,0.00022065462163819728
alpha,1685,41,46,FC2,FT7,0.00018968752424454032
alpha,1686,41,47,FC2,F8,0.00020358056770628367
alpha,1687,41,48,FC2,F6,0.00021362870077506324
alpha,1688,41,49,FC2,F4,0.00020892537723243664
alpha,1689,41,50,FC2,F2,0.0002012025533467931
alpha,1690,41,51,FC2,Fz,0.00021114092870942055
alpha,1691,41,52,FC2,F1,0.00023345940881743595
alpha,1692,41,53,FC2,F3,0.00020618654260770277
alpha,1693,41,54,FC2,F5,0.00021513575542679887
alpha,1694,41,55,FC2,F7,0.00020389042973848137
alpha,1695,41,56,FC2,AF4,0.0001815062575946385
alpha,1696,41,57,FC2,AF7,0.0002011847934326566
alpha,1697,41,58,FC2,AF3,0.0001851945236583412
alpha,1698,41,59,FC2,Fp2,0.00019310825450568372
alpha,1699,41,60,FC2,Fpz,0.00020138294288158412
alpha,1700,41,61,FC2,Fp1,0.00019342496564851429
alpha,1701,42,43,AF8,FC1,0.00022654522968803834
alpha,1702,42,44,AF8,FC3,0.0002688519621833995
alpha,1703,42,45,AF8,FC5,0.0002219951815638895
alpha,1704,42,46,AF8,FT7,0.0001765364589887077
alpha,1705,42,47,AF8,F8,0.00019614672224696982
alpha,1706,42,48,AF8,F6,0.00020511755962824202
alpha,1707,42,49,AF8,F4,0.00019477577465937696
alpha,1708,42,50,AF8,F2,0.00019787542896362208
alpha,1709,42,51,AF8,Fz,0.00017743897641509562
alpha,1710,42,52,AF8,F1,0.00020477726578015717
alpha,1711,42,53,AF8,F3,0.00021742261792405897
alpha,1712,42,54,AF8,F5,0.00019173157845585507
alpha,1713,42,55,AF8,F7,0.00020269127310769256
alpha,1714,42,56,AF8,AF4,0.00018248758822293594
alpha,1715,42,57,AF8,AF7,0.00016967995741411327
alpha,1716,42,58,AF8,AF3,0.00017088319615518697
alpha,1717,42,59,AF8,Fp2,0.0001992631810042831
alpha,1718,42,60,AF8,Fpz,0.00019434523155042077
alpha,1719,42,61,AF8,Fp1,0.0001853952181038214
alpha,1720,43,44,FC1,FC3,0.00024354255676119685
alpha,1721,43,45,FC1,FC5,0.0002094407104000654
alpha,1722,43,46,FC1,FT7,0.00020196518731727394
alpha,1723,43,47,FC1,F8,0.00022076785137804014
alpha,1724,43,48,FC1,F6,0.00023164339884422115
alpha,1725,43,49,FC1,F4,0.00022168604608346012
alpha,1726,43,50,FC1,F2,0.00020965629098583207
alpha,1727,43,51,FC1,Fz,0.00019651779747275507
alpha,1728,43,52,FC1,F1,0.00017081552931093907
alpha,1729,43,53,FC1,F3,0.00021449560264404292
alpha,1730,43,54,FC1,F5,0.00021055850074814603
alpha,1731,43,55,FC1,F7,0.00021726534276969779
alpha,1732,43,56,FC1,AF4,0.00017833673964136353
alpha,1733,43,57,FC1,AF7,0.00016702010012249554
alpha,1734,43,58,FC1,AF3,0.0001866755280483303
alpha,1735,43,59,FC1,Fp2,0.00018270906066601445
alpha,1736,43,60,FC1,Fpz,0.00016455066458032799
alpha,1737,43,61,FC1,Fp1,0.0001731229959952657
alpha,1738,44,45,FC3,FC5,0.0002608102685961809
alpha,1739,44,46,FC3,FT7,0.00023910766471810073
alpha,1740,44,47,FC3,F8,0.00023004423618391243
alpha,1741,44,48,FC3,F6,0.00020041883040442326
alpha,1742,44,49,FC3,F4,0.00023970585916723982
alpha,1743,44,50,FC3,F2,0.00024944570284497563
alpha,1744,44,51,FC3,Fz,0.00025295405242392957
alpha,1745,44,52,FC3,F1,0.00024693208808859306
alpha,1746,44,53,FC3,F3,0.00021820122112384223
alpha,1747,44,54,FC3,F5,0.00023990156396143776
alpha,1748,44,55,FC3,F7,0.0002334479963781581
alpha,1749,44,56,FC3,AF4,0.00023014720242514386
alpha,1750,44,57,FC3,AF7,0.0002187096059683936
alpha,1751,44,58,FC3,AF3,0.0002308555503408537
alpha,1752,44,59,FC3,Fp2,0.00021608915426543735
alpha,1753,44,60,FC3,Fpz,0.0002305550781397427
alpha,1754,44,61,FC3,Fp1,0.00022409569252143077
alpha,1755,45,46,FC5,FT7,0.00025014757139513
alpha,1756,45,47,FC5,F8,0.0002598393644868878
alpha,1757,45,48,FC5,F6,0.0002697923261065389
alpha,1758,45,49,FC5,F4,0.0002492645476816663
alpha,1759,45,50,FC5,F2,0.00024171937623463933
alpha,1760,45,51,FC5,Fz,0.0002253336586738435
alpha,1761,45,52,FC5,F1,0.00021205633416378927
alpha,1762,45,53,FC5,F3,0.00020759298176090455
alpha,1763,45,54,FC5,F5,0.00023308905925580314
alpha,1764,45,55,FC5,F7,0.0002922763222698764
alpha,1765,45,56,FC5,AF4,0.00024624032020581136
alpha,1766,45,57,FC5,AF7,0.0002415214227466463
alpha,1767,45,58,FC5,AF3,0.00024580007026290716
alpha,1768,45,59,FC5,Fp2,0.0002778031053219497
alpha,1769,45,60,FC5,Fpz,0.0002868413540304443
alpha,1770,45,61,FC5,Fp1,0.00027980682476316267
alpha,1771,46,47,FT7,F8,0.0003055443096451558
alpha,1772,46,48,FT7,F6,0.00027023424623562174
alpha,1773,46,49,FT7,F4,0.00021506375223635422
alpha,1774,46,50,FT7,F2,0.00017939657971731334
alpha,1775,46,51,FT7,Fz,0.00016911587469145196
alpha,1776,46,52,FT7,F1,0.0001660933242143909
alpha,1777,46,53,FT7,F3,0.0001658117569866625
alpha,1778,46,54,FT7,F5,0.00017612609507412427
alpha,1779,46,55,FT7,F7,0.00024408084578802307
alpha,1780,46,56,FT7,AF4,0.0002213034652941005
alpha,1781,46,57,FT7,AF7,0.0001936397710152981
alpha,1782,46,58,FT7,AF3,0.00019801477402019737
alpha,1783,46,59,FT7,Fp2,0.0002752352194635629
alpha,1784,46,60,FT7,Fpz,0.0002616005142957895
alpha,1785,46,61,FT7,Fp1,0.00026381077102672625
alpha,1786,47,48,F8,F6,0.0002622237616044104
alpha,1787,47,49,F8,F4,0.00023138489386168108
alpha,1788,47,50,F8,F2,0.00023083892946153386
alpha,1789,47,51,F8,Fz,0.00023153140216040105
alpha,1790,47,52,F8,F1,0.00022840554251307875
alpha,1791,47,53,F8,F3,0.00020356954472748045
alpha,1792,47,54,F8,F5,0.0002137039536362165
alpha,1793,47,55,F8,F7,0.0002781895662836029
alpha,1794,47,56,F8,AF4,0.0002811309796549982
alpha,1795,47,57,F8,AF7,0.0002549443856036169
alpha,1796,47,58,F8,AF3,0.00024359394501290746
alpha,1797,47,59,F8,Fp2,0.00028421437185988335
alpha,1798,47,60,F8,Fpz,0.00028868085554569086
alpha,1799,47,61,F8,Fp1,0.0002693616299334711
alpha,1800,48,49,F6,F4,0.00021744783720100384
alpha,1801,48,50,F6,F2,0.0002308502911762017
alpha,1802,48,51,F6,Fz,0.00023680948399941028
alpha,1803,48,52,F6,F1,0.00023450174258799172
alpha,1804,48,53,F6,F3,0.00021032548891840975
alpha,1805,48,54,F6,F5,0.00022365755608914074
alpha,1806,48,55,F6,F7,0.000253185182502838
alpha,1807,48,56,F6,AF4,0.00026932353396747416
alpha,1808,48,57,F6,AF7,0.00027156185680954906
alpha,1809,48,58,F6,AF3,0.0002466666401593349
alpha,1810,48,59,F6,Fp2,0.00028494233679465824
alpha,1811,48,60,F6,Fpz,0.000282298374179924
alpha,1812,48,61,F6,Fp1,0.0002607842499726084
alpha,1813,49,50,F4,F2,0.0002450199428349949
alpha,1814,49,51,F4,Fz,0.00023784340671788602
alpha,1815,49,52,F4,F1,0.0002301669183598175
alpha,1816,49,53,F4,F3,0.00021346241961032092
alpha,1817,49,54,F4,F5,0.00024049866452882404
alpha,1818,49,55,F4,F7,0.00020385491645539874
alpha,1819,49,56,F4,AF4,0.00022716411808461177
alpha,1820,49,57,F4,AF7,0.00023547207727899153
alpha,1821,49,58,F4,AF3,0.0002218616688660417
alpha,1822,49,59,F4,Fp2,0.00022565944131135466
alpha,1823,49,60,F4,Fpz,0.00027142006779417335
alpha,1824,49,61,F4,Fp1,0.0002350043780969463
alpha,1825,50,51,F2,Fz,0.00022344662610725187
alpha,1826,50,52,F2,F1,0.00025474127343909483
alpha,1827,50,53,F2,F3,0.00023535541309796618
alpha,1828,50,54,F2,F5,0.0002378750073822651
alpha,1829,50,55,F2,F7,0.0002225653357946954
alpha,1830,50,56,F2,AF4,0.00018007615717768882
alpha,1831,50,57,F2,AF7,0.00021745078067252036
alpha,1832,50,58,F2,AF3,0.00021245065944029622
alpha,1833,50,59,F2,Fp2,0.0002103571650698622
alpha,1834,50,60,F2,Fpz,0.00020527260924694925
alpha,1835,50,61,F2,Fp1,0.00019821444955631434
alpha,1836,51,52,Fz,F1,0.00021773704503588465
alpha,1837,51,53,Fz,F3,0.00025770942902313224
alpha,1838,51,54,Fz,F5,0.00022910706972710304
alpha,1839,51,55,Fz,F7,0.0002208012005161244
alpha,1840,51,56,Fz,AF4,0.00019260750185757725
alpha,1841,51,57,Fz,AF7,0.0002175227083824428
alpha,1842,51,58,Fz,AF3,0.00024283698980957742
alpha,1843,51,59,Fz,Fp2,0.00020564821820990369
alpha,1844,51,60,Fz,Fpz,0.00022708107718873177
alpha,1845,51,61,Fz,Fp1,0.00022878349632467752
alpha,1846,52,53,F1,F3,0.00026351721926084023
alpha,1847,52,54,F1,F5,0.00022914266843647525
alpha,1848,52,55,F1,F7,0.0002484923588014958
alpha,1849,52,56,F1,AF4,0.00020465649216548724
alpha,1850,52,57,F1,AF7,0.0002046182064619223
alpha,1851,52,58,F1,AF3,0.00021625529754141235
alpha,1852,52,59,F1,Fp2,0.0002162678048705222
alpha,1853,52,60,F1,Fpz,0.00021856390600133164
alpha,1854,52,61,F1,Fp1,0.0002258160787152459
alpha,1855,53,54,F3,F5,0.00026647611751940315
alpha,1856,53,55,F3,F7,0.00026731421764977526
alpha,1857,53,56,F3,AF4,0.00022708330725876004
alpha,1858,53,57,F3,AF7,0.00021972962732977433
alpha,1859,53,58,F3,AF3,0.00022051688760436596
alpha,1860,53,59,F3,Fp2,0.00024951905668849897
alpha,1861,53,60,F3,Fpz,0.000250444099684217
alpha,1862,53,61,F3,Fp1,0.00021359694603364856
alpha,1863,54,55,F5,F7,0.0002663304079024998
alpha,1864,54,56,F5,AF4,0.00024876799346805185
alpha,1865,54,57,F5,AF7,0.00024299614668695082
alpha,1866,54,58,F5,AF3,0.00023167508092259152
alpha,1867,54,59,F5,Fp2,0.0002945252020542669
alpha,1868,54,60,F5,Fpz,0.0002806124213227135
alpha,1869,54,61,F5,Fp1,0.0002828633551193683
alpha,1870,55,56,F7,AF4,0.0002451737398831205
alpha,1871,55,57,F7,AF7,0.00022723703765557831
alpha,1872,55,58,F7,AF3,0.0002235986892985587
alpha,1873,55,59,F7,Fp2,0.0002926878312590977
alpha,1874,55,60,F7,Fpz,0.00028490363987308657
alpha,1875,55,61,F7,Fp1,0.000284113753640502
alpha,1876,56,57,AF4,AF7,0.00022479616276377341
alpha,1877,56,58,AF4,AF3,0.00022701041659992622
alpha,1878,56,59,AF4,Fp2,0.00023846880513141454
alpha,1879,56,60,AF4,Fpz,0.0002627352398128751
alpha,1880,56,61,AF4,Fp1,0.00026296072124973123
alpha,1881,57,58,AF7,AF3,0.00021824550436211446
alpha,1882,57,59,AF7,Fp2,0.00024450932907843867
alpha,1883,57,60,AF7,Fpz,0.00021188643483331212
alpha,1884,57,61,AF7,Fp1,0.000219202778442202
alpha,1885,58,59,AF3,Fp2,0.00028901952522656683
alpha,1886,58,60,AF3,Fpz,0.0003154512644376487
alpha,1887,58,61,AF3,Fp1,0.0002434175408957074
alpha,1888,59,60,Fp2,Fpz,0.00021941462467808733
alpha,1889,59,61,Fp2,Fp1,0.00022033383939030555
alpha,1890,60,61,Fpz,Fp1,0.00024309046229027304
beta,0,0,1,Iz,O2,7.994051300317825e-05
beta,1,0,2,Iz,Oz,8.017153079620136e-05
beta,2,0,3,Iz,O1,8.48969356536707e-05
beta,3,0,4,Iz,PO8,0.00010284829502922856
beta,4,0,5,Iz,PO4,8.712529232864143e-05
beta,5,0,6,Iz,POz,7.076532629783993e-05
beta,6,0,7,Iz,PO3,8.619774272342215e-05
beta,7,0,8,Iz,PO7,0.00010094250017020046
beta,8,0,9,Iz,P8,9.932095570855206e-05
beta,9,0,10,Iz,P6,9.179452780984125e-05
beta,10,0,11,Iz,P4,9.06861045180993e-05
beta,11,0,12,Iz,P2,7.77786095607566e-05
beta,12,0,13,Iz,Pz,7.256288834306922e-05
beta,13,0,14,Iz,P1,7.72100544990351e-05
beta,14,0,15,Iz,P3,8.745753425145551e-05
beta,15,0,16,Iz,P5,9.90693533533143e-05
beta,16,0,17,Iz,P7,8.849773990595906e-05
beta,17,0,18,Iz,TP10,6.767717300165651e-05
beta,18,0,19,Iz,TP8,7.269456710809011e-05
beta,19,0,20,Iz,CP6,7.609767027462703e-05
beta,20,0,21,Iz,CP4,7.893173215110815e-05
beta,21,0,22,Iz,CP2,7.184581691485178e-05
beta,22,0,23,Iz,CPz,6.410790991659207e-05
beta,23,0,24,Iz,CP1,9.205188203057463e-05
beta,24,0,25,Iz,CP3,8.686605958740899e-05
beta,25,0,26,Iz,CP5,8.743845107725964e-05
beta,26,0,27,Iz,TP7,6.358398306927174e-05
beta,27,0,28,Iz,TP9,7.561198191123897e-05
beta,28,0,29,Iz,T8,7.11944918080822e-05
beta,29,0,30,Iz,C6,5.931947479024005e-05
beta,30,0,31,Iz,C4,8.332859242830631e-05
beta,31,0,32,Iz,C2,6.93358556854716e-05
beta,32,0,33,Iz,Cz,7.113652763044094e-05
beta,33,0,34,Iz,C1,7.050008513468957e-05
beta,34,0,35,Iz,C3,8.547789386559296e-05
beta,35,0,36,Iz,C5,8.623953061220592e-05
beta,36,0,37,Iz,T7,6.929506993963734e-05
beta,37,0,38,Iz,FT8,7.031962630488023e-05
beta,38,0,39,Iz,FC6,8.023060743717289e-05
beta,39,0,40,Iz,FC4,0.00010294522371641197
beta,40,0,41,Iz,FC2,7.126095789097404e-05
beta,41,0,42,Iz,AF8,6.794931270048138e-05
beta,42,0,43,Iz,FC1,7.346726758076281e-05
beta,43,0,44,Iz,FC3,6.089260447727573e-05
beta,44,0,45,Iz,FC5,7.914702045013007e-05
beta,45,0,46,Iz,FT7,8.896226220269068e-05
beta,46,0,47,Iz,F8,8.516083204591409e-05
beta,47,0,48,Iz,F6,8.610226559593618e-05
beta,48,0,49,Iz,F4,9.551426750092078e-05
beta,49,0,50,Iz,F2,0.0001093549918209006
beta,50,0,51,Iz,Fz,9.301657672359183e-05
beta,51,0,52,Iz,F1,8.654383991763294e-05
beta,52,0,53,Iz,F3,8.461104603057775e-05
beta,53,0,54,Iz,F5,6.947581221824147e-05
beta,54,0,55,Iz,F7,7.473787493203512e-05
beta,55,0,56,Iz,AF4,8.927311477901442e-05
beta,56,0,57,Iz,AF7,9.42271481410782e-05
beta,57,0,58,Iz,AF3,8.767142481191581e-05
beta,58,0,59,Iz,Fp2,8.397750516509794e-05
beta,59,0,60,Iz,Fpz,8.900486455747049e-05
beta,60,0,61,Iz,Fp1,7.481881998319404e-05
beta,61,1,2,O2,Oz,7.711756146131521e-05
beta,62,1,3,O2,O1,8.105903010384785e-05
beta,63,1,4,O2,PO8,0.00013321832753007698
beta,64,1,5,O2,PO4,9.498849600183489e-05
beta,65,1,6,O2,POz,8.953374234146942e-05
beta,66,1,7,O2,PO3,7.581253750128767e-05
beta,67,1,8,O2,PO7,9.109182997368797e-05
beta,68,1,9,O2,P8,0.00010482271531324122
beta,69,1,10,O2,P6,0.00011253032526938374
beta,70,1,11,O2,P4,0.00010866207193611604
beta,71,1,12,O2,P2,9.278994763683402e-05
beta,72,1,13,O2,Pz,7.707018175809542e-05
beta,73,1,14,O2,P1,7.376033090718201e-05
beta,74,1,15,O2,P3,6.658164482098898e-05
beta,75,1,16,O2,P5,7.459929679992998e-05
beta,76,1,17,O2,P7,7.823840265587547e-05
beta,77,1,18,O2,TP10,8.198112802884141e-05
beta,78,1,19,O2,TP8,7.719151888014428e-05
beta,79,1,20,O2,CP6,9.934704421542292e-05
beta,80,1,21,O2,CP4,0.00011204972179377718
beta,81,1,22,O2,CP2,8.319406699344432e-05
beta,82,1,23,O2,CPz,8.2741071482048e-05
beta,83,1,24,O2,CP1,7.741646650766695e-05
beta,84,1,25,O2,CP3,7.262634881646012e-05
beta,85,1,26,O2,CP5,8.707139705506487e-05
beta,86,1,27,O2,TP7,7.218476427792765e-05
beta,87,1,28,O2,TP9,8.28125763064017e-05
beta,88,1,29,O2,T8,6.38452142926571e-05
beta,89,1,30,O2,C6,7.875899605147805e-05
beta,90,1,31,O2,C4,0.0001001045657088855
beta,91,1,32,O2,C2,8.87403914270075e-05
beta,92,1,33,O2,Cz,8.529936125889632e-05
beta,93,1,34,O2,C1,7.777465447538093e-05
beta,94,1,35,O2,C3,8.016059426759364e-05
beta,95,1,36,O2,C5,8.889431383912407e-05
beta,96,1,37,O2,T7,7.847895118052268e-05
beta,97,1,38,O2,FT8,6.883732749319868e-05
beta,98,1,39,O2,FC6,7.190232386059884e-05
beta,99,1,40,O2,FC4,7.394212833366453e-05
beta,100,1,41,O2,FC2,7.891709291169486e-05
beta,101,1,42,O2,AF8,7.686212291772024e-05
beta,102,1,43,O2,FC1,6.689627675407799e-05
beta,103,1,44,O2,FC3,7.83211970030466e-05
beta,104,1,45,O2,FC5,8.004502563681621e-05
beta,105,1,46,O2,FT7,7.263379164302326e-05
beta,106,1,47,O2,F8,7.697914458855946e-05
beta,107,1,48,O2,F6,6.249614280845462e-05
beta,108,1,49,O2,F4,7.770581036157595e-05
beta,109,1,50,O2,F2,7.44557923464493e-05
beta,110,1,51,O2,Fz,8.155145770248737e-05
beta,111,1,52,O2,F1,7.474376059441159e-05
beta,112,1,53,O2,F3,7.427810418236652e-05
beta,113,1,54,O2,F5,6.904709128958457e-05
beta,114,1,55,O2,F7,6.429781377783356e-05
beta,115,1,56,O2,AF4,7.375323086461815e-05
beta,116,1,57,O2,AF7,8.720426265280523e-05
beta,117,1,58,O2,AF3,8.425488387809158e-05
beta,118,1,59,O2,Fp2,7.206112292283211e-05
beta,119,1,60,O2,Fpz,7.854975776179531e-05
beta,120,1,61,O2,Fp1,8.435563275065324e-05
beta,121,2,3,Oz,O1,8.630233147626857e-05
beta,122,2,4,Oz,PO8,0.00010019496214384647
beta,123,2,5,Oz,PO4,9.473851394656101e-05
beta,124,2,6,Oz,POz,8.069057805581861e-05
beta,125,2,7,Oz,PO3,7.898752410578933e-05
beta,126,2,8,Oz,PO7,9.738167159756438e-05
beta,127,2,9,Oz,P8,0.00010450817278892361
beta,128,2,10,Oz,P6,0.00010611325168226366
beta,129,2,11,Oz,P4,0.00011014801802756076
beta,130,2,12,Oz,P2,8.1649594097912e-05
beta,131,2,13,Oz,Pz,7.442699717846919e-05
beta,132,2,14,Oz,P1,6.668313417321448e-05
beta,133,2,15,Oz,P3,7.908704569708508e-05
beta,134,2,16,Oz,P5,0.00010052546384812119
beta,135,2,17,Oz,P7,8.915558155865526e-05
beta,136,2,18,Oz,TP10,6.957787646619911e-05
beta,137,2,19,Oz,TP8,7.491357919766199e-05
beta,138,2,20,Oz,CP6,8.246306601033145e-05
beta,139,2,21,Oz,CP4,9.711719360978903e-05
beta,140,2,22,Oz,CP2,8.519399129864272e-05
beta,141,2,23,Oz,CPz,7.463408586611532e-05
beta,142,2,24,Oz,CP1,7.713290783494226e-05
beta,143,2,25,Oz,CP3,7.768195478903564e-05
beta,144,2,26,Oz,CP5,8.959412178275717e-05
beta,145,2,27,Oz,TP7,8.107253984415928e-05
beta,146,2,28,Oz,TP9,9.03189686959788e-05
beta,147,2,29,Oz,T8,7.374310927658648e-05
beta,148,2,30,Oz,C6,5.920311528939651e-05
beta,149,2,31,Oz,C4,9.983529499637178e-05
beta,150,2,32,Oz,C2,8.957100656832504e-05
beta,151,2,33,Oz,Cz,7.920271915436019e-05
beta,152,2,34,Oz,C1,8.141242413801271e-05
beta,153,2,35,Oz,C3,8.616177016231979e-05
beta,154,2,36,Oz,C5,9.292731011887179e-05
beta,155,2,37,Oz,T7,7.620349369888002e-05
beta,156,2,38,Oz,FT8,7.522260363703827e-05
beta,157,2,39,Oz,FC6,8.553428244975918e-05
beta,158,2,40,Oz,FC4,8.152602512485644e-05
beta,159,2,41,Oz,FC2,7.021979481946109e-05
beta,160,2,42,Oz,AF8,7.81444656285148e-05
beta,161,2,43,Oz,FC1,8.201042601283523e-05
beta,162,2,44,Oz,FC3,6.950200105301893e-05
beta,163,2,45,Oz,FC5,8.425700413093354e-05
beta,164,2,46,Oz,FT7,7.703816296621287e-05
beta,165,2,47,Oz,F8,9.206038510721436e-05
beta,166,2,48,Oz,F6,8.946095847794397e-05
beta,167,2,49,Oz,F4,8.945996852402035e-05
beta,168,2,50,Oz,F2,7.912677223253676e-05
beta,169,2,51,Oz,Fz,7.948666687326018e-05
beta,170,2,52,Oz,F1,8.449039760993018e-05
beta,171,2,53,Oz,F3,7.602553134378718e-05
beta,172,2,54,Oz,F5,6.785596807893085e-05
beta,173,2,55,Oz,F7,7.864441974928054e-05
beta,174,2,56,Oz,AF4,7.704571043930557e-05
beta,175,2,57,Oz,AF7,8.73244041471058e-05
beta,176,2,58,Oz,AF3,8.58893998453543e-05
beta,177,2,59,Oz,Fp2,8.199485985884205e-05
beta,178,2,60,Oz,Fpz,8.957118226546822e-05
beta,179,2,61,Oz,Fp1,8.184168211635669e-05
beta,180,3,4,O1,PO8,9.28703066968671e-05
beta,181,3,5,O1,PO4,8.880348465502137e-05
beta,182,3,6,O1,POz,6.49993510734876e-05
beta,183,3,7,O1,PO3,9.446388956891875e-05
beta,184,3,8,O1,PO7,9.90083097024526e-05
beta,185,3,9,O1,P8,9.186495419876067e-05
beta,186,3,10,O1,P6,9.59450996147905e-05
beta,187,3,11,O1,P4,9.531483185427436e-05
beta,188,3,12,O1,P2,9.309412999056364e-05
beta,189,3,13,O1,Pz,8.589461641803917e-05
beta,190,3,14,O1,P1,8.471923313475944e-05
beta,191,3,15,O1,P3,8.643125411497696e-05
beta,192,3,16,O1,P5,0.00010658901772385435
beta,193,3,17,O1,P7,8.871790979896511e-05
beta,194,3,18,O1,TP10,7.964815985016373e-05
beta,195,3,19,O1,TP8,8.580715451653525e-05
beta,196,3,20,O1,CP6,8.01294008806041e-05
beta,197,3,21,O1,CP4,8.961657223234523e-05
beta,198,3,22,O1,CP2,9.313204462464702e-05
beta,199,3,23,O1,CPz,8.422761582592646e-05
beta,200,3,24,O1,CP1,9.482976967890062e-05
beta,201,3,25,O1,CP3,8.595916387819416e-05
beta,202,3,26,O1,CP5,8.634759002381787e-05
beta,203,3,27,O1,TP7,8.570776241914604e-05
beta,204,3,28,O1,TP9,9.548776220328707e-05
beta,205,3,29,O1,T8,7.328271189627634e-05
beta,206,3,30,O1,C6,7.043366794272298e-05
beta,207,3,31,O1,C4,8.061566838239138e-05
beta,208,3,32,O1,C2,9.278675900848299e-05
beta,209,3,33,O1,Cz,8.353179368661236e-05
beta,210,3,34,O1,C1,7.66147112808885e-05
beta,211,3,35,O1,C3,8.323568516851567e-05
beta,212,3,36,O1,C5,8.361340742838296e-05
beta,213,3,37,O1,T7,8.969617644984154e-05
beta,214,3,38,O1,FT8,8.207317870049918e-05
beta,215,3,39,O1,FC6,9.050571395514597e-05
beta,216,3,40,O1,FC4,7.438807755959382e-05
beta,217,3,41,O1,FC2,7.58519578770173e-05
beta,218,3,42,O1,AF8,8.340912325810162e-05
beta,219,3,43,O1,FC1,8.110533165277011e-05
beta,220,3,44,O1,FC3,7.134801024897883e-05
beta,221,3,45,O1,FC5,8.09193449090119e-05
beta,222,3,46,O1,FT7,7.654852401466155e-05
beta,223,3,47,O1,F8,8.5800376512887e-05
beta,224,3,48,O1,F6,8.952226196579765e-05
beta,225,3,49,O1,F4,7.259615234789336e-05
beta,226,3,50,O1,F2,8.861699115416698e-05
beta,227,3,51,O1,Fz,8.345241030074789e-05
beta,228,3,52,O1,F1,8.340928555625991e-05
beta,229,3,53,O1,F3,7.019274976563537e-05
beta,230,3,54,O1,F5,7.046910435889791e-05
beta,231,3,55,O1,F7,7.649294244633506e-05
beta,232,3,56,O1,AF4,6.960955110786888e-05
beta,233,3,57,O1,AF7,8.001922000231996e-05
beta,234,3,58,O1,AF3,6.680098827548667e-05
beta,235,3,59,O1,Fp2,5.8303709775155446e-05
beta,236,3,60,O1,Fpz,7.785257245562011e-05
beta,237,3,61,O1,Fp1,7.116670556590028e-05
beta,238,4,5,PO8,PO4,9.42134273044066e-05
beta,239,4,6,PO8,POz,9.087251516588237e-05
beta,240,4,7,PO8,PO3,8.616164297109258e-05
beta,241,4,8,PO8,PO7,8.499912423645854e-05
beta,242,4,9,PO8,P8,9.082267641401614e-05
beta,243,4,10,PO8,P6,8.588005158018241e-05
beta,244,4,11,PO8,P4,8.526723792928278e-05
beta,245,4,12,PO8,P2,8.8615614003965e-05
beta,246,4,13,PO8,Pz,7.812383935426286e-05
beta,247,4,14,PO8,P1,6.583346284984225e-05
beta,248,4,15,PO8,P3,7.013279067190134e-05
beta,249,4,16,PO8,P5,7.549845300563436e-05
beta,250,4,17,PO8,P7,7.37858028669869e-05
beta,251,4,18,PO8,TP10,6.981999279029167e-05
beta,252,4,19,PO8,TP8,7.330094304639875e-05
beta,253,4,20,PO8,CP6,9.660796842994925e-05
beta,254,4,21,PO8,CP4,0.00010546477143184869
beta,255,4,22,PO8,CP2,8.79186446415258e-05
beta,256,4,23,PO8,CPz,9.030715616617613e-05
beta,257,4,24,PO8,CP1,7.877432973514605e-05
beta,258,4,25,PO8,CP3,6.918054704215535e-05
beta,259,4,26,PO8,CP5,8.827226635583643e-05
beta,260,4,27,PO8,TP7,7.443589006591207e-05
beta,261,4,28,PO8,TP9,8.271812300293655e-05
beta,262,4,29,PO8,T8,6.230157373880539e-05
beta,263,4,30,PO8,C6,8.333922844316107e-05
beta,264,4,31,PO8,C4,0.00010428500856649607
beta,265,4,32,PO8,C2,0.00010028515866059697
beta,266,4,33,PO8,Cz,8.116548257481283e-05
beta,267,4,34,PO8,C1,8.190379998629481e-05
beta,268,4,35,PO8,C3,6.918017799776853e-05
beta,269,4,36,PO8,C5,7.544524049374515e-05
beta,270,4,37,PO8,T7,7.828267376410434e-05
beta,271,4,38,PO8,FT8,7.579306940533792e-05
beta,272,4,39,PO8,FC6,8.014860328196908e-05
beta,273,4,40,PO8,FC4,7.973672497723868e-05
beta,274,4,41,PO8,FC2,8.944252070701325e-05
beta,275,4,42,PO8,AF8,8.063504863155412e-05
beta,276,4,43,PO8,FC1,7.853022617192614e-05
beta,277,4,44,PO8,FC3,7.884285387163356e-05
beta,278,4,45,PO8,FC5,8.069635731288894e-05
beta,279,4,46,PO8,FT7,7.232231703676475e-05
beta,280,4,47,PO8,F8,7.480214750023683e-05
beta,281,4,48,PO8,F6,6.680377573844672e-05
beta,282,4,49,PO8,F4,6.501092691143415e-05
beta,283,4,50,PO8,F2,7.422599492507274e-05
beta,284,4,51,PO8,Fz,7.776277143431936e-05
beta,285,4,52,PO8,F1,7.86334501874269e-05
beta,286,4,53,PO8,F3,6.939822167937625e-05
beta,287,4,54,PO8,F5,8.580091606180043e-05
beta,288,4,55,PO8,F7,7.60854844428038e-05
beta,289,4,56,PO8,AF4,8.810910955075319e-05
beta,290,4,57,PO8,AF7,7.558109603617795e-05
beta,291,4,58,PO8,AF3,6.849423147576667e-05
beta,292,4,59,PO8,Fp2,7.803726745719059e-05
beta,293,4,60,PO8,Fpz,8.006370736726219e-05
beta,294,4,61,PO8,Fp1,7.998709445755886e-05
beta,295,5,6,PO4,POz,9.2700198783492e-05
beta,296,5,7,PO4,PO3,8.273849465799223e-05
beta,297,5,8,PO4,PO7,9.339177573582997e-05
beta,298,5,9,PO4,P8,0.00010014129513433593
beta,299,5,10,PO4,P6,9.59643229231931e-05
beta,300,5,11,PO4,P4,0.00012184436404734135
beta,301,5,12,PO4,P2,9.80195934006609e-05
beta,302,5,13,PO4,Pz,7.467309031896527e-05
beta,303,5,14,PO4,P1,6.557561578846431e-05
beta,304,5,15,PO4,P3,7.216063721484883e-05
beta,305,5,16,PO4,P5,7.847118103934999e-05
beta,306,5,17,PO4,P7,7.684717704000546e-05
beta,307,5,18,PO4,TP10,7.458809405090333e-05
beta,308,5,19,PO4,TP8,8.81558218304981e-05
beta,309,5,20,PO4,CP6,9.920770618324209e-05
beta,310,5,21,PO4,CP4,0.0001156849983773775
beta,311,5,22,PO4,CP2,9.793719223705568e-05
beta,312,5,23,PO4,CPz,9.799212633937012e-05
beta,313,5,24,PO4,CP1,8.02055010495267e-05
beta,314,5,25,PO4,CP3,7.193744026997072e-05
beta,315,5,26,PO4,CP5,7.367748750869068e-05
beta,316,5,27,PO4,TP7,6.399500702294417e-05
beta,317,5,28,PO4,TP9,6.520892367800191e-05
beta,318,5,29,PO4,T8,7.276560972884124e-05
beta,319,5,30,PO4,C6,8.650891969478976e-05
beta,320,5,31,PO4,C4,0.00011044763797002648
beta,321,5,32,PO4,C2,9.553873540807693e-05
beta,322,5,33,PO4,Cz,8.885561956545821e-05
beta,323,5,34,PO4,C1,9.170988125630004e-05
beta,324,5,35,PO4,C3,7.024307244262538e-05
beta,325,5,36,PO4,C5,7.257513240805341e-05
beta,326,5,37,PO4,T7,7.626103364640979e-05
beta,327,5,38,PO4,FT8,7.04391190731209e-05
beta,328,5,39,PO4,FC6,8.6987121900151e-05
beta,329,5,40,PO4,FC4,8.529385702794836e-05
beta,330,5,41,PO4,FC2,8.307302895364118e-05
beta,331,5,42,PO4,AF8,8.246000658838243e-05
beta,332,5,43,PO4,FC1,6.519361123858776e-05
beta,333,5,44,PO4,FC3,6.229141253169429e-05
beta,334,5,45,PO4,FC5,7.259376427526733e-05
beta,335,5,46,PO4,FT7,6.879632307963406e-05
beta,336,5,47,PO4,F8,7.524391488115498e-05
beta,337,5,48,PO4,F6,8.034134689319941e-05
beta,338,5,49,PO4,F4,8.166683218840159e-05
beta,339,5,50,PO4,F2,8.188959384092934e-05
beta,340,5,51,PO4,Fz,7.765216681273822e-05
beta,341,5,52,PO4,F1,6.631732114104798e-05
beta,342,5,53,PO4,F3,5.777371593907839e-05
beta,343,5,54,PO4,F5,6.83013880331535e-05
beta,344,5,55,PO4,F7,6.785199058007662e-05
beta,345,5,56,PO4,AF4,6.806028601241932e-05
beta,346,5,57,PO4,AF7,7.201839433408676e-05
beta,347,5,58,PO4,AF3,5.89596603028241e-05
beta,348,5,59,PO4,Fp2,7.602588028660441e-05
beta,349,5,60,PO4,Fpz,7.979655684558592e-05
beta,350,5,61,PO4,Fp1,8.266506396171431e-05
beta,351,6,7,POz,PO3,8.13125023829353e-05
beta,352,6,8,POz,PO7,7.40831239259328e-05
beta,353,6,9,POz,P8,9.069224652118941e-05
beta,354,6,10,POz,P6,9.152057566048443e-05
beta,355,6,11,POz,P4,9.870677980527694e-05
beta,356,6,12,POz,P2,8.265130213489582e-05
beta,357,6,13,POz,Pz,6.93369100114804e-05
beta,358,6,14,POz,P1,5.958518069398204e-05
beta,359,6,15,POz,P3,7.22810217648774e-05
beta,360,6,16,POz,P5,8.631895302977796e-05
beta,361,6,17,POz,P7,8.719055371505006e-05
beta,362,6,18,POz,TP10,5.9550077848373416e-05
beta,363,6,19,POz,TP8,6.861825372440981e-05
beta,364,6,20,POz,CP6,8.518914943113156e-05
beta,365,6,21,POz,CP4,9.567478660577061e-05
beta,366,6,22,POz,CP2,8.729533871581841e-05
beta,367,6,23,POz,CPz,8.248654669676633e-05
beta,368,6,24,POz,CP1,7.769191097866437e-05
beta,369,6,25,POz,CP3,7.22714409360278e-05
beta,370,6,26,POz,CP5,7.425971649356902e-05
beta,371,6,27,POz,TP7,7.920907844812889e-05
beta,372,6,28,POz,TP9,6.474661506883281e-05
beta,373,6,29,POz,T8,7.181482663679607e-05
beta,374,6,30,POz,C6,6.373724695493159e-05
beta,375,6,31,POz,C4,9.652481818553184e-05
beta,376,6,32,POz,C2,8.456832880974401e-05
beta,377,6,33,POz,Cz,9.352188762728226e-05
beta,378,6,34,POz,C1,8.571431451685986e-05
beta,379,6,35,POz,C3,7.478690860687843e-05
beta,380,6,36,POz,C5,7.82424330498445e-05
beta,381,6,37,POz,T7,7.438016229269953e-05
beta,382,6,38,POz,FT8,6.330720438406827e-05
beta,383,6,39,POz,FC6,8.661624656757205e-05
beta,384,6,40,POz,FC4,7.996528869747166e-05
beta,385,6,41,POz,FC2,7.775169669826398e-05
beta,386,6,42,POz,AF8,7.7012775024613e-05
beta,387,6,43,POz,FC1,6.495190627713837e-05
beta,388,6,44,POz,FC3,6.960193956769415e-05
beta,389,6,45,POz,FC5,7.88357711652911e-05
beta,390,6,46,POz,FT7,6.597350735725383e-05
beta,391,6,47,POz,F8,7.307636727223899e-05
beta,392,6,48,POz,F6,7.708156380046213e-05
beta,393,6,49,POz,F4,8.087765339636165e-05
beta,394,6,50,POz,F2,8.223144907507532e-05
beta,395,6,51,POz,Fz,7.222126228532151e-05
beta,396,6,52,POz,F1,5.7234502392262734e-05
beta,397,6,53,POz,F3,6.873568747459834e-05
beta,398,6,54,POz,F5,8.128251735373463e-05
beta,399,6,55,POz,F7,7.723073400762824e-05
beta,400,6,56,POz,AF4,7.586819983772943e-05
beta,401,6,57,POz,AF7,7.740430722671523e-05
beta,402,6,58,POz,AF3,7.120136170019902e-05
beta,403,6,59,POz,Fp2,8.065128939060054e-05
beta,404,6,60,POz,Fpz,7.250905820052209e-05
beta,405,6,61,POz,Fp1,6.631235977962112e-05
beta,406,7,8,PO3,PO7,8.313908680744763e-05
beta,407,7,9,PO3,P8,7.55976974012929e-05
beta,408,7,10,PO3,P6,8.07424438881457e-05
beta,409,7,11,PO3,P4,8.31555763881091e-05
beta,410,7,12,PO3,P2,9.401754333545672e-05
beta,411,7,13,PO3,Pz,0.00010014873483031699
beta,412,7,14,PO3,P1,9.537823067195794e-05
beta,413,7,15,PO3,P3,7.754011900753928e-05
beta,414,7,16,PO3,P5,8.152771561367604e-05
beta,415,7,17,PO3,P7,8.062269707554765e-05
beta,416,7,18,PO3,TP10,7.615875576247151e-05
beta,417,7,19,PO3,TP8,8.100192071808705e-05
beta,418,7,20,PO3,CP6,7.824385534675133e-05
beta,419,7,21,PO3,CP4,8.369883684319927e-05
beta,420,7,22,PO3,CP2,8.575775251952486e-05
beta,421,7,23,PO3,CPz,9.384461552746581e-05
beta,422,7,24,PO3,CP1,9.660264416387111e-05
beta,423,7,25,PO3,CP3,8.792175140175782e-05
beta,424,7,26,PO3,CP5,7.833182581182708e-05
beta,425,7,27,PO3,TP7,9.450157988781654e-05
beta,426,7,28,PO3,TP9,8.90058547373208e-05
beta,427,7,29,PO3,T8,7.159622507366702e-05
beta,428,7,30,PO3,C6,6.586117946252984e-05
beta,429,7,31,PO3,C4,9.285422973791098e-05
beta,430,7,32,PO3,C2,8.804102784970374e-05
beta,431,7,33,PO3,Cz,8.369853363007624e-05
beta,432,7,34,PO3,C1,8.558357889856997e-05
beta,433,7,35,PO3,C3,8.29229576680771e-05
beta,434,7,36,PO3,C5,7.67039057714268e-05
beta,435,7,37,PO3,T7,8.042754447472435e-05
beta,436,7,38,PO3,FT8,6.741407990146635e-05
beta,437,7,39,PO3,FC6,8.541369413596926e-05
beta,438,7,40,PO3,FC4,7.775266290290158e-05
beta,439,7,41,PO3,FC2,9.459744986423148e-05
beta,440,7,42,PO3,AF8,8.78461326901507e-05
beta,441,7,43,PO3,FC1,7.230602204895676e-05
beta,442,7,44,PO3,FC3,6.243561701245347e-05
beta,443,7,45,PO3,FC5,7.570344246626193e-05
beta,444,7,46,PO3,FT7,6.653237818117873e-05
beta,445,7,47,PO3,F8,7.827224368796132e-05
beta,446,7,48,PO3,F6,8.639669820400349e-05
beta,447,7,49,PO3,F4,8.209191507046174e-05
beta,448,7,50,PO3,F2,8.863736320294406e-05
beta,449,7,51,PO3,Fz,8.461673796319125e-05
beta,450,7,52,PO3,F1,8.426811455038864e-05
beta,451,7,53,PO3,F3,8.07302238764769e-05
beta,452,7,54,PO3,F5,7.967708090471095e-05
beta,453,7,55,PO3,F7,7.474886162607836e-05
beta,454,7,56,PO3,AF4,7.370515749148658e-05
beta,455,7,57,PO3,AF7,8.488980923297576e-05
beta,456,7,58,PO3,AF3,8.415502715156334e-05
beta,457,7,59,PO3,Fp2,7.422511143559801e-05
beta,458,7,60,PO3,Fpz,8.420658013215477e-05
beta,459,7,61,PO3,Fp1,7.916897297310525e-05
beta,460,8,9,PO7,P8,8.586421552595077e-05
beta,461,8,10,PO7,P6,8.603312430283602e-05
beta,462,8,11,PO7,P4,9.304087127421124e-05
beta,463,8,12,PO7,P2,9.560383835754053e-05
beta,464,8,13,PO7,Pz,0.00010075350921399205
beta,465,8,14,PO7,P1,9.896674567993714e-05
beta,466,8,15,PO7,P3,9.055972509363533e-05
beta,467,8,16,PO7,P5,8.412645812318925e-05
beta,468,8,17,PO7,P7,9.373805771190267e-05
beta,469,8,18,PO7,TP10,8.838871976104987e-05
beta,470,8,19,PO7,TP8,7.6238513976287e-05
beta,471,8,20,PO7,CP6,8.52186383936416e-05
beta,472,8,21,PO7,CP4,9.158895605762198e-05
beta,473,8,22,PO7,CP2,8.726629939820226e-05
beta,474,8,23,PO7,CPz,9.676148799755169e-05
beta,475,8,24,PO7,CP1,0.00010619396544967519
beta,476,8,25,PO7,CP3,0.00010129899449873968
beta,477,8,26,PO7,CP5,9.169093566986933e-05
beta,478,8,27,PO7,TP7,9.383330026886296e-05
beta,479,8,28,PO7,TP9,0.00010717002715100496
beta,480,8,29,PO7,T8,7.421208286791801e-05
beta,481,8,30,PO7,C6,6.714251164537948e-05
beta,482,8,31,PO7,C4,8.260896258267929e-05
beta,483,8,32,PO7,C2,8.560253815650106e-05
beta,484,8,33,PO7,Cz,9.54276061557425e-05
beta,485,8,34,PO7,C1,9.18559696579934e-05
beta,486,8,35,PO7,C3,8.890595049166639e-05
beta,487,8,36,PO7,C5,7.994017947146052e-05
beta,488,8,37,PO7,T7,9.43374804170315e-05
beta,489,8,38,PO7,FT8,8.068111049590248e-05
beta,490,8,39,PO7,FC6,7.194326273244248e-05
beta,491,8,40,PO7,FC4,6.167656158665605e-05
beta,492,8,41,PO7,FC2,8.200414965852453e-05
beta,493,8,42,PO7,AF8,9.767110223890619e-05
beta,494,8,43,PO7,FC1,9.055421431808162e-05
beta,495,8,44,PO7,FC3,8.041731629965517e-05
beta,496,8,45,PO7,FC5,8.133113142751617e-05
beta,497,8,46,PO7,FT7,8.922731636878313e-05
beta,498,8,47,PO7,F8,7.452347306296737e-05
beta,499,8,48,PO7,F6,9.019854875730638e-05
beta,500,8,49,PO7,F4,7.974574584851506e-05
beta,501,8,50,PO7,F2,9.06529620552718e-05
beta,502,8,51,PO7,Fz,9.857126322764818e-05
beta,503,8,52,PO7,F1,9.601519030747695e-05
beta,504,8,53,PO7,F3,9.170867981102144e-05
beta,505,8,54,PO7,F5,9.625046097183204e-05
beta,506,8,55,PO7,F7,9.233660458436414e-05
beta,507,8,56,PO7,AF4,8.09553413072471e-05
beta,508,8,57,PO7,AF7,9.364394284663953e-05
beta,509,8,58,PO7,AF3,8.689604461172854e-05
beta,510,8,59,PO7,Fp2,6.313182069587836e-05
beta,511,8,60,PO7,Fpz,8.56067588794553e-05
beta,512,8,61,PO7,Fp1,8.639650251346264e-05
beta,513,9,10,P8,P6,9.381654546829072e-05
beta,514,9,11,P8,P4,9.88672810530605e-05
beta,515,9,12,P8,P2,9.384978549411931e-05
beta,516,9,13,P8,Pz,8.429215575981047e-05
beta,517,9,14,P8,P1,7.124446873613531e-05
beta,518,9,15,P8,P3,6.687584466777614e-05
beta,519,9,16,P8,P5,7.40461666101868e-05
beta,520,9,17,P8,P7,7.668293435385132e-05
beta,521,9,18,P8,TP10,8.23238948144724e-05
beta,522,9,19,P8,TP8,6.239114229785277e-05
beta,523,9,20,P8,CP6,0.00010227855677801977
beta,524,9,21,P8,CP4,0.00013218151730900313
beta,525,9,22,P8,CP2,0.00011395577862706319
beta,526,9,23,P8,CPz,9.195625803060757e-05
beta,527,9,24,P8,CP1,8.608967318141848e-05
beta,528,9,25,P8,CP3,7.202340798152944e-05
beta,529,9,26,P8,CP5,8.141260009861763e-05
beta,530,9,27,P8,TP7,7.42477621674867e-05
beta,531,9,28,P8,TP9,8.462366671839109e-05
beta,532,9,29,P8,T8,6.798066948846943e-05
beta,533,9,30,P8,C6,7.999822006918522e-05
beta,534,9,31,P8,C4,0.00010448570497389806
beta,535,9,32,P8,C2,0.00010019302404834564
beta,536,9,33,P8,Cz,8.405037124962787e-05
beta,537,9,34,P8,C1,9.080567300683629e-05
beta,538,9,35,P8,C3,5.6809188225017154e-05
beta,539,9,36,P8,C5,7.418251934021404e-05
beta,540,9,37,P8,T7,7.940815073068867e-05
beta,541,9,38,P8,FT8,8.234063244762605e-05
beta,542,9,39,P8,FC6,7.624707173300525e-05
beta,543,9,40,P8,FC4,8.203407231125481e-05
beta,544,9,41,P8,FC2,7.921310532689238e-05
beta,545,9,42,P8,AF8,8.164390794745872e-05
beta,546,9,43,P8,FC1,8.106350168652427e-05
beta,547,9,44,P8,FC3,7.477740734844483e-05
beta,548,9,45,P8,FC5,8.575017466763466e-05
beta,549,9,46,P8,FT7,7.599191409490686e-05
beta,550,9,47,P8,F8,8.171105122357423e-05
beta,551,9,48,P8,F6,7.665198264946769e-05
beta,552,9,49,P8,F4,7.649654830477155e-05
beta,553,9,50,P8,F2,8.668532534104328e-05
beta,554,9,51,P8,Fz,8.21555554187765e-05
beta,555,9,52,P8,F1,8.17296872110007e-05
beta,556,9,53,P8,F3,6.300563663346705e-05
beta,557,9,54,P8,F5,9.083534051165932e-05
beta,558,9,55,P8,F7,8.643166189255917e-05
beta,559,9,56,P8,AF4,8.876970321055323e-05
beta,560,9,57,P8,AF7,7.404427043401605e-05
beta,561,9,58,P8,AF3,8.243096065924644e-05
beta,562,9,59,P8,Fp2,7.169979837732628e-05
beta,563,9,60,P8,Fpz,7.533777337958006e-05
beta,564,9,61,P8,Fp1,7.126482584814628e-05
beta,565,10,11,P6,P4,0.00010330286119142813
beta,566,10,12,P6,P2,9.082413639293134e-05
beta,567,10,13,P6,Pz,8.532249279259209e-05
beta,568,10,14,P6,P1,7.446187458247443e-05
beta,569,10,15,P6,P3,7.544754932332116e-05
beta,570,10,16,P6,P5,7.19989935447174e-05
beta,571,10,17,P6,P7,7.984073678651599e-05
beta,572,10,18,P6,TP10,7.772146348723782e-05
beta,573,10,19,P6,TP8,8.981749818360946e-05
beta,574,10,20,P6,CP6,9.517976083771879e-05
beta,575,10,21,P6,CP4,0.00012068463575161505
beta,576,10,22,P6,CP2,9.475468976999262e-05
beta,577,10,23,P6,CPz,9.975281353354739e-05
beta,578,10,24,P6,CP1,9.32096893037803e-05
beta,579,10,25,P6,CP3,7.843335498156385e-05
beta,580,10,26,P6,CP5,8.134676185370689e-05
beta,581,10,27,P6,TP7,8.286014185595561e-05
beta,582,10,28,P6,TP9,7.849080730710988e-05
beta,583,10,29,P6,T8,7.421130931703424e-05
beta,584,10,30,P6,C6,9.513706742347148e-05
beta,585,10,31,P6,C4,0.0001177305007814782
beta,586,10,32,P6,C2,0.00010024738331489545
beta,587,10,33,P6,Cz,8.825770721318529e-05
beta,588,10,34,P6,C1,8.676645466224847e-05
beta,589,10,35,P6,C3,5.908495946383093e-05
beta,590,10,36,P6,C5,7.589556817275897e-05
beta,591,10,37,P6,T7,8.496933015243368e-05
beta,592,10,38,P6,FT8,8.278685117293254e-05
beta,593,10,39,P6,FC6,9.945339529774512e-05
beta,594,10,40,P6,FC4,0.00010996199487936769
beta,595,10,41,P6,FC2,7.966217828866238e-05
beta,596,10,42,P6,AF8,8.74142812523688e-05
beta,597,10,43,P6,FC1,7.421396775551224e-05
beta,598,10,44,P6,FC3,6.457094273217356e-05
beta,599,10,45,P6,FC5,7.795117654959188e-05
beta,600,10,46,P6,FT7,6.774407338468175e-05
beta,601,10,47,P6,F8,8.337984839016654e-05
beta,602,10,48,P6,F6,9.266418616431849e-05
beta,603,10,49,P6,F4,8.637645532890219e-05
beta,604,10,50,P6,F2,8.03081847581937e-05
beta,605,10,51,P6,Fz,7.596013572837431e-05
beta,606,10,52,P6,F1,7.539459693006697e-05
beta,607,10,53,P6,F3,5.978171792470359e-05
beta,608,10,54,P6,F5,8.370479553938293e-05
beta,609,10,55,P6,F7,7.963937810143649e-05
beta,610,10,56,P6,AF4,0.00010184964036557103
beta,611,10,57,P6,AF7,7.871251727864113e-05
beta,612,10,58,P6,AF3,5.8926681021909274e-05
beta,613,10,59,P6,Fp2,9.247918360146063e-05
beta,614,10,60,P6,Fpz,8.627045519359302e-05
beta,615,10,61,P6,Fp1,8.76610778413848e-05
beta,616,11,12,P4,P2,7.57163254142776e-05
beta,617,11,13,P4,Pz,7.80532334410626e-05
beta,618,11,14,P4,P1,8.032540232677972e-05
beta,619,11,15,P4,P3,7.8685029221243e-05
beta,620,11,16,P4,P5,7.608330647238744e-05
beta,621,11,17,P4,P7,8.640953270966831e-05
beta,622,11,18,P4,TP10,8.153386036817013e-05
beta,623,11,19,P4,TP8,9.459137408629933e-05
beta,624,11,20,P4,CP6,6.975824282267618e-05
beta,625,11,21,P4,CP4,0.00011970196067593244
beta,626,11,22,P4,CP2,0.00010057966148577861
beta,627,11,23,P4,CPz,9.773474004822724e-05
beta,628,11,24,P4,CP1,9.606130338615089e-05
beta,629,11,25,P4,CP3,8.631053934702077e-05
beta,630,11,26,P4,CP5,7.42901855325976e-05
beta,631,11,27,P4,TP7,8.03286745032176e-05
beta,632,11,28,P4,TP9,7.392830196225305e-05
beta,633,11,29,P4,T8,7.512476114848168e-05
beta,634,11,30,P4,C6,7.946353110308035e-05
beta,635,11,31,P4,C4,0.00011915028104519094
beta,636,11,32,P4,C2,0.00010176706171600137
beta,637,11,33,P4,Cz,8.006285285655002e-05
beta,638,11,34,P4,C1,8.772533003772391e-05
beta,639,11,35,P4,C3,7.220765341103361e-05
beta,640,11,36,P4,C5,7.11520701982109e-05
beta,641,11,37,P4,T7,8.527150134635532e-05
beta,642,11,38,P4,FT8,8.26672824018379e-05
beta,643,11,39,P4,FC6,0.00010805610956183573
beta,644,11,40,P4,FC4,0.0001078774511953483
beta,645,11,41,P4,FC2,8.26941464371298e-05
beta,646,11,42,P4,AF8,9.324032445124576e-05
beta,647,11,43,P4,FC1,8.059351780281024e-05
beta,648,11,44,P4,FC3,6.379218072249677e-05
beta,649,11,45,P4,FC5,7.283585459476827e-05
beta,650,11,46,P4,FT7,6.730376250229587e-05
beta,651,11,47,P4,F8,8.112635095759873e-05
beta,652,11,48,P4,F6,8.802904802572842e-05
beta,653,11,49,P4,F4,8.749552525664959e-05
beta,654,11,50,P4,F2,8.511966845743292e-05
beta,655,11,51,P4,Fz,7.999856064493572e-05
beta,656,11,52,P4,F1,9.649700691355617e-05
beta,657,11,53,P4,F3,7.93225202626697e-05
beta,658,11,54,P4,F5,8.291054075813454e-05
beta,659,11,55,P4,F7,7.881616272821851e-05
beta,660,11,56,P4,AF4,8.445594949035886e-05
beta,661,11,57,P4,AF7,7.981882558307769e-05
beta,662,11,58,P4,AF3,7.945691161183498e-05
beta,663,11,59,P4,Fp2,9.080083647089237e-05
beta,664,11,60,P4,Fpz,9.406972938242684e-05
beta,665,11,61,P4,Fp1,8.966535823305871e-05
beta,666,12,13,P2,Pz,7.553476663644112e-05
beta,667,12,14,P2,P1,7.785858281863687e-05
beta,668,12,15,P2,P3,9.294891042688618e-05
beta,669,12,16,P2,P5,8.831014929107782e-05
beta,670,12,17,P2,P7,9.472656526374628e-05
beta,671,12,18,P2,TP10,7.136649811688496e-05
beta,672,12,19,P2,TP8,7.984500159528669e-05
beta,673,12,20,P2,CP6,7.909307230503485e-05
beta,674,12,21,P2,CP4,8.56713454013025e-05
beta,675,12,22,P2,CP2,9.380500327995846e-05
beta,676,12,23,P2,CPz,9.400234074718044e-05
beta,677,12,24,P2,CP1,8.708891577103477e-05
beta,678,12,25,P2,CP3,9.151728213048191e-05
beta,679,12,26,P2,CP5,8.087399481873467e-05
beta,680,12,27,P2,TP7,8.300965609064693e-05
beta,681,12,28,P2,TP9,7.39683480095868e-05
beta,682,12,29,P2,T8,7.181729106187003e-05
beta,683,12,30,P2,C6,7.713832916502901e-05
beta,684,12,31,P2,C4,0.00010339595465014811
beta,685,12,32,P2,C2,0.00010017769623072311
beta,686,12,33,P2,Cz,9.37019907629746e-05
beta,687,12,34,P2,C1,9.058658210645079e-05
beta,688,12,35,P2,C3,7.633909853797986e-05
beta,689,12,36,P2,C5,7.429675689577786e-05
beta,690,12,37,P2,T7,7.890265850200798e-05
beta,691,12,38,P2,FT8,8.112248338827666e-05
beta,692,12,39,P2,FC6,8.948881347013454e-05
beta,693,12,40,P2,FC4,9.077569651504872e-05
beta,694,12,41,P2,FC2,9.092008826204048e-05
beta,695,12,42,P2,AF8,9.595188349492017e-05
beta,696,12,43,P2,FC1,8.74799825617708e-05
beta,697,12,44,P2,FC3,7.378713461729077e-05
beta,698,12,45,P2,FC5,8.346424134863551e-05
beta,699,12,46,P2,FT7,7.56028696135847e-05
beta,700,12,47,P2,F8,7.300225337458881e-05
beta,701,12,48,P2,F6,7.951219606558313e-05
beta,702,12,49,P2,F4,8.575953010073618e-05
beta,703,12,50,P2,F2,9.521154154647186e-05
beta,704,12,51,P2,Fz,8.974993126967253e-05
beta,705,12,52,P2,F1,8.788273013249188e-05
beta,706,12,53,P2,F3,8.313299578865267e-05
beta,707,12,54,P2,F5,9.580413674533601e-05
beta,708,12,55,P2,F7,9.413891157866222e-05
beta,709,12,56,P2,AF4,8.93773974774527e-05
beta,710,12,57,P2,AF7,9.310134668662518e-05
beta,711,12,58,P2,AF3,8.338868693196099e-05
beta,712,12,59,P2,Fp2,7.60967003183124e-05
beta,713,12,60,P2,Fpz,9.361395278770252e-05
beta,714,12,61,P2,Fp1,8.02857717054016e-05
beta,715,13,14,Pz,P1,6.912653482887142e-05
beta,716,13,15,Pz,P3,9.809205140896885e-05
beta,717,13,16,Pz,P5,0.00010459464758849962
beta,718,13,17,Pz,P7,0.00010965416710136473
beta,719,13,18,Pz,TP10,6.35388737484682e-05
beta,720,13,19,Pz,TP8,6.511198739256782e-05
beta,721,13,20,Pz,CP6,7.685159458209725e-05
beta,722,13,21,Pz,CP4,8.489484279099631e-05
beta,723,13,22,Pz,CP2,9.810250409811368e-05
beta,724,13,23,Pz,CPz,8.533411285662452e-05
beta,725,13,24,Pz,CP1,7.921131121743199e-05
beta,726,13,25,Pz,CP3,8.518210552662011e-05
beta,727,13,26,Pz,CP5,9.98058201900353e-05
beta,728,13,27,Pz,TP7,9.72875468484076e-05
beta,729,13,28,Pz,TP9,7.295974762268706e-05
beta,730,13,29,Pz,T8,7.278153547940792e-05
beta,731,13,30,Pz,C6,7.987410199323512e-05
beta,732,13,31,Pz,C4,9.320430245498624e-05
beta,733,13,32,Pz,C2,9.12918459173934e-05
beta,734,13,33,Pz,Cz,8.24195025952566e-05
beta,735,13,34,Pz,C1,8.528707821954613e-05
beta,736,13,35,Pz,C3,8.631906980163693e-05
beta,737,13,36,Pz,C5,8.803940430828695e-05
beta,738,13,37,Pz,T7,8.4409780494424e-05
beta,739,13,38,Pz,FT8,8.344562252570937e-05
beta,740,13,39,Pz,FC6,9.473896629568464e-05
beta,741,13,40,Pz,FC4,6.96799824099213e-05
beta,742,13,41,Pz,FC2,0.00010579261942402415
beta,743,13,42,Pz,AF8,0.00010154664108058904
beta,744,13,43,Pz,FC1,8.604678080868154e-05
beta,745,13,44,Pz,FC3,8.112326250664282e-05
beta,746,13,45,Pz,FC5,6.818061924732603e-05
beta,747,13,46,Pz,FT7,6.866673583680416e-05
beta,748,13,47,Pz,F8,7.126785149259279e-05
beta,749,13,48,Pz,F6,8.4614144037905e-05
beta,750,13,49,Pz,F4,9.1252229426131e-05
beta,751,13,50,Pz,F2,0.00010352571366030274
beta,752,13,51,Pz,Fz,9.014842489166011e-05
beta,753,13,52,Pz,F1,7.629730698043289e-05
beta,754,13,53,Pz,F3,7.924112471801576e-05
beta,755,13,54,Pz,F5,7.67455790354481e-05
beta,756,13,55,Pz,F7,7.556699742523616e-05
beta,757,13,56,Pz,AF4,8.480586724942275e-05
beta,758,13,57,Pz,AF7,8.267940574402278e-05
beta,759,13,58,Pz,AF3,6.933783656766747e-05
beta,760,13,59,Pz,Fp2,8.819913865636722e-05
beta,761,13,60,Pz,Fpz,8.709273079035196e-05
beta,762,13,61,Pz,Fp1,7.66551865759997e-05
beta,763,14,15,P1,P3,0.00010709132636182933
beta,764,14,16,P1,P5,0.0001186916290249246
beta,765,14,17,P1,P7,0.00011333986578367587
beta,766,14,18,P1,TP10,6.802687766535076e-05
beta,767,14,19,P1,TP8,5.6828166951424526e-05
beta,768,14,20,P1,CP6,8.427114933630452e-05
beta,769,14,21,P1,CP4,0.0001005442430281239
beta,770,14,22,P1,CP2,8.88838615129105e-05
beta,771,14,23,P1,CPz,9.192162877639991e-05
beta,772,14,24,P1,CP1,8.451643873677471e-05
beta,773,14,25,P1,CP3,7.779955118091641e-05
beta,774,14,26,P1,CP5,0.00010947805680217182
beta,775,14,27,P1,TP7,0.00010530737906788608
beta,776,14,28,P1,TP9,8.895206356524587e-05
beta,777,14,29,P1,T8,7.217945374179586e-05
beta,778,14,30,P1,C6,8.360556950518804e-05
beta,779,14,31,P1,C4,0.00010939256308864917
beta,780,14,32,P1,C2,9.244914200607734e-05
beta,781,14,33,P1,Cz,7.931490472097702e-05
beta,782,14,34,P1,C1,8.35525705936574e-05
beta,783,14,35,P1,C3,7.764122806852362e-05
beta,784,14,36,P1,C5,9.14317992265314e-05
beta,785,14,37,P1,T7,9.302638868362602e-05
beta,786,14,38,P1,FT8,7.217985728315499e-05
beta,787,14,39,P1,FC6,8.743833757450052e-05
beta,788,14,40,P1,FC4,8.017905017643555e-05
beta,789,14,41,P1,FC2,0.00010442553249222027
beta,790,14,42,P1,AF8,9.480941443435545e-05
beta,791,14,43,P1,FC1,8.258334924984675e-05
beta,792,14,44,P1,FC3,7.005765306317611e-05
beta,793,14,45,P1,FC5,7.013827825737206e-05
beta,794,14,46,P1,FT7,7.790768431459715e-05
beta,795,14,47,P1,F8,7.424862766111218e-05
beta,796,14,48,P1,F6,7.11338290466478e-05
beta,797,14,49,P1,F4,7.802791719413648e-05
beta,798,14,50,P1,F2,0.00010359297007707879
beta,799,14,51,P1,Fz,0.00010034198931000796
beta,800,14,52,P1,F1,8.839271836209459e-05
beta,801,14,53,P1,F3,8.714806641889008e-05
beta,802,14,54,P1,F5,7.078666517551642e-05
beta,803,14,55,P1,F7,6.489346742237535e-05
beta,804,14,56,P1,AF4,7.341530619300636e-05
beta,805,14,57,P1,AF7,9.275342956950156e-05
beta,806,14,58,P1,AF3,7.562910485728176e-05
beta,807,14,59,P1,Fp2,8.019287185125575e-05
beta,808,14,60,P1,Fpz,9.149615406750817e-05
beta,809,14,61,P1,Fp1,8.379004304672212e-05
beta,810,15,16,P3,P5,9.081511893908685e-05
beta,811,15,17,P3,P7,9.687460999519235e-05
beta,812,15,18,P3,TP10,7.93166591492399e-05
beta,813,15,19,P3,TP8,7.115280320570255e-05
beta,814,15,20,P3,CP6,7.884900293117098e-05
beta,815,15,21,P3,CP4,9.877098507747114e-05
beta,816,15,22,P3,CP2,9.304160263742692e-05
beta,817,15,23,P3,CPz,0.00010700451590732354
beta,818,15,24,P3,CP1,0.00011415689547955796
beta,819,15,25,P3,CP3,9.279683258300331e-05
beta,820,15,26,P3,CP5,8.920243450566217e-05
beta,821,15,27,P3,TP7,9.901709974724682e-05
beta,822,15,28,P3,TP9,8.341657747338339e-05
beta,823,15,29,P3,T8,7.393699369317522e-05
beta,824,15,30,P3,C6,8.351577010618645e-05
beta,825,15,31,P3,C4,9.945220364255195e-05
beta,826,15,32,P3,C2,0.00010060004512838002
beta,827,15,33,P3,Cz,8.99066398578237e-05
beta,828,15,34,P3,C1,9.69929063548303e-05
beta,829,15,35,P3,C3,9.010794316065932e-05
beta,830,15,36,P3,C5,9.40287972447804e-05
beta,831,15,37,P3,T7,8.432463259363213e-05
beta,832,15,38,P3,FT8,6.35931521322266e-05
beta,833,15,39,P3,FC6,8.199724532365818e-05
beta,834,15,40,P3,FC4,7.61162334498292e-05
beta,835,15,41,P3,FC2,9.179832831929362e-05
beta,836,15,42,P3,AF8,8.054529570440708e-05
beta,837,15,43,P3,FC1,7.553954947358928e-05
beta,838,15,44,P3,FC3,7.034395051603196e-05
beta,839,15,45,P3,FC5,7.64326925639925e-05
beta,840,15,46,P3,FT7,8.236212383143504e-05
beta,841,15,47,P3,F8,7.133798395736686e-05
beta,842,15,48,P3,F6,6.95368820499225e-05
beta,843,15,49,P3,F4,6.785059266484932e-05
beta,844,15,50,P3,F2,7.612050786182475e-05
beta,845,15,51,P3,Fz,8.28164989056993e-05
beta,846,15,52,P3,F1,7.994378178973148e-05
beta,847,15,53,P3,F3,8.25523370352905e-05
beta,848,15,54,P3,F5,6.744518897473169e-05
beta,849,15,55,P3,F7,6.738293579511317e-05
beta,850,15,56,P3,AF4,6.097968688728618e-05
beta,851,15,57,P3,AF7,7.16403822592033e-05
beta,852,15,58,P3,AF3,7.54122002853457e-05
beta,853,15,59,P3,Fp2,7.853060360910594e-05
beta,854,15,60,P3,Fpz,7.445317345426415e-05
beta,855,15,61,P3,Fp1,7.724372660786865e-05
beta,856,16,17,P5,P7,8.484188239429863e-05
beta,857,16,18,P5,TP10,9.124556284413275e-05
beta,858,16,19,P5,TP8,7.77187212066117e-05
beta,859,16,20,P5,CP6,8.697895795168643e-05
beta,860,16,21,P5,CP4,8.950887522691037e-05
beta,861,16,22,P5,CP2,8.884346011931512e-05
beta,862,16,23,P5,CPz,0.00013383583604462
beta,863,16,24,P5,CP1,0.00013475366721127195
beta,864,16,25,P5,CP3,0.00012099391014917742
beta,865,16,26,P5,CP5,7.887741255828221e-05
beta,866,16,27,P5,TP7,0.00010085225411189354
beta,867,16,28,P5,TP9,9.397383138895637e-05
beta,868,16,29,P5,T8,7.782265128666769e-05
beta,869,16,30,P5,C6,8.049665267568303e-05
beta,870,16,31,P5,C4,8.551069322952948e-05
beta,871,16,32,P5,C2,9.504724341245907e-05
beta,872,16,33,P5,Cz,9.86711976256301e-05
beta,873,16,34,P5,C1,0.00010202595756188368
beta,874,16,35,P5,C3,0.0001000537330371049
beta,875,16,36,P5,C5,8.444595550579262e-05
beta,876,16,37,P5,T7,9.98792065230426e-05
beta,877,16,38,P5,FT8,6.527907102856263e-05
beta,878,16,39,P5,FC6,7.557108958437042e-05
beta,879,16,40,P5,FC4,7.374868354846131e-05
beta,880,16,41,P5,FC2,9.56235927718629e-05
beta,881,16,42,P5,AF8,8.537528719273483e-05
beta,882,16,43,P5,FC1,7.477455390044588e-05
beta,883,16,44,P5,FC3,8.655594190032928e-05
beta,884,16,45,P5,FC5,8.266132343855253e-05
beta,885,16,46,P5,FT7,9.067070684164308e-05
beta,886,16,47,P5,F8,7.912614189819469e-05
beta,887,16,48,P5,F6,7.943710686386036e-05
beta,888,16,49,P5,F4,7.246811052925191e-05
beta,889,16,50,P5,F2,7.693570722626513e-05
beta,890,16,51,P5,Fz,8.257859194240894e-05
beta,891,16,52,P5,F1,8.203543526374646e-05
beta,892,16,53,P5,F3,8.38820960920758e-05
beta,893,16,54,P5,F5,8.885681203553298e-05
beta,894,16,55,P5,F7,9.689997148914134e-05
beta,895,16,56,P5,AF4,6.578361814744621e-05
beta,896,16,57,P5,AF7,7.657719852242437e-05
beta,897,16,58,P5,AF3,7.999989407966865e-05
beta,898,16,59,P5,Fp2,7.231417016476867e-05
beta,899,16,60,P5,Fpz,7.775141206396386e-05
beta,900,16,61,P5,Fp1,8.988808927178661e-05
beta,901,17,18,P7,TP10,9.147648867594235e-05
beta,902,17,19,P7,TP8,8.17891057888914e-05
beta,903,17,20,P7,CP6,9.17119216052699e-05
beta,904,17,21,P7,CP4,8.141377991142127e-05
beta,905,17,22,P7,CP2,7.75131902284087e-05
beta,906,17,23,P7,CPz,0.0001229668972646085
beta,907,17,24,P7,CP1,0.00013104723782460974
beta,908,17,25,P7,CP3,0.00010677841587704271
beta,909,17,26,P7,CP5,8.018463894092316e-05
beta,910,17,27,P7,TP7,9.605197934973936e-05
beta,911,17,28,P7,TP9,9.227026529864416e-05
beta,912,17,29,P7,T8,6.998289552000451e-05
beta,913,17,30,P7,C6,7.766395247376252e-05
beta,914,17,31,P7,C4,6.760413386014866e-05
beta,915,17,32,P7,C2,8.33003015715532e-05
beta,916,17,33,P7,Cz,9.54968561728764e-05
beta,917,17,34,P7,C1,0.00010729051372035381
beta,918,17,35,P7,C3,0.00010394836336698636
beta,919,17,36,P7,C5,8.200369581293542e-05
beta,920,17,37,P7,T7,0.00011894782341510072
beta,921,17,38,P7,FT8,7.465653161715794e-05
beta,922,17,39,P7,FC6,8.270919395093459e-05
beta,923,17,40,P7,FC4,7.810976444409656e-05
beta,924,17,41,P7,FC2,6.974908652391336e-05
beta,925,17,42,P7,AF8,8.74497453129483e-05
beta,926,17,43,P7,FC1,7.376860508147397e-05
beta,927,17,44,P7,FC3,9.351773337231175e-05
beta,928,17,45,P7,FC5,9.181689798897824e-05
beta,929,17,46,P7,FT7,0.00010490322070300124
beta,930,17,47,P7,F8,7.154618624117665e-05
beta,931,17,48,P7,F6,8.801806842472927e-05
beta,932,17,49,P7,F4,8.383745342607749e-05
beta,933,17,50,P7,F2,7.874430645185882e-05
beta,934,17,51,P7,Fz,9.219979779521832e-05
beta,935,17,52,P7,F1,9.836592147466274e-05
beta,936,17,53,P7,F3,9.263962130046539e-05
beta,937,17,54,P7,F5,0.0001065127652558425
beta,938,17,55,P7,F7,0.00010958699725717104
beta,939,17,56,P7,AF4,7.860089173699693e-05
beta,940,17,57,P7,AF7,9.449195289435504e-05
beta,941,17,58,P7,AF3,9.360431352013734e-05
beta,942,17,59,P7,Fp2,6.969367692892878e-05
beta,943,17,60,P7,Fpz,9.06637475246137e-05
beta,944,17,61,P7,Fp1,9.0249644466847e-05
beta,945,18,19,TP10,TP8,8.011056624819726e-05
beta,946,18,20,TP10,CP6,9.777601387319817e-05
beta,947,18,21,TP10,CP4,0.0001113369142768098
beta,948,18,22,TP10,CP2,0.00010994201162607376
beta,949,18,23,TP10,CPz,8.079161327470457e-05
beta,950,18,24,TP10,CP1,7.178010527965084e-05
beta,951,18,25,TP10,CP3,0.00010138540327612154
beta,952,18,26,TP10,CP5,8.27158717411637e-05
beta,953,18,27,TP10,TP7,6.722149787149922e-05
beta,954,18,28,TP10,TP9,6.0195847858093204e-05
beta,955,18,29,TP10,T8,8.36694302895911e-05
beta,956,18,30,TP10,C6,0.00016310020086516682
beta,957,18,31,TP10,C4,9.964639492076196e-05
beta,958,18,32,TP10,C2,7.180235610166535e-05
beta,959,18,33,TP10,Cz,8.342823162149461e-05
beta,960,18,34,TP10,C1,7.436886333237933e-05
beta,961,18,35,TP10,C3,7.404501930722367e-05
beta,962,18,36,TP10,C5,5.435790541999145e-05
beta,963,18,37,TP10,T7,6.67226590199142e-05
beta,964,18,38,TP10,FT8,0.00012239643321996667
beta,965,18,39,TP10,FC6,0.00012352171955274958
beta,966,18,40,TP10,FC4,8.79481399733815e-05
beta,967,18,41,TP10,FC2,7.452207570584188e-05
beta,968,18,42,TP10,AF8,8.423619054711213e-05
beta,969,18,43,TP10,FC1,9.738419910463988e-05
beta,970,18,44,TP10,FC3,7.148648358141485e-05
beta,971,18,45,TP10,FC5,7.467388420941609e-05
beta,972,18,46,TP10,FT7,7.465790988151349e-05
beta,973,18,47,TP10,F8,9.021390484364149e-05
beta,974,18,48,TP10,F6,9.161426186635684e-05
beta,975,18,49,TP10,F4,7.616353300614067e-05
beta,976,18,50,TP10,F2,7.16199104481931e-05
beta,977,18,51,TP10,Fz,8.767033428605369e-05
beta,978,18,52,TP10,F1,9.599402118730017e-05
beta,979,18,53,TP10,F3,9.028540651170935e-05
beta,980,18,54,TP10,F5,8.47533696918184e-05
beta,981,18,55,TP10,F7,8.022409335079127e-05
beta,982,18,56,TP10,AF4,8.021830104715695e-05
beta,983,18,57,TP10,AF7,8.385097391784786e-05
beta,984,18,58,TP10,AF3,0.00010062957776181985
beta,985,18,59,TP10,Fp2,7.213282682932162e-05
beta,986,18,60,TP10,Fpz,8.182250214610965e-05
beta,987,18,61,TP10,Fp1,7.392316841812438e-05
beta,988,19,20,TP8,CP6,0.00010909004463101621
beta,989,19,21,TP8,CP4,0.00010884218963716666
beta,990,19,22,TP8,CP2,0.00011494642981604425
beta,991,19,23,TP8,CPz,9.261407472943976e-05
beta,992,19,24,TP8,CP1,7.435430033917543e-05
beta,993,19,25,TP8,CP3,7.292077088817458e-05
beta,994,19,26,TP8,CP5,7.450924974912508e-05
beta,995,19,27,TP8,TP7,6.623786086332958e-05
beta,996,19,28,TP8,TP9,6.769489904359964e-05
beta,997,19,29,TP8,T8,0.00010956969644411276
beta,998,19,30,TP8,C6,0.00013240143553324422
beta,999,19,31,TP8,C4,0.00010151683611104079
beta,1000,19,32,TP8,C2,8.209055189256601e-05
beta,1001,19,33,TP8,Cz,9.879158642367982e-05
beta,1002,19,34,TP8,C1,7.951986768835024e-05
beta,1003,19,35,TP8,C3,7.248389977767967e-05
beta,1004,19,36,TP8,C5,7.373899760433772e-05
beta,1005,19,37,TP8,T7,7.421120108491945e-05
beta,1006,19,38,TP8,FT8,7.637759136946685e-05
beta,1007,19,39,TP8,FC6,8.202842040530663e-05
beta,1008,19,40,TP8,FC4,7.92734736991534e-05
beta,1009,19,41,TP8,FC2,8.069479520200307e-05
beta,1010,19,42,TP8,AF8,8.442760672533903e-05
beta,1011,19,43,TP8,FC1,8.592397758701016e-05
beta,1012,19,44,TP8,FC3,7.900843155306902e-05
beta,1013,19,45,TP8,FC5,8.558720692060575e-05
beta,1014,19,46,TP8,FT7,8.129250534518876e-05
beta,1015,19,47,TP8,F8,7.895145279032734e-05
beta,1016,19,48,TP8,F6,7.749673502788065e-05
beta,1017,19,49,TP8,F4,7.91776885993167e-05
beta,1018,19,50,TP8,F2,6.592370742599624e-05
beta,1019,19,51,TP8,Fz,6.615349009835115e-05
beta,1020,19,52,TP8,F1,8.921611202060264e-05
beta,1021,19,53,TP8,F3,8.221152430739468e-05
beta,1022,19,54,TP8,F5,8.576757086007729e-05
beta,1023,19,55,TP8,F7,8.672480478561306e-05
beta,1024,19,56,TP8,AF4,8.109350751133552e-05
beta,1025,19,57,TP8,AF7,6.737007759697111e-05
beta,1026,19,58,TP8,AF3,7.267738785226639e-05
beta,1027,19,59,TP8,Fp2,6.416713035884645e-05
beta,1028,19,60,TP8,Fpz,6.375677006241511e-05
beta,1029,19,61,TP8,Fp1,6.093882104276006e-05
beta,1030,20,21,CP6,CP4,0.00010853248435403982
beta,1031,20,22,CP6,CP2,0.00010552874424324006
beta,1032,20,23,CP6,CPz,0.00010161221203159846
beta,1033,20,24,CP6,CP1,8.916956332739509e-05
beta,1034,20,25,CP6,CP3,8.485827459884835e-05
beta,1035,20,26,CP6,CP5,7.984558761046166e-05
beta,1036,20,27,CP6,TP7,8.04137682541294e-05
beta,1037,20,28,CP6,TP9,7.366815659241884e-05
beta,1038,20,29,CP6,T8,0.00011857762113019667
beta,1039,20,30,CP6,C6,7.262418638875102e-05
beta,1040,20,31,CP6,C4,0.00011559722747097985
beta,1041,20,32,CP6,C2,0.00010937297217880276
beta,1042,20,33,CP6,Cz,0.00010727399123594828
beta,1043,20,34,CP6,C1,9.356188969554069e-05
beta,1044,20,35,CP6,C3,8.117630298178846e-05
beta,1045,20,36,CP6,C5,6.728094748444684e-05
beta,1046,20,37,CP6,T7,6.287540324771031e-05
beta,1047,20,38,CP6,FT8,9.167978774503918e-05
beta,1048,20,39,CP6,FC6,9.30348982169557e-05
beta,1049,20,40,CP6,FC4,0.00011243748311033197
beta,1050,20,41,CP6,FC2,9.468924245544633e-05
beta,1051,20,42,CP6,AF8,0.00011090224382979287
beta,1052,20,43,CP6,FC1,0.00010797790723526455
beta,1053,20,44,CP6,FC3,7.763970428109394e-05
beta,1054,20,45,CP6,FC5,6.452425772240636e-05
beta,1055,20,46,CP6,FT7,7.048269495362315e-05
beta,1056,20,47,CP6,F8,7.690592482737096e-05
beta,1057,20,48,CP6,F6,8.931472138177241e-05
beta,1058,20,49,CP6,F4,0.00010269309507080519
beta,1059,20,50,CP6,F2,9.358207769820322e-05
beta,1060,20,51,CP6,Fz,8.525592574411241e-05
beta,1061,20,52,CP6,F1,9.72206564743132e-05
beta,1062,20,53,CP6,F3,6.869682069602517e-05
beta,1063,20,54,CP6,F5,7.973323697755842e-05
beta,1064,20,55,CP6,F7,7.906290183466632e-05
beta,1065,20,56,CP6,AF4,0.00010118061727224027
beta,1066,20,57,CP6,AF7,8.123240805992635e-05
beta,1067,20,58,CP6,AF3,7.185531006484078e-05
beta,1068,20,59,CP6,Fp2,8.794765583765326e-05
beta,1069,20,60,CP6,Fpz,8.198109392540813e-05
beta,1070,20,61,CP6,Fp1,8.495203091088859e-05
beta,1071,21,22,CP4,CP2,9.12319523512977e-05
beta,1072,21,23,CP4,CPz,9.809133495297073e-05
beta,1073,21,24,CP4,CP1,9.317812606575362e-05
beta,1074,21,25,CP4,CP3,0.0001008463963252266
beta,1075,21,26,CP4,CP5,9.914205692904661e-05
beta,1076,21,27,CP4,TP7,7.408023200220271e-05
beta,1077,21,28,CP4,TP9,5.741789273756851e-05
beta,1078,21,29,CP4,T8,9.324167549238781e-05
beta,1079,21,30,CP4,C6,8.196112997367716e-05
beta,1080,21,31,CP4,C4,0.00011655154625171181
beta,1081,21,32,CP4,C2,0.0001102313814846081
beta,1082,21,33,CP4,Cz,9.647428222838048e-05
beta,1083,21,34,CP4,C1,8.255438080956353e-05
beta,1084,21,35,CP4,C3,9.323754726955368e-05
beta,1085,21,36,CP4,C5,6.934726722484125e-05
beta,1086,21,37,CP4,T7,6.893388847275961e-05
beta,1087,21,38,CP4,FT8,8.127486063565516e-05
beta,1088,21,39,CP4,FC6,8.754569637276505e-05
beta,1089,21,40,CP4,FC4,0.00010962857974346019
beta,1090,21,41,CP4,FC2,9.213663319444977e-05
beta,1091,21,42,CP4,AF8,9.269849739210931e-05
beta,1092,21,43,CP4,FC1,0.0001033920149996359
beta,1093,21,44,CP4,FC3,8.762729530966255e-05
beta,1094,21,45,CP4,FC5,7.526489222460537e-05
beta,1095,21,46,CP4,FT7,8.245038050087618e-05
beta,1096,21,47,CP4,F8,8.089057059225974e-05
beta,1097,21,48,CP4,F6,8.810129686017379e-05
beta,1098,21,49,CP4,F4,9.996313132980752e-05
beta,1099,21,50,CP4,F2,9.177453509560509e-05
beta,1100,21,51,CP4,Fz,8.935307475031428e-05
beta,1101,21,52,CP4,F1,9.579933960282796e-05
beta,1102,21,53,CP4,F3,8.151105121715877e-05
beta,1103,21,54,CP4,F5,8.826023669550442e-05
beta,1104,21,55,CP4,F7,9.424001358577398e-05
beta,1105,21,56,CP4,AF4,8.601992339443834e-05
beta,1106,21,57,CP4,AF7,8.247221593874179e-05
beta,1107,21,58,CP4,AF3,8.97921619459494e-05
beta,1108,21,59,CP4,Fp2,8.203269735469003e-05
beta,1109,21,60,CP4,Fpz,8.420072533196215e-05
beta,1110,21,61,CP4,Fp1,9.110535616236919e-05
beta,1111,22,23,CP2,CPz,8.905288957956001e-05
beta,1112,22,24,CP2,CP1,9.861816305666121e-05
beta,1113,22,25,CP2,CP3,9.910822619543407e-05
beta,1114,22,26,CP2,CP5,9.809783114278817e-05
beta,1115,22,27,CP2,TP7,6.517957161763501e-05
beta,1116,22,28,CP2,TP9,6.558126921277525e-05
beta,1117,22,29,CP2,T8,7.991250581599699e-05
beta,1118,22,30,CP2,C6,9.919077464846002e-05
beta,1119,22,31,CP2,C4,9.672362755529992e-05
beta,1120,22,32,CP2,C2,0.00010029255648214965
beta,1121,22,33,CP2,Cz,9.484676321154e-05
beta,1122,22,34,CP2,C1,8.093878834329721e-05
beta,1123,22,35,CP2,C3,8.341677401340974e-05
beta,1124,22,36,CP2,C5,7.943481867412372e-05
beta,1125,22,37,CP2,T7,6.772502328202922e-05
beta,1126,22,38,CP2,FT8,7.668798893730678e-05
beta,1127,22,39,CP2,FC6,8.977674453501823e-05
beta,1128,22,40,CP2,FC4,8.915653828406482e-05
beta,1129,22,41,CP2,FC2,8.64723319816615e-05
beta,1130,22,42,CP2,AF8,9.038486227089806e-05
beta,1131,22,43,CP2,FC1,9.334091571738858e-05
beta,1132,22,44,CP2,FC3,7.787568448639645e-05
beta,1133,22,45,CP2,FC5,8.433886021254222e-05
beta,1134,22,46,CP2,FT7,8.989556230064611e-05
beta,1135,22,47,CP2,F8,7.705037130617506e-05
beta,1136,22,48,CP2,F6,7.933018998681185e-05
beta,1137,22,49,CP2,F4,7.786523203143434e-05
beta,1138,22,50,CP2,F2,7.453548154111814e-05
beta,1139,22,51,CP2,Fz,8.667531066014711e-05
beta,1140,22,52,CP2,F1,8.723185277503671e-05
beta,1141,22,53,CP2,F3,8.993361588362565e-05
beta,1142,22,54,CP2,F5,8.068017337727367e-05
beta,1143,22,55,CP2,F7,8.763548450720867e-05
beta,1144,22,56,CP2,AF4,8.006523516722807e-05
beta,1145,22,57,CP2,AF7,9.557362406102928e-05
beta,1146,22,58,CP2,AF3,0.0001038467066938371
beta,1147,22,59,CP2,Fp2,8.961894304707928e-05
beta,1148,22,60,CP2,Fpz,9.906584885162315e-05
beta,1149,22,61,CP2,Fp1,8.646652745414515e-05
beta,1150,23,24,CPz,CP1,9.498693487165957e-05
beta,1151,23,25,CPz,CP3,0.00011071432889071732
beta,1152,23,26,CPz,CP5,0.00011535706503254706
beta,1153,23,27,CPz,TP7,9.383327316285857e-05
beta,1154,23,28,CPz,TP9,7.237171460264578e-05
beta,1155,23,29,CPz,T8,7.098621329333604e-05
beta,1156,23,30,CPz,C6,7.996482997012946e-05
beta,1157,23,31,CPz,C4,9.309928563996903e-05
beta,1158,23,32,CPz,C2,8.830858191604054e-05
beta,1159,23,33,CPz,Cz,7.506649322645491e-05
beta,1160,23,34,CPz,C1,7.660138521215054e-05
beta,1161,23,35,CPz,C3,8.068456489802728e-05
beta,1162,23,36,CPz,C5,8.955980139707179e-05
beta,1163,23,37,CPz,T7,7.127652383777696e-05
beta,1164,23,38,CPz,FT8,7.037964293634168e-05
beta,1165,23,39,CPz,FC6,7.639907670061111e-05
beta,1166,23,40,CPz,FC4,8.070911227537128e-05
beta,1167,23,41,CPz,FC2,0.00011143187742414385
beta,1168,23,42,CPz,AF8,0.00010122945167452173
beta,1169,23,43,CPz,FC1,9.074780525599699e-05
beta,1170,23,44,CPz,FC3,7.47507085306444e-05
beta,1171,23,45,CPz,FC5,9.370692664102039e-05
beta,1172,23,46,CPz,FT7,0.00010179735082302714
beta,1173,23,47,CPz,F8,8.393331196420275e-05
beta,1174,23,48,CPz,F6,7.794694315311976e-05
beta,1175,23,49,CPz,F4,7.860791463364736e-05
beta,1176,23,50,CPz,F2,0.00010340244417256106
beta,1177,23,51,CPz,Fz,0.00010611508229860974
beta,1178,23,52,CPz,F1,9.289916247678878e-05
beta,1179,23,53,CPz,F3,7.78287729949479e-05
beta,1180,23,54,CPz,F5,7.83833491356894e-05
beta,1181,23,55,CPz,F7,0.00010044733949978864
beta,1182,23,56,CPz,AF4,8.03224476211974e-05
beta,1183,23,57,CPz,AF7,9.103344223660384e-05
beta,1184,23,58,CPz,AF3,9.112714650312518e-05
beta,1185,23,59,CPz,Fp2,7.515071865704853e-05
beta,1186,23,60,CPz,Fpz,8.994094493533942e-05
beta,1187,23,61,CPz,Fp1,7.652658442833447e-05
beta,1188,24,25,CP1,CP3,0.00010036812625804773
beta,1189,24,26,CP1,CP5,0.00012120374299291751
beta,1190,24,27,CP1,TP7,0.00010040560152283084
beta,1191,24,28,CP1,TP9,8.298940057961877e-05
beta,1192,24,29,CP1,T8,8.347438559725938e-05
beta,1193,24,30,CP1,C6,7.769378532489332e-05
beta,1194,24,31,CP1,C4,9.103258771788291e-05
beta,1195,24,32,CP1,C2,8.828826551717137e-05
beta,1196,24,33,CP1,Cz,7.124580360714074e-05
beta,1197,24,34,CP1,C1,8.8534146340316e-05
beta,1198,24,35,CP1,C3,8.655517918591909e-05
beta,1199,24,36,CP1,C5,8.982259003039261e-05
beta,1200,24,37,CP1,T7,7.93608409231662e-05
beta,1201,24,38,CP1,FT8,7.489542947219336e-05
beta,1202,24,39,CP1,FC6,7.795359906440354e-05
beta,1203,24,40,CP1,FC4,8.268881468257575e-05
beta,1204,24,41,CP1,FC2,0.00010791682781555153
beta,1205,24,42,CP1,AF8,9.187463070130856e-05
beta,1206,24,43,CP1,FC1,9.199477244969691e-05
beta,1207,24,44,CP1,FC3,7.903677745797233e-05
beta,1208,24,45,CP1,FC5,8.673147531573433e-05
beta,1209,24,46,CP1,FT7,8.793324881364154e-05
beta,1210,24,47,CP1,F8,9.455631740356565e-05
beta,1211,24,48,CP1,F6,8.393097076357683e-05
beta,1212,24,49,CP1,F4,8.813709997590563e-05
beta,1213,24,50,CP1,F2,9.703603646133197e-05
beta,1214,24,51,CP1,Fz,0.00010586957883644394
beta,1215,24,52,CP1,F1,9.575211751963171e-05
beta,1216,24,53,CP1,F3,9.021314193304818e-05
beta,1217,24,54,CP1,F5,9.430898499860352e-05
beta,1218,24,55,CP1,F7,9.673341858272623e-05
beta,1219,24,56,CP1,AF4,8.262732075448472e-05
beta,1220,24,57,CP1,AF7,0.00010857198979682438
beta,1221,24,58,CP1,AF3,0.00010233311295749191
beta,1222,24,59,CP1,Fp2,7.573133152909741e-05
beta,1223,24,60,CP1,Fpz,9.698960722963088e-05
beta,1224,24,61,CP1,Fp1,0.00010010728343906026
beta,1225,25,26,CP3,CP5,0.00011646735542816678
beta,1226,25,27,CP3,TP7,0.00010173198891345052
beta,1227,25,28,CP3,TP9,0.00010646325186392937
beta,1228,25,29,CP3,T8,7.53335681611537e-05
beta,1229,25,30,CP3,C6,7.651277263391249e-05
beta,1230,25,31,CP3,C4,8.59272703032528e-05
beta,1231,25,32,CP3,C2,0.00010292176940016959
beta,1232,25,33,CP3,Cz,9.097258392021552e-05
beta,1233,25,34,CP3,C1,0.00010275103599877408
beta,1234,25,35,CP3,C3,9.682572446668832e-05
beta,1235,25,36,CP3,C5,8.572216236585873e-05
beta,1236,25,37,CP3,T7,8.966721075758289e-05
beta,1237,25,38,CP3,FT8,6.318710582980564e-05
beta,1238,25,39,CP3,FC6,6.909529226277095e-05
beta,1239,25,40,CP3,FC4,7.035247701148063e-05
beta,1240,25,41,CP3,FC2,9.078252992573861e-05
beta,1241,25,42,CP3,AF8,9.35834106079338e-05
beta,1242,25,43,CP3,FC1,0.0001022465767057549
beta,1243,25,44,CP3,FC3,9.589437882445546e-05
beta,1244,25,45,CP3,FC5,9.360733606399076e-05
beta,1245,25,46,CP3,FT7,9.526259866840391e-05
beta,1246,25,47,CP3,F8,7.086250672731605e-05
beta,1247,25,48,CP3,F6,7.847945871308324e-05
beta,1248,25,49,CP3,F4,7.739357819474264e-05
beta,1249,25,50,CP3,F2,8.720278355695366e-05
beta,1250,25,51,CP3,Fz,9.249859306045136e-05
beta,1251,25,52,CP3,F1,9.213688166776428e-05
beta,1252,25,53,CP3,F3,8.035826534434947e-05
beta,1253,25,54,CP3,F5,8.756567959573309e-05
beta,1254,25,55,CP3,F7,9.666002044747669e-05
beta,1255,25,56,CP3,AF4,7.631481107823999e-05
beta,1256,25,57,CP3,AF7,8.69250358946067e-05
beta,1257,25,58,CP3,AF3,8.619872070338157e-05
beta,1258,25,59,CP3,Fp2,7.714814981400167e-05
beta,1259,25,60,CP3,Fpz,8.957348920343239e-05
beta,1260,25,61,CP3,Fp1,8.22974912184274e-05
beta,1261,26,27,CP5,TP7,9.150357999397375e-05
beta,1262,26,28,CP5,TP9,9.639385151486849e-05
beta,1263,26,29,CP5,T8,7.766592324150517e-05
beta,1264,26,30,CP5,C6,9.162322743452492e-05
beta,1265,26,31,CP5,C4,9.005732587162219e-05
beta,1266,26,32,CP5,C2,9.377550264595808e-05
beta,1267,26,33,CP5,Cz,8.343854073123927e-05
beta,1268,26,34,CP5,C1,9.529954337902271e-05
beta,1269,26,35,CP5,C3,0.0001038393801370609
beta,1270,26,36,CP5,C5,8.613420086704779e-05
beta,1271,26,37,CP5,T7,9.539088767442392e-05
beta,1272,26,38,CP5,FT8,6.754520457850132e-05
beta,1273,26,39,CP5,FC6,7.362635822739277e-05
beta,1274,26,40,CP5,FC4,8.609364753306552e-05
beta,1275,26,41,CP5,FC2,8.775346187538818e-05
beta,1276,26,42,CP5,AF8,9.458006632141064e-05
beta,1277,26,43,CP5,FC1,8.272319217803066e-05
beta,1278,26,44,CP5,FC3,0.00010058105011933111
beta,1279,26,45,CP5,FC5,9.040554556895685e-05
beta,1280,26,46,CP5,FT7,9.004381823125599e-05
beta,1281,26,47,CP5,F8,7.103612144728229e-05
beta,1282,26,48,CP5,F6,6.839704216765937e-05
beta,1283,26,49,CP5,F4,7.682059743586551e-05
beta,1284,26,50,CP5,F2,9.700973040627468e-05
beta,1285,26,51,CP5,Fz,8.443868623141029e-05
beta,1286,26,52,CP5,F1,8.404234518798833e-05
beta,1287,26,53,CP5,F3,7.161479880510627e-05
beta,1288,26,54,CP5,F5,8.526586839945082e-05
beta,1289,26,55,CP5,F7,8.42919920640123e-05
beta,1290,26,56,CP5,AF4,6.663197246564435e-05
beta,1291,26,57,CP5,AF7,8.370311467883641e-05
beta,1292,26,58,CP5,AF3,7.727758133618562e-05
beta,1293,26,59,CP5,Fp2,6.617950996641766e-05
beta,1294,26,60,CP5,Fpz,7.449113294572839e-05
beta,1295,26,61,CP5,Fp1,8.531650146859893e-05
beta,1296,27,28,TP7,TP9,8.032626986799909e-05
beta,1297,27,29,TP7,T8,6.331159385861778e-05
beta,1298,27,30,TP7,C6,7.218183170916575e-05
beta,1299,27,31,TP7,C4,7.043820581287256e-05
beta,1300,27,32,TP7,C2,8.547431746887685e-05
beta,1301,27,33,TP7,Cz,8.566380451808374e-05
beta,1302,27,34,TP7,C1,0.00010648270755581331
beta,1303,27,35,TP7,C3,0.00012052343161371322
beta,1304,27,36,TP7,C5,8.069325596957284e-05
beta,1305,27,37,TP7,T7,0.00015839046833526817
beta,1306,27,38,TP7,FT8,7.841238106444289e-05
beta,1307,27,39,TP7,FC6,9.024205880169058e-05
beta,1308,27,40,TP7,FC4,7.991288905346564e-05
beta,1309,27,41,TP7,FC2,7.919993527193427e-05
beta,1310,27,42,TP7,AF8,7.988910297974971e-05
beta,1311,27,43,TP7,FC1,7.630496813461214e-05
beta,1312,27,44,TP7,FC3,8.913837847972686e-05
beta,1313,27,45,TP7,FC5,9.21114441761732e-05
beta,1314,27,46,TP7,FT7,8.264487013578885e-05
beta,1315,27,47,TP7,F8,7.455076345510694e-05
beta,1316,27,48,TP7,F6,7.450917107894406e-05
beta,1317,27,49,TP7,F4,7.341041780737567e-05
beta,1318,27,50,TP7,F2,7.635475769378007e-05
beta,1319,27,51,TP7,Fz,7.914234692454958e-05
beta,1320,27,52,TP7,F1,8.022153681114289e-05
beta,1321,27,53,TP7,F3,8.751313287623096e-05
beta,1322,27,54,TP7,F5,9.401119253249088e-05
beta,1323,27,55,TP7,F7,9.123986128308897e-05
beta,1324,27,56,TP7,AF4,6.193570255773707e-05
beta,1325,27,57,TP7,AF7,7.669727496037175e-05
beta,1326,27,58,TP7,AF3,7.446266506859154e-05
beta,1327,27,59,TP7,Fp2,6.424817895279835e-05
beta,1328,27,60,TP7,Fpz,7.57771329533851e-05
beta,1329,27,61,TP7,Fp1,6.931800478040577e-05
beta,1330,28,29,TP9,T8,5.773931165048092e-05
beta,1331,28,30,TP9,C6,6.251521928347408e-05
beta,1332,28,31,TP9,C4,6.830362708932144e-05
beta,1333,28,32,TP9,C2,7.567686281678374e-05
beta,1334,28,33,TP9,Cz,8.279838077821178e-05
beta,1335,28,34,TP9,C1,7.797295678608967e-05
beta,1336,28,35,TP9,C3,9.05119242351464e-05
beta,1337,28,36,TP9,C5,6.909280757348338e-05
beta,1338,28,37,TP9,T7,0.00011131363978553505
beta,1339,28,38,TP9,FT8,6.98846745037675e-05
beta,1340,28,39,TP9,FC6,8.700497105103019e-05
beta,1341,28,40,TP9,FC4,7.897951255539265e-05
beta,1342,28,41,TP9,FC2,7.002929692396148e-05
beta,1343,28,42,TP9,AF8,7.874405574972827e-05
beta,1344,28,43,TP9,FC1,6.641190045381673e-05
beta,1345,28,44,TP9,FC3,6.672264114353211e-05
beta,1346,28,45,TP9,FC5,7.8798467201416e-05
beta,1347,28,46,TP9,FT7,7.04516445385166e-05
beta,1348,28,47,TP9,F8,8.469824935368289e-05
beta,1349,28,48,TP9,F6,8.882641611656213e-05
beta,1350,28,49,TP9,F4,9.131034294938617e-05
beta,1351,28,50,TP9,F2,7.619712237285663e-05
beta,1352,28,51,TP9,Fz,7.78598612466772e-05
beta,1353,28,52,TP9,F1,7.823071870359584e-05
beta,1354,28,53,TP9,F3,7.441585639686203e-05
beta,1355,28,54,TP9,F5,7.677673220061179e-05
beta,1356,28,55,TP9,F7,7.625173078461205e-05
beta,1357,28,56,TP9,AF4,7.615539028164125e-05
beta,1358,28,57,TP9,AF7,7.987408062336859e-05
beta,1359,28,58,TP9,AF3,7.077511645964213e-05
beta,1360,28,59,TP9,Fp2,6.654643872159396e-05
beta,1361,28,60,TP9,Fpz,7.593370057941685e-05
beta,1362,28,61,TP9,Fp1,7.574683989016401e-05
beta,1363,29,30,T8,C6,0.00022806393968050794
beta,1364,29,31,T8,C4,0.00013407131630097208
beta,1365,29,32,T8,C2,7.730420238162298e-05
beta,1366,29,33,T8,Cz,6.303910475355258e-05
beta,1367,29,34,T8,C1,6.595900958610257e-05
beta,1368,29,35,T8,C3,8.972375787917346e-05
beta,1369,29,36,T8,C5,6.689919964254236e-05
beta,1370,29,37,T8,T7,6.79024995667497e-05
beta,1371,29,38,T8,FT8,0.00012154419881594452
beta,1372,29,39,T8,FC6,0.00015140760230914055
beta,1373,29,40,T8,FC4,0.00010841670567796104
beta,1374,29,41,T8,FC2,7.848947570153765e-05
beta,1375,29,42,T8,AF8,7.103330533863308e-05
beta,1376,29,43,T8,FC1,8.159355110730488e-05
beta,1377,29,44,T8,FC3,7.403645097341658e-05
beta,1378,29,45,T8,FC5,8.088522205626756e-05
beta,1379,29,46,T8,FT7,6.334525051140552e-05
beta,1380,29,47,T8,F8,8.968804362130696e-05
beta,1381,29,48,T8,F6,8.118756063834375e-05
beta,1382,29,49,T8,F4,7.28772316114606e-05
beta,1383,29,50,T8,F2,6.680599586324057e-05
beta,1384,29,51,T8,Fz,7.545933541466669e-05
beta,1385,29,52,T8,F1,8.223769097680009e-05
beta,1386,29,53,T8,F3,8.308533126826165e-05
beta,1387,29,54,T8,F5,7.824732511539443e-05
beta,1388,29,55,T8,F7,6.836368388107304e-05
beta,1389,29,56,T8,AF4,8.599540695410416e-05
beta,1390,29,57,T8,AF7,8.734452447451576e-05
beta,1391,29,58,T8,AF3,7.17969714518448e-05
beta,1392,29,59,T8,Fp2,6.347116243020826e-05
beta,1393,29,60,T8,Fpz,6.917931632669088e-05
beta,1394,29,61,T8,Fp1,6.137535140155991e-05
beta,1395,30,31,C6,C4,0.00010613152751915499
beta,1396,30,32,C6,C2,0.00010480676120497716
beta,1397,30,33,C6,Cz,9.36970010971381e-05
beta,1398,30,34,C6,C1,8.238229390293573e-05
beta,1399,30,35,C6,C3,6.916736022343627e-05
beta,1400,30,36,C6,C5,7.406021042870458e-05
beta,1401,30,37,C6,T7,8.426514827010273e-05
beta,1402,30,38,C6,FT8,7.849396734764076e-05
beta,1403,30,39,C6,FC6,0.00011060936169960966
beta,1404,30,40,C6,FC4,0.0001264398798015489
beta,1405,30,41,C6,FC2,0.00010197314184609176
beta,1406,30,42,C6,AF8,0.00011094934041545254
beta,1407,30,43,C6,FC1,9.874742582393005e-05
beta,1408,30,44,C6,FC3,6.448698061466352e-05
beta,1409,30,45,C6,FC5,5.596419428634699e-05
beta,1410,30,46,C6,FT7,7.261255726732579e-05
beta,1411,30,47,C6,F8,8.222087035885811e-05
beta,1412,30,48,C6,F6,0.00010093915986952254
beta,1413,30,49,C6,F4,0.00011424974842982969
beta,1414,30,50,C6,F2,0.00010343835184548442
beta,1415,30,51,C6,Fz,9.634813200982396e-05
beta,1416,30,52,C6,F1,9.566711373730215e-05
beta,1417,30,53,C6,F3,7.642598572255264e-05
beta,1418,30,54,C6,F5,7.439251478328706e-05
beta,1419,30,55,C6,F7,6.320226532062986e-05
beta,1420,30,56,C6,AF4,9.206965800994608e-05
beta,1421,30,57,C6,AF7,8.982511246828358e-05
beta,1422,30,58,C6,AF3,8.001183391283659e-05
beta,1423,30,59,C6,Fp2,8.349806112664539e-05
beta,1424,30,60,C6,Fpz,7.674073882771041e-05
beta,1425,30,61,C6,Fp1,7.567126869799381e-05
beta,1426,31,32,C4,C2,0.00010105914631387354
beta,1427,31,33,C4,Cz,0.00010003167181367745
beta,1428,31,34,C4,C1,0.00010931068467186052
beta,1429,31,35,C4,C3,8.987695375752586e-05
beta,1430,31,36,C4,C5,7.746853343299778e-05
beta,1431,31,37,C4,T7,7.238492692384041e-05
beta,1432,31,38,C4,FT8,8.978848622174325e-05
beta,1433,31,39,C4,FC6,8.266335953747498e-05
beta,1434,31,40,C4,FC4,0.00011737359887197671
beta,1435,31,41,C4,FC2,0.00010553077135851756
beta,1436,31,42,C4,AF8,0.00011138058137458989
beta,1437,31,43,C4,FC1,0.00011182829113289198
beta,1438,31,44,C4,FC3,0.00010103762872880212
beta,1439,31,45,C4,FC5,7.186064719784459e-05
beta,1440,31,46,C4,FT7,7.100243448465246e-05
beta,1441,31,47,C4,F8,8.840092960291256e-05
beta,1442,31,48,C4,F6,9.223001949793867e-05
beta,1443,31,49,C4,F4,0.00010838389543838213
beta,1444,31,50,C4,F2,0.00010799488782705724
beta,1445,31,51,C4,Fz,0.00010973134022882485
beta,1446,31,52,C4,F1,0.00010496811824839927
beta,1447,31,53,C4,F3,0.00010532946940519732
beta,1448,31,54,C4,F5,8.504163553494387e-05
beta,1449,31,55,C4,F7,7.008486617935211e-05
beta,1450,31,56,C4,AF4,9.274741975960274e-05
beta,1451,31,57,C4,AF7,0.0001050068224108571
beta,1452,31,58,C4,AF3,9.652944180259777e-05
beta,1453,31,59,C4,Fp2,9.133863486231178e-05
beta,1454,31,60,C4,Fpz,9.398653531607443e-05
beta,1455,31,61,C4,Fp1,9.422518309272832e-05
beta,1456,32,33,C2,Cz,8.290778316399493e-05
beta,1457,32,34,C2,C1,9.43692692439424e-05
beta,1458,32,35,C2,C3,9.010135666696594e-05
beta,1459,32,36,C2,C5,0.00010551547439657867
beta,1460,32,37,C2,T7,7.722577176132349e-05
beta,1461,32,38,C2,FT8,7.943754192520567e-05
beta,1462,32,39,C2,FC6,7.985905898735428e-05
beta,1463,32,40,C2,FC4,8.825086242629445e-05
beta,1464,32,41,C2,FC2,0.00010456950743271956
beta,1465,32,42,C2,AF8,9.247642657140607e-05
beta,1466,32,43,C2,FC1,8.645914569473845e-05
beta,1467,32,44,C2,FC3,8.117615131580037e-05
beta,1468,32,45,C2,FC5,8.159056884688078e-05
beta,1469,32,46,C2,FT7,8.955049092247029e-05
beta,1470,32,47,C2,F8,8.225768351665538e-05
beta,1471,32,48,C2,F6,8.462817240672432e-05
beta,1472,32,49,C2,F4,8.267198592973832e-05
beta,1473,32,50,C2,F2,9.564852324541087e-05
beta,1474,32,51,C2,Fz,9.553970594280818e-05
beta,1475,32,52,C2,F1,8.818099785472257e-05
beta,1476,32,53,C2,F3,8.698355021712806e-05
beta,1477,32,54,C2,F5,7.184723534410697e-05
beta,1478,32,55,C2,F7,7.28326272725679e-05
beta,1479,32,56,C2,AF4,9.030136022286265e-05
beta,1480,32,57,C2,AF7,9.695568895737059e-05
beta,1481,32,58,C2,AF3,9.758246411637869e-05
beta,1482,32,59,C2,Fp2,9.070710665139515e-05
beta,1483,32,60,C2,Fpz,8.532691464007549e-05
beta,1484,32,61,C2,Fp1,7.824415435895001e-05
beta,1485,33,34,Cz,C1,7.096167321062963e-05
beta,1486,33,35,Cz,C3,9.455814269654993e-05
beta,1487,33,36,Cz,C5,0.00011547179603056802
beta,1488,33,37,Cz,T7,8.34625350770551e-05
beta,1489,33,38,Cz,FT8,7.750153219364368e-05
beta,1490,33,39,Cz,FC6,8.283155883382415e-05
beta,1491,33,40,Cz,FC4,8.764523022252345e-05
beta,1492,33,41,Cz,FC2,8.890827543713582e-05
beta,1493,33,42,Cz,AF8,0.00010115698107612521
beta,1494,33,43,Cz,FC1,7.839698010330758e-05
beta,1495,33,44,Cz,FC3,7.593217037401836e-05
beta,1496,33,45,Cz,FC5,0.00010060104958286775
beta,1497,33,46,Cz,FT7,0.00011276137989291392
beta,1498,33,47,Cz,F8,8.212391768769743e-05
beta,1499,33,48,Cz,F6,8.449382518488481e-05
beta,1500,33,49,Cz,F4,8.73258843229298e-05
beta,1501,33,50,Cz,F2,9.397939570828556e-05
beta,1502,33,51,Cz,Fz,0.00010043974754376764
beta,1503,33,52,Cz,F1,9.016974484452018e-05
beta,1504,33,53,Cz,F3,8.880816024849599e-05
beta,1505,33,54,Cz,F5,6.618364476452836e-05
beta,1506,33,55,Cz,F7,8.618449789215182e-05
beta,1507,33,56,Cz,AF4,9.17498215022114e-05
beta,1508,33,57,Cz,AF7,9.112618797895908e-05
beta,1509,33,58,Cz,AF3,8.744517429753559e-05
beta,1510,33,59,Cz,Fp2,8.317040212712886e-05
beta,1511,33,60,Cz,Fpz,8.069981351667172e-05
beta,1512,33,61,Cz,Fp1,7.651512669643417e-05
beta,1513,34,35,C1,C3,8.449872728113773e-05
beta,1514,34,36,C1,C5,0.0001094024290043192
beta,1515,34,37,C1,T7,9.267135941278901e-05
beta,1516,34,38,C1,FT8,8.389314556269406e-05
beta,1517,34,39,C1,FC6,0.00010757867938969384
beta,1518,34,40,C1,FC4,9.799241853815893e-05
beta,1519,34,41,C1,FC2,9.903786742417739e-05
beta,1520,34,42,C1,AF8,8.365723007176682e-05
beta,1521,34,43,C1,FC1,9.782382609458147e-05
beta,1522,34,44,C1,FC3,8.258804847590537e-05
beta,1523,34,45,C1,FC5,9.804543831497342e-05
beta,1524,34,46,C1,FT7,0.00010350822052810527
beta,1525,34,47,C1,F8,9.590584651745785e-05
beta,1526,34,48,C1,F6,9.691405034330909e-05
beta,1527,34,49,C1,F4,0.00010146191330162902
beta,1528,34,50,C1,F2,8.78328096781639e-05
beta,1529,34,51,C1,Fz,8.862812802785129e-05
beta,1530,34,52,C1,F1,9.130557672256698e-05
beta,1531,34,53,C1,F3,9.006488781558412e-05
beta,1532,34,54,C1,F5,8.00421938671345e-05
beta,1533,34,55,C1,F7,9.889712021111622e-05
beta,1534,34,56,C1,AF4,8.905503776439856e-05
beta,1535,34,57,C1,AF7,8.778197936215725e-05
beta,1536,34,58,C1,AF3,8.757907088496849e-05
beta,1537,34,59,C1,Fp2,8.262289095192475e-05
beta,1538,34,60,C1,Fpz,9.263236982611018e-05
beta,1539,34,61,C1,Fp1,8.533126722258947e-05
beta,1540,35,36,C3,C5,8.620627381739762e-05
beta,1541,35,37,C3,T7,0.0001033620679335844
beta,1542,35,38,C3,FT8,7.60817739486292e-05
beta,1543,35,39,C3,FC6,8.960716640039835e-05
beta,1544,35,40,C3,FC4,7.205636512019988e-05
beta,1545,35,41,C3,FC2,7.939837137290491e-05
beta,1546,35,42,C3,AF8,8.774725681656027e-05
beta,1547,35,43,C3,FC1,9.735928557025691e-05
beta,1548,35,44,C3,FC3,9.06851905524168e-05
beta,1549,35,45,C3,FC5,9.883827696974701e-05
beta,1550,35,46,C3,FT7,8.499181389723291e-05
beta,1551,35,47,C3,F8,7.626136851578173e-05
beta,1552,35,48,C3,F6,9.35462968951773e-05
beta,1553,35,49,C3,F4,7.690082278135688e-05
beta,1554,35,50,C3,F2,7.343428508788257e-05
beta,1555,35,51,C3,Fz,7.761430127257123e-05
beta,1556,35,52,C3,F1,8.1751078087243e-05
beta,1557,35,53,C3,F3,9.195161277878988e-05
beta,1558,35,54,C3,F5,8.266263666199704e-05
beta,1559,35,55,C3,F7,9.997323216215753e-05
beta,1560,35,56,C3,AF4,7.313902072353794e-05
beta,1561,35,57,C3,AF7,6.857332077169372e-05
beta,1562,35,58,C3,AF3,8.037463456420214e-05
beta,1563,35,59,C3,Fp2,8.45257895579194e-05
beta,1564,35,60,C3,Fpz,8.062878953601326e-05
beta,1565,35,61,C3,Fp1,7.342484173242277e-05
beta,1566,36,37,C5,T7,0.00017148794891789915
beta,1567,36,38,C5,FT8,7.927061548406313e-05
beta,1568,36,39,C5,FC6,5.5339858923189944e-05
beta,1569,36,40,C5,FC4,6.65651469619638e-05
beta,1570,36,41,C5,FC2,8.898085211045632e-05
beta,1571,36,42,C5,AF8,0.00010325117852848383
beta,1572,36,43,C5,FC1,9.849490851715626e-05
beta,1573,36,44,C5,FC3,0.00010656776242307863
beta,1574,36,45,C5,FC5,0.00010311250774292579
beta,1575,36,46,C5,FT7,8.153219848361395e-05
beta,1576,36,47,C5,F8,7.050384547593522e-05
beta,1577,36,48,C5,F6,5.5638823693495266e-05
beta,1578,36,49,C5,F4,6.612502502272664e-05
beta,1579,36,50,C5,F2,8.354777744178245e-05
beta,1580,36,51,C5,Fz,8.887115784308257e-05
beta,1581,36,52,C5,F1,9.280318886362205e-05
beta,1582,36,53,C5,F3,0.00010028319131120341
beta,1583,36,54,C5,F5,0.00010078538725841802
beta,1584,36,55,C5,F7,9.66584520313507e-05
beta,1585,36,56,C5,AF4,7.686795010142921e-05
beta,1586,36,57,C5,AF7,8.885433567139855e-05
beta,1587,36,58,C5,AF3,9.390677867465781e-05
beta,1588,36,59,C5,Fp2,7.520565720769721e-05
beta,1589,36,60,C5,Fpz,8.152061970871993e-05
beta,1590,36,61,C5,Fp1,8.189148706096988e-05
beta,1591,37,38,T7,FT8,8.858756542358746e-05
beta,1592,37,39,T7,FC6,7.725770640207668e-05
beta,1593,37,40,T7,FC4,7.076748789279841e-05
beta,1594,37,41,T7,FC2,8.414824941217302e-05
beta,1595,37,42,T7,AF8,9.169820195840432e-05
beta,1596,37,43,T7,FC1,9.292084803855557e-05
beta,1597,37,44,T7,FC3,9.602511052813893e-05
beta,1598,37,45,T7,FC5,0.00010959652059928272
beta,1599,37,46,T7,FT7,0.00011516330502189585
beta,1600,37,47,T7,F8,8.197111882785347e-05
beta,1601,37,48,T7,F6,6.995550169786311e-05
beta,1602,37,49,T7,F4,7.946461779927548e-05
beta,1603,37,50,T7,F2,7.93481848504275e-05
beta,1604,37,51,T7,Fz,8.148398467153014e-05
beta,1605,37,52,T7,F1,9.008869693797511e-05
beta,1606,37,53,T7,F3,9.105372800968431e-05
beta,1607,37,54,T7,F5,8.60746487968778e-05
beta,1608,37,55,T7,F7,8.377957209651538e-05
beta,1609,37,56,T7,AF4,7.776174123863952e-05
beta,1610,37,57,T7,AF7,8.323059519988259e-05
beta,1611,37,58,T7,AF3,7.910276631075545e-05
beta,1612,37,59,T7,Fp2,7.203010304753321e-05
beta,1613,37,60,T7,Fpz,8.885081416884865e-05
beta,1614,37,61,T7,Fp1,8.840154568114725e-05
beta,1615,38,39,FT8,FC6,7.185262617667033e-05
beta,1616,38,40,FT8,FC4,8.305135521512866e-05
beta,1617,38,41,FT8,FC2,8.675194431952619e-05
beta,1618,38,42,FT8,AF8,9.284331069184609e-05
beta,1619,38,43,FT8,FC1,9.706251514052384e-05
beta,1620,38,44,FT8,FC3,7.982257968413802e-05
beta,1621,38,45,FT8,FC5,7.174456068088739e-05
beta,1622,38,46,FT8,FT7,7.307907696613167e-05
beta,1623,38,47,FT8,F8,7.348306793012695e-05
beta,1624,38,48,FT8,F6,7.559337776719092e-05
beta,1625,38,49,FT8,F4,7.761501270301527e-05
beta,1626,38,50,FT8,F2,8.951015453538692e-05
beta,1627,38,51,FT8,Fz,9.498671531908985e-05
beta,1628,38,52,FT8,F1,9.264204854325016e-05
beta,1629,38,53,FT8,F3,8.02067750434738e-05
beta,1630,38,54,FT8,F5,7.225544140636084e-05
beta,1631,38,55,FT8,F7,6.161375775488361e-05
beta,1632,38,56,FT8,AF4,8.110463090485721e-05
beta,1633,38,57,FT8,AF7,8.620108096689104e-05
beta,1634,38,58,FT8,AF3,7.952714513393991e-05
beta,1635,38,59,FT8,Fp2,7.678724053925297e-05
beta,1636,38,60,FT8,Fpz,7.420032836903895e-05
beta,1637,38,61,FT8,Fp1,7.641350254006382e-05
beta,1638,39,40,FC6,FC4,7.400565328869515e-05
beta,1639,39,41,FC6,FC2,9.091596165882422e-05
beta,1640,39,42,FC6,AF8,0.00010277113774816926
beta,1641,39,43,FC6,FC1,0.0001049719369254068
beta,1642,39,44,FC6,FC3,7.424314358129564e-05
beta,1643,39,45,FC6,FC5,7.092523029464067e-05
beta,1644,39,46,FC6,FT7,7.864947388527945e-05
beta,1645,39,47,FC6,F8,7.912051148151434e-05
beta,1646,39,48,FC6,F6,8.434242877928335e-05
beta,1647,39,49,FC6,F4,9.738575626140502e-05
beta,1648,39,50,FC6,F2,9.6800576024785e-05
beta,1649,39,51,FC6,Fz,8.715345689119057e-05
beta,1650,39,52,FC6,F1,8.163077285976516e-05
beta,1651,39,53,FC6,F3,7.643495110189926e-05
beta,1652,39,54,FC6,F5,6.421450515751162e-05
beta,1653,39,55,FC6,F7,6.911428984601476e-05
beta,1654,39,56,FC6,AF4,9.615339891163049e-05
beta,1655,39,57,FC6,AF7,8.934481367551732e-05
beta,1656,39,58,FC6,AF3,8.537390904528575e-05
beta,1657,39,59,FC6,Fp2,8.891127688432526e-05
beta,1658,39,60,FC6,Fpz,8.618831720595544e-05
beta,1659,39,61,FC6,Fp1,8.096696032497806e-05
beta,1660,40,41,FC4,FC2,0.00010724187985588379
beta,1661,40,42,FC4,AF8,0.00010268158161640928
beta,1662,40,43,FC4,FC1,9.436932524995612e-05
beta,1663,40,44,FC4,FC3,8.669862420830621e-05
beta,1664,40,45,FC4,FC5,6.627201172963138e-05
beta,1665,40,46,FC4,FT7,8.189530167613258e-05
beta,1666,40,47,FC4,F8,7.31075425816858e-05
beta,1667,40,48,FC4,F6,7.581619365626116e-05
beta,1668,40,49,FC4,F4,9.824927487800836e-05
beta,1669,40,50,FC4,F2,0.00011672533843804752
beta,1670,40,51,FC4,Fz,0.00010200741995466001
beta,1671,40,52,FC4,F1,0.00010457021511017
beta,1672,40,53,FC4,F3,8.782693005733016e-05
beta,1673,40,54,FC4,F5,6.479199387810437e-05
beta,1674,40,55,FC4,F7,8.519556871629433e-05
beta,1675,40,56,FC4,AF4,9.433494020131793e-05
beta,1676,40,57,FC4,AF7,9.486198012420541e-05
beta,1677,40,58,FC4,AF3,9.111426573754454e-05
beta,1678,40,59,FC4,Fp2,8.490778818426118e-05
beta,1679,40,60,FC4,Fpz,8.52177792100258e-05
beta,1680,40,61,FC4,Fp1,7.92353090816318e-05
beta,1681,41,42,FC2,AF8,9.360493750638499e-05
beta,1682,41,43,FC2,FC1,9.63201018573547e-05
beta,1683,41,44,FC2,FC3,8.900667157149566e-05
beta,1684,41,45,FC2,FC5,7.985225961377229e-05
beta,1685,41,46,FC2,FT7,8.381314254465249e-05
beta,1686,41,47,FC2,F8,8.117626796341984e-05
beta,1687,41,48,FC2,F6,8.683985803693207e-05
beta,1688,41,49,FC2,F4,8.664300772103149e-05
beta,1689,41,50,FC2,F2,9.51382871176317e-05
beta,1690,41,51,FC2,Fz,0.00010087393285398249
beta,1691,41,52,FC2,F1,0.00010404664604730341
beta,1692,41,53,FC2,F3,9.015750639947953e-05
beta,1693,41,54,FC2,F5,7.613269775242007e-05
beta,1694,41,55,FC2,F7,7.821348662366013e-05
beta,1695,41,56,FC2,AF4,8.571653025845806e-05
beta,1696,41,57,FC2,AF7,8.015138411034656e-05
beta,1697,41,58,FC2,AF3,8.622000414008974e-05
beta,1698,41,59,FC2,Fp2,9.444657035920145e-05
beta,1699,41,60,FC2,Fpz,8.315415597961839e-05
beta,1700,41,61,FC2,Fp1,7.634982317662018e-05
beta,1701,42,43,AF8,FC1,7.089817568334265e-05
beta,1702,42,44,AF8,FC3,7.224015789009703e-05
beta,1703,42,45,AF8,FC5,8.723768224215461e-05
beta,1704,42,46,AF8,FT7,9.450271603362452e-05
beta,1705,42,47,AF8,F8,9.463725763868255e-05
beta,1706,42,48,AF8,F6,9.510174655506057e-05
beta,1707,42,49,AF8,F4,9.315881248640874e-05
beta,1708,42,50,AF8,F2,8.330827232415662e-05
beta,1709,42,51,AF8,Fz,8.764749869877345e-05
beta,1710,42,52,AF8,F1,8.538605365256049e-05
beta,1711,42,53,AF8,F3,7.623803031356432e-05
beta,1712,42,54,AF8,F5,8.330378934971923e-05
beta,1713,42,55,AF8,F7,8.613217222533972e-05
beta,1714,42,56,AF8,AF4,9.11328381972529e-05
beta,1715,42,57,AF8,AF7,8.631283505183697e-05
beta,1716,42,58,AF8,AF3,7.781130538950897e-05
beta,1717,42,59,AF8,Fp2,9.03808683593211e-05
beta,1718,42,60,AF8,Fpz,8.164839550341305e-05
beta,1719,42,61,AF8,Fp1,8.949738028971274e-05
beta,1720,43,44,FC1,FC3,8.819143419842989e-05
beta,1721,43,45,FC1,FC5,8.957743516142852e-05
beta,1722,43,46,FC1,FT7,9.245279915449577e-05
beta,1723,43,47,FC1,F8,9.537151862747005e-05
beta,1724,43,48,FC1,F6,9.066239470744503e-05
beta,1725,43,49,FC1,F4,7.62082197745763e-05
beta,1726,43,50,FC1,F2,7.399875182308665e-05
beta,1727,43,51,FC1,Fz,7.170383219158976e-05
beta,1728,43,52,FC1,F1,7.547868212298658e-05
beta,1729,43,53,FC1,F3,8.458793083867671e-05
beta,1730,43,54,FC1,F5,8.354111712212156e-05
beta,1731,43,55,FC1,F7,8.247119450556781e-05
beta,1732,43,56,FC1,AF4,8.462459261657519e-05
beta,1733,43,57,FC1,AF7,8.322792104158223e-05
beta,1734,43,58,FC1,AF3,7.744884951732775e-05
beta,1735,43,59,FC1,Fp2,7.81568480808785e-05
beta,1736,43,60,FC1,Fpz,7.649445043364807e-05
beta,1737,43,61,FC1,Fp1,8.218093749566277e-05
beta,1738,44,45,FC3,FC5,8.41567245878766e-05
beta,1739,44,46,FC3,FT7,7.708999792574949e-05
beta,1740,44,47,FC3,F8,6.499124909772089e-05
beta,1741,44,48,FC3,F6,7.018465162978864e-05
beta,1742,44,49,FC3,F4,7.987250270742862e-05
beta,1743,44,50,FC3,F2,7.600515358287895e-05
beta,1744,44,51,FC3,Fz,7.60091732120448e-05
beta,1745,44,52,FC3,F1,8.838333100988846e-05
beta,1746,44,53,FC3,F3,8.303539847742217e-05
beta,1747,44,54,FC3,F5,7.824671072916958e-05
beta,1748,44,55,FC3,F7,6.392697293394452e-05
beta,1749,44,56,FC3,AF4,8.099732889804284e-05
beta,1750,44,57,FC3,AF7,7.638285722794949e-05
beta,1751,44,58,FC3,AF3,7.554649310844028e-05
beta,1752,44,59,FC3,Fp2,8.137459291189568e-05
beta,1753,44,60,FC3,Fpz,7.645625920983039e-05
beta,1754,44,61,FC3,Fp1,6.859342421466813e-05
beta,1755,45,46,FC5,FT7,6.723017900884586e-05
beta,1756,45,47,FC5,F8,6.425850347169602e-05
beta,1757,45,48,FC5,F6,6.565212828133846e-05
beta,1758,45,49,FC5,F4,7.921980167013921e-05
beta,1759,45,50,FC5,F2,9.152119565581296e-05
beta,1760,45,51,FC5,Fz,9.104134606826818e-05
beta,1761,45,52,FC5,F1,9.703087276709384e-05
beta,1762,45,53,FC5,F3,9.496410452133005e-05
beta,1763,45,54,FC5,F5,9.120139662095156e-05
beta,1764,45,55,FC5,F7,7.161043581088212e-05
beta,1765,45,56,FC5,AF4,8.169026351114877e-05
beta,1766,45,57,FC5,AF7,8.632963087912056e-05
beta,1767,45,58,FC5,AF3,7.901909438916208e-05
beta,1768,45,59,FC5,Fp2,8.198872456635574e-05
beta,1769,45,60,FC5,Fpz,7.957472471681562e-05
beta,1770,45,61,FC5,Fp1,7.764807319424382e-05
beta,1771,46,47,FT7,F8,7.971694606388651e-05
beta,1772,46,48,FT7,F6,6.91676131906681e-05
beta,1773,46,49,FT7,F4,7.899126800242887e-05
beta,1774,46,50,FT7,F2,8.139686749580798e-05
beta,1775,46,51,FT7,Fz,8.610115546421178e-05
beta,1776,46,52,FT7,F1,9.182073917576834e-05
beta,1777,46,53,FT7,F3,9.177038719826948e-05
beta,1778,46,54,FT7,F5,6.909768364735591e-05
beta,1779,46,55,FT7,F7,6.945892524160916e-05
beta,1780,46,56,FT7,AF4,8.120332919829815e-05
beta,1781,46,57,FT7,AF7,7.481475041322324e-05
beta,1782,46,58,FT7,AF3,7.995983769029465e-05
beta,1783,46,59,FT7,Fp2,7.800993813438282e-05
beta,1784,46,60,FT7,Fpz,8.562370993036614e-05
beta,1785,46,61,FT7,Fp1,8.246593745524346e-05
beta,1786,47,48,F8,F6,7.350338504366006e-05
beta,1787,47,49,F8,F4,6.938822840327906e-05
beta,1788,47,50,F8,F2,9.053164733733195e-05
beta,1789,47,51,F8,Fz,9.815168864963683e-05
beta,1790,47,52,F8,F1,9.796553470951903e-05
beta,1791,47,53,F8,F3,7.404952432837135e-05
beta,1792,47,54,F8,F5,7.40996197054557e-05
beta,1793,47,55,F8,F7,7.236234580198391e-05
beta,1794,47,56,F8,AF4,7.005692999981436e-05
beta,1795,47,57,F8,AF7,8.653451911377768e-05
beta,1796,47,58,F8,AF3,7.863701066750221e-05
beta,1797,47,59,F8,Fp2,8.740381291856985e-05
beta,1798,47,60,F8,Fpz,7.783055268104331e-05
beta,1799,47,61,F8,Fp1,7.055120490208427e-05
beta,1800,48,49,F6,F4,6.446973788570399e-05
beta,1801,48,50,F6,F2,7.947279624232351e-05
beta,1802,48,51,F6,Fz,7.824167150076947e-05
beta,1803,48,52,F6,F1,7.894477090642909e-05
beta,1804,48,53,F6,F3,6.932185692422266e-05
beta,1805,48,54,F6,F5,6.919038304280885e-05
beta,1806,48,55,F6,F7,7.017230540665207e-05
beta,1807,48,56,F6,AF4,8.700872582585191e-05
beta,1808,48,57,F6,AF7,7.400838771919047e-05
beta,1809,48,58,F6,AF3,6.833514422514606e-05
beta,1810,48,59,F6,Fp2,7.7956954670481e-05
beta,1811,48,60,F6,Fpz,7.814184721894112e-05
beta,1812,48,61,F6,Fp1,6.648993812393802e-05
beta,1813,49,50,F4,F2,8.820275159349166e-05
beta,1814,49,51,F4,Fz,8.54846213711963e-05
beta,1815,49,52,F4,F1,7.166241736321644e-05
beta,1816,49,53,F4,F3,6.907098147119312e-05
beta,1817,49,54,F4,F5,7.919113581936473e-05
beta,1818,49,55,F4,F7,7.836716903442611e-05
beta,1819,49,56,F4,AF4,8.036765351625993e-05
beta,1820,49,57,F4,AF7,8.231333763253191e-05
beta,1821,49,58,F4,AF3,7.826407050690826e-05
beta,1822,49,59,F4,Fp2,7.510852969387569e-05
beta,1823,49,60,F4,Fpz,7.386943851624917e-05
beta,1824,49,61,F4,Fp1,8.193480536699029e-05
beta,1825,50,51,F2,Fz,6.566446061998878e-05
beta,1826,50,52,F2,F1,8.865234094217311e-05
beta,1827,50,53,F2,F3,8.871649871732954e-05
beta,1828,50,54,F2,F5,9.100790371177163e-05
beta,1829,50,55,F2,F7,8.353292226762079e-05
beta,1830,50,56,F2,AF4,8.474086833295923e-05
beta,1831,50,57,F2,AF7,7.433135234194401e-05
beta,1832,50,58,F2,AF3,8.529699090376448e-05
beta,1833,50,59,F2,Fp2,8.598019912403292e-05
beta,1834,50,60,F2,Fpz,8.654311150039559e-05
beta,1835,50,61,F2,Fp1,9.023673242818881e-05
beta,1836,51,52,Fz,F1,6.930729919923329e-05
beta,1837,51,53,Fz,F3,8.643470165317899e-05
beta,1838,51,54,Fz,F5,9.60028019385385e-05
beta,1839,51,55,Fz,F7,8.962268991787534e-05
beta,1840,51,56,Fz,AF4,7.80566044944399e-05
beta,1841,51,57,Fz,AF7,7.588126204537355e-05
beta,1842,51,58,Fz,AF3,7.43203816452867e-05
beta,1843,51,59,Fz,Fp2,7.637436712468804e-05
beta,1844,51,60,Fz,Fpz,8.643334182119452e-05
beta,1845,51,61,Fz,Fp1,9.204670858982715e-05
beta,1846,52,53,F1,F3,8.172619832374871e-05
beta,1847,52,54,F1,F5,9.647801680338199e-05
beta,1848,52,55,F1,F7,9.066676007734633e-05
beta,1849,52,56,F1,AF4,8.19482591732248e-05
beta,1850,52,57,F1,AF7,7.891566400495283e-05
beta,1851,52,58,F1,AF3,7.92077065838065e-05
beta,1852,52,59,F1,Fp2,7.667398727799699e-05
beta,1853,52,60,F1,Fpz,8.51363137673847e-05
beta,1854,52,61,F1,Fp1,8.754671727738878e-05
beta,1855,53,54,F3,F5,9.1956109156228e-05
beta,1856,53,55,F3,F7,8.05622275787001e-05
beta,1857,53,56,F3,AF4,7.19028599681393e-05
beta,1858,53,57,F3,AF7,7.31130364346884e-05
beta,1859,53,58,F3,AF3,7.830566016623466e-05
beta,1860,53,59,F3,Fp2,7.876407126707165e-05
beta,1861,53,60,F3,Fpz,8.517326470110715e-05
beta,1862,53,61,F3,Fp1,7.73200724916783e-05
beta,1863,54,55,F5,F7,6.22357371184747e-05
beta,1864,54,56,F5,AF4,8.190997489375267e-05
beta,1865,54,57,F5,AF7,8.3154321472186e-05
beta,1866,54,58,F5,AF3,0.0001467627619276916
beta,1867,54,59,F5,Fp2,8.33122370817212e-05
beta,1868,54,60,F5,Fpz,7.451252883231314e-05
beta,1869,54,61,F5,Fp1,8.672554229950066e-05
beta,1870,55,56,F7,AF4,7.131213056517618e-05
beta,1871,55,57,F7,AF7,7.039123020751742e-05
beta,1872,55,58,F7,AF3,9.735311964069586e-05
beta,1873,55,59,F7,Fp2,6.991272130821119e-05
beta,1874,55,60,F7,Fpz,7.566304095277397e-05
beta,1875,55,61,F7,Fp1,6.997372312634718e-05
beta,1876,56,57,AF4,AF7,6.498425351445579e-05
beta,1877,56,58,AF4,AF3,7.537966026088043e-05
beta,1878,56,59,AF4,Fp2,8.534821713397264e-05
beta,1879,56,60,AF4,Fpz,7.500522611934465e-05
beta,1880,56,61,AF4,Fp1,7.155827236715069e-05
beta,1881,57,58,AF7,AF3,7.534129696093368e-05
beta,1882,57,59,AF7,Fp2,7.484835750862432e-05
beta,1883,57,60,AF7,Fpz,8.888549091796885e-05
beta,1884,57,61,AF7,Fp1,8.378545791292046e-05
beta,1885,58,59,AF3,Fp2,8.03683468059518e-05
beta,1886,58,60,AF3,Fpz,9.092762280421302e-05
beta,1887,58,61,AF3,Fp1,8.295227784289533e-05
beta,1888,59,60,Fp2,Fpz,6.70533535365422e-05
beta,1889,59,61,Fp2,Fp1,6.764552852836553e-05
beta,1890,60,61,Fpz,Fp1,6.0160838711250576e-05
