band,edge,ch_a,ch_b,ch_a_name,ch_b_name,importance
theta,0,0,1,Iz,O2,0.00019060850351343403
theta,1,0,2,Iz,Oz,0.000139669407466335
theta,2,0,3,Iz,O1,0.00019057802723748183
theta,3,0,4,Iz,PO8,0.0002128836228702147
theta,4,0,5,Iz,PO4,0.00017787849871251987
theta,5,0,6,Iz,POz,0.0001449425005576866
theta,6,0,7,Iz,PO3,0.00015806547816351918
theta,7,0,8,Iz,PO7,0.00019574604863167432
theta,8,0,9,Iz,P8,0.00021745914766466108
theta,9,0,10,Iz,P6,0.00016312661197691905
theta,10,0,11,Iz,P4,0.00014884273547528603
theta,11,0,12,Iz,P2,0.00015742512100889216
theta,12,0,13,Iz,Pz,0.00014426621815822894
theta,13,0,14,Iz,P1,0.00014937483047380466
theta,14,0,15,Iz,P3,0.00015330997827612538
theta,15,0,16,Iz,P5,0.00018333290705922404
theta,16,0,17,Iz,P7,0.000198693908826267
theta,17,0,18,Iz,TP10,0.00022048657047373226
theta,18,0,19,Iz,TP8,0.00018124689288622373
theta,19,0,20,Iz,CP6,0.00015414506196406477
theta,20,0,21,Iz,CP4,0.00016071948709064847
theta,21,0,22,Iz,CP2,0.0001531920350642131
theta,22,0,23,Iz,CPz,0.00015879021051147779
theta,23,0,24,Iz,CP1,0.0001919153868948908
theta,24,0,25,Iz,CP3,0.00021013054510215273
theta,25,0,26,Iz,CP5,0.0001792828954586398
theta,26,0,27,Iz,TP7,0.00019982052048779717
theta,27,0,28,Iz,TP9,0.00018883210585578534
theta,28,0,29,Iz,T8,0.00016427161046995653
theta,29,0,30,Iz,C6,0.0001572124366157452
theta,30,0,31,Iz,C4,0.0001924229283915856
theta,31,0,32,Iz,C2,0.00020954587179144914
theta,32,0,33,Iz,Cz,0.00023100345524135367
theta,33,0,34,Iz,C1,0.00024154159683059074
theta,34,0,35,Iz,C3,0.00021215304276315218
theta,35,0,36,Iz,C5,0.00016527465016559018
theta,36,0,37,Iz,T7,0.00016258112519762532
theta,37,0,38,Iz,FT8,0.0001593322395470977
theta,38,0,39,Iz,FC6,0.0001461385738009791
theta,39,0,40,Iz,FC4,0.0001382986442043859
theta,40,0,41,Iz,FC2,0.00016138113180698361
theta,41,0,42,Iz,AF8,0.0001821645498312204
theta,42,0,43,Iz,FC1,0.0001789112433045317
theta,43,0,44,Iz,FC3,0.00018808053137243512
theta,44,0,45,Iz,FC5,0.0001499280430300395
theta,45,0,46,Iz,FT7,0.0001421872185072469
theta,46,0,47,Iz,F8,0.00015851323190960094
theta,47,0,48,Iz,F6,0.0001489260989868555
theta,48,0,49,Iz,F4,0.0001725251126864401
theta,49,0,50,Iz,F2,0.00019554086212250334
theta,50,0,51,Iz,Fz,0.00019252079353105196
theta,51,0,52,Iz,F1,0.00020250890528717094
theta,52,0,53,Iz,F3,0.00018062111330459228
theta,53,0,54,Iz,F5,0.0001414419718183077
theta,54,0,55,Iz,F7,0.00012107500759663556
theta,55,0,56,Iz,AF4,0.00018275722589314596
theta,56,0,57,Iz,AF7,0.0001629302394851241
theta,57,0,58,Iz,AF3,0.00014048496684448465
theta,58,0,59,Iz,Fp2,0.00015504317771144194
theta,59,0,60,Iz,Fpz,0.00016311380505894488
theta,60,0,61,Iz,Fp1,0.00013615557650280117
theta,61,1,2,O2,Oz,0.00020098989656387517
theta,62,1,3,O2,O1,0.0001880784079447784
theta,63,1,4,O2,PO8,0.0002169500013537461
theta,64,1,5,O2,PO4,0.00015883242451802016
theta,65,1,6,O2,POz,0.00017353257518494392
theta,66,1,7,O2,PO3,0.00018194771346051076
theta,67,1,8,O2,PO7,0.00019247535394122586
theta,68,1,9,O2,P8,0.00021700187582535596
theta,69,1,10,O2,P6,0.00017436231022427998
theta,70,1,11,O2,P4,0.00015696014988221456
theta,71,1,12,O2,P2,0.00015111514790910795
theta,72,1,13,O2,Pz,0.00014541166036002062
theta,73,1,14,O2,P1,0.00015332046999595486
theta,74,1,15,O2,P3,0.00016602686948366982
theta,75,1,16,O2,P5,0.00015210139793737888
theta,76,1,17,O2,P7,0.0001613432111100003
theta,77,1,18,O2,TP10,0.00018251398777063274
theta,78,1,19,O2,TP8,0.00019712426000558308
theta,79,1,20,O2,CP6,0.00019470613472982135
theta,80,1,21,O2,CP4,0.0001464952048952954
theta,81,1,22,O2,CP2,0.00013676236395137887
theta,82,1,23,O2,CPz,0.00013300212394494628
theta,83,1,24,O2,CP1,0.00016039836002802559
theta,84,1,25,O2,CP3,0.00015778091257918087
theta,85,1,26,O2,CP5,0.00016030153185344226
theta,86,1,27,O2,TP7,0.00016683891321130672
theta,87,1,28,O2,TP9,0.00015912799513493982
theta,88,1,29,O2,T8,0.00016091777521538928
theta,89,1,30,O2,C6,0.0001887778345020346
theta,90,1,31,O2,C4,0.00016144339162156744
theta,91,1,32,O2,C2,0.0001358804406012192
theta,92,1,33,O2,Cz,0.00015173381180832519
theta,93,1,34,O2,C1,0.00017462542090263504
theta,94,1,35,O2,C3,0.00020639492477898987
theta,95,1,36,O2,C5,0.0001822467436358422
theta,96,1,37,O2,T7,0.00014189381756224106
theta,97,1,38,O2,FT8,0.0001711041677241049
theta,98,1,39,O2,FC6,0.00017346133005561484
theta,99,1,40,O2,FC4,0.00015860837461408636
theta,100,1,41,O2,FC2,0.0001704286408147585
theta,101,1,42,O2,AF8,0.0002014394280214935
theta,102,1,43,O2,FC1,0.00021373473854548105
theta,103,1,44,O2,FC3,0.00022303068477485697
theta,104,1,45,O2,FC5,0.0002119796680679084
theta,105,1,46,O2,FT7,0.0001528979962432194
theta,106,1,47,O2,F8,0.00016456855083720959
theta,107,1,48,O2,F6,0.000164767492606478
theta,108,1,49,O2,F4,0.0001493349791854442
theta,109,1,50,O2,F2,0.00019236362037727305
theta,110,1,51,O2,Fz,0.0002164110719546454
theta,111,1,52,O2,F1,0.00022598065264379277
theta,112,1,53,O2,F3,0.0002140473119047337
theta,113,1,54,O2,F5,0.000165932291125927
theta,114,1,55,O2,F7,0.00016265089097437677
theta,115,1,56,O2,AF4,0.00016797384784919523
theta,116,1,57,O2,AF7,0.00018202566074858822
theta,117,1,58,O2,AF3,0.00018124629607721722
theta,118,1,59,O2,Fp2,0.00016642611583232725
theta,119,1,60,O2,Fpz,0.00017690752596249867
theta,120,1,61,O2,Fp1,0.00019062798429000585
theta,121,2,3,Oz,O1,0.0002218987112800657
theta,122,2,4,Oz,PO8,0.00022206143116566146
theta,123,2,5,Oz,PO4,0.00016578004852467424
theta,124,2,6,Oz,POz,0.00017983980352762912
theta,125,2,7,Oz,PO3,0.00016737596993591017
theta,126,2,8,Oz,PO7,0.0002404273439713429
theta,127,2,9,Oz,P8,0.00020267277823947909
theta,128,2,10,Oz,P6,0.00018737412456697574
theta,129,2,11,Oz,P4,0.0001608096903002171
theta,130,2,12,Oz,P2,0.0001421022790505664
theta,131,2,13,Oz,Pz,0.00014721675275050698
theta,132,2,14,Oz,P1,0.00012180937155007936
theta,133,2,15,Oz,P3,0.00016959955238628888
theta,134,2,16,Oz,P5,0.0001800446074698914
theta,135,2,17,Oz,P7,0.00020966936028119182
theta,136,2,18,Oz,TP10,0.0001626255368362222
theta,137,2,19,Oz,TP8,0.00014822253269352773
theta,138,2,20,Oz,CP6,0.00014138572886746828
theta,139,2,21,Oz,CP4,0.00014807457363983978
theta,140,2,22,Oz,CP2,0.0001397920151171409
theta,141,2,23,Oz,CPz,0.00014053768954805945
theta,142,2,24,Oz,CP1,0.00015668430229195238
theta,143,2,25,Oz,CP3,0.0001466966449108051
theta,144,2,26,Oz,CP5,0.00016041126454276972
theta,145,2,27,Oz,TP7,0.00019539441218560826
theta,146,2,28,Oz,TP9,0.0002109309854544661
theta,147,2,29,Oz,T8,0.00014404716429439825
theta,148,2,30,Oz,C6,0.00017407671053127266
theta,149,2,31,Oz,C4,0.00021662158508158825
theta,150,2,32,Oz,C2,0.00019135606388798253
theta,151,2,33,Oz,Cz,0.00019572886860051817
theta,152,2,34,Oz,C1,0.000181992917928072
theta,153,2,35,Oz,C3,0.0001732397978394954
theta,154,2,36,Oz,C5,0.00017907465503672675
theta,155,2,37,Oz,T7,0.00016558020897961914
theta,156,2,38,Oz,FT8,0.0001733880472459552
theta,157,2,39,Oz,FC6,0.00019313600220770182
theta,158,2,40,Oz,FC4,0.00020406997122416424
theta,159,2,41,Oz,FC2,0.0001999906378032817
theta,160,2,42,Oz,AF8,0.0002385132279232871
theta,161,2,43,Oz,FC1,0.00020186572563556118
theta,162,2,44,Oz,FC3,0.0002058996333427964
theta,163,2,45,Oz,FC5,0.00017479306971567975
theta,164,2,46,Oz,FT7,0.00014818177927862099
theta,165,2,47,Oz,F8,0.00014634532848135427
theta,166,2,48,Oz,F6,0.00018284311428997426
theta,167,2,49,Oz,F4,0.00021455245911125822
theta,168,2,50,Oz,F2,0.00017907262915375908
theta,169,2,51,Oz,Fz,0.00016156266130222747
theta,170,2,52,Oz,F1,0.00018530253012983834
theta,171,2,53,Oz,F3,0.00018722670784947185
theta,172,2,54,Oz,F5,0.00015942735322002258
theta,173,2,55,Oz,F7,0.00013425045580082383
theta,174,2,56,Oz,AF4,0.00018361860667147882
theta,175,2,57,Oz,AF7,0.0001854792381176455
theta,176,2,58,Oz,AF3,0.00017118291186383133
theta,177,2,59,Oz,Fp2,0.00016070758750888397
theta,178,2,60,Oz,Fpz,0.00017668461504739513
theta,179,2,61,Oz,Fp1,0.00016110955194547768
theta,180,3,4,O1,PO8,0.00021748342960322656
theta,181,3,5,O1,PO4,0.00017806507387942556
theta,182,3,6,O1,POz,0.00020588361095168518
theta,183,3,7,O1,PO3,0.00016397068820934803
theta,184,3,8,O1,PO7,0.00023741466199222804
theta,185,3,9,O1,P8,0.00018410076645375238
theta,186,3,10,O1,P6,0.00017297632059586488
theta,187,3,11,O1,P4,0.00016485672352681152
theta,188,3,12,O1,P2,0.00014069649723387178
theta,189,3,13,O1,Pz,0.0001649609178423029
theta,190,3,14,O1,P1,0.00014288002428318664
theta,191,3,15,O1,P3,0.00016681712694712624
theta,192,3,16,O1,P5,0.00019299356238381064
theta,193,3,17,O1,P7,0.00019481695324136534
theta,194,3,18,O1,TP10,0.0001565478317793457
theta,195,3,19,O1,TP8,0.000137946875750722
theta,196,3,20,O1,CP6,0.00015413127949984436
theta,197,3,21,O1,CP4,0.00014148724415767155
theta,198,3,22,O1,CP2,0.00014498980134928792
theta,199,3,23,O1,CPz,0.00014821382129679106
theta,200,3,24,O1,CP1,0.00015327304136835855
theta,201,3,25,O1,CP3,0.00016163607232833502
theta,202,3,26,O1,CP5,0.00016586537734535625
theta,203,3,27,O1,TP7,0.0001750094255800355
theta,204,3,28,O1,TP9,0.00019918974843344668
theta,205,3,29,O1,T8,0.0001643647777439777
theta,206,3,30,O1,C6,0.00017362629448253384
theta,207,3,31,O1,C4,0.0002194649003630862
theta,208,3,32,O1,C2,0.00017952955265193192
theta,209,3,33,O1,Cz,0.0001889825198516364
theta,210,3,34,O1,C1,0.00015806845899540826
theta,211,3,35,O1,C3,0.0001936749849427413
theta,212,3,36,O1,C5,0.0001757189232384088
theta,213,3,37,O1,T7,0.00015540581419017265
theta,214,3,38,O1,FT8,0.00017457978515030432
theta,215,3,39,O1,FC6,0.00016657392779797486
theta,216,3,40,O1,FC4,0.00019851886785869242
theta,217,3,41,O1,FC2,0.00023252399958573626
theta,218,3,42,O1,AF8,0.0002244075788310647
theta,219,3,43,O1,FC1,0.0001981733513091229
theta,220,3,44,O1,FC3,0.00019358388347295698
theta,221,3,45,O1,FC5,0.00014374009689668962
theta,222,3,46,O1,FT7,0.00012643776898038522
theta,223,3,47,O1,F8,0.0001852393227164746
theta,224,3,48,O1,F6,0.00015803181633219357
theta,225,3,49,O1,F4,0.00017894631799675098
theta,226,3,50,O1,F2,0.00019238747515381928
theta,227,3,51,O1,Fz,0.00019539903811637626
theta,228,3,52,O1,F1,0.00019307148462078118
theta,229,3,53,O1,F3,0.0001709186313771941
theta,230,3,54,O1,F5,0.00014752945974012482
theta,231,3,55,O1,F7,0.00011809392639465751
theta,232,3,56,O1,AF4,0.00018729141055932413
theta,233,3,57,O1,AF7,0.0001869853993853304
theta,234,3,58,O1,AF3,0.00017721247192688545
theta,235,3,59,O1,Fp2,0.00016443862850600363
theta,236,3,60,O1,Fpz,0.00016832672378915288
theta,237,3,61,O1,Fp1,0.00015198761801371325
theta,238,4,5,PO8,PO4,0.00023115166639149507
theta,239,4,6,PO8,POz,0.00019997203707042827
theta,240,4,7,PO8,PO3,0.00018246540765070655
theta,241,4,8,PO8,PO7,0.00021387706945464615
theta,242,4,9,PO8,P8,0.0002047355515226651
theta,243,4,10,PO8,P6,0.00017146191076926838
theta,244,4,11,PO8,P4,0.00016376884608222436
theta,245,4,12,PO8,P2,0.0001828706174520855
theta,246,4,13,PO8,Pz,0.00016512728277907706
theta,247,4,14,PO8,P1,0.00014953802430685154
theta,248,4,15,PO8,P3,0.00015311061476542135
theta,249,4,16,PO8,P5,0.00015501437679937122
theta,250,4,17,PO8,P7,0.00015171270522832097
theta,251,4,18,PO8,TP10,0.00017154818832915128
theta,252,4,19,PO8,TP8,0.00018513403685988927
theta,253,4,20,PO8,CP6,0.00019218830123211183
theta,254,4,21,PO8,CP4,0.00015126715572173985
theta,255,4,22,PO8,CP2,0.0001515080695746545
theta,256,4,23,PO8,CPz,0.00014911035737225068
theta,257,4,24,PO8,CP1,0.00015315173944611526
theta,258,4,25,PO8,CP3,0.00016820880795720368
theta,259,4,26,PO8,CP5,0.00014673167756009206
theta,260,4,27,PO8,TP7,0.0001665379361398351
theta,261,4,28,PO8,TP9,0.00015030101757892474
theta,262,4,29,PO8,T8,0.0001757615320613504
theta,263,4,30,PO8,C6,0.0002172020708372261
theta,264,4,31,PO8,C4,0.00016539086530280157
theta,265,4,32,PO8,C2,0.000157449577155394
theta,266,4,33,PO8,Cz,0.00016189472957267595
theta,267,4,34,PO8,C1,0.00016777597240105575
theta,268,4,35,PO8,C3,0.00020231213153907145
theta,269,4,36,PO8,C5,0.00018068357474931157
theta,270,4,37,PO8,T7,0.0001390719612070092
theta,271,4,38,PO8,FT8,0.00018272393819671477
theta,272,4,39,PO8,FC6,0.00020597938527894036
theta,273,4,40,PO8,FC4,0.00019491950121557918
theta,274,4,41,PO8,FC2,0.00015692928234561
theta,275,4,42,PO8,AF8,0.0001542547101632427
theta,276,4,43,PO8,FC1,0.00020043763870172525
theta,277,4,44,PO8,FC3,0.0002276080176500859
theta,278,4,45,PO8,FC5,0.00018682025567054832
theta,279,4,46,PO8,FT7,0.0001587982614728632
theta,280,4,47,PO8,F8,0.00015923140005554465
theta,281,4,48,PO8,F6,0.00018586645976160457
theta,282,4,49,PO8,F4,0.00017865750341848535
theta,283,4,50,PO8,F2,0.00017223505184300002
theta,284,4,51,PO8,Fz,0.00018536606076152386
theta,285,4,52,PO8,F1,0.00023591786484870766
theta,286,4,53,PO8,F3,0.00022839559718608438
theta,287,4,54,PO8,F5,0.0001941320174707238
theta,288,4,55,PO8,F7,0.00018007909835910987
theta,289,4,56,PO8,AF4,0.00017043061499117962
theta,290,4,57,PO8,AF7,0.00018171872777292893
theta,291,4,58,PO8,AF3,0.00019313567182882777
theta,292,4,59,PO8,Fp2,0.00013586042764266625
theta,293,4,60,PO8,Fpz,0.00016485066476651145
theta,294,4,61,PO8,Fp1,0.00017233172740127895
theta,295,5,6,PO4,POz,0.00020341621504416395
theta,296,5,7,PO4,PO3,0.00019088412968453465
theta,297,5,8,PO4,PO7,0.00017705856265166683
theta,298,5,9,PO4,P8,0.00020469604367484624
theta,299,5,10,PO4,P6,0.00018460611411963312
theta,300,5,11,PO4,P4,0.0001495026635199004
theta,301,5,12,PO4,P2,0.00015582580721393876
theta,302,5,13,PO4,Pz,0.00017089377033142992
theta,303,5,14,PO4,P1,0.00016066004058277352
theta,304,5,15,PO4,P3,0.0001840081525457956
theta,305,5,16,PO4,P5,0.00015162727887015217
theta,306,5,17,PO4,P7,0.00015071249036291602
theta,307,5,18,PO4,TP10,0.00019030927297182635
theta,308,5,19,PO4,TP8,0.00017896757178012705
theta,309,5,20,PO4,CP6,0.00019661901493171625
theta,310,5,21,PO4,CP4,0.0001553307588172685
theta,311,5,22,PO4,CP2,0.00013266026361477378
theta,312,5,23,PO4,CPz,0.0001386377394657456
theta,313,5,24,PO4,CP1,0.0001622488143590207
theta,314,5,25,PO4,CP3,0.0001573768006208853
theta,315,5,26,PO4,CP5,0.0001402902865112958
theta,316,5,27,PO4,TP7,0.00014270845559832338
theta,317,5,28,PO4,TP9,0.0001521173980644891
theta,318,5,29,PO4,T8,0.00016635805404287211
theta,319,5,30,PO4,C6,0.00020215536262294855
theta,320,5,31,PO4,C4,0.00014278822229143957
theta,321,5,32,PO4,C2,0.0001242224399778945
theta,322,5,33,PO4,Cz,0.00012843153147905963
theta,323,5,34,PO4,C1,0.00013661491450042023
theta,324,5,35,PO4,C3,0.00017636461646493865
theta,325,5,36,PO4,C5,0.0001631643193237815
theta,326,5,37,PO4,T7,0.0001388644674579174
theta,327,5,38,PO4,FT8,0.00019031738249759955
theta,328,5,39,PO4,FC6,0.00020238575464416134
theta,329,5,40,PO4,FC4,0.00014182976392511422
theta,330,5,41,PO4,FC2,0.00012158642547215855
theta,331,5,42,PO4,AF8,0.00015472117708673387
theta,332,5,43,PO4,FC1,0.00018601710875648759
theta,333,5,44,PO4,FC3,0.00019877816047228253
theta,334,5,45,PO4,FC5,0.0002078753398626571
theta,335,5,46,PO4,FT7,0.00018743203652769793
theta,336,5,47,PO4,F8,0.00018743885231104263
theta,337,5,48,PO4,F6,0.00019340759032138513
theta,338,5,49,PO4,F4,0.00016245306264678333
theta,339,5,50,PO4,F2,0.0001637352916001166
theta,340,5,51,PO4,Fz,0.0002006487348365539
theta,341,5,52,PO4,F1,0.00022086707197583967
theta,342,5,53,PO4,F3,0.00020984018303926152
theta,343,5,54,PO4,F5,0.0002245899645796833
theta,344,5,55,PO4,F7,0.00020034077615744324
theta,345,5,56,PO4,AF4,0.00018133769449375127
theta,346,5,57,PO4,AF7,0.00020342279725972566
theta,347,5,58,PO4,AF3,0.00021438832886827791
theta,348,5,59,PO4,Fp2,0.0002160704084349624
theta,349,5,60,PO4,Fpz,0.00022574134963038772
theta,350,5,61,PO4,Fp1,0.0002237345681008874
theta,351,6,7,POz,PO3,0.000194511131451164
theta,352,6,8,POz,PO7,0.0001926169443694263
theta,353,6,9,POz,P8,0.00016482947702855594
theta,354,6,10,POz,P6,0.000174363541700917
theta,355,6,11,POz,P4,0.0001462313454817462
theta,356,6,12,POz,P2,0.00015341259674606864
theta,357,6,13,POz,Pz,0.00014353125736901409
theta,358,6,14,POz,P1,0.00016231895665322997
theta,359,6,15,POz,P3,0.00016963374850397672
theta,360,6,16,POz,P5,0.00019582868703439676
theta,361,6,17,POz,P7,0.0001705253422810932
theta,362,6,18,POz,TP10,0.00016192183879360937
theta,363,6,19,POz,TP8,0.00016846096836042196
theta,364,6,20,POz,CP6,0.00016676304932361697
theta,365,6,21,POz,CP4,0.00014085341229838375
theta,366,6,22,POz,CP2,0.00015584809718385953
theta,367,6,23,POz,CPz,0.00013552435294563147
theta,368,6,24,POz,CP1,0.00015608458006080724
theta,369,6,25,POz,CP3,0.00016095034556871436
theta,370,6,26,POz,CP5,0.00019118609331634189
theta,371,6,27,POz,TP7,0.00016385122501767267
theta,372,6,28,POz,TP9,0.0001786042409337265
theta,373,6,29,POz,T8,0.00019669479402894497
theta,374,6,30,POz,C6,0.00021388425234918347
theta,375,6,31,POz,C4,0.00014614109380152565
theta,376,6,32,POz,C2,0.00015850445361951707
theta,377,6,33,POz,Cz,0.00015597389170290523
theta,378,6,34,POz,C1,0.00014974339590246587
theta,379,6,35,POz,C3,0.00015748326057800002
theta,380,6,36,POz,C5,0.00017953775824770964
theta,381,6,37,POz,T7,0.0001528356066525838
theta,382,6,38,POz,FT8,0.00021503377417732595
theta,383,6,39,POz,FC6,0.00022604449707472324
theta,384,6,40,POz,FC4,0.00017385330285369212
theta,385,6,41,POz,FC2,0.00015086080516226293
theta,386,6,42,POz,AF8,0.00019047503631477834
theta,387,6,43,POz,FC1,0.00019521269344545725
theta,388,6,44,POz,FC3,0.00019235295441434884
theta,389,6,45,POz,FC5,0.00018610925918552436
theta,390,6,46,POz,FT7,0.0001923420582397122
theta,391,6,47,POz,F8,0.00018046347992677205
theta,392,6,48,POz,F6,0.00020406704816251195
theta,393,6,49,POz,F4,0.00018686535758191575
theta,394,6,50,POz,F2,0.0001774691564553693
theta,395,6,51,POz,Fz,0.00018104690672027975
theta,396,6,52,POz,F1,0.000220530257853039
theta,397,6,53,POz,F3,0.00022670997515044432
theta,398,6,54,POz,F5,0.000212997023261015
theta,399,6,55,POz,F7,0.00018771344328295442
theta,400,6,56,POz,AF4,0.00021096948299309577
theta,401,6,57,POz,AF7,0.00021627115171120027
theta,402,6,58,POz,AF3,0.00024263927066784998
theta,403,6,59,POz,Fp2,0.00021765989285034375
theta,404,6,60,POz,Fpz,0.00022990323756737744
theta,405,6,61,POz,Fp1,0.00022931448383346366
theta,406,7,8,PO3,PO7,0.00017798730312920972
theta,407,7,9,PO3,P8,0.0001574109463109591
theta,408,7,10,PO3,P6,0.0001564787606197666
theta,409,7,11,PO3,P4,0.0001741326515419973
theta,410,7,12,PO3,P2,0.000134455854369622
theta,411,7,13,PO3,Pz,0.00014932590681728054
theta,412,7,14,PO3,P1,0.00014836303203127066
theta,413,7,15,PO3,P3,0.00017750297813094745
theta,414,7,16,PO3,P5,0.00018934296493887184
theta,415,7,17,PO3,P7,0.00017503893185820277
theta,416,7,18,PO3,TP10,0.00015750896883651435
theta,417,7,19,PO3,TP8,0.0001516108853491673
theta,418,7,20,PO3,CP6,0.00016041533976361786
theta,419,7,21,PO3,CP4,0.0001593800173426662
theta,420,7,22,PO3,CP2,0.0001429208200742213
theta,421,7,23,PO3,CPz,0.00013713020677461182
theta,422,7,24,PO3,CP1,0.00014307575528323637
theta,423,7,25,PO3,CP3,0.00018144365132088518
theta,424,7,26,PO3,CP5,0.0001844731498659146
theta,425,7,27,PO3,TP7,0.00016526727502247347
theta,426,7,28,PO3,TP9,0.00017975527023792704
theta,427,7,29,PO3,T8,0.00017779139131553326
theta,428,7,30,PO3,C6,0.00019296082497713882
theta,429,7,31,PO3,C4,0.00017636707415539724
theta,430,7,32,PO3,C2,0.00014940036352028714
theta,431,7,33,PO3,Cz,0.00015589770496198332
theta,432,7,34,PO3,C1,0.00012745177714472026
theta,433,7,35,PO3,C3,0.00017050895012908716
theta,434,7,36,PO3,C5,0.0001702248205371466
theta,435,7,37,PO3,T7,0.00018017187362036685
theta,436,7,38,PO3,FT8,0.0001909210767054983
theta,437,7,39,PO3,FC6,0.00020228436908980855
theta,438,7,40,PO3,FC4,0.0001817629154720328
theta,439,7,41,PO3,FC2,0.0001623264777162476
theta,440,7,42,PO3,AF8,0.0001949438994342209
theta,441,7,43,PO3,FC1,0.0001737017414111966
theta,442,7,44,PO3,FC3,0.0001527789479848243
theta,443,7,45,PO3,FC5,0.00016176908204990043
theta,444,7,46,PO3,FT7,0.0001545223135360248
theta,445,7,47,PO3,F8,0.0001993940573606936
theta,446,7,48,PO3,F6,0.0001980311576472247
theta,447,7,49,PO3,F4,0.00017140674011122256
theta,448,7,50,PO3,F2,0.00019018999287647315
theta,449,7,51,PO3,Fz,0.00017407328047826752
theta,450,7,52,PO3,F1,0.0001658152404169792
theta,451,7,53,PO3,F3,0.00016212879314387926
theta,452,7,54,PO3,F5,0.0001702367318419263
theta,453,7,55,PO3,F7,0.000164058305607668
theta,454,7,56,PO3,AF4,0.00020427802596322906
theta,455,7,57,PO3,AF7,0.0001954969046220919
theta,456,7,58,PO3,AF3,0.00021584745621623837
theta,457,7,59,PO3,Fp2,0.0002194891880589613
theta,458,7,60,PO3,Fpz,0.00022897593916463267
theta,459,7,61,PO3,Fp1,0.00017678522948378627
theta,460,8,9,PO7,P8,0.00020078318215646795
theta,461,8,10,PO7,P6,0.0001920815539074719
theta,462,8,11,PO7,P4,0.00015722458844746277
theta,463,8,12,PO7,P2,0.00016460253167308584
theta,464,8,13,PO7,Pz,0.00015457418985969073
theta,465,8,14,PO7,P1,0.00015703230779752527
theta,466,8,15,PO7,P3,0.0001871196637061497
theta,467,8,16,PO7,P5,0.00019819916971332757
theta,468,8,17,PO7,P7,0.0001855873700146689
theta,469,8,18,PO7,TP10,0.00015440688737039773
theta,470,8,19,PO7,TP8,0.00017546970630351826
theta,471,8,20,PO7,CP6,0.00016522202910533817
theta,472,8,21,PO7,CP4,0.00014088938789234086
theta,473,8,22,PO7,CP2,0.00016612541366623165
theta,474,8,23,PO7,CPz,0.0001523898909938813
theta,475,8,24,PO7,CP1,0.00016166531712380187
theta,476,8,25,PO7,CP3,0.00018950487380038367
theta,477,8,26,PO7,CP5,0.00018089915703765782
theta,478,8,27,PO7,TP7,0.00019524646677239802
theta,479,8,28,PO7,TP9,0.00020010019899908935
theta,480,8,29,PO7,T8,0.00016922506425934555
theta,481,8,30,PO7,C6,0.00018465771982811673
theta,482,8,31,PO7,C4,0.0001852783960785829
theta,483,8,32,PO7,C2,0.00018039590365472122
theta,484,8,33,PO7,Cz,0.00020152653396785257
theta,485,8,34,PO7,C1,0.0001758005851110469
theta,486,8,35,PO7,C3,0.00021113104552644338
theta,487,8,36,PO7,C5,0.000204694838303043
theta,488,8,37,PO7,T7,0.0001674151858905494
theta,489,8,38,PO7,FT8,0.00016625141909963148
theta,490,8,39,PO7,FC6,0.00018591770425677544
theta,491,8,40,PO7,FC4,0.00018934808121310093
theta,492,8,41,PO7,FC2,0.00021402934669838936
theta,493,8,42,PO7,AF8,0.00021220714992919074
theta,494,8,43,PO7,FC1,0.00021152107111503432
theta,495,8,44,PO7,FC3,0.00021362022334433362
theta,496,8,45,PO7,FC5,0.00016511031832321945
theta,497,8,46,PO7,FT7,0.00014887391853090118
theta,498,8,47,PO7,F8,0.00017093249276172706
theta,499,8,48,PO7,F6,0.00016424241299600062
theta,500,8,49,PO7,F4,0.0001869886359376618
theta,501,8,50,PO7,F2,0.00021794753708038417
theta,502,8,51,PO7,Fz,0.00021756839734218147
theta,503,8,52,PO7,F1,0.00023051945730270993
theta,504,8,53,PO7,F3,0.00020511596370184228
theta,505,8,54,PO7,F5,0.00018134724457653106
theta,506,8,55,PO7,F7,0.00015907805593057554
theta,507,8,56,PO7,AF4,0.00021851675507467407
theta,508,8,57,PO7,AF7,0.00021754838816245782
theta,509,8,58,PO7,AF3,0.00018193804050610615
theta,510,8,59,PO7,Fp2,0.00019262801432885229
theta,511,8,60,PO7,Fpz,0.00021104710395055917
theta,512,8,61,PO7,Fp1,0.00017630242652631834
theta,513,9,10,P8,P6,0.0001762038501019186
theta,514,9,11,P8,P4,0.00017645001771665023
theta,515,9,12,P8,P2,0.00016618156246746797
theta,516,9,13,P8,Pz,0.00014938158919081864
theta,517,9,14,P8,P1,0.0001386952994673084
theta,518,9,15,P8,P3,0.00014265512607420635
theta,519,9,16,P8,P5,0.0001654365237331701
theta,520,9,17,P8,P7,0.00018748146517233896
theta,521,9,18,P8,TP10,0.00020208503240297127
theta,522,9,19,P8,TP8,0.00018297921478642576
theta,523,9,20,P8,CP6,0.00021083941825740315
theta,524,9,21,P8,CP4,0.00017403445424352492
theta,525,9,22,P8,CP2,0.00016215610642321654
theta,526,9,23,P8,CPz,0.0001579214634588822
theta,527,9,24,P8,CP1,0.00014268819878801188
theta,528,9,25,P8,CP3,0.00019568475161155767
theta,529,9,26,P8,CP5,0.00016185901803982672
theta,530,9,27,P8,TP7,0.0001858191606887699
theta,531,9,28,P8,TP9,0.00018193418453057541
theta,532,9,29,P8,T8,0.00019204041387524054
theta,533,9,30,P8,C6,0.0002314745601594128
theta,534,9,31,P8,C4,0.00018577567609017652
theta,535,9,32,P8,C2,0.00017891277161073493
theta,536,9,33,P8,Cz,0.00018927564730392122
theta,537,9,34,P8,C1,0.00018940194543652574
theta,538,9,35,P8,C3,0.0002022804320170151
theta,539,9,36,P8,C5,0.0001824563066551391
theta,540,9,37,P8,T7,0.0001880276354987396
theta,541,9,38,P8,FT8,0.00019413446744137873
theta,542,9,39,P8,FC6,0.00019841892618922642
theta,543,9,40,P8,FC4,0.00018434947983832098
theta,544,9,41,P8,FC2,0.00020082696202320207
theta,545,9,42,P8,AF8,0.0001735396634277396
theta,546,9,43,P8,FC1,0.00017712585120181678
theta,547,9,44,P8,FC3,0.00021915921657437702
theta,548,9,45,P8,FC5,0.00017980292042041194
theta,549,9,46,P8,FT7,0.00016581843047622945
theta,550,9,47,P8,F8,0.00017959107965052676
theta,551,9,48,P8,F6,0.00018992715484070617
theta,552,9,49,P8,F4,0.0001681317800229576
theta,553,9,50,P8,F2,0.00017826721735597737
theta,554,9,51,P8,Fz,0.0001738757930769337
theta,555,9,52,P8,F1,0.0002111505762196768
theta,556,9,53,P8,F3,0.00021925295760430786
theta,557,9,54,P8,F5,0.00018615998179746752
theta,558,9,55,P8,F7,0.0001676598476498216
theta,559,9,56,P8,AF4,0.00015124791818585832
theta,560,9,57,P8,AF7,0.00015770715343217133
theta,561,9,58,P8,AF3,0.00017905786424835375
theta,562,9,59,P8,Fp2,0.00012488190572239414
theta,563,9,60,P8,Fpz,0.00014920953298947553
theta,564,9,61,P8,Fp1,0.00017032289386194116
theta,565,10,11,P6,P4,0.00017512681412200655
theta,566,10,12,P6,P2,0.00016411457461618296
theta,567,10,13,P6,Pz,0.00016538368220561439
theta,568,10,14,P6,P1,0.0001470509409701493
theta,569,10,15,P6,P3,0.00015745685290918747
theta,570,10,16,P6,P5,0.0001726631012878099
theta,571,10,17,P6,P7,0.00016775521173147508
theta,572,10,18,P6,TP10,0.0002100547726623975
theta,573,10,19,P6,TP8,0.0001923195668007785
theta,574,10,20,P6,CP6,0.00018407794842945457
theta,575,10,21,P6,CP4,0.00016169383671006812
theta,576,10,22,P6,CP2,0.00015976926893922685
theta,577,10,23,P6,CPz,0.00016306741333660537
theta,578,10,24,P6,CP1,0.0001426028957941887
theta,579,10,25,P6,CP3,0.00015979973781672126
theta,580,10,26,P6,CP5,0.00016325063711366948
theta,581,10,27,P6,TP7,0.00017395586469478376
theta,582,10,28,P6,TP9,0.00015995300702458743
theta,583,10,29,P6,T8,0.00018210850688190537
theta,584,10,30,P6,C6,0.00019987181167340322
theta,585,10,31,P6,C4,0.00015257879280979866
theta,586,10,32,P6,C2,0.0001360840237553394
theta,587,10,33,P6,Cz,0.00014428252017729113
theta,588,10,34,P6,C1,0.0001537406493742237
theta,589,10,35,P6,C3,0.00016697782556245437
theta,590,10,36,P6,C5,0.00019147328715678747
theta,591,10,37,P6,T7,0.00016897484412807165
theta,592,10,38,P6,FT8,0.00019372057819802023
theta,593,10,39,P6,FC6,0.0001865973456050055
theta,594,10,40,P6,FC4,0.0001572841971123366
theta,595,10,41,P6,FC2,0.00014103244831503486
theta,596,10,42,P6,AF8,0.000134701183713395
theta,597,10,43,P6,FC1,0.00017140218858281567
theta,598,10,44,P6,FC3,0.00016949611629705417
theta,599,10,45,P6,FC5,0.00017759414530825829
theta,600,10,46,P6,FT7,0.00017616858227734183
theta,601,10,47,P6,F8,0.00019101371774964406
theta,602,10,48,P6,F6,0.00019048442721111388
theta,603,10,49,P6,F4,0.00016024897078141973
theta,604,10,50,P6,F2,0.00016190562236976326
theta,605,10,51,P6,Fz,0.00017037608164345935
theta,606,10,52,P6,F1,0.0001985275498139376
theta,607,10,53,P6,F3,0.00019879071923803492
theta,608,10,54,P6,F5,0.0002020214117973004
theta,609,10,55,P6,F7,0.00019162600638273383
theta,610,10,56,P6,AF4,0.0001705200979535035
theta,611,10,57,P6,AF7,0.0001561614748588574
theta,612,10,58,P6,AF3,0.00018973480775113385
theta,613,10,59,P6,Fp2,0.00013631653450406502
theta,614,10,60,P6,Fpz,0.00015148993630553813
theta,615,10,61,P6,Fp1,0.0001571932868771892
theta,616,11,12,P4,P2,0.00017014628421756025
theta,617,11,13,P4,Pz,0.00018939373537863398
theta,618,11,14,P4,P1,0.0001836580587124389
theta,619,11,15,P4,P3,0.0001917933662013787
theta,620,11,16,P4,P5,0.00015407082751923257
theta,621,11,17,P4,P7,0.0001460468550378441
theta,622,11,18,P4,TP10,0.00019456703676424132
theta,623,11,19,P4,TP8,0.00018812273166194247
theta,624,11,20,P4,CP6,0.00016607291694382894
theta,625,11,21,P4,CP4,0.0001376801988793904
theta,626,11,22,P4,CP2,0.00014610133987761522
theta,627,11,23,P4,CPz,0.00016101145242034334
theta,628,11,24,P4,CP1,0.0001678657656585888
theta,629,11,25,P4,CP3,0.00015133535682482338
theta,630,11,26,P4,CP5,0.00016683422810732912
theta,631,11,27,P4,TP7,0.00014551403656917536
theta,632,11,28,P4,TP9,0.0001539752787187311
theta,633,11,29,P4,T8,0.0001798616141752476
theta,634,11,30,P4,C6,0.00019160297160010842
theta,635,11,31,P4,C4,0.00015469168015216233
theta,636,11,32,P4,C2,0.000124551032493371
theta,637,11,33,P4,Cz,0.0001289126743595472
theta,638,11,34,P4,C1,0.00013367352617051217
theta,639,11,35,P4,C3,0.00015937860162248212
theta,640,11,36,P4,C5,0.00019392280393423664
theta,641,11,37,P4,T7,0.0001572126575967591
theta,642,11,38,P4,FT8,0.0001981463605429874
theta,643,11,39,P4,FC6,0.00017847288282272735
theta,644,11,40,P4,FC4,0.00013043428720597357
theta,645,11,41,P4,FC2,0.00012500459107035153
theta,646,11,42,P4,AF8,0.00012270470312623352
theta,647,11,43,P4,FC1,0.00014005941279776474
theta,648,11,44,P4,FC3,0.0001506187857169533
theta,649,11,45,P4,FC5,0.00017410124604205546
theta,650,11,46,P4,FT7,0.0001922765234281989
theta,651,11,47,P4,F8,0.00020782971216709058
theta,652,11,48,P4,F6,0.00017175830211356758
theta,653,11,49,P4,F4,0.00012661149809837485
theta,654,11,50,P4,F2,0.00013992146669045694
theta,655,11,51,P4,Fz,0.00015365047120170124
theta,656,11,52,P4,F1,0.0001588077341249749
theta,657,11,53,P4,F3,0.00018772774720171456
theta,658,11,54,P4,F5,0.00016669173608418583
theta,659,11,55,P4,F7,0.00018604544233433759
theta,660,11,56,P4,AF4,0.00016237808790078943
theta,661,11,57,P4,AF7,0.00018055771171458673
theta,662,11,58,P4,AF3,0.00018709337063652998
theta,663,11,59,P4,Fp2,0.00017633828668504734
theta,664,11,60,P4,Fpz,0.00016964572328492913
theta,665,11,61,P4,Fp1,0.00017862412167316387
theta,666,12,13,P2,Pz,0.00017230207025093272
theta,667,12,14,P2,P1,0.0001895213170048073
theta,668,12,15,P2,P3,0.00017674524965281607
theta,669,12,16,P2,P5,0.00015825516817741153
theta,670,12,17,P2,P7,0.00015537672754531892
theta,671,12,18,P2,TP10,0.0001747698773625147
theta,672,12,19,P2,TP8,0.0001778006281129188
theta,673,12,20,P2,CP6,0.00016786784000164773
theta,674,12,21,P2,CP4,0.00016211790280144402
theta,675,12,22,P2,CP2,0.00013911524744991422
theta,676,12,23,P2,CPz,0.00015073294225043213
theta,677,12,24,P2,CP1,0.00018640299010110696
theta,678,12,25,P2,CP3,0.00016841936453843175
theta,679,12,26,P2,CP5,0.00018508777635335052
theta,680,12,27,P2,TP7,0.00014053414751578623
theta,681,12,28,P2,TP9,0.000132316282211216
theta,682,12,29,P2,T8,0.00020493007626003144
theta,683,12,30,P2,C6,0.0001815368669249533
theta,684,12,31,P2,C4,0.0001335380266907472
theta,685,12,32,P2,C2,0.00014323237399359383
theta,686,12,33,P2,Cz,0.00013935301835856328
theta,687,12,34,P2,C1,0.00013947662485560105
theta,688,12,35,P2,C3,0.0001512643327409029
theta,689,12,36,P2,C5,0.00017781974630351789
theta,690,12,37,P2,T7,0.00015947187157906462
theta,691,12,38,P2,FT8,0.00019460263159891652
theta,692,12,39,P2,FC6,0.0001584053614017542
theta,693,12,40,P2,FC4,0.0001454337901794193
theta,694,12,41,P2,FC2,0.0001315984368636257
theta,695,12,42,P2,AF8,0.00013238949543247056
theta,696,12,43,P2,FC1,0.00014341606862522554
theta,697,12,44,P2,FC3,0.00016033553593002028
theta,698,12,45,P2,FC5,0.00021549852929938804
theta,699,12,46,P2,FT7,0.00019260299429246184
theta,700,12,47,P2,F8,0.00019723605601013362
theta,701,12,48,P2,F6,0.00017146348059042814
theta,702,12,49,P2,F4,0.00013828875938472695
theta,703,12,50,P2,F2,0.00014536985742076767
theta,704,12,51,P2,Fz,0.00015233673438859243
theta,705,12,52,P2,F1,0.00015253440742776336
theta,706,12,53,P2,F3,0.00017698412590838177
theta,707,12,54,P2,F5,0.00016792655554059372
theta,708,12,55,P2,F7,0.0001867505510344553
theta,709,12,56,P2,AF4,0.00015764295862356442
theta,710,12,57,P2,AF7,0.00016486275132516413
theta,711,12,58,P2,AF3,0.0001694459987551637
theta,712,12,59,P2,Fp2,0.0001584065095116531
theta,713,12,60,P2,Fpz,0.00017966747021185464
theta,714,12,61,P2,Fp1,0.00019912945184967908
theta,715,13,14,Pz,P1,0.00022188769089588313
theta,716,13,15,Pz,P3,0.00018071777852898997
theta,717,13,16,Pz,P5,0.00016286870289642218
theta,718,13,17,Pz,P7,0.0001528285133514641
theta,719,13,18,Pz,TP10,0.0001607120256398054
theta,720,13,19,Pz,TP8,0.0001609565587986274
theta,721,13,20,Pz,CP6,0.00017891607790431897
theta,722,13,21,Pz,CP4,0.00018839312385994115
theta,723,13,22,Pz,CP2,0.00015674400449261792
theta,724,13,23,Pz,CPz,0.000137748324850688
theta,725,13,24,Pz,CP1,0.00018803637297370868
theta,726,13,25,Pz,CP3,0.00017707590157606343
theta,727,13,26,Pz,CP5,0.0001998773104245544
theta,728,13,27,Pz,TP7,0.0001650831199469383
theta,729,13,28,Pz,TP9,0.00015677560785030015
theta,730,13,29,Pz,T8,0.00020982175553847159
theta,731,13,30,Pz,C6,0.00019525560189826365
theta,732,13,31,Pz,C4,0.0001446723882812164
theta,733,13,32,Pz,C2,0.00014869011883767265
theta,734,13,33,Pz,Cz,0.00014754173391452185
theta,735,13,34,Pz,C1,0.00015073975679699648
theta,736,13,35,Pz,C3,0.00015722989988327932
theta,737,13,36,Pz,C5,0.00017045965326331026
theta,738,13,37,Pz,T7,0.00018630191016394095
theta,739,13,38,Pz,FT8,0.00022073563646678884
theta,740,13,39,Pz,FC6,0.0002207049543173645
theta,741,13,40,Pz,FC4,0.00016605554333874216
theta,742,13,41,Pz,FC2,0.00013945222252967522
theta,743,13,42,Pz,AF8,0.00015321300187707814
theta,744,13,43,Pz,FC1,0.00015498224860349127
theta,745,13,44,Pz,FC3,0.0001576876219106613
theta,746,13,45,Pz,FC5,0.0001979858635591778
theta,747,13,46,Pz,FT7,0.00020877343004893932
theta,748,13,47,Pz,F8,0.00020428135311939972
theta,749,13,48,Pz,F6,0.0001991966608698809
theta,750,13,49,Pz,F4,0.00015423002260469656
theta,751,13,50,Pz,F2,0.00015825407063530333
theta,752,13,51,Pz,Fz,0.0001583381241149105
theta,753,13,52,Pz,F1,0.00015941575441448324
theta,754,13,53,Pz,F3,0.00018865361909276154
theta,755,13,54,Pz,F5,0.00018571732067828323
theta,756,13,55,Pz,F7,0.00019087391556341383
theta,757,13,56,Pz,AF4,0.00016008726994130957
theta,758,13,57,Pz,AF7,0.00016017883910063655
theta,759,13,58,Pz,AF3,0.0001758691692544001
theta,760,13,59,Pz,Fp2,0.0001745694452325479
theta,761,13,60,Pz,Fpz,0.0002008603533830357
theta,762,13,61,Pz,Fp1,0.00020064012812926182
theta,763,14,15,P1,P3,0.0001734184503745562
theta,764,14,16,P1,P5,0.00016209050369515372
theta,765,14,17,P1,P7,0.00015719502575965933
theta,766,14,18,P1,TP10,0.00016647062091032944
theta,767,14,19,P1,TP8,0.00015935571134466936
theta,768,14,20,P1,CP6,0.00017831767124277102
theta,769,14,21,P1,CP4,0.0001838736994942278
theta,770,14,22,P1,CP2,0.00017289420616673864
theta,771,14,23,P1,CPz,0.00014339887997873787
theta,772,14,24,P1,CP1,0.00015005702785675628
theta,773,14,25,P1,CP3,0.00018288174046345146
theta,774,14,26,P1,CP5,0.0001876453866343131
theta,775,14,27,P1,TP7,0.0001714116699699624
theta,776,14,28,P1,TP9,0.00016198965637748928
theta,777,14,29,P1,T8,0.0001910877803931737
theta,778,14,30,P1,C6,0.00019750334313890826
theta,779,14,31,P1,C4,0.0001635531969117053
theta,780,14,32,P1,C2,0.0001383016065479239
theta,781,14,33,P1,Cz,0.00013028660079741184
theta,782,14,34,P1,C1,0.00013678522312614684
theta,783,14,35,P1,C3,0.0001694408612593166
theta,784,14,36,P1,C5,0.00017756694618095207
theta,785,14,37,P1,T7,0.00019446768296882134
theta,786,14,38,P1,FT8,0.0002395215106085923
theta,787,14,39,P1,FC6,0.00019818100478076098
theta,788,14,40,P1,FC4,0.0001619628181418995
theta,789,14,41,P1,FC2,0.00014339804820982324
theta,790,14,42,P1,AF8,0.00014057054241241163
theta,791,14,43,P1,FC1,0.0001562365062680627
theta,792,14,44,P1,FC3,0.00016292904227391676
theta,793,14,45,P1,FC5,0.00019620883451058245
theta,794,14,46,P1,FT7,0.00018893167759062086
theta,795,14,47,P1,F8,0.0002115151063463721
theta,796,14,48,P1,F6,0.00016992163493707304
theta,797,14,49,P1,F4,0.0001463103404038716
theta,798,14,50,P1,F2,0.0001561696360054021
theta,799,14,51,P1,Fz,0.0001418997469601562
theta,800,14,52,P1,F1,0.00014004237699161075
theta,801,14,53,P1,F3,0.00014227022474234445
theta,802,14,54,P1,F5,0.00016010083814175567
theta,803,14,55,P1,F7,0.0001798760637357843
theta,804,14,56,P1,AF4,0.00015623068465672225
theta,805,14,57,P1,AF7,0.00014058576807848914
theta,806,14,58,P1,AF3,0.00014863388153248862
theta,807,14,59,P1,Fp2,0.0001768658415426712
theta,808,14,60,P1,Fpz,0.0001870039203565942
theta,809,14,61,P1,Fp1,0.00016442339899079935
theta,810,15,16,P3,P5,0.00017500055354665296
theta,811,15,17,P3,P7,0.00016522911616559684
theta,812,15,18,P3,TP10,0.00014773338012909952
theta,813,15,19,P3,TP8,0.0001529969405956244
theta,814,15,20,P3,CP6,0.00017488177938386983
theta,815,15,21,P3,CP4,0.00017876791643071078
theta,816,15,22,P3,CP2,0.0001565536259845373
theta,817,15,23,P3,CPz,0.00016658928653112936
theta,818,15,24,P3,CP1,0.00015459574690232516
theta,819,15,25,P3,CP3,0.00016326396555855629
theta,820,15,26,P3,CP5,0.00018824448252855139
theta,821,15,27,P3,TP7,0.00015933271563053818
theta,822,15,28,P3,TP9,0.00016406609311648922
theta,823,15,29,P3,T8,0.00018147272285108036
theta,824,15,30,P3,C6,0.00020621035021318478
theta,825,15,31,P3,C4,0.00019501387615689745
theta,826,15,32,P3,C2,0.0001483153940655824
theta,827,15,33,P3,Cz,0.00014104326084858805
theta,828,15,34,P3,C1,0.0001349992193302025
theta,829,15,35,P3,C3,0.000164833470079708
theta,830,15,36,P3,C5,0.00017740837657070297
theta,831,15,37,P3,T7,0.00019224487481620434
theta,832,15,38,P3,FT8,0.0002053748243621408
theta,833,15,39,P3,FC6,0.00019671642244519747
theta,834,15,40,P3,FC4,0.00020792091544565694
theta,835,15,41,P3,FC2,0.0001819770209891437
theta,836,15,42,P3,AF8,0.0001644691053954913
theta,837,15,43,P3,FC1,0.000169885596530069
theta,838,15,44,P3,FC3,0.00015916758668593824
theta,839,15,45,P3,FC5,0.00016271285350244485
theta,840,15,46,P3,FT7,0.00016251990465845114
theta,841,15,47,P3,F8,0.00020574724907423134
theta,842,15,48,P3,F6,0.0001661101625061782
theta,843,15,49,P3,F4,0.00018321519041185067
theta,844,15,50,P3,F2,0.00017657681150837023
theta,845,15,51,P3,Fz,0.00017878495409254328
theta,846,15,52,P3,F1,0.00017168572399545195
theta,847,15,53,P3,F3,0.00015343606539991827
theta,848,15,54,P3,F5,0.00016236778305636626
theta,849,15,55,P3,F7,0.00015618104110487097
theta,850,15,56,P3,AF4,0.00016754511595871345
theta,851,15,57,P3,AF7,0.00018031811506015938
theta,852,15,58,P3,AF3,0.00017774341957820539
theta,853,15,59,P3,Fp2,0.00020614407746764337
theta,854,15,60,P3,Fpz,0.00019790660763332758
theta,855,15,61,P3,Fp1,0.0001732118645165639
theta,856,16,17,P5,P7,0.00015968120382147687
theta,857,16,18,P5,TP10,0.00016111203475048202
theta,858,16,19,P5,TP8,0.00017012930684656005
theta,859,16,20,P5,CP6,0.0001861712681729513
theta,860,16,21,P5,CP4,0.0001718806358016061
theta,861,16,22,P5,CP2,0.00017939976685946556
theta,862,16,23,P5,CPz,0.00017796795258871338
theta,863,16,24,P5,CP1,0.00015804197312727417
theta,864,16,25,P5,CP3,0.00016369444553152572
theta,865,16,26,P5,CP5,0.00018424311016214794
theta,866,16,27,P5,TP7,0.0001915210182811461
theta,867,16,28,P5,TP9,0.0002115598753135268
theta,868,16,29,P5,T8,0.00015763633298031602
theta,869,16,30,P5,C6,0.00019359398185296727
theta,870,16,31,P5,C4,0.00018348795380835126
theta,871,16,32,P5,C2,0.00017311050396384215
theta,872,16,33,P5,Cz,0.000159886390583159
theta,873,16,34,P5,C1,0.00013780262560266716
theta,874,16,35,P5,C3,0.00020018452983883362
theta,875,16,36,P5,C5,0.00018516083497463592
theta,876,16,37,P5,T7,0.00017835251123199495
theta,877,16,38,P5,FT8,0.00018229577771308644
theta,878,16,39,P5,FC6,0.00018951363568061333
theta,879,16,40,P5,FC4,0.00021040069358408035
theta,880,16,41,P5,FC2,0.0001731471013950795
theta,881,16,42,P5,AF8,0.00019119611157163776
theta,882,16,43,P5,FC1,0.00015325342266780923
theta,883,16,44,P5,FC3,0.00017526285033613387
theta,884,16,45,P5,FC5,0.00016998395813919525
theta,885,16,46,P5,FT7,0.00018596882376120436
theta,886,16,47,P5,F8,0.00018247520737344115
theta,887,16,48,P5,F6,0.0001744308909851235
theta,888,16,49,P5,F4,0.00018118830722082662
theta,889,16,50,P5,F2,0.0001710391357564815
theta,890,16,51,P5,Fz,0.00018073216960018298
theta,891,16,52,P5,F1,0.00017224341896603107
theta,892,16,53,P5,F3,0.00017328367914316888
theta,893,16,54,P5,F5,0.00015901669659226835
theta,894,16,55,P5,F7,0.00016979050382609373
theta,895,16,56,P5,AF4,0.00018214026177669574
theta,896,16,57,P5,AF7,0.00019741307585626044
theta,897,16,58,P5,AF3,0.0001838253138138238
theta,898,16,59,P5,Fp2,0.00019739299964651748
theta,899,16,60,P5,Fpz,0.0001896380242973525
theta,900,16,61,P5,Fp1,0.00017468571827096397
theta,901,17,18,P7,TP10,0.00019101849889883614
theta,902,17,19,P7,TP8,0.00020303286986271207
theta,903,17,20,P7,CP6,0.0001786691733349176
theta,904,17,21,P7,CP4,0.00018268093445027753
theta,905,17,22,P7,CP2,0.00018593302701700994
theta,906,17,23,P7,CPz,0.00016685322367564892
theta,907,17,24,P7,CP1,0.00016811206462570382
theta,908,17,25,P7,CP3,0.00016542868306406087
theta,909,17,26,P7,CP5,0.00020195997148726407
theta,910,17,27,P7,TP7,0.0002034379937249484
theta,911,17,28,P7,TP9,0.00021243517393246605
theta,912,17,29,P7,T8,0.00020032049142951688
theta,913,17,30,P7,C6,0.00019849749887722703
theta,914,17,31,P7,C4,0.00019694371953032499
theta,915,17,32,P7,C2,0.00019466643633775962
theta,916,17,33,P7,Cz,0.00019330370041652488
theta,917,17,34,P7,C1,0.00019626797953482654
theta,918,17,35,P7,C3,0.00021231038683059057
theta,919,17,36,P7,C5,0.00020610266071511792
theta,920,17,37,P7,T7,0.00018694672044168405
theta,921,17,38,P7,FT8,0.00020787647350335015
theta,922,17,39,P7,FC6,0.00020741413776046496
theta,923,17,40,P7,FC4,0.0002061510584898662
theta,924,17,41,P7,FC2,0.00019623820367148454
theta,925,17,42,P7,AF8,0.00019035875962110897
theta,926,17,43,P7,FC1,0.00017906767508010435
theta,927,17,44,P7,FC3,0.00020204850465759596
theta,928,17,45,P7,FC5,0.0001731886073387831
theta,929,17,46,P7,FT7,0.00018408542440388845
theta,930,17,47,P7,F8,0.00018881804062662993
theta,931,17,48,P7,F6,0.00018753135514729423
theta,932,17,49,P7,F4,0.0001810895548680991
theta,933,17,50,P7,F2,0.0002078992106186568
theta,934,17,51,P7,Fz,0.00020197219072998473
theta,935,17,52,P7,F1,0.0001803054241788019
theta,936,17,53,P7,F3,0.00016337645424720025
theta,937,17,54,P7,F5,0.0001647211944944413
theta,938,17,55,P7,F7,0.00015846699497974547
theta,939,17,56,P7,AF4,0.00018181138575759762
theta,940,17,57,P7,AF7,0.00018143982316288343
theta,941,17,58,P7,AF3,0.00016396543222044015
theta,942,17,59,P7,Fp2,0.00016567141581982605
theta,943,17,60,P7,Fpz,0.0001703686998480087
theta,944,17,61,P7,Fp1,0.00014434237987333629
theta,945,18,19,TP10,TP8,0.00023034652984287824
theta,946,18,20,TP10,CP6,0.00022531826402697898
theta,947,18,21,TP10,CP4,0.00021967335599907067
theta,948,18,22,TP10,CP2,0.00019756645242144833
theta,949,18,23,TP10,CPz,0.00019605006211234196
theta,950,18,24,TP10,CP1,0.00021852706250421444
theta,951,18,25,TP10,CP3,0.00022135860169403043
theta,952,18,26,TP10,CP5,0.00018776630168111408
theta,953,18,27,TP10,TP7,0.00022681148330742644
theta,954,18,28,TP10,TP9,0.0002500104006016515
theta,955,18,29,TP10,T8,0.00020032408795103517
theta,956,18,30,TP10,C6,0.00022621349175751729
theta,957,18,31,TP10,C4,0.00021679721858218574
theta,958,18,32,TP10,C2,0.00021671212947303183
theta,959,18,33,TP10,Cz,0.0002295921467657694
theta,960,18,34,TP10,C1,0.00022712319403074007
theta,961,18,35,TP10,C3,0.00021014525482173735
theta,962,18,36,TP10,C5,0.00019739070286176885
theta,963,18,37,TP10,T7,0.0002053244529848002
theta,964,18,38,TP10,FT8,0.00019181505102789154
theta,965,18,39,TP10,FC6,0.00019134504806960986
theta,966,18,40,TP10,FC4,0.00016890876916213007
theta,967,18,41,TP10,FC2,0.00021277712515923504
theta,968,18,42,TP10,AF8,0.0001962487515026155
theta,969,18,43,TP10,FC1,0.0001872593284038763
theta,970,18,44,TP10,FC3,0.00019682016086458088
theta,971,18,45,TP10,FC5,0.00018126208070305786
theta,972,18,46,TP10,FT7,0.0002044380823973513
theta,973,18,47,TP10,F8,0.0001771909810411941
theta,974,18,48,TP10,F6,0.00018240354331811162
theta,975,18,49,TP10,F4,0.0001622575721751648
theta,976,18,50,TP10,F2,0.00018892561179549659
theta,977,18,51,TP10,Fz,0.00018891157738178764
theta,978,18,52,TP10,F1,0.00019144204330824553
theta,979,18,53,TP10,F3,0.00019142709830575843
theta,980,18,54,TP10,F5,0.00018561357788443928
theta,981,18,55,TP10,F7,0.00018242336908602793
theta,982,18,56,TP10,AF4,0.00016362589796116428
theta,983,18,57,TP10,AF7,0.00015566226162843868
theta,984,18,58,TP10,AF3,0.00017460475299700267
theta,985,18,59,TP10,Fp2,0.00014901665401094154
theta,986,18,60,TP10,Fpz,0.0001564379272518341
theta,987,18,61,TP10,Fp1,0.00017347088624896948
theta,988,19,20,TP8,CP6,0.0002323387362308544
theta,989,19,21,TP8,CP4,0.00024071323186734952
theta,990,19,22,TP8,CP2,0.0001945580042805796
theta,991,19,23,TP8,CPz,0.0002077662809453178
theta,992,19,24,TP8,CP1,0.0001817803632488054
theta,993,19,25,TP8,CP3,0.00021248722041120396
theta,994,19,26,TP8,CP5,0.00017585167281957632
theta,995,19,27,TP8,TP7,0.00022905480797843496
theta,996,19,28,TP8,TP9,0.00020580563038126838
theta,997,19,29,TP8,T8,0.0001908401544564745
theta,998,19,30,TP8,C6,0.00021764517727277923
theta,999,19,31,TP8,C4,0.00017715942652434677
theta,1000,19,32,TP8,C2,0.00019261564896426474
theta,1001,19,33,TP8,Cz,0.000201419435544819
theta,1002,19,34,TP8,C1,0.0002405342763419611
theta,1003,19,35,TP8,C3,0.0002636729786121447
theta,1004,19,36,TP8,C5,0.00022308321196662945
theta,1005,19,37,TP8,T7,0.00020949753953113012
theta,1006,19,38,TP8,FT8,0.00020116791988031
theta,1007,19,39,TP8,FC6,0.00020215610729619362
theta,1008,19,40,TP8,FC4,0.00018363350738770574
theta,1009,19,41,TP8,FC2,0.00019744456407379602
theta,1010,19,42,TP8,AF8,0.00018662227214251236
theta,1011,19,43,TP8,FC1,0.0002220803545743839
theta,1012,19,44,TP8,FC3,0.0001792548725146779
theta,1013,19,45,TP8,FC5,0.00016780670832127593
theta,1014,19,46,TP8,FT7,0.00020609691044505535
theta,1015,19,47,TP8,F8,0.00017663702652368564
theta,1016,19,48,TP8,F6,0.00019098083514631882
theta,1017,19,49,TP8,F4,0.00016900553054494339
theta,1018,19,50,TP8,F2,0.00018694848859381188
theta,1019,19,51,TP8,Fz,0.00018132613227179347
theta,1020,19,52,TP8,F1,0.0001817201825349622
theta,1021,19,53,TP8,F3,0.00015939693068539677
theta,1022,19,54,TP8,F5,0.00016344178554729627
theta,1023,19,55,TP8,F7,0.00018190042771374057
theta,1024,19,56,TP8,AF4,0.0001419738478604775
theta,1025,19,57,TP8,AF7,0.0001434929313410127
theta,1026,19,58,TP8,AF3,0.00014398371973024037
theta,1027,19,59,TP8,Fp2,0.0001401102618198921
theta,1028,19,60,TP8,Fpz,0.0001424001939139194
theta,1029,19,61,TP8,Fp1,0.00015522183412495588
theta,1030,20,21,CP6,CP4,0.00020994537034377272
theta,1031,20,22,CP6,CP2,0.00019766466872228722
theta,1032,20,23,CP6,CPz,0.00022157906869513453
theta,1033,20,24,CP6,CP1,0.00020540797655119145
theta,1034,20,25,CP6,CP3,0.00022572662178834438
theta,1035,20,26,CP6,CP5,0.0002194320962665623
theta,1036,20,27,CP6,TP7,0.00022812634861389382
theta,1037,20,28,CP6,TP9,0.00023586952506813365
theta,1038,20,29,CP6,T8,0.00017808493040996702
theta,1039,20,30,CP6,C6,0.00019609882450968586
theta,1040,20,31,CP6,C4,0.00018948579137956093
theta,1041,20,32,CP6,C2,0.00019176634926877496
theta,1042,20,33,CP6,Cz,0.0001873147076388445
theta,1043,20,34,CP6,C1,0.00018656796458004263
theta,1044,20,35,CP6,C3,0.00023383348048809318
theta,1045,20,36,CP6,C5,0.00020547596708671428
theta,1046,20,37,CP6,T7,0.0001894042458284309
theta,1047,20,38,CP6,FT8,0.00019568346513405884
theta,1048,20,39,CP6,FC6,0.0001907229211773652
theta,1049,20,40,CP6,FC4,0.00016804087559823595
theta,1050,20,41,CP6,FC2,0.00017080330103148698
theta,1051,20,42,CP6,AF8,0.00016685620304111824
theta,1052,20,43,CP6,FC1,0.00015268983018540942
theta,1053,20,44,CP6,FC3,0.0001758142343017889
theta,1054,20,45,CP6,FC5,0.00018510572591604561
theta,1055,20,46,CP6,FT7,0.00017458554558467767
theta,1056,20,47,CP6,F8,0.0002028382166471953
theta,1057,20,48,CP6,F6,0.00017840196417761656
theta,1058,20,49,CP6,F4,0.00016503991254893343
theta,1059,20,50,CP6,F2,0.00017338782874789824
theta,1060,20,51,CP6,Fz,0.00017683284510642872
theta,1061,20,52,CP6,F1,0.0001721257260563625
theta,1062,20,53,CP6,F3,0.0001880214237413989
theta,1063,20,54,CP6,F5,0.0001831099523903946
theta,1064,20,55,CP6,F7,0.00018291272661718564
theta,1065,20,56,CP6,AF4,0.00016220955454058185
theta,1066,20,57,CP6,AF7,0.00018270039638804093
theta,1067,20,58,CP6,AF3,0.0001804160077925528
theta,1068,20,59,CP6,Fp2,0.00015192300736326065
theta,1069,20,60,CP6,Fpz,0.00018016286865490586
theta,1070,20,61,CP6,Fp1,0.00016999933972592073
theta,1071,21,22,CP4,CP2,0.00021510391190917346
theta,1072,21,23,CP4,CPz,0.00022626868365607848
theta,1073,21,24,CP4,CP1,0.00021139048757134625
theta,1074,21,25,CP4,CP3,0.000229465094198238
theta,1075,21,26,CP4,CP5,0.0002068657991463712
theta,1076,21,27,CP4,TP7,0.00021870283146751762
theta,1077,21,28,CP4,TP9,0.00024301289271177364
theta,1078,21,29,CP4,T8,0.00021905121865550313
theta,1079,21,30,CP4,C6,0.00020787021152455284
theta,1080,21,31,CP4,C4,0.00014219808425313313
theta,1081,21,32,CP4,C2,0.0001550191534481059
theta,1082,21,33,CP4,Cz,0.00017822428923551157
theta,1083,21,34,CP4,C1,0.0001722627192386742
theta,1084,21,35,CP4,C3,0.00019589731492066731
theta,1085,21,36,CP4,C5,0.0001859275387874815
theta,1086,21,37,CP4,T7,0.0002088311336370967
theta,1087,21,38,CP4,FT8,0.0002011572371416439
theta,1088,21,39,CP4,FC6,0.00015513613892228302
theta,1089,21,40,CP4,FC4,0.0001358342674260651
theta,1090,21,41,CP4,FC2,0.00014701658765868493
theta,1091,21,42,CP4,AF8,0.00014958245857474127
theta,1092,21,43,CP4,FC1,0.0001378048829799889
theta,1093,21,44,CP4,FC3,0.00014651065283405331
theta,1094,21,45,CP4,FC5,0.00016611771687538774
theta,1095,21,46,CP4,FT7,0.000175622265421454
theta,1096,21,47,CP4,F8,0.0001772503495262217
theta,1097,21,48,CP4,F6,0.00014939437314739359
theta,1098,21,49,CP4,F4,0.0001357854692919229
theta,1099,21,50,CP4,F2,0.00014524293943649923
theta,1100,21,51,CP4,Fz,0.00014537354508461866
theta,1101,21,52,CP4,F1,0.00012633254421338505
theta,1102,21,53,CP4,F3,0.00012970421315896237
theta,1103,21,54,CP4,F5,0.00014453219141927413
theta,1104,21,55,CP4,F7,0.00014584989345681594
theta,1105,21,56,CP4,AF4,0.00014624959441398455
theta,1106,21,57,CP4,AF7,0.00014452912963782485
theta,1107,21,58,CP4,AF3,0.00013387746792077392
theta,1108,21,59,CP4,Fp2,0.0001474698988257843
theta,1109,21,60,CP4,Fpz,0.0001513492704485414
theta,1110,21,61,CP4,Fp1,0.00014580162291582397
theta,1111,22,23,CP2,CPz,0.00020053763929869816
theta,1112,22,24,CP2,CP1,0.00018261341578839057
theta,1113,22,25,CP2,CP3,0.00020239386621604102
theta,1114,22,26,CP2,CP5,0.00021487843932882326
theta,1115,22,27,CP2,TP7,0.00022814998467819464
theta,1116,22,28,CP2,TP9,0.00020287325299213343
theta,1117,22,29,CP2,T8,0.000186785933675384
theta,1118,22,30,CP2,C6,0.0001663497520442592
theta,1119,22,31,CP2,C4,0.00015535799040438644
theta,1120,22,32,CP2,C2,0.0001396904740708374
theta,1121,22,33,CP2,Cz,0.00014278586315074091
theta,1122,22,34,CP2,C1,0.00013737930615241193
theta,1123,22,35,CP2,C3,0.00016874086883046798
theta,1124,22,36,CP2,C5,0.0001784726556758066
theta,1125,22,37,CP2,T7,0.00020206728839957975
theta,1126,22,38,CP2,FT8,0.00015900364857432698
theta,1127,22,39,CP2,FC6,0.00016691238451655455
theta,1128,22,40,CP2,FC4,0.00015078474616349514
theta,1129,22,41,CP2,FC2,0.0001425538906203345
theta,1130,22,42,CP2,AF8,0.00014482328291979228
theta,1131,22,43,CP2,FC1,0.00013496093817411616
theta,1132,22,44,CP2,FC3,0.00014309698526367617
theta,1133,22,45,CP2,FC5,0.0001657255712608409
theta,1134,22,46,CP2,FT7,0.00021292900215897888
theta,1135,22,47,CP2,F8,0.00016722410739000883
theta,1136,22,48,CP2,F6,0.00016522074091565906
theta,1137,22,49,CP2,F4,0.00015430242219485307
theta,1138,22,50,CP2,F2,0.00013106785421517845
theta,1139,22,51,CP2,Fz,0.00013580002821714704
theta,1140,22,52,CP2,F1,0.00013048847320450268
theta,1141,22,53,CP2,F3,0.00011778899944438782
theta,1142,22,54,CP2,F5,0.0001307190902363838
theta,1143,22,55,CP2,F7,0.0001773886578119244
theta,1144,22,56,CP2,AF4,0.00012787097759594165
theta,1145,22,57,CP2,AF7,0.00012728608286773744
theta,1146,22,58,CP2,AF3,0.00011413246694124024
theta,1147,22,59,CP2,Fp2,0.00016129674180919757
theta,1148,22,60,CP2,Fpz,0.0001526703104797033
theta,1149,22,61,CP2,Fp1,0.000168597608310592
theta,1150,23,24,CPz,CP1,0.00023040048529642887
theta,1151,23,25,CPz,CP3,0.0001950417853870122
theta,1152,23,26,CPz,CP5,0.0002064594742648734
theta,1153,23,27,CPz,TP7,0.00018654876251493995
theta,1154,23,28,CPz,TP9,0.00019771518604781092
theta,1155,23,29,CPz,T8,0.00021198340273910084
theta,1156,23,30,CPz,C6,0.00019090687640707085
theta,1157,23,31,CPz,C4,0.0002247465533516992
theta,1158,23,32,CPz,C2,0.00015430733818899955
theta,1159,23,33,CPz,Cz,0.00012703682003775254
theta,1160,23,34,CPz,C1,0.00014538956575827527
theta,1161,23,35,CPz,C3,0.00017801105395461
theta,1162,23,36,CPz,C5,0.00015637100311573663
theta,1163,23,37,CPz,T7,0.00019504665598664355
theta,1164,23,38,CPz,FT8,0.00020549139864889753
theta,1165,23,39,CPz,FC6,0.0001814252509091054
theta,1166,23,40,CPz,FC4,0.00015618409347570203
theta,1167,23,41,CPz,FC2,0.00015732132629453296
theta,1168,23,42,CPz,AF8,0.0001566852549961343
theta,1169,23,43,CPz,FC1,0.00015395663261583235
theta,1170,23,44,CPz,FC3,0.00015637477567214775
theta,1171,23,45,CPz,FC5,0.00017602724483838794
theta,1172,23,46,CPz,FT7,0.0002049462107823692
theta,1173,23,47,CPz,F8,0.000207220607197289
theta,1174,23,48,CPz,F6,0.0001445854396843309
theta,1175,23,49,CPz,F4,0.00013190606707160597
theta,1176,23,50,CPz,F2,0.00014927966742554833
theta,1177,23,51,CPz,Fz,0.00015262875303514892
theta,1178,23,52,CPz,F1,0.00015685233185316433
theta,1179,23,53,CPz,F3,0.0001589082608299491
theta,1180,23,54,CPz,F5,0.00016043554814033895
theta,1181,23,55,CPz,F7,0.00018002426356790487
theta,1182,23,56,CPz,AF4,0.00012898795202773207
theta,1183,23,57,CPz,AF7,0.00012773573643338722
theta,1184,23,58,CPz,AF3,0.00014011116074935014
theta,1185,23,59,CPz,Fp2,0.00016989624638398125
theta,1186,23,60,CPz,Fpz,0.00016401402761152334
theta,1187,23,61,CPz,Fp1,0.00018832281088122658
theta,1188,24,25,CP1,CP3,0.00020777057363033195
theta,1189,24,26,CP1,CP5,0.00020788000815797833
theta,1190,24,27,CP1,TP7,0.00021006705275213822
theta,1191,24,28,CP1,TP9,0.00021001206790282738
theta,1192,24,29,CP1,T8,0.0002430591673578228
theta,1193,24,30,CP1,C6,0.00024439660850472975
theta,1194,24,31,CP1,C4,0.0002284152734396417
theta,1195,24,32,CP1,C2,0.00019449149809908854
theta,1196,24,33,CP1,Cz,0.00018021349054690746
theta,1197,24,34,CP1,C1,0.00016520083662529558
theta,1198,24,35,CP1,C3,0.00016764678220419017
theta,1199,24,36,CP1,C5,0.00017511061577033313
theta,1200,24,37,CP1,T7,0.00019042914082682485
theta,1201,24,38,CP1,FT8,0.00018974267418602823
theta,1202,24,39,CP1,FC6,0.00019879735637397312
theta,1203,24,40,CP1,FC4,0.0001612064662632633
theta,1204,24,41,CP1,FC2,0.0001608297578436035
theta,1205,24,42,CP1,AF8,0.00016993616017084169
theta,1206,24,43,CP1,FC1,0.0001854119486311866
theta,1207,24,44,CP1,FC3,0.0001802437097009251
theta,1208,24,45,CP1,FC5,0.0002073325467389419
theta,1209,24,46,CP1,FT7,0.00019443579698188152
theta,1210,24,47,CP1,F8,0.00021213094512989532
theta,1211,24,48,CP1,F6,0.00017771584726114457
theta,1212,24,49,CP1,F4,0.00015893777181577514
theta,1213,24,50,CP1,F2,0.00014875932525580633
theta,1214,24,51,CP1,Fz,0.00014659000687387475
theta,1215,24,52,CP1,F1,0.0001549212442134817
theta,1216,24,53,CP1,F3,0.00016010464476785526
theta,1217,24,54,CP1,F5,0.00017124758680437394
theta,1218,24,55,CP1,F7,0.00016249611764375117
theta,1219,24,56,CP1,AF4,0.00015519388220141728
theta,1220,24,57,CP1,AF7,0.00013318865406091075
theta,1221,24,58,CP1,AF3,0.00014412765449843334
theta,1222,24,59,CP1,Fp2,0.00017056753832153036
theta,1223,24,60,CP1,Fpz,0.00016399795473848094
theta,1224,24,61,CP1,Fp1,0.00018792735773102403
theta,1225,25,26,CP3,CP5,0.00022251965333906133
theta,1226,25,27,CP3,TP7,0.00021348572644138152
theta,1227,25,28,CP3,TP9,0.00020850697505608314
theta,1228,25,29,CP3,T8,0.00022527673868611526
theta,1229,25,30,CP3,C6,0.0002336660826533613
theta,1230,25,31,CP3,C4,0.0002119582229055565
theta,1231,25,32,CP3,C2,0.00018801558978880263
theta,1232,25,33,CP3,Cz,0.00016458985346368303
theta,1233,25,34,CP3,C1,0.0001528032252710212
theta,1234,25,35,CP3,C3,0.00016275192814874657
theta,1235,25,36,CP3,C5,0.0001766241027754829
theta,1236,25,37,CP3,T7,0.00019411279757902518
theta,1237,25,38,CP3,FT8,0.00021181077864581638
theta,1238,25,39,CP3,FC6,0.0001836403268372416
theta,1239,25,40,CP3,FC4,0.00016060948733425217
theta,1240,25,41,CP3,FC2,0.00015871875602213706
theta,1241,25,42,CP3,AF8,0.0001498663121722262
theta,1242,25,43,CP3,FC1,0.0001761684841048488
theta,1243,25,44,CP3,FC3,0.0001749754880123537
theta,1244,25,45,CP3,FC5,0.00018627035402244565
theta,1245,25,46,CP3,FT7,0.0001716023452161203
theta,1246,25,47,CP3,F8,0.00016127463195977362
theta,1247,25,48,CP3,F6,0.00015370584955611653
theta,1248,25,49,CP3,F4,0.00015288202364601748
theta,1249,25,50,CP3,F2,0.00016145126056865176
theta,1250,25,51,CP3,Fz,0.00016194840566567648
theta,1251,25,52,CP3,F1,0.00017595311947361892
theta,1252,25,53,CP3,F3,0.00016436890177840135
theta,1253,25,54,CP3,F5,0.00016163860664985806
theta,1254,25,55,CP3,F7,0.00016872885332812454
theta,1255,25,56,CP3,AF4,0.00014628421412961687
theta,1256,25,57,CP3,AF7,0.00016421586872022369
theta,1257,25,58,CP3,AF3,0.00016198923363678589
theta,1258,25,59,CP3,Fp2,0.00018048266106998257
theta,1259,25,60,CP3,Fpz,0.0001793319560074814
theta,1260,25,61,CP3,Fp1,0.00016294386372189346
theta,1261,26,27,CP5,TP7,0.0002138792980833809
theta,1262,26,28,CP5,TP9,0.0002226356944505358
theta,1263,26,29,CP5,T8,0.00018029261657232605
theta,1264,26,30,CP5,C6,0.00021416359228475798
theta,1265,26,31,CP5,C4,0.00023333018911034432
theta,1266,26,32,CP5,C2,0.00020140117113706373
theta,1267,26,33,CP5,Cz,0.00021321313584111802
theta,1268,26,34,CP5,C1,0.0002026493095425485
theta,1269,26,35,CP5,C3,0.00022930359381686383
theta,1270,26,36,CP5,C5,0.00018376091293270373
theta,1271,26,37,CP5,T7,0.00020362040990258914
theta,1272,26,38,CP5,FT8,0.00021632403435279754
theta,1273,26,39,CP5,FC6,0.0001658623590225314
theta,1274,26,40,CP5,FC4,0.0001712786913268567
theta,1275,26,41,CP5,FC2,0.00018996941079744747
theta,1276,26,42,CP5,AF8,0.00019272615268762667
theta,1277,26,43,CP5,FC1,0.00022530322292616027
theta,1278,26,44,CP5,FC3,0.00021051900918603919
theta,1279,26,45,CP5,FC5,0.0001809590963333726
theta,1280,26,46,CP5,FT7,0.00019108738633185596
theta,1281,26,47,CP5,F8,0.00019961840822852383
theta,1282,26,48,CP5,F6,0.000175634468969367
theta,1283,26,49,CP5,F4,0.0001628132179159907
theta,1284,26,50,CP5,F2,0.0001632234422725334
theta,1285,26,51,CP5,Fz,0.00016453243319354728
theta,1286,26,52,CP5,F1,0.0001805572392207681
theta,1287,26,53,CP5,F3,0.00018537338220734757
theta,1288,26,54,CP5,F5,0.00016901670282878567
theta,1289,26,55,CP5,F7,0.00018220101704246634
theta,1290,26,56,CP5,AF4,0.00016913939407383957
theta,1291,26,57,CP5,AF7,0.00017721339782467716
theta,1292,26,58,CP5,AF3,0.00015917119822667466
theta,1293,26,59,CP5,Fp2,0.00017204409948605445
theta,1294,26,60,CP5,Fpz,0.0001577627873300106
theta,1295,26,61,CP5,Fp1,0.00015066765603809359
theta,1296,27,28,TP7,TP9,0.0001684371535830396
theta,1297,27,29,TP7,T8,0.0002448694242441946
theta,1298,27,30,TP7,C6,0.0002464805808624009
theta,1299,27,31,TP7,C4,0.00022200260739929956
theta,1300,27,32,TP7,C2,0.0002112243581899839
theta,1301,27,33,TP7,Cz,0.00018408859748784748
theta,1302,27,34,TP7,C1,0.00019099779872706248
theta,1303,27,35,TP7,C3,0.00023093922268881123
theta,1304,27,36,TP7,C5,0.0001985575412064604
theta,1305,27,37,TP7,T7,0.0002021602845873384
theta,1306,27,38,TP7,FT8,0.0001891267315032633
theta,1307,27,39,TP7,FC6,0.00018406116440703758
theta,1308,27,40,TP7,FC4,0.0001775210231837474
theta,1309,27,41,TP7,FC2,0.00018066030080116148
theta,1310,27,42,TP7,AF8,0.00019393681396236498
theta,1311,27,43,TP7,FC1,0.00017288547750100454
theta,1312,27,44,TP7,FC3,0.0001871416648935962
theta,1313,27,45,TP7,FC5,0.00018715326521067245
theta,1314,27,46,TP7,FT7,0.00020909480450940097
theta,1315,27,47,TP7,F8,0.0001860196864063992
theta,1316,27,48,TP7,F6,0.00017313211967602817
theta,1317,27,49,TP7,F4,0.00014852134320782523
theta,1318,27,50,TP7,F2,0.000150750355284525
theta,1319,27,51,TP7,Fz,0.0001569811921688529
theta,1320,27,52,TP7,F1,0.00015681257354151454
theta,1321,27,53,TP7,F3,0.00014798266286153062
theta,1322,27,54,TP7,F5,0.00015351605577832637
theta,1323,27,55,TP7,F7,0.00020241207984537886
theta,1324,27,56,TP7,AF4,0.00014707532051426764
theta,1325,27,57,TP7,AF7,0.00015867797248447362
theta,1326,27,58,TP7,AF3,0.0001462741551208277
theta,1327,27,59,TP7,Fp2,0.00015203413291806222
theta,1328,27,60,TP7,Fpz,0.0001412701812489291
theta,1329,27,61,TP7,Fp1,0.00012663371279399407
theta,1330,28,29,TP9,T8,0.00020270100761695027
theta,1331,28,30,TP9,C6,0.00022276815708003155
theta,1332,28,31,TP9,C4,0.00023927287812145447
theta,1333,28,32,TP9,C2,0.00019441489486887815
theta,1334,28,33,TP9,Cz,0.00021253629848812204
theta,1335,28,34,TP9,C1,0.00019161103637998312
theta,1336,28,35,TP9,C3,0.00019822903517892633
theta,1337,28,36,TP9,C5,0.00022275383571097336
theta,1338,28,37,TP9,T7,0.00018201102813894307
theta,1339,28,38,TP9,FT8,0.00017744362231066857
theta,1340,28,39,TP9,FC6,0.00019331332794907116
theta,1341,28,40,TP9,FC4,0.00018300721948102564
theta,1342,28,41,TP9,FC2,0.00019926959866076342
theta,1343,28,42,TP9,AF8,0.00019681383863797553
theta,1344,28,43,TP9,FC1,0.00017562092119449422
theta,1345,28,44,TP9,FC3,0.0001567314313723188
theta,1346,28,45,TP9,FC5,0.00017973453111053256
theta,1347,28,46,TP9,FT7,0.00018668421284337436
theta,1348,28,47,TP9,F8,0.00016191082035496782
theta,1349,28,48,TP9,F6,0.00017273043042077428
theta,1350,28,49,TP9,F4,0.00016691741505022324
theta,1351,28,50,TP9,F2,0.0001664499089400231
theta,1352,28,51,TP9,Fz,0.0001748489379383006
theta,1353,28,52,TP9,F1,0.00016407676805097962
theta,1354,28,53,TP9,F3,0.00014434546862844138
theta,1355,28,54,TP9,F5,0.00015044022653327418
theta,1356,28,55,TP9,F7,0.00016830626575572893
theta,1357,28,56,TP9,AF4,0.0001484577332675229
theta,1358,28,57,TP9,AF7,0.0001429238475519607
theta,1359,28,58,TP9,AF3,0.00015069116244772123
theta,1360,28,59,TP9,Fp2,0.00015693357999267669
theta,1361,28,60,TP9,Fpz,0.0001474019611814973
theta,1362,28,61,TP9,Fp1,0.0001461401045425177
theta,1363,29,30,T8,C6,0.00020770387534665432
theta,1364,29,31,T8,C4,0.0001961319832568781
theta,1365,29,32,T8,C2,0.00019505680335258778
theta,1366,29,33,T8,Cz,0.00020323558579132692
theta,1367,29,34,T8,C1,0.0002110073740410238
theta,1368,29,35,T8,C3,0.0002187536736541098
theta,1369,29,36,T8,C5,0.00020123553642652177
theta,1370,29,37,T8,T7,0.00023024910959647816
theta,1371,29,38,T8,FT8,0.0002004192841424647
theta,1372,29,39,T8,FC6,0.00019035966503969597
theta,1373,29,40,T8,FC4,0.0001593187497744822
theta,1374,29,41,T8,FC2,0.00018109196467101622
theta,1375,29,42,T8,AF8,0.000173391036871617
theta,1376,29,43,T8,FC1,0.00018122435563155585
theta,1377,29,44,T8,FC3,0.00016675061899274732
theta,1378,29,45,T8,FC5,0.0001926167681076385
theta,1379,29,46,T8,FT7,0.0001878438331104893
theta,1380,29,47,T8,F8,0.00018845188556170702
theta,1381,29,48,T8,F6,0.0001839137663650761
theta,1382,29,49,T8,F4,0.00016528050515472587
theta,1383,29,50,T8,F2,0.00016594943569813342
theta,1384,29,51,T8,Fz,0.0001733555738250339
theta,1385,29,52,T8,F1,0.00016279245565944348
theta,1386,29,53,T8,F3,0.00015468774494580242
theta,1387,29,54,T8,F5,0.00016103772670658613
theta,1388,29,55,T8,F7,0.0001975348080906816
theta,1389,29,56,T8,AF4,0.00015126906916566461
theta,1390,29,57,T8,AF7,0.00016754982529585536
theta,1391,29,58,T8,AF3,0.00015846517351268365
theta,1392,29,59,T8,Fp2,0.0001756925809340743
theta,1393,29,60,T8,Fpz,0.00017210774295550025
theta,1394,29,61,T8,Fp1,0.00018324806593051016
theta,1395,30,31,C6,C4,0.0001767740238901366
theta,1396,30,32,C6,C2,0.00021897145394954168
theta,1397,30,33,C6,Cz,0.00023683697230250265
theta,1398,30,34,C6,C1,0.00021758156831151536
theta,1399,30,35,C6,C3,0.00021309311963833459
theta,1400,30,36,C6,C5,0.00021080879955258643
theta,1401,30,37,C6,T7,0.00024266084401909155
theta,1402,30,38,C6,FT8,0.0002134877295449489
theta,1403,30,39,C6,FC6,0.00019129264897753252
theta,1404,30,40,C6,FC4,0.0001705469762182085
theta,1405,30,41,C6,FC2,0.00018192618481636345
theta,1406,30,42,C6,AF8,0.00019763729306782578
theta,1407,30,43,C6,FC1,0.00018743992924428034
theta,1408,30,44,C6,FC3,0.00015926132444786168
theta,1409,30,45,C6,FC5,0.00020594079559007396
theta,1410,30,46,C6,FT7,0.00020493583824852897
theta,1411,30,47,C6,F8,0.00022506488702282368
theta,1412,30,48,C6,F6,0.00019075006183165598
theta,1413,30,49,C6,F4,0.00018804365430322647
theta,1414,30,50,C6,F2,0.0001723730837809721
theta,1415,30,51,C6,Fz,0.00017277535417125695
theta,1416,30,52,C6,F1,0.00016388972918642184
theta,1417,30,53,C6,F3,0.00017735848265714905
theta,1418,30,54,C6,F5,0.0001782723227294811
theta,1419,30,55,C6,F7,0.0001984479190337514
theta,1420,30,56,C6,AF4,0.0001824750064284619
theta,1421,30,57,C6,AF7,0.0001776201309309523
theta,1422,30,58,C6,AF3,0.0001832070675663829
theta,1423,30,59,C6,Fp2,0.00018009154333265427
theta,1424,30,60,C6,Fpz,0.00016942206327797833
theta,1425,30,61,C6,Fp1,0.00018561690566881527
theta,1426,31,32,C4,C2,0.00021417109808486437
theta,1427,31,33,C4,Cz,0.00024060124574417393
theta,1428,31,34,C4,C1,0.0001953571250716165
theta,1429,31,35,C4,C3,0.00018470500313280393
theta,1430,31,36,C4,C5,0.00018438297213891602
theta,1431,31,37,C4,T7,0.00020495817040977804
theta,1432,31,38,C4,FT8,0.00020565717678456137
theta,1433,31,39,C4,FC6,0.00020614865538788577
theta,1434,31,40,C4,FC4,0.00016296661582431508
theta,1435,31,41,C4,FC2,0.0001755562613439394
theta,1436,31,42,C4,AF8,0.0002103882230006729
theta,1437,31,43,C4,FC1,0.00021003888698665346
theta,1438,31,44,C4,FC3,0.00018075942977138445
theta,1439,31,45,C4,FC5,0.00016843671802467308
theta,1440,31,46,C4,FT7,0.00016144428213295714
theta,1441,31,47,C4,F8,0.000188914065210143
theta,1442,31,48,C4,F6,0.00016707387154061876
theta,1443,31,49,C4,F4,0.0001488728182589892
theta,1444,31,50,C4,F2,0.0001572404990939121
theta,1445,31,51,C4,Fz,0.00017484769954722261
theta,1446,31,52,C4,F1,0.0001728883271050514
theta,1447,31,53,C4,F3,0.0001464066505392957
theta,1448,31,54,C4,F5,0.0001426075020898407
theta,1449,31,55,C4,F7,0.00015509793693982107
theta,1450,31,56,C4,AF4,0.0001361325758928647
theta,1451,31,57,C4,AF7,0.00014800874487204047
theta,1452,31,58,C4,AF3,0.0001473377104072077
theta,1453,31,59,C4,Fp2,0.00014202940283698413
theta,1454,31,60,C4,Fpz,0.00014887625534294328
theta,1455,31,61,C4,Fp1,0.000145491475247169
theta,1456,32,33,C2,Cz,0.00017620452439230254
theta,1457,32,34,C2,C1,0.00017259531765552205
theta,1458,32,35,C2,C3,0.00018267876928611992
theta,1459,32,36,C2,C5,0.00019362685861582383
theta,1460,32,37,C2,T7,0.00019425451537305322
theta,1461,32,38,C2,FT8,0.00019051168944152105
theta,1462,32,39,C2,FC6,0.0001902041651929739
theta,1463,32,40,C2,FC4,0.0001567342654374975
theta,1464,32,41,C2,FC2,0.00016631998229062127
theta,1465,32,42,C2,AF8,0.000155154309126513
theta,1466,32,43,C2,FC1,0.0001686635734583757
theta,1467,32,44,C2,FC3,0.00018094231459379057
theta,1468,32,45,C2,FC5,0.00014991697609546186
theta,1469,32,46,C2,FT7,0.00019011986419399814
theta,1470,32,47,C2,F8,0.00016822800274859506
theta,1471,32,48,C2,F6,0.00014309915043019604
theta,1472,32,49,C2,F4,0.00014826057717168815
theta,1473,32,50,C2,F2,0.00013871219575046636
theta,1474,32,51,C2,Fz,0.0001413939411632463
theta,1475,32,52,C2,F1,0.00014384200076690874
theta,1476,32,53,C2,F3,0.00013022154359102882
theta,1477,32,54,C2,F5,0.000127079976917093
theta,1478,32,55,C2,F7,0.00018710079797214
theta,1479,32,56,C2,AF4,0.0001283431320114332
theta,1480,32,57,C2,AF7,0.00012729959642631157
theta,1481,32,58,C2,AF3,0.00011661939772715006
theta,1482,32,59,C2,Fp2,0.00013348014693242015
theta,1483,32,60,C2,Fpz,0.00013354468655182787
theta,1484,32,61,C2,Fp1,0.00013911328149394448
theta,1485,33,34,Cz,C1,0.00021094861794184166
theta,1486,33,35,Cz,C3,0.00022341145918563775
theta,1487,33,36,Cz,C5,0.00019947273689408171
theta,1488,33,37,Cz,T7,0.00018734851325130037
theta,1489,33,38,Cz,FT8,0.00020636448571756966
theta,1490,33,39,Cz,FC6,0.00019908555899921022
theta,1491,33,40,Cz,FC4,0.00017973898877316584
theta,1492,33,41,Cz,FC2,0.0001862858884983451
theta,1493,33,42,Cz,AF8,0.00018000382313973243
theta,1494,33,43,Cz,FC1,0.0001822469802594591
theta,1495,33,44,Cz,FC3,0.0001907477390047393
theta,1496,33,45,Cz,FC5,0.00016326382888978488
theta,1497,33,46,Cz,FT7,0.00018595511647088214
theta,1498,33,47,Cz,F8,0.00016557615491290676
theta,1499,33,48,Cz,F6,0.00013985555583499252
theta,1500,33,49,Cz,F4,0.00016410312826218714
theta,1501,33,50,Cz,F2,0.00016752380756117027
theta,1502,33,51,Cz,Fz,0.00016356938032635154
theta,1503,33,52,Cz,F1,0.0001657451746041406
theta,1504,33,53,Cz,F3,0.00015067490494140605
theta,1505,33,54,Cz,F5,0.00013611410372041329
theta,1506,33,55,Cz,F7,0.00016699786309516145
theta,1507,33,56,Cz,AF4,0.00013660898379148017
theta,1508,33,57,Cz,AF7,0.00013237353986062355
theta,1509,33,58,Cz,AF3,0.0001301495610002101
theta,1510,33,59,Cz,Fp2,0.0001448180052981297
theta,1511,33,60,Cz,Fpz,0.00014762104561852067
theta,1512,33,61,Cz,Fp1,0.0001458010020057333
theta,1513,34,35,C1,C3,0.00019170602134922776
theta,1514,34,36,C1,C5,0.00020162359655101015
theta,1515,34,37,C1,T7,0.00018671922463541954
theta,1516,34,38,C1,FT8,0.00017573379945587202
theta,1517,34,39,C1,FC6,0.0001570656489424068
theta,1518,34,40,C1,FC4,0.00016176282026760322
theta,1519,34,41,C1,FC2,0.0001790611338001377
theta,1520,34,42,C1,AF8,0.00017573179495113935
theta,1521,34,43,C1,FC1,0.00019279366846734834
theta,1522,34,44,C1,FC3,0.0001644555093099135
theta,1523,34,45,C1,FC5,0.00014950317161292563
theta,1524,34,46,C1,FT7,0.0001719199166871868
theta,1525,34,47,C1,F8,0.000161005889852786
theta,1526,34,48,C1,F6,0.00013695655137066485
theta,1527,34,49,C1,F4,0.00014028205674607467
theta,1528,34,50,C1,F2,0.00015531317727649543
theta,1529,34,51,C1,Fz,0.00016420237955355347
theta,1530,34,52,C1,F1,0.00017044378549125778
theta,1531,34,53,C1,F3,0.0001525565338574231
theta,1532,34,54,C1,F5,0.00012961701267069384
theta,1533,34,55,C1,F7,0.00014257774374294555
theta,1534,34,56,C1,AF4,0.00014116335828144523
theta,1535,34,57,C1,AF7,0.00013392458589136787
theta,1536,34,58,C1,AF3,0.0001440904794308703
theta,1537,34,59,C1,Fp2,0.00014885488242487218
theta,1538,34,60,C1,Fpz,0.00014998315499167706
theta,1539,34,61,C1,Fp1,0.00015745058125558347
theta,1540,35,36,C3,C5,0.0002123750655510623
theta,1541,35,37,C3,T7,0.00019786394223964308
theta,1542,35,38,C3,FT8,0.00022113883926971008
theta,1543,35,39,C3,FC6,0.00018525126438211228
theta,1544,35,40,C3,FC4,0.0001574197652144657
theta,1545,35,41,C3,FC2,0.00017770577869721517
theta,1546,35,42,C3,AF8,0.00018771021551566136
theta,1547,35,43,C3,FC1,0.00020263717586698195
theta,1548,35,44,C3,FC3,0.0001860843514076442
theta,1549,35,45,C3,FC5,0.00018055263458751272
theta,1550,35,46,C3,FT7,0.00017930031164813156
theta,1551,35,47,C3,F8,0.00017725017374331108
theta,1552,35,48,C3,F6,0.000143027717588122
theta,1553,35,49,C3,F4,0.00014784368966347811
theta,1554,35,50,C3,F2,0.00018039036747528905
theta,1555,35,51,C3,Fz,0.0001884106290001876
theta,1556,35,52,C3,F1,0.00019041329129840698
theta,1557,35,53,C3,F3,0.00017811787328796607
theta,1558,35,54,C3,F5,0.00016657551235021675
theta,1559,35,55,C3,F7,0.0001598164488524337
theta,1560,35,56,C3,AF4,0.0001397634265072912
theta,1561,35,57,C3,AF7,0.00016325732362698763
theta,1562,35,58,C3,AF3,0.0001653185306940627
theta,1563,35,59,C3,Fp2,0.00012913894239803927
theta,1564,35,60,C3,Fpz,0.00014232992737455683
theta,1565,35,61,C3,Fp1,0.00014852988964061
theta,1566,36,37,C5,T7,0.00021536825229406838
theta,1567,36,38,C5,FT8,0.0001908678500492303
theta,1568,36,39,C5,FC6,0.00016669120665436995
theta,1569,36,40,C5,FC4,0.00016580945277845915
theta,1570,36,41,C5,FC2,0.00019360260572068126
theta,1571,36,42,C5,AF8,0.00018876492453419398
theta,1572,36,43,C5,FC1,0.00021364413151405765
theta,1573,36,44,C5,FC3,0.00021508518192896444
theta,1574,36,45,C5,FC5,0.00016427362849087514
theta,1575,36,46,C5,FT7,0.00019548941296872757
theta,1576,36,47,C5,F8,0.00017540812154839166
theta,1577,36,48,C5,F6,0.0001723894562354499
theta,1578,36,49,C5,F4,0.00017499636283797623
theta,1579,36,50,C5,F2,0.00016325192532864379
theta,1580,36,51,C5,Fz,0.00017208717728400073
theta,1581,36,52,C5,F1,0.00019125054246376777
theta,1582,36,53,C5,F3,0.00017783030196449824
theta,1583,36,54,C5,F5,0.0001722708651595886
theta,1584,36,55,C5,F7,0.00015694364997626348
theta,1585,36,56,C5,AF4,0.00016285988188094187
theta,1586,36,57,C5,AF7,0.0001503364693831239
theta,1587,36,58,C5,AF3,0.0001485740851508002
theta,1588,36,59,C5,Fp2,0.0001507696775860663
theta,1589,36,60,C5,Fpz,0.00014447498417051097
theta,1590,36,61,C5,Fp1,0.00014619505017306658
theta,1591,37,38,T7,FT8,0.00021096128672999076
theta,1592,37,39,T7,FC6,0.00016555799079957686
theta,1593,37,40,T7,FC4,0.00016169736648714972
theta,1594,37,41,T7,FC2,0.0001696280078404779
theta,1595,37,42,T7,AF8,0.00016057358942315146
theta,1596,37,43,T7,FC1,0.00015980249641189581
theta,1597,37,44,T7,FC3,0.00018165172360340906
theta,1598,37,45,T7,FC5,0.0001938814543481164
theta,1599,37,46,T7,FT7,0.00020329973915130233
theta,1600,37,47,T7,F8,0.00018816957808518814
theta,1601,37,48,T7,F6,0.00016866344047198966
theta,1602,37,49,T7,F4,0.00014671468911747545
theta,1603,37,50,T7,F2,0.00012965933591860344
theta,1604,37,51,T7,Fz,0.00014588344913878215
theta,1605,37,52,T7,F1,0.00014355936265296134
theta,1606,37,53,T7,F3,0.00014247411141241273
theta,1607,37,54,T7,F5,0.00014469692464117473
theta,1608,37,55,T7,F7,0.00022503552535714546
theta,1609,37,56,T7,AF4,0.00014151230397735568
theta,1610,37,57,T7,AF7,0.000159199441879711
theta,1611,37,58,T7,AF3,0.00014236997161237583
theta,1612,37,59,T7,Fp2,0.00015155512386999
theta,1613,37,60,T7,Fpz,0.00015046924923343388
theta,1614,37,61,T7,Fp1,0.00014452393898474328
theta,1615,38,39,FT8,FC6,0.00017064355584460678
theta,1616,38,40,FT8,FC4,0.0001674062329072152
theta,1617,38,41,FT8,FC2,0.00018899925643529802
theta,1618,38,42,FT8,AF8,0.00018871742263249506
theta,1619,38,43,FT8,FC1,0.0001719719067324384
theta,1620,38,44,FT8,FC3,0.00016586401387772438
theta,1621,38,45,FT8,FC5,0.0001942339394533411
theta,1622,38,46,FT8,FT7,0.00020708264040219466
theta,1623,38,47,FT8,F8,0.0001879923762414047
theta,1624,38,48,FT8,F6,0.00014767691068800207
theta,1625,38,49,FT8,F4,0.0001510036884087921
theta,1626,38,50,FT8,F2,0.0001639054632027593
theta,1627,38,51,FT8,Fz,0.00016606820089640635
theta,1628,38,52,FT8,F1,0.00016062950757579972
theta,1629,38,53,FT8,F3,0.00016052823101655322
theta,1630,38,54,FT8,F5,0.00017795240501281104
theta,1631,38,55,FT8,F7,0.00018448197201156156
theta,1632,38,56,FT8,AF4,0.00015810528252732805
theta,1633,38,57,FT8,AF7,0.00016281915652790097
theta,1634,38,58,FT8,AF3,0.0001695907866365165
theta,1635,38,59,FT8,Fp2,0.0001951420418962902
theta,1636,38,60,FT8,Fpz,0.00018536737397275213
theta,1637,38,61,FT8,Fp1,0.00019302231108626642
theta,1638,39,40,FC6,FC4,0.00016039291725211983
theta,1639,39,41,FC6,FC2,0.0001633160586801031
theta,1640,39,42,FC6,AF8,0.0001724394354639528
theta,1641,39,43,FC6,FC1,0.00016015826566682812
theta,1642,39,44,FC6,FC3,0.0001628915585463854
theta,1643,39,45,FC6,FC5,0.00019097692375536962
theta,1644,39,46,FC6,FT7,0.00019283901713993803
theta,1645,39,47,FC6,F8,0.00015065921872825513
theta,1646,39,48,FC6,F6,0.00016591162436730743
theta,1647,39,49,FC6,F4,0.00016388603088632092
theta,1648,39,50,FC6,F2,0.00016102820712374962
theta,1649,39,51,FC6,Fz,0.00016136688133597477
theta,1650,39,52,FC6,F1,0.00016403290872170863
theta,1651,39,53,FC6,F3,0.00018550264518972778
theta,1652,39,54,FC6,F5,0.00017387878118884148
theta,1653,39,55,FC6,F7,0.00017944563430347493
theta,1654,39,56,FC6,AF4,0.00017647798606968383
theta,1655,39,57,FC6,AF7,0.0001933416494838103
theta,1656,39,58,FC6,AF3,0.00018279521536125097
theta,1657,39,59,FC6,Fp2,0.00018943837983626018
theta,1658,39,60,FC6,Fpz,0.00017114639907902932
theta,1659,39,61,FC6,Fp1,0.00017620849889826628
theta,1660,40,41,FC4,FC2,0.00018692728487231056
theta,1661,40,42,FC4,AF8,0.00021337419600864015
theta,1662,40,43,FC4,FC1,0.00022210994156158194
theta,1663,40,44,FC4,FC3,0.00023544368925350985
theta,1664,40,45,FC4,FC5,0.0001599348024771471
theta,1665,40,46,FC4,FT7,0.0001315107345284462
theta,1666,40,47,FC4,F8,0.00017171805139514634
theta,1667,40,48,FC4,F6,0.00016578904077035032
theta,1668,40,49,FC4,F4,0.0001632564407803205
theta,1669,40,50,FC4,F2,0.00019907414842561212
theta,1670,40,51,FC4,Fz,0.0002017469399333305
theta,1671,40,52,FC4,F1,0.00020044250327379571
theta,1672,40,53,FC4,F3,0.00017180275166619677
theta,1673,40,54,FC4,F5,0.00014213916674344674
theta,1674,40,55,FC4,F7,0.0001275112473260139
theta,1675,40,56,FC4,AF4,0.0001628803360049546
theta,1676,40,57,FC4,AF7,0.000153920780564125
theta,1677,40,58,FC4,AF3,0.0001406758869653451
theta,1678,40,59,FC4,Fp2,0.00015305633293997306
theta,1679,40,60,FC4,Fpz,0.0001533992694520625
theta,1680,40,61,FC4,Fp1,0.00013986570911464277
theta,1681,41,42,FC2,AF8,0.00019022641016770722
theta,1682,41,43,FC2,FC1,0.0002458049689110941
theta,1683,41,44,FC2,FC3,0.00023785791435827907
theta,1684,41,45,FC2,FC5,0.00017467334086554255
theta,1685,41,46,FC2,FT7,0.00015115370677937792
theta,1686,41,47,FC2,F8,0.00017096217984703387
theta,1687,41,48,FC2,F6,0.0001747152912125818
theta,1688,41,49,FC2,F4,0.00016381526980584015
theta,1689,41,50,FC2,F2,0.000139905930991491
theta,1690,41,51,FC2,Fz,0.00014594856512757898
theta,1691,41,52,FC2,F1,0.0001823428386005236
theta,1692,41,53,FC2,F3,0.00018120724167604643
theta,1693,41,54,FC2,F5,0.00014753640560322657
theta,1694,41,55,FC2,F7,0.00013079667978347815
theta,1695,41,56,FC2,AF4,0.00014418506522723026
theta,1696,41,57,FC2,AF7,0.00013865978061970073
theta,1697,41,58,FC2,AF3,0.00014118389547215787
theta,1698,41,59,FC2,Fp2,0.00013385080270719485
theta,1699,41,60,FC2,Fpz,0.00014240930612276196
theta,1700,41,61,FC2,Fp1,0.00013849899266874964
theta,1701,42,43,AF8,FC1,0.00020367770365149656
theta,1702,42,44,AF8,FC3,0.00023641064742683902
theta,1703,42,45,AF8,FC5,0.00018635514017289282
theta,1704,42,46,AF8,FT7,0.00015809376930927874
theta,1705,42,47,AF8,F8,0.00017336344656585615
theta,1706,42,48,AF8,F6,0.0001746169116276527
theta,1707,42,49,AF8,F4,0.00017278366180588432
theta,1708,42,50,AF8,F2,0.00018025501935302535
theta,1709,42,51,AF8,Fz,0.00018308736373699088
theta,1710,42,52,AF8,F1,0.00019868333585252158
theta,1711,42,53,AF8,F3,0.00020113290511803735
theta,1712,42,54,AF8,F5,0.00015650506709287345
theta,1713,42,55,AF8,F7,0.00015310061859535998
theta,1714,42,56,AF8,AF4,0.00016285298761288433
theta,1715,42,57,AF8,AF7,0.00015706584144031688
theta,1716,42,58,AF8,AF3,0.0001486664826250549
theta,1717,42,59,AF8,Fp2,0.0001472333183474108
theta,1718,42,60,AF8,Fpz,0.000159120757600615
theta,1719,42,61,AF8,Fp1,0.00014558690691821236
theta,1720,43,44,FC1,FC3,0.00022573524873926716
theta,1721,43,45,FC1,FC5,0.00017933777053457582
theta,1722,43,46,FC1,FT7,0.0001647177962171759
theta,1723,43,47,FC1,F8,0.0001685496134364678
theta,1724,43,48,FC1,F6,0.00016186066419926235
theta,1725,43,49,FC1,F4,0.00015168861422132235
theta,1726,43,50,FC1,F2,0.00018572046587269142
theta,1727,43,51,FC1,Fz,0.00017923003764332694
theta,1728,43,52,FC1,F1,0.00016878681876704102
theta,1729,43,53,FC1,F3,0.00018090015500775143
theta,1730,43,54,FC1,F5,0.0001657438475293478
theta,1731,43,55,FC1,F7,0.00015519642103320976
theta,1732,43,56,FC1,AF4,0.00014143001841341219
theta,1733,43,57,FC1,AF7,0.00015144388349060508
theta,1734,43,58,FC1,AF3,0.00015184954757037017
theta,1735,43,59,FC1,Fp2,0.0001548159196559647
theta,1736,43,60,FC1,Fpz,0.0001609340755786357
theta,1737,43,61,FC1,Fp1,0.0001566716943591084
theta,1738,44,45,FC3,FC5,0.00016998978062204793
theta,1739,44,46,FC3,FT7,0.00016142618154336654
theta,1740,44,47,FC3,F8,0.0001684984650583911
theta,1741,44,48,FC3,F6,0.00016229018868352572
theta,1742,44,49,FC3,F4,0.0001959100284011518
theta,1743,44,50,FC3,F2,0.0002245570055243445
theta,1744,44,51,FC3,Fz,0.0002366695071895645
theta,1745,44,52,FC3,F1,0.00021948774936559733
theta,1746,44,53,FC3,F3,0.00017848522203172459
theta,1747,44,54,FC3,F5,0.00017179299876594884
theta,1748,44,55,FC3,F7,0.00015586157013286022
theta,1749,44,56,FC3,AF4,0.00015323990129046257
theta,1750,44,57,FC3,AF7,0.0001771712820547259
theta,1751,44,58,FC3,AF3,0.00017695329146493263
theta,1752,44,59,FC3,Fp2,0.00015575733205441762
theta,1753,44,60,FC3,Fpz,0.0001741694889389983
theta,1754,44,61,FC3,Fp1,0.00016474871462603485
theta,1755,45,46,FC5,FT7,0.00016253083161464532
theta,1756,45,47,FC5,F8,0.00017924142550840289
theta,1757,45,48,FC5,F6,0.0001842759494003506
theta,1758,45,49,FC5,F4,0.00018609783867163456
theta,1759,45,50,FC5,F2,0.00019082797782790244
theta,1760,45,51,FC5,Fz,0.00018824087534002242
theta,1761,45,52,FC5,F1,0.00019105780521919886
theta,1762,45,53,FC5,F3,0.00019245595941823105
theta,1763,45,54,FC5,F5,0.00019341606151298022
theta,1764,45,55,FC5,F7,0.0001894099168008702
theta,1765,45,56,FC5,AF4,0.00018489062103240513
theta,1766,45,57,FC5,AF7,0.000179069204532717
theta,1767,45,58,FC5,AF3,0.00019766969519036817
theta,1768,45,59,FC5,Fp2,0.0001850555418178783
theta,1769,45,60,FC5,Fpz,0.00018384580599812775
theta,1770,45,61,FC5,Fp1,0.0001911624320815708
theta,1771,46,47,FT7,F8,0.00021317450238080701
theta,1772,46,48,FT7,F6,0.00019736670506102463
theta,1773,46,49,FT7,F4,0.0001552375849081772
theta,1774,46,50,FT7,F2,0.00014072698552025962
theta,1775,46,51,FT7,Fz,0.00015053455262889183
theta,1776,46,52,FT7,F1,0.00015789827876043727
theta,1777,46,53,FT7,F3,0.00015623005731355563
theta,1778,46,54,FT7,F5,0.00014520605601295498
theta,1779,46,55,FT7,F7,0.00021428718425479986
theta,1780,46,56,FT7,AF4,0.00015790415125201005
theta,1781,46,57,FT7,AF7,0.0001731040756464524
theta,1782,46,58,FT7,AF3,0.0001770631269760028
theta,1783,46,59,FT7,Fp2,0.00018909312850438743
theta,1784,46,60,FT7,Fpz,0.0001670959138776337
theta,1785,46,61,FT7,Fp1,0.0001809969922233071
theta,1786,47,48,F8,F6,0.000140009495902508
theta,1787,47,49,F8,F4,0.00015062469819140852
theta,1788,47,50,F8,F2,0.00016318857604707575
theta,1789,47,51,F8,Fz,0.00016416645875255115
theta,1790,47,52,F8,F1,0.00016640236157141163
theta,1791,47,53,F8,F3,0.00015605508075662109
theta,1792,47,54,F8,F5,0.00017239458917774655
theta,1793,47,55,F8,F7,0.00019022757287082628
theta,1794,47,56,F8,AF4,0.00017488062197831058
theta,1795,47,57,F8,AF7,0.00017219249052320365
theta,1796,47,58,F8,AF3,0.00017804135169889932
theta,1797,47,59,F8,Fp2,0.00021726684132579378
theta,1798,47,60,F8,Fpz,0.0002011719519003966
theta,1799,47,61,F8,Fp1,0.0001921346971677108
theta,1800,48,49,F6,F4,0.00014334940585047283
theta,1801,48,50,F6,F2,0.00015832237870255314
theta,1802,48,51,F6,Fz,0.00017314665244448857
theta,1803,48,52,F6,F1,0.00016866386207958526
theta,1804,48,53,F6,F3,0.00017158953291520268
theta,1805,48,54,F6,F5,0.00016405597529887392
theta,1806,48,55,F6,F7,0.00016952407260008827
theta,1807,48,56,F6,AF4,0.00020507203729368522
theta,1808,48,57,F6,AF7,0.0002112048413050108
theta,1809,48,58,F6,AF3,0.00018681913265847854
theta,1810,48,59,F6,Fp2,0.00019528741546385195
theta,1811,48,60,F6,Fpz,0.00020396557421381432
theta,1812,48,61,F6,Fp1,0.00017780437231615896
theta,1813,49,50,F4,F2,0.00017746460265988018
theta,1814,49,51,F4,Fz,0.00017897636323141808
theta,1815,49,52,F4,F1,0.00018848162880959698
theta,1816,49,53,F4,F3,0.00019637679483373418
theta,1817,49,54,F4,F5,0.00018286997592378737
theta,1818,49,55,F4,F7,0.00014951519339075702
theta,1819,49,56,F4,AF4,0.00015765325730876994
theta,1820,49,57,F4,AF7,0.0001988075449458375
theta,1821,49,58,F4,AF3,0.00018426956831343384
theta,1822,49,59,F4,Fp2,0.00016048890709965277
theta,1823,49,60,F4,Fpz,0.00018636421757498267
theta,1824,49,61,F4,Fp1,0.00015960804682015267
theta,1825,50,51,F2,Fz,0.00019892711887124244
theta,1826,50,52,F2,F1,0.00021459472395833588
theta,1827,50,53,F2,F3,0.00020412751711455364
theta,1828,50,54,F2,F5,0.00016960025551821087
theta,1829,50,55,F2,F7,0.0001375872641719695
theta,1830,50,56,F2,AF4,0.00014149373419403193
theta,1831,50,57,F2,AF7,0.00014944307777331562
theta,1832,50,58,F2,AF3,0.00015798761984847534
theta,1833,50,59,F2,Fp2,0.00014148895736951838
theta,1834,50,60,F2,Fpz,0.00015089187130998329
theta,1835,50,61,F2,Fp1,0.00013747411437351587
theta,1836,51,52,Fz,F1,0.00020757131926853818
theta,1837,51,53,Fz,F3,0.00019718670069782197
theta,1838,51,54,Fz,F5,0.00019455082859095086
theta,1839,51,55,Fz,F7,0.0001474920845559743
theta,1840,51,56,Fz,AF4,0.00017450393857233666
theta,1841,51,57,Fz,AF7,0.00015798518078825627
theta,1842,51,58,Fz,AF3,0.00015136681774799538
theta,1843,51,59,Fz,Fp2,0.00015160947646391192
theta,1844,51,60,Fz,Fpz,0.00016353010795249346
theta,1845,51,61,Fz,Fp1,0.0001535843683264506
theta,1846,52,53,F1,F3,0.0001951513259465012
theta,1847,52,54,F1,F5,0.00018388363160071812
theta,1848,52,55,F1,F7,0.00015553749611807563
theta,1849,52,56,F1,AF4,0.00016772961231975136
theta,1850,52,57,F1,AF7,0.0001972470705570547
theta,1851,52,58,F1,AF3,0.0001514394726787329
theta,1852,52,59,F1,Fp2,0.00017627181905985098
theta,1853,52,60,F1,Fpz,0.00019065703263104218
theta,1854,52,61,F1,Fp1,0.00015116628246502874
theta,1855,53,54,F3,F5,0.0001567054655312745
theta,1856,53,55,F3,F7,0.0001564146381746767
theta,1857,53,56,F3,AF4,0.00015544595338203403
theta,1858,53,57,F3,AF7,0.0001949231912128918
theta,1859,53,58,F3,AF3,0.00016812510881172082
theta,1860,53,59,F3,Fp2,0.0001650715884300584
theta,1861,53,60,F3,Fpz,0.00017253826569173377
theta,1862,53,61,F3,Fp1,0.0001707503516733729
theta,1863,54,55,F5,F7,0.0001477599224007847
theta,1864,54,56,F5,AF4,0.0001753734912554776
theta,1865,54,57,F5,AF7,0.0002035380173434945
theta,1866,54,58,F5,AF3,0.00018370007427668248
theta,1867,54,59,F5,Fp2,0.00015610833120878936
theta,1868,54,60,F5,Fpz,0.00018058323407894641
theta,1869,54,61,F5,Fp1,0.0001681963236021372
theta,1870,55,56,F7,AF4,0.00016982051085301817
theta,1871,55,57,F7,AF7,0.000174711468465716
theta,1872,55,58,F7,AF3,0.00017204404278424015
theta,1873,55,59,F7,Fp2,0.00017932679238880333
theta,1874,55,60,F7,Fpz,0.00018139533182685792
theta,1875,55,61,F7,Fp1,0.00020334867061993435
theta,1876,56,57,AF4,AF7,0.00017376822443879397
theta,1877,56,58,AF4,AF3,0.00018091284642184606
theta,1878,56,59,AF4,Fp2,0.0001370321849919613
theta,1879,56,60,AF4,Fpz,0.00018910334001700905
theta,1880,56,61,AF4,Fp1,0.00016584799141425164
theta,1881,57,58,AF7,AF3,0.00016028596447518957
theta,1882,57,59,AF7,Fp2,0.00017140710731432121
theta,1883,57,60,AF7,Fpz,0.0001511694577827631
theta,1884,57,61,AF7,Fp1,0.000135697884241271
theta,1885,58,59,AF3,Fp2,0.00017639339951860912
theta,1886,58,60,AF3,Fpz,0.0002113345086113108
theta,1887,58,61,AF3,Fp1,0.00014979210085048738
theta,1888,59,60,Fp2,Fpz,0.000146308792774433
theta,1889,59,61,Fp2,Fp1,0.00013946490789583984
theta,1890,60,61,Fpz,Fp1,0.00016729646332519754
alpha,0,0,1,Iz,O2,0.00030392569728635656
alpha,1,0,2,Iz,Oz,0.00023809762854777057
alpha,2,0,3,Iz,O1,0.000331626564892716
alpha,3,0,4,Iz,PO8,0.00030533821201087305
alpha,4,0,5,Iz,PO4,0.00029386442704912834
alpha,5,0,6,Iz,POz,0.00022830400364008026
alpha,6,0,7,Iz,PO3,0.0002683757726277431
alpha,7,0,8,Iz,PO7,0.00033145528290343346
alpha,8,0,9,Iz,P8,0.0002556551023456299
alpha,9,0,10,Iz,P6,0.0002335934349769355
alpha,10,0,11,Iz,P4,0.0002149342201556141
alpha,11,0,12,Iz,P2,0.0002394848246271055
alpha,12,0,13,Iz,Pz,0.00022862120989716912
alpha,13,0,14,Iz,P1,0.00023185129336078303
alpha,14,0,15,Iz,P3,0.00025727858176979526
alpha,15,0,16,Iz,P5,0.00031322226363090984
alpha,16,0,17,Iz,P7,0.00031469069271179793
alpha,17,0,18,Iz,TP10,0.00028643484618671024
alpha,18,0,19,Iz,TP8,0.00025903238411391946
alpha,19,0,20,Iz,CP6,0.0002384674716632429
alpha,20,0,21,Iz,CP4,0.0002307431384172234
alpha,21,0,22,Iz,CP2,0.0002424200291203838
alpha,22,0,23,Iz,CPz,0.0002328973057729551
alpha,23,0,24,Iz,CP1,0.00027278015302225733
alpha,24,0,25,Iz,CP3,0.00025293202659300746
alpha,25,0,26,Iz,CP5,0.00024906878815580605
alpha,26,0,27,Iz,TP7,0.00025672270625582696
alpha,27,0,28,Iz,TP9,0.0002718705952275847
alpha,28,0,29,Iz,T8,0.0002426261537867739
alpha,29,0,30,Iz,C6,0.00029650739307691677
alpha,30,0,31,Iz,C4,0.0003493949412437829
alpha,31,0,32,Iz,C2,0.0003149451780729472
alpha,32,0,33,Iz,Cz,0.0003722626853205074
alpha,33,0,34,Iz,C1,0.0003731694843364408
alpha,34,0,35,Iz,C3,0.00029130381323191044
alpha,35,0,36,Iz,C5,0.00029991121961074044
alpha,36,0,37,Iz,T7,0.00025653309879053373
alpha,37,0,38,Iz,FT8,0.0002448504685788209
alpha,38,0,39,Iz,FC6,0.0002766230120517381
alpha,39,0,40,Iz,FC4,0.0002845021599735981
alpha,40,0,41,Iz,FC2,0.0002908027706470701
alpha,41,0,42,Iz,AF8,0.00025819315150947384
alpha,42,0,43,Iz,FC1,0.00025247117979846723
alpha,43,0,44,Iz,FC3,0.00025677146301888423
alpha,44,0,45,Iz,FC5,0.00023783601485864522
alpha,45,0,46,Iz,FT7,0.00021723546053535494
alpha,46,0,47,Iz,F8,0.00025558998060265937
alpha,47,0,48,Iz,F6,0.0002867442479101266
alpha,48,0,49,Iz,F4,0.0002539732161616163
alpha,49,0,50,Iz,F2,0.00023722993443590267
alpha,50,0,51,Iz,Fz,0.00023952682423954377
alpha,51,0,52,Iz,F1,0.0002451405212355628
alpha,52,0,53,Iz,F3,0.00022542030319497677
alpha,53,0,54,Iz,F5,0.00021735061058814862
alpha,54,0,55,Iz,F7,0.00019326993990081
alpha,55,0,56,Iz,AF4,0.00021348259885986916
alpha,56,0,57,Iz,AF7,0.00019949998587705394
alpha,57,0,58,Iz,AF3,0.00019149916932667183
alpha,58,0,59,Iz,Fp2,0.00020529530026125223
alpha,59,0,60,Iz,Fpz,0.0001912382481456738
alpha,60,0,61,Iz,Fp1,0.0001989618283312176
alpha,61,1,2,O2,Oz,0.0003283191545086526
alpha,62,1,3,O2,O1,0.0003192588585275606
alpha,63,1,4,O2,PO8,0.0003868797357690152
alpha,64,1,5,O2,PO4,0.0002610055712753873
alpha,65,1,6,O2,POz,0.00031027398560032874
alpha,66,1,7,O2,PO3,0.00029619894775372176
alpha,67,1,8,O2,PO7,0.0003221665827035034
alpha,68,1,9,O2,P8,0.00031507230530708973
alpha,69,1,10,O2,P6,0.000239671026592743
alpha,70,1,11,O2,P4,0.00020543450104935928
alpha,71,1,12,O2,P2,0.0002301495669286611
alpha,72,1,13,O2,Pz,0.0002421568486700226
alpha,73,1,14,O2,P1,0.0002430065534326996
alpha,74,1,15,O2,P3,0.000275991028397494
alpha,75,1,16,O2,P5,0.00026414830928127606
alpha,76,1,17,O2,P7,0.00026229581878253473
alpha,77,1,18,O2,TP10,0.00033690239732688096
alpha,78,1,19,O2,TP8,0.00029292961923297863
alpha,79,1,20,O2,CP6,0.00027984508826919656
alpha,80,1,21,O2,CP4,0.0002168501881608306
alpha,81,1,22,O2,CP2,0.00019753981355769492
alpha,82,1,23,O2,CPz,0.0002202892872365129
alpha,83,1,24,O2,CP1,0.0002717845288267434
alpha,84,1,25,O2,CP3,0.00022912804212890667
alpha,85,1,26,O2,CP5,0.00025542171349714654
alpha,86,1,27,O2,TP7,0.0002595919095644215
alpha,87,1,28,O2,TP9,0.00026571389553602787
alpha,88,1,29,O2,T8,0.0002451831347278131
alpha,89,1,30,O2,C6,0.0003088346667022748
alpha,90,1,31,O2,C4,0.00028858998551206866
alpha,91,1,32,O2,C2,0.00019611408964402923
alpha,92,1,33,O2,Cz,0.00023107338839649594
alpha,93,1,34,O2,C1,0.0002622005787325129
alpha,94,1,35,O2,C3,0.00031745855436620416
alpha,95,1,36,O2,C5,0.000314676211275851
alpha,96,1,37,O2,T7,0.0002282156117358629
alpha,97,1,38,O2,FT8,0.0002733524054753309
alpha,98,1,39,O2,FC6,0.00030117557979381234
alpha,99,1,40,O2,FC4,0.00033666767912192793
alpha,100,1,41,O2,FC2,0.0002823282744044039
alpha,101,1,42,O2,AF8,0.0003277544635498234
alpha,102,1,43,O2,FC1,0.0003075221315950211
alpha,103,1,44,O2,FC3,0.000376565999663284
alpha,104,1,45,O2,FC5,0.00027720751777787767
alpha,105,1,46,O2,FT7,0.00023099253787273633
alpha,106,1,47,O2,F8,0.00028439203385191076
alpha,107,1,48,O2,F6,0.0002890614016655151
alpha,108,1,49,O2,F4,0.0002719330625051117
alpha,109,1,50,O2,F2,0.0002826893219708529
alpha,110,1,51,O2,Fz,0.0002910259847423117
alpha,111,1,52,O2,F1,0.00028589274315803293
alpha,112,1,53,O2,F3,0.00028826306902701054
alpha,113,1,54,O2,F5,0.00023146429396863586
alpha,114,1,55,O2,F7,0.00021565016225214562
alpha,115,1,56,O2,AF4,0.0002593965292858778
alpha,116,1,57,O2,AF7,0.00026919516539541884
alpha,117,1,58,O2,AF3,0.0002487442270919578
alpha,118,1,59,O2,Fp2,0.00022853285351162356
alpha,119,1,60,O2,Fpz,0.0002377345089300373
alpha,120,1,61,O2,Fp1,0.00024434570465155036
alpha,121,2,3,Oz,O1,0.00040305985160464053
alpha,122,2,4,Oz,PO8,0.0003301649228012936
alpha,123,2,5,Oz,PO4,0.0002786746059844637
alpha,124,2,6,Oz,POz,0.0002936776968817643
alpha,125,2,7,Oz,PO3,0.00028266013536982625
alpha,126,2,8,Oz,PO7,0.0004373489445395648
alpha,127,2,9,Oz,P8,0.0002713798173406781
alpha,128,2,10,Oz,P6,0.0002759178584474419
alpha,129,2,11,Oz,P4,0.00023673266883328937
alpha,130,2,12,Oz,P2,0.0002444059093657249
alpha,131,2,13,Oz,Pz,0.0002556272339959291
alpha,132,2,14,Oz,P1,0.00022013684235447522
alpha,133,2,15,Oz,P3,0.00029197345962565845
alpha,134,2,16,Oz,P5,0.00029757575240817755
alpha,135,2,17,Oz,P7,0.00032589857489232784
alpha,136,2,18,Oz,TP10,0.00025334411375904176
alpha,137,2,19,Oz,TP8,0.0002474873019471692
alpha,138,2,20,Oz,CP6,0.0002547995914496912
alpha,139,2,21,Oz,CP4,0.0002222812929017803
alpha,140,2,22,Oz,CP2,0.00020771040635597917
alpha,141,2,23,Oz,CPz,0.00022573105368045048
alpha,142,2,24,Oz,CP1,0.0002571608603100442
alpha,143,2,25,Oz,CP3,0.00023644705060828537
alpha,144,2,26,Oz,CP5,0.00023433432976919925
alpha,145,2,27,Oz,TP7,0.00024700144084904824
alpha,146,2,28,Oz,TP9,0.00028948235598938974
alpha,147,2,29,Oz,T8,0.0002651485847016755
alpha,148,2,30,Oz,C6,0.0002877549868857628
alpha,149,2,31,Oz,C4,0.00032267435024590645
alpha,150,2,32,Oz,C2,0.00030861905466351487
alpha,151,2,33,Oz,Cz,0.00033106829491612587
alpha,152,2,34,Oz,C1,0.0002894351572696916
alpha,153,2,35,Oz,C3,0.0002847389350106257
alpha,154,2,36,Oz,C5,0.00029069352020061085
alpha,155,2,37,Oz,T7,0.00026615541877034134
alpha,156,2,38,Oz,FT8,0.0003130460072133588
alpha,157,2,39,Oz,FC6,0.00034762614060266
alpha,158,2,40,Oz,FC4,0.0003280481131368749
alpha,159,2,41,Oz,FC2,0.0003228120466050783
alpha,160,2,42,Oz,AF8,0.00031908101415233493
alpha,161,2,43,Oz,FC1,0.0002986759587839802
alpha,162,2,44,Oz,FC3,0.00029680132614923904
alpha,163,2,45,Oz,FC5,0.0002417792688354705
alpha,164,2,46,Oz,FT7,0.0002503041069854157
alpha,165,2,47,Oz,F8,0.00029069695516372113
alpha,166,2,48,Oz,F6,0.00030213466503799214
alpha,167,2,49,Oz,F4,0.00029903351217827156
alpha,168,2,50,Oz,F2,0.00029936523010052073
alpha,169,2,51,Oz,Fz,0.0002782194947721304
alpha,170,2,52,Oz,F1,0.00027054600797257197
alpha,171,2,53,Oz,F3,0.0002598264105832189
alpha,172,2,54,Oz,F5,0.00023771707070033976
alpha,173,2,55,Oz,F7,0.0002146420314327858
alpha,174,2,56,Oz,AF4,0.000253384999095227
alpha,175,2,57,Oz,AF7,0.0002652424989040841
alpha,176,2,58,Oz,AF3,0.0002768478009254309
alpha,177,2,59,Oz,Fp2,0.00023148503139369794
alpha,178,2,60,Oz,Fpz,0.0002429215728788075
alpha,179,2,61,Oz,Fp1,0.00023721998482028873
alpha,180,3,4,O1,PO8,0.0003413197437199823
alpha,181,3,5,O1,PO4,0.00027869378566081066
alpha,182,3,6,O1,POz,0.00027968743567483793
alpha,183,3,7,O1,PO3,0.0003027512541366494
alpha,184,3,8,O1,PO7,0.00041597308031614657
alpha,185,3,9,O1,P8,0.000277455687508792
alpha,186,3,10,O1,P6,0.00025848234065696323
alpha,187,3,11,O1,P4,0.00026495443596322984
alpha,188,3,12,O1,P2,0.00019698514095545114
alpha,189,3,13,O1,Pz,0.00022527902880006452
alpha,190,3,14,O1,P1,0.0002536890769804483
alpha,191,3,15,O1,P3,0.0002988020219243038
alpha,192,3,16,O1,P5,0.0003107740322681684
alpha,193,3,17,O1,P7,0.0003286728081835897
alpha,194,3,18,O1,TP10,0.00029184716511172147
alpha,195,3,19,O1,TP8,0.00027141681609717483
alpha,196,3,20,O1,CP6,0.000272085289368731
alpha,197,3,21,O1,CP4,0.0002016807097680046
alpha,198,3,22,O1,CP2,0.00019564080805485406
alpha,199,3,23,O1,CPz,0.0002428759761664801
alpha,200,3,24,O1,CP1,0.0002506709432810294
alpha,201,3,25,O1,CP3,0.00026379207551499486
alpha,202,3,26,O1,CP5,0.00026678641327278706
alpha,203,3,27,O1,TP7,0.0002712829808790936
alpha,204,3,28,O1,TP9,0.00026504387240320877
alpha,205,3,29,O1,T8,0.00026154997151647136
alpha,206,3,30,O1,C6,0.0003351332508716963
alpha,207,3,31,O1,C4,0.00030788846199589703
alpha,208,3,32,O1,C2,0.00027129566638703817
alpha,209,3,33,O1,Cz,0.0003089360982209572
alpha,210,3,34,O1,C1,0.0002460476819777899
alpha,211,3,35,O1,C3,0.00027201406040724843
alpha,212,3,36,O1,C5,0.0002978550259760718
alpha,213,3,37,O1,T7,0.0002527054341143708
alpha,214,3,38,O1,FT8,0.00029361008484165614
alpha,215,3,39,O1,FC6,0.0003559248317141822
alpha,216,3,40,O1,FC4,0.00037754379210468375
alpha,217,3,41,O1,FC2,0.0003584157548066944
alpha,218,3,42,O1,AF8,0.0003357906578561261
alpha,219,3,43,O1,FC1,0.0003201533912339415
alpha,220,3,44,O1,FC3,0.0002676668410862964
alpha,221,3,45,O1,FC5,0.00024309109522178428
alpha,222,3,46,O1,FT7,0.0002496160820395332
alpha,223,3,47,O1,F8,0.0002657864475771979
alpha,224,3,48,O1,F6,0.0002699377082998452
alpha,225,3,49,O1,F4,0.0003224388578734648
alpha,226,3,50,O1,F2,0.0003426514913867956
alpha,227,3,51,O1,Fz,0.0002958784256433103
alpha,228,3,52,O1,F1,0.0002779236800068193
alpha,229,3,53,O1,F3,0.00024947598299804747
alpha,230,3,54,O1,F5,0.0001991599586470423
alpha,231,3,55,O1,F7,0.00021525415166348945
alpha,232,3,56,O1,AF4,0.0002413769970001122
alpha,233,3,57,O1,AF7,0.00022377817371712277
alpha,234,3,58,O1,AF3,0.00023900036804577504
alpha,235,3,59,O1,Fp2,0.0002093910490836806
alpha,236,3,60,O1,Fpz,0.00023510192919034076
alpha,237,3,61,O1,Fp1,0.00021610002925468076
alpha,238,4,5,PO8,PO4,0.0003371459974785193
alpha,239,4,6,PO8,POz,0.0003050561027157883
alpha,240,4,7,PO8,PO3,0.0003058369028392368
alpha,241,4,8,PO8,PO7,0.0002887907711595699
alpha,242,4,9,PO8,P8,0.0003354735375530417
alpha,243,4,10,PO8,P6,0.0002759381979701099
alpha,244,4,11,PO8,P4,0.00025230454513316226
alpha,245,4,12,PO8,P2,0.00022261685435472528
alpha,246,4,13,PO8,Pz,0.0002300526682365145
alpha,247,4,14,PO8,P1,0.00023088837215708458
alpha,248,4,15,PO8,P3,0.0002556846362653771
alpha,249,4,16,PO8,P5,0.0002675546279571245
alpha,250,4,17,PO8,P7,0.00025083735687968033
alpha,251,4,18,PO8,TP10,0.0003135120270214586
alpha,252,4,19,PO8,TP8,0.0002610771367839266
alpha,253,4,20,PO8,CP6,0.00026703087421637336
alpha,254,4,21,PO8,CP4,0.00023175326775999816
alpha,255,4,22,PO8,CP2,0.00022734290714856845
alpha,256,4,23,PO8,CPz,0.0002395178479441996
alpha,257,4,24,PO8,CP1,0.0002595481075050619
alpha,258,4,25,PO8,CP3,0.00026201026581109565
alpha,259,4,26,PO8,CP5,0.00026293553867226045
alpha,260,4,27,PO8,TP7,0.00025746969298177274
alpha,261,4,28,PO8,TP9,0.0002591133559909413
alpha,262,4,29,PO8,T8,0.00025980530263341095
alpha,263,4,30,PO8,C6,0.0002957432798548375
alpha,264,4,31,PO8,C4,0.0002761122287647177
alpha,265,4,32,PO8,C2,0.0002336774404709213
alpha,266,4,33,PO8,Cz,0.00028133282513686364
alpha,267,4,34,PO8,C1,0.00028046163933182356
alpha,268,4,35,PO8,C3,0.0003377510284328378
alpha,269,4,36,PO8,C5,0.0003146759469828945
alpha,270,4,37,PO8,T7,0.0002387511365190895
alpha,271,4,38,PO8,FT8,0.0002496284918153402
alpha,272,4,39,PO8,FC6,0.00031291012478110267
alpha,273,4,40,PO8,FC4,0.0003057120978857543
alpha,274,4,41,PO8,FC2,0.0002687824009386504
alpha,275,4,42,PO8,AF8,0.00031098371268420486
alpha,276,4,43,PO8,FC1,0.000351897590631365
alpha,277,4,44,PO8,FC3,0.00038086805868039103
alpha,278,4,45,PO8,FC5,0.0003047700247394955
alpha,279,4,46,PO8,FT7,0.00024101699624655428
alpha,280,4,47,PO8,F8,0.00024441219471967816
alpha,281,4,48,PO8,F6,0.0002829271523499637
alpha,282,4,49,PO8,F4,0.0003005152586136451
alpha,283,4,50,PO8,F2,0.00029540832833622837
alpha,284,4,51,PO8,Fz,0.000313371572796306
alpha,285,4,52,PO8,F1,0.00032148168309937506
alpha,286,4,53,PO8,F3,0.00030852953972503093
alpha,287,4,54,PO8,F5,0.0002622393828720027
alpha,288,4,55,PO8,F7,0.0002677621639445793
alpha,289,4,56,PO8,AF4,0.0002742767784742358
alpha,290,4,57,PO8,AF7,0.0002747230981436296
alpha,291,4,58,PO8,AF3,0.0002700814976322345
alpha,292,4,59,PO8,Fp2,0.00023477399326818043
alpha,293,4,60,PO8,Fpz,0.0002415703565206174
alpha,294,4,61,PO8,Fp1,0.000245830581115363
alpha,295,5,6,PO4,POz,0.000424160869654891
alpha,296,5,7,PO4,PO3,0.00028239810814254944
alpha,297,5,8,PO4,PO7,0.00023567366435294155
alpha,298,5,9,PO4,P8,0.0003240179592773764
alpha,299,5,10,PO4,P6,0.00036405913934419506
alpha,300,5,11,PO4,P4,0.00024620614591274305
alpha,301,5,12,PO4,P2,0.0002624214038608654
alpha,302,5,13,PO4,Pz,0.00023698478633595436
alpha,303,5,14,PO4,P1,0.00023044669137144255
alpha,304,5,15,PO4,P3,0.0002811605855931952
alpha,305,5,16,PO4,P5,0.0002767987330956896
alpha,306,5,17,PO4,P7,0.00021421297733541675
alpha,307,5,18,PO4,TP10,0.00030871635492768057
alpha,308,5,19,PO4,TP8,0.00024905927391417063
alpha,309,5,20,PO4,CP6,0.0002931923906065253
alpha,310,5,21,PO4,CP4,0.00022209685764572963
alpha,311,5,22,PO4,CP2,0.00019895954696499195
alpha,312,5,23,PO4,CPz,0.00023854772733780026
alpha,313,5,24,PO4,CP1,0.0002907268763583195
alpha,314,5,25,PO4,CP3,0.00022242154816860333
alpha,315,5,26,PO4,CP5,0.00024579445543812127
alpha,316,5,27,PO4,TP7,0.0002030905533135207
alpha,317,5,28,PO4,TP9,0.00023993061332997135
alpha,318,5,29,PO4,T8,0.0002829684485916545
alpha,319,5,30,PO4,C6,0.00033407430967046707
alpha,320,5,31,PO4,C4,0.00019539683575023857
alpha,321,5,32,PO4,C2,0.00016548620258138608
alpha,322,5,33,PO4,Cz,0.00020544846266892943
alpha,323,5,34,PO4,C1,0.00023336308058681293
alpha,324,5,35,PO4,C3,0.00027433990868669654
alpha,325,5,36,PO4,C5,0.0002934600390738391
alpha,326,5,37,PO4,T7,0.0002353215322944226
alpha,327,5,38,PO4,FT8,0.00031621841741452563
alpha,328,5,39,PO4,FC6,0.00033620661648734297
alpha,329,5,40,PO4,FC4,0.0002458702711838524
alpha,330,5,41,PO4,FC2,0.0001958838937853265
alpha,331,5,42,PO4,AF8,0.00021988657757783213
alpha,332,5,43,PO4,FC1,0.0002738170325643514
alpha,333,5,44,PO4,FC3,0.00030742778507444207
alpha,334,5,45,PO4,FC5,0.0003206565029360375
alpha,335,5,46,PO4,FT7,0.0002354167584109012
alpha,336,5,47,PO4,F8,0.00031765946312850216
alpha,337,5,48,PO4,F6,0.0002969466325119951
alpha,338,5,49,PO4,F4,0.0003039471369241385
alpha,339,5,50,PO4,F2,0.0002539419709176193
alpha,340,5,51,PO4,Fz,0.00025937071269205655
alpha,341,5,52,PO4,F1,0.0002972887112221317
alpha,342,5,53,PO4,F3,0.00034500922176980447
alpha,343,5,54,PO4,F5,0.0003161446743816615
alpha,344,5,55,PO4,F7,0.0002923906187372352
alpha,345,5,56,PO4,AF4,0.00030323758844603396
alpha,346,5,57,PO4,AF7,0.0003139473818313801
alpha,347,5,58,PO4,AF3,0.0003287048099433882
alpha,348,5,59,PO4,Fp2,0.00031229273464659636
alpha,349,5,60,PO4,Fpz,0.0003181780485701411
alpha,350,5,61,PO4,Fp1,0.000339581623779039
alpha,351,6,7,POz,PO3,0.00031914483345196586
alpha,352,6,8,POz,PO7,0.000295611625457407
alpha,353,6,9,POz,P8,0.00027009833324226015
alpha,354,6,10,POz,P6,0.0003651381141194892
alpha,355,6,11,POz,P4,0.00033815659768870874
alpha,356,6,12,POz,P2,0.0002817960077022539
alpha,357,6,13,POz,Pz,0.00029742380518504196
alpha,358,6,14,POz,P1,0.0002867395780452288
alpha,359,6,15,POz,P3,0.0003125659946267586
alpha,360,6,16,POz,P5,0.0002935179924837275
alpha,361,6,17,POz,P7,0.00025359308638756825
alpha,362,6,18,POz,TP10,0.00026902627904944475
alpha,363,6,19,POz,TP8,0.00023890402604534547
alpha,364,6,20,POz,CP6,0.0003538404194847675
alpha,365,6,21,POz,CP4,0.00024132212560455763
alpha,366,6,22,POz,CP2,0.0002224870290045529
alpha,367,6,23,POz,CPz,0.00025065988061720955
alpha,368,6,24,POz,CP1,0.00028586359774611495
alpha,369,6,25,POz,CP3,0.00029802222038389354
alpha,370,6,26,POz,CP5,0.00024546220044522
alpha,371,6,27,POz,TP7,0.0002204384831639182
alpha,372,6,28,POz,TP9,0.0002412495981789149
alpha,373,6,29,POz,T8,0.00029109285049504186
alpha,374,6,30,POz,C6,0.0003084281204393348
alpha,375,6,31,POz,C4,0.00023212449131422447
alpha,376,6,32,POz,C2,0.0002238315862812342
alpha,377,6,33,POz,Cz,0.00022572809244145514
alpha,378,6,34,POz,C1,0.0002292248062063222
alpha,379,6,35,POz,C3,0.0002510358228016856
alpha,380,6,36,POz,C5,0.0002905816928191834
alpha,381,6,37,POz,T7,0.0002679882913722917
alpha,382,6,38,POz,FT8,0.00033038495785584436
alpha,383,6,39,POz,FC6,0.0003927483550487408
alpha,384,6,40,POz,FC4,0.00032139689902972615
alpha,385,6,41,POz,FC2,0.00026819972029082053
alpha,386,6,42,POz,AF8,0.0002649241058433893
alpha,387,6,43,POz,FC1,0.00027733315016390545
alpha,388,6,44,POz,FC3,0.0002709000906112643
alpha,389,6,45,POz,FC5,0.000290493842449777
alpha,390,6,46,POz,FT7,0.0002861256663596089
alpha,391,6,47,POz,F8,0.00031480376435393236
alpha,392,6,48,POz,F6,0.0003512828667348074
alpha,393,6,49,POz,F4,0.00031946723409416054
alpha,394,6,50,POz,F2,0.0002856329344703486
alpha,395,6,51,POz,Fz,0.00029655290790640625
alpha,396,6,52,POz,F1,0.0003104378644700503
alpha,397,6,53,POz,F3,0.00030187225564414036
alpha,398,6,54,POz,F5,0.0003560675127786528
alpha,399,6,55,POz,F7,0.0003083228844961752
alpha,400,6,56,POz,AF4,0.0003460292924778789
alpha,401,6,57,POz,AF7,0.0003387667467218399
alpha,402,6,58,POz,AF3,0.0003411461518769068
alpha,403,6,59,POz,Fp2,0.00038172922117491956
alpha,404,6,60,POz,Fpz,0.00036056197917834156
alpha,405,6,61,POz,Fp1,0.0003489314371734246
alpha,406,7,8,PO3,PO7,0.00026753555741188163
alpha,407,7,9,PO3,P8,0.0002871753907017327
alpha,408,7,10,PO3,P6,0.00027216219193813113
alpha,409,7,11,PO3,P4,0.00026975501080194283
alpha,410,7,12,PO3,P2,0.00021718497976982288
alpha,411,7,13,PO3,Pz,0.0002648116769110343
alpha,412,7,14,PO3,P1,0.0002587476686437871
alpha,413,7,15,PO3,P3,0.0002764107338002625
alpha,414,7,16,PO3,P5,0.0003577424294545294
alpha,415,7,17,PO3,P7,0.00030068206947703234
alpha,416,7,18,PO3,TP10,0.0002512784755852781
alpha,417,7,19,PO3,TP8,0.00024125252839535464
alpha,418,7,20,PO3,CP6,0.00027789544270107817
alpha,419,7,21,PO3,CP4,0.00022379318761612645
alpha,420,7,22,PO3,CP2,0.000196958348037404
alpha,421,7,23,PO3,CPz,0.00025289340796010615
alpha,422,7,24,PO3,CP1,0.0002462160848796377
alpha,423,7,25,PO3,CP3,0.00025241708781309697
alpha,424,7,26,PO3,CP5,0.000291468393239767
alpha,425,7,27,PO3,TP7,0.00026220655015716176
alpha,426,7,28,PO3,TP9,0.00019907669685577338
alpha,427,7,29,PO3,T8,0.0002573857367110737
alpha,428,7,30,PO3,C6,0.0002973813483097313
alpha,429,7,31,PO3,C4,0.0002785661215163915
alpha,430,7,32,PO3,C2,0.0001999061010502608
alpha,431,7,33,PO3,Cz,0.0002167090036593776
alpha,432,7,34,PO3,C1,0.00019914175672399657
alpha,433,7,35,PO3,C3,0.0002281772379425586
alpha,434,7,36,PO3,C5,0.0002499777972378869
alpha,435,7,37,PO3,T7,0.00024764876378556794
alpha,436,7,38,PO3,FT8,0.0003235607464630059
alpha,437,7,39,PO3,FC6,0.00033973734989607387
alpha,438,7,40,PO3,FC4,0.00030521161728183307
alpha,439,7,41,PO3,FC2,0.0002449130023367865
alpha,440,7,42,PO3,AF8,0.0002607011399377374
alpha,441,7,43,PO3,FC1,0.00023387447960730484
alpha,442,7,44,PO3,FC3,0.0002346413020198424
alpha,443,7,45,PO3,FC5,0.00028824361831822825
alpha,444,7,46,PO3,FT7,0.0002547319535173145
alpha,445,7,47,PO3,F8,0.0002707936584966912
alpha,446,7,48,PO3,F6,0.00031182254711510616
alpha,447,7,49,PO3,F4,0.00032427752521034124
alpha,448,7,50,PO3,F2,0.0003358979796483286
alpha,449,7,51,PO3,Fz,0.00030596887691581345
alpha,450,7,52,PO3,F1,0.000284993429141875
alpha,451,7,53,PO3,F3,0.00030410250071810673
alpha,452,7,54,PO3,F5,0.00030280251475637746
alpha,453,7,55,PO3,F7,0.0002781351912621027
alpha,454,7,56,PO3,AF4,0.0003063953039037908
alpha,455,7,57,PO3,AF7,0.00029916061101462825
alpha,456,7,58,PO3,AF3,0.0003255557582400639
alpha,457,7,59,PO3,Fp2,0.0003192574413098599
alpha,458,7,60,PO3,Fpz,0.0003241588936395849
alpha,459,7,61,PO3,Fp1,0.00031286150508506047
alpha,460,8,9,PO7,P8,0.0002854810756995689
alpha,461,8,10,PO7,P6,0.0002561798736587277
alpha,462,8,11,PO7,P4,0.00021657968999136534
alpha,463,8,12,PO7,P2,0.00020245198687138133
alpha,464,8,13,PO7,Pz,0.0002314217011992782
alpha,465,8,14,PO7,P1,0.00022742845003451362
alpha,466,8,15,PO7,P3,0.0002825998919526409
alpha,467,8,16,PO7,P5,0.0002824586478384913
alpha,468,8,17,PO7,P7,0.00028437767016975416
alpha,469,8,18,PO7,TP10,0.0002650645375168577
alpha,470,8,19,PO7,TP8,0.00030013041018176037
alpha,471,8,20,PO7,CP6,0.0002670819261076272
alpha,472,8,21,PO7,CP4,0.00019730782850811658
alpha,473,8,22,PO7,CP2,0.0001991870419497638
alpha,474,8,23,PO7,CPz,0.00023493925098748712
alpha,475,8,24,PO7,CP1,0.00028149836866167446
alpha,476,8,25,PO7,CP3,0.00027512582301688336
alpha,477,8,26,PO7,CP5,0.00029869484606684046
alpha,478,8,27,PO7,TP7,0.00029426472957022674
alpha,479,8,28,PO7,TP9,0.0002610688474133165
alpha,480,8,29,PO7,T8,0.00024727078662361635
alpha,481,8,30,PO7,C6,0.0003459749139318491
alpha,482,8,31,PO7,C4,0.00029380061348782
alpha,483,8,32,PO7,C2,0.0002651500585298018
alpha,484,8,33,PO7,Cz,0.00028661736107352104
alpha,485,8,34,PO7,C1,0.00026781404325627823
alpha,486,8,35,PO7,C3,0.00027208007653543615
alpha,487,8,36,PO7,C5,0.000322937231474874
alpha,488,8,37,PO7,T7,0.0002256532408445467
alpha,489,8,38,PO7,FT8,0.0002706964348920299
alpha,490,8,39,PO7,FC6,0.0003410703408213688
alpha,491,8,40,PO7,FC4,0.0003526634161190717
alpha,492,8,41,PO7,FC2,0.000357236587060021
alpha,493,8,42,PO7,AF8,0.00030688424722486476
alpha,494,8,43,PO7,FC1,0.00030541731778643193
alpha,495,8,44,PO7,FC3,0.0003350940339780624
alpha,496,8,45,PO7,FC5,0.0002201834225878333
alpha,497,8,46,PO7,FT7,0.0002227713993057957
alpha,498,8,47,PO7,F8,0.0002600746160419419
alpha,499,8,48,PO7,F6,0.00025450760025736796
alpha,500,8,49,PO7,F4,0.0002798901259946659
alpha,501,8,50,PO7,F2,0.0002862205381864254
alpha,502,8,51,PO7,Fz,0.00027662947726306953
alpha,503,8,52,PO7,F1,0.0002714326116817005
alpha,504,8,53,PO7,F3,0.00024771035045455497
alpha,505,8,54,PO7,F5,0.000208334155360103
alpha,506,8,55,PO7,F7,0.00024338618492171057
alpha,507,8,56,PO7,AF4,0.00022524534180723654
alpha,508,8,57,PO7,AF7,0.00024268086981398717
alpha,509,8,58,PO7,AF3,0.00022945921360148735
alpha,510,8,59,PO7,Fp2,0.00022606247050382814
alpha,511,8,60,PO7,Fpz,0.0002496034453423954
alpha,512,8,61,PO7,Fp1,0.0002234875425816553
alpha,513,9,10,P8,P6,0.00028310656799047083
alpha,514,9,11,P8,P4,0.0002707125603997677
alpha,515,9,12,P8,P2,0.0002312264382430253
alpha,516,9,13,P8,Pz,0.00021648904048051295
alpha,517,9,14,P8,P1,0.00022229026414938275
alpha,518,9,15,P8,P3,0.00023351734319754792
alpha,519,9,16,P8,P5,0.0002679795230247179
alpha,520,9,17,P8,P7,0.0002922409260693884
alpha,521,9,18,P8,TP10,0.0002794690114604842
alpha,522,9,19,P8,TP8,0.00022197157562579159
alpha,523,9,20,P8,CP6,0.00032147262020688016
alpha,524,9,21,P8,CP4,0.0002707499610908217
alpha,525,9,22,P8,CP2,0.0002509415050384918
alpha,526,9,23,P8,CPz,0.00023077226857157675
alpha,527,9,24,P8,CP1,0.00024976623549102984
alpha,528,9,25,P8,CP3,0.00028362837780586685
alpha,529,9,26,P8,CP5,0.000247156457336492
alpha,530,9,27,P8,TP7,0.00024760117997747483
alpha,531,9,28,P8,TP9,0.0002720074472473801
alpha,532,9,29,P8,T8,0.00023834556149227238
alpha,533,9,30,P8,C6,0.00036722613904588723
alpha,534,9,31,P8,C4,0.0003102835959377018
alpha,535,9,32,P8,C2,0.0002450296573887063
alpha,536,9,33,P8,Cz,0.0003094609218658668
alpha,537,9,34,P8,C1,0.00032763880381617367
alpha,538,9,35,P8,C3,0.00036830598667917183
alpha,539,9,36,P8,C5,0.0003137324210789831
alpha,540,9,37,P8,T7,0.0002749373151597921
alpha,541,9,38,P8,FT8,0.0002379608240902136
alpha,542,9,39,P8,FC6,0.0002707977709026318
alpha,543,9,40,P8,FC4,0.0003132952895160055
alpha,544,9,41,P8,FC2,0.0002819489275752463
alpha,545,9,42,P8,AF8,0.0002834988872801001
alpha,546,9,43,P8,FC1,0.0003352459731685614
alpha,547,9,44,P8,FC3,0.0003957229392604635
alpha,548,9,45,P8,FC5,0.00031050963154896237
alpha,549,9,46,P8,FT7,0.0002790123072786645
alpha,550,9,47,P8,F8,0.00022547130349688825
alpha,551,9,48,P8,F6,0.0002513585121329938
alpha,552,9,49,P8,F4,0.00024236703365495814
alpha,553,9,50,P8,F2,0.00028379923146131035
alpha,554,9,51,P8,Fz,0.00027936948406771805
alpha,555,9,52,P8,F1,0.0002802081124905875
alpha,556,9,53,P8,F3,0.00026397881268670856
alpha,557,9,54,P8,F5,0.0002329579914644647
alpha,558,9,55,P8,F7,0.00025810765614989433
alpha,559,9,56,P8,AF4,0.00023542675627103343
alpha,560,9,57,P8,AF7,0.0002500397889723191
alpha,561,9,58,P8,AF3,0.0002402120548639259
alpha,562,9,59,P8,Fp2,0.00022366648429642715
alpha,563,9,60,P8,Fpz,0.00024413270252585253
alpha,564,9,61,P8,Fp1,0.0002534453211091289
alpha,565,10,11,P6,P4,0.0002604777711450011
alpha,566,10,12,P6,P2,0.0002452357264350064
alpha,567,10,13,P6,Pz,0.00024074020951387096
alpha,568,10,14,P6,P1,0.00022610604038561036
alpha,569,10,15,P6,P3,0.00027825322636069625
alpha,570,10,16,P6,P5,0.00025300517916830296
alpha,571,10,17,P6,P7,0.00024084145798094326
alpha,572,10,18,P6,TP10,0.00028706899389937754
alpha,573,10,19,P6,TP8,0.0002240909199101812
alpha,574,10,20,P6,CP6,0.0002642825471529852
alpha,575,10,21,P6,CP4,0.0002390267953142304
alpha,576,10,22,P6,CP2,0.0002464085464782652
alpha,577,10,23,P6,CPz,0.00020001192842791478
alpha,578,10,24,P6,CP1,0.0002330777752196066
alpha,579,10,25,P6,CP3,0.0002538205210400819
alpha,580,10,26,P6,CP5,0.0002387393431873786
alpha,581,10,27,P6,TP7,0.00023191915058497523
alpha,582,10,28,P6,TP9,0.00023711295040841992
alpha,583,10,29,P6,T8,0.0002596359211227441
alpha,584,10,30,P6,C6,0.0003110283579776201
alpha,585,10,31,P6,C4,0.0002385612996172525
alpha,586,10,32,P6,C2,0.00021471468002297805
alpha,587,10,33,P6,Cz,0.00021731615656154737
alpha,588,10,34,P6,C1,0.00022253905057060836
alpha,589,10,35,P6,C3,0.00027957165942126916
alpha,590,10,36,P6,C5,0.0003005120925681568
alpha,591,10,37,P6,T7,0.0002773803622900923
alpha,592,10,38,P6,FT8,0.00028800054107180775
alpha,593,10,39,P6,FC6,0.00028145376441672456
alpha,594,10,40,P6,FC4,0.000283558905522439
alpha,595,10,41,P6,FC2,0.0002331024064863609
alpha,596,10,42,P6,AF8,0.00025023568821960817
alpha,597,10,43,P6,FC1,0.0002872862581345816
alpha,598,10,44,P6,FC3,0.00030569512884564317
alpha,599,10,45,P6,FC5,0.0003476536881466854
alpha,600,10,46,P6,FT7,0.000297065295421633
alpha,601,10,47,P6,F8,0.0003016308616094395
alpha,602,10,48,P6,F6,0.00029510369395660806
alpha,603,10,49,P6,F4,0.0002934986628708616
alpha,604,10,50,P6,F2,0.0002532848625527799
alpha,605,10,51,P6,Fz,0.00025655936694312444
alpha,606,10,52,P6,F1,0.0002836950627009608
alpha,607,10,53,P6,F3,0.000315984006383593
alpha,608,10,54,P6,F5,0.00028474423842434984
alpha,609,10,55,P6,F7,0.00025549308765123336
alpha,610,10,56,P6,AF4,0.00031917704486154956
alpha,611,10,57,P6,AF7,0.00030048723690084074
alpha,612,10,58,P6,AF3,0.0002986863850992089
alpha,613,10,59,P6,Fp2,0.00029017017009475596
alpha,614,10,60,P6,Fpz,0.000311530427463643
alpha,615,10,61,P6,Fp1,0.0002880210970450128
alpha,616,11,12,P4,P2,0.00027883558050953607
alpha,617,11,13,P4,Pz,0.00030542427617387256
alpha,618,11,14,P4,P1,0.00025863600690076714
alpha,619,11,15,P4,P3,0.0002966004554296056
alpha,620,11,16,P4,P5,0.00022830862439239072
alpha,621,11,17,P4,P7,0.0001988616361999113
alpha,622,11,18,P4,TP10,0.0002856483547889322
alpha,623,11,19,P4,TP8,0.00022988665452550378
alpha,624,11,20,P4,CP6,0.00031241445816524544
alpha,625,11,21,P4,CP4,0.00021733812917667036
alpha,626,11,22,P4,CP2,0.00022738685379964356
alpha,627,11,23,P4,CPz,0.00021070846853920105
alpha,628,11,24,P4,CP1,0.00028456451642119737
alpha,629,11,25,P4,CP3,0.0002534733503702598
alpha,630,11,26,P4,CP5,0.00022893259814667916
alpha,631,11,27,P4,TP7,0.00018965984941905892
alpha,632,11,28,P4,TP9,0.00023389252458639576
alpha,633,11,29,P4,T8,0.000260212597822713
alpha,634,11,30,P4,C6,0.0003123587340062224
alpha,635,11,31,P4,C4,0.00021729069125451937
alpha,636,11,32,P4,C2,0.00020084861491666647
alpha,637,11,33,P4,Cz,0.00020308413853132792
alpha,638,11,34,P4,C1,0.00018531183701359641
alpha,639,11,35,P4,C3,0.000233441146929505
alpha,640,11,36,P4,C5,0.00029471111820554373
alpha,641,11,37,P4,T7,0.00024263948297031538
alpha,642,11,38,P4,FT8,0.00029011663724748626
alpha,643,11,39,P4,FC6,0.00028690166404675687
alpha,644,11,40,P4,FC4,0.00020220401372242304
alpha,645,11,41,P4,FC2,0.00018379881324016563
alpha,646,11,42,P4,AF8,0.00020449344901445798
alpha,647,11,43,P4,FC1,0.00021160744024654684
alpha,648,11,44,P4,FC3,0.00023019091768719576
alpha,649,11,45,P4,FC5,0.00031188480911605195
alpha,650,11,46,P4,FT7,0.00030777682408260375
alpha,651,11,47,P4,F8,0.00030146550694226974
alpha,652,11,48,P4,F6,0.0002628182963360239
alpha,653,11,49,P4,F4,0.00019087918930808025
alpha,654,11,50,P4,F2,0.00018559576657578474
alpha,655,11,51,P4,Fz,0.00021138734320897564
alpha,656,11,52,P4,F1,0.0002298630107820579
alpha,657,11,53,P4,F3,0.00026967072037892335
alpha,658,11,54,P4,F5,0.0003000432040736997
alpha,659,11,55,P4,F7,0.0002965757102855346
alpha,660,11,56,P4,AF4,0.0002559897972612125
alpha,661,11,57,P4,AF7,0.0002665644486307893
alpha,662,11,58,P4,AF3,0.00029243599097748493
alpha,663,11,59,P4,Fp2,0.0002812089067192226
alpha,664,11,60,P4,Fpz,0.00027489364850546386
alpha,665,11,61,P4,Fp1,0.0002776286971163706
alpha,666,12,13,P2,Pz,0.000308867613394832
alpha,667,12,14,P2,P1,0.0003142676453687635
alpha,668,12,15,P2,P3,0.0002550284564533416
alpha,669,12,16,P2,P5,0.00020812693776474465
alpha,670,12,17,P2,P7,0.00019729263706057902
alpha,671,12,18,P2,TP10,0.0002586964615373789
alpha,672,12,19,P2,TP8,0.00024448595455108397
alpha,673,12,20,P2,CP6,0.00032247602065037115
alpha,674,12,21,P2,CP4,0.0002723657360460911
alpha,675,12,22,P2,CP2,0.00024039218290976765
alpha,676,12,23,P2,CPz,0.0002075407196808586
alpha,677,12,24,P2,CP1,0.0003074931433958218
alpha,678,12,25,P2,CP3,0.0002563149931377559
alpha,679,12,26,P2,CP5,0.0002558650802151399
alpha,680,12,27,P2,TP7,0.00019360835702300416
alpha,681,12,28,P2,TP9,0.00025123891436360565
alpha,682,12,29,P2,T8,0.00031454081471124485
alpha,683,12,30,P2,C6,0.0003016683344041357
alpha,684,12,31,P2,C4,0.000217506816342185
alpha,685,12,32,P2,C2,0.00019805631406366367
alpha,686,12,33,P2,Cz,0.00020466761462349715
alpha,687,12,34,P2,C1,0.00019010990038535307
alpha,688,12,35,P2,C3,0.00022296069837255788
alpha,689,12,36,P2,C5,0.00030997392666720733
alpha,690,12,37,P2,T7,0.00029179374051347193
alpha,691,12,38,P2,FT8,0.00030904760372256896
alpha,692,12,39,P2,FC6,0.0002841833223943883
alpha,693,12,40,P2,FC4,0.00021388568344110677
alpha,694,12,41,P2,FC2,0.00019196107658028951
alpha,695,12,42,P2,AF8,0.0001812140597972853
alpha,696,12,43,P2,FC1,0.00019804478496770607
alpha,697,12,44,P2,FC3,0.0002258670593296356
alpha,698,12,45,P2,FC5,0.0002715514463420357
alpha,699,12,46,P2,FT7,0.00031772164205973055
alpha,700,12,47,P2,F8,0.00032289766352962685
alpha,701,12,48,P2,F6,0.0002937187822712388
alpha,702,12,49,P2,F4,0.00021255852878399465
alpha,703,12,50,P2,F2,0.00019462084400786357
alpha,704,12,51,P2,Fz,0.0002007103057512551
alpha,705,12,52,P2,F1,0.00020598372588868322
alpha,706,12,53,P2,F3,0.000232265029996185
alpha,707,12,54,P2,F5,0.0002904567788635508
alpha,708,12,55,P2,F7,0.00030976291793865526
alpha,709,12,56,P2,AF4,0.00022841783922994372
alpha,710,12,57,P2,AF7,0.000217030688191026
alpha,711,12,58,P2,AF3,0.00022439414066010907
alpha,712,12,59,P2,Fp2,0.00029146328467287614
alpha,713,12,60,P2,Fpz,0.00028489429409262796
alpha,714,12,61,P2,Fp1,0.0002971808484266415
alpha,715,13,14,Pz,P1,0.0003561705105016688
alpha,716,13,15,Pz,P3,0.0002686228749483255
alpha,717,13,16,Pz,P5,0.0002660225567721477
alpha,718,13,17,Pz,P7,0.000222936239670506
alpha,719,13,18,Pz,TP10,0.00024637462387429494
alpha,720,13,19,Pz,TP8,0.0002154555430083272
alpha,721,13,20,Pz,CP6,0.00029304014926909025
alpha,722,13,21,Pz,CP4,0.0003097708547841071
alpha,723,13,22,Pz,CP2,0.0002566714161636909
alpha,724,13,23,Pz,CPz,0.00020518587643882265
alpha,725,13,24,Pz,CP1,0.0002917986284816527
alpha,726,13,25,Pz,CP3,0.00027811165770265617
alpha,727,13,26,Pz,CP5,0.0002701621845501921
alpha,728,13,27,Pz,TP7,0.0002411611239213788
alpha,729,13,28,Pz,TP9,0.0002545218215375293
alpha,730,13,29,Pz,T8,0.0002731111623291556
alpha,731,13,30,Pz,C6,0.00026434338747593605
alpha,732,13,31,Pz,C4,0.0002460178012576574
alpha,733,13,32,Pz,C2,0.00020930696690844757
alpha,734,13,33,Pz,Cz,0.00021284473279862943
alpha,735,13,34,Pz,C1,0.00018415858037193475
alpha,736,13,35,Pz,C3,0.00021735845685816012
alpha,737,13,36,Pz,C5,0.00030793510588222905
alpha,738,13,37,Pz,T7,0.0003006498782519185
alpha,739,13,38,Pz,FT8,0.0003558456106697946
alpha,740,13,39,Pz,FC6,0.00034723867978951974
alpha,741,13,40,Pz,FC4,0.00023381499258613632
alpha,742,13,41,Pz,FC2,0.00021638133145634756
alpha,743,13,42,Pz,AF8,0.00019968125477529833
alpha,744,13,43,Pz,FC1,0.00018669735864007518
alpha,745,13,44,Pz,FC3,0.00021895868366086235
alpha,746,13,45,Pz,FC5,0.0002771308251030304
alpha,747,13,46,Pz,FT7,0.0003372235690992263
alpha,748,13,47,Pz,F8,0.00032833978645742075
alpha,749,13,48,Pz,F6,0.0003097529669446817
alpha,750,13,49,Pz,F4,0.00024100777205245143
alpha,751,13,50,Pz,F2,0.00020790650038192364
alpha,752,13,51,Pz,Fz,0.0002017682542264009
alpha,753,13,52,Pz,F1,0.00020596794910517942
alpha,754,13,53,Pz,F3,0.0002314040652431847
alpha,755,13,54,Pz,F5,0.0002842623695985548
alpha,756,13,55,Pz,F7,0.0003172080705546905
alpha,757,13,56,Pz,AF4,0.00027782444452785883
alpha,758,13,57,Pz,AF7,0.0002405481560414727
alpha,759,13,58,Pz,AF3,0.0002696386695374666
alpha,760,13,59,Pz,Fp2,0.0003247523691888902
alpha,761,13,60,Pz,Fpz,0.000332316171207295
alpha,762,13,61,Pz,Fp1,0.0003333191547984323
alpha,763,14,15,P1,P3,0.0002843138176095971
alpha,764,14,16,P1,P5,0.00025360463158639765
alpha,765,14,17,P1,P7,0.00020753215980578044
alpha,766,14,18,P1,TP10,0.00023338103499670975
alpha,767,14,19,P1,TP8,0.00022089076574547984
alpha,768,14,20,P1,CP6,0.0002702953644636228
alpha,769,14,21,P1,CP4,0.00030046524494553616
alpha,770,14,22,P1,CP2,0.0002560451763074238
alpha,771,14,23,P1,CPz,0.00025303940026344905
alpha,772,14,24,P1,CP1,0.00025128997822596597
alpha,773,14,25,P1,CP3,0.0002737706944845405
alpha,774,14,26,P1,CP5,0.0002747327599531107
alpha,775,14,27,P1,TP7,0.00026009684639859647
alpha,776,14,28,P1,TP9,0.0002573064940817554
alpha,777,14,29,P1,T8,0.00022984617288420686
alpha,778,14,30,P1,C6,0.00026422281145760455
alpha,779,14,31,P1,C4,0.0002614809716813979
alpha,780,14,32,P1,C2,0.00021114461474742115
alpha,781,14,33,P1,Cz,0.0002353658647872934
alpha,782,14,34,P1,C1,0.0001839516488055305
alpha,783,14,35,P1,C3,0.0002240956272639994
alpha,784,14,36,P1,C5,0.0002694498677564796
alpha,785,14,37,P1,T7,0.0002723973967023966
alpha,786,14,38,P1,FT8,0.00037125386011090025
alpha,787,14,39,P1,FC6,0.00033168804466481423
alpha,788,14,40,P1,FC4,0.00021947021051774013
alpha,789,14,41,P1,FC2,0.00022568204799803263
alpha,790,14,42,P1,AF8,0.00021325823013216972
alpha,791,14,43,P1,FC1,0.00019517703084298343
alpha,792,14,44,P1,FC3,0.00019785657096266853
alpha,793,14,45,P1,FC5,0.0002648385918122588
alpha,794,14,46,P1,FT7,0.000280155223797682
alpha,795,14,47,P1,F8,0.00035741185988814736
alpha,796,14,48,P1,F6,0.0002607453682206014
alpha,797,14,49,P1,F4,0.00021810963570563532
alpha,798,14,50,P1,F2,0.0002210871947378245
alpha,799,14,51,P1,Fz,0.00022152442739223184
alpha,800,14,52,P1,F1,0.00022125191745085734
alpha,801,14,53,P1,F3,0.00021814009300390522
alpha,802,14,54,P1,F5,0.00025169892470068664
alpha,803,14,55,P1,F7,0.00027937259789627547
alpha,804,14,56,P1,AF4,0.00023394624428956694
alpha,805,14,57,P1,AF7,0.00022377707306758766
alpha,806,14,58,P1,AF3,0.00022737422122619637
alpha,807,14,59,P1,Fp2,0.0003270392243823137
alpha,808,14,60,P1,Fpz,0.0003039571515120085
alpha,809,14,61,P1,Fp1,0.00030723181673012416
alpha,810,15,16,P3,P5,0.000244931777796905
alpha,811,15,17,P3,P7,0.00022780372523405933
alpha,812,15,18,P3,TP10,0.00025685382372698937
alpha,813,15,19,P3,TP8,0.00024767785656872607
alpha,814,15,20,P3,CP6,0.0003068034935219552
alpha,815,15,21,P3,CP4,0.00025782444214320283
alpha,816,15,22,P3,CP2,0.0002093742021187956
alpha,817,15,23,P3,CPz,0.00026657134495165546
alpha,818,15,24,P3,CP1,0.00025823343413537735
alpha,819,15,25,P3,CP3,0.00025042382907551825
alpha,820,15,26,P3,CP5,0.00026796286770172314
alpha,821,15,27,P3,TP7,0.0002585660473134628
alpha,822,15,28,P3,TP9,0.00023975991170121762
alpha,823,15,29,P3,T8,0.00026992257322223316
alpha,824,15,30,P3,C6,0.0003081073978237019
alpha,825,15,31,P3,C4,0.0002685612700165333
alpha,826,15,32,P3,C2,0.00019815392513386682
alpha,827,15,33,P3,Cz,0.0002355026125789665
alpha,828,15,34,P3,C1,0.00021343975780189995
alpha,829,15,35,P3,C3,0.00024037341279134838
alpha,830,15,36,P3,C5,0.0002546709897534453
alpha,831,15,37,P3,T7,0.00026041062484187814
alpha,832,15,38,P3,FT8,0.00032959683806873895
alpha,833,15,39,P3,FC6,0.00036237686809799906
alpha,834,15,40,P3,FC4,0.00029675820394673547
alpha,835,15,41,P3,FC2,0.00022618090863749026
alpha,836,15,42,P3,AF8,0.000226559829979572
alpha,837,15,43,P3,FC1,0.00020234417171335791
alpha,838,15,44,P3,FC3,0.00020660917762585287
alpha,839,15,45,P3,FC5,0.00024452692484720436
alpha,840,15,46,P3,FT7,0.00025442669213899535
alpha,841,15,47,P3,F8,0.00032117516338702346
alpha,842,15,48,P3,F6,0.00030988619290422406
alpha,843,15,49,P3,F4,0.00026941974552718774
alpha,844,15,50,P3,F2,0.0002278989240337116
alpha,845,15,51,P3,Fz,0.0002150714402040817
alpha,846,15,52,P3,F1,0.0002199345235069029
alpha,847,15,53,P3,F3,0.0002254328523517258
alpha,848,15,54,P3,F5,0.00022980262463532267
alpha,849,15,55,P3,F7,0.00026076426209692416
alpha,850,15,56,P3,AF4,0.0002858122741080485
alpha,851,15,57,P3,AF7,0.0002524611003820586
alpha,852,15,58,P3,AF3,0.0002546471815754482
alpha,853,15,59,P3,Fp2,0.00031097162779163557
alpha,854,15,60,P3,Fpz,0.0002830113956059111
alpha,855,15,61,P3,Fp1,0.0002743091171945663
alpha,856,16,17,P5,P7,0.00024107481701450122
alpha,857,16,18,P5,TP10,0.00026357620566743454
alpha,858,16,19,P5,TP8,0.00030086915466418244
alpha,859,16,20,P5,CP6,0.0002771519171092187
alpha,860,16,21,P5,CP4,0.00024001510286372155
alpha,861,16,22,P5,CP2,0.00021694369042736576
alpha,862,16,23,P5,CPz,0.0002614580541086058
alpha,863,16,24,P5,CP1,0.00027000378541547116
alpha,864,16,25,P5,CP3,0.00026650122162837086
alpha,865,16,26,P5,CP5,0.000316519233698815
alpha,866,16,27,P5,TP7,0.00027576093753173015
alpha,867,16,28,P5,TP9,0.00025516011320444564
alpha,868,16,29,P5,T8,0.0002815872860463383
alpha,869,16,30,P5,C6,0.0003449936548664485
alpha,870,16,31,P5,C4,0.00030715475119036693
alpha,871,16,32,P5,C2,0.00026054006128829103
alpha,872,16,33,P5,Cz,0.0002725776080679383
alpha,873,16,34,P5,C1,0.00023317595947963703
alpha,874,16,35,P5,C3,0.0002910306873110759
alpha,875,16,36,P5,C5,0.0002897230891391269
alpha,876,16,37,P5,T7,0.000264281422679664
alpha,877,16,38,P5,FT8,0.0002738825206695042
alpha,878,16,39,P5,FC6,0.00031482074453443546
alpha,879,16,40,P5,FC4,0.0003013158720716008
alpha,880,16,41,P5,FC2,0.00028859086039350007
alpha,881,16,42,P5,AF8,0.00028615210420815867
alpha,882,16,43,P5,FC1,0.00024308669166278948
alpha,883,16,44,P5,FC3,0.0002563754275615389
alpha,884,16,45,P5,FC5,0.00025694154154191597
alpha,885,16,46,P5,FT7,0.00027366963957263003
alpha,886,16,47,P5,F8,0.00024797515413373523
alpha,887,16,48,P5,F6,0.00029726858855663805
alpha,888,16,49,P5,F4,0.00028452910672886663
alpha,889,16,50,P5,F2,0.00028417232218252194
alpha,890,16,51,P5,Fz,0.00028088250916244185
alpha,891,16,52,P5,F1,0.00026763883100300735
alpha,892,16,53,P5,F3,0.0002536190357808969
alpha,893,16,54,P5,F5,0.0002496014384768774
alpha,894,16,55,P5,F7,0.00027438280174141516
alpha,895,16,56,P5,AF4,0.00025592410311834994
alpha,896,16,57,P5,AF7,0.00025631332979169415
alpha,897,16,58,P5,AF3,0.0002786011023723828
alpha,898,16,59,P5,Fp2,0.0002564226516983415
alpha,899,16,60,P5,Fpz,0.0002661318341548507
alpha,900,16,61,P5,Fp1,0.00026515858986494165
alpha,901,17,18,P7,TP10,0.0002841366991844212
alpha,902,17,19,P7,TP8,0.00030910103099523117
alpha,903,17,20,P7,CP6,0.0002832807326335184
alpha,904,17,21,P7,CP4,0.0002087415537023453
alpha,905,17,22,P7,CP2,0.00022720317130108366
alpha,906,17,23,P7,CPz,0.00022375068955172447
alpha,907,17,24,P7,CP1,0.00024207930823223634
alpha,908,17,25,P7,CP3,0.00021134015402527197
alpha,909,17,26,P7,CP5,0.00025742101509559
alpha,910,17,27,P7,TP7,0.00026508797752592035
alpha,911,17,28,P7,TP9,0.0002458882330865996
alpha,912,17,29,P7,T8,0.0002665696737691026
alpha,913,17,30,P7,C6,0.0003041666088352544
alpha,914,17,31,P7,C4,0.0002943513575111135
alpha,915,17,32,P7,C2,0.00029359870873462286
alpha,916,17,33,P7,Cz,0.0002909260734360651
alpha,917,17,34,P7,C1,0.0002655585853741964
alpha,918,17,35,P7,C3,0.00025167567918969594
alpha,919,17,36,P7,C5,0.00027742225971727887
alpha,920,17,37,P7,T7,0.0002452168630636176
alpha,921,17,38,P7,FT8,0.00022799283234758942
alpha,922,17,39,P7,FC6,0.00026381377281367867
alpha,923,17,40,P7,FC4,0.000301125271446056
alpha,924,17,41,P7,FC2,0.0002535914675535104
alpha,925,17,42,P7,AF8,0.000256117064476186
alpha,926,17,43,P7,FC1,0.000269501890911954
alpha,927,17,44,P7,FC3,0.00024048414392764065
alpha,928,17,45,P7,FC5,0.0002211963690596696
alpha,929,17,46,P7,FT7,0.0002065778099610657
alpha,930,17,47,P7,F8,0.00022509320548614128
alpha,931,17,48,P7,F6,0.00022858822439499792
alpha,932,17,49,P7,F4,0.00022928398154128433
alpha,933,17,50,P7,F2,0.0002275183817929389
alpha,934,17,51,P7,Fz,0.00024808132810330064
alpha,935,17,52,P7,F1,0.00022424924439551895
alpha,936,17,53,P7,F3,0.00021775390244958143
alpha,937,17,54,P7,F5,0.00019514945745345352
alpha,938,17,55,P7,F7,0.00018852090775530063
alpha,939,17,56,P7,AF4,0.00019382835097979788
alpha,940,17,57,P7,AF7,0.00019368092608430432
alpha,941,17,58,P7,AF3,0.00019252086665572842
alpha,942,17,59,P7,Fp2,0.00019164367676951323
alpha,943,17,60,P7,Fpz,0.00019428793033980177
alpha,944,17,61,P7,Fp1,0.00018999863240406727
alpha,945,18,19,TP10,TP8,0.00026880002782883817
alpha,946,18,20,TP10,CP6,0.00033092059298445045
alpha,947,18,21,TP10,CP4,0.0003052861193395181
alpha,948,18,22,TP10,CP2,0.0002820338175302811
alpha,949,18,23,TP10,CPz,0.0002970214056330884
alpha,950,18,24,TP10,CP1,0.00029719111286037906
alpha,951,18,25,TP10,CP3,0.0003326190476454548
alpha,952,18,26,TP10,CP5,0.0003050167572621381
alpha,953,18,27,TP10,TP7,0.00029829581797043007
alpha,954,18,28,TP10,TP9,0.0003139643728582553
alpha,955,18,29,TP10,T8,0.00028334266543318616
alpha,956,18,30,TP10,C6,0.00033389318900135107
alpha,957,18,31,TP10,C4,0.000317344307782624
alpha,958,18,32,TP10,C2,0.0003266700763448089
alpha,959,18,33,TP10,Cz,0.00033593004152980766
alpha,960,18,34,TP10,C1,0.0003240080649096439
alpha,961,18,35,TP10,C3,0.0003307411814306729
alpha,962,18,36,TP10,C5,0.00030427522560144856
alpha,963,18,37,TP10,T7,0.0002824043527969215
alpha,964,18,38,TP10,FT8,0.00023506909719156
alpha,965,18,39,TP10,FC6,0.0002580851973512355
alpha,966,18,40,TP10,FC4,0.00028610845782717014
alpha,967,18,41,TP10,FC2,0.000312636865449826
alpha,968,18,42,TP10,AF8,0.00031101785569672167
alpha,969,18,43,TP10,FC1,0.00028025797955070575
alpha,970,18,44,TP10,FC3,0.0002910106909020705
alpha,971,18,45,TP10,FC5,0.00027626986655905525
alpha,972,18,46,TP10,FT7,0.0002425621353259597
alpha,973,18,47,TP10,F8,0.00021959423311440933
alpha,974,18,48,TP10,F6,0.00023771936498184664
alpha,975,18,49,TP10,F4,0.00026168387961963854
alpha,976,18,50,TP10,F2,0.000265901096893168
alpha,977,18,51,TP10,Fz,0.0002551545114448307
alpha,978,18,52,TP10,F1,0.00025149703104747595
alpha,979,18,53,TP10,F3,0.000239111907938545
alpha,980,18,54,TP10,F5,0.00025014003752723093
alpha,981,18,55,TP10,F7,0.0002388516134223076
alpha,982,18,56,TP10,AF4,0.0002454488128311757
alpha,983,18,57,TP10,AF7,0.0002349028982022759
alpha,984,18,58,TP10,AF3,0.00022469819602533893
alpha,985,18,59,TP10,Fp2,0.0002298586401143234
alpha,986,18,60,TP10,Fpz,0.0002149935274719593
alpha,987,18,61,TP10,Fp1,0.00023023880211494666
alpha,988,19,20,TP8,CP6,0.000325954165327303
alpha,989,19,21,TP8,CP4,0.0003516081712758758
alpha,990,19,22,TP8,CP2,0.000304194617825044
alpha,991,19,23,TP8,CPz,0.00032236827143046183
alpha,992,19,24,TP8,CP1,0.0002673159187711746
alpha,993,19,25,TP8,CP3,0.0002778876398012942
alpha,994,19,26,TP8,CP5,0.0003050155661791649
alpha,995,19,27,TP8,TP7,0.0003122941668714756
alpha,996,19,28,TP8,TP9,0.00026746165696811514
alpha,997,19,29,TP8,T8,0.00022687047586574075
alpha,998,19,30,TP8,C6,0.00031269813850414666
alpha,999,19,31,TP8,C4,0.00031612915736179006
alpha,1000,19,32,TP8,C2,0.0002985672657935878
alpha,1001,19,33,TP8,Cz,0.0003028876384217744
alpha,1002,19,34,TP8,C1,0.0003334170238106577
alpha,1003,19,35,TP8,C3,0.0003585381922993236
alpha,1004,19,36,TP8,C5,0.00034701418075317597
alpha,1005,19,37,TP8,T7,0.0002887352228259147
alpha,1006,19,38,TP8,FT8,0.0002325102124905544
alpha,1007,19,39,TP8,FC6,0.00024357881198267244
alpha,1008,19,40,TP8,FC4,0.0002703807407990236
alpha,1009,19,41,TP8,FC2,0.0002667388215178523
alpha,1010,19,42,TP8,AF8,0.0002672493614305531
alpha,1011,19,43,TP8,FC1,0.0002872584845051338
alpha,1012,19,44,TP8,FC3,0.00026145684457545273
alpha,1013,19,45,TP8,FC5,0.0002545922640975856
alpha,1014,19,46,TP8,FT7,0.00026889114907721075
alpha,1015,19,47,TP8,F8,0.00021828404674330894
alpha,1016,19,48,TP8,F6,0.0002277448658353313
alpha,1017,19,49,TP8,F4,0.00022873940652025677
alpha,1018,19,50,TP8,F2,0.0002341337169411077
alpha,1019,19,51,TP8,Fz,0.0002240291677019531
alpha,1020,19,52,TP8,F1,0.00021067300103462563
alpha,1021,19,53,TP8,F3,0.00020334936308921678
alpha,1022,19,54,TP8,F5,0.00022805261237011676
alpha,1023,19,55,TP8,F7,0.00024373099007277162
alpha,1024,19,56,TP8,AF4,0.00021466943487432463
alpha,1025,19,57,TP8,AF7,0.00021738408540115066
alpha,1026,19,58,TP8,AF3,0.00020598164736820583
alpha,1027,19,59,TP8,Fp2,0.00019777337549867221
alpha,1028,19,60,TP8,Fpz,0.0002105695266835001
alpha,1029,19,61,TP8,Fp1,0.0002246287091104803
alpha,1030,20,21,CP6,CP4,0.00032313336477327655
alpha,1031,20,22,CP6,CP2,0.0003122819031922806
alpha,1032,20,23,CP6,CPz,0.0002877270848644701
alpha,1033,20,24,CP6,CP1,0.00029772837744400317
alpha,1034,20,25,CP6,CP3,0.0003119793074316068
alpha,1035,20,26,CP6,CP5,0.00028905589885400585
alpha,1036,20,27,CP6,TP7,0.00029920390140793267
alpha,1037,20,28,CP6,TP9,0.0002644776820487086
alpha,1038,20,29,CP6,T8,0.0002750932521631821
alpha,1039,20,30,CP6,C6,0.0003018435464299758
alpha,1040,20,31,CP6,C4,0.00031294868535325967
alpha,1041,20,32,CP6,C2,0.00030596085082538023
alpha,1042,20,33,CP6,Cz,0.0002680501636309772
alpha,1043,20,34,CP6,C1,0.0002632969566829312
alpha,1044,20,35,CP6,C3,0.0002902761241249539
alpha,1045,20,36,CP6,C5,0.0003093983357208213
alpha,1046,20,37,CP6,T7,0.0003124642791126655
alpha,1047,20,38,CP6,FT8,0.00026893580147962235
alpha,1048,20,39,CP6,FC6,0.00029780527012815216
alpha,1049,20,40,CP6,FC4,0.00031756047770604317
alpha,1050,20,41,CP6,FC2,0.00026370224243988055
alpha,1051,20,42,CP6,AF8,0.00026245759591162946
alpha,1052,20,43,CP6,FC1,0.00024984694138027654
alpha,1053,20,44,CP6,FC3,0.0002649771769693496
alpha,1054,20,45,CP6,FC5,0.00030469296765308143
alpha,1055,20,46,CP6,FT7,0.0003031858018120677
alpha,1056,20,47,CP6,F8,0.00027288659166587674
alpha,1057,20,48,CP6,F6,0.00029420697825477014
alpha,1058,20,49,CP6,F4,0.00026169389969865793
alpha,1059,20,50,CP6,F2,0.00025729839842538783
alpha,1060,20,51,CP6,Fz,0.00025912254698353006
alpha,1061,20,52,CP6,F1,0.00026068400262434623
alpha,1062,20,53,CP6,F3,0.0002716056982137816
alpha,1063,20,54,CP6,F5,0.0002746192853823931
alpha,1064,20,55,CP6,F7,0.00029629929292529803
alpha,1065,20,56,CP6,AF4,0.0002739338042887323
alpha,1066,20,57,CP6,AF7,0.00027714470965106393
alpha,1067,20,58,CP6,AF3,0.0002900475413883214
alpha,1068,20,59,CP6,Fp2,0.0002611342871482415
alpha,1069,20,60,CP6,Fpz,0.00028847992262907884
alpha,1070,20,61,CP6,Fp1,0.0003093574560104156
alpha,1071,21,22,CP4,CP2,0.00038895909020638915
alpha,1072,21,23,CP4,CPz,0.0003423664551382568
alpha,1073,21,24,CP4,CP1,0.00031569651242601766
alpha,1074,21,25,CP4,CP3,0.0003259271271895357
alpha,1075,21,26,CP4,CP5,0.00027002350010241297
alpha,1076,21,27,CP4,TP7,0.00023915487433085825
alpha,1077,21,28,CP4,TP9,0.0002744973679604534
alpha,1078,21,29,CP4,T8,0.0002983305133660369
alpha,1079,21,30,CP4,C6,0.0002941590556268437
alpha,1080,21,31,CP4,C4,0.0002447493063287631
alpha,1081,21,32,CP4,C2,0.0002503529454049875
alpha,1082,21,33,CP4,Cz,0.00027904734624432817
alpha,1083,21,34,CP4,C1,0.0002465741059251881
alpha,1084,21,35,CP4,C3,0.0002887418069103103
alpha,1085,21,36,CP4,C5,0.0002949407313378121
alpha,1086,21,37,CP4,T7,0.00031893077496680236
alpha,1087,21,38,CP4,FT8,0.000277536520539225
alpha,1088,21,39,CP4,FC6,0.0002094280232053134
alpha,1089,21,40,CP4,FC4,0.0002153489631346301
alpha,1090,21,41,CP4,FC2,0.00018982800167789132
alpha,1091,21,42,CP4,AF8,0.00019046670576714414
alpha,1092,21,43,CP4,FC1,0.0001925796014243557
alpha,1093,21,44,CP4,FC3,0.00020428362366882395
alpha,1094,21,45,CP4,FC5,0.00023370793018934058
alpha,1095,21,46,CP4,FT7,0.00030736880683783
alpha,1096,21,47,CP4,F8,0.00022987750946329918
alpha,1097,21,48,CP4,F6,0.00019678600222665566
alpha,1098,21,49,CP4,F4,0.00018408603187992472
alpha,1099,21,50,CP4,F2,0.00017303662254710501
alpha,1100,21,51,CP4,Fz,0.00017641539559878506
alpha,1101,21,52,CP4,F1,0.0001746170827694341
alpha,1102,21,53,CP4,F3,0.0002029582178609237
alpha,1103,21,54,CP4,F5,0.00023723667070552935
alpha,1104,21,55,CP4,F7,0.00024706029031622853
alpha,1105,21,56,CP4,AF4,0.00020800086143854548
alpha,1106,21,57,CP4,AF7,0.00020583078720616722
alpha,1107,21,58,CP4,AF3,0.00021557702363961617
alpha,1108,21,59,CP4,Fp2,0.00024359240413956694
alpha,1109,21,60,CP4,Fpz,0.000263610308275651
alpha,1110,21,61,CP4,Fp1,0.00026743553613093484
alpha,1111,22,23,CP2,CPz,0.0003331247946530991
alpha,1112,22,24,CP2,CP1,0.00031559583453804186
alpha,1113,22,25,CP2,CP3,0.00030349278012902295
alpha,1114,22,26,CP2,CP5,0.0002715649425748715
alpha,1115,22,27,CP2,TP7,0.0002947212226515659
alpha,1116,22,28,CP2,TP9,0.0002690967813000003
alpha,1117,22,29,CP2,T8,0.00027766803716635714
alpha,1118,22,30,CP2,C6,0.0002890167348563384
alpha,1119,22,31,CP2,C4,0.00021495654065251278
alpha,1120,22,32,CP2,C2,0.00019852813775165596
alpha,1121,22,33,CP2,Cz,0.00024515154754910847
alpha,1122,22,34,CP2,C1,0.00021282939368954734
alpha,1123,22,35,CP2,C3,0.0002480469445307974
alpha,1124,22,36,CP2,C5,0.0002685020678237172
alpha,1125,22,37,CP2,T7,0.00027113339416017873
alpha,1126,22,38,CP2,FT8,0.00023193473856197738
alpha,1127,22,39,CP2,FC6,0.000227396055093619
alpha,1128,22,40,CP2,FC4,0.00022167756322721932
alpha,1129,22,41,CP2,FC2,0.00018854947362914674
alpha,1130,22,42,CP2,AF8,0.00018054152489680033
alpha,1131,22,43,CP2,FC1,0.00017880565639887127
alpha,1132,22,44,CP2,FC3,0.00018464945127976022
alpha,1133,22,45,CP2,FC5,0.00021542003908959565
alpha,1134,22,46,CP2,FT7,0.00026440425481611025
alpha,1135,22,47,CP2,F8,0.00021031798525473602
alpha,1136,22,48,CP2,F6,0.00020750978954116932
alpha,1137,22,49,CP2,F4,0.00019065050568667081
alpha,1138,22,50,CP2,F2,0.0001716406900575882
alpha,1139,22,51,CP2,Fz,0.00016881208059848644
alpha,1140,22,52,CP2,F1,0.00017112628008969437
alpha,1141,22,53,CP2,F3,0.00018444450365002427
alpha,1142,22,54,CP2,F5,0.000206419046086066
alpha,1143,22,55,CP2,F7,0.0002513555256394905
alpha,1144,22,56,CP2,AF4,0.0002014737046759023
alpha,1145,22,57,CP2,AF7,0.0001873051992020232
alpha,1146,22,58,CP2,AF3,0.0001922772139798949
alpha,1147,22,59,CP2,Fp2,0.00023377398502023324
alpha,1148,22,60,CP2,Fpz,0.0002301560168790332
alpha,1149,22,61,CP2,Fp1,0.00023817650512734752
alpha,1150,23,24,CPz,CP1,0.00034847966650297386
alpha,1151,23,25,CPz,CP3,0.0002980633654363298
alpha,1152,23,26,CPz,CP5,0.0002627100856508522
alpha,1153,23,27,CPz,TP7,0.00028264245709237127
alpha,1154,23,28,CPz,TP9,0.0002904896608547661
alpha,1155,23,29,CPz,T8,0.0002551049813992332
alpha,1156,23,30,CPz,C6,0.00028516651445593147
alpha,1157,23,31,CPz,C4,0.0003024273521368949
alpha,1158,23,32,CPz,C2,0.00021344879626028482
alpha,1159,23,33,CPz,Cz,0.0002217425807804898
alpha,1160,23,34,CPz,C1,0.00018384375335682272
alpha,1161,23,35,CPz,C3,0.0002353203305107276
alpha,1162,23,36,CPz,C5,0.00024122042516366263
alpha,1163,23,37,CPz,T7,0.00029597648039563884
alpha,1164,23,38,CPz,FT8,0.0002508399613037237
alpha,1165,23,39,CPz,FC6,0.00022346251665541494
alpha,1166,23,40,CPz,FC4,0.0002254158137554055
alpha,1167,23,41,CPz,FC2,0.00020692547168660243
alpha,1168,23,42,CPz,AF8,0.00020784598136086284
alpha,1169,23,43,CPz,FC1,0.00019062473170937443
alpha,1170,23,44,CPz,FC3,0.00018966438167645404
alpha,1171,23,45,CPz,FC5,0.0002349290329829069
alpha,1172,23,46,CPz,FT7,0.0002520150753421022
alpha,1173,23,47,CPz,F8,0.00023966750193349894
alpha,1174,23,48,CPz,F6,0.00021832244830862526
alpha,1175,23,49,CPz,F4,0.00021661678367678396
alpha,1176,23,50,CPz,F2,0.0002037570658301097
alpha,1177,23,51,CPz,Fz,0.00019270765642482522
alpha,1178,23,52,CPz,F1,0.00018783637724816119
alpha,1179,23,53,CPz,F3,0.00018824148965184307
alpha,1180,23,54,CPz,F5,0.0002012150790206614
alpha,1181,23,55,CPz,F7,0.0002464770736202278
alpha,1182,23,56,CPz,AF4,0.000208295412764505
alpha,1183,23,57,CPz,AF7,0.00019959584677733383
alpha,1184,23,58,CPz,AF3,0.0001992322188867628
alpha,1185,23,59,CPz,Fp2,0.000254038945444455
alpha,1186,23,60,CPz,Fpz,0.00024119457327746738
alpha,1187,23,61,CPz,Fp1,0.00022927486795430257
alpha,1188,24,25,CP1,CP3,0.00034254909335112093
alpha,1189,24,26,CP1,CP5,0.0002853933921875953
alpha,1190,24,27,CP1,TP7,0.00030763706252080015
alpha,1191,24,28,CP1,TP9,0.00027389709921557
alpha,1192,24,29,CP1,T8,0.0003365222272631383
alpha,1193,24,30,CP1,C6,0.00030247818220742885
alpha,1194,24,31,CP1,C4,0.0002794254383845998
alpha,1195,24,32,CP1,C2,0.0002457820779158047
alpha,1196,24,33,CP1,Cz,0.0002806400052339615
alpha,1197,24,34,CP1,C1,0.00020890319669739118
alpha,1198,24,35,CP1,C3,0.00024098622575130217
alpha,1199,24,36,CP1,C5,0.0002916082330529712
alpha,1200,24,37,CP1,T7,0.000271858165524707
alpha,1201,24,38,CP1,FT8,0.0002902789556784365
alpha,1202,24,39,CP1,FC6,0.00025163945778221666
alpha,1203,24,40,CP1,FC4,0.00020974250642092295
alpha,1204,24,41,CP1,FC2,0.00020065592460737856
alpha,1205,24,42,CP1,AF8,0.00020261346977071176
alpha,1206,24,43,CP1,FC1,0.00018401653628033354
alpha,1207,24,44,CP1,FC3,0.00021798029954932146
alpha,1208,24,45,CP1,FC5,0.0002912319570408907
alpha,1209,24,46,CP1,FT7,0.00029326584554868545
alpha,1210,24,47,CP1,F8,0.0002844233500213237
alpha,1211,24,48,CP1,F6,0.0002399025589996127
alpha,1212,24,49,CP1,F4,0.00020506583948667873
alpha,1213,24,50,CP1,F2,0.00018374422461115426
alpha,1214,24,51,CP1,Fz,0.0002029710213383651
alpha,1215,24,52,CP1,F1,0.00020629650891372566
alpha,1216,24,53,CP1,F3,0.0002145900646026622
alpha,1217,24,54,CP1,F5,0.00024905388609005745
alpha,1218,24,55,CP1,F7,0.0002801563765411683
alpha,1219,24,56,CP1,AF4,0.00021437818924664305
alpha,1220,24,57,CP1,AF7,0.00021656000273667167
alpha,1221,24,58,CP1,AF3,0.00022487725278635533
alpha,1222,24,59,CP1,Fp2,0.00023621769435548705
alpha,1223,24,60,CP1,Fpz,0.0002469738540135561
alpha,1224,24,61,CP1,Fp1,0.00025717280270892435
alpha,1225,25,26,CP3,CP5,0.00029218623231642976
alpha,1226,25,27,CP3,TP7,0.00028434566274292486
alpha,1227,25,28,CP3,TP9,0.0002712931370149682
alpha,1228,25,29,CP3,T8,0.00031291923267734136
alpha,1229,25,30,CP3,C6,0.0003191504463538108
alpha,1230,25,31,CP3,C4,0.0002983635745569666
alpha,1231,25,32,CP3,C2,0.00028222962324093287
alpha,1232,25,33,CP3,Cz,0.000247167694609408
alpha,1233,25,34,CP3,C1,0.00023948078643446424
alpha,1234,25,35,CP3,C3,0.00024965077711448195
alpha,1235,25,36,CP3,C5,0.0002719911190892884
alpha,1236,25,37,CP3,T7,0.000297641324361567
alpha,1237,25,38,CP3,FT8,0.0002937651723744569
alpha,1238,25,39,CP3,FC6,0.0002467929364292475
alpha,1239,25,40,CP3,FC4,0.0002164835030859071
alpha,1240,25,41,CP3,FC2,0.00019588799253706415
alpha,1241,25,42,CP3,AF8,0.00021289117504667707
alpha,1242,25,43,CP3,FC1,0.00020886202450008475
alpha,1243,25,44,CP3,FC3,0.0002104513363036394
alpha,1244,25,45,CP3,FC5,0.00023581725145496802
alpha,1245,25,46,CP3,FT7,0.0002751704797109231
alpha,1246,25,47,CP3,F8,0.0002567908100847273
alpha,1247,25,48,CP3,F6,0.00023546903482316055
alpha,1248,25,49,CP3,F4,0.00022543408354746322
alpha,1249,25,50,CP3,F2,0.00019669984054591252
alpha,1250,25,51,CP3,Fz,0.00018543049708990357
alpha,1251,25,52,CP3,F1,0.00017238473229933202
alpha,1252,25,53,CP3,F3,0.0001797234855142289
alpha,1253,25,54,CP3,F5,0.00022252985303047374
alpha,1254,25,55,CP3,F7,0.0002657787187552421
alpha,1255,25,56,CP3,AF4,0.00023123709820398238
alpha,1256,25,57,CP3,AF7,0.00021145344730409042
alpha,1257,25,58,CP3,AF3,0.00020307012593553304
alpha,1258,25,59,CP3,Fp2,0.00024478253658159635
alpha,1259,25,60,CP3,Fpz,0.00024751508661244244
alpha,1260,25,61,CP3,Fp1,0.0002246840280557345
alpha,1261,26,27,CP5,TP7,0.000280385563288043
alpha,1262,26,28,CP5,TP9,0.0002743200184254225
alpha,1263,26,29,CP5,T8,0.00029687134253415543
alpha,1264,26,30,CP5,C6,0.0002999732551746366
alpha,1265,26,31,CP5,C4,0.0003235043068907352
alpha,1266,26,32,CP5,C2,0.000274270362640549
alpha,1267,26,33,CP5,Cz,0.00027235222959078314
alpha,1268,26,34,CP5,C1,0.0002676971324583887
alpha,1269,26,35,CP5,C3,0.0002725014081931487
alpha,1270,26,36,CP5,C5,0.00027371630012478496
alpha,1271,26,37,CP5,T7,0.00027559319279329536
alpha,1272,26,38,CP5,FT8,0.0002828843033686544
alpha,1273,26,39,CP5,FC6,0.00030507106478250225
alpha,1274,26,40,CP5,FC4,0.0002488024156488152
alpha,1275,26,41,CP5,FC2,0.00021783076351098227
alpha,1276,26,42,CP5,AF8,0.0002453496710785699
alpha,1277,26,43,CP5,FC1,0.000220739956803478
alpha,1278,26,44,CP5,FC3,0.00023397556433895706
alpha,1279,26,45,CP5,FC5,0.00022575453421292495
alpha,1280,26,46,CP5,FT7,0.00025097988280594653
alpha,1281,26,47,CP5,F8,0.0002892971793771748
alpha,1282,26,48,CP5,F6,0.00026728068149961906
alpha,1283,26,49,CP5,F4,0.00023402442655829592
alpha,1284,26,50,CP5,F2,0.00024854138983433367
alpha,1285,26,51,CP5,Fz,0.00023361047591070956
alpha,1286,26,52,CP5,F1,0.00022654984323946522
alpha,1287,26,53,CP5,F3,0.00022797450144858446
alpha,1288,26,54,CP5,F5,0.0002135134468337649
alpha,1289,26,55,CP5,F7,0.0002376973209454002
alpha,1290,26,56,CP5,AF4,0.000241727752937797
alpha,1291,26,57,CP5,AF7,0.000229206097421597
alpha,1292,26,58,CP5,AF3,0.00021833606634128616
alpha,1293,26,59,CP5,Fp2,0.00023554181503346888
alpha,1294,26,60,CP5,Fpz,0.0002118734072426184
alpha,1295,26,61,CP5,Fp1,0.0002069902590198859
alpha,1296,27,28,TP7,TP9,0.0002683141903524474
alpha,1297,27,29,TP7,T8,0.0002723102406316818
alpha,1298,27,30,TP7,C6,0.0003146370730832925
alpha,1299,27,31,TP7,C4,0.00032811083068328263
alpha,1300,27,32,TP7,C2,0.00027203920385796514
alpha,1301,27,33,TP7,Cz,0.00027673121747278983
alpha,1302,27,34,TP7,C1,0.0002720164377682516
alpha,1303,27,35,TP7,C3,0.00031433514068267726
alpha,1304,27,36,TP7,C5,0.0003067542521501431
alpha,1305,27,37,TP7,T7,0.0002711380828080489
alpha,1306,27,38,TP7,FT8,0.000268281362318148
alpha,1307,27,39,TP7,FC6,0.0002718111010285552
alpha,1308,27,40,TP7,FC4,0.00024787798463979323
alpha,1309,27,41,TP7,FC2,0.00024814449149935505
alpha,1310,27,42,TP7,AF8,0.000240411971789818
alpha,1311,27,43,TP7,FC1,0.00022031715229729967
alpha,1312,27,44,TP7,FC3,0.0002181571269235999
alpha,1313,27,45,TP7,FC5,0.00022481480388758095
alpha,1314,27,46,TP7,FT7,0.0002646816297179073
alpha,1315,27,47,TP7,F8,0.00024409817969664035
alpha,1316,27,48,TP7,F6,0.00021559698952239493
alpha,1317,27,49,TP7,F4,0.00019110721746311898
alpha,1318,27,50,TP7,F2,0.00020175877694769115
alpha,1319,27,51,TP7,Fz,0.0002024420356564162
alpha,1320,27,52,TP7,F1,0.00020475706530069873
alpha,1321,27,53,TP7,F3,0.00018926910194578056
alpha,1322,27,54,TP7,F5,0.00018662398432764453
alpha,1323,27,55,TP7,F7,0.0002327646277802512
alpha,1324,27,56,TP7,AF4,0.00019779764606933634
alpha,1325,27,57,TP7,AF7,0.00018321341992111505
alpha,1326,27,58,TP7,AF3,0.00018555347379633482
alpha,1327,27,59,TP7,Fp2,0.0001880724854530526
alpha,1328,27,60,TP7,Fpz,0.00019996762133195865
alpha,1329,27,61,TP7,Fp1,0.00019308978386803935
alpha,1330,28,29,TP9,T8,0.0002585743265215939
alpha,1331,28,30,TP9,C6,0.0002693418582035705
alpha,1332,28,31,TP9,C4,0.0002922170446217045
alpha,1333,28,32,TP9,C2,0.0002930942643409226
alpha,1334,28,33,TP9,Cz,0.0002820014025372309
alpha,1335,28,34,TP9,C1,0.0002758043455809862
alpha,1336,28,35,TP9,C3,0.0003390827025801344
alpha,1337,28,36,TP9,C5,0.00034269741106062953
alpha,1338,28,37,TP9,T7,0.0002449874555298009
alpha,1339,28,38,TP9,FT8,0.00023574822344631655
alpha,1340,28,39,TP9,FC6,0.00026695696349470746
alpha,1341,28,40,TP9,FC4,0.0002489064843585054
alpha,1342,28,41,TP9,FC2,0.00024314698668680726
alpha,1343,28,42,TP9,AF8,0.0002518908087422288
alpha,1344,28,43,TP9,FC1,0.0002441920248597896
alpha,1345,28,44,TP9,FC3,0.00021248099709124217
alpha,1346,28,45,TP9,FC5,0.00022901707145663543
alpha,1347,28,46,TP9,FT7,0.000240733559431782
alpha,1348,28,47,TP9,F8,0.0002357092207327043
alpha,1349,28,48,TP9,F6,0.00022411558383919156
alpha,1350,28,49,TP9,F4,0.00022284272141118714
alpha,1351,28,50,TP9,F2,0.00022803072266607983
alpha,1352,28,51,TP9,Fz,0.00023052529623492847
alpha,1353,28,52,TP9,F1,0.00021428978930123935
alpha,1354,28,53,TP9,F3,0.00019897328705013092
alpha,1355,28,54,TP9,F5,0.00019377078409684923
alpha,1356,28,55,TP9,F7,0.00021787474264632622
alpha,1357,28,56,TP9,AF4,0.00021260437321250994
alpha,1358,28,57,TP9,AF7,0.0002084724698702921
alpha,1359,28,58,TP9,AF3,0.0001911259777032446
alpha,1360,28,59,TP9,Fp2,0.00020942444429289045
alpha,1361,28,60,TP9,Fpz,0.00020830848709002645
alpha,1362,28,61,TP9,Fp1,0.00020299197855509722
alpha,1363,29,30,T8,C6,0.00028494974978898556
alpha,1364,29,31,T8,C4,0.00030770557333176566
alpha,1365,29,32,T8,C2,0.0002489915735938428
alpha,1366,29,33,T8,Cz,0.00023268588154400343
alpha,1367,29,34,T8,C1,0.0002457518172339326
alpha,1368,29,35,T8,C3,0.0002985775369482472
alpha,1369,29,36,T8,C5,0.0002931856456045222
alpha,1370,29,37,T8,T7,0.0002886276467446669
alpha,1371,29,38,T8,FT8,0.0002543762926694014
alpha,1372,29,39,T8,FC6,0.00023553695507300747
alpha,1373,29,40,T8,FC4,0.00021944433879474796
alpha,1374,29,41,T8,FC2,0.00021213465672836242
alpha,1375,29,42,T8,AF8,0.0002219380930993867
alpha,1376,29,43,T8,FC1,0.00021859075017755073
alpha,1377,29,44,T8,FC3,0.00021305009574007806
alpha,1378,29,45,T8,FC5,0.00026670986576626126
alpha,1379,29,46,T8,FT7,0.0002615591181947245
alpha,1380,29,47,T8,F8,0.00027076139068168633
alpha,1381,29,48,T8,F6,0.00021544900292871602
alpha,1382,29,49,T8,F4,0.0001867571656921189
alpha,1383,29,50,T8,F2,0.00017841462563169885
alpha,1384,29,51,T8,Fz,0.00018512277881314892
alpha,1385,29,52,T8,F1,0.00018516276407051438
alpha,1386,29,53,T8,F3,0.0001750906748226409
alpha,1387,29,54,T8,F5,0.00023130838510837716
alpha,1388,29,55,T8,F7,0.00025530244593391675
alpha,1389,29,56,T8,AF4,0.00018973302096744044
alpha,1390,29,57,T8,AF7,0.00018479885574438937
alpha,1391,29,58,T8,AF3,0.00019028373268948707
alpha,1392,29,59,T8,Fp2,0.00021463625212180554
alpha,1393,29,60,T8,Fpz,0.00019746762273834
alpha,1394,29,61,T8,Fp1,0.00022169011843615794
alpha,1395,30,31,C6,C4,0.000308253950015272
alpha,1396,30,32,C6,C2,0.0003323785703677665
alpha,1397,30,33,C6,Cz,0.00029506723926557685
alpha,1398,30,34,C6,C1,0.0003039645742300646
alpha,1399,30,35,C6,C3,0.00030702327617769586
alpha,1400,30,36,C6,C5,0.00032252304927226955
alpha,1401,30,37,C6,T7,0.00034349881172883164
alpha,1402,30,38,C6,FT8,0.00027027638327612363
alpha,1403,30,39,C6,FC6,0.00030740559819425006
alpha,1404,30,40,C6,FC4,0.0003113023198975756
alpha,1405,30,41,C6,FC2,0.0002916945425719287
alpha,1406,30,42,C6,AF8,0.0002890965387362187
alpha,1407,30,43,C6,FC1,0.00030908993966996155
alpha,1408,30,44,C6,FC3,0.0002459062390440591
alpha,1409,30,45,C6,FC5,0.0002818272560961884
alpha,1410,30,46,C6,FT7,0.00030978356784778875
alpha,1411,30,47,C6,F8,0.0002661289702557427
alpha,1412,30,48,C6,F6,0.00029521792011656987
alpha,1413,30,49,C6,F4,0.00028427926346284835
alpha,1414,30,50,C6,F2,0.00026440372863876534
alpha,1415,30,51,C6,Fz,0.0002664148177680287
alpha,1416,30,52,C6,F1,0.0002794007834832065
alpha,1417,30,53,C6,F3,0.00028467560530039284
alpha,1418,30,54,C6,F5,0.00028574897702823913
alpha,1419,30,55,C6,F7,0.00028710406926892826
alpha,1420,30,56,C6,AF4,0.0002881696860288467
alpha,1421,30,57,C6,AF7,0.0002592521802494825
alpha,1422,30,58,C6,AF3,0.00026724024148822186
alpha,1423,30,59,C6,Fp2,0.00026612078654056993
alpha,1424,30,60,C6,Fpz,0.0002540497706894261
alpha,1425,30,61,C6,Fp1,0.0002645238289922245
alpha,1426,31,32,C4,C2,0.00035452429323260887
alpha,1427,31,33,C4,Cz,0.00031523020540868507
alpha,1428,31,34,C4,C1,0.00028327655260281453
alpha,1429,31,35,C4,C3,0.00030917076128944874
alpha,1430,31,36,C4,C5,0.0003254256783282943
alpha,1431,31,37,C4,T7,0.0002475866519124156
alpha,1432,31,38,C4,FT8,0.00023516784692493117
alpha,1433,31,39,C4,FC6,0.00022489791267044256
alpha,1434,31,40,C4,FC4,0.00023201496831425943
alpha,1435,31,41,C4,FC2,0.00027950362600833193
alpha,1436,31,42,C4,AF8,0.00027397682011800296
alpha,1437,31,43,C4,FC1,0.0002565859092570943
alpha,1438,31,44,C4,FC3,0.0002882786589011265
alpha,1439,31,45,C4,FC5,0.00025462408576823
alpha,1440,31,46,C4,FT7,0.00022175371902835394
alpha,1441,31,47,C4,F8,0.00022596225124174701
alpha,1442,31,48,C4,F6,0.0001976753263580675
alpha,1443,31,49,C4,F4,0.00020058433637763513
alpha,1444,31,50,C4,F2,0.0002354334545957998
alpha,1445,31,51,C4,Fz,0.00023086374340109333
alpha,1446,31,52,C4,F1,0.0002179373089574946
alpha,1447,31,53,C4,F3,0.00019591226400108292
alpha,1448,31,54,C4,F5,0.00020768446806547093
alpha,1449,31,55,C4,F7,0.0002043358561685207
alpha,1450,31,56,C4,AF4,0.00016557152924117645
alpha,1451,31,57,C4,AF7,0.0001869720839022283
alpha,1452,31,58,C4,AF3,0.00019714232189651685
alpha,1453,31,59,C4,Fp2,0.00018378040761405655
alpha,1454,31,60,C4,Fpz,0.00018285868171689953
alpha,1455,31,61,C4,Fp1,0.000202904641799552
alpha,1456,32,33,C2,Cz,0.00028256511585711506
alpha,1457,32,34,C2,C1,0.0002274685935894474
alpha,1458,32,35,C2,C3,0.00027767039136675274
alpha,1459,32,36,C2,C5,0.00024121401228880532
alpha,1460,32,37,C2,T7,0.0002410314689898961
alpha,1461,32,38,C2,FT8,0.00020753948552638453
alpha,1462,32,39,C2,FC6,0.0002126564094515249
alpha,1463,32,40,C2,FC4,0.00021343780713485214
alpha,1464,32,41,C2,FC2,0.00020137876736968924
alpha,1465,32,42,C2,AF8,0.00020879909578984114
alpha,1466,32,43,C2,FC1,0.00019127487632862025
alpha,1467,32,44,C2,FC3,0.0002063931430492012
alpha,1468,32,45,C2,FC5,0.0001731394277510102
alpha,1469,32,46,C2,FT7,0.00018871523553881485
alpha,1470,32,47,C2,F8,0.00020250719495360425
alpha,1471,32,48,C2,F6,0.0001961766677802571
alpha,1472,32,49,C2,F4,0.00019010178601497663
alpha,1473,32,50,C2,F2,0.00018273478964311575
alpha,1474,32,51,C2,Fz,0.00017956307316776854
alpha,1475,32,52,C2,F1,0.00018575140146934866
alpha,1476,32,53,C2,F3,0.0001791540404893006
alpha,1477,32,54,C2,F5,0.00016878553908541066
alpha,1478,32,55,C2,F7,0.00019145461840115738
alpha,1479,32,56,C2,AF4,0.00017163465641029801
alpha,1480,32,57,C2,AF7,0.0001671291686097919
alpha,1481,32,58,C2,AF3,0.00018351163523405782
alpha,1482,32,59,C2,Fp2,0.00018987882095715188
alpha,1483,32,60,C2,Fpz,0.000179583471004933
alpha,1484,32,61,C2,Fp1,0.00018878143769333633
alpha,1485,33,34,Cz,C1,0.0002349608807297634
alpha,1486,33,35,Cz,C3,0.00030292066285965544
alpha,1487,33,36,Cz,C5,0.0002735237874017369
alpha,1488,33,37,Cz,T7,0.00023990594516663165
alpha,1489,33,38,Cz,FT8,0.00021570253621930636
alpha,1490,33,39,Cz,FC6,0.00021230500524104033
alpha,1491,33,40,Cz,FC4,0.00020227103354481866
alpha,1492,33,41,Cz,FC2,0.000211221847276793
alpha,1493,33,42,Cz,AF8,0.00020627575841294194
alpha,1494,33,43,Cz,FC1,0.00018998961442356476
alpha,1495,33,44,Cz,FC3,0.00021580651651433594
alpha,1496,33,45,Cz,FC5,0.0002027633769560773
alpha,1497,33,46,Cz,FT7,0.0001984694056807125
alpha,1498,33,47,Cz,F8,0.00022196951531416458
alpha,1499,33,48,Cz,F6,0.00021617927001860328
alpha,1500,33,49,Cz,F4,0.00022339954067986437
alpha,1501,33,50,Cz,F2,0.0002105434996206254
alpha,1502,33,51,Cz,Fz,0.00019397147119196246
alpha,1503,33,52,Cz,F1,0.00019181845643078378
alpha,1504,33,53,Cz,F3,0.00019749573734206276
alpha,1505,33,54,Cz,F5,0.00017935737773123098
alpha,1506,33,55,Cz,F7,0.00018291895395642965
alpha,1507,33,56,Cz,AF4,0.0001882214978718737
alpha,1508,33,57,Cz,AF7,0.0001716746194966164
alpha,1509,33,58,Cz,AF3,0.0001803513053546635
alpha,1510,33,59,Cz,Fp2,0.0001921960366444302
alpha,1511,33,60,Cz,Fpz,0.00017659231088600226
alpha,1512,33,61,Cz,Fp1,0.00017954136194418
alpha,1513,34,35,C1,C3,0.000288580196143089
alpha,1514,34,36,C1,C5,0.00030423474405540574
alpha,1515,34,37,C1,T7,0.00026850117976134327
alpha,1516,34,38,C1,FT8,0.0002394676351555043
alpha,1517,34,39,C1,FC6,0.00022424042995807604
alpha,1518,34,40,C1,FC4,0.00022038805285431168
alpha,1519,34,41,C1,FC2,0.0002145291106056311
alpha,1520,34,42,C1,AF8,0.0001959686270169474
alpha,1521,34,43,C1,FC1,0.0001816824572821374
alpha,1522,34,44,C1,FC3,0.00020650720911968078
alpha,1523,34,45,C1,FC5,0.00021629149598346008
alpha,1524,34,46,C1,FT7,0.00021063404317306133
alpha,1525,34,47,C1,F8,0.00019709225722101372
alpha,1526,34,48,C1,F6,0.00021446053118452728
alpha,1527,34,49,C1,F4,0.00020578717698719633
alpha,1528,34,50,C1,F2,0.00018977294575995863
alpha,1529,34,51,C1,Fz,0.00018532994556779475
alpha,1530,34,52,C1,F1,0.00017679668596796036
alpha,1531,34,53,C1,F3,0.00019209014248980006
alpha,1532,34,54,C1,F5,0.00018518155011650115
alpha,1533,34,55,C1,F7,0.0001941551578677801
alpha,1534,34,56,C1,AF4,0.00018888504035225256
alpha,1535,34,57,C1,AF7,0.0001822906872283262
alpha,1536,34,58,C1,AF3,0.00018290271242371535
alpha,1537,34,59,C1,Fp2,0.0001982477713421352
alpha,1538,34,60,C1,Fpz,0.00019358557963786543
alpha,1539,34,61,C1,Fp1,0.00020096118159976158
alpha,1540,35,36,C3,C5,0.0003242193439884932
alpha,1541,35,37,C3,T7,0.0002761203832858018
alpha,1542,35,38,C3,FT8,0.00026812349199313546
alpha,1543,35,39,C3,FC6,0.0002535411045556514
alpha,1544,35,40,C3,FC4,0.00023968986927114916
alpha,1545,35,41,C3,FC2,0.0002503699136724509
alpha,1546,35,42,C3,AF8,0.00026832422815079726
alpha,1547,35,43,C3,FC1,0.0002714571986640826
alpha,1548,35,44,C3,FC3,0.00023813690525506683
alpha,1549,35,45,C3,FC5,0.0002703969477069061
alpha,1550,35,46,C3,FT7,0.0002497163115314316
alpha,1551,35,47,C3,F8,0.00023933360860245957
alpha,1552,35,48,C3,F6,0.0002162373450570981
alpha,1553,35,49,C3,F4,0.00022071205729373797
alpha,1554,35,50,C3,F2,0.00022111306334253645
alpha,1555,35,51,C3,Fz,0.00021080968861673252
alpha,1556,35,52,C3,F1,0.00020953280553781808
alpha,1557,35,53,C3,F3,0.0002299847560816871
alpha,1558,35,54,C3,F5,0.00022694170173497051
alpha,1559,35,55,C3,F7,0.0002555239317315221
alpha,1560,35,56,C3,AF4,0.00020195021756653272
alpha,1561,35,57,C3,AF7,0.00022097677990859884
alpha,1562,35,58,C3,AF3,0.0002161839156501985
alpha,1563,35,59,C3,Fp2,0.00018661655144759634
alpha,1564,35,60,C3,Fpz,0.00020330254104143094
alpha,1565,35,61,C3,Fp1,0.0002161890814308327
alpha,1566,36,37,C5,T7,0.0002840886715252595
alpha,1567,36,38,C5,FT8,0.00027977197564874143
alpha,1568,36,39,C5,FC6,0.00028372695981828566
alpha,1569,36,40,C5,FC4,0.00026101421093895083
alpha,1570,36,41,C5,FC2,0.0002650789365764896
alpha,1571,36,42,C5,AF8,0.0002261816656341167
alpha,1572,36,43,C5,FC1,0.00026499567766052396
alpha,1573,36,44,C5,FC3,0.000273173153839589
alpha,1574,36,45,C5,FC5,0.0002205538153404905
alpha,1575,36,46,C5,FT7,0.0002448270279013764
alpha,1576,36,47,C5,F8,0.00028338427911096386
alpha,1577,36,48,C5,F6,0.00024125298104717502
alpha,1578,36,49,C5,F4,0.0002116347046447257
alpha,1579,36,50,C5,F2,0.00022156285139053087
alpha,1580,36,51,C5,Fz,0.00020889716244437904
alpha,1581,36,52,C5,F1,0.00021170909009000298
alpha,1582,36,53,C5,F3,0.00022835433788362267
alpha,1583,36,54,C5,F5,0.00023044466336755734
alpha,1584,36,55,C5,F7,0.00022603794087468196
alpha,1585,36,56,C5,AF4,0.00020998069338964593
alpha,1586,36,57,C5,AF7,0.00021652040613798652
alpha,1587,36,58,C5,AF3,0.00022412121755832357
alpha,1588,36,59,C5,Fp2,0.00023435525906953053
alpha,1589,36,60,C5,Fpz,0.00023947532491244271
alpha,1590,36,61,C5,Fp1,0.00023632987307983707
alpha,1591,37,38,T7,FT8,0.0002847021303422145
alpha,1592,37,39,T7,FC6,0.00028488546491156413
alpha,1593,37,40,T7,FC4,0.00023637123352839002
alpha,1594,37,41,T7,FC2,0.00019250084656463585
alpha,1595,37,42,T7,AF8,0.00017419893665664924
alpha,1596,37,43,T7,FC1,0.00020852108709493527
alpha,1597,37,44,T7,FC3,0.0002332648595580581
alpha,1598,37,45,T7,FC5,0.0002138081722252471
alpha,1599,37,46,T7,FT7,0.00023285394295434895
alpha,1600,37,47,T7,F8,0.00026522881390812433
alpha,1601,37,48,T7,F6,0.00024159649716882226
alpha,1602,37,49,T7,F4,0.0002256838518051613
alpha,1603,37,50,T7,F2,0.00019996727196623507
alpha,1604,37,51,T7,Fz,0.00018847307187121694
alpha,1605,37,52,T7,F1,0.0001812676800713634
alpha,1606,37,53,T7,F3,0.000169818914612009
alpha,1607,37,54,T7,F5,0.000173288009546562
alpha,1608,37,55,T7,F7,0.0002105935278304112
alpha,1609,37,56,T7,AF4,0.0002098486244856391
alpha,1610,37,57,T7,AF7,0.00018407577489302956
alpha,1611,37,58,T7,AF3,0.0001763624125635353
alpha,1612,37,59,T7,Fp2,0.00020790832673819683
alpha,1613,37,60,T7,Fpz,0.00018574325878095355
alpha,1614,37,61,T7,Fp1,0.00019062725886393673
alpha,1615,38,39,FT8,FC6,0.00026001676140623907
alpha,1616,38,40,FT8,FC4,0.0002100865071539317
alpha,1617,38,41,FT8,FC2,0.00021341780751186847
alpha,1618,38,42,FT8,AF8,0.0002167987021911084
alpha,1619,38,43,FT8,FC1,0.0002218877007534138
alpha,1620,38,44,FT8,FC3,0.00020820260206046398
alpha,1621,38,45,FT8,FC5,0.00025049518327930405
alpha,1622,38,46,FT8,FT7,0.0002805602105922736
alpha,1623,38,47,FT8,F8,0.0002577769451239518
alpha,1624,38,48,FT8,F6,0.00020576998528759447
alpha,1625,38,49,FT8,F4,0.00021720926764748583
alpha,1626,38,50,FT8,F2,0.00019972156254316202
alpha,1627,38,51,FT8,Fz,0.00019194994110419632
alpha,1628,38,52,FT8,F1,0.00018935650495023793
alpha,1629,38,53,FT8,F3,0.0001876484533754834
alpha,1630,38,54,FT8,F5,0.00022451138371542084
alpha,1631,38,55,FT8,F7,0.00026467145867380826
alpha,1632,38,56,FT8,AF4,0.00022322603956839525
alpha,1633,38,57,FT8,AF7,0.0002140576419505508
alpha,1634,38,58,FT8,AF3,0.00023769268955672784
alpha,1635,38,59,FT8,Fp2,0.0002427426529966872
alpha,1636,38,60,FT8,Fpz,0.00025474696976251647
alpha,1637,38,61,FT8,Fp1,0.0002532412508054887
alpha,1638,39,40,FC6,FC4,0.00024201107304344066
alpha,1639,39,41,FC6,FC2,0.00021586367766126738
alpha,1640,39,42,FC6,AF8,0.00023940672469639608
alpha,1641,39,43,FC6,FC1,0.00022655923232385702
alpha,1642,39,44,FC6,FC3,0.00021237579495749084
alpha,1643,39,45,FC6,FC5,0.00027668170332436124
alpha,1644,39,46,FC6,FT7,0.00028456984125787107
alpha,1645,39,47,FC6,F8,0.00022191049035195784
alpha,1646,39,48,FC6,F6,0.0002695334702812062
alpha,1647,39,49,FC6,F4,0.0002317378827912619
alpha,1648,39,50,FC6,F2,0.00022867825231658365
alpha,1649,39,51,FC6,Fz,0.00022499368635381443
alpha,1650,39,52,FC6,F1,0.0002327214636187105
alpha,1651,39,53,FC6,F3,0.0002283408224398287
alpha,1652,39,54,FC6,F5,0.0002613249750868604
alpha,1653,39,55,FC6,F7,0.0002455999000979642
alpha,1654,39,56,FC6,AF4,0.0002738642648421155
alpha,1655,39,57,FC6,AF7,0.00026291460298463103
alpha,1656,39,58,FC6,AF3,0.00025790998335849567
alpha,1657,39,59,FC6,Fp2,0.0002534081919758848
alpha,1658,39,60,FC6,Fpz,0.00027691433023304963
alpha,1659,39,61,FC6,Fp1,0.00025938344410485
alpha,1660,40,41,FC4,FC2,0.000252476268423133
alpha,1661,40,42,FC4,AF8,0.0002379524250815368
alpha,1662,40,43,FC4,FC1,0.000242934328566205
alpha,1663,40,44,FC4,FC3,0.00025570955466812416
alpha,1664,40,45,FC4,FC5,0.00024312647981497974
alpha,1665,40,46,FC4,FT7,0.00021420440661642075
alpha,1666,40,47,FC4,F8,0.00025286806868330774
alpha,1667,40,48,FC4,F6,0.00020960655959103186
alpha,1668,40,49,FC4,F4,0.0001993367737941267
alpha,1669,40,50,FC4,F2,0.00026834255269000235
alpha,1670,40,51,FC4,Fz,0.00026076404703491776
alpha,1671,40,52,FC4,F1,0.00025627075312008123
alpha,1672,40,53,FC4,F3,0.0002254703547022987
alpha,1673,40,54,FC4,F5,0.0001980034188029909
alpha,1674,40,55,FC4,F7,0.00017297678951460645
alpha,1675,40,56,FC4,AF4,0.00017947659290244483
alpha,1676,40,57,FC4,AF7,0.0002039383605654704
alpha,1677,40,58,FC4,AF3,0.00020918272418957937
alpha,1678,40,59,FC4,Fp2,0.00017979134034291593
alpha,1679,40,60,FC4,Fpz,0.00018249233162134833
alpha,1680,40,61,FC4,Fp1,0.0001902259197154866
alpha,1681,41,42,FC2,AF8,0.00023893636444938466
alpha,1682,41,43,FC2,FC1,0.0002692023220267919
alpha,1683,41,44,FC2,FC3,0.000255718243039197
alpha,1684,41,45,FC2,FC5,0.00020810471317959903
alpha,1685,41,46,FC2,FT7,0.0001796185664129901
alpha,1686,41,47,FC2,F8,0.00021831135723872512
alpha,1687,41,48,FC2,F6,0.0002090075598126195
alpha,1688,41,49,FC2,F4,0.00020476398427467704
alpha,1689,41,50,FC2,F2,0.00020256577118283356
alpha,1690,41,51,FC2,Fz,0.00021255863543602114
alpha,1691,41,52,FC2,F1,0.00023948346676596258
alpha,1692,41,53,FC2,F3,0.00019302287036921582
alpha,1693,41,54,FC2,F5,0.0001863394972495056
alpha,1694,41,55,FC2,F7,0.00019082286911339168
alpha,1695,41,56,FC2,AF4,0.0001856513951067288
alpha,1696,41,57,FC2,AF7,0.00019628322504903546
alpha,1697,41,58,FC2,AF3,0.0001785475337885226
alpha,1698,41,59,FC2,Fp2,0.0002003615439557673
alpha,1699,41,60,FC2,Fpz,0.00019925592094492244
alpha,1700,41,61,FC2,Fp1,0.00018984440171066326
alpha,1701,42,43,AF8,FC1,0.00021823477624162676
alpha,1702,42,44,AF8,FC3,0.00026063800538957057
alpha,1703,42,45,AF8,FC5,0.00022315329953100468
alpha,1704,42,46,AF8,FT7,0.00017564519427425179
alpha,1705,42,47,AF8,F8,0.00020590015706982125
alpha,1706,42,48,AF8,F6,0.00020055009090370464
alpha,1707,42,49,AF8,F4,0.0001856500312659049
alpha,1708,42,50,AF8,F2,0.00019392129934310619
alpha,1709,42,51,AF8,Fz,0.00017442139120082154
alpha,1710,42,52,AF8,F1,0.00019517554928235264
alpha,1711,42,53,AF8,F3,0.000201338869426077
alpha,1712,42,54,AF8,F5,0.00018053223280538729
alpha,1713,42,55,AF8,F7,0.00019183388886942544
alpha,1714,42,56,AF8,AF4,0.00018279511718027587
alpha,1715,42,57,AF8,AF7,0.00017533579995293656
alpha,1716,42,58,AF8,AF3,0.00016899613081931375
alpha,1717,42,59,AF8,Fp2,0.00020396349108903889
alpha,1718,42,60,AF8,Fpz,0.0001999320815934135
alpha,1719,42,61,AF8,Fp1,0.00018508359065760473
alpha,1720,43,44,FC1,FC3,0.0002364170897033669
alpha,1721,43,45,FC1,FC5,0.00020082561662458824
alpha,1722,43,46,FC1,FT7,0.00020707529842721277
alpha,1723,43,47,FC1,F8,0.0002331900941944427
alpha,1724,43,48,FC1,F6,0.00022251701942921395
alpha,1725,43,49,FC1,F4,0.00020571760907935288
alpha,1726,43,50,FC1,F2,0.0001924861282788602
alpha,1727,43,51,FC1,Fz,0.00018627045914168606
alpha,1728,43,52,FC1,F1,0.0001752311601434819
alpha,1729,43,53,FC1,F3,0.0002086782389765293
alpha,1730,43,54,FC1,F5,0.00021034910639201602
alpha,1731,43,55,FC1,F7,0.00022100746815466166
alpha,1732,43,56,FC1,AF4,0.00017794182380073963
alpha,1733,43,57,FC1,AF7,0.00017503190711156148
alpha,1734,43,58,FC1,AF3,0.00020035603723679934
alpha,1735,43,59,FC1,Fp2,0.000188639064744677
alpha,1736,43,60,FC1,Fpz,0.00017607130129914734
alpha,1737,43,61,FC1,Fp1,0.00018936584915732268
alpha,1738,44,45,FC3,FC5,0.00024454798861790023
alpha,1739,44,46,FC3,FT7,0.0002337877893467264
alpha,1740,44,47,FC3,F8,0.0002285125305245608
alpha,1741,44,48,FC3,F6,0.00019743423732375962
alpha,1742,44,49,FC3,F4,0.00023473835907318383
alpha,1743,44,50,FC3,F2,0.0002364354576598021
alpha,1744,44,51,FC3,Fz,0.00024239470560221988
alpha,1745,44,52,FC3,F1,0.0002314685781923134
alpha,1746,44,53,FC3,F3,0.00020817106519829327
alpha,1747,44,54,FC3,F5,0.00023997217178445642
alpha,1748,44,55,FC3,F7,0.0002257434809012613
alpha,1749,44,56,FC3,AF4,0.00021342348086753234
alpha,1750,44,57,FC3,AF7,0.00020685870875575643
alpha,1751,44,58,FC3,AF3,0.00021771521773128848
alpha,1752,44,59,FC3,Fp2,0.0002031366029121036
alpha,1753,44,60,FC3,Fpz,0.00022559977633532902
alpha,1754,44,61,FC3,Fp1,0.00022947126775293302
alpha,1755,45,46,FC5,FT7,0.00022251623181710774
alpha,1756,45,47,FC5,F8,0.00025916456818454405
alpha,1757,45,48,FC5,F6,0.0002760942213455665
alpha,1758,45,49,FC5,F4,0.0002559717204815661
alpha,1759,45,50,FC5,F2,0.00023202176329487032
alpha,1760,45,51,FC5,Fz,0.0002232588043093701
alpha,1761,45,52,FC5,F1,0.00021530935071519013
alpha,1762,45,53,FC5,F3,0.00021479421368567091
alpha,1763,45,54,FC5,F5,0.00022038319313710475
alpha,1764,45,55,FC5,F7,0.0002614158273853399
alpha,1765,45,56,FC5,AF4,0.0002300053762749333
alpha,1766,45,57,FC5,AF7,0.00023257907400912019
alpha,1767,45,58,FC5,AF3,0.00023259527267492064
alpha,1768,45,59,FC5,Fp2,0.00025446639585294023
alpha,1769,45,60,FC5,Fpz,0.0002659016074391857
alpha,1770,45,61,FC5,Fp1,0.00026975453509134166
alpha,1771,46,47,FT7,F8,0.0003028754993461421
alpha,1772,46,48,FT7,F6,0.00028692465368705406
alpha,1773,46,49,FT7,F4,0.000215590921907484
alpha,1774,46,50,FT7,F2,0.0001727170486571345
alpha,1775,46,51,FT7,Fz,0.0001697008811775713
alpha,1776,46,52,FT7,F1,0.00016577256839744208
alpha,1777,46,53,FT7,F3,0.00016889178187469485
alpha,1778,46,54,FT7,F5,0.00017397918800823652
alpha,1779,46,55,FT7,F7,0.00023726391463390245
alpha,1780,46,56,FT7,AF4,0.00021310357114381206
alpha,1781,46,57,FT7,AF7,0.00018238410227016795
alpha,1782,46,58,FT7,AF3,0.00018754041804796483
alpha,1783,46,59,FT7,Fp2,0.00025661642107099
alpha,1784,46,60,FT7,Fpz,0.0002451429922088203
alpha,1785,46,61,FT7,Fp1,0.00025272548370061215
alpha,1786,47,48,F8,F6,0.00025830581709395474
alpha,1787,47,49,F8,F4,0.00023141523617874185
alpha,1788,47,50,F8,F2,0.00022814587379788024
alpha,1789,47,51,F8,Fz,0.00023500811118375262
alpha,1790,47,52,F8,F1,0.00023970381890838153
alpha,1791,47,53,F8,F3,0.00022034370139503985
alpha,1792,47,54,F8,F5,0.00022904747962568372
alpha,1793,47,55,F8,F7,0.00028930692068514886
alpha,1794,47,56,F8,AF4,0.00027678682368825297
alpha,1795,47,57,F8,AF7,0.0002567131633058353
alpha,1796,47,58,F8,AF3,0.00024918577922491297
alpha,1797,47,59,F8,Fp2,0.0002749077331611198
alpha,1798,47,60,F8,Fpz,0.0002846717981545518
alpha,1799,47,61,F8,Fp1,0.00027547361264056744
alpha,1800,48,49,F6,F4,0.0002186096690279638
alpha,1801,48,50,F6,F2,0.00022509439933858454
alpha,1802,48,51,F6,Fz,0.00023014609312286372
alpha,1803,48,52,F6,F1,0.00022595880229580218
alpha,1804,48,53,F6,F3,0.0002179432345021636
alpha,1805,48,54,F6,F5,0.00024774324708241516
alpha,1806,48,55,F6,F7,0.00027353559832287897
alpha,1807,48,56,F6,AF4,0.0002665169532971647
alpha,1808,48,57,F6,AF7,0.0002733757337205517
alpha,1809,48,58,F6,AF3,0.0002614354198211756
alpha,1810,48,59,F6,Fp2,0.00028778554285669355
alpha,1811,48,60,F6,Fpz,0.00028209310693539465
alpha,1812,48,61,F6,Fp1,0.00027284641102079686
alpha,1813,49,50,F4,F2,0.0002208963482063286
alpha,1814,49,51,F4,Fz,0.00022097904796295197
alpha,1815,49,52,F4,F1,0.00022419028596886646
alpha,1816,49,53,F4,F3,0.00023304608349128484
alpha,1817,49,54,F4,F5,0.0002582641159536808
alpha,1818,49,55,F4,F7,0.00019457296603268368
alpha,1819,49,56,F4,AF4,0.00020376473498540812
alpha,1820,49,57,F4,AF7,0.00025981438277428474
alpha,1821,49,58,F4,AF3,0.00024934059138878226
alpha,1822,49,59,F4,Fp2,0.0002173759484473316
alpha,1823,49,60,F4,Fpz,0.0002441453547426217
alpha,1824,49,61,F4,Fp1,0.00022626395334643772
alpha,1825,50,51,F2,Fz,0.00024782863034853017
alpha,1826,50,52,F2,F1,0.00026076423113685507
alpha,1827,50,53,F2,F3,0.00023470887931624287
alpha,1828,50,54,F2,F5,0.0002127803934340618
alpha,1829,50,55,F2,F7,0.00019690829105266364
alpha,1830,50,56,F2,AF4,0.00018231717038714865
alpha,1831,50,57,F2,AF7,0.0001945250460301178
alpha,1832,50,58,F2,AF3,0.00019495121820322256
alpha,1833,50,59,F2,Fp2,0.00020244828873934036
alpha,1834,50,60,F2,Fpz,0.00018725733679831932
alpha,1835,50,61,F2,Fp1,0.0001784845414664816
alpha,1836,51,52,Fz,F1,0.0002291270777210256
alpha,1837,51,53,Fz,F3,0.0002405663243760926
alpha,1838,51,54,Fz,F5,0.00020381806413176506
alpha,1839,51,55,Fz,F7,0.00019997248622344657
alpha,1840,51,56,Fz,AF4,0.00019523492738708457
alpha,1841,51,57,Fz,AF7,0.0002214343711176063
alpha,1842,51,58,Fz,AF3,0.0002210234165080643
alpha,1843,51,59,Fz,Fp2,0.00021232372395434216
alpha,1844,51,60,Fz,Fpz,0.0002208847720994639
alpha,1845,51,61,Fz,Fp1,0.00021061372190988304
alpha,1846,52,53,F1,F3,0.0002415808930566754
alpha,1847,52,54,F1,F5,0.00020947208061963197
alpha,1848,52,55,F1,F7,0.00023210490962619827
alpha,1849,52,56,F1,AF4,0.0001949393154957489
alpha,1850,52,57,F1,AF7,0.00020755539921978985
alpha,1851,52,58,F1,AF3,0.0002235137971480629
alpha,1852,52,59,F1,Fp2,0.00022135911251154936
alpha,1853,52,60,F1,Fpz,0.00022052379932079743
alpha,1854,52,61,F1,Fp1,0.00022801725334971632
alpha,1855,53,54,F3,F5,0.00024134311315358495
alpha,1856,53,55,F3,F7,0.00025232166447611943
alpha,1857,53,56,F3,AF4,0.00021772488742612117
alpha,1858,53,57,F3,AF7,0.00021352066457999363
alpha,1859,53,58,F3,AF3,0.00021085585001932874
alpha,1860,53,59,F3,Fp2,0.00023937453467137143
alpha,1861,53,60,F3,Fpz,0.00024302314935952625
alpha,1862,53,61,F3,Fp1,0.00022265978782260912
alpha,1863,54,55,F5,F7,0.0002585924787480522
alpha,1864,54,56,F5,AF4,0.000248115265297841
alpha,1865,54,57,F5,AF7,0.00023283297698388662
alpha,1866,54,58,F5,AF3,0.000227889971308941
alpha,1867,54,59,F5,Fp2,0.00027240231759747635
alpha,1868,54,60,F5,Fpz,0.0002704336886569946
alpha,1869,54,61,F5,Fp1,0.00027639562816399985
alpha,1870,55,56,F7,AF4,0.00023524544353867421
alpha,1871,55,57,F7,AF7,0.00020458262633909845
alpha,1872,55,58,F7,AF3,0.00020774797870562453
alpha,1873,55,59,F7,Fp2,0.0002634099735522166
alpha,1874,55,60,F7,Fpz,0.00026113341068429666
alpha,1875,55,61,F7,Fp1,0.00027267334606455827
alpha,1876,56,57,AF4,AF7,0.00021576803696927863
alpha,1877,56,58,AF4,AF3,0.00023907134228704844
alpha,1878,56,59,AF4,Fp2,0.0002341914820061805
alpha,1879,56,60,AF4,Fpz,0.00024255269434162664
alpha,1880,56,61,AF4,Fp1,0.0002486681441878241
alpha,1881,57,58,AF7,AF3,0.00022932851791105575
alpha,1882,57,59,AF7,Fp2,0.00024691364695374917
alpha,1883,57,60,AF7,Fpz,0.00020415815602632987
alpha,1884,57,61,AF7,Fp1,0.00019676414119190142
alpha,1885,58,59,AF3,Fp2,0.00027657845583212994
alpha,1886,58,60,AF3,Fpz,0.0002963631619465726
alpha,1887,58,61,AF3,Fp1,0.00024082860715702123
alpha,1888,59,60,Fp2,Fpz,0.0002142849024426764
alpha,1889,59,61,Fp2,Fp1,0.0002218922856374352
alpha,1890,60,61,Fpz,Fp1,0.00023186930747413187
beta,0,0,1,Iz,O2,7.224651279154264e-05
beta,1,0,2,Iz,Oz,7.60759861005613e-05
beta,2,0,3,Iz,O1,8.183287308955534e-05
beta,3,0,4,Iz,PO8,9.640813018611093e-05
beta,4,0,5,Iz,PO4,7.665573344082136e-05
beta,5,0,6,Iz,POz,6.720200795933252e-05
beta,6,0,7,Iz,PO3,8.40852253149317e-05
beta,7,0,8,Iz,PO7,9.067733940913109e-05
beta,8,0,9,Iz,P8,9.419586338434842e-05
beta,9,0,10,Iz,P6,8.731736072528839e-05
beta,10,0,11,Iz,P4,8.232915816981935e-05
beta,11,0,12,Iz,P2,7.396221455739677e-05
beta,12,0,13,Iz,Pz,7.059224294960758e-05
beta,13,0,14,Iz,P1,7.19681792552641e-05
beta,14,0,15,Iz,P3,7.887192267166872e-05
beta,15,0,16,Iz,P5,8.887037259759181e-05
beta,16,0,17,Iz,P7,7.944552736671603e-05
beta,17,0,18,Iz,TP10,7.123871021772569e-05
beta,18,0,19,Iz,TP8,6.888934752239545e-05
beta,19,0,20,Iz,CP6,6.928891865659866e-05
beta,20,0,21,Iz,CP4,7.184062115833574e-05
beta,21,0,22,Iz,CP2,6.847215008570958e-05
beta,22,0,23,Iz,CPz,6.365168498982043e-05
beta,23,0,24,Iz,CP1,8.717699900733989e-05
beta,24,0,25,Iz,CP3,8.83296546411331e-05
beta,25,0,26,Iz,CP5,9.121425721887803e-05
beta,26,0,27,Iz,TP7,6.446159533513905e-05
beta,27,0,28,Iz,TP9,7.352349359880154e-05
beta,28,0,29,Iz,T8,7.301075757348456e-05
beta,29,0,30,Iz,C6,6.133225744377058e-05
beta,30,0,31,Iz,C4,7.867303602039038e-05
beta,31,0,32,Iz,C2,7.015101200901607e-05
beta,32,0,33,Iz,Cz,7.099671477189874e-05
beta,33,0,34,Iz,C1,7.504273788628042e-05
beta,34,0,35,Iz,C3,8.99202573647468e-05
beta,35,0,36,Iz,C5,8.472426509433832e-05
beta,36,0,37,Iz,T7,6.61629284961808e-05
beta,37,0,38,Iz,FT8,7.201506114065255e-05
beta,38,0,39,Iz,FC6,7.646676281854113e-05
beta,39,0,40,Iz,FC4,0.0001029374234997232
beta,40,0,41,Iz,FC2,6.981246355154679e-05
beta,41,0,42,Iz,AF8,6.271762547884515e-05
beta,42,0,43,Iz,FC1,7.360725476004234e-05
beta,43,0,44,Iz,FC3,6.11791326001244e-05
beta,44,0,45,Iz,FC5,7.20527629505382e-05
beta,45,0,46,Iz,FT7,7.879941558082103e-05
beta,46,0,47,Iz,F8,7.959997855778889e-05
beta,47,0,48,Iz,F6,8.026950084562456e-05
beta,48,0,49,Iz,F4,8.824451158735072e-05
beta,49,0,50,Iz,F2,9.902263058734088e-05
beta,50,0,51,Iz,Fz,8.157614650715407e-05
beta,51,0,52,Iz,F1,8.244192738852056e-05
beta,52,0,53,Iz,F3,8.386662798428121e-05
beta,53,0,54,Iz,F5,7.151019226719394e-05
beta,54,0,55,Iz,F7,6.565148121767848e-05
beta,55,0,56,Iz,AF4,8.352779483619628e-05
beta,56,0,57,Iz,AF7,8.492504142440844e-05
beta,57,0,58,Iz,AF3,8.667503027079362e-05
beta,58,0,59,Iz,Fp2,7.522975852943804e-05
beta,59,0,60,Iz,Fpz,8.34187169336572e-05
beta,60,0,61,Iz,Fp1,6.953586700635238e-05
beta,61,1,2,O2,Oz,7.588290590565846e-05
beta,62,1,3,O2,O1,7.306551522991248e-05
beta,63,1,4,O2,PO8,0.00011395263887993331
beta,64,1,5,O2,PO4,9.005744608903497e-05
beta,65,1,6,O2,POz,8.59318905319164e-05
beta,66,1,7,O2,PO3,7.218193003775615e-05
beta,67,1,8,O2,PO7,8.277843595793587e-05
beta,68,1,9,O2,P8,9.75560364637379e-05
beta,69,1,10,O2,P6,0.00010395285701595794
beta,70,1,11,O2,P4,9.621376223098903e-05
beta,71,1,12,O2,P2,8.463086052210139e-05
beta,72,1,13,O2,Pz,7.112696476219451e-05
beta,73,1,14,O2,P1,6.528576640789821e-05
beta,74,1,15,O2,P3,6.464263402092758e-05
beta,75,1,16,O2,P5,7.208191553746845e-05
beta,76,1,17,O2,P7,7.13287645594864e-05
beta,77,1,18,O2,TP10,7.650721372924141e-05
beta,78,1,19,O2,TP8,7.213723706583925e-05
beta,79,1,20,O2,CP6,9.151122808226924e-05
beta,80,1,21,O2,CP4,0.00010201349875380318
beta,81,1,22,O2,CP2,7.425570589757677e-05
beta,82,1,23,O2,CPz,7.410174318608376e-05
beta,83,1,24,O2,CP1,7.082114857684591e-05
beta,84,1,25,O2,CP3,6.965178051970504e-05
beta,85,1,26,O2,CP5,8.579152402983983e-05
beta,86,1,27,O2,TP7,6.650773655859036e-05
beta,87,1,28,O2,TP9,7.612107148112949e-05
beta,88,1,29,O2,T8,6.39948658800212e-05
beta,89,1,30,O2,C6,7.832094776295408e-05
beta,90,1,31,O2,C4,9.437799605186507e-05
beta,91,1,32,O2,C2,8.620033775906828e-05
beta,92,1,33,O2,Cz,8.487871923826877e-05
beta,93,1,34,O2,C1,8.010494775624721e-05
beta,94,1,35,O2,C3,8.259326975578569e-05
beta,95,1,36,O2,C5,8.7727598711346e-05
beta,96,1,37,O2,T7,6.909919410590658e-05
beta,97,1,38,O2,FT8,6.971679531412248e-05
beta,98,1,39,O2,FC6,7.016066875103035e-05
beta,99,1,40,O2,FC4,7.626486897825048e-05
beta,100,1,41,O2,FC2,7.942592181024144e-05
beta,101,1,42,O2,AF8,7.614856280864927e-05
beta,102,1,43,O2,FC1,7.322346651200618e-05
beta,103,1,44,O2,FC3,7.368307067160554e-05
beta,104,1,45,O2,FC5,7.558728635684598e-05
beta,105,1,46,O2,FT7,6.894510670857343e-05
beta,106,1,47,O2,F8,6.879437821315402e-05
beta,107,1,48,O2,F6,6.06581705970818e-05
beta,108,1,49,O2,F4,7.377783160228613e-05
beta,109,1,50,O2,F2,7.488206280917536e-05
beta,110,1,51,O2,Fz,7.845762401419542e-05
beta,111,1,52,O2,F1,7.131486172977325e-05
beta,112,1,53,O2,F3,8.146777171777373e-05
beta,113,1,54,O2,F5,7.115533359009522e-05
beta,114,1,55,O2,F7,6.439350683837054e-05
beta,115,1,56,O2,AF4,6.814695622234178e-05
beta,116,1,57,O2,AF7,7.845470233870268e-05
beta,117,1,58,O2,AF3,8.058150877100457e-05
beta,118,1,59,O2,Fp2,6.492652564584937e-05
beta,119,1,60,O2,Fpz,7.554140642258417e-05
beta,120,1,61,O2,Fp1,8.147980570199031e-05
beta,121,2,3,Oz,O1,7.91316859739763e-05
beta,122,2,4,Oz,PO8,9.172679589780375e-05
beta,123,2,5,Oz,PO4,8.627682052782463e-05
beta,124,2,6,Oz,POz,7.659843638236606e-05
beta,125,2,7,Oz,PO3,7.531467119212288e-05
beta,126,2,8,Oz,PO7,9.401770602951678e-05
beta,127,2,9,Oz,P8,9.401601217741437e-05
beta,128,2,10,Oz,P6,9.495152519054336e-05
beta,129,2,11,Oz,P4,0.0001004433240970418
beta,130,2,12,Oz,P2,7.973343827687164e-05
beta,131,2,13,Oz,Pz,7.237102191262828e-05
beta,132,2,14,Oz,P1,6.24859506044796e-05
beta,133,2,15,Oz,P3,7.194391604729515e-05
beta,134,2,16,Oz,P5,9.290105842366583e-05
beta,135,2,17,Oz,P7,8.079661561640435e-05
beta,136,2,18,Oz,TP10,6.47893885926952e-05
beta,137,2,19,Oz,TP8,6.972516929094456e-05
beta,138,2,20,Oz,CP6,7.609615910143528e-05
beta,139,2,21,Oz,CP4,8.610759428801486e-05
beta,140,2,22,Oz,CP2,7.853200276478338e-05
beta,141,2,23,Oz,CPz,6.960000080597581e-05
beta,142,2,24,Oz,CP1,7.298193834656255e-05
beta,143,2,25,Oz,CP3,7.369974062801122e-05
beta,144,2,26,Oz,CP5,8.881092865286636e-05
beta,145,2,27,Oz,TP7,7.825588333271572e-05
beta,146,2,28,Oz,TP9,8.769860033789996e-05
beta,147,2,29,Oz,T8,7.139969030411919e-05
beta,148,2,30,Oz,C6,5.8323749308293206e-05
beta,149,2,31,Oz,C4,9.282528325396474e-05
beta,150,2,32,Oz,C2,8.112858653077268e-05
beta,151,2,33,Oz,Cz,7.307233877015625e-05
beta,152,2,34,Oz,C1,7.96042313743367e-05
beta,153,2,35,Oz,C3,8.415711466792071e-05
beta,154,2,36,Oz,C5,8.765449851548845e-05
beta,155,2,37,Oz,T7,7.077713338023764e-05
beta,156,2,38,Oz,FT8,7.558816092762972e-05
beta,157,2,39,Oz,FC6,8.108059038306847e-05
beta,158,2,40,Oz,FC4,8.006690656130419e-05
beta,159,2,41,Oz,FC2,6.839517898891542e-05
beta,160,2,42,Oz,AF8,7.342696419890774e-05
beta,161,2,43,Oz,FC1,7.917928874690746e-05
beta,162,2,44,Oz,FC3,6.393180332853298e-05
beta,163,2,45,Oz,FC5,7.559547309607826e-05
beta,164,2,46,Oz,FT7,7.06745217799474e-05
beta,165,2,47,Oz,F8,8.657032125088148e-05
beta,166,2,48,Oz,F6,8.516988392094503e-05
beta,167,2,49,Oz,F4,8.533116202007735e-05
beta,168,2,50,Oz,F2,8.001403456674788e-05
beta,169,2,51,Oz,Fz,7.39394917079998e-05
beta,170,2,52,Oz,F1,7.970881389851182e-05
beta,171,2,53,Oz,F3,7.195257917164865e-05
beta,172,2,54,Oz,F5,6.639914304486876e-05
beta,173,2,55,Oz,F7,7.245468300255007e-05
beta,174,2,56,Oz,AF4,7.789666302147194e-05
beta,175,2,57,Oz,AF7,8.436542611139503e-05
beta,176,2,58,Oz,AF3,7.7101765758332e-05
beta,177,2,59,Oz,Fp2,7.57908620076917e-05
beta,178,2,60,Oz,Fpz,8.366608960738825e-05
beta,179,2,61,Oz,Fp1,7.577606337307387e-05
beta,180,3,4,O1,PO8,8.33123830537764e-05
beta,181,3,5,O1,PO4,7.528359114444736e-05
beta,182,3,6,O1,POz,5.931129208272349e-05
beta,183,3,7,O1,PO3,9.1547620516017e-05
beta,184,3,8,O1,PO7,9.34706479889546e-05
beta,185,3,9,O1,P8,8.650113590620422e-05
beta,186,3,10,O1,P6,8.60816002713145e-05
beta,187,3,11,O1,P4,8.457411869218758e-05
beta,188,3,12,O1,P2,8.11632789440236e-05
beta,189,3,13,O1,Pz,8.300765648913425e-05
beta,190,3,14,O1,P1,7.467969784933219e-05
beta,191,3,15,O1,P3,7.826835233349839e-05
beta,192,3,16,O1,P5,9.821088409879019e-05
beta,193,3,17,O1,P7,8.716359307216164e-05
beta,194,3,18,O1,TP10,7.397673488932242e-05
beta,195,3,19,O1,TP8,7.994570530473288e-05
beta,196,3,20,O1,CP6,7.499476227619354e-05
beta,197,3,21,O1,CP4,8.106432974352058e-05
beta,198,3,22,O1,CP2,8.66878256636428e-05
beta,199,3,23,O1,CPz,8.120376797218518e-05
beta,200,3,24,O1,CP1,9.017535913588155e-05
beta,201,3,25,O1,CP3,8.121207971177008e-05
beta,202,3,26,O1,CP5,8.663011225424431e-05
beta,203,3,27,O1,TP7,8.117494927376146e-05
beta,204,3,28,O1,TP9,9.273640633328383e-05
beta,205,3,29,O1,T8,7.382812586515612e-05
beta,206,3,30,O1,C6,6.98578858048393e-05
beta,207,3,31,O1,C4,7.969845333180388e-05
beta,208,3,32,O1,C2,9.429046255760807e-05
beta,209,3,33,O1,Cz,8.317480104893474e-05
beta,210,3,34,O1,C1,7.44525556767329e-05
beta,211,3,35,O1,C3,7.630822567292795e-05
beta,212,3,36,O1,C5,8.118399185053005e-05
beta,213,3,37,O1,T7,8.218184623040254e-05
beta,214,3,38,O1,FT8,8.091908850447824e-05
beta,215,3,39,O1,FC6,9.401661702240714e-05
beta,216,3,40,O1,FC4,8.293138751568733e-05
beta,217,3,41,O1,FC2,7.652586235584288e-05
beta,218,3,42,O1,AF8,7.690827271555343e-05
beta,219,3,43,O1,FC1,7.349082637130045e-05
beta,220,3,44,O1,FC3,6.159866265912283e-05
beta,221,3,45,O1,FC5,7.346262799378342e-05
beta,222,3,46,O1,FT7,7.084103544769156e-05
beta,223,3,47,O1,F8,7.64301643880449e-05
beta,224,3,48,O1,F6,8.303654214812375e-05
beta,225,3,49,O1,F4,7.135682254071538e-05
beta,226,3,50,O1,F2,8.089667194279922e-05
beta,227,3,51,O1,Fz,7.83985008171019e-05
beta,228,3,52,O1,F1,7.971416286522016e-05
beta,229,3,53,O1,F3,6.646646584529381e-05
beta,230,3,54,O1,F5,6.687535310876225e-05
beta,231,3,55,O1,F7,7.045942094534745e-05
beta,232,3,56,O1,AF4,6.643353607648192e-05
beta,233,3,57,O1,AF7,7.88433546832556e-05
beta,234,3,58,O1,AF3,6.576213385941876e-05
beta,235,3,59,O1,Fp2,5.477624230496447e-05
beta,236,3,60,O1,Fpz,7.347815342856749e-05
beta,237,3,61,O1,Fp1,7.024863762477421e-05
beta,238,4,5,PO8,PO4,9.23183032649412e-05
beta,239,4,6,PO8,POz,8.45499951468028e-05
beta,240,4,7,PO8,PO3,8.220979933885066e-05
beta,241,4,8,PO8,PO7,7.244603333345038e-05
beta,242,4,9,PO8,P8,8.963801357317904e-05
beta,243,4,10,PO8,P6,8.262650515468337e-05
beta,244,4,11,PO8,P4,7.9179443058127e-05
beta,245,4,12,PO8,P2,7.95679281616122e-05
beta,246,4,13,PO8,Pz,7.060931977932393e-05
beta,247,4,14,PO8,P1,6.0479304408983224e-05
beta,248,4,15,PO8,P3,6.838038793112783e-05
beta,249,4,16,PO8,P5,7.003166823694634e-05
beta,250,4,17,PO8,P7,6.328808921414602e-05
beta,251,4,18,PO8,TP10,6.825408844738199e-05
beta,252,4,19,PO8,TP8,7.025751462793971e-05
beta,253,4,20,PO8,CP6,9.123095909772665e-05
beta,254,4,21,PO8,CP4,9.720613653810422e-05
beta,255,4,22,PO8,CP2,7.991851155225629e-05
beta,256,4,23,PO8,CPz,8.53274321174405e-05
beta,257,4,24,PO8,CP1,7.480721117510952e-05
beta,258,4,25,PO8,CP3,6.517212612921531e-05
beta,259,4,26,PO8,CP5,8.34001323080338e-05
beta,260,4,27,PO8,TP7,6.994341693137925e-05
beta,261,4,28,PO8,TP9,7.528198463076189e-05
beta,262,4,29,PO8,T8,6.476809308916589e-05
beta,263,4,30,PO8,C6,8.213141678560855e-05
beta,264,4,31,PO8,C4,9.86871997940399e-05
beta,265,4,32,PO8,C2,9.360913337275085e-05
beta,266,4,33,PO8,Cz,7.925204109758411e-05
beta,267,4,34,PO8,C1,7.909229893121868e-05
beta,268,4,35,PO8,C3,6.194720919633385e-05
beta,269,4,36,PO8,C5,7.36898962180774e-05
beta,270,4,37,PO8,T7,7.304301784232426e-05
beta,271,4,38,PO8,FT8,7.326585521482268e-05
beta,272,4,39,PO8,FC6,7.66262235384947e-05
beta,273,4,40,PO8,FC4,7.815051363857944e-05
beta,274,4,41,PO8,FC2,8.632329962427889e-05
beta,275,4,42,PO8,AF8,7.663452883951481e-05
beta,276,4,43,PO8,FC1,7.00657052068154e-05
beta,277,4,44,PO8,FC3,7.332813208272598e-05
beta,278,4,45,PO8,FC5,7.628763003109096e-05
beta,279,4,46,PO8,FT7,7.232327948021988e-05
beta,280,4,47,PO8,F8,7.193462980445233e-05
beta,281,4,48,PO8,F6,6.634239361023864e-05
beta,282,4,49,PO8,F4,6.190844118864954e-05
beta,283,4,50,PO8,F2,6.932568928827403e-05
beta,284,4,51,PO8,Fz,7.186458518994041e-05
beta,285,4,52,PO8,F1,7.314512223439995e-05
beta,286,4,53,PO8,F3,6.764061611536237e-05
beta,287,4,54,PO8,F5,8.139816586010967e-05
beta,288,4,55,PO8,F7,7.485618246296004e-05
beta,289,4,56,PO8,AF4,8.188119701797798e-05
beta,290,4,57,PO8,AF7,7.203252193681021e-05
beta,291,4,58,PO8,AF3,6.217996793904515e-05
beta,292,4,59,PO8,Fp2,7.56478145649395e-05
beta,293,4,60,PO8,Fpz,7.747639335469142e-05
beta,294,4,61,PO8,Fp1,7.159104007720636e-05
beta,295,5,6,PO4,POz,8.976358601059053e-05
beta,296,5,7,PO4,PO3,7.789948730092945e-05
beta,297,5,8,PO4,PO7,7.778944161482711e-05
beta,298,5,9,PO4,P8,9.60696020812642e-05
beta,299,5,10,PO4,P6,9.4467861474634e-05
beta,300,5,11,PO4,P4,0.00010585250767048443
beta,301,5,12,PO4,P2,8.689219334111331e-05
beta,302,5,13,PO4,Pz,7.505684702629068e-05
beta,303,5,14,PO4,P1,6.0433078332740436e-05
beta,304,5,15,PO4,P3,7.159087860492061e-05
beta,305,5,16,PO4,P5,7.530508545051773e-05
beta,306,5,17,PO4,P7,6.734628258210988e-05
beta,307,5,18,PO4,TP10,7.38127967453444e-05
beta,308,5,19,PO4,TP8,8.277559994709304e-05
beta,309,5,20,PO4,CP6,8.990567138288843e-05
beta,310,5,21,PO4,CP4,0.00010243230459197034
beta,311,5,22,PO4,CP2,8.544787870211215e-05
beta,312,5,23,PO4,CPz,8.891377725354159e-05
beta,313,5,24,PO4,CP1,7.366601295364645e-05
beta,314,5,25,PO4,CP3,6.940539225478322e-05
beta,315,5,26,PO4,CP5,7.016498027963184e-05
beta,316,5,27,PO4,TP7,6.000664274878366e-05
beta,317,5,28,PO4,TP9,6.537150553064349e-05
beta,318,5,29,PO4,T8,7.025359062151672e-05
beta,319,5,30,PO4,C6,8.411700678400914e-05
beta,320,5,31,PO4,C4,0.00010104908001268597
beta,321,5,32,PO4,C2,8.885965492159016e-05
beta,322,5,33,PO4,Cz,8.333219471459207e-05
beta,323,5,34,PO4,C1,8.614335121434242e-05
beta,324,5,35,PO4,C3,6.908968569428239e-05
beta,325,5,36,PO4,C5,7.345870847789498e-05
beta,326,5,37,PO4,T7,7.11752132275195e-05
beta,327,5,38,PO4,FT8,6.653436748179651e-05
beta,328,5,39,PO4,FC6,8.283378824477895e-05
beta,329,5,40,PO4,FC4,8.375909746617234e-05
beta,330,5,41,PO4,FC2,8.168251390423542e-05
beta,331,5,42,PO4,AF8,8.267889846451275e-05
beta,332,5,43,PO4,FC1,6.62306904163164e-05
beta,333,5,44,PO4,FC3,5.973898600965624e-05
beta,334,5,45,PO4,FC5,6.890649763734367e-05
beta,335,5,46,PO4,FT7,7.036262135387817e-05
beta,336,5,47,PO4,F8,6.977557315933597e-05
beta,337,5,48,PO4,F6,7.686663021058137e-05
beta,338,5,49,PO4,F4,8.189066545706653e-05
beta,339,5,50,PO4,F2,7.863375601836806e-05
beta,340,5,51,PO4,Fz,7.421280912689622e-05
beta,341,5,52,PO4,F1,6.84975918215088e-05
beta,342,5,53,PO4,F3,5.9411882656239376e-05
beta,343,5,54,PO4,F5,6.535197255073041e-05
beta,344,5,55,PO4,F7,6.844506707327708e-05
beta,345,5,56,PO4,AF4,6.637521475281755e-05
beta,346,5,57,PO4,AF7,6.891759134246473e-05
beta,347,5,58,PO4,AF3,5.577176716897674e-05
beta,348,5,59,PO4,Fp2,7.269730442298153e-05
beta,349,5,60,PO4,Fpz,7.303001396450494e-05
beta,350,5,61,PO4,Fp1,7.6309069588925e-05
beta,351,6,7,POz,PO3,8.049543581907414e-05
beta,352,6,8,POz,PO7,6.927232613185137e-05
beta,353,6,9,POz,P8,8.494068152025121e-05
beta,354,6,10,POz,P6,8.518708772732497e-05
beta,355,6,11,POz,P4,9.228088610386549e-05
beta,356,6,12,POz,P2,7.729045487146005e-05
beta,357,6,13,POz,Pz,6.471471568589654e-05
beta,358,6,14,POz,P1,5.654238046609749e-05
beta,359,6,15,POz,P3,7.455158306303325e-05
beta,360,6,16,POz,P5,8.471136797327332e-05
beta,361,6,17,POz,P7,8.133581507285188e-05
beta,362,6,18,POz,TP10,5.702542698174018e-05
beta,363,6,19,POz,TP8,6.680412395526552e-05
beta,364,6,20,POz,CP6,7.712620841334174e-05
beta,365,6,21,POz,CP4,8.437271950161386e-05
beta,366,6,22,POz,CP2,7.667914349442901e-05
beta,367,6,23,POz,CPz,7.209375001717384e-05
beta,368,6,24,POz,CP1,7.23509018904e-05
beta,369,6,25,POz,CP3,6.73810331848515e-05
beta,370,6,26,POz,CP5,7.37504759651113e-05
beta,371,6,27,POz,TP7,7.720777319356541e-05
beta,372,6,28,POz,TP9,6.83086337883216e-05
beta,373,6,29,POz,T8,7.205536800386994e-05
beta,374,6,30,POz,C6,6.210133510790893e-05
beta,375,6,31,POz,C4,8.807941977451664e-05
beta,376,6,32,POz,C2,7.268714807369993e-05
beta,377,6,33,POz,Cz,7.997356828671502e-05
beta,378,6,34,POz,C1,7.870791923903606e-05
beta,379,6,35,POz,C3,6.972880086641329e-05
beta,380,6,36,POz,C5,7.494690237096947e-05
beta,381,6,37,POz,T7,6.930148027874042e-05
beta,382,6,38,POz,FT8,5.950353891982182e-05
beta,383,6,39,POz,FC6,7.729178561798957e-05
beta,384,6,40,POz,FC4,7.539908457400958e-05
beta,385,6,41,POz,FC2,7.026813818585927e-05
beta,386,6,42,POz,AF8,7.095430269239993e-05
beta,387,6,43,POz,FC1,6.253515162726822e-05
beta,388,6,44,POz,FC3,6.272067334243012e-05
beta,389,6,45,POz,FC5,6.981454440577436e-05
beta,390,6,46,POz,FT7,5.83397060959888e-05
beta,391,6,47,POz,F8,6.976461975915359e-05
beta,392,6,48,POz,F6,7.784310017530121e-05
beta,393,6,49,POz,F4,7.358544334046628e-05
beta,394,6,50,POz,F2,7.377055763284992e-05
beta,395,6,51,POz,Fz,7.041369664415595e-05
beta,396,6,52,POz,F1,6.013955353106773e-05
beta,397,6,53,POz,F3,6.933026351875463e-05
beta,398,6,54,POz,F5,7.443635134430316e-05
beta,399,6,55,POz,F7,6.940619823425705e-05
beta,400,6,56,POz,AF4,7.501820508000833e-05
beta,401,6,57,POz,AF7,7.843157695818326e-05
beta,402,6,58,POz,AF3,6.66587898324674e-05
beta,403,6,59,POz,Fp2,7.687985503000405e-05
beta,404,6,60,POz,Fpz,7.030250885735119e-05
beta,405,6,61,POz,Fp1,6.21393982556377e-05
beta,406,7,8,PO3,PO7,8.937672814136177e-05
beta,407,7,9,PO3,P8,7.682708408549628e-05
beta,408,7,10,PO3,P6,7.95717832287794e-05
beta,409,7,11,PO3,P4,7.958080075879329e-05
beta,410,7,12,PO3,P2,8.665258091759996e-05
beta,411,7,13,PO3,Pz,9.377253393119632e-05
beta,412,7,14,PO3,P1,8.355080874615216e-05
beta,413,7,15,PO3,P3,7.089040801142358e-05
beta,414,7,16,PO3,P5,8.663446068688638e-05
beta,415,7,17,PO3,P7,7.880907767114595e-05
beta,416,7,18,PO3,TP10,7.280981075751764e-05
beta,417,7,19,PO3,TP8,7.798298920788096e-05
beta,418,7,20,PO3,CP6,7.794565712235151e-05
beta,419,7,21,PO3,CP4,7.487544050693081e-05
beta,420,7,22,PO3,CP2,7.724781108953618e-05
beta,421,7,23,PO3,CPz,8.454651926741792e-05
beta,422,7,24,PO3,CP1,8.92383263378749e-05
beta,423,7,25,PO3,CP3,7.897914576171767e-05
beta,424,7,26,PO3,CP5,7.699446981957669e-05
beta,425,7,27,PO3,TP7,9.002287003331942e-05
beta,426,7,28,PO3,TP9,8.846582814955513e-05
beta,427,7,29,PO3,T8,7.044657353036346e-05
beta,428,7,30,PO3,C6,6.458556558817816e-05
beta,429,7,31,PO3,C4,8.892923198513638e-05
beta,430,7,32,PO3,C2,8.23598434616867e-05
beta,431,7,33,PO3,Cz,8.108189668244657e-05
beta,432,7,34,PO3,C1,8.17710856574528e-05
beta,433,7,35,PO3,C3,7.48836166515061e-05
beta,434,7,36,PO3,C5,7.56264385622504e-05
beta,435,7,37,PO3,T7,7.493438138982239e-05
beta,436,7,38,PO3,FT8,6.650505024896268e-05
beta,437,7,39,PO3,FC6,8.380859478786883e-05
beta,438,7,40,PO3,FC4,7.49908893967256e-05
beta,439,7,41,PO3,FC2,8.658916040087461e-05
beta,440,7,42,PO3,AF8,7.890428385336803e-05
beta,441,7,43,PO3,FC1,6.463159517697668e-05
beta,442,7,44,PO3,FC3,6.382327903837097e-05
beta,443,7,45,PO3,FC5,7.10250751554296e-05
beta,444,7,46,PO3,FT7,6.214476816076338e-05
beta,445,7,47,PO3,F8,6.994997399666439e-05
beta,446,7,48,PO3,F6,8.609634950381159e-05
beta,447,7,49,PO3,F4,7.589932414576047e-05
beta,448,7,50,PO3,F2,8.213409638253085e-05
beta,449,7,51,PO3,Fz,8.080036055161925e-05
beta,450,7,52,PO3,F1,8.051819791127744e-05
beta,451,7,53,PO3,F3,7.940605142256829e-05
beta,452,7,54,PO3,F5,7.287557875397942e-05
beta,453,7,55,PO3,F7,6.965906068947503e-05
beta,454,7,56,PO3,AF4,7.120443322317178e-05
beta,455,7,57,PO3,AF7,8.526314475936298e-05
beta,456,7,58,PO3,AF3,8.631603937866957e-05
beta,457,7,59,PO3,Fp2,7.19695118133753e-05
beta,458,7,60,PO3,Fpz,8.078500144202182e-05
beta,459,7,61,PO3,Fp1,8.037853270734874e-05
beta,460,8,9,PO7,P8,7.759078548833633e-05
beta,461,8,10,PO7,P6,7.517948598292337e-05
beta,462,8,11,PO7,P4,8.010613117496491e-05
beta,463,8,12,PO7,P2,8.288436552192489e-05
beta,464,8,13,PO7,Pz,8.984363614186798e-05
beta,465,8,14,PO7,P1,9.024850710321271e-05
beta,466,8,15,PO7,P3,8.4348569906374e-05
beta,467,8,16,PO7,P5,7.935545735255318e-05
beta,468,8,17,PO7,P7,8.52072722481976e-05
beta,469,8,18,PO7,TP10,8.096051770809476e-05
beta,470,8,19,PO7,TP8,6.729817273432408e-05
beta,471,8,20,PO7,CP6,7.584191602326128e-05
beta,472,8,21,PO7,CP4,8.388333354358835e-05
beta,473,8,22,PO7,CP2,7.910303149064824e-05
beta,474,8,23,PO7,CPz,9.261329703034551e-05
beta,475,8,24,PO7,CP1,9.937981783367486e-05
beta,476,8,25,PO7,CP3,9.547226978639888e-05
beta,477,8,26,PO7,CP5,8.345833562443474e-05
beta,478,8,27,PO7,TP7,8.852811230868185e-05
beta,479,8,28,PO7,TP9,9.793776508625312e-05
beta,480,8,29,PO7,T8,7.10293743774926e-05
beta,481,8,30,PO7,C6,6.719723313555818e-05
beta,482,8,31,PO7,C4,8.317807289450592e-05
beta,483,8,32,PO7,C2,8.089627091094623e-05
beta,484,8,33,PO7,Cz,9.302790698593101e-05
beta,485,8,34,PO7,C1,9.03163300722847e-05
beta,486,8,35,PO7,C3,8.029472181132143e-05
beta,487,8,36,PO7,C5,7.407542749666433e-05
beta,488,8,37,PO7,T7,8.77949646394415e-05
beta,489,8,38,PO7,FT8,7.913156557938118e-05
beta,490,8,39,PO7,FC6,7.623567784318762e-05
beta,491,8,40,PO7,FC4,6.855139849663706e-05
beta,492,8,41,PO7,FC2,7.649017155781114e-05
beta,493,8,42,PO7,AF8,8.61710377927973e-05
beta,494,8,43,PO7,FC1,7.844327727035297e-05
beta,495,8,44,PO7,FC3,6.889462226882168e-05
beta,496,8,45,PO7,FC5,7.074602406557175e-05
beta,497,8,46,PO7,FT7,8.138070870981952e-05
beta,498,8,47,PO7,F8,6.64715182587578e-05
beta,499,8,48,PO7,F6,8.237149152712152e-05
beta,500,8,49,PO7,F4,7.537808234523772e-05
beta,501,8,50,PO7,F2,8.174003118563823e-05
beta,502,8,51,PO7,Fz,8.622088724243479e-05
beta,503,8,52,PO7,F1,8.318808182631285e-05
beta,504,8,53,PO7,F3,8.079204496272957e-05
beta,505,8,54,PO7,F5,8.30868756166229e-05
beta,506,8,55,PO7,F7,8.054697918558365e-05
beta,507,8,56,PO7,AF4,7.644154538483103e-05
beta,508,8,57,PO7,AF7,8.834421533577145e-05
beta,509,8,58,PO7,AF3,8.27585334658767e-05
beta,510,8,59,PO7,Fp2,5.6582230440040085e-05
beta,511,8,60,PO7,Fpz,7.655117999089492e-05
beta,512,8,61,PO7,Fp1,7.929801741066431e-05
beta,513,9,10,P8,P6,9.685310796871417e-05
beta,514,9,11,P8,P4,9.622884650141194e-05
beta,515,9,12,P8,P2,8.971697384501809e-05
beta,516,9,13,P8,Pz,7.873630062801756e-05
beta,517,9,14,P8,P1,6.629771606017916e-05
beta,518,9,15,P8,P3,6.444397237995097e-05
beta,519,9,16,P8,P5,6.64708958058372e-05
beta,520,9,17,P8,P7,6.826230278404723e-05
beta,521,9,18,P8,TP10,8.338478644490868e-05
beta,522,9,19,P8,TP8,6.82933919746544e-05
beta,523,9,20,P8,CP6,9.871248744596857e-05
beta,524,9,21,P8,CP4,0.00011908403420147169
beta,525,9,22,P8,CP2,0.00010145345424226277
beta,526,9,23,P8,CPz,8.425496959624973e-05
beta,527,9,24,P8,CP1,8.04189517544875e-05
beta,528,9,25,P8,CP3,6.505229034229345e-05
beta,529,9,26,P8,CP5,7.58694739645238e-05
beta,530,9,27,P8,TP7,7.43673486682449e-05
beta,531,9,28,P8,TP9,8.13526677275803e-05
beta,532,9,29,P8,T8,6.870118666916003e-05
beta,533,9,30,P8,C6,8.171035194766909e-05
beta,534,9,31,P8,C4,0.00010359749462633292
beta,535,9,32,P8,C2,9.138522068086129e-05
beta,536,9,33,P8,Cz,8.241670914720776e-05
beta,537,9,34,P8,C1,8.67842316200329e-05
beta,538,9,35,P8,C3,5.625247798780266e-05
beta,539,9,36,P8,C5,7.167301565794344e-05
beta,540,9,37,P8,T7,7.454209245973497e-05
beta,541,9,38,P8,FT8,8.066452236904248e-05
beta,542,9,39,P8,FC6,7.153451808267811e-05
beta,543,9,40,P8,FC4,7.745217645981199e-05
beta,544,9,41,P8,FC2,7.56409914335833e-05
beta,545,9,42,P8,AF8,7.99683591032047e-05
beta,546,9,43,P8,FC1,7.505909091819412e-05
beta,547,9,44,P8,FC3,7.379966044709612e-05
beta,548,9,45,P8,FC5,7.889062130697584e-05
beta,549,9,46,P8,FT7,7.375466866287136e-05
beta,550,9,47,P8,F8,7.80715590120296e-05
beta,551,9,48,P8,F6,7.178434506079792e-05
beta,552,9,49,P8,F4,7.225081760270748e-05
beta,553,9,50,P8,F2,8.301634099849008e-05
beta,554,9,51,P8,Fz,7.91156328701439e-05
beta,555,9,52,P8,F1,7.667071024609938e-05
beta,556,9,53,P8,F3,6.291919867960777e-05
beta,557,9,54,P8,F5,8.3258684811345e-05
beta,558,9,55,P8,F7,7.968524877314607e-05
beta,559,9,56,P8,AF4,8.00977413733061e-05
beta,560,9,57,P8,AF7,6.838582496805368e-05
beta,561,9,58,P8,AF3,7.442797917239063e-05
beta,562,9,59,P8,Fp2,6.820185702408848e-05
beta,563,9,60,P8,Fpz,6.989678232859608e-05
beta,564,9,61,P8,Fp1,6.492759265559033e-05
beta,565,10,11,P6,P4,9.620582035228495e-05
beta,566,10,12,P6,P2,8.489738392128193e-05
beta,567,10,13,P6,Pz,7.77183923010588e-05
beta,568,10,14,P6,P1,6.770917791072914e-05
beta,569,10,15,P6,P3,7.573725086794141e-05
beta,570,10,16,P6,P5,6.784742077292382e-05
beta,571,10,17,P6,P7,6.912306315020136e-05
beta,572,10,18,P6,TP10,7.882319642574695e-05
beta,573,10,19,P6,TP8,8.829316958985625e-05
beta,574,10,20,P6,CP6,9.253243036806119e-05
beta,575,10,21,P6,CP4,0.00010970727302054518
beta,576,10,22,P6,CP2,8.983490013194555e-05
beta,577,10,23,P6,CPz,9.271528620461166e-05
beta,578,10,24,P6,CP1,8.46588760542848e-05
beta,579,10,25,P6,CP3,7.031404480288074e-05
beta,580,10,26,P6,CP5,7.576350047951551e-05
beta,581,10,27,P6,TP7,7.456275771476587e-05
beta,582,10,28,P6,TP9,7.08283352532964e-05
beta,583,10,29,P6,T8,7.197279490764605e-05
beta,584,10,30,P6,C6,9.402012943803883e-05
beta,585,10,31,P6,C4,0.00011055548519034153
beta,586,10,32,P6,C2,9.321796938896514e-05
beta,587,10,33,P6,Cz,8.692797306684808e-05
beta,588,10,34,P6,C1,8.662193799370769e-05
beta,589,10,35,P6,C3,5.462319393975989e-05
beta,590,10,36,P6,C5,7.000479177804366e-05
beta,591,10,37,P6,T7,7.420823417349658e-05
beta,592,10,38,P6,FT8,7.948015388438831e-05
beta,593,10,39,P6,FC6,9.155668686142915e-05
beta,594,10,40,P6,FC4,0.00010197034360464021
beta,595,10,41,P6,FC2,7.811877035434958e-05
beta,596,10,42,P6,AF8,8.742584354888981e-05
beta,597,10,43,P6,FC1,6.722466838130701e-05
beta,598,10,44,P6,FC3,6.547293006408482e-05
beta,599,10,45,P6,FC5,7.39087315717247e-05
beta,600,10,46,P6,FT7,6.983392541150174e-05
beta,601,10,47,P6,F8,7.98746189275047e-05
beta,602,10,48,P6,F6,8.625241393737419e-05
beta,603,10,49,P6,F4,8.253001441095515e-05
beta,604,10,50,P6,F2,7.505625321083305e-05
beta,605,10,51,P6,Fz,7.188884080368776e-05
beta,606,10,52,P6,F1,7.044802019542752e-05
beta,607,10,53,P6,F3,6.154228008642211e-05
beta,608,10,54,P6,F5,7.53012054002016e-05
beta,609,10,55,P6,F7,7.661786771131674e-05
beta,610,10,56,P6,AF4,9.263012844250088e-05
beta,611,10,57,P6,AF7,7.526556241334893e-05
beta,612,10,58,P6,AF3,5.790270751496356e-05
beta,613,10,59,P6,Fp2,8.97764289600091e-05
beta,614,10,60,P6,Fpz,8.18996671034126e-05
beta,615,10,61,P6,Fp1,7.978128531542194e-05
beta,616,11,12,P4,P2,6.9744894190661e-05
beta,617,11,13,P4,Pz,6.778807333858027e-05
beta,618,11,14,P4,P1,7.04824322772678e-05
beta,619,11,15,P4,P3,7.896496321719936e-05
beta,620,11,16,P4,P5,7.079267237918284e-05
beta,621,11,17,P4,P7,7.499506407878848e-05
beta,622,11,18,P4,TP10,8.021382157905423e-05
beta,623,11,19,P4,TP8,9.08074733380835e-05
beta,624,11,20,P4,CP6,6.746466418754818e-05
beta,625,11,21,P4,CP4,0.00010420206721454707
beta,626,11,22,P4,CP2,9.87000116649173e-05
beta,627,11,23,P4,CPz,9.502426078433841e-05
beta,628,11,24,P4,CP1,8.946317592261352e-05
beta,629,11,25,P4,CP3,8.171855787198645e-05
beta,630,11,26,P4,CP5,6.882204691928756e-05
beta,631,11,27,P4,TP7,6.933844828776745e-05
beta,632,11,28,P4,TP9,6.919579568422335e-05
beta,633,11,29,P4,T8,7.360181391120838e-05
beta,634,11,30,P4,C6,7.831186265708605e-05
beta,635,11,31,P4,C4,0.00010898217737570056
beta,636,11,32,P4,C2,9.580810239090537e-05
beta,637,11,33,P4,Cz,8.029849721149219e-05
beta,638,11,34,P4,C1,8.741980556056844e-05
beta,639,11,35,P4,C3,6.805228196721076e-05
beta,640,11,36,P4,C5,6.715933477105094e-05
beta,641,11,37,P4,T7,7.237158867770431e-05
beta,642,11,38,P4,FT8,7.870709813341634e-05
beta,643,11,39,P4,FC6,9.779351330196443e-05
beta,644,11,40,P4,FC4,9.915876143733844e-05
beta,645,11,41,P4,FC2,7.640582942970268e-05
beta,646,11,42,P4,AF8,8.313429762972773e-05
beta,647,11,43,P4,FC1,6.988327856529371e-05
beta,648,11,44,P4,FC3,6.128195827664732e-05
beta,649,11,45,P4,FC5,6.893577629494081e-05
beta,650,11,46,P4,FT7,6.769082928100319e-05
beta,651,11,47,P4,F8,7.959259291935667e-05
beta,652,11,48,P4,F6,8.502183660315917e-05
beta,653,11,49,P4,F4,8.257840235009693e-05
beta,654,11,50,P4,F2,7.689941997744256e-05
beta,655,11,51,P4,Fz,7.275008797996505e-05
beta,656,11,52,P4,F1,8.259404443603305e-05
beta,657,11,53,P4,F3,7.430172966191548e-05
beta,658,11,54,P4,F5,7.210523342017544e-05
beta,659,11,55,P4,F7,7.121026630752965e-05
beta,660,11,56,P4,AF4,7.418685605526618e-05
beta,661,11,57,P4,AF7,7.430848356737226e-05
beta,662,11,58,P4,AF3,7.201141154238421e-05
beta,663,11,59,P4,Fp2,8.569424303992923e-05
beta,664,11,60,P4,Fpz,8.389610916048463e-05
beta,665,11,61,P4,Fp1,8.120588750539726e-05
beta,666,12,13,P2,Pz,7.072981175853491e-05
beta,667,12,14,P2,P1,7.377494866012587e-05
beta,668,12,15,P2,P3,8.936899414118986e-05
beta,669,12,16,P2,P5,7.761867993427064e-05
beta,670,12,17,P2,P7,8.184977096857259e-05
beta,671,12,18,P2,TP10,6.837858536071034e-05
beta,672,12,19,P2,TP8,7.28518394116227e-05
beta,673,12,20,P2,CP6,7.682999848135056e-05
beta,674,12,21,P2,CP4,7.475241982655646e-05
beta,675,12,22,P2,CP2,8.728734789963204e-05
beta,676,12,23,P2,CPz,8.895778332285296e-05
beta,677,12,24,P2,CP1,8.221152547340328e-05
beta,678,12,25,P2,CP3,8.539873435735082e-05
beta,679,12,26,P2,CP5,7.516319890415566e-05
beta,680,12,27,P2,TP7,7.57198522798442e-05
beta,681,12,28,P2,TP9,7.357659711028112e-05
beta,682,12,29,P2,T8,7.078712617832297e-05
beta,683,12,30,P2,C6,7.353607544097333e-05
beta,684,12,31,P2,C4,9.622384424358944e-05
beta,685,12,32,P2,C2,9.694958497146021e-05
beta,686,12,33,P2,Cz,9.199550165293248e-05
beta,687,12,34,P2,C1,8.624795863765423e-05
beta,688,12,35,P2,C3,7.043247249954819e-05
beta,689,12,36,P2,C5,7.530393758729546e-05
beta,690,12,37,P2,T7,7.106531294129187e-05
beta,691,12,38,P2,FT8,7.42576934217338e-05
beta,692,12,39,P2,FC6,8.186983464205199e-05
beta,693,12,40,P2,FC4,8.438929934823555e-05
beta,694,12,41,P2,FC2,8.082397690402037e-05
beta,695,12,42,P2,AF8,8.728967654851683e-05
beta,696,12,43,P2,FC1,7.778272345048494e-05
beta,697,12,44,P2,FC3,6.534679398243393e-05
beta,698,12,45,P2,FC5,7.831999130764623e-05
beta,699,12,46,P2,FT7,7.269568525292551e-05
beta,700,12,47,P2,F8,7.410964248308102e-05
beta,701,12,48,P2,F6,7.936746136420276e-05
beta,702,12,49,P2,F4,8.024628718798232e-05
beta,703,12,50,P2,F2,8.51396630943445e-05
beta,704,12,51,P2,Fz,8.003465425874569e-05
beta,705,12,52,P2,F1,7.666098362503718e-05
beta,706,12,53,P2,F3,7.320234493864565e-05
beta,707,12,54,P2,F5,9.289591595019657e-05
beta,708,12,55,P2,F7,9.049538052470485e-05
beta,709,12,56,P2,AF4,8.008216560895804e-05
beta,710,12,57,P2,AF7,8.352862537027065e-05
beta,711,12,58,P2,AF3,8.105562301091948e-05
beta,712,12,59,P2,Fp2,7.02588918209824e-05
beta,713,12,60,P2,Fpz,8.052384639069034e-05
beta,714,12,61,P2,Fp1,7.699769816485086e-05
beta,715,13,14,Pz,P1,7.674315335517713e-05
beta,716,13,15,Pz,P3,9.731853032493203e-05
beta,717,13,16,Pz,P5,9.275515841040276e-05
beta,718,13,17,Pz,P7,9.652060684117299e-05
beta,719,13,18,Pz,TP10,5.79668134715009e-05
beta,720,13,19,Pz,TP8,6.266403476912396e-05
beta,721,13,20,Pz,CP6,6.902168624614032e-05
beta,722,13,21,Pz,CP4,7.714537921368101e-05
beta,723,13,22,Pz,CP2,9.201791830319997e-05
beta,724,13,23,Pz,CPz,7.772241529761311e-05
beta,725,13,24,Pz,CP1,7.753517816824209e-05
beta,726,13,25,Pz,CP3,8.727555409233618e-05
beta,727,13,26,Pz,CP5,9.386945190551176e-05
beta,728,13,27,Pz,TP7,8.879040934895238e-05
beta,729,13,28,Pz,TP9,7.15424897074728e-05
beta,730,13,29,Pz,T8,6.908583593954197e-05
beta,731,13,30,Pz,C6,7.481307898356203e-05
beta,732,13,31,Pz,C4,9.096191571995678e-05
beta,733,13,32,Pz,C2,8.457112374121775e-05
beta,734,13,33,Pz,Cz,7.499207241780399e-05
beta,735,13,34,Pz,C1,8.031356097652236e-05
beta,736,13,35,Pz,C3,8.161426350789317e-05
beta,737,13,36,Pz,C5,8.537892881785783e-05
beta,738,13,37,Pz,T7,7.990150862175115e-05
beta,739,13,38,Pz,FT8,8.319602104456006e-05
beta,740,13,39,Pz,FC6,9.147757029865236e-05
beta,741,13,40,Pz,FC4,6.734098844715735e-05
beta,742,13,41,Pz,FC2,9.586016819403751e-05
beta,743,13,42,Pz,AF8,9.291607397702156e-05
beta,744,13,43,Pz,FC1,7.713981878446992e-05
beta,745,13,44,Pz,FC3,7.193444690516068e-05
beta,746,13,45,Pz,FC5,6.668001036443309e-05
beta,747,13,46,Pz,FT7,6.581474968639623e-05
beta,748,13,47,Pz,F8,7.123672217219102e-05
beta,749,13,48,Pz,F6,8.416868658911824e-05
beta,750,13,49,Pz,F4,8.439346129165638e-05
beta,751,13,50,Pz,F2,9.333606311021356e-05
beta,752,13,51,Pz,Fz,7.826837625289432e-05
beta,753,13,52,Pz,F1,6.846545083788192e-05
beta,754,13,53,Pz,F3,7.159194242671112e-05
beta,755,13,54,Pz,F5,7.247164900690936e-05
beta,756,13,55,Pz,F7,7.710529067651448e-05
beta,757,13,56,Pz,AF4,7.86893471148012e-05
beta,758,13,57,Pz,AF7,7.705789051494618e-05
beta,759,13,58,Pz,AF3,6.658194874037239e-05
beta,760,13,59,Pz,Fp2,8.644449942352894e-05
beta,761,13,60,Pz,Fpz,8.205038387286232e-05
beta,762,13,61,Pz,Fp1,7.457829024305857e-05
beta,763,14,15,P1,P3,9.898031527284641e-05
beta,764,14,16,P1,P5,0.00010443878680575314
beta,765,14,17,P1,P7,0.00010024921338782017
beta,766,14,18,P1,TP10,6.1009335418885136e-05
beta,767,14,19,P1,TP8,5.286077993300066e-05
beta,768,14,20,P1,CP6,7.447855952241987e-05
beta,769,14,21,P1,CP4,9.189265012818221e-05
beta,770,14,22,P1,CP2,8.668772174998563e-05
beta,771,14,23,P1,CPz,8.397494845190026e-05
beta,772,14,24,P1,CP1,8.147766859298942e-05
beta,773,14,25,P1,CP3,8.000300203418109e-05
beta,774,14,26,P1,CP5,0.0001017158303860512
beta,775,14,27,P1,TP7,9.179783120993584e-05
beta,776,14,28,P1,TP9,8.12907764105152e-05
beta,777,14,29,P1,T8,6.836698787073251e-05
beta,778,14,30,P1,C6,7.737884361654314e-05
beta,779,14,31,P1,C4,9.984628830651716e-05
beta,780,14,32,P1,C2,8.344528650651633e-05
beta,781,14,33,P1,Cz,7.237510603598803e-05
beta,782,14,34,P1,C1,7.914866126905024e-05
beta,783,14,35,P1,C3,7.584033492542003e-05
beta,784,14,36,P1,C5,8.369007221446662e-05
beta,785,14,37,P1,T7,8.45000521456316e-05
beta,786,14,38,P1,FT8,7.616671649632359e-05
beta,787,14,39,P1,FC6,8.683200116913941e-05
beta,788,14,40,P1,FC4,7.23263559373523e-05
beta,789,14,41,P1,FC2,9.343555207248764e-05
beta,790,14,42,P1,AF8,8.759302357581795e-05
beta,791,14,43,P1,FC1,7.553775692911192e-05
beta,792,14,44,P1,FC3,6.697192065640694e-05
beta,793,14,45,P1,FC5,6.51941262970839e-05
beta,794,14,46,P1,FT7,7.601101872120998e-05
beta,795,14,47,P1,F8,7.597967156269379e-05
beta,796,14,48,P1,F6,7.654829942891119e-05
beta,797,14,49,P1,F4,7.397472081561372e-05
beta,798,14,50,P1,F2,9.531387589558939e-05
beta,799,14,51,P1,Fz,9.077880217374124e-05
beta,800,14,52,P1,F1,8.263260465879853e-05
beta,801,14,53,P1,F3,7.968637072632046e-05
beta,802,14,54,P1,F5,6.90904480879553e-05
beta,803,14,55,P1,F7,6.538844659807703e-05
beta,804,14,56,P1,AF4,6.915482125340687e-05
beta,805,14,57,P1,AF7,8.292586881450348e-05
beta,806,14,58,P1,AF3,6.75181735412363e-05
beta,807,14,59,P1,Fp2,8.100608029177295e-05
beta,808,14,60,P1,Fpz,8.23639219585744e-05
beta,809,14,61,P1,Fp1,7.639711142258904e-05
beta,810,15,16,P3,P5,8.416718667679164e-05
beta,811,15,17,P3,P7,8.542136186381304e-05
beta,812,15,18,P3,TP10,7.010332356966834e-05
beta,813,15,19,P3,TP8,6.963954094449464e-05
beta,814,15,20,P3,CP6,7.66704352402302e-05
beta,815,15,21,P3,CP4,8.808130345791187e-05
beta,816,15,22,P3,CP2,8.621354515521858e-05
beta,817,15,23,P3,CPz,9.882989301037864e-05
beta,818,15,24,P3,CP1,0.00010508659322715894
beta,819,15,25,P3,CP3,8.730762321485976e-05
beta,820,15,26,P3,CP5,8.160015134786074e-05
beta,821,15,27,P3,TP7,8.435294735986766e-05
beta,822,15,28,P3,TP9,7.325879623090517e-05
beta,823,15,29,P3,T8,6.894295163990363e-05
beta,824,15,30,P3,C6,7.614331018113831e-05
beta,825,15,31,P3,C4,8.704137217041056e-05
beta,826,15,32,P3,C2,9.278503452922666e-05
beta,827,15,33,P3,Cz,8.151633670874893e-05
beta,828,15,34,P3,C1,9.255603725568195e-05
beta,829,15,35,P3,C3,8.179980120756954e-05
beta,830,15,36,P3,C5,8.527187240419515e-05
beta,831,15,37,P3,T7,7.535708583958471e-05
beta,832,15,38,P3,FT8,6.42253396644865e-05
beta,833,15,39,P3,FC6,7.961526995984699e-05
beta,834,15,40,P3,FC4,7.263372938692172e-05
beta,835,15,41,P3,FC2,8.22063558843146e-05
beta,836,15,42,P3,AF8,7.761794715227124e-05
beta,837,15,43,P3,FC1,6.988809366411056e-05
beta,838,15,44,P3,FC3,6.95746456836997e-05
beta,839,15,45,P3,FC5,7.291183268550476e-05
beta,840,15,46,P3,FT7,7.69566137538925e-05
beta,841,15,47,P3,F8,7.020595512947884e-05
beta,842,15,48,P3,F6,7.053898809893124e-05
beta,843,15,49,P3,F4,6.422531675079663e-05
beta,844,15,50,P3,F2,7.559165087611822e-05
beta,845,15,51,P3,Fz,8.327158672910624e-05
beta,846,15,52,P3,F1,7.796985998495425e-05
beta,847,15,53,P3,F3,7.746590577209324e-05
beta,848,15,54,P3,F5,6.68847821657168e-05
beta,849,15,55,P3,F7,6.269330327051485e-05
beta,850,15,56,P3,AF4,5.9055704058362456e-05
beta,851,15,57,P3,AF7,6.764297208721075e-05
beta,852,15,58,P3,AF3,7.441842217930432e-05
beta,853,15,59,P3,Fp2,7.36068606449354e-05
beta,854,15,60,P3,Fpz,7.008168510433525e-05
beta,855,15,61,P3,Fp1,7.168839793061756e-05
beta,856,16,17,P5,P7,7.65147492252535e-05
beta,857,16,18,P5,TP10,8.033007185963967e-05
beta,858,16,19,P5,TP8,6.717024405021357e-05
beta,859,16,20,P5,CP6,7.619740536569643e-05
beta,860,16,21,P5,CP4,7.702594285161201e-05
beta,861,16,22,P5,CP2,7.951196168903725e-05
beta,862,16,23,P5,CPz,0.0001232692322736053
beta,863,16,24,P5,CP1,0.0001238949749841644
beta,864,16,25,P5,CP3,0.00011540903298031266
beta,865,16,26,P5,CP5,7.364316212294202e-05
beta,866,16,27,P5,TP7,9.494052261330965e-05
beta,867,16,28,P5,TP9,8.020019556454006e-05
beta,868,16,29,P5,T8,7.14634860101169e-05
beta,869,16,30,P5,C6,7.523439440901626e-05
beta,870,16,31,P5,C4,7.912077061414562e-05
beta,871,16,32,P5,C2,8.791545055350381e-05
beta,872,16,33,P5,Cz,9.165714576192507e-05
beta,873,16,34,P5,C1,9.644795568084183e-05
beta,874,16,35,P5,C3,9.098102866952325e-05
beta,875,16,36,P5,C5,7.727616080625412e-05
beta,876,16,37,P5,T7,9.303705194655152e-05
beta,877,16,38,P5,FT8,6.260917663893785e-05
beta,878,16,39,P5,FC6,7.30748724494825e-05
beta,879,16,40,P5,FC4,7.161330131841279e-05
beta,880,16,41,P5,FC2,8.626584591467604e-05
beta,881,16,42,P5,AF8,8.024935429325376e-05
beta,882,16,43,P5,FC1,7.131662028520955e-05
beta,883,16,44,P5,FC3,8.304220765722605e-05
beta,884,16,45,P5,FC5,7.425429160718973e-05
beta,885,16,46,P5,FT7,8.269870421962691e-05
beta,886,16,47,P5,F8,6.67340300760767e-05
beta,887,16,48,P5,F6,6.831782963080693e-05
beta,888,16,49,P5,F4,6.562686130240468e-05
beta,889,16,50,P5,F2,7.565613348600023e-05
beta,890,16,51,P5,Fz,8.459849074671661e-05
beta,891,16,52,P5,F1,8.151736017537568e-05
beta,892,16,53,P5,F3,7.980530172494781e-05
beta,893,16,54,P5,F5,8.08903207704106e-05
beta,894,16,55,P5,F7,8.375041250788164e-05
beta,895,16,56,P5,AF4,6.491333863585934e-05
beta,896,16,57,P5,AF7,7.270484545892057e-05
beta,897,16,58,P5,AF3,7.489215769524015e-05
beta,898,16,59,P5,Fp2,6.408376521844631e-05
beta,899,16,60,P5,Fpz,6.857113900558476e-05
beta,900,16,61,P5,Fp1,8.137039744257946e-05
beta,901,17,18,P7,TP10,8.561663540517669e-05
beta,902,17,19,P7,TP8,7.337825817211521e-05
beta,903,17,20,P7,CP6,8.313456513853827e-05
beta,904,17,21,P7,CP4,7.530240825771911e-05
beta,905,17,22,P7,CP2,7.131706847743587e-05
beta,906,17,23,P7,CPz,0.00011294290350767915
beta,907,17,24,P7,CP1,0.00011907767644631141
beta,908,17,25,P7,CP3,0.00010054474906068063
beta,909,17,26,P7,CP5,7.731990777060141e-05
beta,910,17,27,P7,TP7,9.643516081129342e-05
beta,911,17,28,P7,TP9,7.9986521454843e-05
beta,912,17,29,P7,T8,6.412146190564521e-05
beta,913,17,30,P7,C6,7.873566164448696e-05
beta,914,17,31,P7,C4,6.53533120208933e-05
beta,915,17,32,P7,C2,7.727111896183321e-05
beta,916,17,33,P7,Cz,8.766557656984251e-05
beta,917,17,34,P7,C1,0.00010126132318203103
beta,918,17,35,P7,C3,0.00010067423976884405
beta,919,17,36,P7,C5,7.821516182713108e-05
beta,920,17,37,P7,T7,0.00011198496395734456
beta,921,17,38,P7,FT8,7.500718539788992e-05
beta,922,17,39,P7,FC6,8.223251284689094e-05
beta,923,17,40,P7,FC4,7.997621222535412e-05
beta,924,17,41,P7,FC2,6.76006300190248e-05
beta,925,17,42,P7,AF8,8.025105744337402e-05
beta,926,17,43,P7,FC1,7.079447787803692e-05
beta,927,17,44,P7,FC3,9.023391440476873e-05
beta,928,17,45,P7,FC5,8.231104710030482e-05
beta,929,17,46,P7,FT7,9.46203373331016e-05
beta,930,17,47,P7,F8,6.907653130732885e-05
beta,931,17,48,P7,F6,8.46674187493046e-05
beta,932,17,49,P7,F4,7.722913696844708e-05
beta,933,17,50,P7,F2,7.280264274388853e-05
beta,934,17,51,P7,Fz,8.012927535123029e-05
beta,935,17,52,P7,F1,8.779429822722692e-05
beta,936,17,53,P7,F3,8.329272621291295e-05
beta,937,17,54,P7,F5,9.302081299920358e-05
beta,938,17,55,P7,F7,9.394226940528556e-05
beta,939,17,56,P7,AF4,7.676410120286245e-05
beta,940,17,57,P7,AF7,8.634595499556286e-05
beta,941,17,58,P7,AF3,8.463799087288779e-05
beta,942,17,59,P7,Fp2,6.522065597565716e-05
beta,943,17,60,P7,Fpz,8.412950279099334e-05
beta,944,17,61,P7,Fp1,8.162702651533524e-05
beta,945,18,19,TP10,TP8,8.682781072271531e-05
beta,946,18,20,TP10,CP6,9.776756760091514e-05
beta,947,18,21,TP10,CP4,0.0001024651180000401
beta,948,18,22,TP10,CP2,9.81427431123271e-05
beta,949,18,23,TP10,CPz,7.830555166617699e-05
beta,950,18,24,TP10,CP1,6.721995869632833e-05
beta,951,18,25,TP10,CP3,9.331495223125119e-05
beta,952,18,26,TP10,CP5,7.608233729234073e-05
beta,953,18,27,TP10,TP7,6.22908113145701e-05
beta,954,18,28,TP10,TP9,5.9296592721552676e-05
beta,955,18,29,TP10,T8,8.146916143789493e-05
beta,956,18,30,TP10,C6,0.00015855869026587264
beta,957,18,31,TP10,C4,9.58315444702506e-05
beta,958,18,32,TP10,C2,7.01010416147713e-05
beta,959,18,33,TP10,Cz,8.740298166418551e-05
beta,960,18,34,TP10,C1,7.19293143293449e-05
beta,961,18,35,TP10,C3,6.91818719744528e-05
beta,962,18,36,TP10,C5,5.525339232287105e-05
beta,963,18,37,TP10,T7,6.333379514365103e-05
beta,964,18,38,TP10,FT8,0.00010077450539068276
beta,965,18,39,TP10,FC6,0.00010452677416604309
beta,966,18,40,TP10,FC4,7.977605005189338e-05
beta,967,18,41,TP10,FC2,7.182816883293574e-05
beta,968,18,42,TP10,AF8,8.173482033866805e-05
beta,969,18,43,TP10,FC1,9.478472205603949e-05
beta,970,18,44,TP10,FC3,6.597222593360221e-05
beta,971,18,45,TP10,FC5,7.23290344280106e-05
beta,972,18,46,TP10,FT7,7.458971185283006e-05
beta,973,18,47,TP10,F8,9.08413908050321e-05
beta,974,18,48,TP10,F6,8.768182188365486e-05
beta,975,18,49,TP10,F4,7.274249608060201e-05
beta,976,18,50,TP10,F2,6.383744362426047e-05
beta,977,18,51,TP10,Fz,8.161555338418724e-05
beta,978,18,52,TP10,F1,8.38102176977738e-05
beta,979,18,53,TP10,F3,7.644908295635141e-05
beta,980,18,54,TP10,F5,7.483737068117362e-05
beta,981,18,55,TP10,F7,7.737773877040817e-05
beta,982,18,56,TP10,AF4,7.474006336907222e-05
beta,983,18,57,TP10,AF7,7.574608404742969e-05
beta,984,18,58,TP10,AF3,9.12572719951083e-05
beta,985,18,59,TP10,Fp2,7.20717685196241e-05
beta,986,18,60,TP10,Fpz,7.708492991326757e-05
beta,987,18,61,TP10,Fp1,6.475825704135441e-05
beta,988,19,20,TP8,CP6,0.0001057128927711378
beta,989,19,21,TP8,CP4,9.890670445680267e-05
beta,990,19,22,TP8,CP2,0.00010079602491436047
beta,991,19,23,TP8,CPz,8.827706298400408e-05
beta,992,19,24,TP8,CP1,7.251209734218494e-05
beta,993,19,25,TP8,CP3,7.033946204180879e-05
beta,994,19,26,TP8,CP5,7.244891509596708e-05
beta,995,19,27,TP8,TP7,6.713849863672168e-05
beta,996,19,28,TP8,TP9,6.638094040661406e-05
beta,997,19,29,TP8,T8,0.00011633855444733633
beta,998,19,30,TP8,C6,0.00013898822921163683
beta,999,19,31,TP8,C4,9.96245818934806e-05
beta,1000,19,32,TP8,C2,7.770694472184232e-05
beta,1001,19,33,TP8,Cz,9.934371556895546e-05
beta,1002,19,34,TP8,C1,8.271185014378451e-05
beta,1003,19,35,TP8,C3,6.987829317551424e-05
beta,1004,19,36,TP8,C5,6.789555580797541e-05
beta,1005,19,37,TP8,T7,6.862366093707262e-05
beta,1006,19,38,TP8,FT8,7.508312855364214e-05
beta,1007,19,39,TP8,FC6,7.606901399129428e-05
beta,1008,19,40,TP8,FC4,7.309300105716771e-05
beta,1009,19,41,TP8,FC2,7.389337730147627e-05
beta,1010,19,42,TP8,AF8,8.108200709716549e-05
beta,1011,19,43,TP8,FC1,8.387843665795379e-05
beta,1012,19,44,TP8,FC3,7.068816086639595e-05
beta,1013,19,45,TP8,FC5,7.9298944848307e-05
beta,1014,19,46,TP8,FT7,7.410397027700969e-05
beta,1015,19,47,TP8,F8,7.803278293394965e-05
beta,1016,19,48,TP8,F6,7.031652382988433e-05
beta,1017,19,49,TP8,F4,6.940072471513695e-05
beta,1018,19,50,TP8,F2,5.86800199704378e-05
beta,1019,19,51,TP8,Fz,6.205238696416566e-05
beta,1020,19,52,TP8,F1,8.111197463365922e-05
beta,1021,19,53,TP8,F3,7.315798713231327e-05
beta,1022,19,54,TP8,F5,7.418962251934172e-05
beta,1023,19,55,TP8,F7,8.117041613194319e-05
beta,1024,19,56,TP8,AF4,7.266683522627405e-05
beta,1025,19,57,TP8,AF7,6.07340099769648e-05
beta,1026,19,58,TP8,AF3,6.667372109703334e-05
beta,1027,19,59,TP8,Fp2,6.179371487828589e-05
beta,1028,19,60,TP8,Fpz,6.37313842290241e-05
beta,1029,19,61,TP8,Fp1,5.6578951437109924e-05
beta,1030,20,21,CP6,CP4,9.727120010767534e-05
beta,1031,20,22,CP6,CP2,9.183329568944717e-05
beta,1032,20,23,CP6,CPz,8.898733798140165e-05
beta,1033,20,24,CP6,CP1,7.930012182046838e-05
beta,1034,20,25,CP6,CP3,7.761113415201614e-05
beta,1035,20,26,CP6,CP5,7.363362665527417e-05
beta,1036,20,27,CP6,TP7,7.618520899876315e-05
beta,1037,20,28,CP6,TP9,7.116726345174763e-05
beta,1038,20,29,CP6,T8,0.0001110317903248411
beta,1039,20,30,CP6,C6,7.588695443855306e-05
beta,1040,20,31,CP6,C4,0.00011235087311266514
beta,1041,20,32,CP6,C2,0.00010080375001042981
beta,1042,20,33,CP6,Cz,9.966155952736316e-05
beta,1043,20,34,CP6,C1,9.045205256552231e-05
beta,1044,20,35,CP6,C3,7.809021581846865e-05
beta,1045,20,36,CP6,C5,5.915117304063121e-05
beta,1046,20,37,CP6,T7,6.002757587916863e-05
beta,1047,20,38,CP6,FT8,8.650264360168562e-05
beta,1048,20,39,CP6,FC6,8.504045869292682e-05
beta,1049,20,40,CP6,FC4,0.00010511573894483382
beta,1050,20,41,CP6,FC2,8.878450075901829e-05
beta,1051,20,42,CP6,AF8,0.00010136697729282759
beta,1052,20,43,CP6,FC1,9.467997955602049e-05
beta,1053,20,44,CP6,FC3,7.003701748065296e-05
beta,1054,20,45,CP6,FC5,6.24742099064123e-05
beta,1055,20,46,CP6,FT7,6.447040157547559e-05
beta,1056,20,47,CP6,F8,7.120418376697026e-05
beta,1057,20,48,CP6,F6,8.155113817852315e-05
beta,1058,20,49,CP6,F4,9.594682491706022e-05
beta,1059,20,50,CP6,F2,8.98761410021018e-05
beta,1060,20,51,CP6,Fz,8.630912565576963e-05
beta,1061,20,52,CP6,F1,9.029884473997282e-05
beta,1062,20,53,CP6,F3,6.746137572139533e-05
beta,1063,20,54,CP6,F5,7.260487377649008e-05
beta,1064,20,55,CP6,F7,7.314823948009138e-05
beta,1065,20,56,CP6,AF4,9.628131721034394e-05
beta,1066,20,57,CP6,AF7,8.065807787565463e-05
beta,1067,20,58,CP6,AF3,7.350711337658788e-05
beta,1068,20,59,CP6,Fp2,8.555033332095321e-05
beta,1069,20,60,CP6,Fpz,7.855940984128818e-05
beta,1070,20,61,CP6,Fp1,8.007471994453164e-05
beta,1071,21,22,CP4,CP2,8.917610013806487e-05
beta,1072,21,23,CP4,CPz,8.784363829216015e-05
beta,1073,21,24,CP4,CP1,8.235665078901298e-05
beta,1074,21,25,CP4,CP3,8.924811104621148e-05
beta,1075,21,26,CP4,CP5,8.371333616124015e-05
beta,1076,21,27,CP4,TP7,6.513822812209413e-05
beta,1077,21,28,CP4,TP9,5.6512415894755785e-05
beta,1078,21,29,CP4,T8,8.85742263267919e-05
beta,1079,21,30,CP4,C6,7.921921566655731e-05
beta,1080,21,31,CP4,C4,0.00011313907781946688
beta,1081,21,32,CP4,C2,0.0001053271440199163
beta,1082,21,33,CP4,Cz,9.236779761991405e-05
beta,1083,21,34,CP4,C1,7.833474866755204e-05
beta,1084,21,35,CP4,C3,8.556928661685988e-05
beta,1085,21,36,CP4,C5,6.478633035944901e-05
beta,1086,21,37,CP4,T7,6.0819572558249864e-05
beta,1087,21,38,CP4,FT8,7.725116303154854e-05
beta,1088,21,39,CP4,FC6,8.033232216475856e-05
beta,1089,21,40,CP4,FC4,9.999580348227637e-05
beta,1090,21,41,CP4,FC2,8.689256514056521e-05
beta,1091,21,42,CP4,AF8,8.22215209933941e-05
beta,1092,21,43,CP4,FC1,9.107383713026149e-05
beta,1093,21,44,CP4,FC3,8.330949079493429e-05
beta,1094,21,45,CP4,FC5,6.817054350726996e-05
beta,1095,21,46,CP4,FT7,7.481673744191612e-05
beta,1096,21,47,CP4,F8,7.492759739988719e-05
beta,1097,21,48,CP4,F6,8.135745450116362e-05
beta,1098,21,49,CP4,F4,8.862963227341573e-05
beta,1099,21,50,CP4,F2,8.519747151319663e-05
beta,1100,21,51,CP4,Fz,8.201024697991244e-05
beta,1101,21,52,CP4,F1,8.165623364792992e-05
beta,1102,21,53,CP4,F3,7.67365218151396e-05
beta,1103,21,54,CP4,F5,8.083437910041328e-05
beta,1104,21,55,CP4,F7,8.696649500025681e-05
beta,1105,21,56,CP4,AF4,7.809019801918961e-05
beta,1106,21,57,CP4,AF7,7.696847595136109e-05
beta,1107,21,58,CP4,AF3,8.287758285495294e-05
beta,1108,21,59,CP4,Fp2,7.816252769277542e-05
beta,1109,21,60,CP4,Fpz,7.311678020611436e-05
beta,1110,21,61,CP4,Fp1,8.175860741275167e-05
beta,1111,22,23,CP2,CPz,8.317357453874337e-05
beta,1112,22,24,CP2,CP1,9.212892524197482e-05
beta,1113,22,25,CP2,CP3,9.398197517587916e-05
beta,1114,22,26,CP2,CP5,8.81147138312343e-05
beta,1115,22,27,CP2,TP7,6.144618174400905e-05
beta,1116,22,28,CP2,TP9,6.579517314754337e-05
beta,1117,22,29,CP2,T8,7.115444395834725e-05
beta,1118,22,30,CP2,C6,9.143741457978235e-05
beta,1119,22,31,CP2,C4,9.432541311573299e-05
beta,1120,22,32,CP2,C2,9.452947544061335e-05
beta,1121,22,33,CP2,Cz,9.55185166479364e-05
beta,1122,22,34,CP2,C1,7.372922406606663e-05
beta,1123,22,35,CP2,C3,7.575910352761151e-05
beta,1124,22,36,CP2,C5,7.15992178336792e-05
beta,1125,22,37,CP2,T7,6.680415637469426e-05
beta,1126,22,38,CP2,FT8,7.31193977235968e-05
beta,1127,22,39,CP2,FC6,8.52474342220358e-05
beta,1128,22,40,CP2,FC4,8.474246736916087e-05
beta,1129,22,41,CP2,FC2,7.863647497564547e-05
beta,1130,22,42,CP2,AF8,8.417285233302762e-05
beta,1131,22,43,CP2,FC1,8.484527920397753e-05
beta,1132,22,44,CP2,FC3,7.42147988957165e-05
beta,1133,22,45,CP2,FC5,7.591649021194918e-05
beta,1134,22,46,CP2,FT7,8.33364958993835e-05
beta,1135,22,47,CP2,F8,7.557073804076996e-05
beta,1136,22,48,CP2,F6,7.519120029327514e-05
beta,1137,22,49,CP2,F4,6.962022969761096e-05
beta,1138,22,50,CP2,F2,6.671652153572878e-05
beta,1139,22,51,CP2,Fz,7.756300047306584e-05
beta,1140,22,52,CP2,F1,8.026629658269297e-05
beta,1141,22,53,CP2,F3,8.400142718113755e-05
beta,1142,22,54,CP2,F5,7.705264697004315e-05
beta,1143,22,55,CP2,F7,8.682173979511692e-05
beta,1144,22,56,CP2,AF4,7.371915986200717e-05
beta,1145,22,57,CP2,AF7,8.636447238559366e-05
beta,1146,22,58,CP2,AF3,0.00010027227516994387
beta,1147,22,59,CP2,Fp2,8.411679841721181e-05
beta,1148,22,60,CP2,Fpz,9.055324653470217e-05
beta,1149,22,61,CP2,Fp1,8.098197398071981e-05
beta,1150,23,24,CPz,CP1,8.863094617815079e-05
beta,1151,23,25,CPz,CP3,0.00010184442084481716
beta,1152,23,26,CPz,CP5,0.00010873007056568136
beta,1153,23,27,CPz,TP7,8.94333125418146e-05
beta,1154,23,28,CPz,TP9,7.117331136714643e-05
beta,1155,23,29,CPz,T8,7.391899897159543e-05
beta,1156,23,30,CPz,C6,7.258422849942585e-05
beta,1157,23,31,CPz,C4,8.595260311598687e-05
beta,1158,23,32,CPz,C2,8.101607223708288e-05
beta,1159,23,33,CPz,Cz,7.06289998309064e-05
beta,1160,23,34,CPz,C1,7.200890529019898e-05
beta,1161,23,35,CPz,C3,7.368465831804337e-05
beta,1162,23,36,CPz,C5,8.085853190550107e-05
beta,1163,23,37,CPz,T7,7.49678291777614e-05
beta,1164,23,38,CPz,FT8,6.998289963529766e-05
beta,1165,23,39,CPz,FC6,7.759629086789616e-05
beta,1166,23,40,CPz,FC4,7.83101071765268e-05
beta,1167,23,41,CPz,FC2,9.966319636217765e-05
beta,1168,23,42,CPz,AF8,9.329226550497083e-05
beta,1169,23,43,CPz,FC1,8.200989766156344e-05
beta,1170,23,44,CPz,FC3,7.021939047964742e-05
beta,1171,23,45,CPz,FC5,8.40534628601705e-05
beta,1172,23,46,CPz,FT7,9.15178454518576e-05
beta,1173,23,47,CPz,F8,8.510531883410114e-05
beta,1174,23,48,CPz,F6,7.836485121248784e-05
beta,1175,23,49,CPz,F4,7.301485631010254e-05
beta,1176,23,50,CPz,F2,9.063795427440103e-05
beta,1177,23,51,CPz,Fz,9.440469763477165e-05
beta,1178,23,52,CPz,F1,8.587130551880064e-05
beta,1179,23,53,CPz,F3,7.507365912249082e-05
beta,1180,23,54,CPz,F5,7.763395207270361e-05
beta,1181,23,55,CPz,F7,9.18776794118886e-05
beta,1182,23,56,CPz,AF4,7.742658350290223e-05
beta,1183,23,57,CPz,AF7,8.254676363229855e-05
beta,1184,23,58,CPz,AF3,8.406548855849244e-05
beta,1185,23,59,CPz,Fp2,7.41544102956814e-05
beta,1186,23,60,CPz,Fpz,8.501748400009497e-05
beta,1187,23,61,CPz,Fp1,7.540250855505685e-05
beta,1188,24,25,CP1,CP3,8.793567278579422e-05
beta,1189,24,26,CP1,CP5,0.00010936130529756594
beta,1190,24,27,CP1,TP7,9.48562090917604e-05
beta,1191,24,28,CP1,TP9,8.183244281607111e-05
beta,1192,24,29,CP1,T8,7.62719511152676e-05
beta,1193,24,30,CP1,C6,7.09556709063375e-05
beta,1194,24,31,CP1,C4,8.293832084490429e-05
beta,1195,24,32,CP1,C2,8.295749009696691e-05
beta,1196,24,33,CP1,Cz,6.859517469321474e-05
beta,1197,24,34,CP1,C1,8.497360685507403e-05
beta,1198,24,35,CP1,C3,8.416524958409244e-05
beta,1199,24,36,CP1,C5,8.104614272578606e-05
beta,1200,24,37,CP1,T7,8.37551579968421e-05
beta,1201,24,38,CP1,FT8,8.00908831514106e-05
beta,1202,24,39,CP1,FC6,7.780898146751503e-05
beta,1203,24,40,CP1,FC4,7.704114667445817e-05
beta,1204,24,41,CP1,FC2,9.926065556451048e-05
beta,1205,24,42,CP1,AF8,8.562526552632316e-05
beta,1206,24,43,CP1,FC1,9.189998458539887e-05
beta,1207,24,44,CP1,FC3,7.539439971219221e-05
beta,1208,24,45,CP1,FC5,7.925216841882016e-05
beta,1209,24,46,CP1,FT7,8.286627322261469e-05
beta,1210,24,47,CP1,F8,0.00010521331435327519
beta,1211,24,48,CP1,F6,9.058644221366607e-05
beta,1212,24,49,CP1,F4,8.578503948472057e-05
beta,1213,24,50,CP1,F2,9.044906199598659e-05
beta,1214,24,51,CP1,Fz,9.442164457975727e-05
beta,1215,24,52,CP1,F1,8.909893388093087e-05
beta,1216,24,53,CP1,F3,8.649492542726969e-05
beta,1217,24,54,CP1,F5,8.604059152216739e-05
beta,1218,24,55,CP1,F7,9.091531981643093e-05
beta,1219,24,56,CP1,AF4,8.328269420905375e-05
beta,1220,24,57,CP1,AF7,9.77924263305781e-05
beta,1221,24,58,CP1,AF3,9.290623973221915e-05
beta,1222,24,59,CP1,Fp2,7.820337256307888e-05
beta,1223,24,60,CP1,Fpz,9.255628532208856e-05
beta,1224,24,61,CP1,Fp1,9.574050820954614e-05
beta,1225,25,26,CP3,CP5,0.00010998878153873049
beta,1226,25,27,CP3,TP7,8.9950573608722e-05
beta,1227,25,28,CP3,TP9,9.998612849160512e-05
beta,1228,25,29,CP3,T8,7.305661489260169e-05
beta,1229,25,30,CP3,C6,6.714632844930472e-05
beta,1230,25,31,CP3,C4,7.775164319026205e-05
beta,1231,25,32,CP3,C2,9.653731781999247e-05
beta,1232,25,33,CP3,Cz,8.381503547470664e-05
beta,1233,25,34,CP3,C1,9.510890239251393e-05
beta,1234,25,35,CP3,C3,9.497708779894132e-05
beta,1235,25,36,CP3,C5,8.071381499197913e-05
beta,1236,25,37,CP3,T7,8.399374924950983e-05
beta,1237,25,38,CP3,FT8,6.46046741856808e-05
beta,1238,25,39,CP3,FC6,6.719645884526467e-05
beta,1239,25,40,CP3,FC4,6.998847659832302e-05
beta,1240,25,41,CP3,FC2,8.60239261370821e-05
beta,1241,25,42,CP3,AF8,8.74561650596488e-05
beta,1242,25,43,CP3,FC1,9.424888168751232e-05
beta,1243,25,44,CP3,FC3,9.486159931587045e-05
beta,1244,25,45,CP3,FC5,8.754791011535968e-05
beta,1245,25,46,CP3,FT7,8.991478500692916e-05
beta,1246,25,47,CP3,F8,6.75505449973732e-05
beta,1247,25,48,CP3,F6,7.754333993815597e-05
beta,1248,25,49,CP3,F4,7.330792676271615e-05
beta,1249,25,50,CP3,F2,8.305137192353399e-05
beta,1250,25,51,CP3,Fz,8.807867214952075e-05
beta,1251,25,52,CP3,F1,8.454932026875898e-05
beta,1252,25,53,CP3,F3,7.857969749140515e-05
beta,1253,25,54,CP3,F5,8.537169952264645e-05
beta,1254,25,55,CP3,F7,8.921034405472755e-05
beta,1255,25,56,CP3,AF4,7.494755679417132e-05
beta,1256,25,57,CP3,AF7,8.209163941179994e-05
beta,1257,25,58,CP3,AF3,8.225044767343135e-05
beta,1258,25,59,CP3,Fp2,7.445620649755451e-05
beta,1259,25,60,CP3,Fpz,8.338940001256185e-05
beta,1260,25,61,CP3,Fp1,7.743585812508571e-05
beta,1261,26,27,CP5,TP7,7.879059333181499e-05
beta,1262,26,28,CP5,TP9,8.912272233718501e-05
beta,1263,26,29,CP5,T8,7.466665843569459e-05
beta,1264,26,30,CP5,C6,8.330937819986398e-05
beta,1265,26,31,CP5,C4,7.997696722297936e-05
beta,1266,26,32,CP5,C2,8.575187619246849e-05
beta,1267,26,33,CP5,Cz,7.357678457230719e-05
beta,1268,26,34,CP5,C1,8.929673859264919e-05
beta,1269,26,35,CP5,C3,0.00010015332863694891
beta,1270,26,36,CP5,C5,8.040361194961989e-05
beta,1271,26,37,CP5,T7,8.936914206989115e-05
beta,1272,26,38,CP5,FT8,6.65803895109163e-05
beta,1273,26,39,CP5,FC6,7.426188660677788e-05
beta,1274,26,40,CP5,FC4,8.018153556287478e-05
beta,1275,26,41,CP5,FC2,8.104066624269626e-05
beta,1276,26,42,CP5,AF8,8.853940619113333e-05
beta,1277,26,43,CP5,FC1,8.157300738240316e-05
beta,1278,26,44,CP5,FC3,9.540216380874092e-05
beta,1279,26,45,CP5,FC5,8.11705513416488e-05
beta,1280,26,46,CP5,FT7,8.048963689527931e-05
beta,1281,26,47,CP5,F8,6.769573232840783e-05
beta,1282,26,48,CP5,F6,6.26024051717896e-05
beta,1283,26,49,CP5,F4,7.277683126039493e-05
beta,1284,26,50,CP5,F2,8.82857306599025e-05
beta,1285,26,51,CP5,Fz,8.012533690782713e-05
beta,1286,26,52,CP5,F1,8.041243068079284e-05
beta,1287,26,53,CP5,F3,7.064723682361133e-05
beta,1288,26,54,CP5,F5,8.217115148636694e-05
beta,1289,26,55,CP5,F7,7.629818308143869e-05
beta,1290,26,56,CP5,AF4,6.365894578190548e-05
beta,1291,26,57,CP5,AF7,7.64802448909653e-05
beta,1292,26,58,CP5,AF3,7.082014544465052e-05
beta,1293,26,59,CP5,Fp2,5.533383951986281e-05
beta,1294,26,60,CP5,Fpz,6.497772662718382e-05
beta,1295,26,61,CP5,Fp1,7.675206422053174e-05
beta,1296,27,28,TP7,TP9,7.473710525546697e-05
beta,1297,27,29,TP7,T8,5.885193228171824e-05
beta,1298,27,30,TP7,C6,7.00313030928561e-05
beta,1299,27,31,TP7,C4,7.015139784002801e-05
beta,1300,27,32,TP7,C2,8.065386514908425e-05
beta,1301,27,33,TP7,Cz,7.730288902770252e-05
beta,1302,27,34,TP7,C1,9.477218904813628e-05
beta,1303,27,35,TP7,C3,0.00011636832872961641
beta,1304,27,36,TP7,C5,8.483609211631036e-05
beta,1305,27,37,TP7,T7,0.00014870022197503377
beta,1306,27,38,TP7,FT8,7.7431143907186e-05
beta,1307,27,39,TP7,FC6,8.627772322277084e-05
beta,1308,27,40,TP7,FC4,7.42561000267554e-05
beta,1309,27,41,TP7,FC2,7.767478481112503e-05
beta,1310,27,42,TP7,AF8,7.858154415147015e-05
beta,1311,27,43,TP7,FC1,7.317905108025316e-05
beta,1312,27,44,TP7,FC3,8.332794876559975e-05
beta,1313,27,45,TP7,FC5,9.058760360221787e-05
beta,1314,27,46,TP7,FT7,7.785826821807667e-05
beta,1315,27,47,TP7,F8,7.46707484632471e-05
beta,1316,27,48,TP7,F6,7.474578189398523e-05
beta,1317,27,49,TP7,F4,7.098396489269956e-05
beta,1318,27,50,TP7,F2,7.044991132157697e-05
beta,1319,27,51,TP7,Fz,7.076259123857066e-05
beta,1320,27,52,TP7,F1,7.10422476496471e-05
beta,1321,27,53,TP7,F3,7.543511192192812e-05
beta,1322,27,54,TP7,F5,8.54809423985181e-05
beta,1323,27,55,TP7,F7,8.490985382142126e-05
beta,1324,27,56,TP7,AF4,5.5693032981873035e-05
beta,1325,27,57,TP7,AF7,6.665130987060767e-05
beta,1326,27,58,TP7,AF3,6.675922992734109e-05
beta,1327,27,59,TP7,Fp2,6.157653391635094e-05
beta,1328,27,60,TP7,Fpz,6.957111901913152e-05
beta,1329,27,61,TP7,Fp1,6.311924493249999e-05
beta,1330,28,29,TP9,T8,6.005733035395797e-05
beta,1331,28,30,TP9,C6,5.869331364484057e-05
beta,1332,28,31,TP9,C4,6.065258387401933e-05
beta,1333,28,32,TP9,C2,7.76137759210647e-05
beta,1334,28,33,TP9,Cz,7.830538506301231e-05
beta,1335,28,34,TP9,C1,7.101143302398364e-05
beta,1336,28,35,TP9,C3,8.948805855163611e-05
beta,1337,28,36,TP9,C5,7.408030268413041e-05
beta,1338,28,37,TP9,T7,0.0001056683864578365
beta,1339,28,38,TP9,FT8,7.007887107298904e-05
beta,1340,28,39,TP9,FC6,8.051688757052165e-05
beta,1341,28,40,TP9,FC4,7.63250587909651e-05
beta,1342,28,41,TP9,FC2,7.312108540805234e-05
beta,1343,28,42,TP9,AF8,7.764949073997433e-05
beta,1344,28,43,TP9,FC1,6.552785979938455e-05
beta,1345,28,44,TP9,FC3,6.423303040229392e-05
beta,1346,28,45,TP9,FC5,7.577267319367178e-05
beta,1347,28,46,TP9,FT7,6.560484726404755e-05
beta,1348,28,47,TP9,F8,8.017644361781162e-05
beta,1349,28,48,TP9,F6,8.434794947352814e-05
beta,1350,28,49,TP9,F4,8.53149225941473e-05
beta,1351,28,50,TP9,F2,7.391635606373164e-05
beta,1352,28,51,TP9,Fz,7.49788015096502e-05
beta,1353,28,52,TP9,F1,7.55358823423992e-05
beta,1354,28,53,TP9,F3,7.153526869292324e-05
beta,1355,28,54,TP9,F5,7.30586595645797e-05
beta,1356,28,55,TP9,F7,7.176063035112726e-05
beta,1357,28,56,TP9,AF4,6.998047799808453e-05
beta,1358,28,57,TP9,AF7,7.67896728015319e-05
beta,1359,28,58,TP9,AF3,6.821963092334789e-05
beta,1360,28,59,TP9,Fp2,6.873895000237832e-05
beta,1361,28,60,TP9,Fpz,7.569718532945766e-05
beta,1362,28,61,TP9,Fp1,7.223642238157284e-05
beta,1363,29,30,T8,C6,0.00019778078004563778
beta,1364,29,31,T8,C4,0.00011359827800750774
beta,1365,29,32,T8,C2,7.088627194911131e-05
beta,1366,29,33,T8,Cz,6.511775268040426e-05
beta,1367,29,34,T8,C1,6.623426670590796e-05
beta,1368,29,35,T8,C3,8.753705802222811e-05
beta,1369,29,36,T8,C5,6.095062373812851e-05
beta,1370,29,37,T8,T7,6.367379000975789e-05
beta,1371,29,38,T8,FT8,0.000106170271409315
beta,1372,29,39,T8,FC6,0.0001208378147051385
beta,1373,29,40,T8,FC4,9.135437295643083e-05
beta,1374,29,41,T8,FC2,7.196154972237209e-05
beta,1375,29,42,T8,AF8,6.558813220158168e-05
beta,1376,29,43,T8,FC1,7.592531671054217e-05
beta,1377,29,44,T8,FC3,6.486725068640372e-05
beta,1378,29,45,T8,FC5,7.485923399198143e-05
beta,1379,29,46,T8,FT7,5.9214210185038285e-05
beta,1380,29,47,T8,F8,8.189940891593284e-05
beta,1381,29,48,T8,F6,7.377262622546041e-05
beta,1382,29,49,T8,F4,6.686294678895553e-05
beta,1383,29,50,T8,F2,6.174991676318823e-05
beta,1384,29,51,T8,Fz,6.636644539499941e-05
beta,1385,29,52,T8,F1,7.610294756456697e-05
beta,1386,29,53,T8,F3,7.467199254596765e-05
beta,1387,29,54,T8,F5,7.056074549962567e-05
beta,1388,29,55,T8,F7,6.328967394271846e-05
beta,1389,29,56,T8,AF4,7.350231673869178e-05
beta,1390,29,57,T8,AF7,7.56187965261401e-05
beta,1391,29,58,T8,AF3,6.425360245430762e-05
beta,1392,29,59,T8,Fp2,6.023371827612663e-05
beta,1393,29,60,T8,Fpz,6.283417415602619e-05
beta,1394,29,61,T8,Fp1,5.982118423685208e-05
beta,1395,30,31,C6,C4,0.00010435280459804034
beta,1396,30,32,C6,C2,9.76263395766697e-05
beta,1397,30,33,C6,Cz,8.406212298544771e-05
beta,1398,30,34,C6,C1,7.597790575607399e-05
beta,1399,30,35,C6,C3,6.757301744904768e-05
beta,1400,30,36,C6,C5,7.088222446040215e-05
beta,1401,30,37,C6,T7,7.835927887517644e-05
beta,1402,30,38,C6,FT8,7.109414416177283e-05
beta,1403,30,39,C6,FC6,0.00010555693739511505
beta,1404,30,40,C6,FC4,0.00011760043209404002
beta,1405,30,41,C6,FC2,9.494056081975409e-05
beta,1406,30,42,C6,AF8,9.471928979596855e-05
beta,1407,30,43,C6,FC1,8.953576301946615e-05
beta,1408,30,44,C6,FC3,6.12733454303744e-05
beta,1409,30,45,C6,FC5,5.704822415616513e-05
beta,1410,30,46,C6,FT7,7.197997934315568e-05
beta,1411,30,47,C6,F8,7.916757060639671e-05
beta,1412,30,48,C6,F6,9.230939185280829e-05
beta,1413,30,49,C6,F4,0.0001053666471014486
beta,1414,30,50,C6,F2,9.465411493200272e-05
beta,1415,30,51,C6,Fz,9.201096509381398e-05
beta,1416,30,52,C6,F1,8.90453225102323e-05
beta,1417,30,53,C6,F3,7.390836205194327e-05
beta,1418,30,54,C6,F5,6.87172192752421e-05
beta,1419,30,55,C6,F7,6.577035336012029e-05
beta,1420,30,56,C6,AF4,8.749432435992217e-05
beta,1421,30,57,C6,AF7,8.712136034079345e-05
beta,1422,30,58,C6,AF3,7.864851721092079e-05
beta,1423,30,59,C6,Fp2,8.129944717953192e-05
beta,1424,30,60,C6,Fpz,7.319595926633784e-05
beta,1425,30,61,C6,Fp1,7.470951774895163e-05
beta,1426,31,32,C4,C2,9.752633058303413e-05
beta,1427,31,33,C4,Cz,9.055454626263555e-05
beta,1428,31,34,C4,C1,9.492519140770173e-05
beta,1429,31,35,C4,C3,8.507128050449302e-05
beta,1430,31,36,C4,C5,7.001265928146165e-05
beta,1431,31,37,C4,T7,6.828627847456681e-05
beta,1432,31,38,C4,FT8,8.300060206609054e-05
beta,1433,31,39,C4,FC6,7.759547255618265e-05
beta,1434,31,40,C4,FC4,0.00010938443999502431
beta,1435,31,41,C4,FC2,0.00010288403544290051
beta,1436,31,42,C4,AF8,0.00010170294154225514
beta,1437,31,43,C4,FC1,9.632196914044643e-05
beta,1438,31,44,C4,FC3,8.874781346820178e-05
beta,1439,31,45,C4,FC5,6.401101339523395e-05
beta,1440,31,46,C4,FT7,7.052994481408152e-05
beta,1441,31,47,C4,F8,8.226078433750425e-05
beta,1442,31,48,C4,F6,8.882130127067099e-05
beta,1443,31,49,C4,F4,0.00010223549213758424
beta,1444,31,50,C4,F2,0.00010441720243503324
beta,1445,31,51,C4,Fz,0.00010729731974391671
beta,1446,31,52,C4,F1,9.496404029633808e-05
beta,1447,31,53,C4,F3,9.40254166794634e-05
beta,1448,31,54,C4,F5,7.577348268268108e-05
beta,1449,31,55,C4,F7,6.741143084674424e-05
beta,1450,31,56,C4,AF4,9.04250496725256e-05
beta,1451,31,57,C4,AF7,0.00010040167090512153
beta,1452,31,58,C4,AF3,9.147233517284355e-05
beta,1453,31,59,C4,Fp2,8.33817456776847e-05
beta,1454,31,60,C4,Fpz,8.559094130856587e-05
beta,1455,31,61,C4,Fp1,8.549755955102399e-05
beta,1456,32,33,C2,Cz,8.359607519036651e-05
beta,1457,32,34,C2,C1,8.516056070984846e-05
beta,1458,32,35,C2,C3,8.411415920794102e-05
beta,1459,32,36,C2,C5,8.340933654977706e-05
beta,1460,32,37,C2,T7,7.283086241049754e-05
beta,1461,32,38,C2,FT8,7.235912027568053e-05
beta,1462,32,39,C2,FC6,7.332172884155126e-05
beta,1463,32,40,C2,FC4,8.62117536341791e-05
beta,1464,32,41,C2,FC2,0.00010001616165450905
beta,1465,32,42,C2,AF8,8.927009324737392e-05
beta,1466,32,43,C2,FC1,7.9334602916011e-05
beta,1467,32,44,C2,FC3,7.136626624587785e-05
beta,1468,32,45,C2,FC5,7.427176165775337e-05
beta,1469,32,46,C2,FT7,8.727966787758352e-05
beta,1470,32,47,C2,F8,7.524886757455498e-05
beta,1471,32,48,C2,F6,7.753450412214985e-05
beta,1472,32,49,C2,F4,7.618142962214272e-05
beta,1473,32,50,C2,F2,8.741261886112484e-05
beta,1474,32,51,C2,Fz,8.725272763316951e-05
beta,1475,32,52,C2,F1,8.47966615813897e-05
beta,1476,32,53,C2,F3,8.006370600459429e-05
beta,1477,32,54,C2,F5,7.175637006381551e-05
beta,1478,32,55,C2,F7,7.295133671332758e-05
beta,1479,32,56,C2,AF4,8.488347174683079e-05
beta,1480,32,57,C2,AF7,9.064365270007912e-05
beta,1481,32,58,C2,AF3,9.111339111977115e-05
beta,1482,32,59,C2,Fp2,8.263448573073547e-05
beta,1483,32,60,C2,Fpz,8.209129012611067e-05
beta,1484,32,61,C2,Fp1,7.426548817153886e-05
beta,1485,33,34,Cz,C1,7.070771763430285e-05
beta,1486,33,35,Cz,C3,8.545805296098757e-05
beta,1487,33,36,Cz,C5,9.200717301369471e-05
beta,1488,33,37,Cz,T7,8.014153198977315e-05
beta,1489,33,38,Cz,FT8,6.952692674829297e-05
beta,1490,33,39,Cz,FC6,7.250220678375432e-05
beta,1491,33,40,Cz,FC4,7.966295049086796e-05
beta,1492,33,41,Cz,FC2,8.117474134402156e-05
beta,1493,33,42,Cz,AF8,9.522875278713505e-05
beta,1494,33,43,Cz,FC1,8.129114932057722e-05
beta,1495,33,44,Cz,FC3,7.362907307819682e-05
beta,1496,33,45,Cz,FC5,9.213674621466744e-05
beta,1497,33,46,Cz,FT7,0.00010334230972458862
beta,1498,33,47,Cz,F8,7.967506116057628e-05
beta,1499,33,48,Cz,F6,7.920235969536672e-05
beta,1500,33,49,Cz,F4,7.889365212585262e-05
beta,1501,33,50,Cz,F2,8.328691362393031e-05
beta,1502,33,51,Cz,Fz,8.984234920548926e-05
beta,1503,33,52,Cz,F1,8.701695933919678e-05
beta,1504,33,53,Cz,F3,8.671615645988991e-05
beta,1505,33,54,Cz,F5,6.504013952012996e-05
beta,1506,33,55,Cz,F7,8.374500445482936e-05
beta,1507,33,56,Cz,AF4,8.537873996859518e-05
beta,1508,33,57,Cz,AF7,8.683480008152907e-05
beta,1509,33,58,Cz,AF3,8.050554698978192e-05
beta,1510,33,59,Cz,Fp2,8.004450230598475e-05
beta,1511,33,60,Cz,Fpz,7.888256128930802e-05
beta,1512,33,61,Cz,Fp1,7.310161338856343e-05
beta,1513,34,35,C1,C3,8.036633815020984e-05
beta,1514,34,36,C1,C5,9.464874692777643e-05
beta,1515,34,37,C1,T7,8.59396314890897e-05
beta,1516,34,38,C1,FT8,8.280661924302932e-05
beta,1517,34,39,C1,FC6,9.858927022763054e-05
beta,1518,34,40,C1,FC4,9.020791384593997e-05
beta,1519,34,41,C1,FC2,8.924902061172837e-05
beta,1520,34,42,C1,AF8,7.996168404779373e-05
beta,1521,34,43,C1,FC1,9.253163227395784e-05
beta,1522,34,44,C1,FC3,8.007772732381284e-05
beta,1523,34,45,C1,FC5,8.66037803723934e-05
beta,1524,34,46,C1,FT7,9.019316328313359e-05
beta,1525,34,47,C1,F8,9.865344131376867e-05
beta,1526,34,48,C1,F6,9.287068026858622e-05
beta,1527,34,49,C1,F4,9.282303069344056e-05
beta,1528,34,50,C1,F2,8.227801754459769e-05
beta,1529,34,51,C1,Fz,8.145778293033119e-05
beta,1530,34,52,C1,F1,8.525473082623874e-05
beta,1531,34,53,C1,F3,8.734231896265646e-05
beta,1532,34,54,C1,F5,7.644034968681792e-05
beta,1533,34,55,C1,F7,9.055492338550707e-05
beta,1534,34,56,C1,AF4,8.582937839109219e-05
beta,1535,34,57,C1,AF7,8.032799182692793e-05
beta,1536,34,58,C1,AF3,7.783948786536671e-05
beta,1537,34,59,C1,Fp2,8.374651509715095e-05
beta,1538,34,60,C1,Fpz,8.791081192604466e-05
beta,1539,34,61,C1,Fp1,7.846160561198342e-05
beta,1540,35,36,C3,C5,8.335711660590825e-05
beta,1541,35,37,C3,T7,0.00010518608186569606
beta,1542,35,38,C3,FT8,7.391058225376967e-05
beta,1543,35,39,C3,FC6,8.279319297546565e-05
beta,1544,35,40,C3,FC4,6.777800088835681e-05
beta,1545,35,41,C3,FC2,7.468739343073939e-05
beta,1546,35,42,C3,AF8,8.762437386097339e-05
beta,1547,35,43,C3,FC1,9.666966720800608e-05
beta,1548,35,44,C3,FC3,8.974444206113456e-05
beta,1549,35,45,C3,FC5,9.1605818140169e-05
beta,1550,35,46,C3,FT7,8.12303337483209e-05
beta,1551,35,47,C3,F8,7.45754011543389e-05
beta,1552,35,48,C3,F6,8.703144856913176e-05
beta,1553,35,49,C3,F4,6.884042443410835e-05
beta,1554,35,50,C3,F2,7.098521667799717e-05
beta,1555,35,51,C3,Fz,7.565876891673652e-05
beta,1556,35,52,C3,F1,7.958605893359698e-05
beta,1557,35,53,C3,F3,8.728840582014354e-05
beta,1558,35,54,C3,F5,8.070437918489098e-05
beta,1559,35,55,C3,F7,9.886631885297351e-05
beta,1560,35,56,C3,AF4,6.840669268936818e-05
beta,1561,35,57,C3,AF7,6.609366546148373e-05
beta,1562,35,58,C3,AF3,7.695474408648758e-05
beta,1563,35,59,C3,Fp2,8.204572298016806e-05
beta,1564,35,60,C3,Fpz,7.424400194416612e-05
beta,1565,35,61,C3,Fp1,6.827084101540003e-05
beta,1566,36,37,C5,T7,0.00017793910450914868
beta,1567,36,38,C5,FT8,7.743760118838645e-05
beta,1568,36,39,C5,FC6,5.626694725646397e-05
beta,1569,36,40,C5,FC4,6.425932212740122e-05
beta,1570,36,41,C5,FC2,8.356449844220507e-05
beta,1571,36,42,C5,AF8,9.776190024042813e-05
beta,1572,36,43,C5,FC1,9.238251198358378e-05
beta,1573,36,44,C5,FC3,0.00010172012484004078
beta,1574,36,45,C5,FC5,9.31779900875034e-05
beta,1575,36,46,C5,FT7,8.05426759402899e-05
beta,1576,36,47,C5,F8,6.763440810315566e-05
beta,1577,36,48,C5,F6,5.612141838158602e-05
beta,1578,36,49,C5,F4,6.532395223814729e-05
beta,1579,36,50,C5,F2,8.059621321622794e-05
beta,1580,36,51,C5,Fz,8.515727211610971e-05
beta,1581,36,52,C5,F1,8.705462874400964e-05
beta,1582,36,53,C5,F3,8.96961820221957e-05
beta,1583,36,54,C5,F5,9.41296184969632e-05
beta,1584,36,55,C5,F7,9.327193954272473e-05
beta,1585,36,56,C5,AF4,6.935320170729691e-05
beta,1586,36,57,C5,AF7,8.194460105383271e-05
beta,1587,36,58,C5,AF3,8.887922616248238e-05
beta,1588,36,59,C5,Fp2,7.188780723291271e-05
beta,1589,36,60,C5,Fpz,7.393782852851086e-05
beta,1590,36,61,C5,Fp1,7.539084932382268e-05
beta,1591,37,38,T7,FT8,8.949044498549723e-05
beta,1592,37,39,T7,FC6,7.465816979147982e-05
beta,1593,37,40,T7,FC4,6.822754300121158e-05
beta,1594,37,41,T7,FC2,7.72914459091902e-05
beta,1595,37,42,T7,AF8,8.781991484133807e-05
beta,1596,37,43,T7,FC1,8.602329864216114e-05
beta,1597,37,44,T7,FC3,8.765214879352185e-05
beta,1598,37,45,T7,FC5,9.90091835042106e-05
beta,1599,37,46,T7,FT7,0.00011185414303848389
beta,1600,37,47,T7,F8,7.686587015693214e-05
beta,1601,37,48,T7,F6,7.550157927174211e-05
beta,1602,37,49,T7,F4,7.759336069280084e-05
beta,1603,37,50,T7,F2,7.570136151733069e-05
beta,1604,37,51,T7,Fz,7.577888482124518e-05
beta,1605,37,52,T7,F1,8.082012223334504e-05
beta,1606,37,53,T7,F3,8.353795182889547e-05
beta,1607,37,54,T7,F5,7.825638393853144e-05
beta,1608,37,55,T7,F7,7.900812499680204e-05
beta,1609,37,56,T7,AF4,7.872535393761511e-05
beta,1610,37,57,T7,AF7,8.14649949224103e-05
beta,1611,37,58,T7,AF3,7.346099849748006e-05
beta,1612,37,59,T7,Fp2,7.413724947022028e-05
beta,1613,37,60,T7,Fpz,8.408263826250062e-05
beta,1614,37,61,T7,Fp1,8.271432178607392e-05
beta,1615,38,39,FT8,FC6,7.055600719332946e-05
beta,1616,38,40,FT8,FC4,7.349779215088236e-05
beta,1617,38,41,FT8,FC2,7.625531247563523e-05
beta,1618,38,42,FT8,AF8,8.243597581020149e-05
beta,1619,38,43,FT8,FC1,9.153497686754251e-05
beta,1620,38,44,FT8,FC3,8.19441609176104e-05
beta,1621,38,45,FT8,FC5,6.994686885068352e-05
beta,1622,38,46,FT8,FT7,7.332241138278442e-05
beta,1623,38,47,FT8,F8,7.049902276175829e-05
beta,1624,38,48,FT8,F6,7.027131271267871e-05
beta,1625,38,49,FT8,F4,7.327639371989849e-05
beta,1626,38,50,FT8,F2,8.002964523594084e-05
beta,1627,38,51,FT8,Fz,8.72971077091826e-05
beta,1628,38,52,FT8,F1,8.746809111528463e-05
beta,1629,38,53,FT8,F3,7.597520006696961e-05
beta,1630,38,54,FT8,F5,7.057375831284437e-05
beta,1631,38,55,FT8,F7,5.995125737759899e-05
beta,1632,38,56,FT8,AF4,7.658481504168015e-05
beta,1633,38,57,FT8,AF7,8.252042788238003e-05
beta,1634,38,58,FT8,AF3,7.707518586165109e-05
beta,1635,38,59,FT8,Fp2,6.958659026415371e-05
beta,1636,38,60,FT8,Fpz,7.218545244302612e-05
beta,1637,38,61,FT8,Fp1,7.534786878973524e-05
beta,1638,39,40,FC6,FC4,8.152365867075483e-05
beta,1639,39,41,FC6,FC2,8.625484568926236e-05
beta,1640,39,42,FC6,AF8,8.845169554944715e-05
beta,1641,39,43,FC6,FC1,9.272614902508721e-05
beta,1642,39,44,FC6,FC3,7.55985709989463e-05
beta,1643,39,45,FC6,FC5,6.809673883509194e-05
beta,1644,39,46,FC6,FT7,7.511800793258088e-05
beta,1645,39,47,FC6,F8,7.768572494709861e-05
beta,1646,39,48,FC6,F6,7.885339132940388e-05
beta,1647,39,49,FC6,F4,9.309342246490339e-05
beta,1648,39,50,FC6,F2,8.828025256661682e-05
beta,1649,39,51,FC6,Fz,8.018234080573463e-05
beta,1650,39,52,FC6,F1,7.59787486478551e-05
beta,1651,39,53,FC6,F3,7.410168980954896e-05
beta,1652,39,54,FC6,F5,6.317405066321246e-05
beta,1653,39,55,FC6,F7,6.826110095170384e-05
beta,1654,39,56,FC6,AF4,9.136279546249269e-05
beta,1655,39,57,FC6,AF7,8.564563587730773e-05
beta,1656,39,58,FC6,AF3,7.832202066105861e-05
beta,1657,39,59,FC6,Fp2,8.162859319317818e-05
beta,1658,39,60,FC6,Fpz,8.076378896974685e-05
beta,1659,39,61,FC6,Fp1,7.517518772593844e-05
beta,1660,40,41,FC4,FC2,9.93375919611066e-05
beta,1661,40,42,FC4,AF8,9.272204013163284e-05
beta,1662,40,43,FC4,FC1,8.61825952636764e-05
beta,1663,40,44,FC4,FC3,8.268165458108219e-05
beta,1664,40,45,FC4,FC5,6.297621276001775e-05
beta,1665,40,46,FC4,FT7,8.203355558183666e-05
beta,1666,40,47,FC4,F8,7.503575821465195e-05
beta,1667,40,48,FC4,F6,7.574831351726829e-05
beta,1668,40,49,FC4,F4,9.679128712335997e-05
beta,1669,40,50,FC4,F2,0.00011425232028432043
beta,1670,40,51,FC4,Fz,0.00010347152294610165
beta,1671,40,52,FC4,F1,0.00010145008947278034
beta,1672,40,53,FC4,F3,8.5970561909134e-05
beta,1673,40,54,FC4,F5,6.087666720209824e-05
beta,1674,40,55,FC4,F7,7.763456372250262e-05
beta,1675,40,56,FC4,AF4,9.75929639115628e-05
beta,1676,40,57,FC4,AF7,9.353412471632371e-05
beta,1677,40,58,FC4,AF3,8.35689916504566e-05
beta,1678,40,59,FC4,Fp2,7.733884800397825e-05
beta,1679,40,60,FC4,Fpz,8.06050389732282e-05
beta,1680,40,61,FC4,Fp1,7.399377353333569e-05
beta,1681,41,42,FC2,AF8,8.951781494418802e-05
beta,1682,41,43,FC2,FC1,8.972895793819046e-05
beta,1683,41,44,FC2,FC3,7.950318253879048e-05
beta,1684,41,45,FC2,FC5,7.325305062819089e-05
beta,1685,41,46,FC2,FT7,7.897397877521481e-05
beta,1686,41,47,FC2,F8,8.041139768003825e-05
beta,1687,41,48,FC2,F6,8.58606747287541e-05
beta,1688,41,49,FC2,F4,8.32659346704639e-05
beta,1689,41,50,FC2,F2,8.702199919020245e-05
beta,1690,41,51,FC2,Fz,9.093548485253454e-05
beta,1691,41,52,FC2,F1,9.481759697368309e-05
beta,1692,41,53,FC2,F3,8.603388033962789e-05
beta,1693,41,54,FC2,F5,7.166430897690466e-05
beta,1694,41,55,FC2,F7,7.356233113158106e-05
beta,1695,41,56,FC2,AF4,7.953607878297814e-05
beta,1696,41,57,FC2,AF7,7.518495822431447e-05
beta,1697,41,58,FC2,AF3,7.812782246227214e-05
beta,1698,41,59,FC2,Fp2,8.34878584342489e-05
beta,1699,41,60,FC2,Fpz,7.813131516307802e-05
beta,1700,41,61,FC2,Fp1,6.989233033199817e-05
beta,1701,42,43,AF8,FC1,6.381001871039082e-05
beta,1702,42,44,AF8,FC3,6.598863074607988e-05
beta,1703,42,45,AF8,FC5,7.980858324716962e-05
beta,1704,42,46,AF8,FT7,8.979931061436672e-05
beta,1705,42,47,AF8,F8,8.624390332463404e-05
beta,1706,42,48,AF8,F6,8.790218010933161e-05
beta,1707,42,49,AF8,F4,8.765821299127575e-05
beta,1708,42,50,AF8,F2,7.938959209536573e-05
beta,1709,42,51,AF8,Fz,8.559047431764251e-05
beta,1710,42,52,AF8,F1,8.275571946016514e-05
beta,1711,42,53,AF8,F3,7.423758725920069e-05
beta,1712,42,54,AF8,F5,8.04214493926526e-05
beta,1713,42,55,AF8,F7,8.355018285639176e-05
beta,1714,42,56,AF8,AF4,8.342040161482566e-05
beta,1715,42,57,AF8,AF7,8.238810340973515e-05
beta,1716,42,58,AF8,AF3,7.356956310938705e-05
beta,1717,42,59,AF8,Fp2,8.264227900478843e-05
beta,1718,42,60,AF8,Fpz,7.608868572437752e-05
beta,1719,42,61,AF8,Fp1,8.541264024446293e-05
beta,1720,43,44,FC1,FC3,8.946231270264803e-05
beta,1721,43,45,FC1,FC5,8.173610889315387e-05
beta,1722,43,46,FC1,FT7,8.690353918483382e-05
beta,1723,43,47,FC1,F8,9.082756902189279e-05
beta,1724,43,48,FC1,F6,8.384938402051621e-05
beta,1725,43,49,FC1,F4,7.443765245212715e-05
beta,1726,43,50,FC1,F2,7.236055767143741e-05
beta,1727,43,51,FC1,Fz,7.236687774225535e-05
beta,1728,43,52,FC1,F1,7.26732651505858e-05
beta,1729,43,53,FC1,F3,8.690557883874421e-05
beta,1730,43,54,FC1,F5,8.315434609515947e-05
beta,1731,43,55,FC1,F7,8.360477355556636e-05
beta,1732,43,56,FC1,AF4,7.798185830987556e-05
beta,1733,43,57,FC1,AF7,7.875653815369916e-05
beta,1734,43,58,FC1,AF3,7.575244647743937e-05
beta,1735,43,59,FC1,Fp2,7.583391998144574e-05
beta,1736,43,60,FC1,Fpz,7.117539093605631e-05
beta,1737,43,61,FC1,Fp1,7.854747007092112e-05
beta,1738,44,45,FC3,FC5,7.596303677101456e-05
beta,1739,44,46,FC3,FT7,6.960286944553213e-05
beta,1740,44,47,FC3,F8,6.928859386171125e-05
beta,1741,44,48,FC3,F6,6.766056123726848e-05
beta,1742,44,49,FC3,F4,7.710101497301117e-05
beta,1743,44,50,FC3,F2,7.502593550471424e-05
beta,1744,44,51,FC3,Fz,7.446361240848976e-05
beta,1745,44,52,FC3,F1,8.458309336775037e-05
beta,1746,44,53,FC3,F3,8.05805585764394e-05
beta,1747,44,54,FC3,F5,7.78447931348955e-05
beta,1748,44,55,FC3,F7,6.416080375593862e-05
beta,1749,44,56,FC3,AF4,7.596216322867588e-05
beta,1750,44,57,FC3,AF7,7.118959126188968e-05
beta,1751,44,58,FC3,AF3,7.284116603015282e-05
beta,1752,44,59,FC3,Fp2,8.007830425405842e-05
beta,1753,44,60,FC3,Fpz,7.142121428775123e-05
beta,1754,44,61,FC3,Fp1,6.095543883110009e-05
beta,1755,45,46,FC5,FT7,6.217127547148324e-05
beta,1756,45,47,FC5,F8,6.291366097918947e-05
beta,1757,45,48,FC5,F6,6.142013894961926e-05
beta,1758,45,49,FC5,F4,7.1711124503189e-05
beta,1759,45,50,FC5,F2,8.206438644435128e-05
beta,1760,45,51,FC5,Fz,8.465476574546867e-05
beta,1761,45,52,FC5,F1,8.807903158133597e-05
beta,1762,45,53,FC5,F3,8.910174268900387e-05
beta,1763,45,54,FC5,F5,8.899785218801437e-05
beta,1764,45,55,FC5,F7,6.87293255756535e-05
beta,1765,45,56,FC5,AF4,7.352349432837728e-05
beta,1766,45,57,FC5,AF7,7.798955002171509e-05
beta,1767,45,58,FC5,AF3,8.018022490419349e-05
beta,1768,45,59,FC5,Fp2,8.089202037776203e-05
beta,1769,45,60,FC5,Fpz,7.320434992684732e-05
beta,1770,45,61,FC5,Fp1,7.409768307739051e-05
beta,1771,46,47,FT7,F8,7.985320970115374e-05
beta,1772,46,48,FT7,F6,6.907900512542091e-05
beta,1773,46,49,FT7,F4,7.633676595996914e-05
beta,1774,46,50,FT7,F2,7.391445940900193e-05
beta,1775,46,51,FT7,Fz,8.175105528948981e-05
beta,1776,46,52,FT7,F1,8.57523527136409e-05
beta,1777,46,53,FT7,F3,8.462413191292409e-05
beta,1778,46,54,FT7,F5,7.062499552366747e-05
beta,1779,46,55,FT7,F7,7.225878039058878e-05
beta,1780,46,56,FT7,AF4,7.735213909818524e-05
beta,1781,46,57,FT7,AF7,7.072332614646982e-05
beta,1782,46,58,FT7,AF3,8.147788292151236e-05
beta,1783,46,59,FT7,Fp2,7.695424195269869e-05
beta,1784,46,60,FT7,Fpz,8.189985357562367e-05
beta,1785,46,61,FT7,Fp1,7.962305536085832e-05
beta,1786,47,48,F8,F6,7.377870093365663e-05
beta,1787,47,49,F8,F4,7.087242995046208e-05
beta,1788,47,50,F8,F2,8.448263783837569e-05
beta,1789,47,51,F8,Fz,9.232166186179623e-05
beta,1790,47,52,F8,F1,9.272722401324064e-05
beta,1791,47,53,F8,F3,6.853160720119049e-05
beta,1792,47,54,F8,F5,7.18097352012132e-05
beta,1793,47,55,F8,F7,7.415707938025862e-05
beta,1794,47,56,F8,AF4,6.345289767155843e-05
beta,1795,47,57,F8,AF7,8.130523945121192e-05
beta,1796,47,58,F8,AF3,7.639437842728885e-05
beta,1797,47,59,F8,Fp2,8.082170864856381e-05
beta,1798,47,60,F8,Fpz,7.59872321048435e-05
beta,1799,47,61,F8,Fp1,7.334075915501294e-05
beta,1800,48,49,F6,F4,6.698555474026885e-05
beta,1801,48,50,F6,F2,8.077798957443027e-05
beta,1802,48,51,F6,Fz,7.675431986879316e-05
beta,1803,48,52,F6,F1,7.493851445444879e-05
beta,1804,48,53,F6,F3,6.424718623346372e-05
beta,1805,48,54,F6,F5,6.813904855305661e-05
beta,1806,48,55,F6,F7,7.036524522810142e-05
beta,1807,48,56,F6,AF4,8.439130636243425e-05
beta,1808,48,57,F6,AF7,7.431649980026533e-05
beta,1809,48,58,F6,AF3,6.31126350052584e-05
beta,1810,48,59,F6,Fp2,7.484744814488479e-05
beta,1811,48,60,F6,Fpz,7.600145413158162e-05
beta,1812,48,61,F6,Fp1,6.25388632061258e-05
beta,1813,49,50,F4,F2,8.812265818320506e-05
beta,1814,49,51,F4,Fz,8.203183989585962e-05
beta,1815,49,52,F4,F1,6.902973977985506e-05
beta,1816,49,53,F4,F3,6.733434729565018e-05
beta,1817,49,54,F4,F5,7.755921318772344e-05
beta,1818,49,55,F4,F7,7.241710034037161e-05
beta,1819,49,56,F4,AF4,7.870949916878211e-05
beta,1820,49,57,F4,AF7,8.301682918594773e-05
beta,1821,49,58,F4,AF3,7.34559579557997e-05
beta,1822,49,59,F4,Fp2,7.224622228266275e-05
beta,1823,49,60,F4,Fpz,7.097590698415396e-05
beta,1824,49,61,F4,Fp1,7.425942032468998e-05
beta,1825,50,51,F2,Fz,7.035612064396602e-05
beta,1826,50,52,F2,F1,8.697812519751953e-05
beta,1827,50,53,F2,F3,8.638093580903036e-05
beta,1828,50,54,F2,F5,8.295324416815805e-05
beta,1829,50,55,F2,F7,7.349117597898071e-05
beta,1830,50,56,F2,AF4,7.514246579744111e-05
beta,1831,50,57,F2,AF7,7.442080401250449e-05
beta,1832,50,58,F2,AF3,7.844976519741343e-05
beta,1833,50,59,F2,Fp2,7.449142382719436e-05
beta,1834,50,60,F2,Fpz,7.990463545253862e-05
beta,1835,50,61,F2,Fp1,7.9723366563058e-05
beta,1836,51,52,Fz,F1,6.491503967344771e-05
beta,1837,51,53,Fz,F3,8.583832954338196e-05
beta,1838,51,54,Fz,F5,8.744459681272199e-05
beta,1839,51,55,Fz,F7,8.525914243197431e-05
beta,1840,51,56,Fz,AF4,7.373497248034539e-05
beta,1841,51,57,Fz,AF7,6.941983886419724e-05
beta,1842,51,58,Fz,AF3,6.978441346474201e-05
beta,1843,51,59,Fz,Fp2,6.958116397718416e-05
beta,1844,51,60,Fz,Fpz,7.863312076976934e-05
beta,1845,51,61,Fz,Fp1,8.545207171165838e-05
beta,1846,52,53,F1,F3,8.171810191669352e-05
beta,1847,52,54,F1,F5,8.421219791145913e-05
beta,1848,52,55,F1,F7,8.444348568095873e-05
beta,1849,52,56,F1,AF4,7.608661344298391e-05
beta,1850,52,57,F1,AF7,7.311776029411831e-05
beta,1851,52,58,F1,AF3,7.862619671895669e-05
beta,1852,52,59,F1,Fp2,7.65033393451991e-05
beta,1853,52,60,F1,Fpz,7.978555305901756e-05
beta,1854,52,61,F1,Fp1,8.361855947173229e-05
beta,1855,53,54,F3,F5,8.418931487844667e-05
beta,1856,53,55,F3,F7,7.915005297045114e-05
beta,1857,53,56,F3,AF4,6.767881266820332e-05
beta,1858,53,57,F3,AF7,6.850780564981722e-05
beta,1859,53,58,F3,AF3,7.248840361995997e-05
beta,1860,53,59,F3,Fp2,7.532190843676112e-05
beta,1861,53,60,F3,Fpz,7.554601972353255e-05
beta,1862,53,61,F3,Fp1,7.262967330406522e-05
beta,1863,54,55,F5,F7,6.373298590953123e-05
beta,1864,54,56,F5,AF4,7.84303056457733e-05
beta,1865,54,57,F5,AF7,8.105117777514428e-05
beta,1866,54,58,F5,AF3,0.00012837119008254975
beta,1867,54,59,F5,Fp2,7.9761968887452e-05
beta,1868,54,60,F5,Fpz,7.297907313614314e-05
beta,1869,54,61,F5,Fp1,8.465116510214112e-05
beta,1870,55,56,F7,AF4,6.854921868813323e-05
beta,1871,55,57,F7,AF7,6.260861372342472e-05
beta,1872,55,58,F7,AF3,8.884648765385677e-05
beta,1873,55,59,F7,Fp2,6.843207136256481e-05
beta,1874,55,60,F7,Fpz,7.127135121314163e-05
beta,1875,55,61,F7,Fp1,6.628688103457183e-05
beta,1876,56,57,AF4,AF7,6.031241815258546e-05
beta,1877,56,58,AF4,AF3,6.866658827213115e-05
beta,1878,56,59,AF4,Fp2,7.625157479884601e-05
beta,1879,56,60,AF4,Fpz,7.28581145246788e-05
beta,1880,56,61,AF4,Fp1,6.340359505774646e-05
beta,1881,57,58,AF7,AF3,7.257539291688933e-05
beta,1882,57,59,AF7,Fp2,6.810544913042309e-05
beta,1883,57,60,AF7,Fpz,8.137173603119898e-05
beta,1884,57,61,AF7,Fp1,7.648900918019319e-05
beta,1885,58,59,AF3,Fp2,7.893290890418146e-05
beta,1886,58,60,AF3,Fpz,8.544860444740444e-05
beta,1887,58,61,AF3,Fp1,7.932294162810613e-05
beta,1888,59,60,Fp2,Fpz,6.307240634345984e-05
beta,1889,59,61,Fp2,Fp1,6.855763708834494e-05
beta,1890,60,61,Fpz,Fp1,6.168180483983125e-05
